priority,plan_id,facility_id,region,prefecture,facility,facility_source,facility_normalized,category,treatment,treatment_class,status,match_score,document_url,amount,tax,unit,products,makers,score,page,excerpt,qc_reason,error
A,P00637,F0451,中部,新潟県,医療法人社団ibis こばり坂クリニック,医療法人社団ibis こばり坂クリニック,医療法人社団ibis こばり坂クリニック,第二種,変形性関節症に対する多血小板血漿（PRP）関節内投与療法,PRP,QC,1.0,https://saiseiiryo.mhlw.go.jp/published_plan/download/01C2411010/5/0,270000,税込,,,,5,4,"細胞の提供に際して費用は発生しません。 治療の提供に際しては、本治療は公的保険の対象ではありませんので、当院所定の施術料とし て270,000円(税込)をお支払いいただきます。 ※患者様の症状、その他の事情等により治療費が変動する場合があります。 なお、細胞の採取後や加工後に同意を撤回された場合など、同意を撤回される時点までに費用",price candidates remain ambiguous,
A,P00639,F0453,中部,新潟県,医療法人社団おおたに整形外科クリニック,医療法人社団おおたに整形外科クリニック,医療法人社団おおたに整形外科クリニック,第二種,自家多血小板血漿（PRP）を用いた変形性関節症および関節腔内の治療,PRP,QC,1.0,https://saiseiiryo.mhlw.go.jp/published_plan/download/01C2605002/5/0,,,,,,,,,no price found after rescue text/OCR pass,Rescue completed; OCR page timeouts=0
A,P00640,F0205,中部,新潟県,医療法人社団間庭整形外科医院,医療法人社団間庭整形外科医院,医療法人社団間庭整形外科医院,第二種,自家多血小板血漿（PRP）を用いた慢性関節炎の治療（関節内組織）,PRP,AUTO,0.9838,https://saiseiiryo.mhlw.go.jp/published_plan/download/01C2511050/5/0,45000,税別,,ACP MAX|ACP,Arthrex,8,,"用は、以下のとおりです。なお、費用に含まれるのは、治療に伴う 診査、自家PRP 調製のための採血にかかる費用、自家PRP 調製費用、注入にかかる 費用であり、以下が費用の総額となります。 治療の種類 平均的な血小板注入量 費用(税抜) ACP-PRP 20 億個 45,000 円 HD-PRP(ACP MAX の場合) 90 億個 150,000 円 また、ACP-PRP は効果を高めるため、2 倍量1 度に投与することが可能です。 その場合の費用は以下の通りです。 治療の種類 平均的な血小板注入量 費用(税抜) ACP-PRP ダブルショット 40 億個 80",,
A,P00640,F0205,中部,新潟県,医療法人社団間庭整形外科医院,医療法人社団間庭整形外科医院,医療法人社団間庭整形外科医院,第二種,自家多血小板血漿（PRP）を用いた慢性関節炎の治療（関節内組織）,PRP,AUTO,0.9838,https://saiseiiryo.mhlw.go.jp/published_plan/download/01C2511050/5/0,80000,税別,,ACP,Arthrex,8,,"の場合) 90 億個 150,000 円 また、ACP-PRP は効果を高めるため、2 倍量1 度に投与することが可能です。 その場合の費用は以下の通りです。 治療の種類 平均的な血小板注入量 費用(税抜) ACP-PRP ダブルショット 40 億個 80,000 円 • 治療終了後も定期的な受診が必要です。 9 11.試料等の保存及び廃棄の方法 患者様から採取した血液と作製したPRP は、患者様ご自身の治療のみに使用しま す。ただし、症例検討や学会発表を目的として、血液やPRP の測定を行い、データ を取得することがあります。 血液およびP",,
A,P00640,F0205,中部,新潟県,医療法人社団間庭整形外科医院,医療法人社団間庭整形外科医院,医療法人社団間庭整形外科医院,第二種,自家多血小板血漿（PRP）を用いた慢性関節炎の治療（関節内組織）,PRP,AUTO,0.9838,https://saiseiiryo.mhlw.go.jp/published_plan/download/01C2511050/5/0,150000,税別,,ACP MAX|ACP,Arthrex,8,,"調製のための採血にかかる費用、自家PRP 調製費用、注入にかかる 費用であり、以下が費用の総額となります。 治療の種類 平均的な血小板注入量 費用(税抜) ACP-PRP 20 億個 45,000 円 HD-PRP(ACP MAX の場合) 90 億個 150,000 円 また、ACP-PRP は効果を高めるため、2 倍量1 度に投与することが可能です。 その場合の費用は以下の通りです。 治療の種類 平均的な血小板注入量 費用(税抜) ACP-PRP ダブルショット 40 億個 80,000 円 • 治療終了後も定期的な受診が必要です。",,
A,P00641,F0454,中部,新潟県,新潟大学医歯学総合病院,新潟大学医歯学総合病院,新潟大学医歯学総合病院,第二種,多血小板血漿抽出液（Autologous Protein Solution）による関節治療,APS,AUTO,1.0,https://saiseiiryo.mhlw.go.jp/published_plan/download/02C2509054/5/0,297220,税込,,APS,Zimmer Biomet,8,,"て結果や経過・治療部 位の写真などを公表する可能性がありますが、患者様個人を特定で きる内容が使われることはありません。 治療にかかる費用につい て この治療は公的保険の対象ではありませんので、当院所定の施術料 (297,220円(税込))をお支払いいただきます。 上記金額は、投与前の採血や投与当日の処置料(APSキット料金、 手技料を含んだ金額)、および投 与後1か月の経過観察、投与後12か月でのMRIを含んだ費用となり ます。なお、この間の経過観察での処置については通常の保険診療 で行い、患者様の健康保険負担割合に応じて負担していただきま",,
A,P00642,F0368,中部,福井県,医療法人 博俊会 春江病院,医療法人 博俊会 春江病院,医療法人 博俊会 春江病院,第二種,自家多血小板血漿（PRP）を用いた慢性関節炎の治療（関節内組織）,PRP,AUTO,0.9838,https://saiseiiryo.mhlw.go.jp/published_plan/download/01E2602003/5/0,44000,税込,両側,ACP MAX|ACP,Arthrex,11,7,"なお、左右両側へ投与を行う場合は、2 回分の費用が必要となります。 PRP 療法1 回目(ACP 使用) 1 部位あたり55,000 円(税込) PRP 療法2 回目以降(ACP 使用) 1 部位あたり44,000 円(税込) HD-PRP 療法(ACP MAX 使用) 1 回あたり165,000 円(税込) (3) 採血を開始してからのキャンセルについては、キャンセル費用をいただ",line-level strong price context,
A,P00642,F0368,中部,福井県,医療法人 博俊会 春江病院,医療法人 博俊会 春江病院,医療法人 博俊会 春江病院,第二種,自家多血小板血漿（PRP）を用いた慢性関節炎の治療（関節内組織）,PRP,AUTO,0.9838,https://saiseiiryo.mhlw.go.jp/published_plan/download/01E2602003/5/0,55000,税込,両側,ACP MAX|ACP,Arthrex,11,7,"にかかる費用のすべてが含まれております。 なお、左右両側へ投与を行う場合は、2 回分の費用が必要となります。 PRP 療法1 回目(ACP 使用) 1 部位あたり55,000 円(税込) PRP 療法2 回目以降(ACP 使用) 1 部位あたり44,000 円(税込) HD-PRP 療法(ACP MAX 使用) 1 回あたり165,000 円(税込)",line-level strong price context,
A,P00642,F0368,中部,福井県,医療法人 博俊会 春江病院,医療法人 博俊会 春江病院,医療法人 博俊会 春江病院,第二種,自家多血小板血漿（PRP）を用いた慢性関節炎の治療（関節内組織）,PRP,AUTO,0.9838,https://saiseiiryo.mhlw.go.jp/published_plan/download/01E2602003/5/0,165000,税込,1 回,ACP MAX|ACP,Arthrex,10,7,"PRP 療法1 回目(ACP 使用) 1 部位あたり55,000 円(税込) PRP 療法2 回目以降(ACP 使用) 1 部位あたり44,000 円(税込) HD-PRP 療法(ACP MAX 使用) 1 回あたり165,000 円(税込) (3) 採血を開始してからのキャンセルについては、キャンセル費用をいただ きます。",line-level strong price context,
A,P00643,F0455,中部,福井県,医療法人Eternabloom さくら通り整形外科クリニック,医療法人Eternabloom さくら通り整形外科クリニック,医療法人Eternabloom さくら通り整形外科クリニック,第二種,自家多血小板血漿（PRP）を用いた慢性関節炎の治療（関節内組織）,PRP,QC,0.9838,https://saiseiiryo.mhlw.go.jp/published_plan/download/01E2604005/5/0,220000,税込,,ACP MAX|ACP,Arthrex,6,6,"費用(税込) HD-PRP(ACP MAX) 220,000円 66,000円",price candidates remain ambiguous,
A,P00643,F0455,中部,福井県,医療法人Eternabloom さくら通り整形外科クリニック,医療法人Eternabloom さくら通り整形外科クリニック,医療法人Eternabloom さくら通り整形外科クリニック,第二種,自家多血小板血漿（PRP）を用いた慢性関節炎の治療（関節内組織）,PRP,QC,0.9838,https://saiseiiryo.mhlw.go.jp/published_plan/download/01E2604005/5/0,66000,不明,,ACP MAX|ACP,Arthrex,2,6,"HD-PRP(ACP MAX) 220,000円 66,000円",price candidates remain ambiguous,
A,P00644,F0456,中部,福井県,医療法人弘昭会 大森整形外科リウマチ科,医療法人弘昭会 大森整形外科リウマチ科,医療法人弘昭会 大森整形外科リウマチ科,第二種,脂肪組織由来幹細胞（ASC）による関節治療,脂肪由来ASC,AUTO,1.0,https://saiseiiryo.mhlw.go.jp/published_plan/download/02E2408010/5/0,330000,税込,,,,8,,"した施術および細胞培養にかかっ 脂肪組織由来幹細胞(ASC)による関節治療に対する説明書・同意書 7 た費用をお支払いいただきます。 ・ 脂肪採取前に治療をとりやめた場合、費用のお支払いはございません。 ・ 脂肪採取後から投与の予約確定前までに治療をとりやめた場合、330,000 円(税込)を お支払いいただきます。 ・ 投与の予約確定後に治療をとりやめた場合、726,000 円(税込)をお支払いいただきま す。 また治療を行った後は、健康管理のために必要に応じて適切な検査を受けていただき、医学 的に問題がないかを確認させていただきます。 13. 個人情報保護について 「個人情報の",,
A,P00644,F0456,中部,福井県,医療法人弘昭会 大森整形外科リウマチ科,医療法人弘昭会 大森整形外科リウマチ科,医療法人弘昭会 大森整形外科リウマチ科,第二種,脂肪組織由来幹細胞（ASC）による関節治療,脂肪由来ASC,AUTO,1.0,https://saiseiiryo.mhlw.go.jp/published_plan/download/02E2408010/5/0,59400,税込,1 部位,,,6,,"の価格 1 部位 275,000 円(税抜250,000 円) 製造した自家ASC は細胞培養加工施設で一時保存され、本治療に使用の際に当院へ輸送さ れます。自家ASC 製造のための脂肪採取から1 年を経過後に治療継続をご希望される場合、 継続にかかる費用を別途59,400 円(税込)ご負担いただきます。詳しくは、スタッフまで お尋ねください。 12. 治療を受けることを拒否することについて この治療を受けるか拒否するかは、ご自身の自由な意思でお決めください。説明を受けた後 に同意されない場合でも、一切不利益を受けることはありません。また同様に、治療を受け ることに同意した場合で",,
A,P00644,F0456,中部,福井県,医療法人弘昭会 大森整形外科リウマチ科,医療法人弘昭会 大森整形外科リウマチ科,医療法人弘昭会 大森整形外科リウマチ科,第二種,脂肪組織由来幹細胞（ASC）による関節治療,脂肪由来ASC,AUTO,1.0,https://saiseiiryo.mhlw.go.jp/published_plan/download/02E2408010/5/0,250000,税込,1 部位,,,6,,"更となる場合がございます。 初回投与時の価格 1 部位 990,000 円(税抜900,000 円) 2 部位 1,210,000 円(税抜1,100,000 円) 初回投与後、再投与を行う場合 再投与時の価格 1 部位 275,000 円(税抜250,000 円) 製造した自家ASC は細胞培養加工施設で一時保存され、本治療に使用の際に当院へ輸送さ れます。自家ASC 製造のための脂肪採取から1 年を経過後に治療継続をご希望される場合、 継続にかかる費用を別途59,400 円(税込)ご負担いただきます。詳しくは、スタッフまで お尋ねください。 12. 治療",,
A,P00644,F0456,中部,福井県,医療法人弘昭会 大森整形外科リウマチ科,医療法人弘昭会 大森整形外科リウマチ科,医療法人弘昭会 大森整形外科リウマチ科,第二種,脂肪組織由来幹細胞（ASC）による関節治療,脂肪由来ASC,AUTO,1.0,https://saiseiiryo.mhlw.go.jp/published_plan/download/02E2408010/5/0,275000,税込,1 部位,,,6,,"た医師の判断 等により変更となる場合がございます。 初回投与時の価格 1 部位 990,000 円(税抜900,000 円) 2 部位 1,210,000 円(税抜1,100,000 円) 初回投与後、再投与を行う場合 再投与時の価格 1 部位 275,000 円(税抜250,000 円) 製造した自家ASC は細胞培養加工施設で一時保存され、本治療に使用の際に当院へ輸送さ れます。自家ASC 製造のための脂肪採取から1 年を経過後に治療継続をご希望される場合、 継続にかかる費用を別途59,400 円(税込)ご負担いただきます。詳しくは、スタッフまで お尋ねくださ",,
A,P00644,F0456,中部,福井県,医療法人弘昭会 大森整形外科リウマチ科,医療法人弘昭会 大森整形外科リウマチ科,医療法人弘昭会 大森整形外科リウマチ科,第二種,脂肪組織由来幹細胞（ASC）による関節治療,脂肪由来ASC,AUTO,1.0,https://saiseiiryo.mhlw.go.jp/published_plan/download/02E2408010/5/0,726000,税込,,,,6,,"7 た費用をお支払いいただきます。 ・ 脂肪採取前に治療をとりやめた場合、費用のお支払いはございません。 ・ 脂肪採取後から投与の予約確定前までに治療をとりやめた場合、330,000 円(税込)を お支払いいただきます。 ・ 投与の予約確定後に治療をとりやめた場合、726,000 円(税込)をお支払いいただきま す。 また治療を行った後は、健康管理のために必要に応じて適切な検査を受けていただき、医学 的に問題がないかを確認させていただきます。 13. 個人情報保護について 「個人情報の保護に関する法律」に基づき、当院には、個人情報取扱実施規程があります。 この規程に基づき、患者さまの",,
A,P00644,F0456,中部,福井県,医療法人弘昭会 大森整形外科リウマチ科,医療法人弘昭会 大森整形外科リウマチ科,医療法人弘昭会 大森整形外科リウマチ科,第二種,脂肪組織由来幹細胞（ASC）による関節治療,脂肪由来ASC,AUTO,1.0,https://saiseiiryo.mhlw.go.jp/published_plan/download/02E2408010/5/0,900000,税別,1 回,,,6,,"ただきま す。治療にかかる費用につきましては以下の表をご参照ください。ご不明な点は医師・スタ ッフにお尋ねください。なお1 回の施術あたりの費用は、患部の状態を確認した医師の判断 等により変更となる場合がございます。 初回投与時の価格 1 部位 990,000 円(税抜900,000 円) 2 部位 1,210,000 円(税抜1,100,000 円) 初回投与後、再投与を行う場合 再投与時の価格 1 部位 275,000 円(税抜250,000 円) 製造した自家ASC は細胞培養加工施設で一時保存され、本治療に使用の際に当院へ輸送さ れます。自家ASC 製造の",,
A,P00644,F0456,中部,福井県,医療法人弘昭会 大森整形外科リウマチ科,医療法人弘昭会 大森整形外科リウマチ科,医療法人弘昭会 大森整形外科リウマチ科,第二種,脂肪組織由来幹細胞（ASC）による関節治療,脂肪由来ASC,AUTO,1.0,https://saiseiiryo.mhlw.go.jp/published_plan/download/02E2408010/5/0,990000,税別,1 回,,,6,,"所定の施術料をお支払いいただきま す。治療にかかる費用につきましては以下の表をご参照ください。ご不明な点は医師・スタ ッフにお尋ねください。なお1 回の施術あたりの費用は、患部の状態を確認した医師の判断 等により変更となる場合がございます。 初回投与時の価格 1 部位 990,000 円(税抜900,000 円) 2 部位 1,210,000 円(税抜1,100,000 円) 初回投与後、再投与を行う場合 再投与時の価格 1 部位 275,000 円(税抜250,000 円) 製造した自家ASC は細胞培養加工施設で一時保存され、本治療に使用の際に当院へ輸送さ れ",,
A,P00644,F0456,中部,福井県,医療法人弘昭会 大森整形外科リウマチ科,医療法人弘昭会 大森整形外科リウマチ科,医療法人弘昭会 大森整形外科リウマチ科,第二種,脂肪組織由来幹細胞（ASC）による関節治療,脂肪由来ASC,AUTO,1.0,https://saiseiiryo.mhlw.go.jp/published_plan/download/02E2408010/5/0,1100000,税別,1 回,,,6,,"。ご不明な点は医師・スタ ッフにお尋ねください。なお1 回の施術あたりの費用は、患部の状態を確認した医師の判断 等により変更となる場合がございます。 初回投与時の価格 1 部位 990,000 円(税抜900,000 円) 2 部位 1,210,000 円(税抜1,100,000 円) 初回投与後、再投与を行う場合 再投与時の価格 1 部位 275,000 円(税抜250,000 円) 製造した自家ASC は細胞培養加工施設で一時保存され、本治療に使用の際に当院へ輸送さ れます。自家ASC 製造のための脂肪採取から1 年を経過後に治療継続をご希望される場合、 継続にか",,
A,P00644,F0456,中部,福井県,医療法人弘昭会 大森整形外科リウマチ科,医療法人弘昭会 大森整形外科リウマチ科,医療法人弘昭会 大森整形外科リウマチ科,第二種,脂肪組織由来幹細胞（ASC）による関節治療,脂肪由来ASC,AUTO,1.0,https://saiseiiryo.mhlw.go.jp/published_plan/download/02E2408010/5/0,1210000,税別,1 回,,,6,,"ては以下の表をご参照ください。ご不明な点は医師・スタ ッフにお尋ねください。なお1 回の施術あたりの費用は、患部の状態を確認した医師の判断 等により変更となる場合がございます。 初回投与時の価格 1 部位 990,000 円(税抜900,000 円) 2 部位 1,210,000 円(税抜1,100,000 円) 初回投与後、再投与を行う場合 再投与時の価格 1 部位 275,000 円(税抜250,000 円) 製造した自家ASC は細胞培養加工施設で一時保存され、本治療に使用の際に当院へ輸送さ れます。自家ASC 製造のための脂肪採取から1 年を経過後に治療継続を",,
A,P00645,F0456,中部,福井県,医療法人弘昭会 大森整形外科リウマチ科,医療法人弘昭会 大森整形外科リウマチ科,医療法人弘昭会 大森整形外科リウマチ科,第二種,多血小板血漿（PRP）による関節治療,PRP,AUTO,1.0,https://saiseiiryo.mhlw.go.jp/published_plan/download/02E2307008/5/0,100000,税込,,APS|GPS|Zimmer,Zimmer Biomet,8,,"長)へと報告して対応させていただきます。 窓口部署:事務 連絡先:0776-57-5000 12.費用について この治療は公的保険の対象ではありませんので、当院所定の施術料をお支払いいただきます。 ・ZIMMER BIOMET 製 GPS®IIIシステム使用 100,000円 (税込110,000円) (APSキットを使用せず、作製したPRPをそのまま使用する場合) ・GPS®IIIシステム、APSキット使用 300,000円 (税込330,000円) (APSキットを使用してさらに抽出を行い純度を高めて使用する場合) ※患者様の症状により治療費が変動いたします。 施術後、患者様の",,
A,P00645,F0456,中部,福井県,医療法人弘昭会 大森整形外科リウマチ科,医療法人弘昭会 大森整形外科リウマチ科,医療法人弘昭会 大森整形外科リウマチ科,第二種,多血小板血漿（PRP）による関節治療,PRP,AUTO,1.0,https://saiseiiryo.mhlw.go.jp/published_plan/download/02E2307008/5/0,110000,税込,,APS|GPS|Zimmer,Zimmer Biomet,8,,"ていただきます。 窓口部署:事務 連絡先:0776-57-5000 12.費用について この治療は公的保険の対象ではありませんので、当院所定の施術料をお支払いいただきます。 ・ZIMMER BIOMET 製 GPS®IIIシステム使用 100,000円 (税込110,000円) (APSキットを使用せず、作製したPRPをそのまま使用する場合) ・GPS®IIIシステム、APSキット使用 300,000円 (税込330,000円) (APSキットを使用してさらに抽出を行い純度を高めて使用する場合) ※患者様の症状により治療費が変動いたします。 施術後、患者様の個人的な事情及び金銭等に",,
A,P00645,F0456,中部,福井県,医療法人弘昭会 大森整形外科リウマチ科,医療法人弘昭会 大森整形外科リウマチ科,医療法人弘昭会 大森整形外科リウマチ科,第二種,多血小板血漿（PRP）による関節治療,PRP,AUTO,1.0,https://saiseiiryo.mhlw.go.jp/published_plan/download/02E2307008/5/0,300000,税込,,APS|GPS|Zimmer,Zimmer Biomet,8,,"所定の施術料をお支払いいただきます。 ・ZIMMER BIOMET 製 GPS®IIIシステム使用 100,000円 (税込110,000円) (APSキットを使用せず、作製したPRPをそのまま使用する場合) ・GPS®IIIシステム、APSキット使用 300,000円 (税込330,000円) (APSキットを使用してさらに抽出を行い純度を高めて使用する場合) ※患者様の症状により治療費が変動いたします。 施術後、患者様の個人的な事情及び金銭等に関する問題に関しては一切の責を負いかねますのでご了 承ください。 なお、細胞の採取後や加工後に同意を撤回された場合など、同意を撤回される",,
A,P00645,F0456,中部,福井県,医療法人弘昭会 大森整形外科リウマチ科,医療法人弘昭会 大森整形外科リウマチ科,医療法人弘昭会 大森整形外科リウマチ科,第二種,多血小板血漿（PRP）による関節治療,PRP,AUTO,1.0,https://saiseiiryo.mhlw.go.jp/published_plan/download/02E2307008/5/0,330000,税込,,APS|GPS|Zimmer,Zimmer Biomet,8,,"ただきます。 ・ZIMMER BIOMET 製 GPS®IIIシステム使用 100,000円 (税込110,000円) (APSキットを使用せず、作製したPRPをそのまま使用する場合) ・GPS®IIIシステム、APSキット使用 300,000円 (税込330,000円) (APSキットを使用してさらに抽出を行い純度を高めて使用する場合) ※患者様の症状により治療費が変動いたします。 施術後、患者様の個人的な事情及び金銭等に関する問題に関しては一切の責を負いかねますのでご了 承ください。 なお、細胞の採取後や加工後に同意を撤回された場合など、同意を撤回される時点までに費用が発生し",,
A,P00646,F0457,中部,福井県,Ｍクリニック,Ｍクリニック,Ｍクリニック,第二種,自家多血小板血漿（PRP）を用いた慢性関節炎の治療（関節内組織）,PRP,AUTO,0.9838,https://saiseiiryo.mhlw.go.jp/published_plan/download/01E2510006/5/0,55000,税込,両側,,,11,7,"調製のための採血、PRP 調製、注入にかかる費用の総額となります。左右 両側に投与する場合は、2 回分です。 PRP 1 回(1 部位) 55,000 円(税込) (3) 採血を開始してからキャンセルされた場合は、費用の全額をご負担いた だきます。",line-level strong price context,
A,P00652,F0460,中部,長野県,Aｉクリニック整形外科リハビリテーション科,Aｉクリニック整形外科リハビリテーション科,Aｉクリニック整形外科リハビリテーション科,第二種,変形性関節症および関節腔の傷害を対象とした自家多血小板血漿（PRP）注入療法,PRP,QC,1.0,https://saiseiiryo.mhlw.go.jp/published_plan/download/01C2308062/5/0,,,,,,,,,no price found after text/OCR pass,RuntimeError: Tesseract process timeout
A,P00653,F0461,中部,長野県,サンマリーンクリニック,サンマリーンクリニック,サンマリーンクリニック,第二種,自家多血小板血漿（PRP）を用いた変形性関節症および関節腔内の治療,PRP,QC,1.0,https://saiseiiryo.mhlw.go.jp/published_plan/download/01C2506002/5/0,,,,,,,,,no price found after text/OCR pass,RuntimeError: Tesseract process timeout
A,P00654,F0462,中部,長野県,一般社団法人MOSC 百瀬整形外科スポーツクリニック,一般社団法人MOSC 百瀬整形外科スポーツクリニック,一般社団法人MOSC 百瀬整形外科スポーツクリニック,第二種,自家脂肪組織由来幹細胞（ASC）の投与による関節治療,脂肪由来ASC,AUTO,1.0,https://saiseiiryo.mhlw.go.jp/published_plan/download/02C2412077/5/0,990000,税込,2 回,,,8,7,"1 関節(片膝など)投与の施術費用 単回投与 990,000 円(税込) 2 回投与 1,320,000 円(税込)",line-level medium price context,
A,P00654,F0462,中部,長野県,一般社団法人MOSC 百瀬整形外科スポーツクリニック,一般社団法人MOSC 百瀬整形外科スポーツクリニック,一般社団法人MOSC 百瀬整形外科スポーツクリニック,第二種,自家脂肪組織由来幹細胞（ASC）の投与による関節治療,脂肪由来ASC,AUTO,1.0,https://saiseiiryo.mhlw.go.jp/published_plan/download/02C2412077/5/0,1320000,税込,2 回,,,8,7,"990,000 円(税込) 2 回投与 1,320,000 円(税込) 2 関節(両膝など)投与の施術費用 単回投与",line-level medium price context,
A,P00655,F0463,中部,長野県,佐久市立国保浅間総合病院,佐久市立国保浅間総合病院,佐久市立国保浅間総合病院,第二種,多血小板血漿（PRP）を用いた変形性関節症治療,PRP,AUTO,0.952,https://saiseiiryo.mhlw.go.jp/published_plan/download/03C2504072/5/0,150000,税別,,,,8,,"定性 PRP は患者様自身の血液から製造するため、品質が ばらつく可能性がある。 医薬品として承認されて おり、品質は安定している アレルギーの 可能性 自家移植のため、極めて低い。 品質管理された安全性の 高いものだが、アレルギー 反応などの可能性を完全 には否定できない。 費用 150,000 円(税抜) 300,000 円(税抜) 保険適用:2000 円前後/回 (膝関節内投与の場合) 詳細やご不明な点は医師・スタッフまでお気軽にお尋ねください。 施術後、患者様の個人的な事情及び金銭等に関する問題に関しては一切の責を負いかねますのでご 了承ください。 その他治療についての注意事項",,
A,P00655,F0463,中部,長野県,佐久市立国保浅間総合病院,佐久市立国保浅間総合病院,佐久市立国保浅間総合病院,第二種,多血小板血漿（PRP）を用いた変形性関節症治療,PRP,AUTO,0.952,https://saiseiiryo.mhlw.go.jp/published_plan/download/03C2504072/5/0,2000,税別,,,,6,,"能性がある。 医薬品として承認されて おり、品質は安定している アレルギーの 可能性 自家移植のため、極めて低い。 品質管理された安全性の 高いものだが、アレルギー 反応などの可能性を完全 には否定できない。 費用 150,000 円(税抜) 300,000 円(税抜) 保険適用:2000 円前後/回 (膝関節内投与の場合) 詳細やご不明な点は医師・スタッフまでお気軽にお尋ねください。 施術後、患者様の個人的な事情及び金銭等に関する問題に関しては一切の責を負いかねますのでご 了承ください。 その他治療についての注意事項 患者様の体調が良くない場合や、採取した血液",,
A,P00655,F0463,中部,長野県,佐久市立国保浅間総合病院,佐久市立国保浅間総合病院,佐久市立国保浅間総合病院,第二種,多血小板血漿（PRP）を用いた変形性関節症治療,PRP,AUTO,0.952,https://saiseiiryo.mhlw.go.jp/published_plan/download/03C2504072/5/0,300000,税別,,,,6,,"血液から製造するため、品質が ばらつく可能性がある。 医薬品として承認されて おり、品質は安定している アレルギーの 可能性 自家移植のため、極めて低い。 品質管理された安全性の 高いものだが、アレルギー 反応などの可能性を完全 には否定できない。 費用 150,000 円(税抜) 300,000 円(税抜) 保険適用:2000 円前後/回 (膝関節内投与の場合) 詳細やご不明な点は医師・スタッフまでお気軽にお尋ねください。 施術後、患者様の個人的な事情及び金銭等に関する問題に関しては一切の責を負いかねますのでご 了承ください。 その他治療についての注意事項 患者様の",,
A,P00656,F0464,中部,長野県,佐久平整形外科クリニック,佐久平整形外科クリニック,佐久平整形外科クリニック,第二種,自家多血小板血漿（PRP）を用いた慢性関節炎ならびに関節内軟骨・靭帯損傷の治療（関節内組織）,PRP,QC,1.0,https://saiseiiryo.mhlw.go.jp/published_plan/download/01C2503067/5/0,50000,税別,1 回(1 部位),ACP,Arthrex,6,7,"費用(税別) ACP 1 回(1 部位) 50,000 円 ACP(学割) 1 回(1 部位) 35,000 円",price candidates remain ambiguous,
A,P00656,F0464,中部,長野県,佐久平整形外科クリニック,佐久平整形外科クリニック,佐久平整形外科クリニック,第二種,自家多血小板血漿（PRP）を用いた慢性関節炎ならびに関節内軟骨・靭帯損傷の治療（関節内組織）,PRP,QC,1.0,https://saiseiiryo.mhlw.go.jp/published_plan/download/01C2503067/5/0,150000,不明,1 回(1 部位),ACP MAX|ACP,Arthrex,5,7,"1 回(1 部位) 95,000 円 ACP MAX 1 回(1 部位) 150,000 円 (3) 採血を開始してからのキャンセルについては、キャンセル費用をいただ きます。",price candidates remain ambiguous,
A,P00656,F0464,中部,長野県,佐久平整形外科クリニック,佐久平整形外科クリニック,佐久平整形外科クリニック,第二種,自家多血小板血漿（PRP）を用いた慢性関節炎ならびに関節内軟骨・靭帯損傷の治療（関節内組織）,PRP,QC,1.0,https://saiseiiryo.mhlw.go.jp/published_plan/download/01C2503067/5/0,35000,不明,1 回(1 部位),ACP,Arthrex,2,7,"1 回(1 部位) 50,000 円 ACP(学割) 1 回(1 部位) 35,000 円 ACP ダブルショット 1 回(1 部位) 95,000 円",price candidates remain ambiguous,
A,P00656,F0464,中部,長野県,佐久平整形外科クリニック,佐久平整形外科クリニック,佐久平整形外科クリニック,第二種,自家多血小板血漿（PRP）を用いた慢性関節炎ならびに関節内軟骨・靭帯損傷の治療（関節内組織）,PRP,QC,1.0,https://saiseiiryo.mhlw.go.jp/published_plan/download/01C2503067/5/0,95000,不明,1 回(1 部位),ACP MAX|ACP,Arthrex,2,7,"1 回(1 部位) 35,000 円 ACP ダブルショット 1 回(1 部位) 95,000 円 ACP MAX 1 回(1 部位) 150,000 円",price candidates remain ambiguous,
A,P00657,F0402,中部,長野県,医療法人仁雄会 穂高病院,医療法人仁雄会 穂高病院,医療法人仁雄会 穂高病院,第二種,自家多血小板血漿（PRP）を用いた変形性関節症および関節腔内の治療,PRP,QC,1.0,https://saiseiiryo.mhlw.go.jp/published_plan/download/01C2507002/5/0,,,,,,,,,no price found after text/OCR pass,RuntimeError: Tesseract process timeout
A,P00658,F0403,中部,長野県,医療法人弘仁会 かもいクリニック,医療法人弘仁会 かもいクリニック,医療法人弘仁会 かもいクリニック,第二種,自家多血小板血漿（PRP）を用いた慢性関節炎の治療（関節内組織）,PRP,AUTO,0.9838,https://saiseiiryo.mhlw.go.jp/published_plan/download/01C2210029/5/0,50000,税込,両側,,,11,7,"る費用の総額となります。左右両側に投与する場合は、2 回分です。 ■血液検査(実施する場合) 15,000 円(税込) ■PRP 1 回(1 部位) 50,000 円(税込) 11. 試料等の保存及び廃棄の方法 患者様から採取した血液と作製したPRP は、患者様ご自身の治療のみ",line-level strong price context,
A,P00659,F0404,中部,長野県,医療法人直佳会 森ロコモクリニック,医療法人直佳会 森ロコモクリニック,医療法人直佳会 森ロコモクリニック,第二種,多血小板血漿抽出液による関節症治療,PRP/APS,AUTO,1.0,https://saiseiiryo.mhlw.go.jp/published_plan/download/02C2306045/5/0,100000,不明,,APS|GPS|Zimmer,Zimmer Biomet,7,,"者(院長)へと報告して対応させていただきます。 窓口部署:院長 連絡先:0268-38-1313 12.費用について この治療は公的保険の対象ではありませんので、当院所定の施術料をお支払いいただきます。 ・ZIMMER BIOMET 製 GPS®IIIシステム使用 100,000円 (APSキットを使用せず、作製したPRPをそのまま使用する場合) GPS®IIIシステム、APSキット使用 350,000円 (APSキットを使用してさらに抽出を行い純度を高めて使用する場合) ※患者様の症状、その他の事情等により治療費が変動する場合があります。 なお、細胞の採取後や加工後",,
A,P00659,F0404,中部,長野県,医療法人直佳会 森ロコモクリニック,医療法人直佳会 森ロコモクリニック,医療法人直佳会 森ロコモクリニック,第二種,多血小板血漿抽出液による関節症治療,PRP/APS,AUTO,1.0,https://saiseiiryo.mhlw.go.jp/published_plan/download/02C2306045/5/0,350000,不明,,APS|GPS|Zimmer,Zimmer Biomet,7,,"んので、当院所定の施術料をお支払いいただきます。 ・ZIMMER BIOMET 製 GPS®IIIシステム使用 100,000円 (APSキットを使用せず、作製したPRPをそのまま使用する場合) GPS®IIIシステム、APSキット使用 350,000円 (APSキットを使用してさらに抽出を行い純度を高めて使用する場合) ※患者様の症状、その他の事情等により治療費が変動する場合があります。 なお、細胞の採取後や加工後に同意を撤回された場合など、同意を撤回される時点までに費用が発生し ている場合は、発生した費用については患者様にご負担いただきますのでご了承ください。 13.",,
A,P00660,F0405,中部,長野県,医療法人笠間整形外科医院,医療法人笠間整形外科医院,医療法人笠間整形外科医院,第二種,多血小板血漿抽出液による関節症治療,PRP/APS,AUTO,1.0,https://saiseiiryo.mhlw.go.jp/published_plan/download/02C1908017/5/0,150000,不明,,APS|GPS|Zimmer,Zimmer Biomet,7,,"者(院長)へと報告して対応させていただきます。 窓口部署:事務 連絡先:026-283-1033 12.費用について この治療は公的保険の対象ではありませんので、当院所定の施術料をお支払いいただきます。 ・ZIMMER BIOMET 製 GPS®IIIシステム使用 150,000円 (APSキットを使用せず、作製したPRPをそのまま使用する場合) GPS®IIIシステム、APSキット使用 300,000円 (APSキットを使用してさらに抽出を行い純度を高めて使用する場合) ※患者様の症状、その他の事情等により治療費が変動する場合があります。 なお、細胞の採取後や加工後",,
A,P00660,F0405,中部,長野県,医療法人笠間整形外科医院,医療法人笠間整形外科医院,医療法人笠間整形外科医院,第二種,多血小板血漿抽出液による関節症治療,PRP/APS,AUTO,1.0,https://saiseiiryo.mhlw.go.jp/published_plan/download/02C1908017/5/0,300000,不明,,APS|GPS|Zimmer,Zimmer Biomet,7,,"んので、当院所定の施術料をお支払いいただきます。 ・ZIMMER BIOMET 製 GPS®IIIシステム使用 150,000円 (APSキットを使用せず、作製したPRPをそのまま使用する場合) GPS®IIIシステム、APSキット使用 300,000円 (APSキットを使用してさらに抽出を行い純度を高めて使用する場合) ※患者様の症状、その他の事情等により治療費が変動する場合があります。 なお、細胞の採取後や加工後に同意を撤回された場合など、同意を撤回される時点までに費用が発生し ている場合は、発生した費用については患者様にご負担いただきますのでご了承ください。 13.",,
A,P00661,F0406,中部,長野県,医療法人都甲クリニック,医療法人都甲クリニック,医療法人都甲クリニック,第二種,変形性関節症および関節腔の傷害を対象とした自家多血小板血漿（PRP）注入療法,PRP,QC,1.0,https://saiseiiryo.mhlw.go.jp/published_plan/download/01C2308046/5/0,,,,,,,,,no price found after text/OCR pass,RuntimeError: Tesseract process timeout
A,P00662,F0465,中部,長野県,医療法人雨宮病院,医療法人雨宮病院,医療法人雨宮病院,第二種,変形性関節症および関節腔の傷害を対象とした自家多血小板血漿（PRP）注入療法,PRP,QC,1.0,https://saiseiiryo.mhlw.go.jp/published_plan/download/01C2206051/5/0,,,,,,,,,no price found after text/OCR pass,RuntimeError: Tesseract process timeout
A,P00663,F0466,中部,長野県,社会医療法人恵仁会 くろさわ病院,社会医療法人恵仁会 くろさわ病院,社会医療法人恵仁会 くろさわ病院,第二種,自家多血小板血漿（PRP）を用いた慢性関節炎の治療（関節内組織）,PRP,QC,0.9838,https://saiseiiryo.mhlw.go.jp/published_plan/download/01C2408007/5/0,77000,税込,両側,,,5,7,"左右両側に投与する場合は、2 回分です。 (関節)PRP1 回・1 部位: ¥ 55,000-(税込) 2 箇所同時:¥77,000 円-(税込) (筋腱)PRP1 回・1 部位: ¥ 55,000-(税込) 2 箇所同時:¥77,000 円-(税込)",price candidates remain ambiguous,
A,P00663,F0466,中部,長野県,社会医療法人恵仁会 くろさわ病院,社会医療法人恵仁会 くろさわ病院,社会医療法人恵仁会 くろさわ病院,第二種,自家多血小板血漿（PRP）を用いた慢性関節炎の治療（関節内組織）,PRP,QC,0.9838,https://saiseiiryo.mhlw.go.jp/published_plan/download/01C2408007/5/0,77000,税込,1 回,,,4,7,"2 箇所同時:¥77,000 円-(税込) (筋腱)PRP1 回・1 部位: ¥ 55,000-(税込) 2 箇所同時:¥77,000 円-(税込) キャンセル料:採血後5,000 円・加工後 38,000 円 11. 試料等の保存及び廃棄の方法",price candidates remain ambiguous,
A,P00663,F0466,中部,長野県,社会医療法人恵仁会 くろさわ病院,社会医療法人恵仁会 くろさわ病院,社会医療法人恵仁会 くろさわ病院,第二種,自家多血小板血漿（PRP）を用いた慢性関節炎の治療（関節内組織）,PRP,QC,0.9838,https://saiseiiryo.mhlw.go.jp/published_plan/download/01C2408007/5/0,5000,税込,1 回,,,-7,7,"(筋腱)PRP1 回・1 部位: ¥ 55,000-(税込) 2 箇所同時:¥77,000 円-(税込) キャンセル料:採血後5,000 円・加工後 38,000 円 11. 試料等の保存及び廃棄の方法 患者様から採取した血液と作製したPRP は、患者様ご自身の治療のみに使用しま",price candidates remain ambiguous,
A,P00663,F0466,中部,長野県,社会医療法人恵仁会 くろさわ病院,社会医療法人恵仁会 くろさわ病院,社会医療法人恵仁会 くろさわ病院,第二種,自家多血小板血漿（PRP）を用いた慢性関節炎の治療（関節内組織）,PRP,QC,0.9838,https://saiseiiryo.mhlw.go.jp/published_plan/download/01C2408007/5/0,38000,税込,1 回,,,-7,7,"(筋腱)PRP1 回・1 部位: ¥ 55,000-(税込) 2 箇所同時:¥77,000 円-(税込) キャンセル料:採血後5,000 円・加工後 38,000 円 11. 試料等の保存及び廃棄の方法 患者様から採取した血液と作製したPRP は、患者様ご自身の治療のみに使用しま",price candidates remain ambiguous,
A,P00664,F0467,中部,長野県,社会医療法人栗山会飯田病院,社会医療法人栗山会飯田病院,社会医療法人栗山会飯田病院,第二種,多血小板血漿（PRP）を用いた変形性関節症治療,PRP,AUTO,0.952,https://saiseiiryo.mhlw.go.jp/published_plan/download/01C2104001/5/0,300000,税別,,,,8,5,【PRP】1_07_説明文書同意書_飯田病院 費用 30 万円(税抜) 保険適用:2000 円前後/回 (膝関節内投与の場合),line-level medium price context,
A,P00665,F0468,中部,岐阜県,Radiant Clinic,Radiant Clinic,Radiant Clinic,第二種,自家多血小板血漿（PRP）を用いた慢性関節炎の治療（関節内組織）,PRP,AUTO,0.9838,https://saiseiiryo.mhlw.go.jp/published_plan/download/01D2506001/5/0,60000,税別,1部位,ACP,Arthrex,8,8,"費用(税別) PRP 2mL(ACP 使用) (1部位あたり)60,000 円 PRP 4mL(ACP 使用) (1部位あたり)100,000 円",line-level medium price context,
A,P00668,F0470,中部,岐阜県,医療法人ごとう整形外科,医療法人ごとう整形外科,医療法人ごとう整形外科,第二種,自己脂肪由来間葉系幹細胞を用いた関節痛、変形性関節症治療,脂肪由来MSC,AUTO,1.0,https://saiseiiryo.mhlw.go.jp/published_plan/download/01D2006004/5/0,1500000,税別,,,,11,5,"本治療は保険適用外であるため、治療にかかる費用全額をご自分でご負担いただきます。その 他、本治療を受けるために必要となった旅費、交通費などの全ての費用もご自分でご負担いただ きます。実際に必要となる費用については今回の治療は1,500,000 円(税抜)となります。 なお、脂肪の採取後や、細胞加工物の製造後に同意を撤回された場合など、同意を撤回される時 点までに費用が発生している場合は、発生した費用についてはあなたにご負担いただきますので",line-level strong price context,
A,P00669,F0471,中部,岐阜県,医療法人社団豊正会 大垣中央病院,医療法人社団豊正会 大垣中央病院,医療法人社団豊正会 大垣中央病院,第二種,変形性関節症を対象とした自家多血小板血漿（PRP）注入療法,PRP,AUTO,1.0,https://saiseiiryo.mhlw.go.jp/published_plan/download/01D2605005/5/0,70000,税込,1 回,,,9,,"、健康保険が適用されない自由診療です。そのため、患者様の費用負担が 他の治療よりも高額になることがあります。当院において実施される本治療および本治 療に必要な検査などの費用は全額自己負担となります。 PRP 治療の提供価格(京セラCondensia システム使用) 1 回70,000 円(税込) ※患者様の症状によっては、治療を数回行うことがあります。治療前、または治療後の 状態から担当医師が判断し、患者様にお伝えしご相談させて頂きます。 ※治療内容・回数により1回あたりの費用が減額される場合がございます。施術する前 に詳細な説明をいたしますので、ご納得いただいた上で施術をお受けいただけます",,
A,P00670,F0472,中部,岐阜県,多治見スマートクリニック,多治見スマートクリニック,多治見スマートクリニック,第二種,多血小板血漿（PRP）を用いた整形外科疾患に対する組織修復,PRP,QC,0.98,https://saiseiiryo.mhlw.go.jp/published_plan/download/01D2311005/5/0,12000,税別,2回,,,4,6,"2倍量のPRP治療により高い効果が期待できます(PRP投与 年2回) 部位 月額(税別) 年払(税別) 片膝 12,000円 136,800円 両膝 24,000円 273,600円 ◆コンプリートプラン(1年・4回接種)",price candidates remain ambiguous,
A,P00670,F0472,中部,岐阜県,多治見スマートクリニック,多治見スマートクリニック,多治見スマートクリニック,第二種,多血小板血漿（PRP）を用いた整形外科疾患に対する組織修復,PRP,QC,0.98,https://saiseiiryo.mhlw.go.jp/published_plan/download/01D2311005/5/0,24000,税別,4回,,,4,6,"部位 月額(税別) 年払(税別) 片膝 12,000円 136,800円 両膝 24,000円 273,600円 ◆コンプリートプラン(1年・4回接種) 2倍量・年4回のPRP治療により最も効果が期待できます(PRP投与",price candidates remain ambiguous,
A,P00670,F0472,中部,岐阜県,多治見スマートクリニック,多治見スマートクリニック,多治見スマートクリニック,第二種,多血小板血漿（PRP）を用いた整形外科疾患に対する組織修復,PRP,QC,0.98,https://saiseiiryo.mhlw.go.jp/published_plan/download/01D2311005/5/0,24000,税別,4回,,,4,6,"年4回) 部位 月額(税別) 年払(税別) 片膝 24,000円 273,600円 両膝 48,000円 547,200円 ※患者様の症状、その他の事情等により治療費が変動する場合があ",price candidates remain ambiguous,
A,P00670,F0472,中部,岐阜県,多治見スマートクリニック,多治見スマートクリニック,多治見スマートクリニック,第二種,多血小板血漿（PRP）を用いた整形外科疾患に対する組織修復,PRP,QC,0.98,https://saiseiiryo.mhlw.go.jp/published_plan/download/01D2311005/5/0,48000,税別,,,,4,6,"部位 月額(税別) 年払(税別) 片膝 24,000円 273,600円 両膝 48,000円 547,200円 ※患者様の症状、その他の事情等により治療費が変動する場合があ ります。",price candidates remain ambiguous,
A,P00670,F0472,中部,岐阜県,多治見スマートクリニック,多治見スマートクリニック,多治見スマートクリニック,第二種,多血小板血漿（PRP）を用いた整形外科疾患に対する組織修復,PRP,QC,0.98,https://saiseiiryo.mhlw.go.jp/published_plan/download/01D2311005/5/0,136800,税別,2回,,,4,6,"2倍量のPRP治療により高い効果が期待できます(PRP投与 年2回) 部位 月額(税別) 年払(税別) 片膝 12,000円 136,800円 両膝 24,000円 273,600円 ◆コンプリートプラン(1年・4回接種)",price candidates remain ambiguous,
A,P00670,F0472,中部,岐阜県,多治見スマートクリニック,多治見スマートクリニック,多治見スマートクリニック,第二種,多血小板血漿（PRP）を用いた整形外科疾患に対する組織修復,PRP,QC,0.98,https://saiseiiryo.mhlw.go.jp/published_plan/download/01D2311005/5/0,273600,税別,4回,,,4,6,"部位 月額(税別) 年払(税別) 片膝 12,000円 136,800円 両膝 24,000円 273,600円 ◆コンプリートプラン(1年・4回接種) 2倍量・年4回のPRP治療により最も効果が期待できます(PRP投与",price candidates remain ambiguous,
A,P00670,F0472,中部,岐阜県,多治見スマートクリニック,多治見スマートクリニック,多治見スマートクリニック,第二種,多血小板血漿（PRP）を用いた整形外科疾患に対する組織修復,PRP,QC,0.98,https://saiseiiryo.mhlw.go.jp/published_plan/download/01D2311005/5/0,273600,税別,4回,,,4,6,"年4回) 部位 月額(税別) 年払(税別) 片膝 24,000円 273,600円 両膝 48,000円 547,200円 ※患者様の症状、その他の事情等により治療費が変動する場合があ",price candidates remain ambiguous,
A,P00670,F0472,中部,岐阜県,多治見スマートクリニック,多治見スマートクリニック,多治見スマートクリニック,第二種,多血小板血漿（PRP）を用いた整形外科疾患に対する組織修復,PRP,QC,0.98,https://saiseiiryo.mhlw.go.jp/published_plan/download/01D2311005/5/0,547200,税別,,,,4,6,"部位 月額(税別) 年払(税別) 片膝 24,000円 273,600円 両膝 48,000円 547,200円 ※患者様の症状、その他の事情等により治療費が変動する場合があ ります。",price candidates remain ambiguous,
A,P00670,F0472,中部,岐阜県,多治見スマートクリニック,多治見スマートクリニック,多治見スマートクリニック,第二種,多血小板血漿（PRP）を用いた整形外科疾患に対する組織修復,PRP,QC,0.98,https://saiseiiryo.mhlw.go.jp/published_plan/download/01D2311005/5/0,11960,不明,2回,,,3,6,"両膝 11,960円 136,340円 ◆ダブルプラン(1年・2回接種) 2倍量のPRP治療により高い効果が期待できます(PRP投与 年2回)",price candidates remain ambiguous,
A,P00670,F0472,中部,岐阜県,多治見スマートクリニック,多治見スマートクリニック,多治見スマートクリニック,第二種,多血小板血漿（PRP）を用いた整形外科疾患に対する組織修復,PRP,QC,0.98,https://saiseiiryo.mhlw.go.jp/published_plan/download/01D2311005/5/0,136340,不明,2回,,,3,6,"両膝 11,960円 136,340円 ◆ダブルプラン(1年・2回接種) 2倍量のPRP治療により高い効果が期待できます(PRP投与 年2回)",price candidates remain ambiguous,
A,P00670,F0472,中部,岐阜県,多治見スマートクリニック,多治見スマートクリニック,多治見スマートクリニック,第二種,多血小板血漿（PRP）を用いた整形外科疾患に対する組織修復,PRP,QC,0.98,https://saiseiiryo.mhlw.go.jp/published_plan/download/01D2311005/5/0,5980,税別,2回,,,1,5,"年2回) 部位 月額(税別) 年払(税別) 片膝 5,980円 68,170円",price candidates remain ambiguous,
A,P00670,F0472,中部,岐阜県,多治見スマートクリニック,多治見スマートクリニック,多治見スマートクリニック,第二種,多血小板血漿（PRP）を用いた整形外科疾患に対する組織修復,PRP,QC,0.98,https://saiseiiryo.mhlw.go.jp/published_plan/download/01D2311005/5/0,68170,税別,2回,,,1,5,"年2回) 部位 月額(税別) 年払(税別) 片膝 5,980円 68,170円",price candidates remain ambiguous,
A,P00671,F0473,中部,岐阜県,森整形外科リハビリクリニック,森整形外科リハビリクリニック,森整形外科リハビリクリニック,第二種,自家多血小板血漿（PRP）を用いた慢性関節炎の治療（関節内組織）,PRP,AUTO,0.9838,https://saiseiiryo.mhlw.go.jp/published_plan/download/01D2109002/5/0,38000,税込,2 回分,,,9,,"。 (2) 本治療にかかる費用は、以下のとおりです。なお、費用は、治療に伴う診 査、PRP 調製のための採血にかかる費用、PRP 調製費用、注入にかかる費 用の総額となります。左右両側に投与する場合は、2 回分です。 PRP 1 回(1 部位) 38,000 円(税込) 11. 試料等の保存及び廃棄の方法 患者様から採取した血液と作製したPRP は、患者様ご自身の治療のみ に使用します。ただし、症例検討や学会発表を目的として、血液やPRP の測定を行い、データを取得することがあります。 血液およびPRP は微量で全量を使用するため、保管はしません。治療 に用い",,
A,P00672,F0474,中部,岐阜県,美濃整形外科,美濃整形外科,美濃整形外科,第二種,変形性関節症に対する多血小板血漿（PRP）関節内投与療法,PRP,AUTO,1.0,https://saiseiiryo.mhlw.go.jp/published_plan/download/01D2412004/5/0,40000,税込,,ACP|APS|GPS,Arthrex|Zimmer Biomet,8,,"外の連絡先:080-9114-4267 14.費用について 細胞の提供に際して費用は発生しません。 治療の提供に際しては、本治療は公的保険の対象ではありませんので、当院所定の施術料として以下の金額 をお支払いいただきます(全て税込)。 1ACP ダブルシリンジ:40,000円 2GPSIII:120,000円 3GPSIIIシステム及びAPSキット:300,000円 ※患者様の症状、その他の事情等により治療費が変動する場合があります。 なお、細胞の採取後や加工後に同意を撤回された場合など、同意を撤回される時点までに費用が発生している 場合は、発生した費用については患者様にご負担",,
A,P00672,F0474,中部,岐阜県,美濃整形外科,美濃整形外科,美濃整形外科,第二種,変形性関節症に対する多血小板血漿（PRP）関節内投与療法,PRP,AUTO,1.0,https://saiseiiryo.mhlw.go.jp/published_plan/download/01D2412004/5/0,120000,税込,,ACP|APS|GPS,Arthrex|Zimmer Biomet,8,,"67 14.費用について 細胞の提供に際して費用は発生しません。 治療の提供に際しては、本治療は公的保険の対象ではありませんので、当院所定の施術料として以下の金額 をお支払いいただきます(全て税込)。 1ACP ダブルシリンジ:40,000円 2GPSIII:120,000円 3GPSIIIシステム及びAPSキット:300,000円 ※患者様の症状、その他の事情等により治療費が変動する場合があります。 なお、細胞の採取後や加工後に同意を撤回された場合など、同意を撤回される時点までに費用が発生している 場合は、発生した費用については患者様にご負担いただきますのでご了承ください。",,
A,P00672,F0474,中部,岐阜県,美濃整形外科,美濃整形外科,美濃整形外科,第二種,変形性関節症に対する多血小板血漿（PRP）関節内投与療法,PRP,AUTO,1.0,https://saiseiiryo.mhlw.go.jp/published_plan/download/01D2412004/5/0,300000,税込,,ACP|APS|GPS,Arthrex|Zimmer Biomet,8,,"生しません。 治療の提供に際しては、本治療は公的保険の対象ではありませんので、当院所定の施術料として以下の金額 をお支払いいただきます(全て税込)。 1ACP ダブルシリンジ:40,000円 2GPSIII:120,000円 3GPSIIIシステム及びAPSキット:300,000円 ※患者様の症状、その他の事情等により治療費が変動する場合があります。 なお、細胞の採取後や加工後に同意を撤回された場合など、同意を撤回される時点までに費用が発生している 場合は、発生した費用については患者様にご負担いただきますのでご了承ください。 15.他の治療法の有無、本治療法との比較について 変形",,
A,P00673,F0475,中部,静岡県,しずおか整形外科病院,しずおか整形外科病院,しずおか整形外科病院,第二種,多血小板血漿（PRP）の投与による変形性関節症治療,PRP,AUTO,1.0,https://saiseiiryo.mhlw.go.jp/published_plan/download/03D2609002/5/0,25000,税別,,MyCells,MyCells系,8,,"300,000 円(税別) ●当院に以前より通院されている方、紹介状持参の方 250,000 円(税別) PRP を用いた治療(Mycells PRP キット1 本使用)における料金 ●通常 30,000 円(税別) ●当院に以前より通院されている方、紹介状持参の方 25,000 円(税別) ご不明な点は外来看護師にお尋ねください。 PRP ヒアルロン酸注入 概要 関節腔内に投与することで、 損傷した患部の疼痛を和らげる 効果がある。 また、変形の進行抑制、疼痛軽減 が期待できる。 関節腔内に注入されると クッションのような働きをし、 痛みを和らげる効果がある。 実施回数",,
A,P00673,F0475,中部,静岡県,しずおか整形外科病院,しずおか整形外科病院,しずおか整形外科病院,第二種,多血小板血漿（PRP）の投与による変形性関節症治療,PRP,AUTO,1.0,https://saiseiiryo.mhlw.go.jp/published_plan/download/03D2609002/5/0,30000,税別,,APS|MyCells,Zimmer Biomet|MyCells系,8,,"す。 濃縮PRP を用いた治療(APS キット使用)における料金 ●通常 300,000 円(税別) ●当院に以前より通院されている方、紹介状持参の方 250,000 円(税別) PRP を用いた治療(Mycells PRP キット1 本使用)における料金 ●通常 30,000 円(税別) ●当院に以前より通院されている方、紹介状持参の方 25,000 円(税別) ご不明な点は外来看護師にお尋ねください。 PRP ヒアルロン酸注入 概要 関節腔内に投与することで、 損傷した患部の疼痛を和らげる 効果がある。 また、変形の進行抑制、疼痛軽減 が期待できる。 関節腔内に注入されると",,
A,P00673,F0475,中部,静岡県,しずおか整形外科病院,しずおか整形外科病院,しずおか整形外科病院,第二種,多血小板血漿（PRP）の投与による変形性関節症治療,PRP,AUTO,1.0,https://saiseiiryo.mhlw.go.jp/published_plan/download/03D2609002/5/0,250000,税別,,APS|MyCells,Zimmer Biomet|MyCells系,8,,"否かをご検討ください。 この治療は医療保険の対象ではありませんので、当病院所定の治療費をお支払い いただきます。 濃縮PRP を用いた治療(APS キット使用)における料金 ●通常 300,000 円(税別) ●当院に以前より通院されている方、紹介状持参の方 250,000 円(税別) PRP を用いた治療(Mycells PRP キット1 本使用)における料金 ●通常 30,000 円(税別) ●当院に以前より通院されている方、紹介状持参の方 25,000 円(税別) ご不明な点は外来看護師にお尋ねください。 PRP ヒアルロン酸注入 概要 関節腔内に投与することで",,
A,P00673,F0475,中部,静岡県,しずおか整形外科病院,しずおか整形外科病院,しずおか整形外科病院,第二種,多血小板血漿（PRP）の投与による変形性関節症治療,PRP,AUTO,1.0,https://saiseiiryo.mhlw.go.jp/published_plan/download/03D2609002/5/0,300000,税別,,APS|MyCells,Zimmer Biomet|MyCells系,8,,"※アルツ関節注25mg 添付文書より 以上も踏まえ、PRP 治療をお受けになるか否かをご検討ください。 この治療は医療保険の対象ではありませんので、当病院所定の治療費をお支払い いただきます。 濃縮PRP を用いた治療(APS キット使用)における料金 ●通常 300,000 円(税別) ●当院に以前より通院されている方、紹介状持参の方 250,000 円(税別) PRP を用いた治療(Mycells PRP キット1 本使用)における料金 ●通常 30,000 円(税別) ●当院に以前より通院されている方、紹介状持参の方 25,000 円(税別) ご不明な点は外来看護師にお",,
A,P00674,F0476,中部,静岡県,ばんどう整形外科・ファミリークリニック,ばんどう整形外科・ファミリークリニック,ばんどう整形外科・ファミリークリニック,第二種,自家脂肪組織由来の培養間葉系間質細胞を用いた関節疾患の治療,脂肪由来MSC,AUTO,1.0,https://saiseiiryo.mhlw.go.jp/published_plan/download/01D2507003/5/0,1000000,税別,1 回,,,9,,"(署名または記名押印) 代諾者: (続柄: ) 10 (別紙) 本再生医療等の費用は以下のとおりです。 投与細胞数 治療費用(税別) 1 約3,000 万個×1 回分 100 万円 2 約5,000 万個×1 回分 115 万円 3 約1 億個×1 回分 140 万円 4 約3,000 万個×3 回分 170 万円 なお、脂肪組織の採取の施術開始後や細胞加工の開始後、あるいは3 回投与の場合に1 回目投 与の後や2 回目投与の後に同意を撤回された場合",,
A,P00674,F0476,中部,静岡県,ばんどう整形外科・ファミリークリニック,ばんどう整形外科・ファミリークリニック,ばんどう整形外科・ファミリークリニック,第二種,自家脂肪組織由来の培養間葉系間質細胞を用いた関節疾患の治療,脂肪由来MSC,AUTO,1.0,https://saiseiiryo.mhlw.go.jp/published_plan/download/01D2507003/5/0,1150000,税別,1 回,,,9,,"(続柄: ) 10 (別紙) 本再生医療等の費用は以下のとおりです。 投与細胞数 治療費用(税別) 1 約3,000 万個×1 回分 100 万円 2 約5,000 万個×1 回分 115 万円 3 約1 億個×1 回分 140 万円 4 約3,000 万個×3 回分 170 万円 なお、脂肪組織の採取の施術開始後や細胞加工の開始後、あるいは3 回投与の場合に1 回目投 与の後や2 回目投与の後に同意を撤回された場合など、それまでに費用が発生している場合は、 以下の通り、患者様ご自",,
A,P00674,F0476,中部,静岡県,ばんどう整形外科・ファミリークリニック,ばんどう整形外科・ファミリークリニック,ばんどう整形外科・ファミリークリニック,第二種,自家脂肪組織由来の培養間葉系間質細胞を用いた関節疾患の治療,脂肪由来MSC,AUTO,1.0,https://saiseiiryo.mhlw.go.jp/published_plan/download/01D2507003/5/0,1400000,税別,1 回,,,9,,"10 (別紙) 本再生医療等の費用は以下のとおりです。 投与細胞数 治療費用(税別) 1 約3,000 万個×1 回分 100 万円 2 約5,000 万個×1 回分 115 万円 3 約1 億個×1 回分 140 万円 4 約3,000 万個×3 回分 170 万円 なお、脂肪組織の採取の施術開始後や細胞加工の開始後、あるいは3 回投与の場合に1 回目投 与の後や2 回目投与の後に同意を撤回された場合など、それまでに費用が発生している場合は、 以下の通り、患者様ご自身にご負担いただきますのでご了承ください。 同意撤回の時期",,
A,P00674,F0476,中部,静岡県,ばんどう整形外科・ファミリークリニック,ばんどう整形外科・ファミリークリニック,ばんどう整形外科・ファミリークリニック,第二種,自家脂肪組織由来の培養間葉系間質細胞を用いた関節疾患の治療,脂肪由来MSC,AUTO,1.0,https://saiseiiryo.mhlw.go.jp/published_plan/download/01D2507003/5/0,1700000,税別,1 回,,,-1,,"す。 投与細胞数 治療費用(税別) 1 約3,000 万個×1 回分 100 万円 2 約5,000 万個×1 回分 115 万円 3 約1 億個×1 回分 140 万円 4 約3,000 万個×3 回分 170 万円 なお、脂肪組織の採取の施術開始後や細胞加工の開始後、あるいは3 回投与の場合に1 回目投 与の後や2 回目投与の後に同意を撤回された場合など、それまでに費用が発生している場合は、 以下の通り、患者様ご自身にご負担いただきますのでご了承ください。 同意撤回の時期 キャンセル費用(税別) 1 2 3 4 同意日~",,
A,P00674,F0476,中部,静岡県,ばんどう整形外科・ファミリークリニック,ばんどう整形外科・ファミリークリニック,ばんどう整形外科・ファミリークリニック,第二種,自家脂肪組織由来の培養間葉系間質細胞を用いた関節疾患の治療,脂肪由来MSC,AUTO,1.0,https://saiseiiryo.mhlw.go.jp/published_plan/download/01D2507003/5/0,100000,税別,,,,-2,,場合は、 以下の通り、患者様ご自身にご負担いただきますのでご了承ください。 同意撤回の時期 キャンセル費用(税別) 1 2 3 4 同意日~脂肪採取予定日の3 日前 キャンセル費用のお支払いはありません 脂肪採取予定日の2 日前 ~脂肪採取当日の脂肪組織採取前 一律 10 万円をお支払いいただきます 脂肪組織採取後~細胞加工開始前 治療費の60%をお支払いいただきます 細胞加工開始後~細胞投与前 治療費の80%をお支払いいただきます 細胞投与後 治療費用全額をお支払いいただきます 以上,,
A,P00675,F0476,中部,静岡県,ばんどう整形外科・ファミリークリニック,ばんどう整形外科・ファミリークリニック,ばんどう整形外科・ファミリークリニック,第二種,自家多血小板血漿（PRP）を用いた慢性関節炎の治療（関節内組織）,PRP,AUTO,0.9838,https://saiseiiryo.mhlw.go.jp/published_plan/download/01D2507004/5/0,50000,税込,,ACP MAX|ACP,Arthrex,8,,"さま氏名 代諾者氏名: (続柄: ) 12 (別紙) 本再生医療等の費用は以下のとおりです。 治療の種類 平均的な血小板注入量 費用(税込み) ACP-PRP 20 億個 50,000 円 HD-PRP(ACP MAX の場合) 90 億個 209,000 円 ACP-PRP は効果を高めるため、2 倍量1 度に投与することが可能です。その場合の 費用は以下の通りです。 治療の種類 平均的な血小板注入量 費用(税込み) ACP-PRP ダブルショット 40 億個 99,000 円 治療終了後も定期的",,
A,P00675,F0476,中部,静岡県,ばんどう整形外科・ファミリークリニック,ばんどう整形外科・ファミリークリニック,ばんどう整形外科・ファミリークリニック,第二種,自家多血小板血漿（PRP）を用いた慢性関節炎の治療（関節内組織）,PRP,AUTO,0.9838,https://saiseiiryo.mhlw.go.jp/published_plan/download/01D2507004/5/0,99000,税込,,ACP MAX|ACP,Arthrex,8,,"円 HD-PRP(ACP MAX の場合) 90 億個 209,000 円 ACP-PRP は効果を高めるため、2 倍量1 度に投与することが可能です。その場合の 費用は以下の通りです。 治療の種類 平均的な血小板注入量 費用(税込み) ACP-PRP ダブルショット 40 億個 99,000 円 治療終了後も定期的な受診をお願いしております。 本治療は医療費控除の対象となる可能性があります。詳細は国税庁や税理士にご確 認ください。 以上",,
A,P00675,F0476,中部,静岡県,ばんどう整形外科・ファミリークリニック,ばんどう整形外科・ファミリークリニック,ばんどう整形外科・ファミリークリニック,第二種,自家多血小板血漿（PRP）を用いた慢性関節炎の治療（関節内組織）,PRP,AUTO,0.9838,https://saiseiiryo.mhlw.go.jp/published_plan/download/01D2507004/5/0,209000,税込,,ACP MAX|ACP,Arthrex,8,,"者氏名: (続柄: ) 12 (別紙) 本再生医療等の費用は以下のとおりです。 治療の種類 平均的な血小板注入量 費用(税込み) ACP-PRP 20 億個 50,000 円 HD-PRP(ACP MAX の場合) 90 億個 209,000 円 ACP-PRP は効果を高めるため、2 倍量1 度に投与することが可能です。その場合の 費用は以下の通りです。 治療の種類 平均的な血小板注入量 費用(税込み) ACP-PRP ダブルショット 40 億個 99,000 円 治療終了後も定期的な受診をお願いしております。 本治療は医療費控除の対象となる可能性が",,
A,P00676,F0477,中部,静岡県,みしま痛み＆リハビリクリニック,みしま痛み＆リハビリクリニック,みしま痛み＆リハビリクリニック,第二種,自己多血小板血漿（PRP）を用いた変形性関節症に対する疼痛緩和治療（関節内組織）,PRP,AUTO,1.0,https://saiseiiryo.mhlw.go.jp/published_plan/download/01D2511006/5/0,55000,税込,1 回,MyCells,MyCells系,8,,"8. 治療にかかる費用について この治療は、健康保険が適用されない自由診療です。そのため、患者様の費用負担が他の治 療よりも高額になることがあります。当院において実施される本治療および本治療に必要な検査 などの費用は全額自己負担となります。 ・1 回1 部位(採血量約20ml)=55,000 円(税込) Mycells PRP キット (スモールスピッツ/1 本あたりの採血量約10ml)の場合=2 本使用 MyCellsR22 (ラージスピッツ/1 本あたりの採血量=約20ml)の場合=1 本使用 ※患者様の症状によっては、治療を数回行うことがあります。治療前、または治療後の状態から 担当医師が判断し、",,
A,P00677,F0478,中部,静岡県,伊豆高原メディカル たかやなぎ整形外科,伊豆高原メディカル たかやなぎ整形外科,伊豆高原メディカル たかやなぎ整形外科,第二種,自家多血小板血漿（PRP）を用いた慢性関節炎の治療（関節内組織）,PRP,QC,0.9838,https://saiseiiryo.mhlw.go.jp/published_plan/download/02D2403001/5/0,15000,税込,1 回,ACP,Arthrex,6,7,"費用(税込) 血液検査 10,000~15,000 円 ACP(1 回・1 部位) 55,000 円",price candidates remain ambiguous,
A,P00677,F0478,中部,静岡県,伊豆高原メディカル たかやなぎ整形外科,伊豆高原メディカル たかやなぎ整形外科,伊豆高原メディカル たかやなぎ整形外科,第二種,自家多血小板血漿（PRP）を用いた慢性関節炎の治療（関節内組織）,PRP,QC,0.9838,https://saiseiiryo.mhlw.go.jp/published_plan/download/02D2403001/5/0,44000,不明,1 回,,,3,7,"55,000 円 Condensia(1 回・1 部位) 44,000 円 (3) 採血を開始してからキャンセルされた場合は、費用の全額をご負担いた だきます。",price candidates remain ambiguous,
A,P00677,F0478,中部,静岡県,伊豆高原メディカル たかやなぎ整形外科,伊豆高原メディカル たかやなぎ整形外科,伊豆高原メディカル たかやなぎ整形外科,第二種,自家多血小板血漿（PRP）を用いた慢性関節炎の治療（関節内組織）,PRP,QC,0.9838,https://saiseiiryo.mhlw.go.jp/published_plan/download/02D2403001/5/0,55000,不明,1 回,ACP,Arthrex,2,7,"10,000~15,000 円 ACP(1 回・1 部位) 55,000 円 Condensia(1 回・1 部位) 44,000 円",price candidates remain ambiguous,
A,P00678,F0479,中部,静岡県,医療法人社団髙伸会 伊豆高原メディカル たかやなぎ整形外科,医療法人社団髙伸会 伊豆高原メディカル たかやなぎ整形外科,医療法人社団髙伸会 伊豆高原メディカル たかやなぎ整形外科,第二種,自己脂肪由来間葉系幹細胞を用いた関節痛、変形性関節症治療,脂肪由来MSC,AUTO,1.0,https://saiseiiryo.mhlw.go.jp/published_plan/download/01D2210003/5/0,1000000,税別,,,,11,6,"他、本治療を受けるために必要となった旅費、交通費などの全ての費用もご自分でご負担いただ きます。 実際に必要となる費用については今回の治療は1,000,000 円(税抜)となります。 脂肪採取から1 年以内に再度本治療をご希望される場合、凍結された細胞を用いるので脂肪採 取をさせて頂く必要はございませんが、費用については、同額となります。",line-level strong price context,
A,P00679,F0480,中部,静岡県,医療法人社団明徳会 十全記念病院,医療法人社団明徳会 十全記念病院,医療法人社団明徳会 十全記念病院,第二種,多血小板血漿（PRP）の投与による関節治療,PRP,AUTO,1.0,https://saiseiiryo.mhlw.go.jp/published_plan/download/03D2510004/5/0,20000,税込,3回,APS,Zimmer Biomet,9,,反応などの可能 性を完全には否定できない 11. 治療にかかる費用について この治療は公的保険の対象ではありませんので、当院の所定の施術 料をお支払いいただきます。 ・濃縮PRPを用いた治療(APSキット使用)における施術料 20万円 (税込) ・京セラCondensiaシステム使用における施術料 2万円(税込) ×3回(基本は3回投与) ご不明な点は医師・スタッフにお尋ねください。なお1回の施術あ たりの費用は、患部の状態を確認した医師の判断、PRPの遠心回数 等により変更となる場合がございます。 12. その他治療についての注意事 項 患者様の体調が良くない場合や、採取,,
A,P00679,F0480,中部,静岡県,医療法人社団明徳会 十全記念病院,医療法人社団明徳会 十全記念病院,医療法人社団明徳会 十全記念病院,第二種,多血小板血漿（PRP）の投与による関節治療,PRP,AUTO,1.0,https://saiseiiryo.mhlw.go.jp/published_plan/download/03D2510004/5/0,200000,税込,3回,APS,Zimmer Biomet,9,,性を完全 には否定できない 品質管理された安全性の高いものだが、アレルギー反応などの可能 性を完全には否定できない 11. 治療にかかる費用について この治療は公的保険の対象ではありませんので、当院の所定の施術 料をお支払いいただきます。 ・濃縮PRPを用いた治療(APSキット使用)における施術料 20万円 (税込) ・京セラCondensiaシステム使用における施術料 2万円(税込) ×3回(基本は3回投与) ご不明な点は医師・スタッフにお尋ねください。なお1回の施術あ たりの費用は、患部の状態を確認した医師の判断、PRPの遠心回数 等により変更となる場合がございます。 12. その他治療についての注意事 項,,
A,P00680,F0481,中部,静岡県,医療法人社団明仁会 静岡リハビリペインクリニック,医療法人社団明仁会 静岡リハビリペインクリニック,医療法人社団明仁会 静岡リハビリペインクリニック,第二種,変形性関節症に対する多血小板血漿（PRP）関節内投与療法,PRP,AUTO,1.0,https://saiseiiryo.mhlw.go.jp/published_plan/download/01D2505007/5/0,40000,税込,,,,8,3,"14.費用について 細胞の提供に際して費用は発生しません。 治療の提供に際しては、本治療は公的保険の対象ではありませんので、当院所定の施術料として40,000 円 (税込)をお支払いいただきます。 ※患者様の症状、その他の事情等により治療費が変動する場合があります。",line-level medium price context,
A,P00681,F0482,中部,静岡県,医療法人社団浜本整形外科医院,医療法人社団浜本整形外科医院,医療法人社団浜本整形外科医院,第二種,変形性関節症に対する多血小板血漿（PRP）関節内投与療法,PRP,AUTO,1.0,https://saiseiiryo.mhlw.go.jp/published_plan/download/01D2602005/5/0,50000,税込,3 回,ACP|APS|GPS,Arthrex|Zimmer Biomet,8,,間:9:00-12:30、15:00-18:00 営業時間外の連絡先: 14.費用について 細胞の提供に際して費用は発生しません。 治療の提供に際しては、本治療は公的保険の対象ではありませんので、当院所定の施術料として以下の金額 をお支払いいただきます。 ACP ダブルシリンジ 5 万円×3 回(推奨) GPSIII 15 万円 APS 30 万円 (全て税込) ※患者様の症状、その他の事情等により治療費が変動する場合があります。 なお、細胞の採取後や加工後に同意を撤回された場合など、同意を撤回される時点までに費用が発生している 場合は、発生した費用については患者様にご負担いただきますのでご了承ください。,,
A,P00681,F0482,中部,静岡県,医療法人社団浜本整形外科医院,医療法人社団浜本整形外科医院,医療法人社団浜本整形外科医院,第二種,変形性関節症に対する多血小板血漿（PRP）関節内投与療法,PRP,AUTO,1.0,https://saiseiiryo.mhlw.go.jp/published_plan/download/01D2602005/5/0,150000,税込,3 回,ACP|APS|GPS,Arthrex|Zimmer Biomet,8,,:00 営業時間外の連絡先: 14.費用について 細胞の提供に際して費用は発生しません。 治療の提供に際しては、本治療は公的保険の対象ではありませんので、当院所定の施術料として以下の金額 をお支払いいただきます。 ACP ダブルシリンジ 5 万円×3 回(推奨) GPSIII 15 万円 APS 30 万円 (全て税込) ※患者様の症状、その他の事情等により治療費が変動する場合があります。 なお、細胞の採取後や加工後に同意を撤回された場合など、同意を撤回される時点までに費用が発生している 場合は、発生した費用については患者様にご負担いただきますのでご了承ください。 15.他の治療法の有無、本治療法との比,,
A,P00681,F0482,中部,静岡県,医療法人社団浜本整形外科医院,医療法人社団浜本整形外科医院,医療法人社団浜本整形外科医院,第二種,変形性関節症に対する多血小板血漿（PRP）関節内投与療法,PRP,AUTO,1.0,https://saiseiiryo.mhlw.go.jp/published_plan/download/01D2602005/5/0,300000,税込,3 回,ACP|APS|GPS,Arthrex|Zimmer Biomet,8,,連絡先: 14.費用について 細胞の提供に際して費用は発生しません。 治療の提供に際しては、本治療は公的保険の対象ではありませんので、当院所定の施術料として以下の金額 をお支払いいただきます。 ACP ダブルシリンジ 5 万円×3 回(推奨) GPSIII 15 万円 APS 30 万円 (全て税込) ※患者様の症状、その他の事情等により治療費が変動する場合があります。 なお、細胞の採取後や加工後に同意を撤回された場合など、同意を撤回される時点までに費用が発生している 場合は、発生した費用については患者様にご負担いただきますのでご了承ください。 15.他の治療法の有無、本治療法との比較について 変形性関,,
A,P00682,F0483,中部,静岡県,医療法人社団オステオケア ないとう整形外科クリニック,医療法人社団オステオケア ないとう整形外科クリニック,医療法人社団オステオケア ないとう整形外科クリニック,第二種,変形性関節症および関節腔の傷害を対象とした自家多血小板血漿（PRP）注入療法,PRP,QC,1.0,https://saiseiiryo.mhlw.go.jp/published_plan/download/01D2303008/5/0,,,,,,,,,no price found after text/OCR pass,RuntimeError: Tesseract process timeout
A,P00683,F0484,中部,静岡県,医療法人社団ディー・エイチ・アール 鈴木整形外科スポーツクリニック,医療法人社団ディー・エイチ・アール 鈴木整形外科スポーツクリニック,医療法人社団ディー・エイチ・アール 鈴木整形外科スポーツクリニック,第二種,自家多血小板血漿（PRP）の投与による変形性関節症治療,PRP,AUTO,1.0,https://saiseiiryo.mhlw.go.jp/published_plan/download/03D2401006/5/0,90000,税別,1回,APS|GPS,Zimmer Biomet,9,,"には否定できない 品質管理された安全性の高いものだが、アレルギー反応などの可能 性を完全には否定できない 11. 治療にかかる費用について この治療は公的保険の対象ではありませんので、当院の所定の施術 料をお支払いいただきます。 ・自家PRPを用いた治療(GPSIIIキット使用)における施術料 90,000 円(税抜) ・自家濃縮PRPを用いた治療(APSキット使用)における施術料 300,000 円(税抜) ご不明な点は医師・スタッフにお尋ねください。なお1回の施術あ たりの費用は、患部の状態を確認した医師の判断、PRPの遠心回数 等により変更となる場合がございます。 12. その他治療についての注意事 項",,
A,P00683,F0484,中部,静岡県,医療法人社団ディー・エイチ・アール 鈴木整形外科スポーツクリニック,医療法人社団ディー・エイチ・アール 鈴木整形外科スポーツクリニック,医療法人社団ディー・エイチ・アール 鈴木整形外科スポーツクリニック,第二種,自家多血小板血漿（PRP）の投与による変形性関節症治療,PRP,AUTO,1.0,https://saiseiiryo.mhlw.go.jp/published_plan/download/03D2401006/5/0,300000,税別,1回,APS|GPS,Zimmer Biomet,9,,"には否定できない 11. 治療にかかる費用について この治療は公的保険の対象ではありませんので、当院の所定の施術 料をお支払いいただきます。 ・自家PRPを用いた治療(GPSIIIキット使用)における施術料 90,000 円(税抜) ・自家濃縮PRPを用いた治療(APSキット使用)における施術料 300,000 円(税抜) ご不明な点は医師・スタッフにお尋ねください。なお1回の施術あ たりの費用は、患部の状態を確認した医師の判断、PRPの遠心回数 等により変更となる場合がございます。 12. その他治療についての注意事 項 患者様の体調が良くない場合や、採取した血液の状態によっては、",,
A,P00683,F0484,中部,静岡県,医療法人社団ディー・エイチ・アール 鈴木整形外科スポーツクリニック,医療法人社団ディー・エイチ・アール 鈴木整形外科スポーツクリニック,医療法人社団ディー・エイチ・アール 鈴木整形外科スポーツクリニック,第二種,自家多血小板血漿（PRP）の投与による変形性関節症治療,PRP,AUTO,1.0,https://saiseiiryo.mhlw.go.jp/published_plan/download/03D2401006/5/0,70000,税別,,APS|GPS,Zimmer Biomet,8,,"も、一切不利益を受けません。 ただし本治療をとりやめた場合には、とりやめた時点までに発生し た施術および製造にかかった費用をお支払いいただきます。 ・採血前に治療をとりやめた場合、費用のお支払いはございませ ん。 ・採血後から投与までに治療をとりやめた場合、 自家PRP(GPSキット使用)の場合: 70,000円(税抜) 自家濃縮PRP(APSキット使用)の場合: 200,000円(税抜) をお支払いいただきます。 また治療を行った後は、健康管理のために、必要に応じて適切な検 査を受けていただきます。医学的に問題がないか確認します。 14. 個人情報保護について 「個人情報の保護に関する法律」に基づき、当院には、個人情報取 扱実施規程があります。",,
A,P00683,F0484,中部,静岡県,医療法人社団ディー・エイチ・アール 鈴木整形外科スポーツクリニック,医療法人社団ディー・エイチ・アール 鈴木整形外科スポーツクリニック,医療法人社団ディー・エイチ・アール 鈴木整形外科スポーツクリニック,第二種,自家多血小板血漿（PRP）の投与による変形性関節症治療,PRP,AUTO,1.0,https://saiseiiryo.mhlw.go.jp/published_plan/download/03D2401006/5/0,200000,税別,,APS|GPS,Zimmer Biomet,8,,"やめた時点までに発生し た施術および製造にかかった費用をお支払いいただきます。 ・採血前に治療をとりやめた場合、費用のお支払いはございませ ん。 ・採血後から投与までに治療をとりやめた場合、 自家PRP(GPSキット使用)の場合: 70,000円(税抜) 自家濃縮PRP(APSキット使用)の場合: 200,000円(税抜) をお支払いいただきます。 また治療を行った後は、健康管理のために、必要に応じて適切な検 査を受けていただきます。医学的に問題がないか確認します。 14. 個人情報保護について 「個人情報の保護に関する法律」に基づき、当院には、個人情報取 扱実施規程があります。この規程に基づき、患者さまの氏名や病気 のことなどの個人のプライバシー",,
A,P00684,F0485,中部,静岡県,医療法人社団平成会 藤枝平成記念病院,医療法人社団平成会 藤枝平成記念病院,医療法人社団平成会 藤枝平成記念病院,第二種,変形性関節症に対する多血小板血漿（PRP）関節内投与療法,PRP,QC,1.0,https://saiseiiryo.mhlw.go.jp/published_plan/download/01D2510006/5/0,300000,税込,,,,5,3,"細胞の提供に際して費用は発生しません。 治療の提供に際しては、本治療は公的保険の対象ではありませんので、当院所定の施術料として 300,000 円(税込)をお支払いいただきます。",price candidates remain ambiguous,
A,P00685,F0486,中部,静岡県,医療法人社団名典会 静岡AGAクリニック,医療法人社団名典会 静岡AGAクリニック,医療法人社団名典会 静岡AGAクリニック,第二種,自己脂肪由来幹細胞を用いた変形性関節症の治療,脂肪由来幹細胞,AUTO,1.0,https://saiseiiryo.mhlw.go.jp/published_plan/download/01D2504004/5/0,1760000,税込,1回,,,9,5,"2500万個までの場合:1回分 1,100,000円(税込) 5000万個までの場合:1回分 1,320,000円(税込) 1億個までの場合 :1回分 1,760,000円(税込) 同意を撤回された場合など、同意を撤回される時点までに発生した 費用(診察料、検査費、脂肪採取費、輸送費、加工費等)について",line-level strong price context,
A,P00686,F0487,中部,静岡県,国立大学法人浜松医科大学 浜松医科大学医学部附属病院,国立大学法人浜松医科大学 浜松医科大学医学部附属病院,国立大学法人浜松医科大学 浜松医科大学医学部附属病院,第二種,変形性関節症および関節腔の傷害を対象とした自家多血小板血漿（PRP）注入療法,PRP,AUTO,1.0,https://saiseiiryo.mhlw.go.jp/published_plan/download/03D2504002/5/0,205800,税込,1 回,,,7,,"8. 治療にかかる費用について この治療は、健康保険が適用されない自由診療です。そのため、患者様の費用負担が 他の治療よりも高額になることがあります。当院において実施される本治療および本治 療に必要な検査などの費用は全額自己負担となります。 血液分離専用容器キットによる施術料1 回 205,800 円(税込) ※患者様の症状によっては、治療を数回行うことがあります。治療前、または治療後 の状態から担当医師が判断し、患者様にお伝えしご相談させて頂きます。 ※治療内容・回数により1回あたりの費用が減額される場合がございます。施術する 前に詳細な説明をいたしますので、ご納得いただいた上で施術いただ",,
A,P00686,F0487,中部,静岡県,国立大学法人浜松医科大学 浜松医科大学医学部附属病院,国立大学法人浜松医科大学 浜松医科大学医学部附属病院,国立大学法人浜松医科大学 浜松医科大学医学部附属病院,第二種,変形性関節症および関節腔の傷害を対象とした自家多血小板血漿（PRP）注入療法,PRP,AUTO,1.0,https://saiseiiryo.mhlw.go.jp/published_plan/download/03D2504002/5/0,67200,不明,,,,-8,,"同意されない場合でも、一切不利益を受けることはありません。 また同様に、治療を受けることに同意した場合であっても、投与までの間でしたらい つでも取りやめることができます。この場合でも、一切不利益を受けません。 (採血等にかかる実費等はご負担いただきます。 :採血後または、加工後のキャンセル料 67,200 円) もしこの治療を受けることに同意しない場合も、最適と考えられる治療を実施できる ように患者様の治療に最善を尽くします。 ただし、治療を行った後は、健康管理のために必要に応じて適切な検査を受けていた だき、医学的に問題がないかを確認させていただきます。 11. 試料等の保管及び廃棄の方法について この治療にて患者様より採取",,
A,P00687,F0488,中部,静岡県,富士整形外科病院,富士整形外科病院,富士整形外科病院,第二種,自家多血小板血漿（PRP）を用いた慢性関節炎の治療（関節内組織）,PRP,AUTO,0.9838,https://saiseiiryo.mhlw.go.jp/published_plan/download/02D2510006/5/0,250000,税込,2回分,,,9,,"、すべて自費診療であり、健康保険を使用することはできません。 (2) 本治療にかかる費用は、以下のとおりです。なお、費用は、治療に伴う診査、 PRP調製のための採血にかかる費用、PRP調製費用、注入にかかる費用の総 額となります。左右両側に投与する場合は、2回分です。 PRP 1回(1部位) 250,000円(税込) PRP 2回分(2部位同時) 300,000円(税込) 11. 試料等の保存及び廃棄の方法 患者様から採取した血液と作製したPRPは、患者様ご自身の治療のみに使用しま す。ただし、症例検討や学会発表を目的として、血液やPRPの測定を行い、データを 取得することがあります。 血液およびPRPは微量で全量を使用する",,
A,P00687,F0488,中部,静岡県,富士整形外科病院,富士整形外科病院,富士整形外科病院,第二種,自家多血小板血漿（PRP）を用いた慢性関節炎の治療（関節内組織）,PRP,AUTO,0.9838,https://saiseiiryo.mhlw.go.jp/published_plan/download/02D2510006/5/0,300000,税込,2回分,,,9,,"本治療にかかる費用は、以下のとおりです。なお、費用は、治療に伴う診査、 PRP調製のための採血にかかる費用、PRP調製費用、注入にかかる費用の総 額となります。左右両側に投与する場合は、2回分です。 PRP 1回(1部位) 250,000円(税込) PRP 2回分(2部位同時) 300,000円(税込) 11. 試料等の保存及び廃棄の方法 患者様から採取した血液と作製したPRPは、患者様ご自身の治療のみに使用しま す。ただし、症例検討や学会発表を目的として、血液やPRPの測定を行い、データを 取得することがあります。 血液およびPRPは微量で全量を使用するため、保管はしません。治療に用いない 5 血液またはPRPが生じた場",,
A,P00688,F0489,中部,静岡県,清水サルバス整形外科・糖尿病内分泌クリニック,清水サルバス整形外科・糖尿病内分泌クリニック,清水サルバス整形外科・糖尿病内分泌クリニック,第二種,自己多血小板血漿（PRP）の投与による変形性関節症の治療,PRP,AUTO,1.0,https://saiseiiryo.mhlw.go.jp/published_plan/download/01D2501002/5/0,50000,税別,1回,ACP|APS|GPS,Arthrex|Zimmer Biomet,9,,"る費用について この治療は公的保険の対象ではありませんので、当院にて実施する治療、治療に必要な検査、 治療の経過観察などの費用は全額自己負担となります。 使用キット 治療提供価格(税別) ACP ダブルシリンジシステム(1回) 50,000 円 ACPMAX PRP システム(1回) 180,000 円 GPSIIIシステム(1 回) 150,000 円 APS キット〔濃縮PRP〕(1回) 300,000 円 その他治療についての注意事項 患者さまの体調が良くない場合や、採取した血",,
A,P00688,F0489,中部,静岡県,清水サルバス整形外科・糖尿病内分泌クリニック,清水サルバス整形外科・糖尿病内分泌クリニック,清水サルバス整形外科・糖尿病内分泌クリニック,第二種,自己多血小板血漿（PRP）の投与による変形性関節症の治療,PRP,AUTO,1.0,https://saiseiiryo.mhlw.go.jp/published_plan/download/01D2501002/5/0,150000,税別,1回,ACP|APS|GPS,Arthrex|Zimmer Biomet,9,,"る治療、治療に必要な検査、 治療の経過観察などの費用は全額自己負担となります。 使用キット 治療提供価格(税別) ACP ダブルシリンジシステム(1回) 50,000 円 ACPMAX PRP システム(1回) 180,000 円 GPSIIIシステム(1 回) 150,000 円 APS キット〔濃縮PRP〕(1回) 300,000 円 その他治療についての注意事項 患者さまの体調が良くない場合や、採取した血液の状態によっては、PRP を分離できないこと があります。その際には、再度採血をさせていただく場合があります。その場合、追加費用は 発",,
A,P00688,F0489,中部,静岡県,清水サルバス整形外科・糖尿病内分泌クリニック,清水サルバス整形外科・糖尿病内分泌クリニック,清水サルバス整形外科・糖尿病内分泌クリニック,第二種,自己多血小板血漿（PRP）の投与による変形性関節症の治療,PRP,AUTO,1.0,https://saiseiiryo.mhlw.go.jp/published_plan/download/01D2501002/5/0,180000,税別,1回,ACP|APS|GPS,Arthrex|Zimmer Biomet,9,,"この治療は公的保険の対象ではありませんので、当院にて実施する治療、治療に必要な検査、 治療の経過観察などの費用は全額自己負担となります。 使用キット 治療提供価格(税別) ACP ダブルシリンジシステム(1回) 50,000 円 ACPMAX PRP システム(1回) 180,000 円 GPSIIIシステム(1 回) 150,000 円 APS キット〔濃縮PRP〕(1回) 300,000 円 その他治療についての注意事項 患者さまの体調が良くない場合や、採取した血液の状態によっては、PRP を分離できないこと があります。その",,
A,P00688,F0489,中部,静岡県,清水サルバス整形外科・糖尿病内分泌クリニック,清水サルバス整形外科・糖尿病内分泌クリニック,清水サルバス整形外科・糖尿病内分泌クリニック,第二種,自己多血小板血漿（PRP）の投与による変形性関節症の治療,PRP,AUTO,1.0,https://saiseiiryo.mhlw.go.jp/published_plan/download/01D2501002/5/0,300000,税別,1回,ACP|APS|GPS,Arthrex|Zimmer Biomet,9,,"己負担となります。 使用キット 治療提供価格(税別) ACP ダブルシリンジシステム(1回) 50,000 円 ACPMAX PRP システム(1回) 180,000 円 GPSIIIシステム(1 回) 150,000 円 APS キット〔濃縮PRP〕(1回) 300,000 円 その他治療についての注意事項 患者さまの体調が良くない場合や、採取した血液の状態によっては、PRP を分離できないこと があります。その際には、再度採血をさせていただく場合があります。その場合、追加費用は 発生いたしません。 また、本治療に使用する機器は定期的にメンテ",,
A,P00689,F0490,中部,静岡県,社会福祉法人聖隷福祉事業団 総合病院 聖隷浜松病院,社会福祉法人聖隷福祉事業団 総合病院 聖隷浜松病院,社会福祉法人聖隷福祉事業団 総合病院 聖隷浜松病院,第二種,多血小板血漿（PRP）を用いた関節痛、変形性関節症治療,PRP,AUTO,1.0,https://saiseiiryo.mhlw.go.jp/published_plan/download/03D2607003/5/0,27500,不明,,GPS,Zimmer Biomet,7,,"期待される 炎症をおさえ、傷んで いる組織の修復を促進 する効果が期待される GPSIIIをさらに濃縮し ており、炎症を抑える 効果がより期待される 採血量 15ml 26ml 又は52ml 55ml 効果持続期間 6 か月程度 6~12 か月程度 最大24 か月程度 費用 27,500 円 105,600 円 330,000 円 C-1) 治療(手術)の実施予定日 西暦 年 月 日 C-2) 治療(手術)の実施予定者 【血液採取およびPRP の投与を行う医療機関】 社会福祉法人聖隷福祉事業団 総合病院 聖隷浜松病院 〒430-8558 静岡県浜松市中区住吉2-12-12 管理者",,
A,P00689,F0490,中部,静岡県,社会福祉法人聖隷福祉事業団 総合病院 聖隷浜松病院,社会福祉法人聖隷福祉事業団 総合病院 聖隷浜松病院,社会福祉法人聖隷福祉事業団 総合病院 聖隷浜松病院,第二種,多血小板血漿（PRP）を用いた関節痛、変形性関節症治療,PRP,AUTO,1.0,https://saiseiiryo.mhlw.go.jp/published_plan/download/03D2607003/5/0,105600,不明,,GPS,Zimmer Biomet,7,,"おさえ、傷んで いる組織の修復を促進 する効果が期待される GPSIIIをさらに濃縮し ており、炎症を抑える 効果がより期待される 採血量 15ml 26ml 又は52ml 55ml 効果持続期間 6 か月程度 6~12 か月程度 最大24 か月程度 費用 27,500 円 105,600 円 330,000 円 C-1) 治療(手術)の実施予定日 西暦 年 月 日 C-2) 治療(手術)の実施予定者 【血液採取およびPRP の投与を行う医療機関】 社会福祉法人聖隷福祉事業団 総合病院 聖隷浜松病院 〒430-8558 静岡県浜松市中区住吉2-12-12 管理者 岡 俊明 実施責任者",,
A,P00689,F0490,中部,静岡県,社会福祉法人聖隷福祉事業団 総合病院 聖隷浜松病院,社会福祉法人聖隷福祉事業団 総合病院 聖隷浜松病院,社会福祉法人聖隷福祉事業団 総合病院 聖隷浜松病院,第二種,多血小板血漿（PRP）を用いた関節痛、変形性関節症治療,PRP,AUTO,1.0,https://saiseiiryo.mhlw.go.jp/published_plan/download/03D2607003/5/0,330000,不明,,GPS,Zimmer Biomet,7,,"織の修復を促進 する効果が期待される GPSIIIをさらに濃縮し ており、炎症を抑える 効果がより期待される 採血量 15ml 26ml 又は52ml 55ml 効果持続期間 6 か月程度 6~12 か月程度 最大24 か月程度 費用 27,500 円 105,600 円 330,000 円 C-1) 治療(手術)の実施予定日 西暦 年 月 日 C-2) 治療(手術)の実施予定者 【血液採取およびPRP の投与を行う医療機関】 社会福祉法人聖隷福祉事業団 総合病院 聖隷浜松病院 〒430-8558 静岡県浜松市中区住吉2-12-12 管理者 岡 俊明 実施責任者 船越 雄誠 実施医",,
A,P00690,F0491,中部,静岡県,錦野クリニック,錦野クリニック,錦野クリニック,第二種,多血小板血漿（PRP）を用いた整形外科疾患に対する治療,PRP,QC,0.9718,https://saiseiiryo.mhlw.go.jp/published_plan/download/01D1903003/5/0,,,,,,,,,no price found after text/OCR pass,Document fetched but no price candidate
A,P00691,F0492,中部,静岡県,順天堂大学医学部附属 静岡病院,順天堂大学医学部附属 静岡病院,順天堂大学医学部附属 静岡病院,第二種,多血小板血漿（PRP）を用いた変形性関節症治療,PRP,QC,0.952,https://saiseiiryo.mhlw.go.jp/published_plan/download/03D2607002/5/0,350000,税別,,,,5,4,"能性を完全には否定できない。 費用 350,000 円(税抜) (当院の場合) 保険適用:2000 円前後/回",price candidates remain ambiguous,
A,P00691,F0492,中部,静岡県,順天堂大学医学部附属 静岡病院,順天堂大学医学部附属 静岡病院,順天堂大学医学部附属 静岡病院,第二種,多血小板血漿（PRP）を用いた変形性関節症治療,PRP,QC,0.952,https://saiseiiryo.mhlw.go.jp/published_plan/download/03D2607002/5/0,2000,税別,,,,4,4,"350,000 円(税抜) (当院の場合) 保険適用:2000 円前後/回 (膝関節内投与の場合) 詳細やご不明な点は医師・スタッフまでお気軽にお尋ねください。",price candidates remain ambiguous,
A,P00692,F0493,中部,静岡県,ＴＯＢＵ整形外科スポーツ＆リハビリクリニック,ＴＯＢＵ整形外科スポーツ＆リハビリクリニック,ＴＯＢＵ整形外科スポーツ＆リハビリクリニック,第二種,変形性関節症を対象とした自家多血小板血漿（PRP）注入療法,PRP,QC,1.0,https://saiseiiryo.mhlw.go.jp/published_plan/download/01D2508003/5/0,5000,税込,1回,,,8,9,"血液分離専用容器キットによる提供価格 各1回: PRP:(京セラCondensiaシステム)使用 ・・・・・・・・1回5 5,000円(税込) ※患者様の症状によっては、治療を数回行うことがあります。治療 前、または治療後の状態から担当医師が判断し、患者様にお伝えし",price candidates remain ambiguous,
A,P00692,F0493,中部,静岡県,ＴＯＢＵ整形外科スポーツ＆リハビリクリニック,ＴＯＢＵ整形外科スポーツ＆リハビリクリニック,ＴＯＢＵ整形外科スポーツ＆リハビリクリニック,第二種,変形性関節症を対象とした自家多血小板血漿（PRP）注入療法,PRP,QC,1.0,https://saiseiiryo.mhlw.go.jp/published_plan/download/01D2508003/5/0,5500,税込,,,,5,10,"の後の治療について一切不利益は受けません。(ただし下記のキャ ンセル料は申し受けます) ・採血後~加工前 5,500円(税込) ・加工後~投与前 全額 もしこの治療を受けることに同意しない場合も、最適と考えられる",price candidates remain ambiguous,
A,P00693,F0494,中部,愛知県,Dr.Forceクリニック名古屋伏見院,Dr.Forceクリニック名古屋伏見院,Dr.Forceクリニック名古屋伏見院,第二種,自己脂肪由来幹細胞を用いた変形性関節症の治療,脂肪由来幹細胞,QC,1.0,https://saiseiiryo.mhlw.go.jp/published_plan/download/02D2607006/5/0,,,,,,,,,no price found after text/OCR pass,Document fetched but no price candidate
A,P00694,F0495,中部,愛知県,NexWelクリニック大名古屋ビル皮膚科,NexWelクリニック大名古屋ビル皮膚科,NexWelクリニック大名古屋ビル皮膚科,第二種,変形性関節症に対する自己脂肪由来幹細胞を用いた治療,脂肪由来幹細胞,QC,1.0,https://saiseiiryo.mhlw.go.jp/published_plan/download/02D1912027/5/0,10000,不明,1回,,,-4,2,"この治療は保険適用外のため、当クリニックにおいて実施される本療法および本治療に必要な 検査などの費用は全額自己負担となります。 初診料 10,000円 治療費用 1回 1000,000円 また、治療を決定して脂肪を採取するとすぐに治療費(培養費)が発生するため、脂肪を採取",price candidates remain ambiguous,
A,P00695,F0496,中部,愛知県,あいせい紀年病院,あいせい紀年病院,あいせい紀年病院,第二種,自家多血小板血漿（PRP）を用いた慢性関節炎の治療（関節内組織）,PRP,AUTO,0.9838,https://saiseiiryo.mhlw.go.jp/published_plan/download/03D2606001/5/0,55000,税込,2 回分,,,9,,"できません。 (2) 本治療にかかる費用は、以下のとおりです。なお、費用は、治療に伴う診査、 自家PRP 調製のための採血にかかる費用、自家PRP 調製費用、注入にかか る費用の総額となります。左右両側に投与する場合は、2 回分です。 PRP 療法1回(1 部位) 55,000 円(税込) 11. 試料等の保存及び廃棄の方法 患者様から採取した血液と作製したPRP は、患者様ご自身の治療のみに 使用します。ただし、症例検討や学会発表を目的として、血液やPRP の測 定を行い、データを取得することがあります。 血液およびPRP は微量で全量を使用するため、保管はしません。治療",,
A,P00696,F0497,中部,愛知県,おかざき足の血管外科・痛みのクリニック,おかざき足の血管外科・痛みのクリニック,おかざき足の血管外科・痛みのクリニック,第二種,自家多血小板血漿（PRP）を用いた疼痛治療（関節内組織）,PRP,AUTO,0.9673,https://saiseiiryo.mhlw.go.jp/published_plan/download/01D2205007/5/0,53900,税込,2 回分,,,9,,"ん。 (2) 本治療にかかる費用は、以下のとおりです。なお、費用は、治療に伴う診 査、PRP 調製のための採血にかかる費用、PRP 調製費用、注入にかかる費 用の総額となります。左右両側に投与する場合は、2 回分です。 PRP 1 回(1 部位) 53,900 円(税込) 11. 試料等の保存及び廃棄の方法 患者様から採取した血液と作製したPRP は、患者様ご自身の治療のみ に使用します。ただし、症例検討や学会発表を目的として、血液やPRP の測定を行い、データを取得することがあります。 血液およびPRP は微量で全量を使用するため、保管はしません。治療 に用い",,
A,P00697,F0498,中部,愛知県,ふくだ整形外科骨粗しょう症スポーツクリニック,ふくだ整形外科骨粗しょう症スポーツクリニック,ふくだ整形外科骨粗しょう症スポーツクリニック,第二種,変形性関節症に対する多血小板血漿（PRP）関節内投与療法,PRP,AUTO,1.0,https://saiseiiryo.mhlw.go.jp/published_plan/download/01D2211013/5/0,33000,税込,,,,8,3,"治療の提供に際しては、本治療は公的保険の対象ではありませんので、当院所定の施術料として33,000円 (税込)をお支払いいただきます。 ※患者様の症状、その他の事情等により治療費が変動する場合があります。",line-level medium price context,
A,P00698,F0499,中部,愛知県,ふくの森リハビリ整形外科,ふくの森リハビリ整形外科,ふくの森リハビリ整形外科,第二種,自家多血小板血漿（PRP）を用いた慢性関節炎の治療（関節内組織）,PRP,AUTO,0.9838,https://saiseiiryo.mhlw.go.jp/published_plan/download/01D2404006/5/0,79800,税込,両側,,,11,7,"診査、PRP 調製のための採血にかかる費用、PRP 調製費用、注入にかかる費 用の総額となります。左右両側に投与する場合は、2 部位です。 PRP 1 回・1 部位 79,800 円(税込) (3) 複数部位投与、追加投与の際は割引きをいたしますので、詳細は説明をお 受けになってください。",line-level strong price context,
A,P00699,F0500,中部,愛知県,オーダーメイド・クリニック NAGOYA,オーダーメイド・クリニック NAGOYA,オーダーメイド・クリニック NAGOYA,第二種,多血小板血漿を用いた変形性関節症の治療,PRP,AUTO,1.0,https://saiseiiryo.mhlw.go.jp/published_plan/download/01D2306010/5/0,165000,税込,1回,,,9,,"。 再生医療事務局 電話番号:052-238-0151 12.費用について 本治療は保険の適用外であるため、自由診療として提供いたしま す。そのため、本治療を提供するために必要となる費用につきまし てはあなたに全額ご負担いただく必要がございます。治療に必要と なる費用は1回¥165,000円(税込)となります。 なお、細胞の採取後や加工後に同意を撤回された場合など、同意 を撤回される時点までに費用が発生している場合は、発生した費用 についてはあなたにご負担いただきますのでご了承ください。 13.他の治療法の有無、本治療法との比較について 変形性関節症の治療法には保存療法と手術療法の2つの方法があ りま",,
A,P00700,F0501,中部,愛知県,リジェネレーションクリニック,リジェネレーションクリニック,リジェネレーションクリニック,第二種,自家多血小板血漿（PRP）を用いた慢性関節炎の治療（関節内組織）,PRP,QC,0.9838,https://saiseiiryo.mhlw.go.jp/published_plan/download/01D2404005/5/0,50600,不明,両側,,,4,6,"額となります。左右両側に投与する場合は、2回分です。 ・2種(一般) 1回1部位 55,000円 2回目以降1部位 50,600円 同時2部位 88,000円 2回目以降2部位 83,600円 ・2種(学生)",price candidates remain ambiguous,
A,P00700,F0501,中部,愛知県,リジェネレーションクリニック,リジェネレーションクリニック,リジェネレーションクリニック,第二種,自家多血小板血漿（PRP）を用いた慢性関節炎の治療（関節内組織）,PRP,QC,0.9838,https://saiseiiryo.mhlw.go.jp/published_plan/download/01D2404005/5/0,55000,不明,両側,,,4,6,"額となります。左右両側に投与する場合は、2回分です。 ・2種(一般) 1回1部位 55,000円 2回目以降1部位 50,600円 同時2部位 88,000円 2回目以降2部位 83,600円 ・2種(学生)",price candidates remain ambiguous,
A,P00700,F0501,中部,愛知県,リジェネレーションクリニック,リジェネレーションクリニック,リジェネレーションクリニック,第二種,自家多血小板血漿（PRP）を用いた慢性関節炎の治療（関節内組織）,PRP,QC,0.9838,https://saiseiiryo.mhlw.go.jp/published_plan/download/01D2404005/5/0,49500,不明,2回,,,2,6,"同時2部位 88,000円 2回目以降2部位 83,600円 ・2種(学生) 1回1部位 49,500円 同時2部位 83,600円 5",price candidates remain ambiguous,
A,P00700,F0501,中部,愛知県,リジェネレーションクリニック,リジェネレーションクリニック,リジェネレーションクリニック,第二種,自家多血小板血漿（PRP）を用いた慢性関節炎の治療（関節内組織）,PRP,QC,0.9838,https://saiseiiryo.mhlw.go.jp/published_plan/download/01D2404005/5/0,83600,不明,2回,,,2,6,"同時2部位 88,000円 2回目以降2部位 83,600円 ・2種(学生) 1回1部位 49,500円 同時2部位 83,600円 5",price candidates remain ambiguous,
A,P00700,F0501,中部,愛知県,リジェネレーションクリニック,リジェネレーションクリニック,リジェネレーションクリニック,第二種,自家多血小板血漿（PRP）を用いた慢性関節炎の治療（関節内組織）,PRP,QC,0.9838,https://saiseiiryo.mhlw.go.jp/published_plan/download/01D2404005/5/0,83600,不明,1回,,,1,6,"・2種(一般) 1回1部位 55,000円 2回目以降1部位 50,600円 同時2部位 88,000円 2回目以降2部位 83,600円 ・2種(学生) 1回1部位 49,500円 同時2部位 83,600円",price candidates remain ambiguous,
A,P00700,F0501,中部,愛知県,リジェネレーションクリニック,リジェネレーションクリニック,リジェネレーションクリニック,第二種,自家多血小板血漿（PRP）を用いた慢性関節炎の治療（関節内組織）,PRP,QC,0.9838,https://saiseiiryo.mhlw.go.jp/published_plan/download/01D2404005/5/0,88000,不明,1回,,,1,6,"・2種(一般) 1回1部位 55,000円 2回目以降1部位 50,600円 同時2部位 88,000円 2回目以降2部位 83,600円 ・2種(学生) 1回1部位 49,500円 同時2部位 83,600円",price candidates remain ambiguous,
A,P00701,F0502,中部,愛知県,伊藤整形・内科 あいちスポーツ人工関節クリニック,伊藤整形・内科 あいちスポーツ人工関節クリニック,伊藤整形・内科 あいちスポーツ人工関節クリニック,第二種,自家脂肪組織由来の培養間葉系幹細胞を用いた関節疾患の治療,脂肪由来MSC,AUTO,1.0,https://saiseiiryo.mhlw.go.jp/published_plan/download/02D2607008/5/0,900000,税別,3 回分,,,9,,") 10 (別紙) 本再生医療等の費用は以下のとおりです。 投与細胞数 治療費用(税別) 1 約1,000 万個×3 回分 100 万円 2 約5,000 万個×1 回分 90 万円 3 約1 億個×1 回分 100 万円 4 約2 億個×1 回分 170 万円 5 約1 億個×2 回分 180 万円 なお、脂肪組織の採取の施術開始後や細胞加工の開始後、あるいは3 回投与の場合に1 回目投 与の後や2 回目投与の後に同意を撤回",,
A,P00701,F0502,中部,愛知県,伊藤整形・内科 あいちスポーツ人工関節クリニック,伊藤整形・内科 あいちスポーツ人工関節クリニック,伊藤整形・内科 あいちスポーツ人工関節クリニック,第二種,自家脂肪組織由来の培養間葉系幹細胞を用いた関節疾患の治療,脂肪由来MSC,AUTO,1.0,https://saiseiiryo.mhlw.go.jp/published_plan/download/02D2607008/5/0,1000000,税別,3 回分,,,9,,"(続柄: ) 10 (別紙) 本再生医療等の費用は以下のとおりです。 投与細胞数 治療費用(税別) 1 約1,000 万個×3 回分 100 万円 2 約5,000 万個×1 回分 90 万円 3 約1 億個×1 回分 100 万円 4 約2 億個×1 回分 170 万円 5 約1 億個×2 回分 180 万円 なお、脂肪組織の採取の施術開始後や細胞加工の開始後、あるいは3",,
A,P00701,F0502,中部,愛知県,伊藤整形・内科 あいちスポーツ人工関節クリニック,伊藤整形・内科 あいちスポーツ人工関節クリニック,伊藤整形・内科 あいちスポーツ人工関節クリニック,第二種,自家脂肪組織由来の培養間葉系幹細胞を用いた関節疾患の治療,脂肪由来MSC,AUTO,1.0,https://saiseiiryo.mhlw.go.jp/published_plan/download/02D2607008/5/0,1700000,税別,3 回分,,,7,,"投与細胞数 治療費用(税別) 1 約1,000 万個×3 回分 100 万円 2 約5,000 万個×1 回分 90 万円 3 約1 億個×1 回分 100 万円 4 約2 億個×1 回分 170 万円 5 約1 億個×2 回分 180 万円 なお、脂肪組織の採取の施術開始後や細胞加工の開始後、あるいは3 回投与の場合に1 回目投 与の後や2 回目投与の後に同意を撤回された場合など、それまでに費用が発生している場合は、 以下の通り、患者様ご自身にご負担いただきますのでご了承ください。 同",,
A,P00701,F0502,中部,愛知県,伊藤整形・内科 あいちスポーツ人工関節クリニック,伊藤整形・内科 あいちスポーツ人工関節クリニック,伊藤整形・内科 あいちスポーツ人工関節クリニック,第二種,自家脂肪組織由来の培養間葉系幹細胞を用いた関節疾患の治療,脂肪由来MSC,AUTO,1.0,https://saiseiiryo.mhlw.go.jp/published_plan/download/02D2607008/5/0,800000,不明,,,,5,,用のお支払いはありません 脂肪採取予定日の2 日前 ~脂肪採取当日の脂肪組織採取前 一律 10 万円をお支払いいただきます 脂肪組織採取後~細胞加工開始前 80 万円 72 万円 80 万円 136 万円 144 万円 細胞加工開始後~細胞投与前 80 万円 72 万円 80 万円 136 万円 144 万円 細胞投与後 治療費用全額をお支払いいただきます 以上,,
A,P00701,F0502,中部,愛知県,伊藤整形・内科 あいちスポーツ人工関節クリニック,伊藤整形・内科 あいちスポーツ人工関節クリニック,伊藤整形・内科 あいちスポーツ人工関節クリニック,第二種,自家脂肪組織由来の培養間葉系幹細胞を用いた関節疾患の治療,脂肪由来MSC,AUTO,1.0,https://saiseiiryo.mhlw.go.jp/published_plan/download/02D2607008/5/0,1360000,不明,,,,5,,はありません 脂肪採取予定日の2 日前 ~脂肪採取当日の脂肪組織採取前 一律 10 万円をお支払いいただきます 脂肪組織採取後~細胞加工開始前 80 万円 72 万円 80 万円 136 万円 144 万円 細胞加工開始後~細胞投与前 80 万円 72 万円 80 万円 136 万円 144 万円 細胞投与後 治療費用全額をお支払いいただきます 以上,,
A,P00701,F0502,中部,愛知県,伊藤整形・内科 あいちスポーツ人工関節クリニック,伊藤整形・内科 あいちスポーツ人工関節クリニック,伊藤整形・内科 あいちスポーツ人工関節クリニック,第二種,自家脂肪組織由来の培養間葉系幹細胞を用いた関節疾患の治療,脂肪由来MSC,AUTO,1.0,https://saiseiiryo.mhlw.go.jp/published_plan/download/02D2607008/5/0,1440000,不明,,,,5,,脂肪採取予定日の2 日前 ~脂肪採取当日の脂肪組織採取前 一律 10 万円をお支払いいただきます 脂肪組織採取後~細胞加工開始前 80 万円 72 万円 80 万円 136 万円 144 万円 細胞加工開始後~細胞投与前 80 万円 72 万円 80 万円 136 万円 144 万円 細胞投与後 治療費用全額をお支払いいただきます 以上,,
A,P00702,F0502,中部,愛知県,伊藤整形・内科 あいちスポーツ人工関節クリニック,伊藤整形・内科 あいちスポーツ人工関節クリニック,伊藤整形・内科 あいちスポーツ人工関節クリニック,第二種,自己多血小板血漿（PRP）の投与による変形性関節症の疼痛緩和を目的とした治療,PRP,AUTO,1.0,https://saiseiiryo.mhlw.go.jp/published_plan/download/02D2303001/5/0,150000,税別,1 回,APS|GPS,Zimmer Biomet,8,,"による変形性関節症の疼痛緩和を目的とした治療に関する説明文・同意文書 8 治療にかかる費用について この治療は公的保険の対象ではありませんので、当施設にて施術料をお支払いいただきます。 ・PRP を用いた治療(GPSIIIシステム使用)における施術料 1 回 150,000円 (税抜) ・濃縮PRP(APS)を用いた治療(APS キット使用) における施術料 1 回 300,000円 (税抜) APS キットにより製造される濃縮PRP(APS)を用いた治療では、半年~1年以上の治療効果が期待 できる一方で、GPSIIIシステムで製造したPRPを用いた治療では、複数回の投与が必要と",,
A,P00702,F0502,中部,愛知県,伊藤整形・内科 あいちスポーツ人工関節クリニック,伊藤整形・内科 あいちスポーツ人工関節クリニック,伊藤整形・内科 あいちスポーツ人工関節クリニック,第二種,自己多血小板血漿（PRP）の投与による変形性関節症の疼痛緩和を目的とした治療,PRP,AUTO,1.0,https://saiseiiryo.mhlw.go.jp/published_plan/download/02D2303001/5/0,300000,税別,1 回,APS|GPS,Zimmer Biomet,8,,"この治療は公的保険の対象ではありませんので、当施設にて施術料をお支払いいただきます。 ・PRP を用いた治療(GPSIIIシステム使用)における施術料 1 回 150,000円 (税抜) ・濃縮PRP(APS)を用いた治療(APS キット使用) における施術料 1 回 300,000円 (税抜) APS キットにより製造される濃縮PRP(APS)を用いた治療では、半年~1年以上の治療効果が期待 できる一方で、GPSIIIシステムで製造したPRPを用いた治療では、複数回の投与が必要となる場合があり ます。ご不明な点は医師・スタッフにお尋ねください。 ※患者様の症状により施術料が変わる場合は別途",,
A,P00703,F0502,中部,愛知県,伊藤整形・内科 あいちスポーツ人工関節クリニック,伊藤整形・内科 あいちスポーツ人工関節クリニック,伊藤整形・内科 あいちスポーツ人工関節クリニック,第二種,自家脂肪組織由来の培養間葉系幹細胞を用いた椎間関節症の治療,脂肪由来MSC,AUTO,1.0,https://saiseiiryo.mhlw.go.jp/published_plan/download/02D2601004/5/0,1000000,税別,1 回,,,9,,"(続柄: ) 10 (別紙) 本再生医療等の費用は以下のとおりです。 投与細胞数 治療費用(税別) 1 約3,000 万個×1 回分 100 万円 2 約5,000 万個×1 回分 120 万円 3 約1 億個×1 回分 160 万円 4 約3,000 万個×3 回分 200 万円 5 約2 億個×1 回分 250 万円 6 約1 億個×2 回分 270 万円",,
A,P00703,F0502,中部,愛知県,伊藤整形・内科 あいちスポーツ人工関節クリニック,伊藤整形・内科 あいちスポーツ人工関節クリニック,伊藤整形・内科 あいちスポーツ人工関節クリニック,第二種,自家脂肪組織由来の培養間葉系幹細胞を用いた椎間関節症の治療,脂肪由来MSC,AUTO,1.0,https://saiseiiryo.mhlw.go.jp/published_plan/download/02D2601004/5/0,1200000,税別,1 回,,,9,,") 10 (別紙) 本再生医療等の費用は以下のとおりです。 投与細胞数 治療費用(税別) 1 約3,000 万個×1 回分 100 万円 2 約5,000 万個×1 回分 120 万円 3 約1 億個×1 回分 160 万円 4 約3,000 万個×3 回分 200 万円 5 約2 億個×1 回分 250 万円 6 約1 億個×2 回分 270 万円 なお、脂肪組織の採取の施術開始後や細胞加工の開始後、あるいは3",,
A,P00703,F0502,中部,愛知県,伊藤整形・内科 あいちスポーツ人工関節クリニック,伊藤整形・内科 あいちスポーツ人工関節クリニック,伊藤整形・内科 あいちスポーツ人工関節クリニック,第二種,自家脂肪組織由来の培養間葉系幹細胞を用いた椎間関節症の治療,脂肪由来MSC,AUTO,1.0,https://saiseiiryo.mhlw.go.jp/published_plan/download/02D2601004/5/0,1600000,税別,1 回,,,7,,"の費用は以下のとおりです。 投与細胞数 治療費用(税別) 1 約3,000 万個×1 回分 100 万円 2 約5,000 万個×1 回分 120 万円 3 約1 億個×1 回分 160 万円 4 約3,000 万個×3 回分 200 万円 5 約2 億個×1 回分 250 万円 6 約1 億個×2 回分 270 万円 なお、脂肪組織の採取の施術開始後や細胞加工の開始後、あるいは3 回投与の場合に1 回目投 与の後や2 回目投与の後に同意を撤",,
A,P00703,F0502,中部,愛知県,伊藤整形・内科 あいちスポーツ人工関節クリニック,伊藤整形・内科 あいちスポーツ人工関節クリニック,伊藤整形・内科 あいちスポーツ人工関節クリニック,第二種,自家脂肪組織由来の培養間葉系幹細胞を用いた椎間関節症の治療,脂肪由来MSC,AUTO,1.0,https://saiseiiryo.mhlw.go.jp/published_plan/download/02D2601004/5/0,2000000,税別,1 回,,,7,,"投与細胞数 治療費用(税別) 1 約3,000 万個×1 回分 100 万円 2 約5,000 万個×1 回分 120 万円 3 約1 億個×1 回分 160 万円 4 約3,000 万個×3 回分 200 万円 5 約2 億個×1 回分 250 万円 6 約1 億個×2 回分 270 万円 なお、脂肪組織の採取の施術開始後や細胞加工の開始後、あるいは3 回投与の場合に1 回目投 与の後や2 回目投与の後に同意を撤回された場合など、それまでに費用が発生している場合は、 以下の通",,
A,P00703,F0502,中部,愛知県,伊藤整形・内科 あいちスポーツ人工関節クリニック,伊藤整形・内科 あいちスポーツ人工関節クリニック,伊藤整形・内科 あいちスポーツ人工関節クリニック,第二種,自家脂肪組織由来の培養間葉系幹細胞を用いた椎間関節症の治療,脂肪由来MSC,AUTO,1.0,https://saiseiiryo.mhlw.go.jp/published_plan/download/02D2601004/5/0,2500000,不明,1 回,,,6,,"0 万個×1 回分 100 万円 2 約5,000 万個×1 回分 120 万円 3 約1 億個×1 回分 160 万円 4 約3,000 万個×3 回分 200 万円 5 約2 億個×1 回分 250 万円 6 約1 億個×2 回分 270 万円 なお、脂肪組織の採取の施術開始後や細胞加工の開始後、あるいは3 回投与の場合に1 回目投 与の後や2 回目投与の後に同意を撤回された場合など、それまでに費用が発生している場合は、 以下の通り、患者様ご自身にご負担いただきますのでご了承ください。 同",,
A,P00703,F0502,中部,愛知県,伊藤整形・内科 あいちスポーツ人工関節クリニック,伊藤整形・内科 あいちスポーツ人工関節クリニック,伊藤整形・内科 あいちスポーツ人工関節クリニック,第二種,自家脂肪組織由来の培養間葉系幹細胞を用いた椎間関節症の治療,脂肪由来MSC,AUTO,1.0,https://saiseiiryo.mhlw.go.jp/published_plan/download/02D2601004/5/0,800000,不明,,,,5,,ンセル費用のお支払いはありません 脂肪採取予定日の2 日前 ~脂肪採取当日の脂肪組織採取前 一律 10 万円をお支払いいただきます 脂肪組織採取後~細胞加工開始前 80 万円 96 万円 128 万円 160 万円 200 万円 216 万円 細胞加工開始後~細胞投与前 80 万円 96 万円 128 万円 160 万円 200 万円 216 万円 細胞投与後 治療費用全額をお支払いいただきます 以上,,
A,P00703,F0502,中部,愛知県,伊藤整形・内科 あいちスポーツ人工関節クリニック,伊藤整形・内科 あいちスポーツ人工関節クリニック,伊藤整形・内科 あいちスポーツ人工関節クリニック,第二種,自家脂肪組織由来の培養間葉系幹細胞を用いた椎間関節症の治療,脂肪由来MSC,AUTO,1.0,https://saiseiiryo.mhlw.go.jp/published_plan/download/02D2601004/5/0,960000,不明,,,,5,,お支払いはありません 脂肪採取予定日の2 日前 ~脂肪採取当日の脂肪組織採取前 一律 10 万円をお支払いいただきます 脂肪組織採取後~細胞加工開始前 80 万円 96 万円 128 万円 160 万円 200 万円 216 万円 細胞加工開始後~細胞投与前 80 万円 96 万円 128 万円 160 万円 200 万円 216 万円 細胞投与後 治療費用全額をお支払いいただきます 以上,,
A,P00703,F0502,中部,愛知県,伊藤整形・内科 あいちスポーツ人工関節クリニック,伊藤整形・内科 あいちスポーツ人工関節クリニック,伊藤整形・内科 あいちスポーツ人工関節クリニック,第二種,自家脂肪組織由来の培養間葉系幹細胞を用いた椎間関節症の治療,脂肪由来MSC,AUTO,1.0,https://saiseiiryo.mhlw.go.jp/published_plan/download/02D2601004/5/0,1280000,不明,,,,5,,りません 脂肪採取予定日の2 日前 ~脂肪採取当日の脂肪組織採取前 一律 10 万円をお支払いいただきます 脂肪組織採取後~細胞加工開始前 80 万円 96 万円 128 万円 160 万円 200 万円 216 万円 細胞加工開始後~細胞投与前 80 万円 96 万円 128 万円 160 万円 200 万円 216 万円 細胞投与後 治療費用全額をお支払いいただきます 以上,,
A,P00703,F0502,中部,愛知県,伊藤整形・内科 あいちスポーツ人工関節クリニック,伊藤整形・内科 あいちスポーツ人工関節クリニック,伊藤整形・内科 あいちスポーツ人工関節クリニック,第二種,自家脂肪組織由来の培養間葉系幹細胞を用いた椎間関節症の治療,脂肪由来MSC,AUTO,1.0,https://saiseiiryo.mhlw.go.jp/published_plan/download/02D2601004/5/0,1600000,不明,,,,5,,肪採取予定日の2 日前 ~脂肪採取当日の脂肪組織採取前 一律 10 万円をお支払いいただきます 脂肪組織採取後~細胞加工開始前 80 万円 96 万円 128 万円 160 万円 200 万円 216 万円 細胞加工開始後~細胞投与前 80 万円 96 万円 128 万円 160 万円 200 万円 216 万円 細胞投与後 治療費用全額をお支払いいただきます 以上,,
A,P00703,F0502,中部,愛知県,伊藤整形・内科 あいちスポーツ人工関節クリニック,伊藤整形・内科 あいちスポーツ人工関節クリニック,伊藤整形・内科 あいちスポーツ人工関節クリニック,第二種,自家脂肪組織由来の培養間葉系幹細胞を用いた椎間関節症の治療,脂肪由来MSC,AUTO,1.0,https://saiseiiryo.mhlw.go.jp/published_plan/download/02D2601004/5/0,2000000,不明,,,,5,,2 日前 ~脂肪採取当日の脂肪組織採取前 一律 10 万円をお支払いいただきます 脂肪組織採取後~細胞加工開始前 80 万円 96 万円 128 万円 160 万円 200 万円 216 万円 細胞加工開始後~細胞投与前 80 万円 96 万円 128 万円 160 万円 200 万円 216 万円 細胞投与後 治療費用全額をお支払いいただきます 以上,,
A,P00703,F0502,中部,愛知県,伊藤整形・内科 あいちスポーツ人工関節クリニック,伊藤整形・内科 あいちスポーツ人工関節クリニック,伊藤整形・内科 あいちスポーツ人工関節クリニック,第二種,自家脂肪組織由来の培養間葉系幹細胞を用いた椎間関節症の治療,脂肪由来MSC,AUTO,1.0,https://saiseiiryo.mhlw.go.jp/published_plan/download/02D2601004/5/0,2160000,不明,,,,5,,脂肪採取当日の脂肪組織採取前 一律 10 万円をお支払いいただきます 脂肪組織採取後~細胞加工開始前 80 万円 96 万円 128 万円 160 万円 200 万円 216 万円 細胞加工開始後~細胞投与前 80 万円 96 万円 128 万円 160 万円 200 万円 216 万円 細胞投与後 治療費用全額をお支払いいただきます 以上,,
A,P00704,F0503,中部,愛知県,医療法人 聡彩会 あつたモール総合クリニック,医療法人 聡彩会 あつたモール総合クリニック,医療法人 聡彩会 あつたモール総合クリニック,第二種,自己脂肪由来幹細胞を用いた変形性関節症の治療,脂肪由来幹細胞,AUTO,1.0,https://saiseiiryo.mhlw.go.jp/published_plan/download/03D2311006/5/0,1760000,税込,1回,,,7,,"生医療事務局 電話番号:052-746-5558 12.費用について 本治療は保険適用外であるため、治療にかかる費用全額をご自分で ご負担いただきます。その他、本治療を受けるために必要となった 旅費、交通費などの全ての費用もご自分でご負担いただきます。 本治療にかかる費用は1回¥1,760,000円(税込)となっておりま す。 なお、脂肪の採取後や、細胞加工物の製造後に同意を撤回された場 合など、同意を撤回される時点までに費用が発生している場合は、 発生した費用についてはあなたにご負担いただきますのでご了承く ださい。 13.他の治療法の有無、本治療法との比較について 変形性関節症の治療法には保存療法と手術療法",,
A,P00705,F0204,中部,愛知県,医療法人 豊田整形外科,医療法人 豊田整形外科,医療法人 豊田整形外科,第二種,多血小板血漿（PRP）の投与による変形性関節症治療,PRP,AUTO,1.0,https://saiseiiryo.mhlw.go.jp/published_plan/download/02D1907002/5/0,300000,税込,1 回,APS,Zimmer Biomet,8,,"性の高いもの だが、アレルギー反応などの可能性 を完全には否定できない 11. 治療にかかる費用について この治療は公的保険の対象ではありませんので、当院の所定の施術料をお支払いいただきま す。 ・濃縮PRP を用いた治療(APS キット使用)における施術料 300,000 円(税込) ご不明な点は医師・スタッフにお尋ねください。なお1 回の施術あたりの費用は、患部の状 態を確認した医師の判断、PRP の遠心回数等により変更となる場合がございます。 12. その他治療についての注意事項 患者様の体調が良くない場合や、採取した",,
A,P00706,F0201,中部,愛知県,医療法人健整会 みかわ整形外科,医療法人健整会 みかわ整形外科,医療法人健整会 みかわ整形外科,第二種,変形性関節症および関節腔の傷害を対象とした自家多血小板血漿（PRP）注入療法,PRP,AUTO,1.0,https://saiseiiryo.mhlw.go.jp/published_plan/download/01D2410003/5/0,55000,税込,1 回,APS|GPS,Zimmer Biomet,8,,"様の費用負担が 他の治療よりも高額になることがあります。当院において実施される本治療および本治 療に必要な検査などの費用は全額自己負担となります。 血液分離専用容器キットによる提供価格 各1 回: PRP:(京セラ Condensia システム)使用(複数回投与推奨): 55,000 円(税込) PRP(ジンマー・バイオメット APS – Autologous Protein Solution キット)使用 (単回投与推奨):330,000 円(税込) PRP(ジンマー・バイオメット GPSIII PRP キット)使用(複数回投与推奨): 110,000 円(税込) PRP",,
A,P00706,F0201,中部,愛知県,医療法人健整会 みかわ整形外科,医療法人健整会 みかわ整形外科,医療法人健整会 みかわ整形外科,第二種,変形性関節症および関節腔の傷害を対象とした自家多血小板血漿（PRP）注入療法,PRP,AUTO,1.0,https://saiseiiryo.mhlw.go.jp/published_plan/download/01D2410003/5/0,330000,税込,1 回,APS|GPS,Zimmer Biomet,8,,"離専用容器キットによる提供価格 各1 回: PRP:(京セラ Condensia システム)使用(複数回投与推奨): 55,000 円(税込) PRP(ジンマー・バイオメット APS – Autologous Protein Solution キット)使用 (単回投与推奨):330,000 円(税込) PRP(ジンマー・バイオメット GPSIII PRP キット)使用(複数回投与推奨): 110,000 円(税込) PRP 齋田良知著 関節外科 39(9)(2020)29 図1を引用 ※患者様の症状によっては、治療を数回行うことがあります。治療前、または治療後 の状態から担当医",,
A,P00707,F0504,中部,愛知県,医療法人寿会八幡クリニック,医療法人寿会八幡クリニック,医療法人寿会八幡クリニック,第二種,自家脂肪由来間葉系幹細胞を用いた変形性膝関節症の治療,脂肪由来MSC,QC,1.0,https://saiseiiryo.mhlw.go.jp/published_plan/download/01D2505003/5/0,,,,,,,,,no price found after text/OCR pass,Document fetched but no price candidate
A,P00708,F0504,中部,愛知県,医療法人寿会八幡クリニック,医療法人寿会八幡クリニック,医療法人寿会八幡クリニック,第二種,自家脂肪由来間葉系幹細胞を用いた腰痛の治療,脂肪由来MSC,QC,1.0,https://saiseiiryo.mhlw.go.jp/published_plan/download/01D2505004/5/0,,,,,,,,,no price found after text/OCR pass,Document fetched but no price candidate
A,P00709,F0504,中部,愛知県,医療法人寿会八幡クリニック,医療法人寿会八幡クリニック,医療法人寿会八幡クリニック,第二種,自家脂肪由来間葉系幹細胞を用いた肩（回旋筋）腱板損傷の治療,脂肪由来MSC,QC,1.0,https://saiseiiryo.mhlw.go.jp/published_plan/download/01D2505005/5/0,,,,,,,,,no price found after text/OCR pass,Document fetched but no price candidate
A,P00710,F0203,中部,愛知県,医療法人桂名会 重工大須病院,医療法人桂名会 重工大須病院,医療法人桂名会 重工大須病院,第二種,自家滑膜幹細胞注射による変形性膝関節症治療,滑膜幹細胞,AUTO,1.0,https://saiseiiryo.mhlw.go.jp/published_plan/download/03D2605006/5/0,660000,税込,,,,8,,"税込) 滑膜組織採取後 2,000,000 円(税込)  細胞の培養には個人差がありますので、十分な増殖が得られないなど計画通りに細胞培養等が進 まず、注射を行うことができない場合があります(8.治療を中止する場合(2))。このような場合 は、培養等に係った費用として660,000 円(税込)を患者さまにご負担いただきます。  採取した細胞や投与する幹細胞は、細胞培養加工施設と当院の間で適切な温度管理のもと輸 送されます。輸送時のトラブルにより細胞を使用できなくなった場合は、細胞採取や細胞培養を再 度行います。その際に患者さまに追加の費用をご負担いただくことはありません。細胞の再採取や再 培養を",,
A,P00710,F0203,中部,愛知県,医療法人桂名会 重工大須病院,医療法人桂名会 重工大須病院,医療法人桂名会 重工大須病院,第二種,自家滑膜幹細胞注射による変形性膝関節症治療,滑膜幹細胞,AUTO,1.0,https://saiseiiryo.mhlw.go.jp/published_plan/download/03D2605006/5/0,2800000,税込,,,,8,,"できない。 侵襲 血液と滑膜組織を採取する。 細胞の採取は不要。 費用 自費診療 保険診療 11. 治療にかかる費用について 本治療は自費診療であり、公的保険の対象ではありませんので、当院の所定の施術料をお支払いいただ きます。 治療費用(片膝) 2,800,000 円(税込)  治療に伴う診察、自己血清のための採血、滑膜採取、滑膜幹細胞注射が含まれています。  注射前検査の採血費用は含まれておりませんので別途費用がかかります。 1_08 提供者説明文書・同意文書 1_09 説明文書・同意文書 8  注射1 か月後の診察費用を含みますが、3 か月後及び6",,
A,P00711,F0203,中部,愛知県,医療法人桂名会 重工大須病院,医療法人桂名会 重工大須病院,医療法人桂名会 重工大須病院,第二種,多血小板血漿（PRP）の投与による変形性関節症治療,PRP,AUTO,1.0,https://saiseiiryo.mhlw.go.jp/published_plan/download/02D2605008/5/0,110000,税込,1 回,APS|GPS,Zimmer Biomet,8,,"の高いもの だが、アレルギー反応などの可能性 を完全には否定できない 11. 治療にかかる費用について この治療は公的保険の対象ではありませんので、当院の所定の施術料をお支払いいただきま す。 ・PRP を用いた治療(GPSIII キット使用)における施術料 110,000 円(税込) ・濃縮PRP を用いた治療(APS キット使用)における施術料 330,000 円(税込) ご不明な点は医師・スタッフにお尋ねください。なお1 回の施術あたりの費用は、患部の状 態を確認した医師の判断、PRP の遠心回数等により変更となる場合がございます。 12. その他治療についての注意事",,
A,P00711,F0203,中部,愛知県,医療法人桂名会 重工大須病院,医療法人桂名会 重工大須病院,医療法人桂名会 重工大須病院,第二種,多血小板血漿（PRP）の投与による変形性関節症治療,PRP,AUTO,1.0,https://saiseiiryo.mhlw.go.jp/published_plan/download/02D2605008/5/0,330000,税込,1 回,APS|GPS,Zimmer Biomet,8,,"用について この治療は公的保険の対象ではありませんので、当院の所定の施術料をお支払いいただきま す。 ・PRP を用いた治療(GPSIII キット使用)における施術料 110,000 円(税込) ・濃縮PRP を用いた治療(APS キット使用)における施術料 330,000 円(税込) ご不明な点は医師・スタッフにお尋ねください。なお1 回の施術あたりの費用は、患部の状 態を確認した医師の判断、PRP の遠心回数等により変更となる場合がございます。 12. その他治療についての注意事項 患者様の体調が良くない場合や、採取した",,
A,P00712,F0203,中部,愛知県,医療法人桂名会 重工大須病院,医療法人桂名会 重工大須病院,医療法人桂名会 重工大須病院,第二種,自家脂肪組織由来幹細胞（ASC）の投与による関節治療,脂肪由来ASC,AUTO,1.0,https://saiseiiryo.mhlw.go.jp/published_plan/download/02D2605010/5/0,1320000,税込,1 部位,,,8,,"医療法人桂名会 重工大須病院 自家脂肪組織由来幹細胞(ASC)の投与による関節治療 における費用に関する同意書 1.治療費について 本治療はすべて自費診療となっており、治療に係る費用は、1 部位 1,320,000 円(税込)です。含まれる 治療内容は脂肪採取、細胞培養、細胞投与となります。治療費は全額脂肪採取日にお支払いいただきま す。追加投与、同時に2 部位投与することも可能です。投与可否については医師にご相談ください。費用 については別紙価格表をご覧ください。 2.細胞の保管費用について また培養された細胞は細胞加工施",,
A,P00713,F0505,中部,愛知県,医療法人社団千美会 ガーデンクリニック名古屋院,医療法人社団千美会 ガーデンクリニック名古屋院,医療法人社団千美会 ガーデンクリニック名古屋院,第二種,自己脂肪由来幹細胞を用いた変形性関節症の治療,脂肪由来幹細胞,AUTO,1.0,https://saiseiiryo.mhlw.go.jp/published_plan/download/01D2110006/5/0,1280000,税別,1回,,,9,,再生医療事務局 電話番号:03-5985-6921 12.費用について 本治療は保険適用外であるため、治療にかかる費用全額をご自分で ご負担いただきます。その他、本治療を受けるために必要となった 旅費、交通費などの全ての費用もご自分でご負担いただきます。本 治療にかかる費用は1回128万円(税別)となっております。 なお、脂肪の採取後や、細胞加工物の製造後に同意を撤回された場 合など、同意を撤回される時点までに費用が発生している場合は、 発生した費用についてはあなたにご負担いただきますのでご了承く ださい。 13.他の治療法の有無、本治療法との比較について 変形性関節症の治療法には保存療法と手術療法の,,
A,P00714,F0506,中部,愛知県,医療法人社団交和会 リブラささしまメディカルクリニック,医療法人社団交和会 リブラささしまメディカルクリニック,医療法人社団交和会 リブラささしまメディカルクリニック,第二種,自家多血小板血漿（PRP）を用いた慢性関節炎の治療（関節内組織）,PRP,QC,0.9838,https://saiseiiryo.mhlw.go.jp/published_plan/download/03D2606014/5/0,,,,,,,,,no price found after text/OCR pass,Document fetched but no price candidate
A,P00715,F0506,中部,愛知県,医療法人社団交和会 リブラささしまメディカルクリニック,医療法人社団交和会 リブラささしまメディカルクリニック,医療法人社団交和会 リブラささしまメディカルクリニック,第二種,慢性関節炎に対する自己脂肪由来幹細胞を用いた治療,脂肪由来幹細胞,QC,1.0,https://saiseiiryo.mhlw.go.jp/published_plan/download/03D2606015/5/0,10000,税別,,,,5,7,"治療費用 診察・カウンセリング 10,000 円 (税抜) 血液検査 10,000 円 (税抜)",price candidates remain ambiguous,
A,P00715,F0506,中部,愛知県,医療法人社団交和会 リブラささしまメディカルクリニック,医療法人社団交和会 リブラささしまメディカルクリニック,医療法人社団交和会 リブラささしまメディカルクリニック,第二種,慢性関節炎に対する自己脂肪由来幹細胞を用いた治療,脂肪由来幹細胞,QC,1.0,https://saiseiiryo.mhlw.go.jp/published_plan/download/03D2606015/5/0,10000,税別,1 回,,,5,7,"10,000 円 (税抜) 血液検査 10,000 円 (税抜) 脂肪採取(1 回) +自家間葉系幹細胞の投与(1 回)",price candidates remain ambiguous,
A,P00715,F0506,中部,愛知県,医療法人社団交和会 リブラささしまメディカルクリニック,医療法人社団交和会 リブラささしまメディカルクリニック,医療法人社団交和会 リブラささしまメディカルクリニック,第二種,慢性関節炎に対する自己脂肪由来幹細胞を用いた治療,脂肪由来幹細胞,QC,1.0,https://saiseiiryo.mhlw.go.jp/published_plan/download/03D2606015/5/0,1000000,税別,2 回,,,5,7,"2,000,000 円 (税抜) 自己脂肪由来間葉系幹細胞の点滴投与(2 回目) 1,000,000 円 (税抜) 自己脂肪由来間葉系幹細胞の点滴投与(3 回目) 1,000,000 円 (税抜)",price candidates remain ambiguous,
A,P00715,F0506,中部,愛知県,医療法人社団交和会 リブラささしまメディカルクリニック,医療法人社団交和会 リブラささしまメディカルクリニック,医療法人社団交和会 リブラささしまメディカルクリニック,第二種,慢性関節炎に対する自己脂肪由来幹細胞を用いた治療,脂肪由来幹細胞,QC,1.0,https://saiseiiryo.mhlw.go.jp/published_plan/download/03D2606015/5/0,1000000,税別,3 回,,,5,7,"1,000,000 円 (税抜) 自己脂肪由来間葉系幹細胞の点滴投与(3 回目) 1,000,000 円 (税抜)",price candidates remain ambiguous,
A,P00715,F0506,中部,愛知県,医療法人社団交和会 リブラささしまメディカルクリニック,医療法人社団交和会 リブラささしまメディカルクリニック,医療法人社団交和会 リブラささしまメディカルクリニック,第二種,慢性関節炎に対する自己脂肪由来幹細胞を用いた治療,脂肪由来幹細胞,QC,1.0,https://saiseiiryo.mhlw.go.jp/published_plan/download/03D2606015/5/0,2000000,税別,1 回,,,5,7,"脂肪採取(1 回) +自家間葉系幹細胞の投与(1 回) 2,000,000 円 (税抜) 自己脂肪由来間葉系幹細胞の点滴投与(2 回目) 1,000,000 円 (税抜)",price candidates remain ambiguous,
A,P00716,F0507,中部,愛知県,医療法人社団活寿会 名古屋ひざ関節症クリニック,医療法人社団活寿会 名古屋ひざ関節症クリニック,医療法人社団活寿会 名古屋ひざ関節症クリニック,第二種,自家脂肪組織由来幹細胞（ASC）の投与による関節治療,脂肪由来ASC,AUTO,1.0,https://saiseiiryo.mhlw.go.jp/published_plan/download/02D2601008/5/0,1287000,税込,,,,16,6,"この治療は公的保険の対象ではありませんので、当クリニックの所定の施術料をお支払いい ただきます。 治療費用: 投与部位 1 関節 1,287,000 円(税込) 2関節 1,749,000 円(税込) 治療にかかる費用につきましては、自家 ASC を投与する関節部位による違いはございませ",line-level strong price context,
A,P00716,F0507,中部,愛知県,医療法人社団活寿会 名古屋ひざ関節症クリニック,医療法人社団活寿会 名古屋ひざ関節症クリニック,医療法人社団活寿会 名古屋ひざ関節症クリニック,第二種,自家脂肪組織由来幹細胞（ASC）の投与による関節治療,脂肪由来ASC,AUTO,1.0,https://saiseiiryo.mhlw.go.jp/published_plan/download/02D2601008/5/0,1749000,税込,,,,11,6,"ただきます。 治療費用: 投与部位 1 関節 1,287,000 円(税込) 2関節 1,749,000 円(税込) 治療にかかる費用につきましては、自家 ASC を投与する関節部位による違いはございませ ん。 製造した自家 ASC は細胞培養加工施設で一時保管され、本治療に使用する際に当クリ",line-level strong price context,
A,P00717,F0508,中部,愛知県,医療法人社団福祉会 高須病院,医療法人社団福祉会 高須病院,医療法人社団福祉会 高須病院,第二種,自家多血小板血漿（PRP）を用いた関節機能改善治療,PRP,AUTO,0.9625,https://saiseiiryo.mhlw.go.jp/published_plan/download/01D2408010/5/0,220000,税込,1 回,,,8,,べて自費診療であり、健康保険を使用することはできません。 (2) この治療にかかる費用は、以下のとおりです。なお、費用に含まれるのは、 治療に伴う診査、PRP 調製のための採血にかかる費用、PRP 調製費用、注入 にかかる費用であり、以下が費用の総額となります。 1 回 22 万円 消費税込 なお、細胞の加工を始めた後に患者様が治療への同意を撤回した場合に は、細胞の加工にかかる実費をご負担いただきます。 11. 試料等の保存及び廃棄の方法 この治療のために採取した血液は、患者様ご自身の治療のみに使用します。 なお、この治療は、細胞提供者と再生医療等を受ける者と同一であり、採,,
A,P00718,F0508,中部,愛知県,医療法人社団福祉会 高須病院,医療法人社団福祉会 高須病院,医療法人社団福祉会 高須病院,第二種,自己脂肪由来間葉系幹細胞を用いた関節痛、変形性関節症治療,脂肪由来MSC,AUTO,1.0,https://saiseiiryo.mhlw.go.jp/published_plan/download/01D2405005/5/0,1000000,税別,1回,,,7,,"り原則10 年間保 管いたします。治療成績の報告のため、治療結果を解析させていただくことがありますが、個人情 報を用いることはなく、その管理と守秘は徹底いたします。 16.費用について 本治療は保険適用外のため、全額自費となり、以下の費用(税抜)がかかります。 治療費1,000,000 円 (投与1回あたり) 治療実施が決定し、脂肪採取を終えると費用が発生するため、脂肪採取当日までに治療費をお 支払いください。細胞加工施設の受入スケジュールを確定した時点で、培養に必要な原材料や資 材を予め用意する必要が生じることから、費用が発生します。治療費には本治療の実施に伴う諸 費用(細胞培養費用、採取および投",,
A,P00719,F0508,中部,愛知県,医療法人社団福祉会 高須病院,医療法人社団福祉会 高須病院,医療法人社団福祉会 高須病院,第二種,自己脂肪組織由来間葉系間質細胞を用いた変形性関節症治療,脂肪由来MSC,AUTO,1.0,https://saiseiiryo.mhlw.go.jp/published_plan/download/01D2509003/5/0,1100000,税込,1回,,,9,5,"血液検査:16,500 円(税込) 【施術料】 1回目 : 1,100,000 円(税込) 2回目以降 : 1,100,000 円(税込) なお、脂肪採取の予約確定後にキャンセル又は同意を撤回された場合などは、当院のキャ",line-level strong price context,
A,P00720,F0450,中部,愛知県,医療法人財団 檜扇会 クリニック 名古屋ちくさヒルズ,医療法人財団 檜扇会 クリニック 名古屋ちくさヒルズ,医療法人財団 檜扇会 クリニック 名古屋ちくさヒルズ,第二種,変形性腰椎症に対する自己多血小板血漿（PRP）治療,PRP,QC,1.0,https://saiseiiryo.mhlw.go.jp/published_plan/download/03D2505018/5/0,210000,不明,,,,5,7,"120ml 12ml 210,000 円 ※初診時には、初診料として10,000 円がかかります。 (3)費用は、同意書にサイン後、PRP 治療のための採血の前に全額お支",price candidates remain ambiguous,
A,P00720,F0450,中部,愛知県,医療法人財団 檜扇会 クリニック 名古屋ちくさヒルズ,医療法人財団 檜扇会 クリニック 名古屋ちくさヒルズ,医療法人財団 檜扇会 クリニック 名古屋ちくさヒルズ,第二種,変形性腰椎症に対する自己多血小板血漿（PRP）治療,PRP,QC,1.0,https://saiseiiryo.mhlw.go.jp/published_plan/download/03D2505018/5/0,150000,不明,,,,0,7,"80ml 8ml 150,000 円 120ml 12ml",price candidates remain ambiguous,
A,P00720,F0450,中部,愛知県,医療法人財団 檜扇会 クリニック 名古屋ちくさヒルズ,医療法人財団 檜扇会 クリニック 名古屋ちくさヒルズ,医療法人財団 檜扇会 クリニック 名古屋ちくさヒルズ,第二種,変形性腰椎症に対する自己多血小板血漿（PRP）治療,PRP,QC,1.0,https://saiseiiryo.mhlw.go.jp/published_plan/download/03D2505018/5/0,10000,不明,,,,-5,7,"12ml 210,000 円 ※初診時には、初診料として10,000 円がかかります。 (3)費用は、同意書にサイン後、PRP 治療のための採血の前に全額お支 払いいただきます。",price candidates remain ambiguous,
A,P00721,F0509,中部,愛知県,医療法人ＳｍａｒｔＣｌｉｎｉｃ 小牧スマートクリニック,医療法人ＳｍａｒｔＣｌｉｎｉｃ 小牧スマートクリニック,医療法人ＳｍａｒｔＣｌｉｎｉｃ 小牧スマートクリニック,第二種,多血小板血漿（PRP）を用いた整形外科疾患に対する組織修復,PRP,QC,0.98,https://saiseiiryo.mhlw.go.jp/published_plan/download/01D2505006/5/0,12000,税別,2回,,,4,6,"2倍量のPRP治療により高い効果が期待できます(PRP投与 年2回) 部位 月額(税別) 年払(税別) 片膝 12,000円 136,800円 両膝 24,000円 273,600円 ◆コンプリートプラン(1年・4回接種)",price candidates remain ambiguous,
A,P00721,F0509,中部,愛知県,医療法人ＳｍａｒｔＣｌｉｎｉｃ 小牧スマートクリニック,医療法人ＳｍａｒｔＣｌｉｎｉｃ 小牧スマートクリニック,医療法人ＳｍａｒｔＣｌｉｎｉｃ 小牧スマートクリニック,第二種,多血小板血漿（PRP）を用いた整形外科疾患に対する組織修復,PRP,QC,0.98,https://saiseiiryo.mhlw.go.jp/published_plan/download/01D2505006/5/0,24000,税別,4回,,,4,6,"部位 月額(税別) 年払(税別) 片膝 12,000円 136,800円 両膝 24,000円 273,600円 ◆コンプリートプラン(1年・4回接種) 2倍量・年4回のPRP治療により最も効果が期待できます(PRP投与",price candidates remain ambiguous,
A,P00721,F0509,中部,愛知県,医療法人ＳｍａｒｔＣｌｉｎｉｃ 小牧スマートクリニック,医療法人ＳｍａｒｔＣｌｉｎｉｃ 小牧スマートクリニック,医療法人ＳｍａｒｔＣｌｉｎｉｃ 小牧スマートクリニック,第二種,多血小板血漿（PRP）を用いた整形外科疾患に対する組織修復,PRP,QC,0.98,https://saiseiiryo.mhlw.go.jp/published_plan/download/01D2505006/5/0,24000,税別,4回,,,4,6,"年4回) 部位 月額(税別) 年払(税別) 片膝 24,000円 273,600円 両膝 48,000円 547,200円 ※患者様の症状、その他の事情等により治療費が変動する場合があ",price candidates remain ambiguous,
A,P00721,F0509,中部,愛知県,医療法人ＳｍａｒｔＣｌｉｎｉｃ 小牧スマートクリニック,医療法人ＳｍａｒｔＣｌｉｎｉｃ 小牧スマートクリニック,医療法人ＳｍａｒｔＣｌｉｎｉｃ 小牧スマートクリニック,第二種,多血小板血漿（PRP）を用いた整形外科疾患に対する組織修復,PRP,QC,0.98,https://saiseiiryo.mhlw.go.jp/published_plan/download/01D2505006/5/0,48000,税別,,,,4,6,"部位 月額(税別) 年払(税別) 片膝 24,000円 273,600円 両膝 48,000円 547,200円 ※患者様の症状、その他の事情等により治療費が変動する場合があ ります。",price candidates remain ambiguous,
A,P00721,F0509,中部,愛知県,医療法人ＳｍａｒｔＣｌｉｎｉｃ 小牧スマートクリニック,医療法人ＳｍａｒｔＣｌｉｎｉｃ 小牧スマートクリニック,医療法人ＳｍａｒｔＣｌｉｎｉｃ 小牧スマートクリニック,第二種,多血小板血漿（PRP）を用いた整形外科疾患に対する組織修復,PRP,QC,0.98,https://saiseiiryo.mhlw.go.jp/published_plan/download/01D2505006/5/0,136800,税別,2回,,,4,6,"2倍量のPRP治療により高い効果が期待できます(PRP投与 年2回) 部位 月額(税別) 年払(税別) 片膝 12,000円 136,800円 両膝 24,000円 273,600円 ◆コンプリートプラン(1年・4回接種)",price candidates remain ambiguous,
A,P00721,F0509,中部,愛知県,医療法人ＳｍａｒｔＣｌｉｎｉｃ 小牧スマートクリニック,医療法人ＳｍａｒｔＣｌｉｎｉｃ 小牧スマートクリニック,医療法人ＳｍａｒｔＣｌｉｎｉｃ 小牧スマートクリニック,第二種,多血小板血漿（PRP）を用いた整形外科疾患に対する組織修復,PRP,QC,0.98,https://saiseiiryo.mhlw.go.jp/published_plan/download/01D2505006/5/0,273600,税別,4回,,,4,6,"部位 月額(税別) 年払(税別) 片膝 12,000円 136,800円 両膝 24,000円 273,600円 ◆コンプリートプラン(1年・4回接種) 2倍量・年4回のPRP治療により最も効果が期待できます(PRP投与",price candidates remain ambiguous,
A,P00721,F0509,中部,愛知県,医療法人ＳｍａｒｔＣｌｉｎｉｃ 小牧スマートクリニック,医療法人ＳｍａｒｔＣｌｉｎｉｃ 小牧スマートクリニック,医療法人ＳｍａｒｔＣｌｉｎｉｃ 小牧スマートクリニック,第二種,多血小板血漿（PRP）を用いた整形外科疾患に対する組織修復,PRP,QC,0.98,https://saiseiiryo.mhlw.go.jp/published_plan/download/01D2505006/5/0,273600,税別,4回,,,4,6,"年4回) 部位 月額(税別) 年払(税別) 片膝 24,000円 273,600円 両膝 48,000円 547,200円 ※患者様の症状、その他の事情等により治療費が変動する場合があ",price candidates remain ambiguous,
A,P00721,F0509,中部,愛知県,医療法人ＳｍａｒｔＣｌｉｎｉｃ 小牧スマートクリニック,医療法人ＳｍａｒｔＣｌｉｎｉｃ 小牧スマートクリニック,医療法人ＳｍａｒｔＣｌｉｎｉｃ 小牧スマートクリニック,第二種,多血小板血漿（PRP）を用いた整形外科疾患に対する組織修復,PRP,QC,0.98,https://saiseiiryo.mhlw.go.jp/published_plan/download/01D2505006/5/0,547200,税別,,,,4,6,"部位 月額(税別) 年払(税別) 片膝 24,000円 273,600円 両膝 48,000円 547,200円 ※患者様の症状、その他の事情等により治療費が変動する場合があ ります。",price candidates remain ambiguous,
A,P00721,F0509,中部,愛知県,医療法人ＳｍａｒｔＣｌｉｎｉｃ 小牧スマートクリニック,医療法人ＳｍａｒｔＣｌｉｎｉｃ 小牧スマートクリニック,医療法人ＳｍａｒｔＣｌｉｎｉｃ 小牧スマートクリニック,第二種,多血小板血漿（PRP）を用いた整形外科疾患に対する組織修復,PRP,QC,0.98,https://saiseiiryo.mhlw.go.jp/published_plan/download/01D2505006/5/0,11960,不明,2回,,,3,6,"両膝 11,960円 136,340円 ◆ダブルプラン(1年・2回接種) 2倍量のPRP治療により高い効果が期待できます(PRP投与 年2回)",price candidates remain ambiguous,
A,P00721,F0509,中部,愛知県,医療法人ＳｍａｒｔＣｌｉｎｉｃ 小牧スマートクリニック,医療法人ＳｍａｒｔＣｌｉｎｉｃ 小牧スマートクリニック,医療法人ＳｍａｒｔＣｌｉｎｉｃ 小牧スマートクリニック,第二種,多血小板血漿（PRP）を用いた整形外科疾患に対する組織修復,PRP,QC,0.98,https://saiseiiryo.mhlw.go.jp/published_plan/download/01D2505006/5/0,136340,不明,2回,,,3,6,"両膝 11,960円 136,340円 ◆ダブルプラン(1年・2回接種) 2倍量のPRP治療により高い効果が期待できます(PRP投与 年2回)",price candidates remain ambiguous,
A,P00721,F0509,中部,愛知県,医療法人ＳｍａｒｔＣｌｉｎｉｃ 小牧スマートクリニック,医療法人ＳｍａｒｔＣｌｉｎｉｃ 小牧スマートクリニック,医療法人ＳｍａｒｔＣｌｉｎｉｃ 小牧スマートクリニック,第二種,多血小板血漿（PRP）を用いた整形外科疾患に対する組織修復,PRP,QC,0.98,https://saiseiiryo.mhlw.go.jp/published_plan/download/01D2505006/5/0,5980,税別,2回,,,1,5,"年2回) 部位 月額(税別) 年払(税別) 片膝 5,980円 68,170円",price candidates remain ambiguous,
A,P00721,F0509,中部,愛知県,医療法人ＳｍａｒｔＣｌｉｎｉｃ 小牧スマートクリニック,医療法人ＳｍａｒｔＣｌｉｎｉｃ 小牧スマートクリニック,医療法人ＳｍａｒｔＣｌｉｎｉｃ 小牧スマートクリニック,第二種,多血小板血漿（PRP）を用いた整形外科疾患に対する組織修復,PRP,QC,0.98,https://saiseiiryo.mhlw.go.jp/published_plan/download/01D2505006/5/0,68170,税別,2回,,,1,5,"年2回) 部位 月額(税別) 年払(税別) 片膝 5,980円 68,170円",price candidates remain ambiguous,
A,P00722,F0510,中部,愛知県,愛知医科大学病院,愛知医科大学病院,愛知医科大学病院,第二種,関節内の軟骨・軟部組織損傷を対象とした自己多血小板血漿注入療法（PRP治療）,PRP,AUTO,1.0,https://saiseiiryo.mhlw.go.jp/published_plan/download/03D2606002/5/0,30000,不明,1回,,,8,,べて関節内に注入します。また、最初に採血した血液(約1m L)も同様に2年間保管します。 7.この治療の実施に係る費用の負担について この治療は、健康保険が適用されない自由診療です。そのため、患 者様の費用負担が他の治療よりも高額になることがあります。 1回のPRP治療の費用は約3万円です。自由診療のため、そのほかに かかった治療費用はすべて実費となります。 具体的な費用は、患者様ごとに異なりますので、担当医師におたず ねください。 8.あなたの担当医師 整形外科の医師が担当します。 わからないことがあれば遠慮なくおたずねください。 9.お問い合わせ窓口 いつでも相談窓口にご相談下さい。 愛知医科,,
A,P00723,F0511,中部,愛知県,水谷整形外科・内科クリニック,水谷整形外科・内科クリニック,水谷整形外科・内科クリニック,第二種,自己多血小板血漿（PRP）の投与による変形性関節症の治療,PRP,AUTO,1.0,https://saiseiiryo.mhlw.go.jp/published_plan/download/01D2401003/5/0,50000,税別,1部位,ACP|Angel,Arthrex,7,9,"治療提供価格(税別) ACP ダブルシリンジシステム 50,000円 AngelcPRP システム 1部位",line-level medium price context,
A,P00724,F0512,中部,愛知県,瀬戸にしな整形外科クリニック,瀬戸にしな整形外科クリニック,瀬戸にしな整形外科クリニック,第二種,自家多血小板血漿（PRP）を用いた慢性関節炎の治療（関節内組織）,PRP,AUTO,0.9838,https://saiseiiryo.mhlw.go.jp/published_plan/download/01D2111003/5/0,45000,税込,2 回分,,,9,,"。 (2) 本治療にかかる費用は、以下のとおりです。なお、費用は、治療に伴う診 査、PRP 調製のための採血にかかる費用、PRP 調製費用、注入にかかる費 用の総額となります。左右両側に投与する場合は、2 回分です。 PRP 1 部位・1 回分 45,000 円(税込) PRP 2 部位同時・2 回分 80,000 円(税込) 11. 試料等の保存及び廃棄の方法 患者様から採取した血液と作製したPRP は、患者様ご自身の治療のみ に使用します。ただし、症例検討や学会発表を目的として、血液やPRP の測定を行い、データを取得することがあります。",,
A,P00724,F0512,中部,愛知県,瀬戸にしな整形外科クリニック,瀬戸にしな整形外科クリニック,瀬戸にしな整形外科クリニック,第二種,自家多血小板血漿（PRP）を用いた慢性関節炎の治療（関節内組織）,PRP,AUTO,0.9838,https://saiseiiryo.mhlw.go.jp/published_plan/download/01D2111003/5/0,80000,税込,2 回分,,,9,,"に伴う診 査、PRP 調製のための採血にかかる費用、PRP 調製費用、注入にかかる費 用の総額となります。左右両側に投与する場合は、2 回分です。 PRP 1 部位・1 回分 45,000 円(税込) PRP 2 部位同時・2 回分 80,000 円(税込) 11. 試料等の保存及び廃棄の方法 患者様から採取した血液と作製したPRP は、患者様ご自身の治療のみ に使用します。ただし、症例検討や学会発表を目的として、血液やPRP の測定を行い、データを取得することがあります。 血液およびPRP は微量で全量を使用するため、保管はしません。治療 に用い",,
A,P00725,F0513,中部,愛知県,米田病院,米田病院,米田病院,第二種,自家多血小板血漿（PRP）を用いた慢性関節炎の治療（関節内組織）,PRP,AUTO,0.9838,https://saiseiiryo.mhlw.go.jp/published_plan/download/03D2604004/5/0,55000,税込,2 回分,,,9,,"ん。 (2) 本治療にかかる費用は、以下のとおりです。なお、費用は、治療に伴う診 査、PRP 調製のための採血にかかる費用、PRP 調製費用、注入にかかる費 用の総額となります。左右両側に投与する場合は、2 回分です。 PRP 1 回(1 部位) 55,000 円(税込) 11. 試料等の保存及び廃棄の方法 患者様から採取した血液と作製したPRP は、患者様ご自身の治療のみ に使用します。ただし、症例検討や学会発表を目的として、血液やPRP の測定を行い、データを取得することがあります。 血液およびPRP は微量で全量を使用するため、保管はしません。治療 に用い",,
A,P00726,F0514,中部,愛知県,蒲郡市民病院,蒲郡市民病院,蒲郡市民病院,第二種,自家多血小板血漿（PRP）を用いた関節機能改善治療,PRP,AUTO,1.0,https://saiseiiryo.mhlw.go.jp/published_plan/download/01D2601001/5/0,59800,税込,1 回,,,10,5,"療に必要な検査などの費用は全額自己負担となります。 血液分離専用容器キットによる提供価格 PRP:(京セラCondensia システム)使用 ・・・・・1 回59,800 円(税込) ※患者様の症状によっては、治療を数回行うことがあります。治療前、または治療後の 状態から担当医師が判断し、患者様にお伝えしご相談させて頂きます。",line-level strong price context,
A,P00727,F0515,中部,愛知県,藤田医科大学病院,藤田医科大学病院,藤田医科大学病院,第二種,多血小板血漿（PRP）を用いた変形性腰椎症の疼痛緩和,PRP,AUTO,1.0,https://saiseiiryo.mhlw.go.jp/published_plan/download/02D2512001/5/0,150000,税込,1 回,APS,Zimmer Biomet,10,6,"12.治療にかかる費用の負担等 この治療は公的保険の対象ではありませんので、当施設にて施術料をお支払いいただきます。 ・PRP 療法 1 回 150,000 円(税込み) ・APS 療法 1 回 300,000 円 (税込み) ※患者さまの症状により施術料が変わる場合は別途、ご説明いたします。",line-level strong price context,
A,P00727,F0515,中部,愛知県,藤田医科大学病院,藤田医科大学病院,藤田医科大学病院,第二種,多血小板血漿（PRP）を用いた変形性腰椎症の疼痛緩和,PRP,AUTO,1.0,https://saiseiiryo.mhlw.go.jp/published_plan/download/02D2512001/5/0,300000,税込,1 回,APS,Zimmer Biomet,10,6,"この治療は公的保険の対象ではありませんので、当施設にて施術料をお支払いいただきます。 ・PRP 療法 1 回 150,000 円(税込み) ・APS 療法 1 回 300,000 円 (税込み) ※患者さまの症状により施術料が変わる場合は別途、ご説明いたします。 13.健康被害が起きた場合の処置及び補償",line-level strong price context,
A,P00728,F0515,中部,愛知県,藤田医科大学病院,藤田医科大学病院,藤田医科大学病院,第二種,多血小板血漿（PRP）を用いた変形性関節症の疼痛緩和,PRP,AUTO,1.0,https://saiseiiryo.mhlw.go.jp/published_plan/download/02D2512004/5/0,100000,不明,1 回,APS,Zimmer Biomet,7,,"由来のため比較 的低いと言われている 品質管理されており安 全性の高いが、アレルギ ー反応などの可能性は 完全には否定できない 治療にかかる費用について この治療は公的保険の対象ではありませんので、当施設にて施術料をお支払いいただきます。 ・PRP 療法 1 回 100,000 円 ・APS 療法 1 回 300,000 円 ※患者様の症状により施術料が変わる場合は別途、ご説明いたします。 その他治療についての注意事項 患者さんの体調が良くない場合や、採取した血液の状態によっては、PRP を分離できないこ とがありま",,
A,P00728,F0515,中部,愛知県,藤田医科大学病院,藤田医科大学病院,藤田医科大学病院,第二種,多血小板血漿（PRP）を用いた変形性関節症の疼痛緩和,PRP,AUTO,1.0,https://saiseiiryo.mhlw.go.jp/published_plan/download/02D2512004/5/0,300000,不明,1 回,APS,Zimmer Biomet,7,,"理されており安 全性の高いが、アレルギ ー反応などの可能性は 完全には否定できない 治療にかかる費用について この治療は公的保険の対象ではありませんので、当施設にて施術料をお支払いいただきます。 ・PRP 療法 1 回 100,000 円 ・APS 療法 1 回 300,000 円 ※患者様の症状により施術料が変わる場合は別途、ご説明いたします。 その他治療についての注意事項 患者さんの体調が良くない場合や、採取した血液の状態によっては、PRP を分離できないこ とがあります。 その際には、再度採血をさせていただく場",,
A,P00729,F0516,中部,愛知県,豊田土橋リウマチクリニック,豊田土橋リウマチクリニック,豊田土橋リウマチクリニック,第二種,自己脂肪由来幹細胞を用いた変形性関節症の治療,脂肪由来幹細胞,AUTO,1.0,https://saiseiiryo.mhlw.go.jp/published_plan/download/01D2507002/5/0,1650000,税込,,,,7,3,"細胞の提供に際して費用は発生しません。 治療の提供に際しては、本治療は公的保険の対象ではありませんので、当院所定の施術料とし て1,650,000 円(税込)をお支払いいただきます。 ※患者様の症状、その他の事情等により治療費が変動する場合があります。 なお、脂肪の採取後や、細胞加工物の製造後に同意を撤回された場合など、同意を撤回される時",line-level medium price context,
A,P00735,F0451,中部,新潟県,医療法人社団ibis こばり坂クリニック,医療法人社団ibis こばり坂クリニック,医療法人社団ibis こばり坂クリニック,第三種,多血小板血漿を用いた整形外科領域（関節腔内への投与を除く）の治療,PRP,QC,1.0,https://saiseiiryo.mhlw.go.jp/published_plan/download/01C2411011/5/0,110000,税込,,,,6,,"土曜日の午後、日曜祝日、年末年始、お盆) 営業時間外の連絡先:info@kobarizaka.mc-ibis.or.jp 14.費用について 細胞の提供に際して費用は発生しません。 治療の提供に際しては、本治療は公的保険の対象ではありませんので、当院所定の施術料として110,000 円(税込)をお支払いいただきます。 ※患者様の症状、その他の事情等により治療費が変動する場合があります。 なお、細胞の採取後や加工後に同意を撤回された場合など、同意を撤回される時点までに費用が発生している 場合は、発生した費用については患者様にご負担いただきますのでご了承ください。 15.他の治療法の有無、",no price found after text/OCR pass,No price found after refined text/OCR pass
A,P00736,F0452,中部,新潟県,医療法人社団KOSMI こん整形外科クリニック,医療法人社団KOSMI こん整形外科クリニック,医療法人社団KOSMI こん整形外科クリニック,第三種,多血小板血漿を用いた整形外科領域（関節腔内への投与を除く）の治療,PRP,AUTO,1.0,https://saiseiiryo.mhlw.go.jp/published_plan/download/01C2512014/5/0,55000,税込,,ACP MAX|ACP,Arthrex,8,,"営業時間外の連絡先:kon@kosmi.jp 14.費用について 細胞の提供に際して費用は発生しません。 治療の提供に際しては、本治療は公的保険の対象ではありませんので、当院所定の施術料として以下の金額 をお支払いいただきます。 ACPダブルシリンジシステム:55,000 円(税込) ACP MAX PRP システム:165,000 円(税込) ※患者様の症状、その他の事情等により治療費が変動する場合があります。 なお、細胞の採取後や加工後に同意を撤回された場合など、同意を撤回される時点までに費用が発生している 場合は、発生した費用については患者様にご負担いただきますのでご了承く",,
A,P00736,F0452,中部,新潟県,医療法人社団KOSMI こん整形外科クリニック,医療法人社団KOSMI こん整形外科クリニック,医療法人社団KOSMI こん整形外科クリニック,第三種,多血小板血漿を用いた整形外科領域（関節腔内への投与を除く）の治療,PRP,AUTO,1.0,https://saiseiiryo.mhlw.go.jp/published_plan/download/01C2512014/5/0,165000,税込,,ACP MAX|ACP,Arthrex,8,,"費用について 細胞の提供に際して費用は発生しません。 治療の提供に際しては、本治療は公的保険の対象ではありませんので、当院所定の施術料として以下の金額 をお支払いいただきます。 ACPダブルシリンジシステム:55,000 円(税込) ACP MAX PRP システム:165,000 円(税込) ※患者様の症状、その他の事情等により治療費が変動する場合があります。 なお、細胞の採取後や加工後に同意を撤回された場合など、同意を撤回される時点までに費用が発生している 場合は、発生した費用については患者様にご負担いただきますのでご了承ください。 15.他の治療法の有無、本治療法との比較について",,
A,P00737,F0453,中部,新潟県,医療法人社団おおたに整形外科クリニック,医療法人社団おおたに整形外科クリニック,医療法人社団おおたに整形外科クリニック,第三種,多血小板血漿（PRP）の投与によるスポーツ外傷を含む筋、腱、靱帯損傷治療,PRP,QC,0.8894,https://saiseiiryo.mhlw.go.jp/published_plan/download/01C2605008/5/0,,,,,,,,,no price found after rescue text/OCR pass,Rescue completed; OCR page timeouts=0
A,P00739,F0445,中部,石川県,医療法人EKOC 東金沢整形外科クリニック,医療法人EKOC 東金沢整形外科クリニック,医療法人EKOC 東金沢整形外科クリニック,第三種,四肢の靭帯、筋腱付着部およびスポーツ傷害（筋・腱・靭帯）を対象とした自家多血小板血漿（PRP）注入療法,PRP,QC,1.0,https://saiseiiryo.mhlw.go.jp/published_plan/download/01D2407009/5/0,,,,,,,,,no price found after text/OCR pass,RuntimeError: Tesseract process timeout
A,P00740,F0455,中部,福井県,医療法人Eternabloom さくら通り整形外科クリニック,医療法人Eternabloom さくら通り整形外科クリニック,医療法人Eternabloom さくら通り整形外科クリニック,第三種,自家多血小板血漿（PRP）を用いた筋肉、腱、靭帯、筋膜の損傷及び慢性炎症の治療（関節外の軟部組織）,PRP,QC,1.0,https://saiseiiryo.mhlw.go.jp/published_plan/download/01E2604006/5/0,55000,税込,,ACP MAX|ACP,Arthrex,6,6,"治療の種類(使用するPRPキット) 費用(税込) 55,000円 HD-PRP(ACP MAX) 198,000円",price candidates remain ambiguous,
A,P00740,F0455,中部,福井県,医療法人Eternabloom さくら通り整形外科クリニック,医療法人Eternabloom さくら通り整形外科クリニック,医療法人Eternabloom さくら通り整形外科クリニック,第三種,自家多血小板血漿（PRP）を用いた筋肉、腱、靭帯、筋膜の損傷及び慢性炎症の治療（関節外の軟部組織）,PRP,QC,1.0,https://saiseiiryo.mhlw.go.jp/published_plan/download/01E2604006/5/0,198000,不明,,ACP MAX|ACP,Arthrex,2,6,"55,000円 HD-PRP(ACP MAX) 198,000円",price candidates remain ambiguous,
A,P00741,F0456,中部,福井県,医療法人弘昭会 大森整形外科リウマチ科,医療法人弘昭会 大森整形外科リウマチ科,医療法人弘昭会 大森整形外科リウマチ科,第三種,多血小板血漿（PRP）による筋・腱・靱帯の損傷および慢性炎症（関節外の軟部組織）の治療,PRP,AUTO,1.0,https://saiseiiryo.mhlw.go.jp/published_plan/download/01E2306023/5/0,38000,税込,1 回,,,8,,"療」に関する説明文・同意文書 6 10. 治療にかかる費用について この治療は公的保険の対象ではありませんので、当院所定の下記の施術料をお支払いい ただきます。 ・自家PRP を用いた治療における施術料 38,000 円(税込 41,800 円) ご不明な点は医師・スタッフにお尋ねください。なお1 回の施術あたりの費用は、患部 の状態を確認した医師の判断、およびそれに応じた自家PRP 投与量等により変更とな る場合がございます。 11. その他治療についての注意事項 患者さ",,
A,P00741,F0456,中部,福井県,医療法人弘昭会 大森整形外科リウマチ科,医療法人弘昭会 大森整形外科リウマチ科,医療法人弘昭会 大森整形外科リウマチ科,第三種,多血小板血漿（PRP）による筋・腱・靱帯の損傷および慢性炎症（関節外の軟部組織）の治療,PRP,AUTO,1.0,https://saiseiiryo.mhlw.go.jp/published_plan/download/01E2306023/5/0,41800,税込,1 回,,,8,,"文書 6 10. 治療にかかる費用について この治療は公的保険の対象ではありませんので、当院所定の下記の施術料をお支払いい ただきます。 ・自家PRP を用いた治療における施術料 38,000 円(税込 41,800 円) ご不明な点は医師・スタッフにお尋ねください。なお1 回の施術あたりの費用は、患部 の状態を確認した医師の判断、およびそれに応じた自家PRP 投与量等により変更とな る場合がございます。 11. その他治療についての注意事項 患者さまの体調が良くない場合や",,
A,P00741,F0456,中部,福井県,医療法人弘昭会 大森整形外科リウマチ科,医療法人弘昭会 大森整形外科リウマチ科,医療法人弘昭会 大森整形外科リウマチ科,第三種,多血小板血漿（PRP）による筋・腱・靱帯の損傷および慢性炎症（関節外の軟部組織）の治療,PRP,AUTO,1.0,https://saiseiiryo.mhlw.go.jp/published_plan/download/01E2306023/5/0,11000,税込,,,,6,,"きます。この場合でも、一切不利益を受けません。 ただし本治療をとりやめた場合には、とりやめた時点までに発生した施術および製造に かかった費用をお支払いいただきます。 ・採血前に治療をとりやめた場合、費用のお支払いはございません。 ・採血後から投与までに治療をとりやめた場合、11,000 円(税込)をお支払いいただ きます。 また治療を行った後は、健康管理のために必要に応じて適切な検査を受けていただき、 医学的に問題がないかを確認させていただきます。 13. 個人情報の保護について 「個人情報の保護に関する法律」に基づき、当院には、個人情",,
A,P00744,F0460,中部,長野県,Aｉクリニック整形外科リハビリテーション科,Aｉクリニック整形外科リハビリテーション科,Aｉクリニック整形外科リハビリテーション科,第三種,四肢の靭帯、筋腱付着部およびスポーツ傷害（筋・腱・靭帯）を対象とした自家多血小板血漿（PRP）注入療法,PRP,QC,1.0,https://saiseiiryo.mhlw.go.jp/published_plan/download/01C2308063/5/0,30000,不明,,,,-10,6,"つでも取りやめることができます。この場合でも、一切不利益を受けません。 (採血等にかかる実費等はご負担いただきます。 : 採血後のキャンセル料 5.OOO円 加工後のキャンセル料 30,000 円) もしこの治療を受けることに同意しない場合も、最適と考えられる治療を実施できる KDICBSROSRICBEER< LES.",price candidates remain ambiguous,
A,P00745,F0462,中部,長野県,一般社団法人MOSC 百瀬整形外科スポーツクリニック,一般社団法人MOSC 百瀬整形外科スポーツクリニック,一般社団法人MOSC 百瀬整形外科スポーツクリニック,第三種,自家多血小板血漿（PRP）の投与によるスポーツ外傷を含む筋、腱、靱帯損傷治療,PRP,AUTO,1.0,https://saiseiiryo.mhlw.go.jp/published_plan/download/02C2501026/5/0,55000,税込,1 回,ACP,Arthrex,8,,"説明文・同意文書 6 10. 治療にかかる費用について この治療は公的保険の対象ではありませんので、当院所定の下記の施術料をお支払いい ただきます。 ・自家PRP 治療(ACP ダブルシリンジ使用)の施術料 55,000 円(税込) ご不明な点は医師・スタッフにお尋ねください。なお1 回の施術あたりの費用は、患部 の状態を確認した医師の判断、およびそれに応じた自家PRP 投与量等により変更とな る場合がございます。 11. その他治療についての注意事項 患者さまの体調が良くない",,
A,P00746,F0464,中部,長野県,佐久平整形外科クリニック,佐久平整形外科クリニック,佐久平整形外科クリニック,第三種,自家多血小板血漿（PRP）を用いた筋肉、腱、靭帯、筋膜の損傷及び慢性炎症の治療（関節外の軟部組織）,PRP,QC,1.0,https://saiseiiryo.mhlw.go.jp/published_plan/download/01C2503068/5/0,50000,税別,1 回(1 部位),ACP,Arthrex,6,7,"費用(税別) ACP 1 回(1 部位) 50,000 円 ACP(学割) 1 回(1 部位) 35,000 円",price candidates remain ambiguous,
A,P00746,F0464,中部,長野県,佐久平整形外科クリニック,佐久平整形外科クリニック,佐久平整形外科クリニック,第三種,自家多血小板血漿（PRP）を用いた筋肉、腱、靭帯、筋膜の損傷及び慢性炎症の治療（関節外の軟部組織）,PRP,QC,1.0,https://saiseiiryo.mhlw.go.jp/published_plan/download/01C2503068/5/0,150000,不明,1 回(1 部位),ACP MAX|ACP,Arthrex,5,7,"1 回(1 部位) 95,000 円 ACP MAX 1 回(1 部位) 150,000 円 (3) 採血を開始してからのキャンセルについては、キャンセル費用をいただ きます。",price candidates remain ambiguous,
A,P00746,F0464,中部,長野県,佐久平整形外科クリニック,佐久平整形外科クリニック,佐久平整形外科クリニック,第三種,自家多血小板血漿（PRP）を用いた筋肉、腱、靭帯、筋膜の損傷及び慢性炎症の治療（関節外の軟部組織）,PRP,QC,1.0,https://saiseiiryo.mhlw.go.jp/published_plan/download/01C2503068/5/0,35000,不明,1 回(1 部位),ACP,Arthrex,2,7,"1 回(1 部位) 50,000 円 ACP(学割) 1 回(1 部位) 35,000 円 ACP ダブルショット 1 回(1 部位) 95,000 円",price candidates remain ambiguous,
A,P00746,F0464,中部,長野県,佐久平整形外科クリニック,佐久平整形外科クリニック,佐久平整形外科クリニック,第三種,自家多血小板血漿（PRP）を用いた筋肉、腱、靭帯、筋膜の損傷及び慢性炎症の治療（関節外の軟部組織）,PRP,QC,1.0,https://saiseiiryo.mhlw.go.jp/published_plan/download/01C2503068/5/0,95000,不明,1 回(1 部位),ACP MAX|ACP,Arthrex,2,7,"1 回(1 部位) 35,000 円 ACP ダブルショット 1 回(1 部位) 95,000 円 ACP MAX 1 回(1 部位) 150,000 円",price candidates remain ambiguous,
A,P00747,F0465,中部,長野県,医療法人雨宮病院,医療法人雨宮病院,医療法人雨宮病院,第三種,四肢の靭帯、筋腱付着部およびスポーツ傷害（筋・腱・靭帯）を対象とした自家多血小板血漿（PRP）注入療法,PRP,QC,1.0,https://saiseiiryo.mhlw.go.jp/published_plan/download/01C2206052/5/0,,,,,,,,,no price found after text/OCR pass,RuntimeError: Tesseract process timeout
A,P00748,F0466,中部,長野県,社会医療法人恵仁会 くろさわ病院,社会医療法人恵仁会 くろさわ病院,社会医療法人恵仁会 くろさわ病院,第三種,自家多血小板血漿（PRP）を用いた筋肉、腱、靭帯、筋膜の損傷及び慢性炎症の治療（関節腔外に限る）,PRP,QC,1.0,https://saiseiiryo.mhlw.go.jp/published_plan/download/01C2408006/5/0,77000,税込,1 回,,,4,8,"す。 (関節)PRP1 回・1 部位: ¥ 55,000-(税込) 2 箇所同時:¥77,000 円-(税込) (筋腱)PRP1 回・1 部位: ¥ 55,000-(税込) 2 箇所同時:¥77,000 円-(税込)",price candidates remain ambiguous,
A,P00748,F0466,中部,長野県,社会医療法人恵仁会 くろさわ病院,社会医療法人恵仁会 くろさわ病院,社会医療法人恵仁会 くろさわ病院,第三種,自家多血小板血漿（PRP）を用いた筋肉、腱、靭帯、筋膜の損傷及び慢性炎症の治療（関節腔外に限る）,PRP,QC,1.0,https://saiseiiryo.mhlw.go.jp/published_plan/download/01C2408006/5/0,5000,税込,1 回,,,-7,8,"(筋腱)PRP1 回・1 部位: ¥ 55,000-(税込) 2 箇所同時:¥77,000 円-(税込) キャンセル料:採血後5,000 円・加工後 38,000 円 11. 試料等の保存及び廃棄の方法 患者様から採取した血液と作製したPRP は、患者様ご自身の治療のみに使用します。",price candidates remain ambiguous,
A,P00748,F0466,中部,長野県,社会医療法人恵仁会 くろさわ病院,社会医療法人恵仁会 くろさわ病院,社会医療法人恵仁会 くろさわ病院,第三種,自家多血小板血漿（PRP）を用いた筋肉、腱、靭帯、筋膜の損傷及び慢性炎症の治療（関節腔外に限る）,PRP,QC,1.0,https://saiseiiryo.mhlw.go.jp/published_plan/download/01C2408006/5/0,38000,税込,1 回,,,-7,8,"(筋腱)PRP1 回・1 部位: ¥ 55,000-(税込) 2 箇所同時:¥77,000 円-(税込) キャンセル料:採血後5,000 円・加工後 38,000 円 11. 試料等の保存及び廃棄の方法 患者様から採取した血液と作製したPRP は、患者様ご自身の治療のみに使用します。",price candidates remain ambiguous,
A,P00749,F0408,中部,長野県,長野県厚生農業協同組合連合会 長野松代総合病院,長野県厚生農業協同組合連合会 長野松代総合病院,長野県厚生農業協同組合連合会 長野松代総合病院,第三種,四肢の靭帯、筋腱付着部およびスポーツ傷害（筋・腱・靭帯）を対象とした自家多血小板血漿（PRP）注入療法,PRP,QC,1.0,https://saiseiiryo.mhlw.go.jp/published_plan/download/01C2310037/5/0,5500,不明,,,,-10,6,"つでも取りやめることができます。この場合でも、一切不利益を受けません。 (採血等にかかる実費等はご負担いただきます。 :採血後のキャンセル料 5,500 円 加工後のキャンセル料 38,500 円) もしこの治療を受けることに同意しない場合も、最適と考えられる治療を実施できる ように患者様の治療に最善を尽くします。",price candidates remain ambiguous,
A,P00749,F0408,中部,長野県,長野県厚生農業協同組合連合会 長野松代総合病院,長野県厚生農業協同組合連合会 長野松代総合病院,長野県厚生農業協同組合連合会 長野松代総合病院,第三種,四肢の靭帯、筋腱付着部およびスポーツ傷害（筋・腱・靭帯）を対象とした自家多血小板血漿（PRP）注入療法,PRP,QC,1.0,https://saiseiiryo.mhlw.go.jp/published_plan/download/01C2310037/5/0,38500,不明,,,,-10,6,"つでも取りやめることができます。この場合でも、一切不利益を受けません。 (採血等にかかる実費等はご負担いただきます。 :採血後のキャンセル料 5,500 円 加工後のキャンセル料 38,500 円) もしこの治療を受けることに同意しない場合も、最適と考えられる治療を実施できる ように患者様の治療に最善を尽くします。",price candidates remain ambiguous,
A,P00750,F0409,中部,長野県,長野県立信州医療センター,長野県立信州医療センター,長野県立信州医療センター,第三種,自家多血小板血漿（PRP）を用いた筋肉、腱、靭帯、筋膜の損傷及び慢性炎症の治療（関節外の軟部組織）,PRP,AUTO,1.0,https://saiseiiryo.mhlw.go.jp/published_plan/download/03C2606030/5/0,55000,税込,両側,,,11,6,"査、PRP 調製のための採血にかかる費用、PRP 調製費用、注入にかかる費 用の総額となります。左右両側に投与する場合は、2 回分です。 PRP 1 回(1 部位) 55,000 円(税込) (3) 採血を開始してからキャンセルされた場合は、費用の全額をご負担いた だきます。",line-level strong price context,
A,P00751,F0468,中部,岐阜県,Radiant Clinic,Radiant Clinic,Radiant Clinic,第三種,自家多血小板血漿（PRP）を用いた筋肉、腱、靭帯、筋膜の損傷及び慢性炎症の治療（関節外の軟部組織）,PRP,AUTO,1.0,https://saiseiiryo.mhlw.go.jp/published_plan/download/01D2506002/5/0,60000,税別,1部位,ACP,Arthrex,8,8,"費用(税別) PRP 2mL(ACP 使用) (1部位あたり)60,000 円 PRP 4mL(ACP 使用) (1部位あたり)100,000 円",line-level medium price context,
A,P00752,F0469,中部,岐阜県,公立学校共済組合 東海中央病院,公立学校共済組合 東海中央病院,公立学校共済組合 東海中央病院,第三種,自家多血小板血漿（PRP）を用いた筋肉、腱、靭帯、筋膜の損傷及び慢性炎症の治療（関節外の軟部組織）,PRP,AUTO,1.0,https://saiseiiryo.mhlw.go.jp/published_plan/download/03D2509003/5/0,77000,税込,2 回分,,,9,,"(2) 本治療にかかる費用は、以下のとおりです。なお、費用は、治療に伴う診査、 PRP 作製のための採血にかかる費用、PRP 作製費用、注入にかかる費用の総 額となります。左右両側に投与する場合は、2 回分です。 PRP 1 回(1 部位) 77,000 円(税込) PRP 2 回分(2 部位同時) 132,000 円(税込) 公立学校共済組合 東海中央病院 説明書・同意書 【 カルテ用 】 総ページ数 10 ページ中 7 ページ目 Ver.2021.07 11. 試料等の保存及び廃棄の方法 患者さんから採取した血液と",,
A,P00752,F0469,中部,岐阜県,公立学校共済組合 東海中央病院,公立学校共済組合 東海中央病院,公立学校共済組合 東海中央病院,第三種,自家多血小板血漿（PRP）を用いた筋肉、腱、靭帯、筋膜の損傷及び慢性炎症の治療（関節外の軟部組織）,PRP,AUTO,1.0,https://saiseiiryo.mhlw.go.jp/published_plan/download/03D2509003/5/0,132000,税込,2 回分,,,9,,"診査、 PRP 作製のための採血にかかる費用、PRP 作製費用、注入にかかる費用の総 額となります。左右両側に投与する場合は、2 回分です。 PRP 1 回(1 部位) 77,000 円(税込) PRP 2 回分(2 部位同時) 132,000 円(税込) 公立学校共済組合 東海中央病院 説明書・同意書 【 カルテ用 】 総ページ数 10 ページ中 7 ページ目 Ver.2021.07 11. 試料等の保存及び廃棄の方法 患者さんから採取した血液と作製したPRP は、患者さんご自身の治療の みに使用します。ただし、症例検討や学会",,
A,P00753,F0473,中部,岐阜県,森整形外科リハビリクリニック,森整形外科リハビリクリニック,森整形外科リハビリクリニック,第三種,自家多血小板血漿（PRP）を用いた筋肉、腱、靭帯、筋膜の損傷及び慢性炎症の治療（関節外の軟部組織）,PRP,AUTO,1.0,https://saiseiiryo.mhlw.go.jp/published_plan/download/01D2109003/5/0,38000,税込,2 回分,,,9,,"ん。 (2) 本治療にかかる費用は、以下のとおりです。なお、費用は、治療に伴う診 査、PRP 作製のための採血にかかる費用、PRP 作製費用、注入にかかる費 用の総額となります。左右両側に投与する場合は、2 回分です。 PRP 1回(1 部位) 38,000 円(税込) 11. 試料等の保存及び廃棄の方法 患者様から採取した血液と作製したPRP は、患者様ご自身の治療のみ に使用します。ただし、症例検討や学会発表を目的として、血液やPRP の測定を行い、データを取得することがあります。 血液およびPRP は微量で全量を使用するため、保管はしません。治療 に用い",,
A,P00754,F0474,中部,岐阜県,美濃整形外科,美濃整形外科,美濃整形外科,第三種,多血小板血漿を用いた整形外科領域（関節腔内への投与を除く）の治療,PRP,AUTO,1.0,https://saiseiiryo.mhlw.go.jp/published_plan/download/01D2412005/5/0,40000,税込,,ACP|APS|GPS,Arthrex|Zimmer Biomet,8,,"間外の連絡先:080-9114-4267 14.費用について 細胞の提供に際して費用は発生しません。 治療の提供に際しては、本治療は公的保険の対象ではありませんので、当院所定の施術料とし て以下の金額をお支払いいただきます(全て税込)。 1ACP ダブルシリンジ:40,000円 2GPSIII:120,000円 3GPSIIIシステム及びAPSキット:300,000円 ※患者様の症状、その他の事情等により治療費が変動する場合があります。 なお、細胞の採取後や加工後に同意を撤回された場合など、同意を撤回される時点までに費用 が発生している場合は、発生した費用については患者様にご負",,
A,P00754,F0474,中部,岐阜県,美濃整形外科,美濃整形外科,美濃整形外科,第三種,多血小板血漿を用いた整形外科領域（関節腔内への投与を除く）の治療,PRP,AUTO,1.0,https://saiseiiryo.mhlw.go.jp/published_plan/download/01D2412005/5/0,120000,税込,,ACP|APS|GPS,Arthrex|Zimmer Biomet,8,,"267 14.費用について 細胞の提供に際して費用は発生しません。 治療の提供に際しては、本治療は公的保険の対象ではありませんので、当院所定の施術料とし て以下の金額をお支払いいただきます(全て税込)。 1ACP ダブルシリンジ:40,000円 2GPSIII:120,000円 3GPSIIIシステム及びAPSキット:300,000円 ※患者様の症状、その他の事情等により治療費が変動する場合があります。 なお、細胞の採取後や加工後に同意を撤回された場合など、同意を撤回される時点までに費用 が発生している場合は、発生した費用については患者様にご負担いただきますのでご了承くださ い。",,
A,P00754,F0474,中部,岐阜県,美濃整形外科,美濃整形外科,美濃整形外科,第三種,多血小板血漿を用いた整形外科領域（関節腔内への投与を除く）の治療,PRP,AUTO,1.0,https://saiseiiryo.mhlw.go.jp/published_plan/download/01D2412005/5/0,300000,税込,,ACP|APS|GPS,Arthrex|Zimmer Biomet,8,,"生しません。 治療の提供に際しては、本治療は公的保険の対象ではありませんので、当院所定の施術料とし て以下の金額をお支払いいただきます(全て税込)。 1ACP ダブルシリンジ:40,000円 2GPSIII:120,000円 3GPSIIIシステム及びAPSキット:300,000円 ※患者様の症状、その他の事情等により治療費が変動する場合があります。 なお、細胞の採取後や加工後に同意を撤回された場合など、同意を撤回される時点までに費用 が発生している場合は、発生した費用については患者様にご負担いただきますのでご了承くださ い。 15.他の治療法の有無、本治療法との比較について 靭",,
A,P00755,F0475,中部,静岡県,しずおか整形外科病院,しずおか整形外科病院,しずおか整形外科病院,第三種,多血小板血漿（PRP）の投与によるスポーツ外傷を含む筋、腱、靱帯損傷治療,PRP,AUTO,1.0,https://saiseiiryo.mhlw.go.jp/published_plan/download/03D2609003/5/0,25000,税別,,MyCells,MyCells系,8,,"生(学生証の提示がある方) 125,000 円(税別) PRP を用いた治療(Mycells PRP キット1本使用)における料金 ●通常 30,000 円(税別) ●当院に以前より通院されている方、紹介状持参の方 25,000 円(税別) ●学生(学生証の提示がある方) 25,000 円(税別) ご不明な点は外来看護師にお尋ねください。 PRP ステロイド剤注入 概要 損傷部位に投与することで、 損傷した患部の疼痛を和らげる 効果と、組織を修復する効果が 期待できる。 損傷部位に投与することで、 即効性",,
A,P00755,F0475,中部,静岡県,しずおか整形外科病院,しずおか整形外科病院,しずおか整形外科病院,第三種,多血小板血漿（PRP）の投与によるスポーツ外傷を含む筋、腱、靱帯損傷治療,PRP,AUTO,1.0,https://saiseiiryo.mhlw.go.jp/published_plan/download/03D2609003/5/0,30000,税別,,MyCells,MyCells系,8,,"に以前より通院されている方、紹介状持参の方 125,000 円(税別) ●学生(学生証の提示がある方) 125,000 円(税別) PRP を用いた治療(Mycells PRP キット1本使用)における料金 ●通常 30,000 円(税別) ●当院に以前より通院されている方、紹介状持参の方 25,000 円(税別) ●学生(学生証の提示がある方) 25,000 円(税別) ご不明な点は外来看護師にお尋ねください。 PRP ステロイド剤注入 概要 損傷部位に投与することで、 損傷した患部の疼痛を和らげる 効",,
A,P00755,F0475,中部,静岡県,しずおか整形外科病院,しずおか整形外科病院,しずおか整形外科病院,第三種,多血小板血漿（PRP）の投与によるスポーツ外傷を含む筋、腱、靱帯損傷治療,PRP,AUTO,1.0,https://saiseiiryo.mhlw.go.jp/published_plan/download/03D2609003/5/0,125000,税別,,GPS|MyCells,Zimmer Biomet|MyCells系,8,,"この治療は医療保険の対象ではありませんので、当病院所定の治療費をお支払い いただきます。 PRP を用いた治療(GPSIIIキット使用)における料金 ●通常 150,000 円(税別) ●当院に以前より通院されている方、紹介状持参の方 125,000 円(税別) ●学生(学生証の提示がある方) 125,000 円(税別) PRP を用いた治療(Mycells PRP キット1本使用)における料金 ●通常 30,000 円(税別) ●当院に以前より通院されている方、紹介状持参の方 25,000 円(税別)",,
A,P00755,F0475,中部,静岡県,しずおか整形外科病院,しずおか整形外科病院,しずおか整形外科病院,第三種,多血小板血漿（PRP）の投与によるスポーツ外傷を含む筋、腱、靱帯損傷治療,PRP,AUTO,1.0,https://saiseiiryo.mhlw.go.jp/published_plan/download/03D2609003/5/0,150000,税別,,GPS|MyCells,Zimmer Biomet|MyCells系,8,,"以上も踏まえ、PRP 治療をお受けになるか否かをご検討ください。 この治療は医療保険の対象ではありませんので、当病院所定の治療費をお支払い いただきます。 PRP を用いた治療(GPSIIIキット使用)における料金 ●通常 150,000 円(税別) ●当院に以前より通院されている方、紹介状持参の方 125,000 円(税別) ●学生(学生証の提示がある方) 125,000 円(税別) PRP を用いた治療(Mycells PRP キット1本使用)における料金 ●通常 30,000 円(税別",,
A,P00756,F0481,中部,静岡県,医療法人社団明仁会 静岡リハビリペインクリニック,医療法人社団明仁会 静岡リハビリペインクリニック,医療法人社団明仁会 静岡リハビリペインクリニック,第三種,多血小板血漿を用いた整形外科領域（関節腔内への投与を除く）の治療,PRP,QC,1.0,https://saiseiiryo.mhlw.go.jp/published_plan/download/01D2505008/5/0,40000,税込,,,,6,,"岡2F 電話番号:054-221-0802 担当:佐野 営業時間:8:30-17:30(土日祝休診) 営業時間外の連絡先:院長携帯電話 14.費用について 細胞の提供に際して費用は発生しません。 治療の提供に際しては、本治療は公的保険の対象ではありませんので、当院所定の施術料として40,000 円(税込)をお支払いいただきます。 ※患者様の症状、その他の事情等により治療費が変動する場合があります。 なお、細胞の採取後や加工後に同意を撤回された場合など、同意を撤回される時点までに費用が発生し ている場合は、発生した費用については患者様にご負担いただきますのでご了承ください。 15.他の治療法の有無、本治療法との比較について",no price found after text/OCR pass,No price found after refined text/OCR pass
A,P00757,F0483,中部,静岡県,医療法人社団オステオケア ないとう整形外科クリニック,医療法人社団オステオケア ないとう整形外科クリニック,医療法人社団オステオケア ないとう整形外科クリニック,第三種,四肢の靭帯、筋腱付着部およびスポーツ傷害（筋・腱・靭帯）を対象とした自家多血小板血漿（PRP）注入療法,PRP,QC,1.0,https://saiseiiryo.mhlw.go.jp/published_plan/download/01D2303009/5/0,,,,,,,,,no price found after text/OCR pass,Document fetched but no price candidate
A,P00758,F0484,中部,静岡県,医療法人社団ディー・エイチ・アール 鈴木整形外科スポーツクリニック,医療法人社団ディー・エイチ・アール 鈴木整形外科スポーツクリニック,医療法人社団ディー・エイチ・アール 鈴木整形外科スポーツクリニック,第三種,自家多血小板血漿（PRP）の投与によるスポーツ外傷を含む筋、腱、靱帯損傷治療,PRP,AUTO,1.0,https://saiseiiryo.mhlw.go.jp/published_plan/download/03D2401008/5/0,90000,税別,1回,,,9,,"ol. 39, No. 6, 2011よ り 10. 治療にかかる費用につい て この治療は公的保険の対象ではありませんので、当病院所定の下記 の施術料をお支払いいただきます。 ・自家PRPを用いた治療における施術料 90,000円 (税抜) ご不明な点は医師・スタッフにお尋ねください。なお1回の施術あ たりの費用は、患部の状態を確認した医師の判断、およびそれに応 じた自家PRP投与量等により変更となる場合がございます。 11. その他治療についての注意事 項 患者様の体調が良くない場合や、採取した",,
A,P00758,F0484,中部,静岡県,医療法人社団ディー・エイチ・アール 鈴木整形外科スポーツクリニック,医療法人社団ディー・エイチ・アール 鈴木整形外科スポーツクリニック,医療法人社団ディー・エイチ・アール 鈴木整形外科スポーツクリニック,第三種,自家多血小板血漿（PRP）の投与によるスポーツ外傷を含む筋、腱、靱帯損傷治療,PRP,AUTO,1.0,https://saiseiiryo.mhlw.go.jp/published_plan/download/03D2401008/5/0,70000,税別,,,,6,,"療を取りやめることができます。この場合でも、一切不利益 を受けません。 ただし本治療をとりやめた場合には、とりやめた時点までに発生し た施術および製造にかかった費用をお支払いいただきます。 ・採血前に治療をとりやめた場合、費用のお支払いはございませ ん。 ・採血後から投与までに治療をとりやめた場合、70,000円(税抜) をお支払いいただきます。 また治療を行った後は、健康管理のために必要に応じて適切な検査 を受けていただき、医学的に問題がないかを確認させていただきま す。 13. 個人情報の保護につい て 「個人情報の保護に関する法律」に基づき、当院には、個人情報取 扱実施規程",,
A,P00759,F0523,中部,静岡県,かわぐち整形外科,かわぐち整形外科,かわぐち整形外科,第三種,多血小板血漿（PRP）を用いた筋・腱・靭帯損傷の治療,PRP,QC,0.7592,https://saiseiiryo.mhlw.go.jp/published_plan/download/01D2102006/5/0,60000,税別,,,,5,1,"スモールスピッツ:約10mlの場合 1 本あたり 30,000円 (税抜価格) ラージスピッツ :約 20mlの場合 1 本あたり 60,000円 (税抜 価格) です。 □ 細胞提供者と受領者(施術対象者)は同一人のため、細胞提供者",price candidates remain ambiguous,
A,P00759,F0523,中部,静岡県,かわぐち整形外科,かわぐち整形外科,かわぐち整形外科,第三種,多血小板血漿（PRP）を用いた筋・腱・靭帯損傷の治療,PRP,QC,0.7592,https://saiseiiryo.mhlw.go.jp/published_plan/download/01D2102006/5/0,30000,税別,,,,4,1,"る場合があります。 □ 治療費は スモールスピッツ:約10mlの場合 1 本あたり 30,000円 (税抜価格) ラージスピッツ :約 20mlの場合 1 本あたり 60,000円 (税抜",price candidates remain ambiguous,
A,P00760,F0487,中部,静岡県,国立大学法人浜松医科大学 浜松医科大学医学部附属病院,国立大学法人浜松医科大学 浜松医科大学医学部附属病院,国立大学法人浜松医科大学 浜松医科大学医学部附属病院,第三種,靱帯・腱付着部炎及び筋・腱損傷に対する自家多血小板血漿（自家PRP）注入療法,PRP,AUTO,1.0,https://saiseiiryo.mhlw.go.jp/published_plan/download/03D2504001/5/0,76400,税込,,,,14,8,"に対する治療」は、治療に伴う診察、自家PRP 調製のための採血にかかる 費用、自家PRP 調製費用、注射費用の総額となります。 自家PRP を用いた治療における施術料:76,400 円(税込) (3) 治療終了後も定期的な受診が必要です。 治療にかかる費用についてご不明な点は医師・スタッフにお尋ねください。",line-level strong price context,
A,P00761,F0488,中部,静岡県,富士整形外科病院,富士整形外科病院,富士整形外科病院,第三種,自家多血小板血漿（PRP）を用いた筋肉、腱、靭帯、筋膜の損傷及び慢性炎症の治療（関節腔外に限る）,PRP,AUTO,1.0,https://saiseiiryo.mhlw.go.jp/published_plan/download/02D2510005/5/0,30000,税込,1回,,,9,,"本治療は、すべて自費診療であり、健康保険を使用することはできません。 (2) 本治療にかかる費用は、以下のとおりです。なお、費用は、治療に伴う診査、自家PRP調製 のための採血にかかる費用、自家PRP調製費用、注入にかかる費用の総額となります。 PRP1回 35,000円(税込) PRP1回 30,000円(税込)※大学生までの学割 11. 試料等の保存及び廃棄の方法 患者様から採取した血液と作製したPRPは、患者様ご自身の治療のみに使用します。ただし、 症例検討や学会発表を目的として、血液やPRPの測定を行い、データを取得することがありま す。 血液およびPRPは微量で全量を使用するため、保管はしません。治療に用いない血液または PR",,
A,P00761,F0488,中部,静岡県,富士整形外科病院,富士整形外科病院,富士整形外科病院,第三種,自家多血小板血漿（PRP）を用いた筋肉、腱、靭帯、筋膜の損傷及び慢性炎症の治療（関節腔外に限る）,PRP,AUTO,1.0,https://saiseiiryo.mhlw.go.jp/published_plan/download/02D2510005/5/0,35000,税込,1回,,,9,,"を尽くします。 10. 治療費用 (1) 本治療は、すべて自費診療であり、健康保険を使用することはできません。 (2) 本治療にかかる費用は、以下のとおりです。なお、費用は、治療に伴う診査、自家PRP調製 のための採血にかかる費用、自家PRP調製費用、注入にかかる費用の総額となります。 PRP1回 35,000円(税込) PRP1回 30,000円(税込)※大学生までの学割 11. 試料等の保存及び廃棄の方法 患者様から採取した血液と作製したPRPは、患者様ご自身の治療のみに使用します。ただし、 症例検討や学会発表を目的として、血液やPRPの測定を行い、データを取得することがありま す。 血液およびPRPは微量で全量を使用するため、保管は",,
A,P00762,F0489,中部,静岡県,清水サルバス整形外科・糖尿病内分泌クリニック,清水サルバス整形外科・糖尿病内分泌クリニック,清水サルバス整形外科・糖尿病内分泌クリニック,第三種,自己多血小板血漿（PRP）を用いた整形外科領域における軟部組織治療,PRP,AUTO,1.0,https://saiseiiryo.mhlw.go.jp/published_plan/download/01D2502005/5/0,30000,税別,1回,ACP|GPS,Arthrex|Zimmer Biomet,9,,"誘発・骨粗鬆症の増悪・薬剤離脱困難等が生じてし まう可能性があります。 治療にかかる費用について この治療は公的保険の対象ではありませんので、当施設にて施術料をお支払いいただきます。 ・PRP 療法 使用キット 治療提供価格(税別) ACP ダブルシリンジシステム(1回) 30,000 円 ACPMAX PRP システム(1回) 180,000 円 GPSIIIシステム(1 回) 150,000 円 ※患者さまの症状により施術料が変わる場合は別途、ご説明いたします。 その他治療についての注意事項 患者さまの体調が良くない場合や、採取",,
A,P00762,F0489,中部,静岡県,清水サルバス整形外科・糖尿病内分泌クリニック,清水サルバス整形外科・糖尿病内分泌クリニック,清水サルバス整形外科・糖尿病内分泌クリニック,第三種,自己多血小板血漿（PRP）を用いた整形外科領域における軟部組織治療,PRP,AUTO,1.0,https://saiseiiryo.mhlw.go.jp/published_plan/download/01D2502005/5/0,150000,税別,1回,ACP|GPS,Arthrex|Zimmer Biomet,9,,"ではありませんので、当施設にて施術料をお支払いいただきます。 ・PRP 療法 使用キット 治療提供価格(税別) ACP ダブルシリンジシステム(1回) 30,000 円 ACPMAX PRP システム(1回) 180,000 円 GPSIIIシステム(1 回) 150,000 円 ※患者さまの症状により施術料が変わる場合は別途、ご説明いたします。 その他治療についての注意事項 患者さまの体調が良くない場合や、採取した血液の状態によっては、PRP を分離できないこ とがあります。 その際には、再度採血をさせていただく場合があります。 自己多血",,
A,P00762,F0489,中部,静岡県,清水サルバス整形外科・糖尿病内分泌クリニック,清水サルバス整形外科・糖尿病内分泌クリニック,清水サルバス整形外科・糖尿病内分泌クリニック,第三種,自己多血小板血漿（PRP）を用いた整形外科領域における軟部組織治療,PRP,AUTO,1.0,https://saiseiiryo.mhlw.go.jp/published_plan/download/01D2502005/5/0,180000,税別,1回,ACP|GPS,Arthrex|Zimmer Biomet,9,,"ります。 治療にかかる費用について この治療は公的保険の対象ではありませんので、当施設にて施術料をお支払いいただきます。 ・PRP 療法 使用キット 治療提供価格(税別) ACP ダブルシリンジシステム(1回) 30,000 円 ACPMAX PRP システム(1回) 180,000 円 GPSIIIシステム(1 回) 150,000 円 ※患者さまの症状により施術料が変わる場合は別途、ご説明いたします。 その他治療についての注意事項 患者さまの体調が良くない場合や、採取した血液の状態によっては、PRP を分離できないこ とがあります",,
A,P00763,F0490,中部,静岡県,社会福祉法人聖隷福祉事業団 総合病院 聖隷浜松病院,社会福祉法人聖隷福祉事業団 総合病院 聖隷浜松病院,社会福祉法人聖隷福祉事業団 総合病院 聖隷浜松病院,第三種,多血小板血漿（PRP）を用いた筋、腱、靭帯等の損傷に対する治療,PRP,AUTO,1.0,https://saiseiiryo.mhlw.go.jp/published_plan/download/03D2607004/5/0,27500,不明,,GPS,Zimmer Biomet,7,,"待される 炎症をおさえ、傷んで いる組織の修復を促進 する効果が期待される GPSIIIをさらに濃縮し ており、炎症を抑える 効果がより期待される 採血量 15ml 26ml 又は52ml 55ml 効果持続期間 6 か月程度 6~12 か月程度 最大24 か月程度※ 費用 27,500 円 105,600 円 330,000 円 4 C-1) 治療(手術)の実施予定日 西暦 年 月 日 C-2) 治療(手術)の実施予定者 【血液採取およびPRP の投与を行う医療機関】 社会福祉法人聖隷福祉事業団 総合病院 聖隷浜松病院 〒430-8558 静岡県浜松市中区住吉2-1",,
A,P00763,F0490,中部,静岡県,社会福祉法人聖隷福祉事業団 総合病院 聖隷浜松病院,社会福祉法人聖隷福祉事業団 総合病院 聖隷浜松病院,社会福祉法人聖隷福祉事業団 総合病院 聖隷浜松病院,第三種,多血小板血漿（PRP）を用いた筋、腱、靭帯等の損傷に対する治療,PRP,AUTO,1.0,https://saiseiiryo.mhlw.go.jp/published_plan/download/03D2607004/5/0,105600,不明,,GPS,Zimmer Biomet,7,,"さえ、傷んで いる組織の修復を促進 する効果が期待される GPSIIIをさらに濃縮し ており、炎症を抑える 効果がより期待される 採血量 15ml 26ml 又は52ml 55ml 効果持続期間 6 か月程度 6~12 か月程度 最大24 か月程度※ 費用 27,500 円 105,600 円 330,000 円 4 C-1) 治療(手術)の実施予定日 西暦 年 月 日 C-2) 治療(手術)の実施予定者 【血液採取およびPRP の投与を行う医療機関】 社会福祉法人聖隷福祉事業団 総合病院 聖隷浜松病院 〒430-8558 静岡県浜松市中区住吉2-12-12 管理者 岡",,
A,P00763,F0490,中部,静岡県,社会福祉法人聖隷福祉事業団 総合病院 聖隷浜松病院,社会福祉法人聖隷福祉事業団 総合病院 聖隷浜松病院,社会福祉法人聖隷福祉事業団 総合病院 聖隷浜松病院,第三種,多血小板血漿（PRP）を用いた筋、腱、靭帯等の損傷に対する治療,PRP,AUTO,1.0,https://saiseiiryo.mhlw.go.jp/published_plan/download/03D2607004/5/0,330000,不明,,GPS,Zimmer Biomet,7,,"の修復を促進 する効果が期待される GPSIIIをさらに濃縮し ており、炎症を抑える 効果がより期待される 採血量 15ml 26ml 又は52ml 55ml 効果持続期間 6 か月程度 6~12 か月程度 最大24 か月程度※ 費用 27,500 円 105,600 円 330,000 円 4 C-1) 治療(手術)の実施予定日 西暦 年 月 日 C-2) 治療(手術)の実施予定者 【血液採取およびPRP の投与を行う医療機関】 社会福祉法人聖隷福祉事業団 総合病院 聖隷浜松病院 〒430-8558 静岡県浜松市中区住吉2-12-12 管理者 岡 俊明 実施責任者",,
A,P00764,F0491,中部,静岡県,錦野クリニック,錦野クリニック,錦野クリニック,第三種,多血小板血漿（PRP）を用いた整形外科疾患に対する治療（血流のある部位）,PRP,QC,0.9971,https://saiseiiryo.mhlw.go.jp/published_plan/download/01D1903004/5/0,,,,,,,,,no price found after text/OCR pass,RuntimeError: Tesseract process timeout
A,P00765,F0493,中部,静岡県,ＴＯＢＵ整形外科スポーツ＆リハビリクリニック,ＴＯＢＵ整形外科スポーツ＆リハビリクリニック,ＴＯＢＵ整形外科スポーツ＆リハビリクリニック,第三種,四肢の筋・腱・靱帯及びその付着部の傷害を対象とした自家多血小板血漿（PRP）注入療法,PRP,AUTO,1.0,https://saiseiiryo.mhlw.go.jp/published_plan/download/01D2508004/5/0,35000,税込,1 回,,,9,,"です。そのため、患者様の費用負担が 他の治療よりも高額になることがあります。当院において実施される本治療および本治 療に必要な検査などの費用は全額自己負担となります。 血液分離専用容器キットによる提供価格 各1 回: PRP:(京セラCondensia システム)使用 ・・・・・・・・1 回35,000 円(税込) ※患者様の症状によっては、治療を数回行うことがあります。治療前、または治療後 の状態から担当医師が判断し、患者様にお伝えしご相談させて頂きます。 ※治療内容・回数により1回あたりの費用が減額される場合がございます。施術する 前に詳細な説明をいたしますので、ご納得いただいた上で施術いただきますようお 願い申し上げます。",,
A,P00765,F0493,中部,静岡県,ＴＯＢＵ整形外科スポーツ＆リハビリクリニック,ＴＯＢＵ整形外科スポーツ＆リハビリクリニック,ＴＯＢＵ整形外科スポーツ＆リハビリクリニック,第三種,四肢の筋・腱・靱帯及びその付着部の傷害を対象とした自家多血小板血漿（PRP）注入療法,PRP,AUTO,1.0,https://saiseiiryo.mhlw.go.jp/published_plan/download/01D2508004/5/0,5500,税込,,,,-7,,"けた後に同意されない場合でも、一切不利益を受けることはありません。 また同様に、治療を受けることに同意した場合であっても、投与までの間でしたらい つでも取りやめることができます。その場合、その後の治療について一切不利益は受け ません。(ただし下記のキャンセル料は申し受けます) ・採血後~加工前 5,500 円(税込) ・加工後~投与前 全額 もしこの治療を受けることに同意しない場合も、最適と考えられる治療を実施できる ように患者様の治療に最善を尽くします。 ただし、治療を行った後は、健康管理のために必要に応じて適切な検査を受けていた だき、医学的に問題がないかを確認させていただきます。 11. 試料等の保管及び廃棄の方法につい",,
A,P00766,F0498,中部,愛知県,ふくだ整形外科骨粗しょう症スポーツクリニック,ふくだ整形外科骨粗しょう症スポーツクリニック,ふくだ整形外科骨粗しょう症スポーツクリニック,第三種,多血小板血漿を用いた整形外科領域（関節腔内への投与を除く）の治療,PRP,QC,1.0,https://saiseiiryo.mhlw.go.jp/published_plan/download/01D2211014/5/0,,,,,,,,,no price found after text/OCR pass,Document fetched but no price candidate
A,P00767,F0524,中部,愛知県,フェリシティークリニック名古屋,フェリシティークリニック名古屋,フェリシティークリニック名古屋,第三種,整形外科領域の軟部組織に対する自家多血小板血漿療法,PRP,QC,1.0,https://saiseiiryo.mhlw.go.jp/published_plan/download/01D1906001/5/0,,,,,,,,,no price found after text/OCR pass,Document fetched but no price candidate
A,P00768,F0501,中部,愛知県,リジェネレーションクリニック,リジェネレーションクリニック,リジェネレーションクリニック,第三種,自家多血小板血漿（PRP）を用いた筋肉、腱、靭帯、筋膜の損傷及び慢性炎症の治療（関節腔外に限る）,PRP,AUTO,1.0,https://saiseiiryo.mhlw.go.jp/published_plan/download/01D2404004/5/0,40700,不明,1回,,,7,8,"のための採血にかかる費用、自家PRP調製費用、注入にかかる費用の総額となります。 ・3種一般 1回1部位 48,400円 2回目以降 1部位 40,700円 同時2部位 74,800円 2回目以降 2部位 67,100円 ・3種学生",line-level medium price context,
A,P00768,F0501,中部,愛知県,リジェネレーションクリニック,リジェネレーションクリニック,リジェネレーションクリニック,第三種,自家多血小板血漿（PRP）を用いた筋肉、腱、靭帯、筋膜の損傷及び慢性炎症の治療（関節腔外に限る）,PRP,AUTO,1.0,https://saiseiiryo.mhlw.go.jp/published_plan/download/01D2404004/5/0,48400,不明,1回,,,7,8,"のための採血にかかる費用、自家PRP調製費用、注入にかかる費用の総額となります。 ・3種一般 1回1部位 48,400円 2回目以降 1部位 40,700円 同時2部位 74,800円 2回目以降 2部位 67,100円 ・3種学生",line-level medium price context,
A,P00769,F0502,中部,愛知県,伊藤整形・内科 あいちスポーツ人工関節クリニック,伊藤整形・内科 あいちスポーツ人工関節クリニック,伊藤整形・内科 あいちスポーツ人工関節クリニック,第三種,自己多血小板血漿（PRP）を用いた整形外科領域における軟部組織治療,PRP,AUTO,1.0,https://saiseiiryo.mhlw.go.jp/published_plan/download/02D2303003/5/0,110000,税込,1回 (1部位),GPS,Zimmer Biomet,9,,"治療にかかる費用について この治療は公的保険の対象ではありませんので、当施設にて施術料をお支払いいただきます。 ・PRP 療法 GPSIIIシステム 1回 (1部位) 220,000円(税込) (2部位目以降)各110,000円(税込) ※患者さまの症状により施術料が変わる場合は別途、ご説明いたします。 PRP を用いた整形外科領域における軟部組織治療に関する患者さま説明文・同意文書 5 その他治療についての注意事項 患者さまの体調が良くない場合や、採取した血液",,
A,P00769,F0502,中部,愛知県,伊藤整形・内科 あいちスポーツ人工関節クリニック,伊藤整形・内科 あいちスポーツ人工関節クリニック,伊藤整形・内科 あいちスポーツ人工関節クリニック,第三種,自己多血小板血漿（PRP）を用いた整形外科領域における軟部組織治療,PRP,AUTO,1.0,https://saiseiiryo.mhlw.go.jp/published_plan/download/02D2303003/5/0,220000,税込,1回 (1部位),GPS,Zimmer Biomet,9,,"染症の誘発・骨粗鬆症の増悪・薬剤離脱困難等が生じてし まう可能性があります。 治療にかかる費用について この治療は公的保険の対象ではありませんので、当施設にて施術料をお支払いいただきます。 ・PRP 療法 GPSIIIシステム 1回 (1部位) 220,000円(税込) (2部位目以降)各110,000円(税込) ※患者さまの症状により施術料が変わる場合は別途、ご説明いたします。 PRP を用いた整形外科領域における軟部組織治療に関する患者さま説明文・同意文書 5 その他治療についての注意事項",,
A,P00770,F0513,中部,愛知県,米田病院,米田病院,米田病院,第三種,自家多血小板血漿（PRP）を用いた筋肉、腱、靭帯、筋膜の損傷及び慢性炎症の治療（関節外の軟部組織）,PRP,AUTO,1.0,https://saiseiiryo.mhlw.go.jp/published_plan/download/03D2604005/5/0,55000,税込,2 回分,,,9,,"ん。 (2) 本治療にかかる費用は、以下のとおりです。なお、費用は、治療に伴う診 査、PRP 作製のための採血にかかる費用、PRP 作製費用、注入にかかる費 用の総額となります。左右両側に投与する場合は、2 回分です。 PRP 1 回(1 部位) 55,000 円(税込) 11. 試料等の保存及び廃棄の方法 患者様から採取した血液と作製したPRP は、患者様ご自身の治療のみ に使用します。ただし、症例検討や学会発表を目的として、血液やPRP の測定を行い、データを取得することがあります。 血液およびPRP は微量で全量を使用するため、保管はしません。治療 に用い",,
A,P00775,F0525,中部,三重県,社会医療法人峰和会 鈴鹿回生病院,社会医療法人峰和会 鈴鹿回生病院,社会医療法人峰和会 鈴鹿回生病院,第三種,自己多血小板血漿（PRP）を用いた外傷後治癒促進、疼痛軽減治療,PRP,QC,1.0,https://saiseiiryo.mhlw.go.jp/published_plan/download/03D2506007/5/0,,,,,,,,,no price found after text/OCR pass,FileDataError: Failed to open stream
A,P00778,F0010,近畿,京都府,医療法人社団貴順会 吉川病院,医療法人社団貴順会 吉川病院,医療法人社団貴順会 吉川病院,第二種,自家多血小板血漿（PRP）を用いた慢性関節炎の治療（関節内組織）,PRP,AUTO,0.9838,https://saiseiiryo.mhlw.go.jp/published_plan/download/02E2307009/5/0,55000,税込,1 回,,,9,,"保険を使用することはできません。 (2) 本治療にかかる費用は、以下のとおりです。なお、費用は、1 回の治療に伴 う診査、PRP 調製のための採血にかかる費用、PRP 調製費用、注入にかか る費用の総額となります。左右両側に投与する場合は、2 回分です。 PRP 療法1回(1 部位) 55,000 円(消費税込) 11. 試料等の保存及び廃棄の方法 患者様から採取した血液と作製したPRP は、患者様ご自身の治療のみに 使用します。ただし、症例検討や学会発表を目的として、血液やPRP の測 定を行い、データを取得することがあります。 血液およびPRP は微量で全量を使用するため、保管はしません。治療に 用いない血液ま",,
A,P00779,F0526,近畿,京都府,医療法人社団順和会 京都下鴨病院,医療法人社団順和会 京都下鴨病院,医療法人社団順和会 京都下鴨病院,第二種,自家滑膜幹細胞注射による変形性膝関節症治療,滑膜幹細胞,AUTO,1.0,https://saiseiiryo.mhlw.go.jp/published_plan/download/02E2506005/5/0,2200000,税込,,,,8,,"はないので、可能性 を否定できない。 侵襲 血液と滑膜組織を採取する。 細胞の採取は不要 費用 自費診療 保険診療 11. 治療にかかる費用について 本治療は自費診療であり、公的保険の対象ではありませんので、当院の所定の施術料をお支払いいただ きます。 治療費用(片膝) 2,200,000 円(税込)  治療に伴う診察、自己血清のための採血、滑膜採取、滑膜幹細胞注射が含まれています。  注射前検査の採血費用は含まれておりませんので別途費用がかかります。  注射1 か月後、3 か月後、6 か月後の診察は含まれておりませんので別途費用がかかります。  「中止基準(2)細胞の培養等が計画通りに実施できなかった場合",,
A,P00779,F0526,近畿,京都府,医療法人社団順和会 京都下鴨病院,医療法人社団順和会 京都下鴨病院,医療法人社団順和会 京都下鴨病院,第二種,自家滑膜幹細胞注射による変形性膝関節症治療,滑膜幹細胞,AUTO,1.0,https://saiseiiryo.mhlw.go.jp/published_plan/download/02E2506005/5/0,220000,税込,,,,0,,"(1)患者さまから中止の申し出があった場合」によって注射を行わなかっ た場合(細胞輸送のトラブル発生時は除く)、キャンセル費用を負担いただきます。  キャンセル費用:本治療をとりやめた場合、以下の費用をお支払いいただきます。 期 間 キャンセル費用 滑膜組織採取・採血の前日17 時まで 220,000 円(税込) 滑膜組織採取・採血後 2,200,000 円(税込)  採取した細胞や投与する幹細胞は、細胞培養加工施設と当院の間で適切な温度管理のもと輸 送されます。輸送時のトラブルにより細胞を使用できなくなった場合は、細胞採取や細胞培養を再 度行います。その際に患者さんに追加の費用をご負担いただくことはありません。細胞の再採取や",,
A,P00779,F0526,近畿,京都府,医療法人社団順和会 京都下鴨病院,医療法人社団順和会 京都下鴨病院,医療法人社団順和会 京都下鴨病院,第二種,自家滑膜幹細胞注射による変形性膝関節症治療,滑膜幹細胞,AUTO,1.0,https://saiseiiryo.mhlw.go.jp/published_plan/download/02E2506005/5/0,500000,税込,,,,-2,," 注射前検査の採血費用は含まれておりませんので別途費用がかかります。  注射1 か月後、3 か月後、6 か月後の診察は含まれておりませんので別途費用がかかります。  「中止基準(2)細胞の培養等が計画通りに実施できなかった場合」に相当し、医師の判断で中止 した場合(注射を行わなかった場合)500,000 円(税込)をご負担いただきます。 1_09 説明文書・同意文書 第6 版 2025/06/09 7  培養開始後、「中止基準(1)患者さまから中止の申し出があった場合」によって注射を行わなかっ た場合(細胞輸送のトラブル発生時は除く)、キャンセル費用を負担いただきます。  キャンセル費用:本治療をとりやめた場合、以下の費",,
A,P00780,F0526,近畿,京都府,医療法人社団順和会 京都下鴨病院,医療法人社団順和会 京都下鴨病院,医療法人社団順和会 京都下鴨病院,第二種,多血小板血漿（PRP）の投与による変形性関節症治療,PRP,AUTO,1.0,https://saiseiiryo.mhlw.go.jp/published_plan/download/02E2507001/5/0,40000,税別,,,,8,,"場合、採血後から投与までに治療をとりやめ た際、とりやめまでにかかった実費相当の費用として、250,000 円(税抜)をお支払いいただ きます。 ・PRP を用いた治療(Condensia システム使用)の場合、採血後から投与までに治療をとり やめた際、とりやめまでにかかった実費相当の費用として、40,000 円(税抜)をお支払いい ただきます。 また治療を行った後は、健康管理のために、必要に応じて適切な検査を受けていただきます。 医学的に問題がないか確認します。 14. 個人情報保護について 「個人情報の保護に関する法律」に基づき、当院には、個人情報取扱実施規程があります。 この規程に基づき、患者さまの氏名や病気のことなどの個",,
A,P00780,F0526,近畿,京都府,医療法人社団順和会 京都下鴨病院,医療法人社団順和会 京都下鴨病院,医療法人社団順和会 京都下鴨病院,第二種,多血小板血漿（PRP）の投与による変形性関節症治療,PRP,AUTO,1.0,https://saiseiiryo.mhlw.go.jp/published_plan/download/02E2507001/5/0,70000,税別,1 回,APS,Zimmer Biomet,8,,". 治療にかかる費用について この治療は公的保険の対象ではありませんので、当院の所定の施術料をお支払いいただきま す。 ・濃縮PRP を用いた治療(APS キット使用)における施術料 300,000 円(税抜) ・PRP を用いた治療(Condensia システム使用)における施術料 70,000 円(税抜) ご不明な点は医師・スタッフにお尋ねください。なお1 回の施術あたりの費用は、患部の状 態を確認した医師の判断、PRP の遠心回数等により変更となる場合がございます。 12. その他治療についての注意事項 患者様の体調が良くない場合や、採取した血液の状態によっては",,
A,P00780,F0526,近畿,京都府,医療法人社団順和会 京都下鴨病院,医療法人社団順和会 京都下鴨病院,医療法人社団順和会 京都下鴨病院,第二種,多血小板血漿（PRP）の投与による変形性関節症治療,PRP,AUTO,1.0,https://saiseiiryo.mhlw.go.jp/published_plan/download/02E2507001/5/0,250000,税別,,APS,Zimmer Biomet,8,,"前に治療をとりやめた場合、費用のお支払いはございません。 第2 種 多血小板血漿(PRP)の投与による変形性関節症治療の説明文・同意文書 7 ・濃縮PRP を用いた治療(APS キット使用)の場合、採血後から投与までに治療をとりやめ た際、とりやめまでにかかった実費相当の費用として、250,000 円(税抜)をお支払いいただ きます。 ・PRP を用いた治療(Condensia システム使用)の場合、採血後から投与までに治療をとり やめた際、とりやめまでにかかった実費相当の費用として、40,000 円(税抜)をお支払いい ただきます。 また治療を行った後は、健康管理のために、必要に応じて適切な検査を受けていただきます。 医学的",,
A,P00780,F0526,近畿,京都府,医療法人社団順和会 京都下鴨病院,医療法人社団順和会 京都下鴨病院,医療法人社団順和会 京都下鴨病院,第二種,多血小板血漿（PRP）の投与による変形性関節症治療,PRP,AUTO,1.0,https://saiseiiryo.mhlw.go.jp/published_plan/download/02E2507001/5/0,300000,税別,1 回,APS,Zimmer Biomet,8,,"い 品質管理された安全性の高いもの だが、アレルギー反応などの可能性 を完全には否定できない 11. 治療にかかる費用について この治療は公的保険の対象ではありませんので、当院の所定の施術料をお支払いいただきま す。 ・濃縮PRP を用いた治療(APS キット使用)における施術料 300,000 円(税抜) ・PRP を用いた治療(Condensia システム使用)における施術料 70,000 円(税抜) ご不明な点は医師・スタッフにお尋ねください。なお1 回の施術あたりの費用は、患部の状 態を確認した医師の判断、PRP の遠心回数等により変更となる場合がございます。 12. その他治療についての注意事項",,
A,P00781,F0527,近畿,京都府,医療法人社団 医献会 サーチュインクリニック京都院,医療法人社団 医献会 サーチュインクリニック京都院,医療法人社団 医献会 サーチュインクリニック京都院,第二種,自己脂肪組織由来幹細胞を用いた変形性関節症の治療,脂肪由来幹細胞,QC,1.0,https://saiseiiryo.mhlw.go.jp/published_plan/download/03E2508015/5/0,,,,,,,,,no price found after text/OCR pass,RuntimeError: Tesseract process timeout
A,P00782,F0528,近畿,京都府,医療法人社団千春会 千春会ハイパーサーミアクリニック,医療法人社団千春会 千春会ハイパーサーミアクリニック,医療法人社団千春会 千春会ハイパーサーミアクリニック,第二種,自家多血小板血漿（PRP）を用いた慢性関節炎の治療（関節内組織）,PRP,QC,0.9838,https://saiseiiryo.mhlw.go.jp/published_plan/download/03E2601001/5/0,704000,不明,1回,Angel,Arthrex,5,7,"1回 374,000 円 Angel 1回 704,000 円 (3) 採血を開始してからのキャンセルについては、キャンセル費用をいただ きます。",price candidates remain ambiguous,
A,P00782,F0528,近畿,京都府,医療法人社団千春会 千春会ハイパーサーミアクリニック,医療法人社団千春会 千春会ハイパーサーミアクリニック,医療法人社団千春会 千春会ハイパーサーミアクリニック,第二種,自家多血小板血漿（PRP）を用いた慢性関節炎の治療（関節内組織）,PRP,QC,0.9838,https://saiseiiryo.mhlw.go.jp/published_plan/download/03E2601001/5/0,88000,不明,片側,ACP MAX|ACP,Arthrex,4,7,"PRP 片側 ACP 1回(1部位) 88,000 円 ACP MAX 1回(1部位) 187,000 円",price candidates remain ambiguous,
A,P00782,F0528,近畿,京都府,医療法人社団千春会 千春会ハイパーサーミアクリニック,医療法人社団千春会 千春会ハイパーサーミアクリニック,医療法人社団千春会 千春会ハイパーサーミアクリニック,第二種,自家多血小板血漿（PRP）を用いた慢性関節炎の治療（関節内組織）,PRP,QC,0.9838,https://saiseiiryo.mhlw.go.jp/published_plan/download/03E2601001/5/0,187000,不明,1回(1部位),ACP MAX|ACP|Angel,Arthrex,4,7,"1回(1部位) 88,000 円 ACP MAX 1回(1部位) 187,000 円 Angel 1回(1部位) 352,000 円",price candidates remain ambiguous,
A,P00782,F0528,近畿,京都府,医療法人社団千春会 千春会ハイパーサーミアクリニック,医療法人社団千春会 千春会ハイパーサーミアクリニック,医療法人社団千春会 千春会ハイパーサーミアクリニック,第二種,自家多血小板血漿（PRP）を用いた慢性関節炎の治療（関節内組織）,PRP,QC,0.9838,https://saiseiiryo.mhlw.go.jp/published_plan/download/03E2601001/5/0,352000,不明,1回(1部位),ACP MAX|ACP|Angel,Arthrex,4,7,"1回(1部位) 187,000 円 Angel 1回(1部位) 352,000 円 PRP 両側 ACP MAX",price candidates remain ambiguous,
A,P00782,F0528,近畿,京都府,医療法人社団千春会 千春会ハイパーサーミアクリニック,医療法人社団千春会 千春会ハイパーサーミアクリニック,医療法人社団千春会 千春会ハイパーサーミアクリニック,第二種,自家多血小板血漿（PRP）を用いた慢性関節炎の治療（関節内組織）,PRP,QC,0.9838,https://saiseiiryo.mhlw.go.jp/published_plan/download/03E2601001/5/0,374000,不明,両側,ACP MAX|ACP|Angel,Arthrex,4,7,"PRP 両側 ACP MAX 1回 374,000 円 Angel 1回 704,000 円",price candidates remain ambiguous,
A,P00783,F0529,近畿,京都府,医療法人社団康静会 伏見ウェルネスクリニック,医療法人社団康静会 伏見ウェルネスクリニック,医療法人社団康静会 伏見ウェルネスクリニック,第二種,多血小板血漿（PRP）を用いた変形性膝関節症治療,PRP,AUTO,0.9574,https://saiseiiryo.mhlw.go.jp/published_plan/download/02E2404016/5/0,50000,税別,,MyCells,MyCells系,8,,"【PRP】1_07_説明文書同意書_伏見ウェルネスクリニック 治療にかかる費用について この治療は公的保険の対象ではありませんので、当院の所定の施術料をお支払いいただきます。 ・治療費:MyCells ACR PRPキット 片側1関節につき50,000円(税抜) ※いずれの対象部位においても金額は一律とする。 詳細やご不明な点は医師・スタッフまでお気軽にお尋ねください。 施術後、患者様の個人的な事情及び金銭等に関する問題に関しては一切の責任を負いかねますので ご了承ください。 本治療の実施体制 本治療は、以下の",,
A,P00784,F0530,近畿,大阪府,ISクリニック,ISクリニック,ISクリニック,第二種,脂肪組織由来幹細胞（adipose-derived mesenchymal stem cell）の投与による関節治療,脂肪由来MSC,AUTO,1.0,https://saiseiiryo.mhlw.go.jp/published_plan/download/02E2501015/5/0,1500000,税別,1 回,,,9,6,"11. 治療にかかる費用について この治療は公的保険の対象ではありませんので、当院の所定の施術料をお支払いいただきま す。治療にかかる費用は1,500,000 円(税別)です。なお1 回の施術あたりの費用は、患 部の状態を確認した医師の判断等により変更となる場合がございます。 キャンセル費用:本治療をとりやめた場合、その時点までに行った施術および細胞培養にか",line-level strong price context,
A,P00785,F0531,近畿,大阪府,ReO CLINIC,ReO CLINIC,ReO CLINIC,第二種,変形性関節症に対する自己脂肪由来幹細胞を用いた治療,脂肪由来幹細胞,QC,1.0,https://saiseiiryo.mhlw.go.jp/published_plan/download/01E2405004/5/0,,,,,,,,,no price found after text/OCR pass,RuntimeError: Tesseract process timeout
A,P00786,F0532,近畿,大阪府,TCB 東京中央美容外科 BSクリニック 梅田大阪駅前院,TCB 東京中央美容外科 BSクリニック 梅田大阪駅前院,TCB 東京中央美容外科 BSクリニック 梅田大阪駅前院,第二種,自家脂肪由来幹細胞を用いた関節治療,脂肪由来幹細胞,QC,1.0,https://saiseiiryo.mhlw.go.jp/published_plan/download/02E2601022/5/0,66000,税込,1 回,,,12,7,"す。1 回の脂肪採取から複数回の治療が可能な自家ASC を培養することができます。複 数回の治療を希望される場合、次回の投与は4 週間後以降になります。また、自家ASC を2 年以上保管する場合、保管費用として66,000 円/年(税込)をお支払いいただきま す。 患者様の脂肪組織の状態等により、治療に用いるのに十分な細胞数になるまで培養・増",price candidates remain ambiguous,
A,P00786,F0532,近畿,大阪府,TCB 東京中央美容外科 BSクリニック 梅田大阪駅前院,TCB 東京中央美容外科 BSクリニック 梅田大阪駅前院,TCB 東京中央美容外科 BSクリニック 梅田大阪駅前院,第二種,自家脂肪由来幹細胞を用いた関節治療,脂肪由来幹細胞,QC,1.0,https://saiseiiryo.mhlw.go.jp/published_plan/download/02E2601022/5/0,27500,税込,,,,7,6,"費用(税込) 血液検査 27,500 円 治療メニュー 投与する細胞数",price candidates remain ambiguous,
A,P00786,F0532,近畿,大阪府,TCB 東京中央美容外科 BSクリニック 梅田大阪駅前院,TCB 東京中央美容外科 BSクリニック 梅田大阪駅前院,TCB 東京中央美容外科 BSクリニック 梅田大阪駅前院,第二種,自家脂肪由来幹細胞を用いた関節治療,脂肪由来幹細胞,QC,1.0,https://saiseiiryo.mhlw.go.jp/published_plan/download/02E2601022/5/0,1485000,不明,1 回,,,5,7,"関節2 箇所 1〜2 億cells 1,485,000 円 自家ASC 治療費用には、輸送費用、細胞保管料(1 年目)、術後検査の費用が含まれま す。1 回の脂肪採取から複数回の治療が可能な自家ASC を培養することができます。複",price candidates remain ambiguous,
A,P00786,F0532,近畿,大阪府,TCB 東京中央美容外科 BSクリニック 梅田大阪駅前院,TCB 東京中央美容外科 BSクリニック 梅田大阪駅前院,TCB 東京中央美容外科 BSクリニック 梅田大阪駅前院,第二種,自家脂肪由来幹細胞を用いた関節治療,脂肪由来幹細胞,QC,1.0,https://saiseiiryo.mhlw.go.jp/published_plan/download/02E2601022/5/0,1078000,不明,,,,2,7,"関節1 箇所 0.5〜1 億cells 1,078,000 円 関節2 箇所 1〜2 億cells",price candidates remain ambiguous,
A,P00787,F0533,近畿,大阪府,TCB 東京中央美容外科・TCB スキンクリニック BSクリニック Prestige 梅田大阪駅前院,TCB 東京中央美容外科・TCB スキンクリニック BSクリニック Prestige 梅田大阪駅前院,TCB 東京中央美容外科・TCB スキンクリニック BSクリニック Prestige 梅田大阪駅前院,第二種,自家多血小板血漿（PRP）を用いた関節治療,PRP,AUTO,1.0,https://saiseiiryo.mhlw.go.jp/published_plan/download/03E2602016/5/0,1996000,税込,1 回,,,8,,"費用(税込) 自家PRP 作成料 225,700 円 治療メニュー 回数 費用(税込) 関節1 箇所 1 回 363,000 円 関節2 箇所 1 回 726,000 円 関節1 箇所 3 回 998,000 円 関節2 箇所 3 回 1,996,000 円 PRP OA 初版 2025/10/22 6 12. 試料等の保管および廃棄の方法 患者様から採取した血液および自家PRP は、患者様ご自身の治療のみに使用します。 ただし、学術研究等を目的として、血液や自家PRP の測定を行い、データを取得するこ とがあります。 (1) 血液:患者様から採取した血液は、全量を自",,
A,P00787,F0533,近畿,大阪府,TCB 東京中央美容外科・TCB スキンクリニック BSクリニック Prestige 梅田大阪駅前院,TCB 東京中央美容外科・TCB スキンクリニック BSクリニック Prestige 梅田大阪駅前院,TCB 東京中央美容外科・TCB スキンクリニック BSクリニック Prestige 梅田大阪駅前院,第二種,自家多血小板血漿（PRP）を用いた関節治療,PRP,AUTO,1.0,https://saiseiiryo.mhlw.go.jp/published_plan/download/03E2602016/5/0,225700,税込,3 回コース,,,1,,"ご署名いただく際に全額をお支払い いただきます。 治療当日にキャンセルされた場合は、すでにお支払いいただいた費用の返金はいたし かねます。また、3 回コースをご契約後にキャンセルされた場合は、諸経費等を差し引 いた上で残高を返金いたします。 項目 費用(税込) 自家PRP 作成料 225,700 円 治療メニュー 回数 費用(税込) 関節1 箇所 1 回 363,000 円 関節2 箇所 1 回 726,000 円 関節1 箇所 3 回 998,000 円 関節2 箇所 3 回 1,996,000 円 PRP OA 初版 2025/10/22 6 12. 試料",,
A,P00787,F0533,近畿,大阪府,TCB 東京中央美容外科・TCB スキンクリニック BSクリニック Prestige 梅田大阪駅前院,TCB 東京中央美容外科・TCB スキンクリニック BSクリニック Prestige 梅田大阪駅前院,TCB 東京中央美容外科・TCB スキンクリニック BSクリニック Prestige 梅田大阪駅前院,第二種,自家多血小板血漿（PRP）を用いた関節治療,PRP,AUTO,1.0,https://saiseiiryo.mhlw.go.jp/published_plan/download/03E2602016/5/0,363000,税込,3 回コース,,,1,,"いただいた費用の返金はいたし かねます。また、3 回コースをご契約後にキャンセルされた場合は、諸経費等を差し引 いた上で残高を返金いたします。 項目 費用(税込) 自家PRP 作成料 225,700 円 治療メニュー 回数 費用(税込) 関節1 箇所 1 回 363,000 円 関節2 箇所 1 回 726,000 円 関節1 箇所 3 回 998,000 円 関節2 箇所 3 回 1,996,000 円 PRP OA 初版 2025/10/22 6 12. 試料等の保管および廃棄の方法 患者様から採取した血液および自家PRP は、患者様ご自身の治療のみに使用",,
A,P00787,F0533,近畿,大阪府,TCB 東京中央美容外科・TCB スキンクリニック BSクリニック Prestige 梅田大阪駅前院,TCB 東京中央美容外科・TCB スキンクリニック BSクリニック Prestige 梅田大阪駅前院,TCB 東京中央美容外科・TCB スキンクリニック BSクリニック Prestige 梅田大阪駅前院,第二種,自家多血小板血漿（PRP）を用いた関節治療,PRP,AUTO,1.0,https://saiseiiryo.mhlw.go.jp/published_plan/download/03E2602016/5/0,726000,税込,1 回,,,1,,"コースをご契約後にキャンセルされた場合は、諸経費等を差し引 いた上で残高を返金いたします。 項目 費用(税込) 自家PRP 作成料 225,700 円 治療メニュー 回数 費用(税込) 関節1 箇所 1 回 363,000 円 関節2 箇所 1 回 726,000 円 関節1 箇所 3 回 998,000 円 関節2 箇所 3 回 1,996,000 円 PRP OA 初版 2025/10/22 6 12. 試料等の保管および廃棄の方法 患者様から採取した血液および自家PRP は、患者様ご自身の治療のみに使用します。 ただし、学術研究等を目的として、血液や自家",,
A,P00787,F0533,近畿,大阪府,TCB 東京中央美容外科・TCB スキンクリニック BSクリニック Prestige 梅田大阪駅前院,TCB 東京中央美容外科・TCB スキンクリニック BSクリニック Prestige 梅田大阪駅前院,TCB 東京中央美容外科・TCB スキンクリニック BSクリニック Prestige 梅田大阪駅前院,第二種,自家多血小板血漿（PRP）を用いた関節治療,PRP,AUTO,1.0,https://saiseiiryo.mhlw.go.jp/published_plan/download/03E2602016/5/0,998000,税込,1 回,,,0,,"差し引 いた上で残高を返金いたします。 項目 費用(税込) 自家PRP 作成料 225,700 円 治療メニュー 回数 費用(税込) 関節1 箇所 1 回 363,000 円 関節2 箇所 1 回 726,000 円 関節1 箇所 3 回 998,000 円 関節2 箇所 3 回 1,996,000 円 PRP OA 初版 2025/10/22 6 12. 試料等の保管および廃棄の方法 患者様から採取した血液および自家PRP は、患者様ご自身の治療のみに使用します。 ただし、学術研究等を目的として、血液や自家PRP の測定を行い、データを取得するこ とがありま",,
A,P00789,F0535,近畿,大阪府,たけうち整形外科リウマチ科,たけうち整形外科リウマチ科,たけうち整形外科リウマチ科,第二種,多血小板血漿（PRP）を用いた変形性関節症治療,PRP,AUTO,0.952,https://saiseiiryo.mhlw.go.jp/published_plan/download/01E2101003/5/0,300000,税別,,,,8,4,"費用 150,000 円(税抜) 300,000 円(税抜) 保険適用:2000 円前後/回 (膝関節内投与の場合)",line-level medium price context,
A,P00790,F0536,近畿,大阪府,はせがわ整形外科運動器エコークリニック,はせがわ整形外科運動器エコークリニック,はせがわ整形外科運動器エコークリニック,第二種,自家多血小板血漿（PRP）を用いた慢性関節炎の治療（関節内組織）,PRP,AUTO,0.9838,https://saiseiiryo.mhlw.go.jp/published_plan/download/01E2511001/5/0,49000,税込,,ACP MAX|ACP,Arthrex,8,,"本治療にかかる費用は、以下のとおりです。なお、費用に含まれるのは、治療に伴う 診査、自家PRP 調製のための採血にかかる費用、自家PRP 調製費用、注入にかかる 費用であり、以下が費用の総額となります。 治療の種類 平均的な血小板注入量 費用(税込) ACP-PRP 20 億個 49,000 円 HD-PRP(ACP MAX の場合) 90 億個 169,000 円 • 治療終了後も定期的な受診が必要です。 11.試料等の保存及び廃棄の方法 患者様から採取した血液と作製したPRP は、患者様ご自身の治療のみに使用しま す。ただし、症例検討や学会発表を目的として、血液やPRP の測定を行い、データ を取",,
A,P00790,F0536,近畿,大阪府,はせがわ整形外科運動器エコークリニック,はせがわ整形外科運動器エコークリニック,はせがわ整形外科運動器エコークリニック,第二種,自家多血小板血漿（PRP）を用いた慢性関節炎の治療（関節内組織）,PRP,AUTO,0.9838,https://saiseiiryo.mhlw.go.jp/published_plan/download/01E2511001/5/0,169000,税込,,ACP MAX|ACP,Arthrex,8,,"う 診査、自家PRP 調製のための採血にかかる費用、自家PRP 調製費用、注入にかかる 費用であり、以下が費用の総額となります。 治療の種類 平均的な血小板注入量 費用(税込) ACP-PRP 20 億個 49,000 円 HD-PRP(ACP MAX の場合) 90 億個 169,000 円 • 治療終了後も定期的な受診が必要です。 11.試料等の保存及び廃棄の方法 患者様から採取した血液と作製したPRP は、患者様ご自身の治療のみに使用しま す。ただし、症例検討や学会発表を目的として、血液やPRP の測定を行い、データ を取得することがあります。 血液およびPRP は微量で全量を使用するため、保管はし",,
A,P00791,F0537,近畿,大阪府,ひらまつ整形外科 難波膝スポーツクリニック,ひらまつ整形外科 難波膝スポーツクリニック,ひらまつ整形外科 難波膝スポーツクリニック,第二種,変形性関節症に対する多血小板血漿（PRP）関節内投与療法,PRP,AUTO,1.0,https://saiseiiryo.mhlw.go.jp/published_plan/download/01E2605008/5/0,150000,税込,,,,8,4,"14.費用について 細胞の提供に際して費用は発生しません。 治療の提供に際しては、本治療は公的保険の対象ではありませんので、当院所定の施術料として150,000円 (税込)をお支払いいただきます。 ※患者様の症状、その他の事情等により治療費が変動する場合があります。",line-level medium price context,
A,P00792,F0538,近畿,大阪府,まつうら整形・肩肘スポーツクリニック,まつうら整形・肩肘スポーツクリニック,まつうら整形・肩肘スポーツクリニック,第二種,自家多血小板血漿（PRP）を用いた慢性関節炎の治療（関節内組織）,PRP,QC,0.9838,https://saiseiiryo.mhlw.go.jp/published_plan/download/03E2512006/5/0,300000,不明,両側,Angel,Arthrex,6,7,"PRP 両側 Angel 300,000 円 (3) 採血を開始してからのキャンセルは、上記費用をいただきます。 11. 試料等の保存及び廃棄の方法",price candidates remain ambiguous,
A,P00792,F0538,近畿,大阪府,まつうら整形・肩肘スポーツクリニック,まつうら整形・肩肘スポーツクリニック,まつうら整形・肩肘スポーツクリニック,第二種,自家多血小板血漿（PRP）を用いた慢性関節炎の治療（関節内組織）,PRP,QC,0.9838,https://saiseiiryo.mhlw.go.jp/published_plan/download/03E2512006/5/0,49000,不明,片側,ACP|Angel,Arthrex,3,7,"PRP 片側 ACP 49,000 円 Angel 250,000 円",price candidates remain ambiguous,
A,P00792,F0538,近畿,大阪府,まつうら整形・肩肘スポーツクリニック,まつうら整形・肩肘スポーツクリニック,まつうら整形・肩肘スポーツクリニック,第二種,自家多血小板血漿（PRP）を用いた慢性関節炎の治療（関節内組織）,PRP,QC,0.9838,https://saiseiiryo.mhlw.go.jp/published_plan/download/03E2512006/5/0,250000,不明,両側,Angel,Arthrex,3,7,"49,000 円 Angel 250,000 円 PRP 両側 Angel",price candidates remain ambiguous,
A,P00793,F0539,近畿,大阪府,アスレティックス整形外科肩膝スポーツクリニック,アスレティックス整形外科肩膝スポーツクリニック,アスレティックス整形外科肩膝スポーツクリニック,第二種,変形性関節症に対する多血小板血漿（PRP）関節内投与療法,PRP,AUTO,1.0,https://saiseiiryo.mhlw.go.jp/published_plan/download/01E2511016/5/0,55000,不明,,,,7,3,"14.費用について 細胞の提供に際して費用は発生しません。 治療の提供に際しては、本治療は公的保険の対象ではありませんので、当院所定の施術料として55,000 円を お支払いいただきます。 ※患者様の症状、その他の事情等により治療費が変動する場合があります。",line-level medium price context,
A,P00794,F0540,近畿,大阪府,ソラリス整形外科 大阪 福島リハビリテーションクリニック,ソラリス整形外科 大阪 福島リハビリテーションクリニック,ソラリス整形外科 大阪 福島リハビリテーションクリニック,第二種,自家脂肪組織由来の培養間葉系幹細胞を用いた関節疾患の治療,脂肪由来MSC,AUTO,1.0,https://saiseiiryo.mhlw.go.jp/published_plan/download/01E2504015/5/0,990000,税別,1 回,,,7,,"提供に係る費用について 本治療に係る費用は健康保険の適用がございません。治療にかかる費用全額を患者様ご自身でご 負担いただきます。 実際に必要となる費用は以下の通りです。 投与細胞数 治療費用(税別) 1 約3,000 万個×1 回分 99 万円 2 約5,000 万個×1 回分 119 万円 3 約1 億個×1 回分 129 万円 4 約3,000 万個×3 回分 199 万円 なお、脂肪組織の採取の施術開始後や細胞加工の開始後、あるいは3 回投与の場合に1 回目投 与の後や2 回目投与の後に同意を撤回された場合など、",,
A,P00794,F0540,近畿,大阪府,ソラリス整形外科 大阪 福島リハビリテーションクリニック,ソラリス整形外科 大阪 福島リハビリテーションクリニック,ソラリス整形外科 大阪 福島リハビリテーションクリニック,第二種,自家脂肪組織由来の培養間葉系幹細胞を用いた関節疾患の治療,脂肪由来MSC,AUTO,1.0,https://saiseiiryo.mhlw.go.jp/published_plan/download/01E2504015/5/0,1190000,税別,1 回,,,7,,"ざいません。治療にかかる費用全額を患者様ご自身でご 負担いただきます。 実際に必要となる費用は以下の通りです。 投与細胞数 治療費用(税別) 1 約3,000 万個×1 回分 99 万円 2 約5,000 万個×1 回分 119 万円 3 約1 億個×1 回分 129 万円 4 約3,000 万個×3 回分 199 万円 なお、脂肪組織の採取の施術開始後や細胞加工の開始後、あるいは3 回投与の場合に1 回目投 与の後や2 回目投与の後に同意を撤回された場合など、それまでに費用が発生している場合は、 以下の通り、患者様ご自身に",,
A,P00794,F0540,近畿,大阪府,ソラリス整形外科 大阪 福島リハビリテーションクリニック,ソラリス整形外科 大阪 福島リハビリテーションクリニック,ソラリス整形外科 大阪 福島リハビリテーションクリニック,第二種,自家脂肪組織由来の培養間葉系幹細胞を用いた関節疾患の治療,脂肪由来MSC,AUTO,1.0,https://saiseiiryo.mhlw.go.jp/published_plan/download/01E2504015/5/0,1290000,税別,1 回,,,7,,"きます。 実際に必要となる費用は以下の通りです。 投与細胞数 治療費用(税別) 1 約3,000 万個×1 回分 99 万円 2 約5,000 万個×1 回分 119 万円 3 約1 億個×1 回分 129 万円 4 約3,000 万個×3 回分 199 万円 なお、脂肪組織の採取の施術開始後や細胞加工の開始後、あるいは3 回投与の場合に1 回目投 与の後や2 回目投与の後に同意を撤回された場合など、それまでに費用が発生している場合は、 以下の通り、患者様ご自身にご負担いただきますのでご了承ください。 同意撤回の時期 キ",,
A,P00794,F0540,近畿,大阪府,ソラリス整形外科 大阪 福島リハビリテーションクリニック,ソラリス整形外科 大阪 福島リハビリテーションクリニック,ソラリス整形外科 大阪 福島リハビリテーションクリニック,第二種,自家脂肪組織由来の培養間葉系幹細胞を用いた関節疾患の治療,脂肪由来MSC,AUTO,1.0,https://saiseiiryo.mhlw.go.jp/published_plan/download/01E2504015/5/0,100000,税別,,,,0,,は、 以下の通り、患者様ご自身にご負担いただきますのでご了承ください。 同意撤回の時期 キャンセル費用(税別) 1 2 3 4 同意日~脂肪採取予定日の3 日前 一律 5 万円 をお支払いいただきます 脂肪採取予定日の2 日前 ~脂肪採取当日の脂肪組織採取前 一律 10 万円をお支払いいただきます 脂肪組織採取後~細胞加工開始前 99 万円 119 万円 129 万円 199 万円 細胞加工開始後~細胞投与前 99 万円 119 万円 129 万円 199 万円 細胞投与後 治療費用全額をお支払いいただきます 13. 細胞提供者及び再生医療等を受ける者に対する健康,,
A,P00794,F0540,近畿,大阪府,ソラリス整形外科 大阪 福島リハビリテーションクリニック,ソラリス整形外科 大阪 福島リハビリテーションクリニック,ソラリス整形外科 大阪 福島リハビリテーションクリニック,第二種,自家脂肪組織由来の培養間葉系幹細胞を用いた関節疾患の治療,脂肪由来MSC,AUTO,1.0,https://saiseiiryo.mhlw.go.jp/published_plan/download/01E2504015/5/0,990000,税別,,,,0,,同意撤回の時期 キャンセル費用(税別) 1 2 3 4 同意日~脂肪採取予定日の3 日前 一律 5 万円 をお支払いいただきます 脂肪採取予定日の2 日前 ~脂肪採取当日の脂肪組織採取前 一律 10 万円をお支払いいただきます 脂肪組織採取後~細胞加工開始前 99 万円 119 万円 129 万円 199 万円 細胞加工開始後~細胞投与前 99 万円 119 万円 129 万円 199 万円 細胞投与後 治療費用全額をお支払いいただきます 13. 細胞提供者及び再生医療等を受ける者に対する健康被害の補償の方法 健康被害が発生した場合は、適切な医療を提供するほか、,,
A,P00794,F0540,近畿,大阪府,ソラリス整形外科 大阪 福島リハビリテーションクリニック,ソラリス整形外科 大阪 福島リハビリテーションクリニック,ソラリス整形外科 大阪 福島リハビリテーションクリニック,第二種,自家脂肪組織由来の培養間葉系幹細胞を用いた関節疾患の治療,脂肪由来MSC,AUTO,1.0,https://saiseiiryo.mhlw.go.jp/published_plan/download/01E2504015/5/0,1190000,税別,,,,0,,キャンセル費用(税別) 1 2 3 4 同意日~脂肪採取予定日の3 日前 一律 5 万円 をお支払いいただきます 脂肪採取予定日の2 日前 ~脂肪採取当日の脂肪組織採取前 一律 10 万円をお支払いいただきます 脂肪組織採取後~細胞加工開始前 99 万円 119 万円 129 万円 199 万円 細胞加工開始後~細胞投与前 99 万円 119 万円 129 万円 199 万円 細胞投与後 治療費用全額をお支払いいただきます 13. 細胞提供者及び再生医療等を受ける者に対する健康被害の補償の方法 健康被害が発生した場合は、適切な医療を提供するほか、補償については協議,,
A,P00794,F0540,近畿,大阪府,ソラリス整形外科 大阪 福島リハビリテーションクリニック,ソラリス整形外科 大阪 福島リハビリテーションクリニック,ソラリス整形外科 大阪 福島リハビリテーションクリニック,第二種,自家脂肪組織由来の培養間葉系幹細胞を用いた関節疾患の治療,脂肪由来MSC,AUTO,1.0,https://saiseiiryo.mhlw.go.jp/published_plan/download/01E2504015/5/0,1290000,税別,,,,0,,(税別) 1 2 3 4 同意日~脂肪採取予定日の3 日前 一律 5 万円 をお支払いいただきます 脂肪採取予定日の2 日前 ~脂肪採取当日の脂肪組織採取前 一律 10 万円をお支払いいただきます 脂肪組織採取後~細胞加工開始前 99 万円 119 万円 129 万円 199 万円 細胞加工開始後~細胞投与前 99 万円 119 万円 129 万円 199 万円 細胞投与後 治療費用全額をお支払いいただきます 13. 細胞提供者及び再生医療等を受ける者に対する健康被害の補償の方法 健康被害が発生した場合は、適切な医療を提供するほか、補償については協議に応じます。 ま,,
A,P00794,F0540,近畿,大阪府,ソラリス整形外科 大阪 福島リハビリテーションクリニック,ソラリス整形外科 大阪 福島リハビリテーションクリニック,ソラリス整形外科 大阪 福島リハビリテーションクリニック,第二種,自家脂肪組織由来の培養間葉系幹細胞を用いた関節疾患の治療,脂肪由来MSC,AUTO,1.0,https://saiseiiryo.mhlw.go.jp/published_plan/download/01E2504015/5/0,990000,不明,,,,-1,,日の3 日前 一律 5 万円 をお支払いいただきます 脂肪採取予定日の2 日前 ~脂肪採取当日の脂肪組織採取前 一律 10 万円をお支払いいただきます 脂肪組織採取後~細胞加工開始前 99 万円 119 万円 129 万円 199 万円 細胞加工開始後~細胞投与前 99 万円 119 万円 129 万円 199 万円 細胞投与後 治療費用全額をお支払いいただきます 13. 細胞提供者及び再生医療等を受ける者に対する健康被害の補償の方法 健康被害が発生した場合は、適切な医療を提供するほか、補償については協議に応じます。 また、万が一に備え、日本整形外科学会の医師賠償責任保険に加入してい,,
A,P00794,F0540,近畿,大阪府,ソラリス整形外科 大阪 福島リハビリテーションクリニック,ソラリス整形外科 大阪 福島リハビリテーションクリニック,ソラリス整形外科 大阪 福島リハビリテーションクリニック,第二種,自家脂肪組織由来の培養間葉系幹細胞を用いた関節疾患の治療,脂肪由来MSC,AUTO,1.0,https://saiseiiryo.mhlw.go.jp/published_plan/download/01E2504015/5/0,1190000,不明,,,,-1,,一律 5 万円 をお支払いいただきます 脂肪採取予定日の2 日前 ~脂肪採取当日の脂肪組織採取前 一律 10 万円をお支払いいただきます 脂肪組織採取後~細胞加工開始前 99 万円 119 万円 129 万円 199 万円 細胞加工開始後~細胞投与前 99 万円 119 万円 129 万円 199 万円 細胞投与後 治療費用全額をお支払いいただきます 13. 細胞提供者及び再生医療等を受ける者に対する健康被害の補償の方法 健康被害が発生した場合は、適切な医療を提供するほか、補償については協議に応じます。 また、万が一に備え、日本整形外科学会の医師賠償責任保険に加入しています。 14,,
A,P00794,F0540,近畿,大阪府,ソラリス整形外科 大阪 福島リハビリテーションクリニック,ソラリス整形外科 大阪 福島リハビリテーションクリニック,ソラリス整形外科 大阪 福島リハビリテーションクリニック,第二種,自家脂肪組織由来の培養間葉系幹細胞を用いた関節疾患の治療,脂肪由来MSC,AUTO,1.0,https://saiseiiryo.mhlw.go.jp/published_plan/download/01E2504015/5/0,1290000,不明,,,,-1,,をお支払いいただきます 脂肪採取予定日の2 日前 ~脂肪採取当日の脂肪組織採取前 一律 10 万円をお支払いいただきます 脂肪組織採取後~細胞加工開始前 99 万円 119 万円 129 万円 199 万円 細胞加工開始後~細胞投与前 99 万円 119 万円 129 万円 199 万円 細胞投与後 治療費用全額をお支払いいただきます 13. 細胞提供者及び再生医療等を受ける者に対する健康被害の補償の方法 健康被害が発生した場合は、適切な医療を提供するほか、補償については協議に応じます。 また、万が一に備え、日本整形外科学会の医師賠償責任保険に加入しています。 14. 代替治療とその,,
A,P00794,F0540,近畿,大阪府,ソラリス整形外科 大阪 福島リハビリテーションクリニック,ソラリス整形外科 大阪 福島リハビリテーションクリニック,ソラリス整形外科 大阪 福島リハビリテーションクリニック,第二種,自家脂肪組織由来の培養間葉系幹細胞を用いた関節疾患の治療,脂肪由来MSC,AUTO,1.0,https://saiseiiryo.mhlw.go.jp/published_plan/download/01E2504015/5/0,1990000,税別,1 回,,,-1,,"投与細胞数 治療費用(税別) 1 約3,000 万個×1 回分 99 万円 2 約5,000 万個×1 回分 119 万円 3 約1 億個×1 回分 129 万円 4 約3,000 万個×3 回分 199 万円 なお、脂肪組織の採取の施術開始後や細胞加工の開始後、あるいは3 回投与の場合に1 回目投 与の後や2 回目投与の後に同意を撤回された場合など、それまでに費用が発生している場合は、 以下の通り、患者様ご自身にご負担いただきますのでご了承ください。 同意撤回の時期 キャンセル費用(税別) 1 2 3 4 同意日",,
A,P00794,F0540,近畿,大阪府,ソラリス整形外科 大阪 福島リハビリテーションクリニック,ソラリス整形外科 大阪 福島リハビリテーションクリニック,ソラリス整形外科 大阪 福島リハビリテーションクリニック,第二種,自家脂肪組織由来の培養間葉系幹細胞を用いた関節疾患の治療,脂肪由来MSC,AUTO,1.0,https://saiseiiryo.mhlw.go.jp/published_plan/download/01E2504015/5/0,1990000,不明,,,,-1,,2 3 4 同意日~脂肪採取予定日の3 日前 一律 5 万円 をお支払いいただきます 脂肪採取予定日の2 日前 ~脂肪採取当日の脂肪組織採取前 一律 10 万円をお支払いいただきます 脂肪組織採取後~細胞加工開始前 99 万円 119 万円 129 万円 199 万円 細胞加工開始後~細胞投与前 99 万円 119 万円 129 万円 199 万円 細胞投与後 治療費用全額をお支払いいただきます 13. 細胞提供者及び再生医療等を受ける者に対する健康被害の補償の方法 健康被害が発生した場合は、適切な医療を提供するほか、補償については協議に応じます。 また、万が一に備え、,,
A,P00794,F0540,近畿,大阪府,ソラリス整形外科 大阪 福島リハビリテーションクリニック,ソラリス整形外科 大阪 福島リハビリテーションクリニック,ソラリス整形外科 大阪 福島リハビリテーションクリニック,第二種,自家脂肪組織由来の培養間葉系幹細胞を用いた関節疾患の治療,脂肪由来MSC,AUTO,1.0,https://saiseiiryo.mhlw.go.jp/published_plan/download/01E2504015/5/0,50000,税別,1 回,,,-2,,の場合に1 回目投 与の後や2 回目投与の後に同意を撤回された場合など、それまでに費用が発生している場合は、 以下の通り、患者様ご自身にご負担いただきますのでご了承ください。 同意撤回の時期 キャンセル費用(税別) 1 2 3 4 同意日~脂肪採取予定日の3 日前 一律 5 万円 をお支払いいただきます 脂肪採取予定日の2 日前 ~脂肪採取当日の脂肪組織採取前 一律 10 万円をお支払いいただきます 脂肪組織採取後~細胞加工開始前 99 万円 119 万円 129 万円 199 万円 細胞加工開始後~細胞投与前 99 万円 119 万円 129 万円 199 万円 細胞,,
A,P00795,F0541,近畿,大阪府,トリニティクリニック大阪,トリニティクリニック大阪,トリニティクリニック大阪,第二種,自家脂肪由来間葉系幹細胞を用いた変形性膝関節症の治療,脂肪由来MSC,QC,1.0,https://saiseiiryo.mhlw.go.jp/published_plan/download/03E2601008/5/0,1400000,税込,,,,6,9,費用(税込み) 1 億 140 万円 本治療を開始する前、あるいは途中で中止される場合においても、脂肪組織採取後は、お支払い ただいた費用の一部は返還できませんのであらかじめご了承ください。,price candidates remain ambiguous,
A,P00796,F0542,近畿,大阪府,一般社団法人隆起会 おおたき整形外科,一般社団法人隆起会 おおたき整形外科,一般社団法人隆起会 おおたき整形外科,第二種,自己多血小板血漿（PRP）療法（治療対象：関節炎・変形性関節症）,PRP,AUTO,1.0,https://saiseiiryo.mhlw.go.jp/published_plan/download/01E2604017/5/0,82500,税込,1回,,,9,,"にかかる費用の総額となります。 なお、本治療は1回の採血(60mL)につき、投与3回分(各投与約 5mL、最大で約15mL)のPRPを製造いたします。左右両側に投与す る場合は、2回分です。 凍結PRPを用いた治療(1回目) 165,000円(税込) 凍結PRPを用いた治療(2回目) 82,500円(税込) 凍結PRPを用いた治療(3回目) 41,250円(税込) ※投与3回行った場合、合計288,750円となります。ただし、2回目 及び3回目の採血はございません。 ※投与できる期間は採血から最大6か月以内となります。 ※本治療では必要に応じ検査を行い、PRP治療を行うか判断いたし ます。 検査を行った場合の費用は、",,
A,P00796,F0542,近畿,大阪府,一般社団法人隆起会 おおたき整形外科,一般社団法人隆起会 おおたき整形外科,一般社団法人隆起会 おおたき整形外科,第二種,自己多血小板血漿（PRP）療法（治療対象：関節炎・変形性関節症）,PRP,AUTO,1.0,https://saiseiiryo.mhlw.go.jp/published_plan/download/01E2604017/5/0,165000,税込,1回,,,9,,"う診査、PRP調整のための採血にかかる費用、 PRP調整費用、投与にかかる費用の総額となります。 なお、本治療は1回の採血(60mL)につき、投与3回分(各投与約 5mL、最大で約15mL)のPRPを製造いたします。左右両側に投与す る場合は、2回分です。 凍結PRPを用いた治療(1回目) 165,000円(税込) 凍結PRPを用いた治療(2回目) 82,500円(税込) 凍結PRPを用いた治療(3回目) 41,250円(税込) ※投与3回行った場合、合計288,750円となります。ただし、2回目 及び3回目の採血はございません。 ※投与できる期間は採血から最大6か月以内となります。 ※本治療では必要に応じ検査を行い、PRP治療",,
A,P00796,F0542,近畿,大阪府,一般社団法人隆起会 おおたき整形外科,一般社団法人隆起会 おおたき整形外科,一般社団法人隆起会 おおたき整形外科,第二種,自己多血小板血漿（PRP）療法（治療対象：関節炎・変形性関節症）,PRP,AUTO,1.0,https://saiseiiryo.mhlw.go.jp/published_plan/download/01E2604017/5/0,41250,税込,3回分,,,1,,"L)につき、投与3回分(各投与約 5mL、最大で約15mL)のPRPを製造いたします。左右両側に投与す る場合は、2回分です。 凍結PRPを用いた治療(1回目) 165,000円(税込) 凍結PRPを用いた治療(2回目) 82,500円(税込) 凍結PRPを用いた治療(3回目) 41,250円(税込) ※投与3回行った場合、合計288,750円となります。ただし、2回目 及び3回目の採血はございません。 ※投与できる期間は採血から最大6か月以内となります。 ※本治療では必要に応じ検査を行い、PRP治療を行うか判断いたし ます。 検査を行った場合の費用は、 円を別途ご負担いただき ます。 【本治療キャンセル時の費用】",,
A,P00796,F0542,近畿,大阪府,一般社団法人隆起会 おおたき整形外科,一般社団法人隆起会 おおたき整形外科,一般社団法人隆起会 おおたき整形外科,第二種,自己多血小板血漿（PRP）療法（治療対象：関節炎・変形性関節症）,PRP,AUTO,1.0,https://saiseiiryo.mhlw.go.jp/published_plan/download/01E2604017/5/0,288750,税込,2回分,,,1,,"15mL)のPRPを製造いたします。左右両側に投与す る場合は、2回分です。 凍結PRPを用いた治療(1回目) 165,000円(税込) 凍結PRPを用いた治療(2回目) 82,500円(税込) 凍結PRPを用いた治療(3回目) 41,250円(税込) ※投与3回行った場合、合計288,750円となります。ただし、2回目 及び3回目の採血はございません。 ※投与できる期間は採血から最大6か月以内となります。 ※本治療では必要に応じ検査を行い、PRP治療を行うか判断いたし ます。 検査を行った場合の費用は、 円を別途ご負担いただき ます。 【本治療キャンセル時の費用】 期間 キャンセル費用 同意~採血前 全額返金いたしま",,
A,P00797,F0543,近畿,大阪府,医療法人 井上クリニック,医療法人 井上クリニック,医療法人 井上クリニック,第二種,自己多血小板血漿（PRP）を用いた変形性関節症治療,PRP,AUTO,1.0,https://saiseiiryo.mhlw.go.jp/published_plan/download/01E2104016/5/0,70000,税別,1部位,,,13,9,治療に伴う診査、自己PRP調製のための採血にかかる費用、自己 PRP調製費用、投与の総額となります。 治療費は、1部位につき、7万円(税抜)です。 投与部位、投与量によらず一律。 (採血量の目安),line-level strong price context,
A,P00798,F0544,近畿,大阪府,医療法人 凉庵会 整形外科 吉田クリニック,医療法人 凉庵会 整形外科 吉田クリニック,医療法人 凉庵会 整形外科 吉田クリニック,第二種,多血小板血漿（PRP）の投与による変形性関節症治療,PRP,AUTO,1.0,https://saiseiiryo.mhlw.go.jp/published_plan/download/03E2603006/5/0,100000,不明,1回,APS|GPS,Zimmer Biomet,8,,"には否定できない 品質管理された安全性の高いものだが、アレルギー反応などの可能 性を完全には否定できない 11. 治療にかかる費用について この治療は公的保険の対象ではありませんので、当クリニックの所 定の施術料をお支払いいただきます。 ・PRPを用いた治療(GPSIIIキット使用)における施術料 100,000 円 ・濃縮PRPを用いた治療(APSキット使用)における施術料 300,000 円 ご不明な点は医師・スタッフにお尋ねください。なお1回の施術あ たりの費用は、患部の状態を確認した医師の判断、PRPの遠心回数 等により変更となる場合がございます。 12. その他治療についての注意事 項",,
A,P00798,F0544,近畿,大阪府,医療法人 凉庵会 整形外科 吉田クリニック,医療法人 凉庵会 整形外科 吉田クリニック,医療法人 凉庵会 整形外科 吉田クリニック,第二種,多血小板血漿（PRP）の投与による変形性関節症治療,PRP,AUTO,1.0,https://saiseiiryo.mhlw.go.jp/published_plan/download/03E2603006/5/0,300000,不明,1回,APS|GPS,Zimmer Biomet,8,,"を完全には否定できない 11. 治療にかかる費用について この治療は公的保険の対象ではありませんので、当クリニックの所 定の施術料をお支払いいただきます。 ・PRPを用いた治療(GPSIIIキット使用)における施術料 100,000 円 ・濃縮PRPを用いた治療(APSキット使用)における施術料 300,000 円 ご不明な点は医師・スタッフにお尋ねください。なお1回の施術あ たりの費用は、患部の状態を確認した医師の判断、PRPの遠心回数 等により変更となる場合がございます。 12. その他治療についての注意事 項 患者様の体調が良くない場合や、採取した血液の状態によっては、 PR",,
A,P00799,F0545,近畿,大阪府,医療法人Nクリニック,医療法人Nクリニック,医療法人Nクリニック,第二種,多血小板血漿（PRP）の投与による変形性関節症治療,PRP,QC,1.0,https://saiseiiryo.mhlw.go.jp/published_plan/download/02E2308011/5/0,55000,不明,,,,2,3,"3 PRP法 55,000円 皮膚科などでも使われており、よい効果がでています。",price candidates remain ambiguous,
A,P00799,F0545,近畿,大阪府,医療法人Nクリニック,医療法人Nクリニック,医療法人Nクリニック,第二種,多血小板血漿（PRP）の投与による変形性関節症治療,PRP,QC,1.0,https://saiseiiryo.mhlw.go.jp/published_plan/download/02E2308011/5/0,165000,不明,,APS|GPS,Zimmer Biomet,2,3,"2 GPS法 165,000円 ひざでよく使われています。 APSにくらべて、実績がすくなく、効果が弱い可能性があります。",price candidates remain ambiguous,
A,P00799,F0545,近畿,大阪府,医療法人Nクリニック,医療法人Nクリニック,医療法人Nクリニック,第二種,多血小板血漿（PRP）の投与による変形性関節症治療,PRP,QC,1.0,https://saiseiiryo.mhlw.go.jp/published_plan/download/02E2308011/5/0,330000,不明,,APS,Zimmer Biomet,2,3,"1 APS法 330,000円 ひざでよく使われます。 痛みやはれを取る作用が強いといわれています。",price candidates remain ambiguous,
A,P00800,F0546,近畿,大阪府,医療法人 きど整形外科クリニック,医療法人 きど整形外科クリニック,医療法人 きど整形外科クリニック,第二種,自己多血小板血漿（PRP）の投与による変形性関節症の疼痛緩和を目的とした治療,PRP,QC,1.0,https://saiseiiryo.mhlw.go.jp/published_plan/download/01E2508008/5/0,85000,不明,1部位,GPS,Zimmer Biomet,3,9,"2キット使用時 1部位 85,000円 GPSIIIシステム 1部位",price candidates remain ambiguous,
A,P00800,F0546,近畿,大阪府,医療法人 きど整形外科クリニック,医療法人 きど整形外科クリニック,医療法人 きど整形外科クリニック,第二種,自己多血小板血漿（PRP）の投与による変形性関節症の疼痛緩和を目的とした治療,PRP,QC,1.0,https://saiseiiryo.mhlw.go.jp/published_plan/download/01E2508008/5/0,120000,不明,1部位,APS|GPS,Zimmer Biomet,3,9,"GPSIIIシステム 1部位 120,000円 APS キット 1部位",price candidates remain ambiguous,
A,P00800,F0546,近畿,大阪府,医療法人 きど整形外科クリニック,医療法人 きど整形外科クリニック,医療法人 きど整形外科クリニック,第二種,自己多血小板血漿（PRP）の投与による変形性関節症の疼痛緩和を目的とした治療,PRP,QC,1.0,https://saiseiiryo.mhlw.go.jp/published_plan/download/01E2508008/5/0,300000,不明,1部位,APS,Zimmer Biomet,3,9,"APS キット 1部位 300,000円 その他治療についての注意事項 患者さまの体調が良くない場合や、採取した血液の状態によっては、PRP を分離できないこと",price candidates remain ambiguous,
A,P00800,F0546,近畿,大阪府,医療法人 きど整形外科クリニック,医療法人 きど整形外科クリニック,医療法人 きど整形外科クリニック,第二種,自己多血小板血漿（PRP）の投与による変形性関節症の疼痛緩和を目的とした治療,PRP,QC,1.0,https://saiseiiryo.mhlw.go.jp/published_plan/download/01E2508008/5/0,30000,不明,1部位,,,1,9,"1 キット使用時 1部位 50,000円(学生の方:30,000円) 2キット使用時 1部位",price candidates remain ambiguous,
A,P00800,F0546,近畿,大阪府,医療法人 きど整形外科クリニック,医療法人 きど整形外科クリニック,医療法人 きど整形外科クリニック,第二種,自己多血小板血漿（PRP）の投与による変形性関節症の疼痛緩和を目的とした治療,PRP,QC,1.0,https://saiseiiryo.mhlw.go.jp/published_plan/download/01E2508008/5/0,50000,不明,1部位,,,1,9,"1 キット使用時 1部位 50,000円(学生の方:30,000円) 2キット使用時 1部位",price candidates remain ambiguous,
A,P00801,F0547,近畿,大阪府,医療法人 再生会 そばじまクリニック,医療法人 再生会 そばじまクリニック,医療法人 再生会 そばじまクリニック,第二種,多血小板血漿（PRP）を用いた関節内組織修復並びに創傷治癒（関節内投与）K-Version,PRP,AUTO,1.0,https://saiseiiryo.mhlw.go.jp/published_plan/download/03E2103014/5/0,55000,不明,,,,7,,"出血などは一時的ですが、症状の強い場合にはご相談ください。 ・効果の持続期間は個人差があります。 ・その他、PRP そのものによる副作用は現在のところ報告されていません。 【治療にかかる費用】 本治療は保険適用となっていないため、患者さまご本人の負担となります。 治療費は1 関節につき55,000 円~80,000 円です。 治療の開始後、患者さまの個人的な事情及び金銭等に関する問題に関しては、一切責任を負いかねます のでご了承ください。 【同意撤回について】 この治療に関して同意した後、患者さまの意志で同意を撤回することができます。 同意を撤回することで患者さまに不利益が生じることはありません。ただし、施術後の撤回につい",,
A,P00801,F0547,近畿,大阪府,医療法人 再生会 そばじまクリニック,医療法人 再生会 そばじまクリニック,医療法人 再生会 そばじまクリニック,第二種,多血小板血漿（PRP）を用いた関節内組織修復並びに創傷治癒（関節内投与）K-Version,PRP,AUTO,1.0,https://saiseiiryo.mhlw.go.jp/published_plan/download/03E2103014/5/0,80000,不明,,,,7,,"すが、症状の強い場合にはご相談ください。 ・効果の持続期間は個人差があります。 ・その他、PRP そのものによる副作用は現在のところ報告されていません。 【治療にかかる費用】 本治療は保険適用となっていないため、患者さまご本人の負担となります。 治療費は1 関節につき55,000 円~80,000 円です。 治療の開始後、患者さまの個人的な事情及び金銭等に関する問題に関しては、一切責任を負いかねます のでご了承ください。 【同意撤回について】 この治療に関して同意した後、患者さまの意志で同意を撤回することができます。 同意を撤回することで患者さまに不利益が生じることはありません。ただし、施術後の撤回については これには該当",,
A,P00802,F0547,近畿,大阪府,医療法人 再生会 そばじまクリニック,医療法人 再生会 そばじまクリニック,医療法人 再生会 そばじまクリニック,第二種,自己皮下脂肪組織由来再生（幹）細胞（ADRCs）を用いた変形性関節症に対する細胞移植治療（ただし、脊柱は除く）,ADRC,AUTO,1.0,https://saiseiiryo.mhlw.go.jp/published_plan/download/03E2103016/5/0,200000,税別,1 回,,,8,,いた「変形性関節症に対する 細胞移植治療」は保険適応外となり、自由診療です。 したがいまして、患者様の負担額は10 割となります。 脂肪吸引術を行われる場合、1 回の治療費は80~100 万円(税別)です。凍結バン ク幹細胞を用いての治療は、一度投与を行った部分に再度細胞を移植する場合は15 ~20 万円(税別)、初めて投与を行う部位の場合は25~30 万円(税別)となります。 治療の開始後、患者様の個人的な事情及び金銭等に関する問題に関しては、一切責任 を負いかねますのでご了承ください。 以上の状態や経過などに関する説明は、あくまで平均的なものであり、個人差がある ことをご了承下さい。 もし、偶発的に緊急事態が起きた場合,,
A,P00802,F0547,近畿,大阪府,医療法人 再生会 そばじまクリニック,医療法人 再生会 そばじまクリニック,医療法人 再生会 そばじまクリニック,第二種,自己皮下脂肪組織由来再生（幹）細胞（ADRCs）を用いた変形性関節症に対する細胞移植治療（ただし、脊柱は除く）,ADRC,AUTO,1.0,https://saiseiiryo.mhlw.go.jp/published_plan/download/03E2103016/5/0,300000,税別,1 回,,,8,,となり、自由診療です。 したがいまして、患者様の負担額は10 割となります。 脂肪吸引術を行われる場合、1 回の治療費は80~100 万円(税別)です。凍結バン ク幹細胞を用いての治療は、一度投与を行った部分に再度細胞を移植する場合は15 ~20 万円(税別)、初めて投与を行う部位の場合は25~30 万円(税別)となります。 治療の開始後、患者様の個人的な事情及び金銭等に関する問題に関しては、一切責任 を負いかねますのでご了承ください。 以上の状態や経過などに関する説明は、あくまで平均的なものであり、個人差がある ことをご了承下さい。 もし、偶発的に緊急事態が起きた場合には、必要に応じて最善の処置を行います。 なお、手術,,
A,P00802,F0547,近畿,大阪府,医療法人 再生会 そばじまクリニック,医療法人 再生会 そばじまクリニック,医療法人 再生会 そばじまクリニック,第二種,自己皮下脂肪組織由来再生（幹）細胞（ADRCs）を用いた変形性関節症に対する細胞移植治療（ただし、脊柱は除く）,ADRC,AUTO,1.0,https://saiseiiryo.mhlw.go.jp/published_plan/download/03E2103016/5/0,1000000,税別,1 回,,,8,,)複数回投与 説明・同意書 4 ●手術費用等について 自己皮下脂肪組織由来再生(幹)細胞(ADRCs)を用いた「変形性関節症に対する 細胞移植治療」は保険適応外となり、自由診療です。 したがいまして、患者様の負担額は10 割となります。 脂肪吸引術を行われる場合、1 回の治療費は80~100 万円(税別)です。凍結バン ク幹細胞を用いての治療は、一度投与を行った部分に再度細胞を移植する場合は15 ~20 万円(税別)、初めて投与を行う部位の場合は25~30 万円(税別)となります。 治療の開始後、患者様の個人的な事情及び金銭等に関する問題に関しては、一切責任 を負いかねますのでご了承ください。 以上の状態や経過などに関,,
A,P00803,F0547,近畿,大阪府,医療法人 再生会 そばじまクリニック,医療法人 再生会 そばじまクリニック,医療法人 再生会 そばじまクリニック,第二種,自己皮下脂肪組織由来幹細胞（ADSCs）を用いた変形性関節症に対する細胞移植治療（ただし、脊柱は除く）,脂肪由来MSC,AUTO,1.0,https://saiseiiryo.mhlw.go.jp/published_plan/download/02E2404043/5/0,1000000,税別,,,,8,,れる可能性はありますが、患者様個人が特定される態様で使われることはありません。 ●手術費用等について 自己皮下脂肪組織由来幹細胞(ADSCs)を用いた「変形性関節症に対する細胞移植治 療」は保険適応外となり、自由診療です。 したがいまして、患者様の負担額は 10 割となります。 治療費は100万円(税別)~です。(幹細胞培養費用を含める) また、具体的な費用は吸引する脂肪の量、必要となる細胞数や培養期間によって患者 様ごとに異なります。 詳しくはスタッフまでお尋ねください。 手術の着手後、患者様の個人的な事情及び金銭等に関する問題に関しては、一切責任を 負いかねますのでご了承ください。 (治療)培養脂肪幹細胞 脂肪吸引手,,
A,P00804,F0547,近畿,大阪府,医療法人再生会 そばじまクリニック,医療法人再生会 そばじまクリニック,医療法人再生会 そばじまクリニック,第二種,間質血管分画細胞群（SVF）を用いた運動器疾患（筋・腱・靭帯・関節）に対する細胞移植治療,SVF,AUTO,1.0,https://saiseiiryo.mhlw.go.jp/published_plan/download/01E2104007/5/0,880000,税込,,,,8,,"における副作用】 治療後、1~2日は注射の影響による局所の疼痛や腫脹、内出血など が生じることがあります。また、関節内への脂肪組織由来幹細胞注 入による副作用は現在のところ報告されていません。 【治療にかかる費用】 本治療は保険適用となっていないため、患者さまご本人の負担とな ります。治療費の総額は880,000円(税込み)です。詳細につきま しては事前に医師、看護師から説明がございます。また、治療の途 中で同意を撤回される場合はその時点までの費用がかかります。 治療の開始後、患者さまの個人的な事情及び金銭等に関する問題に 関しては、一切責任を負いかねますのでご了承ください。 【重要な知見が得られた場合の取扱いについて】 本治療を行っていく中で、",,
A,P00805,F0548,近畿,大阪府,医療法人 厚心会 まつかわ整形外科クリニック,医療法人 厚心会 まつかわ整形外科クリニック,医療法人 厚心会 まつかわ整形外科クリニック,第二種,変形性関節症に対する多血小板血漿（PRP）関節内投与療法,PRP,AUTO,1.0,https://saiseiiryo.mhlw.go.jp/published_plan/download/01E2504018/5/0,60500,不明,,ACP,Arthrex,7,,"0 営業時間外の連絡先:留守番電話(翌日に対応) 14.費用について 細胞の提供に際して費用は発生しません。 治療の提供に際しては、本治療は公的保険の対象ではありませんので、当院所定の施術料とし て以下の金額をお支払いいただきます。 1ACP ダブルシリンジ シングル15mL 60,500円 ダブル30mL 115,500円 2MAGELLANシステム シングル30mL 137,500円 ダブル60mL 269,500円 ※患者様の症状、その他の事情等により治療費が変動する場合があります。 なお、細胞の採取後や加工後に同意を撤回された場合など、同意を撤回される時点までに費用 が発生している場合は、発生した",,
A,P00805,F0548,近畿,大阪府,医療法人 厚心会 まつかわ整形外科クリニック,医療法人 厚心会 まつかわ整形外科クリニック,医療法人 厚心会 まつかわ整形外科クリニック,第二種,変形性関節症に対する多血小板血漿（PRP）関節内投与療法,PRP,AUTO,1.0,https://saiseiiryo.mhlw.go.jp/published_plan/download/01E2504018/5/0,115500,不明,,ACP,Arthrex,7,,"話(翌日に対応) 14.費用について 細胞の提供に際して費用は発生しません。 治療の提供に際しては、本治療は公的保険の対象ではありませんので、当院所定の施術料とし て以下の金額をお支払いいただきます。 1ACP ダブルシリンジ シングル15mL 60,500円 ダブル30mL 115,500円 2MAGELLANシステム シングル30mL 137,500円 ダブル60mL 269,500円 ※患者様の症状、その他の事情等により治療費が変動する場合があります。 なお、細胞の採取後や加工後に同意を撤回された場合など、同意を撤回される時点までに費用 が発生している場合は、発生した費用については患者様にご負担いただき",,
A,P00805,F0548,近畿,大阪府,医療法人 厚心会 まつかわ整形外科クリニック,医療法人 厚心会 まつかわ整形外科クリニック,医療法人 厚心会 まつかわ整形外科クリニック,第二種,変形性関節症に対する多血小板血漿（PRP）関節内投与療法,PRP,AUTO,1.0,https://saiseiiryo.mhlw.go.jp/published_plan/download/01E2504018/5/0,137500,不明,,ACP,Arthrex,7,,"発生しません。 治療の提供に際しては、本治療は公的保険の対象ではありませんので、当院所定の施術料とし て以下の金額をお支払いいただきます。 1ACP ダブルシリンジ シングル15mL 60,500円 ダブル30mL 115,500円 2MAGELLANシステム シングル30mL 137,500円 ダブル60mL 269,500円 ※患者様の症状、その他の事情等により治療費が変動する場合があります。 なお、細胞の採取後や加工後に同意を撤回された場合など、同意を撤回される時点までに費用 が発生している場合は、発生した費用については患者様にご負担いただきますのでご了承くださ い。 15.他の治療法の有無、本治療法との",,
A,P00805,F0548,近畿,大阪府,医療法人 厚心会 まつかわ整形外科クリニック,医療法人 厚心会 まつかわ整形外科クリニック,医療法人 厚心会 まつかわ整形外科クリニック,第二種,変形性関節症に対する多血小板血漿（PRP）関節内投与療法,PRP,AUTO,1.0,https://saiseiiryo.mhlw.go.jp/published_plan/download/01E2504018/5/0,269500,不明,,ACP,Arthrex,7,,"、本治療は公的保険の対象ではありませんので、当院所定の施術料とし て以下の金額をお支払いいただきます。 1ACP ダブルシリンジ シングル15mL 60,500円 ダブル30mL 115,500円 2MAGELLANシステム シングル30mL 137,500円 ダブル60mL 269,500円 ※患者様の症状、その他の事情等により治療費が変動する場合があります。 なお、細胞の採取後や加工後に同意を撤回された場合など、同意を撤回される時点までに費用 が発生している場合は、発生した費用については患者様にご負担いただきますのでご了承くださ い。 15.他の治療法の有無、本治療法との比較について 変形性関節症をはじめと",,
A,P00806,F0549,近畿,大阪府,医療法人 翔寿会 こんどう整形外科クリニック,医療法人 翔寿会 こんどう整形外科クリニック,医療法人 翔寿会 こんどう整形外科クリニック,第二種,変形性関節症に対する多血小板血漿（PRP）関節内投与療法,PRP,AUTO,1.0,https://saiseiiryo.mhlw.go.jp/published_plan/download/01E2411017/5/0,55000,税込,,,,8,3,"14.費用について 細胞の提供に際して費用は発生しません。 治療の提供に際しては、本治療は公的保険の対象ではありませんので、当院所定の施術料として55,000 円 (税込)をお支払いいただきます。 ※患者様の症状、その他の事情等により治療費が変動する場合があります。",line-level medium price context,
A,P00807,F0550,近畿,大阪府,医療法人 輝鳳会 新大阪クリニック,医療法人 輝鳳会 新大阪クリニック,医療法人 輝鳳会 新大阪クリニック,第二種,変形性関節症に対する自己脂肪由来幹細胞を用いた治療,脂肪由来幹細胞,QC,1.0,https://saiseiiryo.mhlw.go.jp/published_plan/download/03E2506027/5/0,,,,,,,,,no price found after text/OCR pass,RuntimeError: Tesseract process timeout
A,P00808,F0551,近畿,大阪府,医療法人一幸会 いっしん整形外科,医療法人一幸会 いっしん整形外科,医療法人一幸会 いっしん整形外科,第二種,自家多血小板血漿（PRP）を用いた慢性関節炎の治療（関節内組織）,PRP,AUTO,0.9838,https://saiseiiryo.mhlw.go.jp/published_plan/download/01E2105009/5/0,48900,税込,2 回分,,,9,,"とはできません。 (2) 本治療にかかる費用は、以下のとおりです。なお、費用は、治療に伴う診査、 自家PRP 調製のための採血にかかる費用、自家PRP 調製費用、注入にかか る費用の総額となります。左右両側に投与する場合は、2 回分です。 PRP 療法1回(1 部位) 48,900 円(税込) 11. 試料等の保存及び廃棄の方法 患者様から採取した血液と作製したPRP は、患者様ご自身の治療のみに 使用します。ただし、症例検討や学会発表を目的として、血液やPRP の測 定を行い、データを取得することがあります。 血液およびPRP は微量で全量を使用するため、保管はしません。治療に 用いない血液ま",,
A,P00809,F0552,近畿,大阪府,医療法人井上会 井上整形外科,医療法人井上会 井上整形外科,医療法人井上会 井上整形外科,第二種,多血小板血漿抽出液による関節症治療,PRP/APS,AUTO,1.0,https://saiseiiryo.mhlw.go.jp/published_plan/download/01E1904018/5/0,100000,不明,,APS|GPS|Zimmer,Zimmer Biomet,7,,"者(院長)へと報告して対応させていただきます。 窓口部署:事務 連絡先:06-6923-8027 12.費用について この治療は公的保険の対象ではありませんので、当院所定の施術料をお支払いいただきます。 ・ZIMMER BIOMET 製 GPS®IIIシステム使用 100,000円 (APSキットを使用せず、作製したPRPをそのまま使用する場合) GPS®IIIシステム、APSキット使用 300,000円 (APSキットを使用してさらに抽出を行い純度を高めて使用する場合) ※患者様の症状により治療費が変動いたします。 施術後、患者様の個人的な事情及び金銭等に関する問題に",,
A,P00809,F0552,近畿,大阪府,医療法人井上会 井上整形外科,医療法人井上会 井上整形外科,医療法人井上会 井上整形外科,第二種,多血小板血漿抽出液による関節症治療,PRP/APS,AUTO,1.0,https://saiseiiryo.mhlw.go.jp/published_plan/download/01E1904018/5/0,300000,不明,,APS|GPS|Zimmer,Zimmer Biomet,7,,"んので、当院所定の施術料をお支払いいただきます。 ・ZIMMER BIOMET 製 GPS®IIIシステム使用 100,000円 (APSキットを使用せず、作製したPRPをそのまま使用する場合) GPS®IIIシステム、APSキット使用 300,000円 (APSキットを使用してさらに抽出を行い純度を高めて使用する場合) ※患者様の症状により治療費が変動いたします。 施術後、患者様の個人的な事情及び金銭等に関する問題に関しては一切の責を負いかねますのでご了 承ください。 なお、細胞の採取後や加工後に同意を撤回された場合など、同意を撤回される時点までに費用が発生し ている場合",,
A,P00810,F0553,近畿,大阪府,医療法人亮星会 ほしやま整形外科医院,医療法人亮星会 ほしやま整形外科医院,医療法人亮星会 ほしやま整形外科医院,第二種,変形性関節症に対する多血小板血漿（PRP）関節内投与療法,PRP,AUTO,1.0,https://saiseiiryo.mhlw.go.jp/published_plan/download/02E2606025/5/0,250000,税込,,APS,Zimmer Biomet,8,,"管理者(院長)へと報告して対応させていただきます。 窓口部署:事務 連絡先:06−6348−1455 14.費用について 細胞の提供に際して費用は発生しません。 治療の提供に際しては、本治療は公的保険の対象ではありませんので、当院所定の施術料として以下の金 額をお支払いいただきます。 1PRP 250,000円(税込) 2APS 400,000円(税込) ※患者様の症状、その他の事情等により治療費が変動する場合があります。 なお、細胞の採取後や加工後に同意を撤回された場合など、同意を撤回される時点までに費用が発生してい る場合は、発生した費用については患者様にご負担いただきますのでご了承ください。 15.他の治療法の有無、本治療法との比較につい",,
A,P00810,F0553,近畿,大阪府,医療法人亮星会 ほしやま整形外科医院,医療法人亮星会 ほしやま整形外科医院,医療法人亮星会 ほしやま整形外科医院,第二種,変形性関節症に対する多血小板血漿（PRP）関節内投与療法,PRP,AUTO,1.0,https://saiseiiryo.mhlw.go.jp/published_plan/download/02E2606025/5/0,400000,税込,,APS,Zimmer Biomet,8,,"いただきます。 窓口部署:事務 連絡先:06−6348−1455 14.費用について 細胞の提供に際して費用は発生しません。 治療の提供に際しては、本治療は公的保険の対象ではありませんので、当院所定の施術料として以下の金 額をお支払いいただきます。 1PRP 250,000円(税込) 2APS 400,000円(税込) ※患者様の症状、その他の事情等により治療費が変動する場合があります。 なお、細胞の採取後や加工後に同意を撤回された場合など、同意を撤回される時点までに費用が発生してい る場合は、発生した費用については患者様にご負担いただきますのでご了承ください。 15.他の治療法の有無、本治療法との比較について 変形性関節症をはじめとする関節痛",,
A,P00811,F0554,近畿,大阪府,医療法人仁由会 日本ウェルネス再生クリニック,医療法人仁由会 日本ウェルネス再生クリニック,医療法人仁由会 日本ウェルネス再生クリニック,第二種,自家脂肪由来間葉系幹細胞を用いた関節痛、変形性関節症治療,脂肪由来MSC,QC,1.0,https://saiseiiryo.mhlw.go.jp/published_plan/download/03E2206013/5/0,,,,,,,,,no price found after text/OCR pass,Document fetched but no price candidate
A,P00812,F0554,近畿,大阪府,医療法人仁由会 日本ウェルネス再生クリニック,医療法人仁由会 日本ウェルネス再生クリニック,医療法人仁由会 日本ウェルネス再生クリニック,第二種,多血小板血漿を用いた整形外科疾患に対する関節内治療,PRP,AUTO,1.0,https://saiseiiryo.mhlw.go.jp/published_plan/download/03E2206024/5/0,150000,不明,一部位,,,8,,きます。同意を 撤回された場合でも、適切な治療を受けることができますので、患者さんに特に 不利益が生じることはありません。 11. 患者さんの費用負担について 本治療は保険適用されていないために、全額自費診療となり費用は以下の通 りです。診察、採血、PRP を投与する費用をすべて含み、一部位15万円(税 抜)です。 9 12. 担当医師及び相談窓口 以下の担当医師が、あなたを担当致しますので、いつでもご相談ください。 この治療について知りたいことや、ご心配なことがありましたら、遠慮なく担 当医師にご相談下さい。 ●担当医師 :,,
A,P00813,F0555,近畿,大阪府,医療法人健裕会 よこい整形外科 健康スポーツクリニック,医療法人健裕会 よこい整形外科 健康スポーツクリニック,医療法人健裕会 よこい整形外科 健康スポーツクリニック,第二種,変形性関節症に対する多血小板血漿（PRP）関節内投与療法,PRP,AUTO,1.0,https://saiseiiryo.mhlw.go.jp/published_plan/download/01E2308013/5/0,55000,税込,,APS|GPS,Zimmer Biomet,8,,"させていただきます。 窓口 連絡先:06-6850-4511 14.費用について 細胞の提供に際して費用は発生しません。 治療の提供に際しては、本治療は公的保険の対象ではありませんので、当院所定の施術料として以下の金額 をお支払いいただきます。 1Condensiaシステム:55,000円(税込) 2GPS®IIIシステム+APSキット:330,000円(税込) ※患者様の症状、その他の事情等により治療費が変動する場合があります。 なお、細胞の採取後や加工後に同意を撤回された場合など、同意を撤回される時点までに費用が発生している 場合は、発生した費用については患者様にご負担いただきますのでご了承ください。",,
A,P00813,F0555,近畿,大阪府,医療法人健裕会 よこい整形外科 健康スポーツクリニック,医療法人健裕会 よこい整形外科 健康スポーツクリニック,医療法人健裕会 よこい整形外科 健康スポーツクリニック,第二種,変形性関節症に対する多血小板血漿（PRP）関節内投与療法,PRP,AUTO,1.0,https://saiseiiryo.mhlw.go.jp/published_plan/download/01E2308013/5/0,330000,税込,,APS|GPS,Zimmer Biomet,8,,"1 14.費用について 細胞の提供に際して費用は発生しません。 治療の提供に際しては、本治療は公的保険の対象ではありませんので、当院所定の施術料として以下の金額 をお支払いいただきます。 1Condensiaシステム:55,000円(税込) 2GPS®IIIシステム+APSキット:330,000円(税込) ※患者様の症状、その他の事情等により治療費が変動する場合があります。 なお、細胞の採取後や加工後に同意を撤回された場合など、同意を撤回される時点までに費用が発生している 場合は、発生した費用については患者様にご負担いただきますのでご了承ください。 15.他の治療法の有無、本治療法との比較について 変形性関節症を",,
A,P00814,F0556,近畿,大阪府,一般社団法人澄佳会 松山淳記念クリニック,一般社団法人澄佳会 松山淳記念クリニック,一般社団法人澄佳会 松山淳記念クリニック,第二種,変形性関節症に対する自己脂肪組織由来幹細胞を用いた治療,脂肪由来幹細胞,QC,1.0,https://saiseiiryo.mhlw.go.jp/published_plan/download/02E2607017/5/0,11000,税込,1回,,,6,,"変形性関節症に対する自己脂肪組織由来幹細胞を用いた治療 価格表 料金表 相談・初診料 11,000円(税込) 幹細胞治療 5,000万個 1回 ※非冷凍 3,300,000円(税込) ※諸費用、検査費用、 脂肪採取費用、培養費 用含む 一般社団法人澄佳会 松山淳記念クリニック ※2回目以降の治療になった場合は、金額が異なります。その際は、お問い合わせください。",no price found after text/OCR pass,No price found after refined text/OCR pass
A,P00814,F0556,近畿,大阪府,一般社団法人澄佳会 松山淳記念クリニック,一般社団法人澄佳会 松山淳記念クリニック,一般社団法人澄佳会 松山淳記念クリニック,第二種,変形性関節症に対する自己脂肪組織由来幹細胞を用いた治療,脂肪由来幹細胞,QC,1.0,https://saiseiiryo.mhlw.go.jp/published_plan/download/02E2607017/5/0,3300000,税込,1回,,,6,,"変形性関節症に対する自己脂肪組織由来幹細胞を用いた治療 価格表 料金表 相談・初診料 11,000円(税込) 幹細胞治療 5,000万個 1回 ※非冷凍 3,300,000円(税込) ※諸費用、検査費用、 脂肪採取費用、培養費 用含む 一般社団法人澄佳会 松山淳記念クリニック ※2回目以降の治療になった場合は、金額が異なります。その際は、お問い合わせください。",no price found after text/OCR pass,No price found after refined text/OCR pass
A,P00815,F0557,近畿,大阪府,医療法人再生会 そばじまクリニックニューオータニ大阪院,医療法人再生会 そばじまクリニックニューオータニ大阪院,医療法人再生会 そばじまクリニックニューオータニ大阪院,第二種,皮下脂肪組織由来幹細胞凝集塊を用いた変形性関節症に対する細胞移植治療,脂肪由来幹細胞,AUTO,1.0,https://saiseiiryo.mhlw.go.jp/published_plan/download/02E2405009/5/0,550000,税込,,,,8,,"療は保険適用となっていないため、患者さまご本人の負担とな ります。脂肪吸引を行い、細胞培養・S-ADSCsの製造と移植までを 行う場合の治療費の総額は1,650,000円(税込み)です。過去に当 院で幹細胞治療を受けられ、その際に凍結保存した細胞を用いてS- ADSCsを製造し移植する場合の治療費は550,000円(税込み)とな ります。細胞の保管状況等を含め、詳細につきましては事前に医 師、看護師から説明がございます。また、治療の途中で同意を撤回 される場合はその時点までの費用がかかります。 治療の開始後、患者さまの個人的な事情及び金銭等に関する問題に 関しては、一切責任を負いかねますのでご了承ください。 【治療の拒否並びに同意撤回等について】",,
A,P00815,F0557,近畿,大阪府,医療法人再生会 そばじまクリニックニューオータニ大阪院,医療法人再生会 そばじまクリニックニューオータニ大阪院,医療法人再生会 そばじまクリニックニューオータニ大阪院,第二種,皮下脂肪組織由来幹細胞凝集塊を用いた変形性関節症に対する細胞移植治療,脂肪由来幹細胞,AUTO,1.0,https://saiseiiryo.mhlw.go.jp/published_plan/download/02E2405009/5/0,1650000,税込,,,,8,,"より治療が遅れるこ とがあります。 その他、もしも何らかの不調や気になる症状がみられた時は、ご遠 慮なくお申し出ください。 【治療にかかる費用】 本治療は保険適用となっていないため、患者さまご本人の負担とな ります。脂肪吸引を行い、細胞培養・S-ADSCsの製造と移植までを 行う場合の治療費の総額は1,650,000円(税込み)です。過去に当 院で幹細胞治療を受けられ、その際に凍結保存した細胞を用いてS- ADSCsを製造し移植する場合の治療費は550,000円(税込み)とな ります。細胞の保管状況等を含め、詳細につきましては事前に医 師、看護師から説明がございます。また、治療の途中で同意を撤回 される場合はその時点までの費用がかかります。 治療の開始",,
A,P00816,F0557,近畿,大阪府,医療法人再生会そばじまクリニック ニューオータニ大阪院,医療法人再生会そばじまクリニック ニューオータニ大阪院,医療法人再生会そばじまクリニック ニューオータニ大阪院,第二種,自己多血小板血漿（PRP）を用いた変形性関節症治療,PRP,AUTO,0.9625,https://saiseiiryo.mhlw.go.jp/published_plan/download/03E2409029/5/0,70000,税別,,,,8,,"れ、痛み、内出血などは一時的ですが、症状の強い場合にはご 相談ください。 ・効果の持続期間は個人差があります。 ・その他、PRPそのものによる副作用は現在のところ報告されてい ません。 【治療にかかる費用】 本治療は保険適用となっていないため、患者さまご本人の負担とな ります。 治療費は1関節につき70,000円(税抜)です。 治療の開始後、患者さまの個人的な事情及び金銭に関する問題に関 しては、一切責任を負いかねますのでご了承ください。 【同意撤回について】 この治療に関して同意した後、患者さまの意志で同意を撤回するこ とができます。 同意を撤回することで患者さまに不利益が生じることはありませ ん。ただし、施術後の撤回についてはこれには該当し",,
A,P00817,F0557,近畿,大阪府,医療法人再生会そばじまクリニック ニューオータニ大阪院,医療法人再生会そばじまクリニック ニューオータニ大阪院,医療法人再生会そばじまクリニック ニューオータニ大阪院,第二種,変形性関節症に対する自家脂肪組織由来細胞群による疼痛緩和治療（ただし、手指及び脊柱を除く）,脂肪由来細胞群,AUTO,1.0,https://saiseiiryo.mhlw.go.jp/published_plan/download/03E2409030/5/0,495000,税込,,,,14,6,"【治療にかかる費用】 本治療は保険適用となっていないため、患者さまご本人の負担とな ります。治療費の総額は495,000円(税込)です。脂肪を採取する 量によって費用が変わることはありません。詳細につきましては事 前に医師、看護師から説明がございます。また、治療の途中で同意",line-level strong price context,
A,P00818,F0558,近畿,大阪府,医療法人前幸会 ささゆりヘルスクリニック,医療法人前幸会 ささゆりヘルスクリニック,医療法人前幸会 ささゆりヘルスクリニック,第二種,自家培養脂肪由来幹細胞を用いた整形外科疾患に対する関節内治療,脂肪由来幹細胞,QC,1.0,https://saiseiiryo.mhlw.go.jp/published_plan/download/03E2201007/5/0,,,,,,,,,no price found after text/OCR pass,RuntimeError: Tesseract process timeout
A,P00819,F0558,近畿,大阪府,医療法人前幸会 ささゆりヘルスクリニック,医療法人前幸会 ささゆりヘルスクリニック,医療法人前幸会 ささゆりヘルスクリニック,第二種,多血小板血漿を用いた整形外科疾患に対する関節内治療,PRP,AUTO,1.0,https://saiseiiryo.mhlw.go.jp/published_plan/download/03E2201008/5/0,150000,不明,一部位,,,8,,きます。同意を 撤回された場合でも、適切な治療を受けることができますので、患者さんに特に 不利益が生じることはありません。 11. 患者さんの費用負担について 本治療は保険適用されていないために、全額自費診療となり費用は以下の通 りです。診察、採血、PRP を投与する費用をすべて含み、一部位15万円(税 抜)です。 9 12. 担当医師及び相談窓口 以下の担当医師が、あなたを担当致しますので、いつでもご相談ください。 この治療について知りたいことや、ご心配なことがありましたら、遠慮なく担 当医師にご相談下さい。 ●担当医師 :,,
A,P00820,F0559,近畿,大阪府,医療法人医誠会 医誠会国際総合病院,医療法人医誠会 医誠会国際総合病院,医療法人医誠会 医誠会国際総合病院,第二種,多血小板血漿（PRP）を用いた変形性関節症治療,PRP,AUTO,0.952,https://saiseiiryo.mhlw.go.jp/published_plan/download/02E2312028/5/0,150000,税別,,,,8,,"変わらない。 品質の安定性 PRPは患者様自身の血液から製造するため、品質がばらつく可能性 がある。 医薬品として承認されており、品質は安定している アレルギーの 可能性 自家移植のため、極めて低い。 品質管理された安全性の高いものだが、アレルギー反応などの可能 性を完全には否定できない。 費用 150,000円(税抜) 300,000円(税抜) 保険適用:2000円前後/回 (膝関節内投与の場合) 詳細やご不明な点は医師・スタッフまでお気軽にお尋ねください。 施術後、患者様の個人的な事情及び金銭等に関する問題に関しては 一切の責を負いかねますのでご了承ください。 その他治療についての注意事 項",,
A,P00820,F0559,近畿,大阪府,医療法人医誠会 医誠会国際総合病院,医療法人医誠会 医誠会国際総合病院,医療法人医誠会 医誠会国際総合病院,第二種,多血小板血漿（PRP）を用いた変形性関節症治療,PRP,AUTO,0.952,https://saiseiiryo.mhlw.go.jp/published_plan/download/02E2312028/5/0,300000,税別,,,,8,,"PRPは患者様自身の血液から製造するため、品質がばらつく可能性 がある。 医薬品として承認されており、品質は安定している アレルギーの 可能性 自家移植のため、極めて低い。 品質管理された安全性の高いものだが、アレルギー反応などの可能 性を完全には否定できない。 費用 150,000円(税抜) 300,000円(税抜) 保険適用:2000円前後/回 (膝関節内投与の場合) 詳細やご不明な点は医師・スタッフまでお気軽にお尋ねください。 施術後、患者様の個人的な事情及び金銭等に関する問題に関しては 一切の責を負いかねますのでご了承ください。 その他治療についての注意事 項 患者様の体",,
A,P00820,F0559,近畿,大阪府,医療法人医誠会 医誠会国際総合病院,医療法人医誠会 医誠会国際総合病院,医療法人医誠会 医誠会国際総合病院,第二種,多血小板血漿（PRP）を用いた変形性関節症治療,PRP,AUTO,0.952,https://saiseiiryo.mhlw.go.jp/published_plan/download/02E2312028/5/0,2000,税別,,,,6,,"るため、品質がばらつく可能性 がある。 医薬品として承認されており、品質は安定している アレルギーの 可能性 自家移植のため、極めて低い。 品質管理された安全性の高いものだが、アレルギー反応などの可能 性を完全には否定できない。 費用 150,000円(税抜) 300,000円(税抜) 保険適用:2000円前後/回 (膝関節内投与の場合) 詳細やご不明な点は医師・スタッフまでお気軽にお尋ねください。 施術後、患者様の個人的な事情及び金銭等に関する問題に関しては 一切の責を負いかねますのでご了承ください。 その他治療についての注意事 項 患者様の体調が良くない場合や、採取した血",,
A,P00821,F0559,近畿,大阪府,医療法人医誠会 医誠会国際総合病院,医療法人医誠会 医誠会国際総合病院,医療法人医誠会 医誠会国際総合病院,第二種,自己脂肪組織由来間葉系幹細胞を用いた靭帯・腱損傷治療,脂肪由来MSC,QC,1.0,https://saiseiiryo.mhlw.go.jp/published_plan/download/01E2410006/5/0,,,,,,,,,no price found after rescue text/OCR pass,Rescue completed; OCR page timeouts=0
A,P00822,F0560,近畿,大阪府,医療法人医進会 高石加茂病院,医療法人医進会 高石加茂病院,医療法人医進会 高石加茂病院,第二種,自家多血小板血漿（PRP）を用いた慢性関節炎の治療（関節内組織）,PRP,AUTO,0.9838,https://saiseiiryo.mhlw.go.jp/published_plan/download/01E2603013/5/0,48000,税別,,ACP MAX|ACP,Arthrex,8,,"本治療にかかる費用は、以下のとおりです。なお、費用に含まれるのは、治療に伴う 診査、自家PRP 調製のための採血にかかる費用、自家PRP 調製費用、注入にかかる 費用であり、以下が費用の総額となります。 治療の種類 平均的な血小板注入量 費用(税別) ACP-PRP 20 億個 48,000 円 HD-PRP(ACP MAX の場合) 90 億個 149,000 円 • 治療終了後も定期的な受診が必要です。 11.試料等の保存及び廃棄の方法 患者様から採取した血液と作製したPRP は、患者様ご自身の治療のみに使用しま す。ただし、症例検討や学会発表を目的として、血液やPRP の測定を行い、データ を取",,
A,P00822,F0560,近畿,大阪府,医療法人医進会 高石加茂病院,医療法人医進会 高石加茂病院,医療法人医進会 高石加茂病院,第二種,自家多血小板血漿（PRP）を用いた慢性関節炎の治療（関節内組織）,PRP,AUTO,0.9838,https://saiseiiryo.mhlw.go.jp/published_plan/download/01E2603013/5/0,149000,税別,,ACP MAX|ACP,Arthrex,8,,"う 診査、自家PRP 調製のための採血にかかる費用、自家PRP 調製費用、注入にかかる 費用であり、以下が費用の総額となります。 治療の種類 平均的な血小板注入量 費用(税別) ACP-PRP 20 億個 48,000 円 HD-PRP(ACP MAX の場合) 90 億個 149,000 円 • 治療終了後も定期的な受診が必要です。 11.試料等の保存及び廃棄の方法 患者様から採取した血液と作製したPRP は、患者様ご自身の治療のみに使用しま す。ただし、症例検討や学会発表を目的として、血液やPRP の測定を行い、データ を取得することがあります。 血液およびPRP は微量で全量を使用するため、保管はし",,
A,P00823,F0561,近畿,大阪府,医療法人吉修会 SHINSAIBASHI Ai CLINIC,医療法人吉修会 SHINSAIBASHI Ai CLINIC,医療法人吉修会 SHINSAIBASHI Ai CLINIC,第二種,変形性関節症に対する自己脂肪由来幹細胞を用いた治療,脂肪由来幹細胞,QC,1.0,https://saiseiiryo.mhlw.go.jp/published_plan/download/01E2403009/5/0,,,,,,,,,no price found after text/OCR pass,Document fetched but no price candidate
A,P00824,F0562,近畿,大阪府,医療法人啓信会 大阪整形外科病院,医療法人啓信会 大阪整形外科病院,医療法人啓信会 大阪整形外科病院,第二種,自家脂肪組織由来の培養間葉系幹細胞を用いた関節疾患の治療,脂肪由来MSC,AUTO,1.0,https://saiseiiryo.mhlw.go.jp/published_plan/download/01E2309011/5/0,750000,税別,1 回,,,7,,"用は健康保険の適用がございません。治療にかかる費用全額を患者様ご自身でご 負担いただきます。 5 実際に必要となる費用は以下の通りです。 投与細胞数※ 治療費用(税別) 1 約3,000 万個×1 回分 750,000 円 2 約5,000 万個×1 回分 830,000 円 3 約1 億個×1 回分 1,000,000 円 4 約3,000 万個×3 回分 1,500,000 円 ※ 投与細胞数は患部の状態や患者様のご希望などを考慮して決定します。 なお、脂肪組織の採取の施",,
A,P00824,F0562,近畿,大阪府,医療法人啓信会 大阪整形外科病院,医療法人啓信会 大阪整形外科病院,医療法人啓信会 大阪整形外科病院,第二種,自家脂肪組織由来の培養間葉系幹細胞を用いた関節疾患の治療,脂肪由来MSC,AUTO,1.0,https://saiseiiryo.mhlw.go.jp/published_plan/download/01E2309011/5/0,830000,税別,1 回,,,7,,"だきます。 5 実際に必要となる費用は以下の通りです。 投与細胞数※ 治療費用(税別) 1 約3,000 万個×1 回分 750,000 円 2 約5,000 万個×1 回分 830,000 円 3 約1 億個×1 回分 1,000,000 円 4 約3,000 万個×3 回分 1,500,000 円 ※ 投与細胞数は患部の状態や患者様のご希望などを考慮して決定します。 なお、脂肪組織の採取の施術開始後や細胞加工の開始後、あるいは3 回投与の場合に1 回目投 与の後や2 回目",,
A,P00824,F0562,近畿,大阪府,医療法人啓信会 大阪整形外科病院,医療法人啓信会 大阪整形外科病院,医療法人啓信会 大阪整形外科病院,第二種,自家脂肪組織由来の培養間葉系幹細胞を用いた関節疾患の治療,脂肪由来MSC,AUTO,1.0,https://saiseiiryo.mhlw.go.jp/published_plan/download/01E2309011/5/0,1000000,税別,1 回,,,7,,"投与細胞数※ 治療費用(税別) 1 約3,000 万個×1 回分 750,000 円 2 約5,000 万個×1 回分 830,000 円 3 約1 億個×1 回分 1,000,000 円 4 約3,000 万個×3 回分 1,500,000 円 ※ 投与細胞数は患部の状態や患者様のご希望などを考慮して決定します。 なお、脂肪組織の採取の施術開始後や細胞加工の開始後、あるいは3 回投与の場合に1 回目投 与の後や2 回目投与の後に同意を撤回された場合など、それまでに費用が発生している場合は、 以",,
A,P00824,F0562,近畿,大阪府,医療法人啓信会 大阪整形外科病院,医療法人啓信会 大阪整形外科病院,医療法人啓信会 大阪整形外科病院,第二種,自家脂肪組織由来の培養間葉系幹細胞を用いた関節疾患の治療,脂肪由来MSC,AUTO,1.0,https://saiseiiryo.mhlw.go.jp/published_plan/download/01E2309011/5/0,1500000,税別,1 回,,,7,,"税別) 1 約3,000 万個×1 回分 750,000 円 2 約5,000 万個×1 回分 830,000 円 3 約1 億個×1 回分 1,000,000 円 4 約3,000 万個×3 回分 1,500,000 円 ※ 投与細胞数は患部の状態や患者様のご希望などを考慮して決定します。 なお、脂肪組織の採取の施術開始後や細胞加工の開始後、あるいは3 回投与の場合に1 回目投 与の後や2 回目投与の後に同意を撤回された場合など、それまでに費用が発生している場合は、 以下の通り、患者様ご自身にご負担いただきますのでご了承ください。 同意撤回の時",,
A,P00824,F0562,近畿,大阪府,医療法人啓信会 大阪整形外科病院,医療法人啓信会 大阪整形外科病院,医療法人啓信会 大阪整形外科病院,第二種,自家脂肪組織由来の培養間葉系幹細胞を用いた関節疾患の治療,脂肪由来MSC,AUTO,1.0,https://saiseiiryo.mhlw.go.jp/published_plan/download/01E2309011/5/0,30000,税別,3 回,,,0,,"るいは3 回投与の場合に1 回目投 与の後や2 回目投与の後に同意を撤回された場合など、それまでに費用が発生している場合は、 以下の通り、患者様ご自身にご負担いただきますのでご了承ください。 同意撤回の時期 キャンセル費用(税別) 1 2 3 4 同意日~脂肪採取予定日の3 日前 30,000 円(検査費用) 脂肪採取予定日の2 日前~脂肪採取当日 の脂肪組織採取前 10 万円 脂肪組織採取後~細胞加工開始前 20 万円 細胞加工開始後~細胞投与前 65 万円 73 万円 90 万円 140 万円 細胞投与後 治療費用全額をお支払いいただきます 13. 細胞提供者及び再生医療等を受ける者に対する健康被害",,
A,P00824,F0562,近畿,大阪府,医療法人啓信会 大阪整形外科病院,医療法人啓信会 大阪整形外科病院,医療法人啓信会 大阪整形外科病院,第二種,自家脂肪組織由来の培養間葉系幹細胞を用いた関節疾患の治療,脂肪由来MSC,AUTO,1.0,https://saiseiiryo.mhlw.go.jp/published_plan/download/01E2309011/5/0,100000,税別,,,,0,,"までに費用が発生している場合は、 以下の通り、患者様ご自身にご負担いただきますのでご了承ください。 同意撤回の時期 キャンセル費用(税別) 1 2 3 4 同意日~脂肪採取予定日の3 日前 30,000 円(検査費用) 脂肪採取予定日の2 日前~脂肪採取当日 の脂肪組織採取前 10 万円 脂肪組織採取後~細胞加工開始前 20 万円 細胞加工開始後~細胞投与前 65 万円 73 万円 90 万円 140 万円 細胞投与後 治療費用全額をお支払いいただきます 13. 細胞提供者及び再生医療等を受ける者に対する健康被害の補償の方法 健康被害が発生した場合は、適切な医療を提供するほか、補償については協議",,
A,P00824,F0562,近畿,大阪府,医療法人啓信会 大阪整形外科病院,医療法人啓信会 大阪整形外科病院,医療法人啓信会 大阪整形外科病院,第二種,自家脂肪組織由来の培養間葉系幹細胞を用いた関節疾患の治療,脂肪由来MSC,AUTO,1.0,https://saiseiiryo.mhlw.go.jp/published_plan/download/01E2309011/5/0,200000,税別,,,,0,,"者様ご自身にご負担いただきますのでご了承ください。 同意撤回の時期 キャンセル費用(税別) 1 2 3 4 同意日~脂肪採取予定日の3 日前 30,000 円(検査費用) 脂肪採取予定日の2 日前~脂肪採取当日 の脂肪組織採取前 10 万円 脂肪組織採取後~細胞加工開始前 20 万円 細胞加工開始後~細胞投与前 65 万円 73 万円 90 万円 140 万円 細胞投与後 治療費用全額をお支払いいただきます 13. 細胞提供者及び再生医療等を受ける者に対する健康被害の補償の方法 健康被害が発生した場合は、適切な医療を提供するほか、補償については協議に応じます。 また、万が一に備え、大阪府医師会",,
A,P00824,F0562,近畿,大阪府,医療法人啓信会 大阪整形外科病院,医療法人啓信会 大阪整形外科病院,医療法人啓信会 大阪整形外科病院,第二種,自家脂肪組織由来の培養間葉系幹細胞を用いた関節疾患の治療,脂肪由来MSC,AUTO,1.0,https://saiseiiryo.mhlw.go.jp/published_plan/download/01E2309011/5/0,650000,税別,,,,0,,"さい。 同意撤回の時期 キャンセル費用(税別) 1 2 3 4 同意日~脂肪採取予定日の3 日前 30,000 円(検査費用) 脂肪採取予定日の2 日前~脂肪採取当日 の脂肪組織採取前 10 万円 脂肪組織採取後~細胞加工開始前 20 万円 細胞加工開始後~細胞投与前 65 万円 73 万円 90 万円 140 万円 細胞投与後 治療費用全額をお支払いいただきます 13. 細胞提供者及び再生医療等を受ける者に対する健康被害の補償の方法 健康被害が発生した場合は、適切な医療を提供するほか、補償については協議に応じます。 また、万が一に備え、大阪府医師会の医師賠償責任保険に加入しています。",,
A,P00824,F0562,近畿,大阪府,医療法人啓信会 大阪整形外科病院,医療法人啓信会 大阪整形外科病院,医療法人啓信会 大阪整形外科病院,第二種,自家脂肪組織由来の培養間葉系幹細胞を用いた関節疾患の治療,脂肪由来MSC,AUTO,1.0,https://saiseiiryo.mhlw.go.jp/published_plan/download/01E2309011/5/0,730000,税別,,,,0,,"撤回の時期 キャンセル費用(税別) 1 2 3 4 同意日~脂肪採取予定日の3 日前 30,000 円(検査費用) 脂肪採取予定日の2 日前~脂肪採取当日 の脂肪組織採取前 10 万円 脂肪組織採取後~細胞加工開始前 20 万円 細胞加工開始後~細胞投与前 65 万円 73 万円 90 万円 140 万円 細胞投与後 治療費用全額をお支払いいただきます 13. 細胞提供者及び再生医療等を受ける者に対する健康被害の補償の方法 健康被害が発生した場合は、適切な医療を提供するほか、補償については協議に応じます。 また、万が一に備え、大阪府医師会の医師賠償責任保険に加入しています。 14. 代替治",,
A,P00824,F0562,近畿,大阪府,医療法人啓信会 大阪整形外科病院,医療法人啓信会 大阪整形外科病院,医療法人啓信会 大阪整形外科病院,第二種,自家脂肪組織由来の培養間葉系幹細胞を用いた関節疾患の治療,脂肪由来MSC,AUTO,1.0,https://saiseiiryo.mhlw.go.jp/published_plan/download/01E2309011/5/0,900000,税別,,,,0,,"キャンセル費用(税別) 1 2 3 4 同意日~脂肪採取予定日の3 日前 30,000 円(検査費用) 脂肪採取予定日の2 日前~脂肪採取当日 の脂肪組織採取前 10 万円 脂肪組織採取後~細胞加工開始前 20 万円 細胞加工開始後~細胞投与前 65 万円 73 万円 90 万円 140 万円 細胞投与後 治療費用全額をお支払いいただきます 13. 細胞提供者及び再生医療等を受ける者に対する健康被害の補償の方法 健康被害が発生した場合は、適切な医療を提供するほか、補償については協議に応じます。 また、万が一に備え、大阪府医師会の医師賠償責任保険に加入しています。 14. 代替治療とその治療法",,
A,P00824,F0562,近畿,大阪府,医療法人啓信会 大阪整形外科病院,医療法人啓信会 大阪整形外科病院,医療法人啓信会 大阪整形外科病院,第二種,自家脂肪組織由来の培養間葉系幹細胞を用いた関節疾患の治療,脂肪由来MSC,AUTO,1.0,https://saiseiiryo.mhlw.go.jp/published_plan/download/01E2309011/5/0,1400000,税別,,,,0,,"(税別) 1 2 3 4 同意日~脂肪採取予定日の3 日前 30,000 円(検査費用) 脂肪採取予定日の2 日前~脂肪採取当日 の脂肪組織採取前 10 万円 脂肪組織採取後~細胞加工開始前 20 万円 細胞加工開始後~細胞投与前 65 万円 73 万円 90 万円 140 万円 細胞投与後 治療費用全額をお支払いいただきます 13. 細胞提供者及び再生医療等を受ける者に対する健康被害の補償の方法 健康被害が発生した場合は、適切な医療を提供するほか、補償については協議に応じます。 また、万が一に備え、大阪府医師会の医師賠償責任保険に加入しています。 14. 代替治療とその治療法により予期される",,
A,P00825,F0562,近畿,大阪府,医療法人啓信会 大阪整形外科病院,医療法人啓信会 大阪整形外科病院,医療法人啓信会 大阪整形外科病院,第二種,多血小板血漿抽出液による関節症治療,PRP/APS,AUTO,1.0,https://saiseiiryo.mhlw.go.jp/published_plan/download/02E2205012/5/0,100000,税別,,APS|GPS|Zimmer,Zimmer Biomet,8,,"(院長)へと報告して対応させていただきます。 窓口部署:医事課 連絡先:06-6463-1111 12.費用について この治療は公的保険の対象ではありませんので、当院所定の施術料をお支払いいただきます。 ・ZIMMER BIOMET 製 GPS®IIIシステム使用 100,000円(税別) (APSキットを使用せず、作製したPRPをそのまま使用する場合) GPS®IIIシステム、APSキット使用 300,000円(税別) (APSキットを使用してさらに抽出を行い純度を高めて使用する場合) ※患者様の症状、その他の事情等により治療費が変動する場合があります。 なお、細胞",,
A,P00825,F0562,近畿,大阪府,医療法人啓信会 大阪整形外科病院,医療法人啓信会 大阪整形外科病院,医療法人啓信会 大阪整形外科病院,第二種,多血小板血漿抽出液による関節症治療,PRP/APS,AUTO,1.0,https://saiseiiryo.mhlw.go.jp/published_plan/download/02E2205012/5/0,300000,税別,,APS|GPS|Zimmer,Zimmer Biomet,8,,"当院所定の施術料をお支払いいただきます。 ・ZIMMER BIOMET 製 GPS®IIIシステム使用 100,000円(税別) (APSキットを使用せず、作製したPRPをそのまま使用する場合) GPS®IIIシステム、APSキット使用 300,000円(税別) (APSキットを使用してさらに抽出を行い純度を高めて使用する場合) ※患者様の症状、その他の事情等により治療費が変動する場合があります。 なお、細胞の採取後や加工後に同意を撤回された場合など、同意を撤回される時点までに費用が発生し ている場合は、発生した費用については患者様にご負担いただきますのでご了承ください。",,
A,P00826,F0563,近畿,大阪府,医療法人慶春会 福永記念診療所,医療法人慶春会 福永記念診療所,医療法人慶春会 福永記念診療所,第二種,変形性関節症に対する自己脂肪由来幹細胞を用いた治療,脂肪由来幹細胞,QC,1.0,https://saiseiiryo.mhlw.go.jp/published_plan/download/03E2407016/5/0,10000,税別,,,,5,7,"治療費用 診察・カウンセリング 10,000 円 (税抜) 血液検査 10,000 円 (税抜)",price candidates remain ambiguous,
A,P00826,F0563,近畿,大阪府,医療法人慶春会 福永記念診療所,医療法人慶春会 福永記念診療所,医療法人慶春会 福永記念診療所,第二種,変形性関節症に対する自己脂肪由来幹細胞を用いた治療,脂肪由来幹細胞,QC,1.0,https://saiseiiryo.mhlw.go.jp/published_plan/download/03E2407016/5/0,10000,税別,1 回,,,5,7,"10,000 円 (税抜) 血液検査 10,000 円 (税抜) 脂肪採取(1 回)+自家間葉系幹細胞の 投与(1 回)",price candidates remain ambiguous,
A,P00826,F0563,近畿,大阪府,医療法人慶春会 福永記念診療所,医療法人慶春会 福永記念診療所,医療法人慶春会 福永記念診療所,第二種,変形性関節症に対する自己脂肪由来幹細胞を用いた治療,脂肪由来幹細胞,QC,1.0,https://saiseiiryo.mhlw.go.jp/published_plan/download/03E2407016/5/0,1500000,税別,1 回,,,5,7,"脂肪採取(1 回)+自家間葉系幹細胞の 投与(1 回) 1,500,000 円 (税抜)",price candidates remain ambiguous,
A,P00827,F0563,近畿,大阪府,医療法人慶春会 福永記念診療所,医療法人慶春会 福永記念診療所,医療法人慶春会 福永記念診療所,第二種,自家多血小板血漿（PRP）を用いた慢性関節炎の治療（関節内組織）,PRP,QC,0.9838,https://saiseiiryo.mhlw.go.jp/published_plan/download/02E2506021/5/0,10000,税別,1 回,,,0,,"(別紙:治療費用に関して) 関節内注射(PRP) 再生医療 治療費用 初診料・カウンセリング 10,000 円 (税抜) 血液検査 10,000 円 (税抜) 関節内注射(1 回) 150,000 円 (税抜) ※本治療を医師の判断等で中止・中断される場合、発生した費用の返金はできません。",no price found after text/OCR pass,No price found after refined text/OCR pass
A,P00827,F0563,近畿,大阪府,医療法人慶春会 福永記念診療所,医療法人慶春会 福永記念診療所,医療法人慶春会 福永記念診療所,第二種,自家多血小板血漿（PRP）を用いた慢性関節炎の治療（関節内組織）,PRP,QC,0.9838,https://saiseiiryo.mhlw.go.jp/published_plan/download/02E2506021/5/0,150000,税別,1 回,,,0,,"(別紙:治療費用に関して) 関節内注射(PRP) 再生医療 治療費用 初診料・カウンセリング 10,000 円 (税抜) 血液検査 10,000 円 (税抜) 関節内注射(1 回) 150,000 円 (税抜) ※本治療を医師の判断等で中止・中断される場合、発生した費用の返金はできません。",no price found after text/OCR pass,No price found after refined text/OCR pass
A,P00828,F0563,近畿,大阪府,医療法人慶春会 福永記念診療所,医療法人慶春会 福永記念診療所,医療法人慶春会 福永記念診療所,第二種,慢性関節炎に対する自己脂肪由来幹細胞を用いた治療,脂肪由来幹細胞,QC,1.0,https://saiseiiryo.mhlw.go.jp/published_plan/download/02E2506026/5/0,10000,税別,,,,5,7,"治療費用 診察・カウンセリング 10,000 円 (税抜) 血液検査 10,000 円 (税抜)",price candidates remain ambiguous,
A,P00828,F0563,近畿,大阪府,医療法人慶春会 福永記念診療所,医療法人慶春会 福永記念診療所,医療法人慶春会 福永記念診療所,第二種,慢性関節炎に対する自己脂肪由来幹細胞を用いた治療,脂肪由来幹細胞,QC,1.0,https://saiseiiryo.mhlw.go.jp/published_plan/download/02E2506026/5/0,10000,税別,1 回,,,5,7,"10,000 円 (税抜) 血液検査 10,000 円 (税抜) 脂肪採取(1 回) +自家間葉系幹細胞の投与(1 回)",price candidates remain ambiguous,
A,P00828,F0563,近畿,大阪府,医療法人慶春会 福永記念診療所,医療法人慶春会 福永記念診療所,医療法人慶春会 福永記念診療所,第二種,慢性関節炎に対する自己脂肪由来幹細胞を用いた治療,脂肪由来幹細胞,QC,1.0,https://saiseiiryo.mhlw.go.jp/published_plan/download/02E2506026/5/0,1000000,税別,2 回,,,5,7,"1,500,000 円 (税抜) 自己脂肪由来間葉系幹細胞の点滴投与(2 回目) 1,000,000 円 (税抜) 自己脂肪由来間葉系幹細胞の点滴投与(3 回目) 1,000,000 円 (税抜)",price candidates remain ambiguous,
A,P00828,F0563,近畿,大阪府,医療法人慶春会 福永記念診療所,医療法人慶春会 福永記念診療所,医療法人慶春会 福永記念診療所,第二種,慢性関節炎に対する自己脂肪由来幹細胞を用いた治療,脂肪由来幹細胞,QC,1.0,https://saiseiiryo.mhlw.go.jp/published_plan/download/02E2506026/5/0,1000000,税別,3 回,,,5,7,"1,000,000 円 (税抜) 自己脂肪由来間葉系幹細胞の点滴投与(3 回目) 1,000,000 円 (税抜)",price candidates remain ambiguous,
A,P00828,F0563,近畿,大阪府,医療法人慶春会 福永記念診療所,医療法人慶春会 福永記念診療所,医療法人慶春会 福永記念診療所,第二種,慢性関節炎に対する自己脂肪由来幹細胞を用いた治療,脂肪由来幹細胞,QC,1.0,https://saiseiiryo.mhlw.go.jp/published_plan/download/02E2506026/5/0,1500000,税別,1 回,,,5,7,"脂肪採取(1 回) +自家間葉系幹細胞の投与(1 回) 1,500,000 円 (税抜) 自己脂肪由来間葉系幹細胞の点滴投与(2 回目) 1,000,000 円 (税抜)",price candidates remain ambiguous,
A,P00829,F0564,近畿,大阪府,医療法人恒晴会 心斎橋ペインクリニック,医療法人恒晴会 心斎橋ペインクリニック,医療法人恒晴会 心斎橋ペインクリニック,第二種,多血小板血漿を用いた変形性関節症・関節炎の疼痛緩和,PRP,AUTO,1.0,https://saiseiiryo.mhlw.go.jp/published_plan/download/01E2110026/5/0,300000,不明,1回,APS|GPS,Zimmer Biomet,8,,"せて3 種類の 方法から選択いたします。 名称 費用 ⻑所 短所 1 APS 法 350,000 円/回 1治療あたり1回投与 関節での使用経験が多い 製造時の感染が起こりにくい 1回の投与で半年程度効果が 持続するとされる(個人差あり) 高価 2 GPS 法 300,000 円/回 1治療あたり1回投与 関節での使用経験が多い 製造時の感染が起こりにくい APS の前段階であり単独の 効果に関するデータが少ない 3 PRP 法 55,000 円/回 状態により、1~3 回投与を 行います 他の保険収載治療で使用実績 が豊富で安全性が高い 関節での使用経験が乏しい 3",,
A,P00829,F0564,近畿,大阪府,医療法人恒晴会 心斎橋ペインクリニック,医療法人恒晴会 心斎橋ペインクリニック,医療法人恒晴会 心斎橋ペインクリニック,第二種,多血小板血漿を用いた変形性関節症・関節炎の疼痛緩和,PRP,AUTO,1.0,https://saiseiiryo.mhlw.go.jp/published_plan/download/01E2110026/5/0,350000,不明,1回,APS|GPS,Zimmer Biomet,8,,"され る、2018 年8 月に発売された新しいPRP 治療 治療の目的と治療に用いる細胞に関する情報 当院ではPRP の調整方法として、患者様とご相談しながら、症状や状況、投与部に合わせて3 種類の 方法から選択いたします。 名称 費用 ⻑所 短所 1 APS 法 350,000 円/回 1治療あたり1回投与 関節での使用経験が多い 製造時の感染が起こりにくい 1回の投与で半年程度効果が 持続するとされる(個人差あり) 高価 2 GPS 法 300,000 円/回 1治療あたり1回投与 関節での使用経験が多い 製造時の感染が起こりにくい APS の前段階であり単独の 効果に関するデータが少ない",,
A,P00829,F0564,近畿,大阪府,医療法人恒晴会 心斎橋ペインクリニック,医療法人恒晴会 心斎橋ペインクリニック,医療法人恒晴会 心斎橋ペインクリニック,第二種,多血小板血漿を用いた変形性関節症・関節炎の疼痛緩和,PRP,AUTO,1.0,https://saiseiiryo.mhlw.go.jp/published_plan/download/01E2110026/5/0,55000,不明,1回,APS|GPS,Zimmer Biomet,3,,"の感染が起こりにくい 1回の投与で半年程度効果が 持続するとされる(個人差あり) 高価 2 GPS 法 300,000 円/回 1治療あたり1回投与 関節での使用経験が多い 製造時の感染が起こりにくい APS の前段階であり単独の 効果に関するデータが少ない 3 PRP 法 55,000 円/回 状態により、1~3 回投与を 行います 他の保険収載治療で使用実績 が豊富で安全性が高い 関節での使用経験が乏しい 3 治療の理論 以下の理論に則って、治療を行います。 • 血小板は傷の修復を担当する、血液成分の1つです。 • 血小板を濃縮し、それに含まれる傷を治す成分の活性を保ったまま",,
A,P00829,F0564,近畿,大阪府,医療法人恒晴会 心斎橋ペインクリニック,医療法人恒晴会 心斎橋ペインクリニック,医療法人恒晴会 心斎橋ペインクリニック,第二種,多血小板血漿を用いた変形性関節症・関節炎の疼痛緩和,PRP,AUTO,1.0,https://saiseiiryo.mhlw.go.jp/published_plan/download/01E2110026/5/0,27500,不明,1 回,APS,Zimmer Biomet,-1,,"血液や製造済みのPRP などは全て個人が特定できないような形で医療廃 棄物として処理いたします。患者様に一切お渡しすることはできません。 ・APS 療法 治療費(1 回)350,000 円 → キャンセル料 175,000 円 ・PRP 療法 治療費(1 回)55,000 円 → キャンセル料 27,500 円 ※患者様の症状により施術料が変わる場合は別途、ご説明いたします。 その他治療についての注意事項 患者さんの体調が良くない場合や、採取した血液の状態によっては、PRP を分離できないことがあります。 その際には、再度採血をさせていただく場合があ",,
A,P00829,F0564,近畿,大阪府,医療法人恒晴会 心斎橋ペインクリニック,医療法人恒晴会 心斎橋ペインクリニック,医療法人恒晴会 心斎橋ペインクリニック,第二種,多血小板血漿を用いた変形性関節症・関節炎の疼痛緩和,PRP,AUTO,1.0,https://saiseiiryo.mhlw.go.jp/published_plan/download/01E2110026/5/0,55000,不明,1 回,APS,Zimmer Biomet,-1,,"ます。 同意撤回に際し、採血済みの血液や製造済みのPRP などは全て個人が特定できないような形で医療廃 棄物として処理いたします。患者様に一切お渡しすることはできません。 ・APS 療法 治療費(1 回)350,000 円 → キャンセル料 175,000 円 ・PRP 療法 治療費(1 回)55,000 円 → キャンセル料 27,500 円 ※患者様の症状により施術料が変わる場合は別途、ご説明いたします。 その他治療についての注意事項 患者さんの体調が良くない場合や、採取した血液の状態によっては、PRP を分離できないことがあります。 その際に",,
A,P00829,F0564,近畿,大阪府,医療法人恒晴会 心斎橋ペインクリニック,医療法人恒晴会 心斎橋ペインクリニック,医療法人恒晴会 心斎橋ペインクリニック,第二種,多血小板血漿を用いた変形性関節症・関節炎の疼痛緩和,PRP,AUTO,1.0,https://saiseiiryo.mhlw.go.jp/published_plan/download/01E2110026/5/0,175000,不明,1 回,APS,Zimmer Biomet,-1,,"できません)等として、 治療費の50%をご負担いただきます。 同意撤回に際し、採血済みの血液や製造済みのPRP などは全て個人が特定できないような形で医療廃 棄物として処理いたします。患者様に一切お渡しすることはできません。 ・APS 療法 治療費(1 回)350,000 円 → キャンセル料 175,000 円 ・PRP 療法 治療費(1 回)55,000 円 → キャンセル料 27,500 円 ※患者様の症状により施術料が変わる場合は別途、ご説明いたします。 その他治療についての注意事項 患者さんの体調が良くない場合や、採取した血液の状態によっては",,
A,P00829,F0564,近畿,大阪府,医療法人恒晴会 心斎橋ペインクリニック,医療法人恒晴会 心斎橋ペインクリニック,医療法人恒晴会 心斎橋ペインクリニック,第二種,多血小板血漿を用いた変形性関節症・関節炎の疼痛緩和,PRP,AUTO,1.0,https://saiseiiryo.mhlw.go.jp/published_plan/download/01E2110026/5/0,350000,不明,1 回,APS,Zimmer Biomet,-1,,"の製造に使用する機器の費用(使い回しができません)等として、 治療費の50%をご負担いただきます。 同意撤回に際し、採血済みの血液や製造済みのPRP などは全て個人が特定できないような形で医療廃 棄物として処理いたします。患者様に一切お渡しすることはできません。 ・APS 療法 治療費(1 回)350,000 円 → キャンセル料 175,000 円 ・PRP 療法 治療費(1 回)55,000 円 → キャンセル料 27,500 円 ※患者様の症状により施術料が変わる場合は別途、ご説明いたします。 その他治療についての注意事項 患者さんの体調が良くな",,
A,P00830,F0565,近畿,大阪府,医療法人幸永会 RPT大阪クリニック,医療法人幸永会 RPT大阪クリニック,医療法人幸永会 RPT大阪クリニック,第二種,自己脂肪由来幹細胞を用いた変形性関節症の治療,脂肪由来幹細胞,AUTO,1.0,https://saiseiiryo.mhlw.go.jp/published_plan/download/03E2604015/5/0,3080000,税込,1回,,,9,,"師、管理 者(院長)へと報告し対応します。 再生医療事務局 電話番号:06-4708-3040 13.費用について 本治療は保険適用外であるため、治療にかかる費用全額をお支払い いただきます。その他、本治療を受けるために必要となった旅費、 交通費などの全ての費用も同様です。 本治療にかかる費用は1回3,080,000円(税込)です。 なお、同意を撤回された場合など、同意を撤回される時点までに発 生した費用(治療費等)についてはご負担ください。 14.他の治療法の有無、本治療法との比較について 変形性関節症の治療法には保存療法と手術療法の2つの方法があり ます。薬物投与、装具装着、リハビリテーションなどの保存療法で 効果がない場合は、手術療法が選択され",,
A,P00831,F0566,近畿,大阪府,医療法人社団医進会大阪小田クリニック,医療法人社団医進会大阪小田クリニック,医療法人社団医進会大阪小田クリニック,第二種,自己脂肪由来間葉系幹細胞を用いた変形性関節症治療,脂肪由来MSC,QC,1.0,https://saiseiiryo.mhlw.go.jp/published_plan/download/01E2402016/5/0,,,,,,,,,no price found after rescue text/OCR pass,Rescue completed; OCR page timeouts=0
A,P00832,F0567,近畿,大阪府,医療法人社団千美会 ガーデンクリニック ザ・ホワイトデンタルクリニック大阪院,医療法人社団千美会 ガーデンクリニック ザ・ホワイトデンタルクリニック大阪院,医療法人社団千美会 ガーデンクリニック ザ・ホワイトデンタルクリニック大阪院,第二種,自己脂肪由来幹細胞を用いた変形性関節症の治療,脂肪由来幹細胞,AUTO,1.0,https://saiseiiryo.mhlw.go.jp/published_plan/download/01E2110016/5/0,1280000,税別,1回,,,9,,ていただきます。 再生医療事務局 電話番号:03-5985-6921 12.費用について 本治療は保険適用外であるため、治療にかかる費用全額をご自分で ご負担いただきます。その他、本治療を受けるために必要となった 旅費、交通費などの全ての費用もご自分でご負担いただきます。本 治療にかかる費用は1回128万円(税別)となっております。 なお、脂肪の採取後や、細胞加工物の製造後に同意を撤回された場 合など、同意を撤回される時点までに費用が発生している場合は、 発生した費用についてはあなたにご負担いただきますのでご了承く ださい。 13.他の治療法の有無、本治療法との比較について 変形性関節症の治療法には保存療法と手術療法の2つの方法があり ます,,
A,P00833,F0568,近畿,大阪府,医療法人社団彦星会 大阪中之島整形外科,医療法人社団彦星会 大阪中之島整形外科,医療法人社団彦星会 大阪中之島整形外科,第二種,自家多血小板血漿（PRP）の投与による変形性関節症治療,PRP,AUTO,1.0,https://saiseiiryo.mhlw.go.jp/published_plan/download/01E2402001/5/0,330000,税込,,,,8,,"全性の高いもの だが、アレルギー反応などの可能性 を完全には否定できない 11. 治療にかかる費用について この治療は公的保険の対象ではありませんので、当院の所定の施術料をお支払いいただきま す。ご不明な点は医師・スタッフにお尋ねください。 ・自家PRP を用いた治療における施術料 330,000 円(税込) 12. その他治療についての注意事項 患者さまの体調が良くない場合や、採取した血液の状態によっては、自家PRP を分離できな いことがあります。 その際には、再度採血をさせていただく場合があります。 また、自家PRP を濃縮する機器は定期的にメンテナンスを行っていますが、突然の不具合発 生により、治療の日程やお時",,
A,P00834,F0569,近畿,大阪府,医療法人社団彦星会 健都よねだスポーツ整形外科,医療法人社団彦星会 健都よねだスポーツ整形外科,医療法人社団彦星会 健都よねだスポーツ整形外科,第二種,多血小板血漿（PRP）による変形性関節症治療,PRP,AUTO,1.0,https://saiseiiryo.mhlw.go.jp/published_plan/download/01E2503011/5/0,220000,税込,2 回,,,9,,"。その際には、再度同 意を取得します。 11. 患者様の費用負担について 本治療は自由診療※となり、健康保険が適用にならず、本来健康保険が適用される治療も 含め、全額自己負担となります。 施術費用は下記の通りとなります。 PRP 変形性関節症治療 1 治療(2 回投与) 220,000 円(税込) (標準的な治療費用。採血及び投与2 回分の費用を含む) 13 · 投与2 回が標準的な治療回数です。治療間隔については症状を見ながら決めていきま すが、原則として2 回終了後3 ヶ月間の経過観察を行い、再度治療の適応があるか判 断致します。 · 治療同意後、採血を実施した際に全",,
A,P00834,F0569,近畿,大阪府,医療法人社団彦星会 健都よねだスポーツ整形外科,医療法人社団彦星会 健都よねだスポーツ整形外科,医療法人社団彦星会 健都よねだスポーツ整形外科,第二種,多血小板血漿（PRP）による変形性関節症治療,PRP,AUTO,1.0,https://saiseiiryo.mhlw.go.jp/published_plan/download/01E2503011/5/0,66000,税込,2 回,,,-2,,"す。 · 治療同意後、採血を実施した際に全ての費用を頂戴いたします。 · 採血後や加工後に同意を撤回された場合など、同意を撤回されるまでに費用が発生し ている場合は、発生した費用については患者様にご負担いただきますのでご了承くだ さい。 【キャンセル料】 採血後: 1 治療(2 回投与)66,000 円(税込) 加工着手後:全額(税込) · 治療内容により費用が変動する場合があります。施術する前に詳細な説明をいたしま すので、ご納得いただいた上で施術いただきますようお願い申し上げます。 ※自由診療とは保険が適用されない診療のことを言います。厚生労働省が承認していない 治療や薬を使用すると自由診療となり、治療費が全額自己負担",,
A,P00835,F0570,近畿,大阪府,リセリングクリニック,リセリングクリニック,リセリングクリニック,第二種,自己脂肪組織由来間葉系幹細胞を用いた変形性膝関節症治療,脂肪由来MSC,QC,1.0,https://saiseiiryo.mhlw.go.jp/published_plan/download/03E2506015/5/0,300000,不明,1回,,,6,9,"¥40,000円  組織採取料 ¥300,000円 治療費(施術費・幹細胞培養費を含む) 施術(1回)",price candidates remain ambiguous,
A,P00835,F0570,近畿,大阪府,リセリングクリニック,リセリングクリニック,リセリングクリニック,第二種,自己脂肪組織由来間葉系幹細胞を用いた変形性膝関節症治療,脂肪由来MSC,QC,1.0,https://saiseiiryo.mhlw.go.jp/published_plan/download/03E2506015/5/0,3000,不明,,,,3,9,"す。費用については下記の通りです。  初診料 ¥3,000円  再診料 ¥2,000円",price candidates remain ambiguous,
A,P00835,F0570,近畿,大阪府,リセリングクリニック,リセリングクリニック,リセリングクリニック,第二種,自己脂肪組織由来間葉系幹細胞を用いた変形性膝関節症治療,脂肪由来MSC,QC,1.0,https://saiseiiryo.mhlw.go.jp/published_plan/download/03E2506015/5/0,40000,不明,,,,3,10," 上記の治療費は初診料(¥3,000円)再診料(¥2,000円))および検査料 (¥40,000円)組織採取料(¥300,000円)は含まれませんのでご注意 ください。 ",price candidates remain ambiguous,
A,P00835,F0570,近畿,大阪府,リセリングクリニック,リセリングクリニック,リセリングクリニック,第二種,自己脂肪組織由来間葉系幹細胞を用いた変形性膝関節症治療,脂肪由来MSC,QC,1.0,https://saiseiiryo.mhlw.go.jp/published_plan/download/03E2506015/5/0,300000,不明,,,,3,10," 上記の治療費は初診料(¥3,000円)再診料(¥2,000円))および検査料 (¥40,000円)組織採取料(¥300,000円)は含まれませんのでご注意 ください。 ",price candidates remain ambiguous,
A,P00835,F0570,近畿,大阪府,リセリングクリニック,リセリングクリニック,リセリングクリニック,第二種,自己脂肪組織由来間葉系幹細胞を用いた変形性膝関節症治療,脂肪由来MSC,QC,1.0,https://saiseiiryo.mhlw.go.jp/published_plan/download/03E2506015/5/0,2000,不明,,,,0,9,"¥3,000円  再診料 ¥2,000円  初期検査料 ¥40,000円",price candidates remain ambiguous,
A,P00835,F0570,近畿,大阪府,リセリングクリニック,リセリングクリニック,リセリングクリニック,第二種,自己脂肪組織由来間葉系幹細胞を用いた変形性膝関節症治療,脂肪由来MSC,QC,1.0,https://saiseiiryo.mhlw.go.jp/published_plan/download/03E2506015/5/0,40000,不明,,,,0,9,"¥2,000円  初期検査料 ¥40,000円  組織採取料 ¥300,000円",price candidates remain ambiguous,
A,P00835,F0570,近畿,大阪府,リセリングクリニック,リセリングクリニック,リセリングクリニック,第二種,自己脂肪組織由来間葉系幹細胞を用いた変形性膝関節症治療,脂肪由来MSC,QC,1.0,https://saiseiiryo.mhlw.go.jp/published_plan/download/03E2506015/5/0,2000,不明,,,,-3,10,"¥2,400,000  上記の治療費は初診料(¥3,000円)再診料(¥2,000円))および検査料 (¥40,000円)組織採取料(¥300,000円)は含まれませんのでご注意 ください。",price candidates remain ambiguous,
A,P00835,F0570,近畿,大阪府,リセリングクリニック,リセリングクリニック,リセリングクリニック,第二種,自己脂肪組織由来間葉系幹細胞を用いた変形性膝関節症治療,脂肪由来MSC,QC,1.0,https://saiseiiryo.mhlw.go.jp/published_plan/download/03E2506015/5/0,3000,不明,,,,-3,10,"¥2,400,000  上記の治療費は初診料(¥3,000円)再診料(¥2,000円))および検査料 (¥40,000円)組織採取料(¥300,000円)は含まれませんのでご注意 ください。",price candidates remain ambiguous,
A,P00836,F0570,近畿,大阪府,リセリングクリニック,リセリングクリニック,リセリングクリニック,第二種,自己多血小板血漿（PRP）を用いた変形性膝関節症治療,PRP,QC,1.0,https://saiseiiryo.mhlw.go.jp/published_plan/download/03E2506016/5/0,5500,不明,,,,5,8,"2,200円  組織採取料(採血) 5500円 治療費(施術費・多血小板血漿(PRP)製造費を含む) 部位",price candidates remain ambiguous,
A,P00836,F0570,近畿,大阪府,リセリングクリニック,リセリングクリニック,リセリングクリニック,第二種,自己多血小板血漿（PRP）を用いた変形性膝関節症治療,PRP,QC,1.0,https://saiseiiryo.mhlw.go.jp/published_plan/download/03E2506016/5/0,5500,税別,,,,4,8," 上記の治療費は初診料(3,300円)再診料(2,200円))および検査料 (11,000円)組織採取料(5,500円)は含まれませんのでご注意ください。  消費税別途",price candidates remain ambiguous,
A,P00836,F0570,近畿,大阪府,リセリングクリニック,リセリングクリニック,リセリングクリニック,第二種,自己多血小板血漿（PRP）を用いた変形性膝関節症治療,PRP,QC,1.0,https://saiseiiryo.mhlw.go.jp/published_plan/download/03E2506016/5/0,11000,税別,,,,4,8," 上記の治療費は初診料(3,300円)再診料(2,200円))および検査料 (11,000円)組織採取料(5,500円)は含まれませんのでご注意ください。  消費税別途",price candidates remain ambiguous,
A,P00836,F0570,近畿,大阪府,リセリングクリニック,リセリングクリニック,リセリングクリニック,第二種,自己多血小板血漿（PRP）を用いた変形性膝関節症治療,PRP,QC,1.0,https://saiseiiryo.mhlw.go.jp/published_plan/download/03E2506016/5/0,3300,不明,,,,3,8,"だいております。費用については下記の通りです。  初診料 3,300円  再診料 2,200円",price candidates remain ambiguous,
A,P00836,F0570,近畿,大阪府,リセリングクリニック,リセリングクリニック,リセリングクリニック,第二種,自己多血小板血漿（PRP）を用いた変形性膝関節症治療,PRP,QC,1.0,https://saiseiiryo.mhlw.go.jp/published_plan/download/03E2506016/5/0,286000,不明,3回,,,3,8,"両膝 3回 286,000円  上記の治療費は初診料(3,300円)再診料(2,200円))および検査料",price candidates remain ambiguous,
A,P00836,F0570,近畿,大阪府,リセリングクリニック,リセリングクリニック,リセリングクリニック,第二種,自己多血小板血漿（PRP）を用いた変形性膝関節症治療,PRP,QC,1.0,https://saiseiiryo.mhlw.go.jp/published_plan/download/03E2506016/5/0,55000,不明,1回,,,1,8,"片膝 1回 55,000円 両膝 1回",price candidates remain ambiguous,
A,P00836,F0570,近畿,大阪府,リセリングクリニック,リセリングクリニック,リセリングクリニック,第二種,自己多血小板血漿（PRP）を用いた変形性膝関節症治療,PRP,QC,1.0,https://saiseiiryo.mhlw.go.jp/published_plan/download/03E2506016/5/0,110000,不明,1回,,,1,8,"両膝 1回 110,000円 片膝 2回",price candidates remain ambiguous,
A,P00836,F0570,近畿,大阪府,リセリングクリニック,リセリングクリニック,リセリングクリニック,第二種,自己多血小板血漿（PRP）を用いた変形性膝関節症治療,PRP,QC,1.0,https://saiseiiryo.mhlw.go.jp/published_plan/download/03E2506016/5/0,2200,不明,,,,0,8,"3,300円  再診料 2,200円  組織採取料(採血) 5500円",price candidates remain ambiguous,
A,P00836,F0570,近畿,大阪府,リセリングクリニック,リセリングクリニック,リセリングクリニック,第二種,自己多血小板血漿（PRP）を用いた変形性膝関節症治療,PRP,QC,1.0,https://saiseiiryo.mhlw.go.jp/published_plan/download/03E2506016/5/0,99000,不明,2回,,,0,8,"片膝 2回 99,000円 両膝 2回",price candidates remain ambiguous,
A,P00836,F0570,近畿,大阪府,リセリングクリニック,リセリングクリニック,リセリングクリニック,第二種,自己多血小板血漿（PRP）を用いた変形性膝関節症治療,PRP,QC,1.0,https://saiseiiryo.mhlw.go.jp/published_plan/download/03E2506016/5/0,198000,不明,2回,,,0,8,"両膝 2回 198,000円 両膝 3回",price candidates remain ambiguous,
A,P00836,F0570,近畿,大阪府,リセリングクリニック,リセリングクリニック,リセリングクリニック,第二種,自己多血小板血漿（PRP）を用いた変形性膝関節症治療,PRP,QC,1.0,https://saiseiiryo.mhlw.go.jp/published_plan/download/03E2506016/5/0,2200,不明,,,,-3,8,"286,000円  上記の治療費は初診料(3,300円)再診料(2,200円))および検査料 (11,000円)組織採取料(5,500円)は含まれませんのでご注意ください。 ",price candidates remain ambiguous,
A,P00836,F0570,近畿,大阪府,リセリングクリニック,リセリングクリニック,リセリングクリニック,第二種,自己多血小板血漿（PRP）を用いた変形性膝関節症治療,PRP,QC,1.0,https://saiseiiryo.mhlw.go.jp/published_plan/download/03E2506016/5/0,3300,不明,,,,-3,8,"286,000円  上記の治療費は初診料(3,300円)再診料(2,200円))および検査料 (11,000円)組織採取料(5,500円)は含まれませんのでご注意ください。 ",price candidates remain ambiguous,
A,P00837,F0571,近畿,兵庫県,ふどう整形外科クリニック,ふどう整形外科クリニック,ふどう整形外科クリニック,第二種,自己脂肪由来間葉系幹細胞の関節内投与による整形外科疾患の治療,脂肪由来MSC,QC,1.0,https://saiseiiryo.mhlw.go.jp/published_plan/download/02E2301009/5/0,1200000,税別,1 部位,,,5,9,"血液検査: 13,000 円(注:3,000 円の初診料も込みの金額です) 【施術料】 1 部位 : 1,200,000 円(税別) 2 部位 : 1,350,000 円(税別) 12. 担当医師及び相談窓口",price candidates remain ambiguous,
A,P00837,F0571,近畿,兵庫県,ふどう整形外科クリニック,ふどう整形外科クリニック,ふどう整形外科クリニック,第二種,自己脂肪由来間葉系幹細胞の関節内投与による整形外科疾患の治療,脂肪由来MSC,QC,1.0,https://saiseiiryo.mhlw.go.jp/published_plan/download/02E2301009/5/0,1350000,税別,1 部位,,,5,9,"【施術料】 1 部位 : 1,200,000 円(税別) 2 部位 : 1,350,000 円(税別) 12. 担当医師及び相談窓口 《 担当医師 》",price candidates remain ambiguous,
A,P00837,F0571,近畿,兵庫県,ふどう整形外科クリニック,ふどう整形外科クリニック,ふどう整形外科クリニック,第二種,自己脂肪由来間葉系幹細胞の関節内投与による整形外科疾患の治療,脂肪由来MSC,QC,1.0,https://saiseiiryo.mhlw.go.jp/published_plan/download/02E2301009/5/0,3000,税別,1 部位,,,-6,9,"【診察料+血液検査】 診察料 : 3,000 円(診察のみの場合) 血液検査: 13,000 円(注:3,000 円の初診料も込みの金額です) 【施術料】 1 部位 : 1,200,000 円(税別)",price candidates remain ambiguous,
A,P00837,F0571,近畿,兵庫県,ふどう整形外科クリニック,ふどう整形外科クリニック,ふどう整形外科クリニック,第二種,自己脂肪由来間葉系幹細胞の関節内投与による整形外科疾患の治療,脂肪由来MSC,QC,1.0,https://saiseiiryo.mhlw.go.jp/published_plan/download/02E2301009/5/0,13000,税別,1 部位,,,-6,9,"【診察料+血液検査】 診察料 : 3,000 円(診察のみの場合) 血液検査: 13,000 円(注:3,000 円の初診料も込みの金額です) 【施術料】 1 部位 : 1,200,000 円(税別)",price candidates remain ambiguous,
A,P00837,F0571,近畿,兵庫県,ふどう整形外科クリニック,ふどう整形外科クリニック,ふどう整形外科クリニック,第二種,自己脂肪由来間葉系幹細胞の関節内投与による整形外科疾患の治療,脂肪由来MSC,QC,1.0,https://saiseiiryo.mhlw.go.jp/published_plan/download/02E2301009/5/0,3000,不明,,,,-7,9,"示します。 【診察料+血液検査】 診察料 : 3,000 円(診察のみの場合) 血液検査: 13,000 円(注:3,000 円の初診料も込みの金額です) 【施術料】",price candidates remain ambiguous,
A,P00838,F0571,近畿,兵庫県,ふどう整形外科クリニック,ふどう整形外科クリニック,ふどう整形外科クリニック,第二種,整形外科領域における外傷性疾患又は変性疾患による慢性疼痛緩和を目的とした自己脂肪組織由来間葉系幹細胞の静脈点滴治療,脂肪由来MSC,AUTO,1.0,https://saiseiiryo.mhlw.go.jp/published_plan/download/01E2302004/5/0,1500000,税別,1回,,,7,7,"血液検査: 13,000 円(税別)(注:3,000 円の初診料も込みの金額です) 【施術料】 1回目 : 1,500,000 円(税別) 2回目以降 : 1,500,000 円(税別) 12. 担当医師及び相談窓口",line-level medium price context,
A,P00839,F0572,近畿,兵庫県,やす整形外科クリニック,やす整形外科クリニック,やす整形外科クリニック,第二種,多血小板血漿（PRP）の投与による変形性関節症治療,PRP,AUTO,1.0,https://saiseiiryo.mhlw.go.jp/published_plan/download/03E2409009/5/0,90000,税別,1 回,APS|GPS,Zimmer Biomet,8,,"品質管理された安全性の高いもの だが、アレルギー反応などの可能性 を完全には否定できない 11. 治療にかかる費用について この治療は公的保険の対象ではありませんので、当院の所定の施術料をお支払いいただきま す。 ・PRP を用いた治療(GPSIII キット使用)における施術料 90,000 円(税別) ・濃縮PRP を用いた治療(APS キット使用)における施術料 250,000 円(税別) ご不明な点は医師・スタッフにお尋ねください。なお1 回の施術あたりの費用は、患部の状 態を確認した医師の判断、PRP の遠心回数等により変更となる場合がございます。 12. その他治療についての注意事項",,
A,P00839,F0572,近畿,兵庫県,やす整形外科クリニック,やす整形外科クリニック,やす整形外科クリニック,第二種,多血小板血漿（PRP）の投与による変形性関節症治療,PRP,AUTO,1.0,https://saiseiiryo.mhlw.go.jp/published_plan/download/03E2409009/5/0,250000,税別,1 回,APS|GPS,Zimmer Biomet,8,,"11. 治療にかかる費用について この治療は公的保険の対象ではありませんので、当院の所定の施術料をお支払いいただきま す。 ・PRP を用いた治療(GPSIII キット使用)における施術料 90,000 円(税別) ・濃縮PRP を用いた治療(APS キット使用)における施術料 250,000 円(税別) ご不明な点は医師・スタッフにお尋ねください。なお1 回の施術あたりの費用は、患部の状 態を確認した医師の判断、PRP の遠心回数等により変更となる場合がございます。 12. その他治療についての注意事項 患者様の体調が良くない場合や、採取した血液の状態によっては、P",,
A,P00840,F0573,近畿,兵庫県,ゆみ美容皮膚科クリニック,ゆみ美容皮膚科クリニック,ゆみ美容皮膚科クリニック,第二種,自家脂肪組織由来幹細胞（ASC）の投与による関節治療,脂肪由来ASC,AUTO,1.0,https://saiseiiryo.mhlw.go.jp/published_plan/download/02E2410020/5/0,300000,税込,,,,8,7,"キャンセル費用のお支払いはございません。 脂肪採取〜投与8 日前まで 300,000 円(税込) 投与7 日前〜投与直前まで 500,000 円(税込)",line-level medium price context,
A,P00840,F0573,近畿,兵庫県,ゆみ美容皮膚科クリニック,ゆみ美容皮膚科クリニック,ゆみ美容皮膚科クリニック,第二種,自家脂肪組織由来幹細胞（ASC）の投与による関節治療,脂肪由来ASC,AUTO,1.0,https://saiseiiryo.mhlw.go.jp/published_plan/download/02E2410020/5/0,1529000,税込,1 部位,,,8,7,"1,309,000 円(税込) 2 関節 1,529,000 円(税込) 初回1 部位のみ投与の場合は2 回目の投与が可能です。 2回目の価格",line-level medium price context,
A,P00840,F0573,近畿,兵庫県,ゆみ美容皮膚科クリニック,ゆみ美容皮膚科クリニック,ゆみ美容皮膚科クリニック,第二種,自家脂肪組織由来幹細胞（ASC）の投与による関節治療,脂肪由来ASC,AUTO,1.0,https://saiseiiryo.mhlw.go.jp/published_plan/download/02E2410020/5/0,220000,税込,2回,,,7,7,"2回目の価格 1 関節 220,000 円(税込) 自家ASC 保管費用:製造した自家ASC は細胞培養加工施設で保管され、本治療に使用する 際に当院へ輸送されます。脂肪組織を採取してから1 年間の自家ASC の保管費用は上記施",line-level medium price context,
A,P00840,F0573,近畿,兵庫県,ゆみ美容皮膚科クリニック,ゆみ美容皮膚科クリニック,ゆみ美容皮膚科クリニック,第二種,自家脂肪組織由来幹細胞（ASC）の投与による関節治療,脂肪由来ASC,AUTO,1.0,https://saiseiiryo.mhlw.go.jp/published_plan/download/02E2410020/5/0,1309000,税込,,,,7,7,"初回価格 1 関節 1,309,000 円(税込) 2 関節 1,529,000 円(税込)",line-level medium price context,
A,P00841,F0574,近畿,兵庫県,三輪整形外科クリニック,三輪整形外科クリニック,三輪整形外科クリニック,第二種,自家多血小板血漿（PRP）を用いた慢性関節炎の治療（関節内組織）,PRP,AUTO,0.9838,https://saiseiiryo.mhlw.go.jp/published_plan/download/01E2212025/5/0,80000,税込,2 回分,,,9,,"とはできませ ん。 6 (2) 本治療にかかる費用は、以下のとおりです。なお、費用は、治療に伴う診 査、PRP 調製のための採血にかかる費用、PRP 調製費用、注入にかかる費 用の総額となります。左右両側に投与する場合は、2 回分です。 PRP 1 回(1 部位) 80,000 円(税込) 11. 試料等の保存及び廃棄の方法 患者様から採取した血液と作製したPRP は、患者様ご自身の治療のみ に使用します。ただし、症例検討や学会発表を目的として、血液やPRP の測定を行い、データを取得することがあります。 血液およびPRP は微量で全量を使用するため、保管はしません。治療 に用いない血液またはPRP",,
A,P00842,F0575,近畿,兵庫県,医療法人朋裕会 神戸ハーバーランド免疫療法クリニック,医療法人朋裕会 神戸ハーバーランド免疫療法クリニック,医療法人朋裕会 神戸ハーバーランド免疫療法クリニック,第二種,自己脂肪由来幹細胞を用いた変形性膝関節症の治療,脂肪由来幹細胞,AUTO,1.0,https://saiseiiryo.mhlw.go.jp/published_plan/download/01E2510019/5/0,1760000,税込,1回,,,7,,しております。窓口での受 付後、治療を行う医師、管理者(院長)へと報告して対応させていただきます。 窓口部署:総務部 連絡先:078-360-3340 14.費用について 細胞の提供に際して費用は発生しません。 この治療は公的保険の対象ではありませんので、当院所定の施術料として1回176万円(税込)をお支払 いいただきます。 ※症状やその他の事由により治療費は変動する場合があります。 なお、細胞の採取後や加工後に同意を撤回された場合など、同意を撤回される時点までに費用が発生し ている場合は、発生した費用については患者様にご負担いただきますのでご了承ください。 また、本治療は必ず効果が得られるものではなく、効果が得ら,,
A,P00843,F0014,近畿,兵庫県,医療法人社団S＆J しばはら整形外科スポーツ関節クリニック,医療法人社団S＆J しばはら整形外科スポーツ関節クリニック,医療法人社団S＆J しばはら整形外科スポーツ関節クリニック,第二種,自家多血小板血漿（PRP）を用いた慢性関節炎の治療（関節内組織）,PRP,QC,0.9838,https://saiseiiryo.mhlw.go.jp/published_plan/download/01E2509001/5/0,39600,税込,,ACP,Arthrex,6,8,"費用(税込み) ACP-PRP 39,600 円 Condensia 39,600 円",price candidates remain ambiguous,
A,P00843,F0014,近畿,兵庫県,医療法人社団S＆J しばはら整形外科スポーツ関節クリニック,医療法人社団S＆J しばはら整形外科スポーツ関節クリニック,医療法人社団S＆J しばはら整形外科スポーツ関節クリニック,第二種,自家多血小板血漿（PRP）を用いた慢性関節炎の治療（関節内組織）,PRP,QC,0.9838,https://saiseiiryo.mhlw.go.jp/published_plan/download/01E2509001/5/0,39600,不明,,GPS,Zimmer Biomet,2,8,"39,600 円 Condensia 39,600 円 GPSIII 110,000 円",price candidates remain ambiguous,
A,P00843,F0014,近畿,兵庫県,医療法人社団S＆J しばはら整形外科スポーツ関節クリニック,医療法人社団S＆J しばはら整形外科スポーツ関節クリニック,医療法人社団S＆J しばはら整形外科スポーツ関節クリニック,第二種,自家多血小板血漿（PRP）を用いた慢性関節炎の治療（関節内組織）,PRP,QC,0.9838,https://saiseiiryo.mhlw.go.jp/published_plan/download/01E2509001/5/0,110000,不明,,ACP MAX|ACP|GPS,Arthrex|Zimmer Biomet,2,8,"39,600 円 GPSIII 110,000 円 HD-PRP(ACP MAX 使用) 149,600 円",price candidates remain ambiguous,
A,P00843,F0014,近畿,兵庫県,医療法人社団S＆J しばはら整形外科スポーツ関節クリニック,医療法人社団S＆J しばはら整形外科スポーツ関節クリニック,医療法人社団S＆J しばはら整形外科スポーツ関節クリニック,第二種,自家多血小板血漿（PRP）を用いた慢性関節炎の治療（関節内組織）,PRP,QC,0.9838,https://saiseiiryo.mhlw.go.jp/published_plan/download/01E2509001/5/0,149600,不明,,ACP MAX|ACP|Angel,Arthrex,2,8,"110,000 円 HD-PRP(ACP MAX 使用) 149,600 円 HD-PRP(Angel 使用) 330,000 円",price candidates remain ambiguous,
A,P00843,F0014,近畿,兵庫県,医療法人社団S＆J しばはら整形外科スポーツ関節クリニック,医療法人社団S＆J しばはら整形外科スポーツ関節クリニック,医療法人社団S＆J しばはら整形外科スポーツ関節クリニック,第二種,自家多血小板血漿（PRP）を用いた慢性関節炎の治療（関節内組織）,PRP,QC,0.9838,https://saiseiiryo.mhlw.go.jp/published_plan/download/01E2509001/5/0,330000,不明,,APS|Angel,Zimmer Biomet|Arthrex,2,8,"149,600 円 HD-PRP(Angel 使用) 330,000 円 APS 330,000 円",price candidates remain ambiguous,
A,P00844,F0576,近畿,兵庫県,医療法人社団 中神クリニック,医療法人社団 中神クリニック,医療法人社団 中神クリニック,第二種,多血小板血漿（PRP）による変形性膝関節症治療,PRP,QC,1.0,https://saiseiiryo.mhlw.go.jp/published_plan/download/03E2305041/5/0,,,,,,,,,no price found after text/OCR pass,RuntimeError: Tesseract process timeout
A,P00845,F0577,近畿,兵庫県,医療法人社団慶愛会 森口整形外科,医療法人社団慶愛会 森口整形外科,医療法人社団慶愛会 森口整形外科,第二種,多血小板血漿抽出液による関節症治療,PRP/APS,AUTO,1.0,https://saiseiiryo.mhlw.go.jp/published_plan/download/01E1909024/5/0,300000,不明,,APS|GPS|Zimmer,Zimmer Biomet,7,,"者(院長)へと報告して対応させていただきます。 窓口部署:医療事務 連絡先:072-775-3388 12.費用について この治療は公的保険の対象ではありませんので、当院所定の施術料をお支払いいただきます。 ・ZIMMER BIOMET 製 GPS®IIIシステム、APSキット使用 300,000円 (APSキットを使用してさらに抽出を行い純度を高めて使用する場合) ※患者様の症状、その他の事情等により治療費が変動する場合があります。 なお、細胞の採取後や加工後に同意を撤回された場合など、同意を撤回される時点までに費用が発生し ている場合は、発生した費用については患者様にご負担いただきますのでご了承ください。 13.他",,
A,P00846,F0578,近畿,兵庫県,医療法人社団活寿会 神戸ひざ関節症クリニック,医療法人社団活寿会 神戸ひざ関節症クリニック,医療法人社団活寿会 神戸ひざ関節症クリニック,第二種,自家脂肪組織由来幹細胞（ASC）の投与による関節治療,脂肪由来ASC,AUTO,1.0,https://saiseiiryo.mhlw.go.jp/published_plan/download/02E2606001/5/0,1287000,税込,,,,16,6,"この治療は公的保険の対象ではありませんので、当クリニックの所定の施術料をお支払いい ただきます。 治療費用: 投与部位 1 関節 1,287,000 円(税込) 2関節 1,749,000 円(税込) 治療にかかる費用につきましては、自家 ASC を投与する関節部位による違いはございませ",line-level strong price context,
A,P00846,F0578,近畿,兵庫県,医療法人社団活寿会 神戸ひざ関節症クリニック,医療法人社団活寿会 神戸ひざ関節症クリニック,医療法人社団活寿会 神戸ひざ関節症クリニック,第二種,自家脂肪組織由来幹細胞（ASC）の投与による関節治療,脂肪由来ASC,AUTO,1.0,https://saiseiiryo.mhlw.go.jp/published_plan/download/02E2606001/5/0,1749000,税込,,,,11,6,"ただきます。 治療費用: 投与部位 1 関節 1,287,000 円(税込) 2関節 1,749,000 円(税込) 治療にかかる費用につきましては、自家 ASC を投与する関節部位による違いはございませ ん。 製造した自家 ASC は細胞培養加工施設で一時保管され、本治療に使用する際に当クリ",line-level strong price context,
A,P00847,F0579,近畿,兵庫県,医療法人社団甲南回生 松本クリニック,医療法人社団甲南回生 松本クリニック,医療法人社団甲南回生 松本クリニック,第二種,変形性関節症に対する自己脂肪由来幹細胞を用いた治療,脂肪由来幹細胞,QC,1.0,https://saiseiiryo.mhlw.go.jp/published_plan/download/02E2410005/5/0,,,,,,,,,no price found after text/OCR pass,RuntimeError: Tesseract process timeout
A,P00848,F0579,近畿,兵庫県,医療法人社団甲南回生 松本クリニック,医療法人社団甲南回生 松本クリニック,医療法人社団甲南回生 松本クリニック,第二種,自家培養脂肪由来幹細胞を用いた整形外科疾患に対する関節内治療,脂肪由来幹細胞,QC,1.0,https://saiseiiryo.mhlw.go.jp/published_plan/download/03E2410006/5/0,,,,,,,,,no price found after text/OCR pass,Document fetched but no price candidate
A,P00850,F0581,近畿,兵庫県,医療法人雅 武富整形外科,医療法人雅 武富整形外科,医療法人雅 武富整形外科,第二種,変形性関節症に対する多血小板血漿（PRP）関節内投与療法,PRP,AUTO,1.0,https://saiseiiryo.mhlw.go.jp/published_plan/download/01E2308015/5/0,100000,税込,,,,8,3,"14.費用について 細胞の提供に際して費用は発生しません。 治療の提供に際しては、本治療は公的保険の対象ではありませんので、当院所定の施術料として100,000円 (税込)をお支払いいただきます。 ※患者様の症状、その他の事情等により治療費が変動する場合があります。",line-level medium price context,
A,P00851,F0582,近畿,兵庫県,増本整形外科クリニック,増本整形外科クリニック,増本整形外科クリニック,第二種,変形性関節症に対する多血小板血漿（PRP）関節内投与療法,PRP,AUTO,1.0,https://saiseiiryo.mhlw.go.jp/published_plan/download/01E2605010/5/0,110000,税込,,APS,Zimmer Biomet,8,,"00~12:00、16:00~19:00 営業時間外の連絡先:080-5330-2037 14.費用について 細胞の提供に際して費用は発生しません。 治療の提供に際しては、本治療は公的保険の対象ではありませんので、当院所定の施術料として以下の金額 をお支払いいただきます。 PRP:110,000円(税込) APS:330,000円(税込) ※患者様の症状、その他の事情等により治療費が変動する場合があります。 なお、細胞の加工開始後に同意を撤回された場合、同意を撤回される時点でキット代が費用として発生している ため、全額を患者様にご負担いただきますのでご了承ください。 15.他の治療法の有無、本治療法との比較について",,
A,P00851,F0582,近畿,兵庫県,増本整形外科クリニック,増本整形外科クリニック,増本整形外科クリニック,第二種,変形性関節症に対する多血小板血漿（PRP）関節内投与療法,PRP,AUTO,1.0,https://saiseiiryo.mhlw.go.jp/published_plan/download/01E2605010/5/0,330000,税込,,APS,Zimmer Biomet,8,,"00 営業時間外の連絡先:080-5330-2037 14.費用について 細胞の提供に際して費用は発生しません。 治療の提供に際しては、本治療は公的保険の対象ではありませんので、当院所定の施術料として以下の金額 をお支払いいただきます。 PRP:110,000円(税込) APS:330,000円(税込) ※患者様の症状、その他の事情等により治療費が変動する場合があります。 なお、細胞の加工開始後に同意を撤回された場合、同意を撤回される時点でキット代が費用として発生している ため、全額を患者様にご負担いただきますのでご了承ください。 15.他の治療法の有無、本治療法との比較について 変形性関節症をはじめとする関節痛",,
A,P00852,F0583,近畿,兵庫県,木本整形外科クリニック,木本整形外科クリニック,木本整形外科クリニック,第二種,変形性関節症を対象とした自家多血小板血漿（PRP）注入療法,PRP,AUTO,1.0,https://saiseiiryo.mhlw.go.jp/published_plan/download/01E2511019/5/0,44000,税込,1 回,,,9,,"る費用について この治療は、健康保険が適用されない自由診療です。そのため、患者様の費用負担が 他の治療よりも高額になることがあります。当院において実施される本治療および本治 療に必要な検査などの費用は全額自己負担となります。 血液分離専用容器キットによる提供価格: PRP 治療:1 回44,000 円(税込) ※患者様の症状によっては、治療を数回行うことがあります。治療前、または治療後の 状態から担当医師が判断し、患者様にお伝えしご相談させて頂きます。 ※治療内容・回数により1回あたりの費用が減額される場合がございます。施術する前 に詳細な説明をいたしますので、ご納得いただいた上で施術をお受けいただけますよ うお願い申し上げま",,
A,P00852,F0583,近畿,兵庫県,木本整形外科クリニック,木本整形外科クリニック,木本整形外科クリニック,第二種,変形性関節症を対象とした自家多血小板血漿（PRP）注入療法,PRP,AUTO,1.0,https://saiseiiryo.mhlw.go.jp/published_plan/download/01E2511019/5/0,5500,税込,,,,-7,,"受けた後に同意されない場合でも、一切不利益を受けることはありません。 また同様に、治療を受けることに同意した場合であっても、投与までの間でしたらい つでも取りやめることができます。その場合、その後の治療について一切不利益は受け ません。(ただし下記のキャンセル料は申し受けます) 採血後~加工前 5,500 円(税込) 加工後~投与前 全額 もしこの治療を受けることに同意しない場合も、最適と考えられる治療を実施できる ように患者様の治療に最善を尽くします。 ただし、治療を行った後は、健康管理のために必要に応じて適切な検査を受けていた だき、医学的に問題がないかを確認させていただきます。 11. 試料等の保管及び廃棄の方法について",,
A,P00853,F0584,近畿,兵庫県,神戸大学医学部附属病院国際がん医療・研究センター,神戸大学医学部附属病院国際がん医療・研究センター,神戸大学医学部附属病院国際がん医療・研究センター,第二種,自家滑膜幹細胞注射による変形性膝関節症治療,滑膜幹細胞,AUTO,1.0,https://saiseiiryo.mhlw.go.jp/published_plan/download/03E2510001/5/0,2200000,税込,,,,8,,"安定している。 アレルギーの 可能性 自家移植のため可能性は低い。 自己組織由来ではないので、可能性 を否定できない。 11. 治療にかかる費用について 本治療は自費診療であり、公的保険の対象ではありませんので、当院の所定の施術料をお支払いいただ きます。 治療費用(片膝) 2,200,000 円(税込)  治療に伴う診察、自己血清のための採血、滑膜採取、滑膜幹細胞注射、注射後1 か月時の診 察が含まれています。  注射前検査の採血費用は含まれておりませんので別途費用がかかります。  注射3 か月後、6 か月後の診察は含まれておりませんので別途費用がかかります。  「中止基準(2)細胞の培養等が計画通りに実施できな",,
A,P00854,F0585,近畿,兵庫県,芦屋整形外科スポーツクリニック,芦屋整形外科スポーツクリニック,芦屋整形外科スポーツクリニック,第二種,自家多血小板血漿（PRP）を用いた慢性関節炎の治療（関節内組織）,PRP,AUTO,0.9838,https://saiseiiryo.mhlw.go.jp/published_plan/download/01E2101016/5/0,40000,税別,2 回分,,,9,,(2) 本治療にかかる費用は、以下のとおりです。なお、費用は、治療に伴う診査、 自家PRP 調製のための採血にかかる費用、自家PRP 調製費用、注入にかか る費用の総額となります。左右両側に投与する場合は、2 回分です。 *消費税別 PRP 療法1回 1 部位の場合 (15ml 採血) 4 万円 (55ml 採血)29 万円 11. 試料等の保存及び廃棄の方法 患者様から採取した血液と作製したPRP は、患者様ご自身の治療のみに 使用します。ただし、症例検討や学会発表を目的として、血液やPRP の測 定を行い、データを取得することがあります。 血液およびPRP は微量で全量を使用するため、保管はしません,,
A,P00854,F0585,近畿,兵庫県,芦屋整形外科スポーツクリニック,芦屋整形外科スポーツクリニック,芦屋整形外科スポーツクリニック,第二種,自家多血小板血漿（PRP）を用いた慢性関節炎の治療（関節内組織）,PRP,AUTO,0.9838,https://saiseiiryo.mhlw.go.jp/published_plan/download/01E2101016/5/0,290000,税別,2 回分,,,9,,用は、以下のとおりです。なお、費用は、治療に伴う診査、 自家PRP 調製のための採血にかかる費用、自家PRP 調製費用、注入にかか る費用の総額となります。左右両側に投与する場合は、2 回分です。 *消費税別 PRP 療法1回 1 部位の場合 (15ml 採血) 4 万円 (55ml 採血)29 万円 11. 試料等の保存及び廃棄の方法 患者様から採取した血液と作製したPRP は、患者様ご自身の治療のみに 使用します。ただし、症例検討や学会発表を目的として、血液やPRP の測 定を行い、データを取得することがあります。 血液およびPRP は微量で全量を使用するため、保管はしません。治療に 用いない血液またはPRP,,
A,P00855,F0586,近畿,大阪府,医療法人いずみ会 阪堺病院,医療法人いずみ会 阪堺病院,医療法人いずみ会 阪堺病院,第二種,多血小板血漿（PRP）を用いた関節疾患及びスポーツ障害に関する治療,PRP,QC,0.994,https://saiseiiryo.mhlw.go.jp/published_plan/download/03E2305033/5/0,,,,,,,,,no price found after text/OCR pass,RuntimeError: Tesseract process timeout
A,P00856,F0587,近畿,大阪府,医療法人じんないクリニック,医療法人じんないクリニック,医療法人じんないクリニック,第二種,自己多血小板血漿（PRP）療法（治療対象：関節炎・変形性関節症）,PRP,AUTO,1.0,https://saiseiiryo.mhlw.go.jp/published_plan/download/01E2604019/5/0,200000,税込,1回,,,9,19,"凍結PRPを用いた治療(1回目) 200,000円(税込) 凍結PRPを用いた治療(2回目) 100,000円(税込) 凍結PRPを用いた治療(3回目) 50,000円(税込)",line-level strong price context,
A,P00857,F0122,近畿,大阪府,社会医療法人愛仁会 高槻病院,社会医療法人愛仁会 高槻病院,社会医療法人愛仁会 高槻病院,第二種,変形性関節症、四肢スポーツ障害、偽関節・遷延治癒骨折等に対する脂肪組織由来再生幹細胞（ADRCs）による治療,ADRC,AUTO,0.9091,https://saiseiiryo.mhlw.go.jp/published_plan/download/02E2509002/5/0,2000000,税別,,,,14,11,この治療は自由診療(自費診療)のため、以下のように、通常の保険診療とは異な る費用の考え方となります。  費用は関節1 か所の場合200 万円(税別)、2 か所の場合300 万円(税別) です。  上記費用には、下記のものが含まれます。,rescue strong price context,
A,P00857,F0122,近畿,大阪府,社会医療法人愛仁会 高槻病院,社会医療法人愛仁会 高槻病院,社会医療法人愛仁会 高槻病院,第二種,変形性関節症、四肢スポーツ障害、偽関節・遷延治癒骨折等に対する脂肪組織由来再生幹細胞（ADRCs）による治療,ADRC,AUTO,0.9091,https://saiseiiryo.mhlw.go.jp/published_plan/download/02E2509002/5/0,3000000,税別,,,,14,11,この治療は自由診療(自費診療)のため、以下のように、通常の保険診療とは異な る費用の考え方となります。  費用は関節1 か所の場合200 万円(税別)、2 か所の場合300 万円(税別) です。  上記費用には、下記のものが含まれます。,rescue strong price context,
A,P00858,F0588,近畿,大阪府,医療法人美喜有会 リペアセルクリニック,医療法人美喜有会 リペアセルクリニック,医療法人美喜有会 リペアセルクリニック,第二種,自己脂肪由来幹細胞を用いた変形性関節症の治療,脂肪由来幹細胞,AUTO,1.0,https://saiseiiryo.mhlw.go.jp/published_plan/download/02E2603026/5/0,1320000,税込,1回,,,9,,"管理 者(院長)へと報告し対応します。 再生医療事務局 電話番号:06-6451-3030 13.費用について 本治療は保険適用外であるため、治療にかかる費用全額をお支払い いただきます。その他、本治療を受けるために必要となった旅費、 交通費などの全ての費用も同様です。 本治療にかかる費用は1回 1,320,000円(税込)です。 同意を撤回された場合など、同意を撤回される時点までに発生した 費用(治療費等)については、ご負担いただきますのでご了承くだ さい。 14.他の治療法の有無、本治療法との比較について 変形性関節症の治療法には保存療法と手術療法の2つの方法があり ます。薬物投与、装具装着、リハビリテーションなどの保存療法で 効果がない場合は、",,
A,P00859,F0589,近畿,兵庫県,医療法人社団 髙倉整形外科クリニック,医療法人社団 髙倉整形外科クリニック,医療法人社団 髙倉整形外科クリニック,第二種,変形性関節症に対する多血小板血漿（PRP）関節内投与療法,PRP,AUTO,1.0,https://saiseiiryo.mhlw.go.jp/published_plan/download/01E2407005/5/0,110000,不明,,APS|GPS|Angel,Zimmer Biomet|Arthrex,7,,"きます。 窓口部署:看護部 連絡先:078-851-1053 14.費用について 細胞の提供に際して費用は発生しません。 治療の提供に際しては、本治療は公的保険の対象ではありませんので、当院所定の施術料とし て以下の金額をお支払いいただきます。 1Condensiaシステム:110,000 円 2Angel cPRP システム:165,000 円 5GPSIIIシステム及びAPSキット:330,000 円 ※患者様の症状等により治療費が変動する場合があります。 なお、細胞の採取後や加工後に同意を撤回された場合など、同意を撤回される時点までに費用 が発生している場合は、発生した費用については患者様にご負担いただきま",,
A,P00859,F0589,近畿,兵庫県,医療法人社団 髙倉整形外科クリニック,医療法人社団 髙倉整形外科クリニック,医療法人社団 髙倉整形外科クリニック,第二種,変形性関節症に対する多血小板血漿（PRP）関節内投与療法,PRP,AUTO,1.0,https://saiseiiryo.mhlw.go.jp/published_plan/download/01E2407005/5/0,165000,不明,,APS|GPS|Angel,Zimmer Biomet|Arthrex,7,,"1-1053 14.費用について 細胞の提供に際して費用は発生しません。 治療の提供に際しては、本治療は公的保険の対象ではありませんので、当院所定の施術料とし て以下の金額をお支払いいただきます。 1Condensiaシステム:110,000 円 2Angel cPRP システム:165,000 円 5GPSIIIシステム及びAPSキット:330,000 円 ※患者様の症状等により治療費が変動する場合があります。 なお、細胞の採取後や加工後に同意を撤回された場合など、同意を撤回される時点までに費用 が発生している場合は、発生した費用については患者様にご負担いただきますのでご了承くださ い。 15.他の治療法の有無、",,
A,P00859,F0589,近畿,兵庫県,医療法人社団 髙倉整形外科クリニック,医療法人社団 髙倉整形外科クリニック,医療法人社団 髙倉整形外科クリニック,第二種,変形性関節症に対する多血小板血漿（PRP）関節内投与療法,PRP,AUTO,1.0,https://saiseiiryo.mhlw.go.jp/published_plan/download/01E2407005/5/0,330000,不明,,APS|GPS|Angel,Zimmer Biomet|Arthrex,7,,"用は発生しません。 治療の提供に際しては、本治療は公的保険の対象ではありませんので、当院所定の施術料とし て以下の金額をお支払いいただきます。 1Condensiaシステム:110,000 円 2Angel cPRP システム:165,000 円 5GPSIIIシステム及びAPSキット:330,000 円 ※患者様の症状等により治療費が変動する場合があります。 なお、細胞の採取後や加工後に同意を撤回された場合など、同意を撤回される時点までに費用 が発生している場合は、発生した費用については患者様にご負担いただきますのでご了承くださ い。 15.他の治療法の有無、本治療法との比較について 変形性関節症をはじめとする関節痛の",,
A,P00860,F0590,近畿,兵庫県,医療法人社団さいとう整形外科,医療法人社団さいとう整形外科,医療法人社団さいとう整形外科,第二種,変形性関節症に対する多血小板血漿（PRP）関節内投与療法,PRP,AUTO,1.0,https://saiseiiryo.mhlw.go.jp/published_plan/download/01E2312018/5/0,30000,税込,,ACP|TriCeLL|MyCells,Arthrex|TriCeLL系|MyCells系,9,4,"治療の提供に際しては、本治療は公的保険の対象ではありませんので、当院所定の施術料として以下の 金額をお支払いいただきます(全て税込)。 1Mycells PRP キット:1単位(血液11ml) 30,000円、2単位(血液22ml) 40,000円 2ACPダブルシリンジシステム:60,000円 3TriCeLL PRP 分離・濃縮キット:70,000円",line-level strong price context,
A,P00860,F0590,近畿,兵庫県,医療法人社団さいとう整形外科,医療法人社団さいとう整形外科,医療法人社団さいとう整形外科,第二種,変形性関節症に対する多血小板血漿（PRP）関節内投与療法,PRP,AUTO,1.0,https://saiseiiryo.mhlw.go.jp/published_plan/download/01E2312018/5/0,40000,税込,,ACP|TriCeLL|MyCells,Arthrex|TriCeLL系|MyCells系,9,4,"治療の提供に際しては、本治療は公的保険の対象ではありませんので、当院所定の施術料として以下の 金額をお支払いいただきます(全て税込)。 1Mycells PRP キット:1単位(血液11ml) 30,000円、2単位(血液22ml) 40,000円 2ACPダブルシリンジシステム:60,000円 3TriCeLL PRP 分離・濃縮キット:70,000円",line-level strong price context,
A,P00861,F0342,近畿,滋賀県,医療法人翠蓮会 とがの整形外科クリニック,医療法人翠蓮会 とがの整形外科クリニック,医療法人翠蓮会 とがの整形外科クリニック,第三種,自家多血小板血漿（PRP）を用いた筋肉、腱、靭帯、筋膜の損傷及び慢性炎症の治療（関節外の軟部組織）,PRP,AUTO,1.0,https://saiseiiryo.mhlw.go.jp/published_plan/download/01E2412027/5/0,38500,税込,2 回分,,,9,,"り、健康保険を使用することはできません。 (2) 本治療にかかる費用は、以下のとおりです。なお、費用は、治療に伴う診査、 PRP 作製のための採血にかかる費用、PRP 作製費用、注入にかかる費用の 総額となります。左右両側に投与する場合は、2 回分です。 PRP 療法1回(1 部位) 38,500 円(消費税込) 11. 試料等の保存及び廃棄の方法 患者様から採取した血液と作製したPRP は、患者様ご自身の治療のみに 使用します。ただし、症例検討や学会発表を目的として、血液やPRP の測 定を行い、データを取得することがあります。 血液およびPRP は微量で全量を使用するため、保管はしません。治療に 用いない血",,
A,P00862,F0586,近畿,大阪府,医療法人いずみ会 阪堺病院,医療法人いずみ会 阪堺病院,医療法人いずみ会 阪堺病院,第三種,多血小板血漿（PRP）を用いた整形外科疾患に対する治療,PRP,AUTO,0.9718,https://saiseiiryo.mhlw.go.jp/published_plan/download/03E2105004/5/0,90000,税別,1回,,,11,1,"治療にかかる費用は下記の通りとなります。 ご不明な点は医師・スタッフにお尋 ねください。 部位を問わず税抜き価格 1回 90,000 円 医療法人いずみ会 阪堺病院 住所 〒590-0974 大阪府堺市堺区大浜北町1丁8-8",line-level strong price context,
A,P00863,F0555,近畿,大阪府,医療法人健裕会 よこい整形外科 健康スポーツクリニック,医療法人健裕会 よこい整形外科 健康スポーツクリニック,医療法人健裕会 よこい整形外科 健康スポーツクリニック,第三種,多血小板血漿を用いた整形外科領域（関節腔内への投与を除く）の治療,PRP,QC,1.0,https://saiseiiryo.mhlw.go.jp/published_plan/download/01E2308014/5/0,55000,税込,,,,5,3,"治療の提供に際しては、本治療は公的保険の対象ではありませんので、当院所定の施術料として以下の金額 をお支払いいただきます。 Condensiaシステム:55,000円(税込) ※患者様の症状、その他の事情等により治療費が変動する場合があります。 なお、細胞の採取後や加工後に同意を撤回された場合など、同意を撤回される時点までに費用が発生している",price candidates remain ambiguous,
A,P00864,F0591,近畿,大阪府,医療法人良花会 整形外科とくはらクリニック,医療法人良花会 整形外科とくはらクリニック,医療法人良花会 整形外科とくはらクリニック,第三種,自家多血小板血漿（PRP）を用いた関節機能治療（関節腔外に限る）,PRP,AUTO,0.9838,https://saiseiiryo.mhlw.go.jp/published_plan/download/01E2004009/5/0,30000,税別,1回,,,9,,"は、すべて自費診療であり、健康保険を使用することはできません。 (2) 本治療にかかる費用は、以下のとおりです。なお、費用は、治療に伴う診査、 自家PRP 調製のための採血にかかる費用、自家PRP 調製費用、注入にかかる 費用の総額となります。 15mL 採血するキットを使用する場合 1回 3 万円 消費税別 55mL 採血するキットを使用する場合 1回 8 万円 消費税別 11. 試料等の保存及び廃棄の方法 この治療にて採取した血液は、患者様ご自身の治療のみに使用します。 ただし,症例検討や学会発表を目的として,患者様より採取した血液及び 調整した細胞加工物(自家PRP)の測定を行い,データを取得することが ありま",,
A,P00864,F0591,近畿,大阪府,医療法人良花会 整形外科とくはらクリニック,医療法人良花会 整形外科とくはらクリニック,医療法人良花会 整形外科とくはらクリニック,第三種,自家多血小板血漿（PRP）を用いた関節機能治療（関節腔外に限る）,PRP,AUTO,0.9838,https://saiseiiryo.mhlw.go.jp/published_plan/download/01E2004009/5/0,80000,税別,1回,,,9,,"2) 本治療にかかる費用は、以下のとおりです。なお、費用は、治療に伴う診査、 自家PRP 調製のための採血にかかる費用、自家PRP 調製費用、注入にかかる 費用の総額となります。 15mL 採血するキットを使用する場合 1回 3 万円 消費税別 55mL 採血するキットを使用する場合 1回 8 万円 消費税別 11. 試料等の保存及び廃棄の方法 この治療にて採取した血液は、患者様ご自身の治療のみに使用します。 ただし,症例検討や学会発表を目的として,患者様より採取した血液及び 調整した細胞加工物(自家PRP)の測定を行い,データを取得することが あります。 採血した血液の状態により治療に用いなかった血液が発生した場合",,
A,P00865,F0123,近畿,大阪府,医療法人荒巻会 あらまき整形外科クリニック,医療法人荒巻会 あらまき整形外科クリニック,医療法人荒巻会 あらまき整形外科クリニック,第三種,多血小板血漿（PRP）を用いた腱板、筋、腱および周辺組織の再生医療,PRP,AUTO,1.0,https://saiseiiryo.mhlw.go.jp/published_plan/download/01E2308005/5/0,55000,不明,,GPS,Zimmer Biomet,7,,"をつくるきき機器は突然のこしょう故障により、ちりょ う治療の日や時間を変更することがあります。 ひよう費用に関する情報 あらまきせいけいげか整形外科クリニックには、2種類のPRP法が あります。あなたやあなたのご家族と相談しながら、もっとも良い 方法を選びます。 名称 費用 特徴 1 PRPキット 55,000円 皮膚などの治療にもよく使われており、安全性が高い方法です。 2 GPS法 66,000円 ひざでよく使われています。清潔にかんたん簡単に作ることができ るという特徴があります。 ちりょう治療をやめることについて このちりょう治療を受けることも、やめることもあなたが決めるこ とができます。 ちりょう治療を受けることを決めた場合、ほご保護",,
A,P00865,F0123,近畿,大阪府,医療法人荒巻会 あらまき整形外科クリニック,医療法人荒巻会 あらまき整形外科クリニック,医療法人荒巻会 あらまき整形外科クリニック,第三種,多血小板血漿（PRP）を用いた腱板、筋、腱および周辺組織の再生医療,PRP,AUTO,1.0,https://saiseiiryo.mhlw.go.jp/published_plan/download/01E2308005/5/0,66000,不明,,GPS,Zimmer Biomet,7,,"。 ひよう費用に関する情報 あらまきせいけいげか整形外科クリニックには、2種類のPRP法が あります。あなたやあなたのご家族と相談しながら、もっとも良い 方法を選びます。 名称 費用 特徴 1 PRPキット 55,000円 皮膚などの治療にもよく使われており、安全性が高い方法です。 2 GPS法 66,000円 ひざでよく使われています。清潔にかんたん簡単に作ることができ るという特徴があります。 ちりょう治療をやめることについて このちりょう治療を受けることも、やめることもあなたが決めるこ とができます。 ちりょう治療を受けることを決めた場合、ほご保護者の方にしょめ い署名をお願いします(やめる場合は、いりません)。 せつめい説明を受けた後に",,
A,P00866,F0117,近畿,大阪府,社会医療法人ONE FLAG おおさかグローバル整形外科病院,社会医療法人ONE FLAG おおさかグローバル整形外科病院,社会医療法人ONE FLAG おおさかグローバル整形外科病院,第三種,自己多血小板血漿（PRP）を用いた整形外科領域における軟部組織治療,PRP,AUTO,0.994,https://saiseiiryo.mhlw.go.jp/published_plan/download/03E2502009/5/0,35000,税別,,ACP|GPS|Zimmer|Arthrex,Arthrex|Zimmer Biomet,8,,"この治療は公的保険の対象ではありませんので、当院所定の施術料をお支払いいただきま す。 ・治療費:ZIMMER BIOMET 社製 GPS®IIIシステム使用 100,000 円(税抜) Arthrex 社製 ACP ダブルシリンジ 35,000 円(税抜) 症状などにより治療費は変動する可能性がございます。 詳細やご不明な点は医師またはスタッフにお尋ね下さい。 5 施術後、患者様の個人的な事情及び金銭等に関する問題に関しては一切の責を負いかねます のでご了承ください。 本治療の実施体制",,
A,P00866,F0117,近畿,大阪府,社会医療法人ONE FLAG おおさかグローバル整形外科病院,社会医療法人ONE FLAG おおさかグローバル整形外科病院,社会医療法人ONE FLAG おおさかグローバル整形外科病院,第三種,自己多血小板血漿（PRP）を用いた整形外科領域における軟部組織治療,PRP,AUTO,0.994,https://saiseiiryo.mhlw.go.jp/published_plan/download/03E2502009/5/0,100000,税別,,ACP|GPS|Zimmer|Arthrex,Arthrex|Zimmer Biomet,8,,"定できる内容が使われることはありません。 治療にかかる費用について この治療は公的保険の対象ではありませんので、当院所定の施術料をお支払いいただきま す。 ・治療費:ZIMMER BIOMET 社製 GPS®IIIシステム使用 100,000 円(税抜) Arthrex 社製 ACP ダブルシリンジ 35,000 円(税抜) 症状などにより治療費は変動する可能性がございます。 詳細やご不明な点は医師またはスタッフにお尋ね下さい。 5 施術後、患者様の個人的な事情及び金銭等に関する問題に関しては一切の責を負いかねます のでご了承ください。 本",,
A,P00867,F0120,近畿,大阪府,社会医療法人報恩会 長吉総合病院,社会医療法人報恩会 長吉総合病院,社会医療法人報恩会 長吉総合病院,第三種,自家多血小板血漿（PRP）を用いた筋肉、腱、靭帯、筋膜の損傷及び慢性炎症の治療（関節外の軟部組織）,PRP,AUTO,1.0,https://saiseiiryo.mhlw.go.jp/published_plan/download/03E2603011/5/0,33000,税込,2 回分,,,9,,"用することはできませ ん。 (2) 本治療にかかる費用は、以下のとおりです。なお、費用は、治療に伴う診 査、PRP 作製のための採血にかかる費用、PRP 作製費用、注入にかかる費 用の総額となります。左右両側に投与する場合は、2 回分です。 PRP 1 回(1 部位) 33,000 円(税込) 11. 試料等の保存及び廃棄の方法 患者様から採取した血液と作製したPRP は、患者様ご自身の治療のみ に使用します。ただし、症例検討や学会発表を目的として、血液やPRP の測定を行い、データを取得することがあります。 血液およびPRP は微量で全量を使用するため、保管はしません。治療 に用いない血液またはPRP",,
A,P00868,F0592,近畿,大阪府,社会医療法人 大阪国際メディカル＆サイエンスセンター 第二大阪警察病院,社会医療法人 大阪国際メディカル＆サイエンスセンター 第二大阪警察病院,社会医療法人 大阪国際メディカル＆サイエンスセンター 第二大阪警察病院,第三種,自己多血小板血漿（PRP）を用いた運動器組織再生療法（主に靱帯、腱付着部炎、筋・腱損傷）,PRP,AUTO,1.0,https://saiseiiryo.mhlw.go.jp/published_plan/download/03E2409027/5/0,33000,税込,,,,8,,"あり、健康保険を使用する ことはできません。 (2) 「自家多血小板血漿(自家PRP)注入による靱帯・腱付着部炎、筋・腱 損傷に対する治療」は、治療に伴う診察、自家PRP調製のための採血 にかかる費用、自家PRP調製費用、注射費用の総額となります。 (3) 自家PRPを用いた治療における施術料:33,000円(税込) (4) 治療終了後も定期的な受診が必要です。(自費診療) ※製造した自家PRPが規格を満たさない場合や、製造途中で発生した 問題により製造が完了しなかった場合など、採血を行ったにもかかわ らず自家PRP注入ができない場合、費用は発生いたしません。 ※治療にかかる費用についてご不明な点は医師・スタッフにお尋ねく ださい。",,
A,P00869,F0593,近畿,大阪府,社会医療法人 大阪国際メディカル＆サイエンスセンター 大阪警察病院,社会医療法人 大阪国際メディカル＆サイエンスセンター 大阪警察病院,社会医療法人 大阪国際メディカル＆サイエンスセンター 大阪警察病院,第三種,自己多血小板血漿（PRP）を用いた運動器組織再生療法（主に靱帯・腱付着部炎、筋・腱・靱帯損傷）,PRP,AUTO,1.0,https://saiseiiryo.mhlw.go.jp/published_plan/download/01E2506026/5/0,33000,税込,,,,7,14,"注射費用の総額となります。 PRPを用いた治療における施術料: 33,000円(税込・10mL採血の場 合) 44,000円(税込・20mL採血 の場合)",line-level medium price context,
A,P00869,F0593,近畿,大阪府,社会医療法人 大阪国際メディカル＆サイエンスセンター 大阪警察病院,社会医療法人 大阪国際メディカル＆サイエンスセンター 大阪警察病院,社会医療法人 大阪国際メディカル＆サイエンスセンター 大阪警察病院,第三種,自己多血小板血漿（PRP）を用いた運動器組織再生療法（主に靱帯・腱付着部炎、筋・腱・靱帯損傷）,PRP,AUTO,1.0,https://saiseiiryo.mhlw.go.jp/published_plan/download/01E2506026/5/0,44000,税込,,,,7,14,"PRPを用いた治療における施術料: 33,000円(税込・10mL採血の場 合) 44,000円(税込・20mL採血 の場合) 治療終了後も定期的な受診が必要です。",line-level medium price context,
A,P00870,F0140,近畿,奈良県,医療法人興生会 吉本整形外科・外科病院,医療法人興生会 吉本整形外科・外科病院,医療法人興生会 吉本整形外科・外科病院,第三種,自家多血小板血漿（PRP）を用いた筋肉、腱、靭帯、筋膜の損傷及び慢性炎症の治療（関節腔外に限る）,PRP,QC,1.0,https://saiseiiryo.mhlw.go.jp/published_plan/download/01E2407016/5/0,,,,,,,,,no price found after rescue text/OCR pass,Rescue completed; OCR page timeouts=0
A,P00871,F0137,近畿,奈良県,医療法人新生会 総合病院 高の原中央病院,医療法人新生会 総合病院 高の原中央病院,医療法人新生会 総合病院 高の原中央病院,第三種,自家多血小板血漿（PRP）を用いた筋肉、腱、靭帯、筋膜の損傷及び慢性炎症の治療（関節外の軟部組織）,PRP,QC,1.0,https://saiseiiryo.mhlw.go.jp/published_plan/download/01E2510031/5/0,55000,税込,,,,6,10,"費用(税込) ACP-PRP 55,000円 GPSIII ミニシステム 110,000円",rescue price candidates remain ambiguous,
A,P00871,F0137,近畿,奈良県,医療法人新生会 総合病院 高の原中央病院,医療法人新生会 総合病院 高の原中央病院,医療法人新生会 総合病院 高の原中央病院,第三種,自家多血小板血漿（PRP）を用いた筋肉、腱、靭帯、筋膜の損傷及び慢性炎症の治療（関節外の軟部組織）,PRP,QC,1.0,https://saiseiiryo.mhlw.go.jp/published_plan/download/01E2510031/5/0,198000,不明,,,,5,10,"110,000円 ACP MAX 198,000円 ※上記費用は、PRPキット1本使用時の費用として算定しております。 ※複数本数を使用する場合には、使用したPRPキット本数分の費用がかかります。",rescue price candidates remain ambiguous,
A,P00871,F0137,近畿,奈良県,医療法人新生会 総合病院 高の原中央病院,医療法人新生会 総合病院 高の原中央病院,医療法人新生会 総合病院 高の原中央病院,第三種,自家多血小板血漿（PRP）を用いた筋肉、腱、靭帯、筋膜の損傷及び慢性炎症の治療（関節外の軟部組織）,PRP,QC,1.0,https://saiseiiryo.mhlw.go.jp/published_plan/download/01E2510031/5/0,110000,不明,,,,2,10,"55,000円 GPSIII ミニシステム 110,000円 ACP MAX 198,000円",rescue price candidates remain ambiguous,
A,P00873,F0427,中国四国,高知県,高知大学医学部附属病院,高知大学医学部附属病院,高知大学医学部附属病院,第二種,多血小板血漿（PRP）による変形性関節症治療,PRP,QC,1.0,https://saiseiiryo.mhlw.go.jp/published_plan/download/02F2607001/5/0,,,,,,,,,no price found after rescue text/OCR pass,Rescue completed; OCR page timeouts=0
A,P00874,F0429,中国四国,鳥取県,医療法人社団かわぐちクリニック,医療法人社団かわぐちクリニック,医療法人社団かわぐちクリニック,第三種,多血小板血漿を用いた整形外科領域（関節腔内への投与を除く）の治療,PRP,AUTO,1.0,https://saiseiiryo.mhlw.go.jp/published_plan/download/01F2306002/5/0,44000,税込,,ACP|GPS|PEAK,Arthrex|Zimmer Biomet|PEAK系,8,,"30-0020 14.費用について 細胞の提供に際して費用は発生しません。 治療の提供に際しては、本治療は公的保険の対象ではありませんので、当院所定の施術料として以下の金額 をお支払いいただきます。 GPS®IIIシステム:253,000 円(税込) Condensiaシステム:44,000 円(税込) ACPダブルシリンジシステム:44,000 円(税込) PEAK Platelet Rich Plasma System:165,000 円(税込) ※患者様の症状、その他の事情等により治療費が変動する場合があります。 なお、細胞の採取後や加工後に同意を撤回された場合など、同意を撤回される時点までに費用が発生している",,
A,P00874,F0429,中国四国,鳥取県,医療法人社団かわぐちクリニック,医療法人社団かわぐちクリニック,医療法人社団かわぐちクリニック,第三種,多血小板血漿を用いた整形外科領域（関節腔内への投与を除く）の治療,PRP,AUTO,1.0,https://saiseiiryo.mhlw.go.jp/published_plan/download/01F2306002/5/0,165000,税込,,ACP|GPS|PEAK,Arthrex|Zimmer Biomet|PEAK系,8,,"当院所定の施術料として以下の金額 をお支払いいただきます。 GPS®IIIシステム:253,000 円(税込) Condensiaシステム:44,000 円(税込) ACPダブルシリンジシステム:44,000 円(税込) PEAK Platelet Rich Plasma System:165,000 円(税込) ※患者様の症状、その他の事情等により治療費が変動する場合があります。 なお、細胞の採取後や加工後に同意を撤回された場合など、同意を撤回される時点までに費用が発生している 場合は、発生した費用については患者様にご負担いただきますのでご了承ください。 15.他の治療法の有無、本治療法との比較について 靭帯・腱及び腱付",,
A,P00874,F0429,中国四国,鳥取県,医療法人社団かわぐちクリニック,医療法人社団かわぐちクリニック,医療法人社団かわぐちクリニック,第三種,多血小板血漿を用いた整形外科領域（関節腔内への投与を除く）の治療,PRP,AUTO,1.0,https://saiseiiryo.mhlw.go.jp/published_plan/download/01F2306002/5/0,253000,税込,,ACP|GPS|PEAK,Arthrex|Zimmer Biomet|PEAK系,8,,"いただきます。 窓口部署:受付 連絡先:0857-30-0020 14.費用について 細胞の提供に際して費用は発生しません。 治療の提供に際しては、本治療は公的保険の対象ではありませんので、当院所定の施術料として以下の金額 をお支払いいただきます。 GPS®IIIシステム:253,000 円(税込) Condensiaシステム:44,000 円(税込) ACPダブルシリンジシステム:44,000 円(税込) PEAK Platelet Rich Plasma System:165,000 円(税込) ※患者様の症状、その他の事情等により治療費が変動する場合があります。 なお、細胞の採取後や加工後に同意を撤回され",,
A,P00875,F0594,中国四国,香川県,医療法人社団研宣会 広瀬病院,医療法人社団研宣会 広瀬病院,医療法人社団研宣会 広瀬病院,第三種,自己多血小板血漿（PRP）を用いた運動器の修復・再生促進療法,PRP,AUTO,1.0,https://saiseiiryo.mhlw.go.jp/published_plan/download/02F1910006/5/0,30000,税別,,,,8,,"作製後、これに関わる血液及び器材は医療廃棄物として廃棄し ます。また、採取した血液、作製したPRPの保管、及び移動は行い ません。 9.患者さんの費用負担について 本治療は自由診療となります。健康保険の適用とはなりませ ん。よって、治療費は全額自己負担となります。 治療費 PRP1mlあたり 30,000円 (税別) 10.個人情報の取り扱いについて 当院には、個人情報の保護に関する法律に基づいた個人情報 保護規定があります。 この規定に基づき、患者さんの氏名や病気のことなどの個人 のプライバシーに関する秘密は固く守られ、患者さんの身体の状態 や記録など、プライバシーの保護には充分配慮致します。 また今後、学術雑誌や",,
A,P00876,F0595,中国四国,香川県,医療法人社団藤井外科胃腸科・整形外科,医療法人社団藤井外科胃腸科・整形外科,医療法人社団藤井外科胃腸科・整形外科,第三種,多血小板血漿を用いた整形外科領域（関節腔内への投与を除く）の治療,PRP,AUTO,1.0,https://saiseiiryo.mhlw.go.jp/published_plan/download/01F2311002/5/0,55000,税込,,,,8,3,"14.費用について 細胞の提供に際して費用は発生しません。 治療の提供に際しては、本治療は公的保険の対象ではありませんので、当院所定の施術料として55,000円 (税込)をお支払いいただきます。 ※患者様の症状、その他の事情等により治療費が変動する場合があります。",rescue medium price context,
A,P00877,F0196,中国四国,愛媛県,医療法人大野醫院 おおの整形外科内科医院,医療法人大野醫院 おおの整形外科内科医院,医療法人大野醫院 おおの整形外科内科医院,第三種,自家多血小板血漿（PRP）を用いた筋肉、腱、靭帯、筋膜の損傷及び慢性炎症の治療（関節外の軟部組織）,PRP,QC,1.0,https://saiseiiryo.mhlw.go.jp/published_plan/download/01F2501002/5/0,44000,不明,片側,,,3,8,"PRP 片側 ACP 44,000 円 ACP MAX 220,000 円",rescue price candidates remain ambiguous,
A,P00877,F0196,中国四国,愛媛県,医療法人大野醫院 おおの整形外科内科医院,医療法人大野醫院 おおの整形外科内科医院,医療法人大野醫院 おおの整形外科内科医院,第三種,自家多血小板血漿（PRP）を用いた筋肉、腱、靭帯、筋膜の損傷及び慢性炎症の治療（関節外の軟部組織）,PRP,QC,1.0,https://saiseiiryo.mhlw.go.jp/published_plan/download/01F2501002/5/0,99000,不明,両側,,,3,8,"PRP 両側 ACP 99,000 円 ACP MAX 385,000 円",rescue price candidates remain ambiguous,
A,P00877,F0196,中国四国,愛媛県,医療法人大野醫院 おおの整形外科内科医院,医療法人大野醫院 おおの整形外科内科医院,医療法人大野醫院 おおの整形外科内科医院,第三種,自家多血小板血漿（PRP）を用いた筋肉、腱、靭帯、筋膜の損傷及び慢性炎症の治療（関節外の軟部組織）,PRP,QC,1.0,https://saiseiiryo.mhlw.go.jp/published_plan/download/01F2501002/5/0,220000,不明,両側,,,3,8,"44,000 円 ACP MAX 220,000 円 PRP 両側 ACP",rescue price candidates remain ambiguous,
A,P00877,F0196,中国四国,愛媛県,医療法人大野醫院 おおの整形外科内科医院,医療法人大野醫院 おおの整形外科内科医院,医療法人大野醫院 おおの整形外科内科医院,第三種,自家多血小板血漿（PRP）を用いた筋肉、腱、靭帯、筋膜の損傷及び慢性炎症の治療（関節外の軟部組織）,PRP,QC,1.0,https://saiseiiryo.mhlw.go.jp/published_plan/download/01F2501002/5/0,385000,不明,,,,2,8,"99,000 円 ACP MAX 385,000 円 治療終了後も定期的な受診が必要です。 11.健康被害が発生した際の処置と補償等について",rescue price candidates remain ambiguous,
B,P00084,F0397,関東,茨城県,すずらん整形＆ラボ,すずらん整形＆ラボ,すずらん整形＆ラボ,第二種,自家多血小板血漿（PRP）を用いた慢性関節炎の治療（関節内組織）,PRP,AUTO,0.9838,https://saiseiiryo.mhlw.go.jp/published_plan/download/01C2407018/5/0,60000,税込,2回分,,,9,7,"与する場合は、2回分です。 血液検査: \ 10,000円(税込) (脊椎)PRP1回・1部位: \ 60,000円(税込) (関節)PRP1回・1部位: \ 60,000円(税込) (筋腱)PRP1回・1部位: \ 60,000円(税込)",line-level strong price context,
B,P00084,F0397,関東,茨城県,すずらん整形＆ラボ,すずらん整形＆ラボ,すずらん整形＆ラボ,第二種,自家多血小板血漿（PRP）を用いた慢性関節炎の治療（関節内組織）,PRP,AUTO,0.9838,https://saiseiiryo.mhlw.go.jp/published_plan/download/01C2407018/5/0,60000,税込,1回,,,9,7,"血液検査: \ 10,000円(税込) (脊椎)PRP1回・1部位: \ 60,000円(税込) (関節)PRP1回・1部位: \ 60,000円(税込) (筋腱)PRP1回・1部位: \ 60,000円(税込) 11. 試料等の保存及び廃棄の方法",line-level strong price context,
B,P00084,F0397,関東,茨城県,すずらん整形＆ラボ,すずらん整形＆ラボ,すずらん整形＆ラボ,第二種,自家多血小板血漿（PRP）を用いた慢性関節炎の治療（関節内組織）,PRP,AUTO,0.9838,https://saiseiiryo.mhlw.go.jp/published_plan/download/01C2407018/5/0,60000,税込,1回,,,9,7,"(脊椎)PRP1回・1部位: \ 60,000円(税込) (関節)PRP1回・1部位: \ 60,000円(税込) (筋腱)PRP1回・1部位: \ 60,000円(税込) 11. 試料等の保存及び廃棄の方法 患者様から採取した血液と作製したPRPは、患者様ご自身の治療のみに使用します。ただし、",line-level strong price context,
B,P00085,F0398,関東,茨城県,医療法人健佑会 いちはら病院,医療法人健佑会 いちはら病院,医療法人健佑会 いちはら病院,第二種,自家滑膜幹細胞注射による変形性膝関節症治療,滑膜幹細胞,AUTO,1.0,https://saiseiiryo.mhlw.go.jp/published_plan/download/03C2510007/5/0,2750000,税込,,,,8,,"ないので、可能性 を否定できない。 侵襲 血液と滑膜組織を採取する。 細胞の採取は不要。 費用 自費診療 保険診療 11. 治療にかかる費用について 本治療は自費診療であり、公的保険の対象ではありませんので、当院の所定の施術料をお支払いいただ きます。 治療費用(片膝) 2,750,000 円(税込)  治療に伴う診察、自己血清のための採血、滑膜採取、滑膜幹細胞注射、注射後1 か月時の診 察が含まれています。  滑膜採取時にはご入院いただきますが、入院費用も本治療費用に含まれています。  事前診察の検査用採血費用は含まれておりませんので、別途費用がかかります。  注射3 か月後、6 か月後の診察は含まれておりま",,
B,P00085,F0398,関東,茨城県,医療法人健佑会 いちはら病院,医療法人健佑会 いちはら病院,医療法人健佑会 いちはら病院,第二種,自家滑膜幹細胞注射による変形性膝関節症治療,滑膜幹細胞,AUTO,1.0,https://saiseiiryo.mhlw.go.jp/published_plan/download/03C2510007/5/0,100000,税込,,,,0,,"わなかっ た場合(細胞輸送のトラブル発生時は除く)、キャンセル費用を負担いただきます。 キャンセル費用:本治療をとりやめた場合、その時点までに行った施術および細胞培養にかかった以下の 費用をお支払いいただきます。 キャンセルのタイミング キャンセル費用 自己血清を製造するための採血後 100,000 円(税込) 滑膜組織を採取後、培養を開始する前まで 500,000 円(税込) 培養を開始後、投与まで 2,000,000 円(税込)  採取した細胞や投与する幹細胞は、細胞培養加工施設と当院の間で適切な温度管理のもと輸 送されます。輸送時のトラブルにより細胞を使用できなくなった場合は、細胞採取や細胞培養を再 度行います。そ",,
B,P00085,F0398,関東,茨城県,医療法人健佑会 いちはら病院,医療法人健佑会 いちはら病院,医療法人健佑会 いちはら病院,第二種,自家滑膜幹細胞注射による変形性膝関節症治療,滑膜幹細胞,AUTO,1.0,https://saiseiiryo.mhlw.go.jp/published_plan/download/03C2510007/5/0,500000,税込,,,,0,,"いただきます。 キャンセル費用:本治療をとりやめた場合、その時点までに行った施術および細胞培養にかかった以下の 費用をお支払いいただきます。 キャンセルのタイミング キャンセル費用 自己血清を製造するための採血後 100,000 円(税込) 滑膜組織を採取後、培養を開始する前まで 500,000 円(税込) 培養を開始後、投与まで 2,000,000 円(税込)  採取した細胞や投与する幹細胞は、細胞培養加工施設と当院の間で適切な温度管理のもと輸 送されます。輸送時のトラブルにより細胞を使用できなくなった場合は、細胞採取や細胞培養を再 度行います。その際に患者さんに追加の費用をご負担いただくことはありません。細胞の再採取",,
B,P00085,F0398,関東,茨城県,医療法人健佑会 いちはら病院,医療法人健佑会 いちはら病院,医療法人健佑会 いちはら病院,第二種,自家滑膜幹細胞注射による変形性膝関節症治療,滑膜幹細胞,AUTO,1.0,https://saiseiiryo.mhlw.go.jp/published_plan/download/03C2510007/5/0,2000000,税込,,,,0,,"場合、その時点までに行った施術および細胞培養にかかった以下の 費用をお支払いいただきます。 キャンセルのタイミング キャンセル費用 自己血清を製造するための採血後 100,000 円(税込) 滑膜組織を採取後、培養を開始する前まで 500,000 円(税込) 培養を開始後、投与まで 2,000,000 円(税込)  採取した細胞や投与する幹細胞は、細胞培養加工施設と当院の間で適切な温度管理のもと輸 送されます。輸送時のトラブルにより細胞を使用できなくなった場合は、細胞採取や細胞培養を再 度行います。その際に患者さんに追加の費用をご負担いただくことはありません。細胞の再採取や 再培養を行わず治療をキャンセルされる場合は、治療費用を全",,
B,P00086,F0398,関東,茨城県,医療法人健佑会 いちはら病院,医療法人健佑会 いちはら病院,医療法人健佑会 いちはら病院,第二種,多血小板血漿（PRP）の投与による変形性関節症治療,PRP,AUTO,1.0,https://saiseiiryo.mhlw.go.jp/published_plan/download/02C2603008/5/0,44000,税込,3 回,ACP|APS|GPS|Zimmer,Arthrex|Zimmer Biomet,8,,"なります。 ・ZIMMER BIOMET 製 APS キットを使用した施術料 275,000 円(税込) ・ZIMMER BIOMET 製 GPSIII キットを使用した施術料 88,000 円(税込) ・Arthrex Japan 製 ACP ダブルシリンジを使用した施術料 44,000 円(税込) ・B.T.I. Biotechnology Institute 製 ENDORET PRGF を使用した施術料 44,000 円(税込) ACP ダブルシリンジ・PRGF を使用する場合、基本的に1 週間おきに計3 回の注射を行いま す。上記の施術料は、注射ごとに毎回ご負担いただきますのでご注意ください。 ご不明",,
B,P00086,F0398,関東,茨城県,医療法人健佑会 いちはら病院,医療法人健佑会 いちはら病院,医療法人健佑会 いちはら病院,第二種,多血小板血漿（PRP）の投与による変形性関節症治療,PRP,AUTO,1.0,https://saiseiiryo.mhlw.go.jp/published_plan/download/02C2603008/5/0,44000,税込,3 回,ACP|GPS|Arthrex,Arthrex|Zimmer Biomet,8,,"製 GPSIII キットを使用した施術料 88,000 円(税込) ・Arthrex Japan 製 ACP ダブルシリンジを使用した施術料 44,000 円(税込) ・B.T.I. Biotechnology Institute 製 ENDORET PRGF を使用した施術料 44,000 円(税込) ACP ダブルシリンジ・PRGF を使用する場合、基本的に1 週間おきに計3 回の注射を行いま す。上記の施術料は、注射ごとに毎回ご負担いただきますのでご注意ください。 ご不明な点は医師・スタッフにお尋ねください。なお1 回の施術あたりの費用は、患部の状 態を確認した医師の判断、PRP の遠心回数等により変更となる場合が",,
B,P00086,F0398,関東,茨城県,医療法人健佑会 いちはら病院,医療法人健佑会 いちはら病院,医療法人健佑会 いちはら病院,第二種,多血小板血漿（PRP）の投与による変形性関節症治療,PRP,AUTO,1.0,https://saiseiiryo.mhlw.go.jp/published_plan/download/02C2603008/5/0,88000,税込,,ACP|APS|GPS|Zimmer,Arthrex|Zimmer Biomet,8,,"のいずれかのキットを使用します。使用するキットにより製造され たPRP に含まれる血小板の濃度や施術料が異なります。 ・ZIMMER BIOMET 製 APS キットを使用した施術料 275,000 円(税込) ・ZIMMER BIOMET 製 GPSIII キットを使用した施術料 88,000 円(税込) ・Arthrex Japan 製 ACP ダブルシリンジを使用した施術料 44,000 円(税込) ・B.T.I. Biotechnology Institute 製 ENDORET PRGF を使用した施術料 44,000 円(税込) ACP ダブルシリンジ・PRGF を使用する場合、基本的に1 週間おきに",,
B,P00086,F0398,関東,茨城県,医療法人健佑会 いちはら病院,医療法人健佑会 いちはら病院,医療法人健佑会 いちはら病院,第二種,多血小板血漿（PRP）の投与による変形性関節症治療,PRP,AUTO,1.0,https://saiseiiryo.mhlw.go.jp/published_plan/download/02C2603008/5/0,275000,税込,,ACP|APS|GPS|Zimmer,Arthrex|Zimmer Biomet,8,,"治療は公的保険の対象ではありませんので、当院の所定の施術料をお支払いいただきま す。PRP の製造には以下のいずれかのキットを使用します。使用するキットにより製造され たPRP に含まれる血小板の濃度や施術料が異なります。 ・ZIMMER BIOMET 製 APS キットを使用した施術料 275,000 円(税込) ・ZIMMER BIOMET 製 GPSIII キットを使用した施術料 88,000 円(税込) ・Arthrex Japan 製 ACP ダブルシリンジを使用した施術料 44,000 円(税込) ・B.T.I. Biotechnology Institute 製 ENDORET PRGF を使用した施術料",,
B,P00087,F0399,関東,茨城県,医療法人社団 筑波記念会 筑波記念病院,医療法人社団 筑波記念会 筑波記念病院,医療法人社団 筑波記念会 筑波記念病院,第二種,多血小板血漿を用いた膝前十字靭帯再建手術,PRP/ACL再建,QC,1.0,https://saiseiiryo.mhlw.go.jp/published_plan/download/02C2409070/5/0,500000,不明,,,,5,8,"手術名:靭帯再建術(前十字靱帯:ACL) 病名:膝前十字靱帯損傷 概算金額:約400,000-500,000円(3割負担の場合) 本治療にかかる費用は、高額療養制度の対象となるため、1月当た りの医療費の上限額が設定されており、上限額以上の支払った分",price candidates remain ambiguous,
B,P00088,F0327,関東,栃木県,医療法人 康積会 柴病院,医療法人 康積会 柴病院,医療法人 康積会 柴病院,第二種,自家脂肪組織由来の培養間葉系幹細胞を用いた関節疾患の治療,脂肪由来MSC,AUTO,1.0,https://saiseiiryo.mhlw.go.jp/published_plan/download/01C2504004/5/0,900000,税別,1 回,,,7,,"提供に係る費用について 本治療に係る費用は健康保険の適用がございません。治療にかかる費用全額を患者様ご自身でご 負担いただきます。 実際に必要となる費用は以下の通りです。 投与細胞数 治療費用(税別) 1 約3,000 万個×1 回分 90 万円 2 約5,000 万個×1 回分 100 万円 3 約1 億個×1 回分 120 万円 4 約3,000 万個×3 回分 150 万円 なお、脂肪組織の採取の施術開始後や細胞加工の開始後、あるいは3 回投与の場合に1 回目投 与の後や2 回目投与の後に同意を撤回された場合など、",,
B,P00088,F0327,関東,栃木県,医療法人 康積会 柴病院,医療法人 康積会 柴病院,医療法人 康積会 柴病院,第二種,自家脂肪組織由来の培養間葉系幹細胞を用いた関節疾患の治療,脂肪由来MSC,AUTO,1.0,https://saiseiiryo.mhlw.go.jp/published_plan/download/01C2504004/5/0,1000000,税別,1 回,,,7,,"ざいません。治療にかかる費用全額を患者様ご自身でご 負担いただきます。 実際に必要となる費用は以下の通りです。 投与細胞数 治療費用(税別) 1 約3,000 万個×1 回分 90 万円 2 約5,000 万個×1 回分 100 万円 3 約1 億個×1 回分 120 万円 4 約3,000 万個×3 回分 150 万円 なお、脂肪組織の採取の施術開始後や細胞加工の開始後、あるいは3 回投与の場合に1 回目投 与の後や2 回目投与の後に同意を撤回された場合など、それまでに費用が発生している場合は、 以下の通り、患者様ご自身に",,
B,P00088,F0327,関東,栃木県,医療法人 康積会 柴病院,医療法人 康積会 柴病院,医療法人 康積会 柴病院,第二種,自家脂肪組織由来の培養間葉系幹細胞を用いた関節疾患の治療,脂肪由来MSC,AUTO,1.0,https://saiseiiryo.mhlw.go.jp/published_plan/download/01C2504004/5/0,1200000,税別,1 回,,,7,,"きます。 実際に必要となる費用は以下の通りです。 投与細胞数 治療費用(税別) 1 約3,000 万個×1 回分 90 万円 2 約5,000 万個×1 回分 100 万円 3 約1 億個×1 回分 120 万円 4 約3,000 万個×3 回分 150 万円 なお、脂肪組織の採取の施術開始後や細胞加工の開始後、あるいは3 回投与の場合に1 回目投 与の後や2 回目投与の後に同意を撤回された場合など、それまでに費用が発生している場合は、 以下の通り、患者様ご自身にご負担いただきますのでご了承ください。 同意撤回の時期 キ",,
B,P00088,F0327,関東,栃木県,医療法人 康積会 柴病院,医療法人 康積会 柴病院,医療法人 康積会 柴病院,第二種,自家脂肪組織由来の培養間葉系幹細胞を用いた関節疾患の治療,脂肪由来MSC,AUTO,1.0,https://saiseiiryo.mhlw.go.jp/published_plan/download/01C2504004/5/0,50000,税別,,,,0,,、 以下の通り、患者様ご自身にご負担いただきますのでご了承ください。 同意撤回の時期 キャンセル費用(税別) 1 2 3 4 同意日~脂肪採取予定日の3 日前 キャンセル費用のお支払いはありません 脂肪採取予定日の2 日前 ~脂肪採取当日の脂肪組織採取前 一律 5 万円をお支払いいただきます 脂肪組織採取後~細胞加工開始前 10 万円 10 万円 10 万円 10 万円 細胞加工開始後~細胞投与前 90 万円 100 万円 120 万円 150 万円 細胞投与後 治療費用全額をお支払いいただきます 13. 細胞提供者及び再生医療等を受ける者に対する健康被害の,,
B,P00088,F0327,関東,栃木県,医療法人 康積会 柴病院,医療法人 康積会 柴病院,医療法人 康積会 柴病院,第二種,自家脂肪組織由来の培養間葉系幹細胞を用いた関節疾患の治療,脂肪由来MSC,AUTO,1.0,https://saiseiiryo.mhlw.go.jp/published_plan/download/01C2504004/5/0,100000,税別,,,,0,,同意撤回の時期 キャンセル費用(税別) 1 2 3 4 同意日~脂肪採取予定日の3 日前 キャンセル費用のお支払いはありません 脂肪採取予定日の2 日前 ~脂肪採取当日の脂肪組織採取前 一律 5 万円をお支払いいただきます 脂肪組織採取後~細胞加工開始前 10 万円 10 万円 10 万円 10 万円 細胞加工開始後~細胞投与前 90 万円 100 万円 120 万円 150 万円 細胞投与後 治療費用全額をお支払いいただきます 13. 細胞提供者及び再生医療等を受ける者に対する健康被害の補償の方法 健康被害が発生した場合は、適切な医療を提供するほか、補償に,,
B,P00088,F0327,関東,栃木県,医療法人 康積会 柴病院,医療法人 康積会 柴病院,医療法人 康積会 柴病院,第二種,自家脂肪組織由来の培養間葉系幹細胞を用いた関節疾患の治療,脂肪由来MSC,AUTO,1.0,https://saiseiiryo.mhlw.go.jp/published_plan/download/01C2504004/5/0,100000,不明,,,,-1,,2 3 4 同意日~脂肪採取予定日の3 日前 キャンセル費用のお支払いはありません 脂肪採取予定日の2 日前 ~脂肪採取当日の脂肪組織採取前 一律 5 万円をお支払いいただきます 脂肪組織採取後~細胞加工開始前 10 万円 10 万円 10 万円 10 万円 細胞加工開始後~細胞投与前 90 万円 100 万円 120 万円 150 万円 細胞投与後 治療費用全額をお支払いいただきます 13. 細胞提供者及び再生医療等を受ける者に対する健康被害の補償の方法 健康被害が発生した場合は、適切な医療を提供するほか、補償については協議に応じます。 また、万が一に備え、,,
B,P00088,F0327,関東,栃木県,医療法人 康積会 柴病院,医療法人 康積会 柴病院,医療法人 康積会 柴病院,第二種,自家脂肪組織由来の培養間葉系幹細胞を用いた関節疾患の治療,脂肪由来MSC,AUTO,1.0,https://saiseiiryo.mhlw.go.jp/published_plan/download/01C2504004/5/0,900000,不明,,,,-1,,肪採取予定日の3 日前 キャンセル費用のお支払いはありません 脂肪採取予定日の2 日前 ~脂肪採取当日の脂肪組織採取前 一律 5 万円をお支払いいただきます 脂肪組織採取後~細胞加工開始前 10 万円 10 万円 10 万円 10 万円 細胞加工開始後~細胞投与前 90 万円 100 万円 120 万円 150 万円 細胞投与後 治療費用全額をお支払いいただきます 13. 細胞提供者及び再生医療等を受ける者に対する健康被害の補償の方法 健康被害が発生した場合は、適切な医療を提供するほか、補償については協議に応じます。 また、万が一に備え、栃木県医師会 医師賠償責任保険に加入しています,,
B,P00088,F0327,関東,栃木県,医療法人 康積会 柴病院,医療法人 康積会 柴病院,医療法人 康積会 柴病院,第二種,自家脂肪組織由来の培養間葉系幹細胞を用いた関節疾患の治療,脂肪由来MSC,AUTO,1.0,https://saiseiiryo.mhlw.go.jp/published_plan/download/01C2504004/5/0,1000000,不明,,,,-1,,日前 キャンセル費用のお支払いはありません 脂肪採取予定日の2 日前 ~脂肪採取当日の脂肪組織採取前 一律 5 万円をお支払いいただきます 脂肪組織採取後~細胞加工開始前 10 万円 10 万円 10 万円 10 万円 細胞加工開始後~細胞投与前 90 万円 100 万円 120 万円 150 万円 細胞投与後 治療費用全額をお支払いいただきます 13. 細胞提供者及び再生医療等を受ける者に対する健康被害の補償の方法 健康被害が発生した場合は、適切な医療を提供するほか、補償については協議に応じます。 また、万が一に備え、栃木県医師会 医師賠償責任保険に加入しています。 14,,
B,P00088,F0327,関東,栃木県,医療法人 康積会 柴病院,医療法人 康積会 柴病院,医療法人 康積会 柴病院,第二種,自家脂肪組織由来の培養間葉系幹細胞を用いた関節疾患の治療,脂肪由来MSC,AUTO,1.0,https://saiseiiryo.mhlw.go.jp/published_plan/download/01C2504004/5/0,1200000,不明,,,,-1,,セル費用のお支払いはありません 脂肪採取予定日の2 日前 ~脂肪採取当日の脂肪組織採取前 一律 5 万円をお支払いいただきます 脂肪組織採取後~細胞加工開始前 10 万円 10 万円 10 万円 10 万円 細胞加工開始後~細胞投与前 90 万円 100 万円 120 万円 150 万円 細胞投与後 治療費用全額をお支払いいただきます 13. 細胞提供者及び再生医療等を受ける者に対する健康被害の補償の方法 健康被害が発生した場合は、適切な医療を提供するほか、補償については協議に応じます。 また、万が一に備え、栃木県医師会 医師賠償責任保険に加入しています。 14. 代替治療とその,,
B,P00088,F0327,関東,栃木県,医療法人 康積会 柴病院,医療法人 康積会 柴病院,医療法人 康積会 柴病院,第二種,自家脂肪組織由来の培養間葉系幹細胞を用いた関節疾患の治療,脂肪由来MSC,AUTO,1.0,https://saiseiiryo.mhlw.go.jp/published_plan/download/01C2504004/5/0,1500000,税別,1 回,,,-1,,"投与細胞数 治療費用(税別) 1 約3,000 万個×1 回分 90 万円 2 約5,000 万個×1 回分 100 万円 3 約1 億個×1 回分 120 万円 4 約3,000 万個×3 回分 150 万円 なお、脂肪組織の採取の施術開始後や細胞加工の開始後、あるいは3 回投与の場合に1 回目投 与の後や2 回目投与の後に同意を撤回された場合など、それまでに費用が発生している場合は、 以下の通り、患者様ご自身にご負担いただきますのでご了承ください。 同意撤回の時期 キャンセル費用(税別) 1 2 3 4 同",,
B,P00088,F0327,関東,栃木県,医療法人 康積会 柴病院,医療法人 康積会 柴病院,医療法人 康積会 柴病院,第二種,自家脂肪組織由来の培養間葉系幹細胞を用いた関節疾患の治療,脂肪由来MSC,AUTO,1.0,https://saiseiiryo.mhlw.go.jp/published_plan/download/01C2504004/5/0,1500000,不明,,,,-1,,はありません 脂肪採取予定日の2 日前 ~脂肪採取当日の脂肪組織採取前 一律 5 万円をお支払いいただきます 脂肪組織採取後~細胞加工開始前 10 万円 10 万円 10 万円 10 万円 細胞加工開始後~細胞投与前 90 万円 100 万円 120 万円 150 万円 細胞投与後 治療費用全額をお支払いいただきます 13. 細胞提供者及び再生医療等を受ける者に対する健康被害の補償の方法 健康被害が発生した場合は、適切な医療を提供するほか、補償については協議に応じます。 また、万が一に備え、栃木県医師会 医師賠償責任保険に加入しています。 14. 代替治療とその治療法により予期さ,,
B,P00090,F0325,関東,栃木県,医療法人俊紅会 那須高原クリニック,医療法人俊紅会 那須高原クリニック,医療法人俊紅会 那須高原クリニック,第二種,変形性関節症および関節腔の傷害を対象とした自家多血小板血漿（PRP）注入療法,PRP,QC,1.0,https://saiseiiryo.mhlw.go.jp/published_plan/download/01C2310025/5/0,5000,不明,,,,-10,7,"つでも取りやめることができます。この場合でも、一切不利益を受けません。 (採血等にかかる実費等はご負担いただきます。 :採血後のキャンセル料 5,000 円 加工後のキャンセル料 35,000 円) もしこの治療を受けることに同意しない場合も、最適と考えられる治療を実施できる ように患者様の治療に最善を尽くします。",price candidates remain ambiguous,
B,P00090,F0325,関東,栃木県,医療法人俊紅会 那須高原クリニック,医療法人俊紅会 那須高原クリニック,医療法人俊紅会 那須高原クリニック,第二種,変形性関節症および関節腔の傷害を対象とした自家多血小板血漿（PRP）注入療法,PRP,QC,1.0,https://saiseiiryo.mhlw.go.jp/published_plan/download/01C2310025/5/0,35000,不明,,,,-10,7,"つでも取りやめることができます。この場合でも、一切不利益を受けません。 (採血等にかかる実費等はご負担いただきます。 :採血後のキャンセル料 5,000 円 加工後のキャンセル料 35,000 円) もしこの治療を受けることに同意しない場合も、最適と考えられる治療を実施できる ように患者様の治療に最善を尽くします。",price candidates remain ambiguous,
B,P00091,F0326,関東,栃木県,医療法人健寿会 小山整形外科内科クリニック,医療法人健寿会 小山整形外科内科クリニック,医療法人健寿会 小山整形外科内科クリニック,第二種,多血小板血漿（PRP）を用いた整形外科疾患に対する組織修復,PRP,QC,0.98,https://saiseiiryo.mhlw.go.jp/published_plan/download/02C1908009/5/0,,,,,,,,,no price found after text/OCR pass,RuntimeError: Tesseract process timeout
B,P00092,F0328,関東,栃木県,医療法人恭友会 はせがわ整形外科クリニック,医療法人恭友会 はせがわ整形外科クリニック,医療法人恭友会 はせがわ整形外科クリニック,第二種,変形性関節症を対象とした自家多血小板血漿（PRP）注入療法,PRP,AUTO,1.0,https://saiseiiryo.mhlw.go.jp/published_plan/download/01C2502004/5/0,55000,税込,1 回,,,7,,"費用について この治療は、健康保険がご使用できない自由診療です。そのため、患者様の費用負担 が他の治療よりも高額になることがあります。当院において実施される本治療および本 治療に必要な検査などの費用は全額自己負担となります。 血液分離専用容器キットによる施術料1 回:10cc キット: 55,000 円(税込) 22cc キット: 77,000 円(税込) ※患者様の症状によっては、治療を数回行うことがあります。治療前、または治療後 の状態から担当医師が判断し、患者様にお伝えしご相談させて頂きます。 ※治療内容・回数により1回あたりの費用が減額される場合がございます。施術する 前に詳細な説明をいたしますので、ご納得いただい",,
B,P00092,F0328,関東,栃木県,医療法人恭友会 はせがわ整形外科クリニック,医療法人恭友会 はせがわ整形外科クリニック,医療法人恭友会 はせがわ整形外科クリニック,第二種,変形性関節症を対象とした自家多血小板血漿（PRP）注入療法,PRP,AUTO,1.0,https://saiseiiryo.mhlw.go.jp/published_plan/download/01C2502004/5/0,77000,税込,1 回,,,7,,"ない自由診療です。そのため、患者様の費用負担 が他の治療よりも高額になることがあります。当院において実施される本治療および本 治療に必要な検査などの費用は全額自己負担となります。 血液分離専用容器キットによる施術料1 回:10cc キット: 55,000 円(税込) 22cc キット: 77,000 円(税込) ※患者様の症状によっては、治療を数回行うことがあります。治療前、または治療後 の状態から担当医師が判断し、患者様にお伝えしご相談させて頂きます。 ※治療内容・回数により1回あたりの費用が減額される場合がございます。施術する 前に詳細な説明をいたしますので、ご納得いただいた上で治療をお受けいただけますよ うお願い申し上げま",,
B,P00093,F0331,関東,栃木県,医療法人親仁会 佐藤病院,医療法人親仁会 佐藤病院,医療法人親仁会 佐藤病院,第二種,多血小板血漿（PRP）による変形性関節症治療,PRP,QC,1.0,https://saiseiiryo.mhlw.go.jp/published_plan/download/01C2306023/5/0,,,,,,,,,no price found after text/OCR pass,RuntimeError: Tesseract process timeout
B,P00094,F0329,関東,栃木県,学校法人獨協学園 獨協医科大学病院,学校法人獨協学園 獨協医科大学病院,学校法人獨協学園 獨協医科大学病院,第二種,変形性関節症および関節腔の傷害を対象とした自家多血小板血漿（PRP）注入療法,PRP,AUTO,1.0,https://saiseiiryo.mhlw.go.jp/published_plan/download/02C2604070/5/0,77000,税込,1回,,,7,,"い 8. 治療にかかる費用について この治療は、健康保険が適用されない自由診療です。そのため、患 者様の費用負担が他の治療よりも高額になることがあります。当院 において実施される本治療および本治療に必要な検査などの費用は 全額自己負担となります。 血液分離専用容器キットによる施術料 1回 77,000円 (税込) 2回セット 138,000円(税 込) 3回セット 198,000円(税 込) ※初回投与は、77,000円(税込)となります。投与後、効果を確認 した上で継続して治療をお受けになりたい方は、2回セットもしく は、3回セットもお選び頂くことが可能です。 ※",,
B,P00094,F0329,関東,栃木県,学校法人獨協学園 獨協医科大学病院,学校法人獨協学園 獨協医科大学病院,学校法人獨協学園 獨協医科大学病院,第二種,変形性関節症および関節腔の傷害を対象とした自家多血小板血漿（PRP）注入療法,PRP,AUTO,1.0,https://saiseiiryo.mhlw.go.jp/published_plan/download/02C2604070/5/0,138000,税込,1回,,,7,,"診療です。そのため、患 者様の費用負担が他の治療よりも高額になることがあります。当院 において実施される本治療および本治療に必要な検査などの費用は 全額自己負担となります。 血液分離専用容器キットによる施術料 1回 77,000円 (税込) 2回セット 138,000円(税 込) 3回セット 198,000円(税 込) ※初回投与は、77,000円(税込)となります。投与後、効果を確認 した上で継続して治療をお受けになりたい方は、2回セットもしく は、3回セットもお選び頂くことが可能です。 ※2回セットもしくは、3回セットは有効期限1年間とさせて頂きま す。 ※患者様",,
B,P00094,F0329,関東,栃木県,学校法人獨協学園 獨協医科大学病院,学校法人獨協学園 獨協医科大学病院,学校法人獨協学園 獨協医科大学病院,第二種,変形性関節症および関節腔の傷害を対象とした自家多血小板血漿（PRP）注入療法,PRP,AUTO,1.0,https://saiseiiryo.mhlw.go.jp/published_plan/download/02C2604070/5/0,198000,税込,1回,,,7,,"す。当院 において実施される本治療および本治療に必要な検査などの費用は 全額自己負担となります。 血液分離専用容器キットによる施術料 1回 77,000円 (税込) 2回セット 138,000円(税 込) 3回セット 198,000円(税 込) ※初回投与は、77,000円(税込)となります。投与後、効果を確認 した上で継続して治療をお受けになりたい方は、2回セットもしく は、3回セットもお選び頂くことが可能です。 ※2回セットもしくは、3回セットは有効期限1年間とさせて頂きま す。 ※患者様の症状によっては、治療を数回行うことがあります。治療 前、または治 療後の状",,
B,P00094,F0329,関東,栃木県,学校法人獨協学園 獨協医科大学病院,学校法人獨協学園 獨協医科大学病院,学校法人獨協学園 獨協医科大学病院,第二種,変形性関節症および関節腔の傷害を対象とした自家多血小板血漿（PRP）注入療法,PRP,AUTO,1.0,https://saiseiiryo.mhlw.go.jp/published_plan/download/02C2604070/5/0,11000,税込,,,,-7,,"説明を受けた後に同意されない場合でも、一切不利益を受けること はありません。 また同様に、治療を受けることに同意した場合であっても、投与ま での間でしたらいつでも取りやめることができます。この場合で も、一切不利益を受けません。 採血等にかかる実費等はご負担いただきます。 :採血後のキャンセル料11,000円(税込)加工後のキャンセル料 77,000円(税込) もしこの治療を受けることに同意しない場合も、最適と考えられる 治療を実施できるように患者様の治療に最善を尽くします。 ただし、治療を行った後は、健康管理のために必要に応じて適切な 検査を受けていただき、医学的に問題がないかを確認させていただ きます。 11. 試料等の保管及び廃棄の方法",,
B,P00094,F0329,関東,栃木県,学校法人獨協学園 獨協医科大学病院,学校法人獨協学園 獨協医科大学病院,学校法人獨協学園 獨協医科大学病院,第二種,変形性関節症および関節腔の傷害を対象とした自家多血小板血漿（PRP）注入療法,PRP,AUTO,1.0,https://saiseiiryo.mhlw.go.jp/published_plan/download/02C2604070/5/0,77000,税込,,,,-7,,"切不利益を受けること はありません。 また同様に、治療を受けることに同意した場合であっても、投与ま での間でしたらいつでも取りやめることができます。この場合で も、一切不利益を受けません。 採血等にかかる実費等はご負担いただきます。 :採血後のキャンセル料11,000円(税込)加工後のキャンセル料 77,000円(税込) もしこの治療を受けることに同意しない場合も、最適と考えられる 治療を実施できるように患者様の治療に最善を尽くします。 ただし、治療を行った後は、健康管理のために必要に応じて適切な 検査を受けていただき、医学的に問題がないかを確認させていただ きます。 11. 試料等の保管及び廃棄の方法について この治療にて患者様より採取した血液",,
B,P00096,F0324,関東,栃木県,医療法人一燈会 かみもとスポーツクリニック,医療法人一燈会 かみもとスポーツクリニック,医療法人一燈会 かみもとスポーツクリニック,第三種,四肢の靭帯、筋腱付着部およびスポーツ傷害を対象とした自家多血小板血漿（PRP）注入療法,PRP,QC,1.0,https://saiseiiryo.mhlw.go.jp/published_plan/download/01C2302004/5/0,,,,,,,,,no price found after text/OCR pass,RuntimeError: Tesseract process timeout
B,P00097,F0325,関東,栃木県,医療法人俊紅会 那須高原クリニック,医療法人俊紅会 那須高原クリニック,医療法人俊紅会 那須高原クリニック,第三種,四肢の靭帯、筋腱付着部およびスポーツ傷害を対象とした自家多血小板血漿（PRP）注入療法,PRP,QC,1.0,https://saiseiiryo.mhlw.go.jp/published_plan/download/01C2309055/5/0,5000,不明,,,,-10,6,"つでも取りやめることができます。この場合でも、一切不利益を受けません。 (採血等にかかる実費等はご負担いただきます。 :採血後のキャンセル料 5,000 円 加工後のキャンセル料 35,000 円) もしこの治療を受けることに同意しない場合も、最適と考えられる治療を実施できる ように患者様の治療に最善を尽くします。",price candidates remain ambiguous,
B,P00097,F0325,関東,栃木県,医療法人俊紅会 那須高原クリニック,医療法人俊紅会 那須高原クリニック,医療法人俊紅会 那須高原クリニック,第三種,四肢の靭帯、筋腱付着部およびスポーツ傷害を対象とした自家多血小板血漿（PRP）注入療法,PRP,QC,1.0,https://saiseiiryo.mhlw.go.jp/published_plan/download/01C2309055/5/0,35000,不明,,,,-10,6,"つでも取りやめることができます。この場合でも、一切不利益を受けません。 (採血等にかかる実費等はご負担いただきます。 :採血後のキャンセル料 5,000 円 加工後のキャンセル料 35,000 円) もしこの治療を受けることに同意しない場合も、最適と考えられる治療を実施できる ように患者様の治療に最善を尽くします。",price candidates remain ambiguous,
B,P00101,F0395,関東,群馬県,医療法人社団善衆会 善衆会病院,医療法人社団善衆会 善衆会病院,医療法人社団善衆会 善衆会病院,第二種,多血小板血漿（PRP）による変形性関節症治療,PRP,AUTO,1.0,https://saiseiiryo.mhlw.go.jp/published_plan/download/03C2506072/5/0,300000,税込,1回,APS,Zimmer Biomet,9,,"どがありましたら、 分かり次第お知らせいたします。 10)治療にかかる費用について この治療は公的保険の対象外のため全額自己負担です。治療当 日、会計窓口にて治療費をお支払いください。 再生医療の種別 医療機器名称 採血量 APS生成量 費用(税込) 第2種 APSキット 55ml 2.5ml 300,000円/1回 ※注入は原則1回ですが、注入後の経過によっては、複数回の注入を 検討する場合もあります。 ※お支払いには現金、またはクレジットカード(一括払いのみ)、 デビットカードをご利用いただけます。 11)その他 治療についての注意事項 患者さんの体調や採取した血液の状態によっては、APSを生成 できないことがあります。その際には、再度採",,
B,P00105,F0085,関東,埼玉県,伊奈整形外科・せぼねクリニック,伊奈整形外科・せぼねクリニック,伊奈整形外科・せぼねクリニック,第二種,変形性関節症を対象とした自家多血小板血漿（PRP）注入療法,PRP,AUTO,1.0,https://saiseiiryo.mhlw.go.jp/published_plan/download/01C2606056/5/0,28500,税込,1回,,,9,,"険がご使用できない自由診療です。そのため、患者様の費用負担が他 の治療よりも高額になることがあります。当院において実施される本治療および本治療に必 要な検査などの費用は全額自己負担となります。 血液分離専用容器キットによる施術料: 2 種:PRP【京セラ コンデンシアキット 使用】 1回:28,500 円(税込) ※2 関節:50,000 円(税込) ※患者様の症状によっては、治療を数回行うことがあります。治療前、または治療後の状 態から担当医師が判断し、患者様にお伝えしご相談させて頂きます。 ※治療内容・回数により1回あたりの費用が減額される場合がございます。施術する前に 詳細な説明をいたしますので、ご納得いただいた上で治療をお受",,
B,P00105,F0085,関東,埼玉県,伊奈整形外科・せぼねクリニック,伊奈整形外科・せぼねクリニック,伊奈整形外科・せぼねクリニック,第二種,変形性関節症を対象とした自家多血小板血漿（PRP）注入療法,PRP,AUTO,1.0,https://saiseiiryo.mhlw.go.jp/published_plan/download/01C2606056/5/0,50000,税込,1回,,,9,,"、患者様の費用負担が他 の治療よりも高額になることがあります。当院において実施される本治療および本治療に必 要な検査などの費用は全額自己負担となります。 血液分離専用容器キットによる施術料: 2 種:PRP【京セラ コンデンシアキット 使用】 1回:28,500 円(税込) ※2 関節:50,000 円(税込) ※患者様の症状によっては、治療を数回行うことがあります。治療前、または治療後の状 態から担当医師が判断し、患者様にお伝えしご相談させて頂きます。 ※治療内容・回数により1回あたりの費用が減額される場合がございます。施術する前に 詳細な説明をいたしますので、ご納得いただいた上で治療をお受けいただけますようお願い 申し上げます。",,
B,P00105,F0085,関東,埼玉県,伊奈整形外科・せぼねクリニック,伊奈整形外科・せぼねクリニック,伊奈整形外科・せぼねクリニック,第二種,変形性関節症を対象とした自家多血小板血漿（PRP）注入療法,PRP,AUTO,1.0,https://saiseiiryo.mhlw.go.jp/published_plan/download/01C2606056/5/0,10000,不明,1 回,,,-8,,"同意されない場合でも、一切不利益を受けることはありません。 また同様に、治療を受けることに同意した場合であっても、投与までの間でしたら、いつ でも取りやめることができます。この場合でも、一切不利益を受けません。 ただしキャンセル料はご負担いただきます。 1 回の場合:採血後のキャンセル料 10,000 円 加工後のキャンセル料 15,000 円 2カ所の場合:採血後のキャンセル料 20,000 円 加工後のキャンセル料 25,000 円 もしこの治療を受けることに同意されない場合も、最適と考えられる治療を実施できるよ うに患者様の治療に最善を尽くします。 ただし、治療を行った後は、健康管理・アフターフォローのために必要に応じて適",,
B,P00105,F0085,関東,埼玉県,伊奈整形外科・せぼねクリニック,伊奈整形外科・せぼねクリニック,伊奈整形外科・せぼねクリニック,第二種,変形性関節症を対象とした自家多血小板血漿（PRP）注入療法,PRP,AUTO,1.0,https://saiseiiryo.mhlw.go.jp/published_plan/download/01C2606056/5/0,15000,不明,1 回,,,-8,,"ことはありません。 また同様に、治療を受けることに同意した場合であっても、投与までの間でしたら、いつ でも取りやめることができます。この場合でも、一切不利益を受けません。 ただしキャンセル料はご負担いただきます。 1 回の場合:採血後のキャンセル料 10,000 円 加工後のキャンセル料 15,000 円 2カ所の場合:採血後のキャンセル料 20,000 円 加工後のキャンセル料 25,000 円 もしこの治療を受けることに同意されない場合も、最適と考えられる治療を実施できるよ うに患者様の治療に最善を尽くします。 ただし、治療を行った後は、健康管理・アフターフォローのために必要に応じて適切な検 査を受けていただき、医学的に問題",,
B,P00105,F0085,関東,埼玉県,伊奈整形外科・せぼねクリニック,伊奈整形外科・せぼねクリニック,伊奈整形外科・せぼねクリニック,第二種,変形性関節症を対象とした自家多血小板血漿（PRP）注入療法,PRP,AUTO,1.0,https://saiseiiryo.mhlw.go.jp/published_plan/download/01C2606056/5/0,20000,不明,1 回,,,-8,,"した場合であっても、投与までの間でしたら、いつ でも取りやめることができます。この場合でも、一切不利益を受けません。 ただしキャンセル料はご負担いただきます。 1 回の場合:採血後のキャンセル料 10,000 円 加工後のキャンセル料 15,000 円 2カ所の場合:採血後のキャンセル料 20,000 円 加工後のキャンセル料 25,000 円 もしこの治療を受けることに同意されない場合も、最適と考えられる治療を実施できるよ うに患者様の治療に最善を尽くします。 ただし、治療を行った後は、健康管理・アフターフォローのために必要に応じて適切な検 査を受けていただき、医学的に問題がないかを確認させていただきます。 11. 試料等",,
B,P00105,F0085,関東,埼玉県,伊奈整形外科・せぼねクリニック,伊奈整形外科・せぼねクリニック,伊奈整形外科・せぼねクリニック,第二種,変形性関節症を対象とした自家多血小板血漿（PRP）注入療法,PRP,AUTO,1.0,https://saiseiiryo.mhlw.go.jp/published_plan/download/01C2606056/5/0,25000,不明,1 回,,,-8,,"、いつ でも取りやめることができます。この場合でも、一切不利益を受けません。 ただしキャンセル料はご負担いただきます。 1 回の場合:採血後のキャンセル料 10,000 円 加工後のキャンセル料 15,000 円 2カ所の場合:採血後のキャンセル料 20,000 円 加工後のキャンセル料 25,000 円 もしこの治療を受けることに同意されない場合も、最適と考えられる治療を実施できるよ うに患者様の治療に最善を尽くします。 ただし、治療を行った後は、健康管理・アフターフォローのために必要に応じて適切な検 査を受けていただき、医学的に問題がないかを確認させていただきます。 11. 試料等の保管及び廃棄の方法について 加工",,
B,P00107,F0081,関東,埼玉県,さいたま整形外科クリニック,さいたま整形外科クリニック,さいたま整形外科クリニック,第二種,自家多血小板血漿（PRP）を用いた慢性関節障害に対する治療,PRP,AUTO,0.98,https://saiseiiryo.mhlw.go.jp/published_plan/download/02C2512030/5/0,35000,税込,1 回(1 部位),ACP MAX|ACP,Arthrex,8,,"。 l 施術する前に詳細な施術料金を提示いたしますので、ご納得いただいた上、受療いただ きますようお願い申し上げます。 一般的な治療費用は下記のとおりです。(税込表記) キット 費用(税別) ACP 1 回(1 部位) 50,000 円 ACP(学割) 1 回(1 部位) 35,000 円 ACP ダブルショット 1 回(1 部位) 95,000 円 ACP MAX 1 回(1 部位) 150,000 円 ACPMAX 関節内および骨内注射 1 回(1 部位) 650,000 円 10.その他、治療についての注意事項 l 患者様の体調が良くな",,
B,P00107,F0081,関東,埼玉県,さいたま整形外科クリニック,さいたま整形外科クリニック,さいたま整形外科クリニック,第二種,自家多血小板血漿（PRP）を用いた慢性関節障害に対する治療,PRP,AUTO,0.98,https://saiseiiryo.mhlw.go.jp/published_plan/download/02C2512030/5/0,50000,税込,1 回(1 部位),ACP MAX|ACP,Arthrex,8,,"本治療に係る費用は患者様の症状などにより患者様毎に異なります。 l 施術する前に詳細な施術料金を提示いたしますので、ご納得いただいた上、受療いただ きますようお願い申し上げます。 一般的な治療費用は下記のとおりです。(税込表記) キット 費用(税別) ACP 1 回(1 部位) 50,000 円 ACP(学割) 1 回(1 部位) 35,000 円 ACP ダブルショット 1 回(1 部位) 95,000 円 ACP MAX 1 回(1 部位) 150,000 円 ACPMAX 関節内および骨内注射 1 回(1 部位) 650,000 円 10.その他、治療についての注意事項",,
B,P00107,F0081,関東,埼玉県,さいたま整形外科クリニック,さいたま整形外科クリニック,さいたま整形外科クリニック,第二種,自家多血小板血漿（PRP）を用いた慢性関節障害に対する治療,PRP,AUTO,0.98,https://saiseiiryo.mhlw.go.jp/published_plan/download/02C2512030/5/0,95000,税込,1 回(1 部位),ACP MAX|ACP,Arthrex,8,,"ただいた上、受療いただ きますようお願い申し上げます。 一般的な治療費用は下記のとおりです。(税込表記) キット 費用(税別) ACP 1 回(1 部位) 50,000 円 ACP(学割) 1 回(1 部位) 35,000 円 ACP ダブルショット 1 回(1 部位) 95,000 円 ACP MAX 1 回(1 部位) 150,000 円 ACPMAX 関節内および骨内注射 1 回(1 部位) 650,000 円 10.その他、治療についての注意事項 l 患者様の体調が良くない場合や、採取した血液の状態によっては、同意いただいても治 療を実施",,
B,P00107,F0081,関東,埼玉県,さいたま整形外科クリニック,さいたま整形外科クリニック,さいたま整形外科クリニック,第二種,自家多血小板血漿（PRP）を用いた慢性関節障害に対する治療,PRP,AUTO,0.98,https://saiseiiryo.mhlw.go.jp/published_plan/download/02C2512030/5/0,150000,税込,1 回(1 部位),ACP MAX|ACP,Arthrex,8,,"一般的な治療費用は下記のとおりです。(税込表記) キット 費用(税別) ACP 1 回(1 部位) 50,000 円 ACP(学割) 1 回(1 部位) 35,000 円 ACP ダブルショット 1 回(1 部位) 95,000 円 ACP MAX 1 回(1 部位) 150,000 円 ACPMAX 関節内および骨内注射 1 回(1 部位) 650,000 円 10.その他、治療についての注意事項 l 患者様の体調が良くない場合や、採取した血液の状態によっては、同意いただいても治 療を実施できないことがあります。 l 細胞の特性上、治療の日程やお",,
B,P00107,F0081,関東,埼玉県,さいたま整形外科クリニック,さいたま整形外科クリニック,さいたま整形外科クリニック,第二種,自家多血小板血漿（PRP）を用いた慢性関節障害に対する治療,PRP,AUTO,0.98,https://saiseiiryo.mhlw.go.jp/published_plan/download/02C2512030/5/0,650000,不明,1 回(1 部位),ACP MAX|ACP,Arthrex,2,,"CP 1 回(1 部位) 50,000 円 ACP(学割) 1 回(1 部位) 35,000 円 ACP ダブルショット 1 回(1 部位) 95,000 円 ACP MAX 1 回(1 部位) 150,000 円 ACPMAX 関節内および骨内注射 1 回(1 部位) 650,000 円 10.その他、治療についての注意事項 l 患者様の体調が良くない場合や、採取した血液の状態によっては、同意いただいても治 療を実施できないことがあります。 l 細胞の特性上、治療の日程やお時間を変更させていただいたり、安全な治療を実施でき ないと判断した場合は中止するこ",,
B,P00108,F0083,関東,埼玉県,まくり整形外科クリニック,まくり整形外科クリニック,まくり整形外科クリニック,第二種,多血小板血漿（PRP）による変形性関節症治療,PRP,AUTO,1.0,https://saiseiiryo.mhlw.go.jp/published_plan/download/03C2305021/5/0,300000,不明,3 回分,,,8,,"11 11. 患者さんの費用負担について 本治療は自由診療※となり、健康保険が適用にならず、全額自己負担になる治 療で本来健康保険が適用される治療も含め、すべて全額自己負担となります。 施術費用は下記の通りとなります。 PRP 変形性関節症治療 300,000 円 (標準的な治療費用。採血及び投与3 回分の費用を含む) · 治療内容により費用が変動いたします。施術する前に詳細な説明をいたし ますので、ご納得いただいた上で施術いただきますようお願い申し上げま す。 · 治療同意後、採血を実施した際に全ての費用を頂戴いたします。 · 患者様の都合又は患者様に起因する原因により治療が中",,
B,P00109,F0084,関東,埼玉県,ミューズシティクリニック,ミューズシティクリニック,ミューズシティクリニック,第二種,変形性関節症を対象とした自家多血小板血漿（PRP）注入療法,PRP,AUTO,1.0,https://saiseiiryo.mhlw.go.jp/published_plan/download/01C2506022/5/0,110000,税込,1 回,,,9,,"があります。当院において実施される本治療および本治 療に必要な検査などの費用は全額自己負担となります。 血液分離専用容器キットによる提供価格 各1 回: PRP:スモールスピッツ:1 回1本使用22,000(税込価格) 1回2本使用44,000(税込価格) 1クール(2本使用3 回分):110,000 円(税込価格) ※患者様の症状によっては、治療を数回行うことがあります。治療前、または治療後の 状態から担当医師が判断し、患者様にお伝えしご相談させて頂きます。 ※治療内容・回数により1回あたりの費用が減額される場合がございます。施術する前 に詳細な説明をいたしますので、ご納得いただいた上で施術をお受けいただけますよ うお願い申し上げ",,
B,P00109,F0084,関東,埼玉県,ミューズシティクリニック,ミューズシティクリニック,ミューズシティクリニック,第二種,変形性関節症を対象とした自家多血小板血漿（PRP）注入療法,PRP,AUTO,1.0,https://saiseiiryo.mhlw.go.jp/published_plan/download/01C2506022/5/0,5500,税込,1 回,,,-7,,"に同意されない場合でも、一切不利益を受けることはありません。 また同様に、治療を受けることに同意した場合であっても、投与までの間でしたらい つでも取りやめることができます。その場合、その後の治療について一切不利益は受け ません。(ただし下記のキャンセル料は申し受けます) 京セラ:採血後~加工前 5,500 円(税込) 1 回目の加工後~投与前 全額 もしこの治療を受けることに同意しない場合も、最適と考えられる治療を実施できる ように患者様の治療に最善を尽くします。 ただし、治療を行った後は、健康管理のために必要に応じて適切な検査を受けていた だき、医学的に問題がないかを確認させていただきます。 11. 試料等の保管及び",,
B,P00110,F0090,関東,埼玉県,医療法人彰友会 小林整形外科,医療法人彰友会 小林整形外科,医療法人彰友会 小林整形外科,第二種,変形性関節症および関節腔の傷害を対象とした自家多血小板血漿（PRP）注入療法,PRP,QC,1.0,https://saiseiiryo.mhlw.go.jp/published_plan/download/01C2401026/5/0,5000,不明,,,,-10,7,"つでも取りやめることができます。この場合でも、一切不利益を受けません。 (採血等にかかる実費等はご負担いただきます。 :採血後のキャンセル料 5,000 円 加工後のキャンセル料 30,000 円) もしこの治療を受けることに同意しない場合も、最適と考えられる治療を実施できる ように患者様の治療に最善を尽くします。",price candidates remain ambiguous,
B,P00110,F0090,関東,埼玉県,医療法人彰友会 小林整形外科,医療法人彰友会 小林整形外科,医療法人彰友会 小林整形外科,第二種,変形性関節症および関節腔の傷害を対象とした自家多血小板血漿（PRP）注入療法,PRP,QC,1.0,https://saiseiiryo.mhlw.go.jp/published_plan/download/01C2401026/5/0,30000,不明,,,,-10,7,"つでも取りやめることができます。この場合でも、一切不利益を受けません。 (採血等にかかる実費等はご負担いただきます。 :採血後のキャンセル料 5,000 円 加工後のキャンセル料 30,000 円) もしこの治療を受けることに同意しない場合も、最適と考えられる治療を実施できる ように患者様の治療に最善を尽くします。",price candidates remain ambiguous,
B,P00111,F0094,関東,埼玉県,医療法人本庄福島病院 本庄総合病院,医療法人本庄福島病院 本庄総合病院,医療法人本庄福島病院 本庄総合病院,第二種,多血小板血漿（PRP）の投与による変形性関節症治療,PRP,AUTO,1.0,https://saiseiiryo.mhlw.go.jp/published_plan/download/03C2405005/5/0,150000,不明,1回,APS|GPS,Zimmer Biomet,8,,"を完全 には否定できない 品質管理された安全性の高いものだが、アレルギー反応などの可能 性を完全には否定できない 11. 治療にかかる費用について この治療は公的保険の対象ではありませんので、当院の所定の施術 料をお支払いいただきます。 ・PRPを用いた治療(GPSIIIキット使用)における施術料 150,000円 ・濃縮PRPを用いた治療(APSキット使用)における施術料 360,000円 ご不明な点は医師・スタッフにお尋ねください。なお1回の施術あ たりの費用は、患部の状態を確認した医師の判断、PRPの遠心回数 等により変更となる場合がございます。 12. その他治療についての注意事 項",,
B,P00111,F0094,関東,埼玉県,医療法人本庄福島病院 本庄総合病院,医療法人本庄福島病院 本庄総合病院,医療法人本庄福島病院 本庄総合病院,第二種,多血小板血漿（PRP）の投与による変形性関節症治療,PRP,AUTO,1.0,https://saiseiiryo.mhlw.go.jp/published_plan/download/03C2405005/5/0,360000,不明,1回,APS|GPS,Zimmer Biomet,8,,"どの可能 性を完全には否定できない 11. 治療にかかる費用について この治療は公的保険の対象ではありませんので、当院の所定の施術 料をお支払いいただきます。 ・PRPを用いた治療(GPSIIIキット使用)における施術料 150,000円 ・濃縮PRPを用いた治療(APSキット使用)における施術料 360,000円 ご不明な点は医師・スタッフにお尋ねください。なお1回の施術あ たりの費用は、患部の状態を確認した医師の判断、PRPの遠心回数 等により変更となる場合がございます。 12. その他治療についての注意事 項 患者様の体調が良くない場合や、採取した血液の状態によっては、 PR",,
B,P00112,F0101,関東,埼玉県,医療法人社団 鴻愛会 with Life クリニック 大宮駅前,医療法人社団 鴻愛会 with Life クリニック 大宮駅前,医療法人社団 鴻愛会 with Life クリニック 大宮駅前,第二種,自家脂肪組織由来の培養間葉系幹細胞を用いた関節疾患の治療,脂肪由来MSC,QC,1.0,https://saiseiiryo.mhlw.go.jp/published_plan/download/01C2505058/5/0,,,,,,,,,no price found after text/OCR pass,RuntimeError: Tesseract process timeout
B,P00113,F0091,関東,埼玉県,医療法人社団愛友会 三郷中央総合病院,医療法人社団愛友会 三郷中央総合病院,医療法人社団愛友会 三郷中央総合病院,第二種,多血小板血漿（PRP）を用いた変形性関節症治療,PRP,AUTO,0.952,https://saiseiiryo.mhlw.go.jp/published_plan/download/03C2412018/5/0,200000,税別,,,,8,,"定性 PRP は患者様自身の血液から製造するため、品質が ばらつく可能性がある。 医薬品として承認されてお り、品質は安定している アレルギーの 可能性 自家移植のため、極めて低い。 品質管理された安全性の高 いものだが、アレルギー反 応などの可能性を完全には 否定できない。 費用 200,000 円(税抜) 320,000 円(税抜) 保険適用 詳細やご不明な点は医師・スタッフまでお気軽にお尋ねください。 施術後、患者様の個人的な事情及び金銭等に関する問題に関しては一切の責を負いかねますのでご 了承ください。 その他治療についての注意事項 患者様の体調が良くない場合",,
B,P00113,F0091,関東,埼玉県,医療法人社団愛友会 三郷中央総合病院,医療法人社団愛友会 三郷中央総合病院,医療法人社団愛友会 三郷中央総合病院,第二種,多血小板血漿（PRP）を用いた変形性関節症治療,PRP,AUTO,0.952,https://saiseiiryo.mhlw.go.jp/published_plan/download/03C2412018/5/0,320000,税別,,,,6,,"血液から製造するため、品質が ばらつく可能性がある。 医薬品として承認されてお り、品質は安定している アレルギーの 可能性 自家移植のため、極めて低い。 品質管理された安全性の高 いものだが、アレルギー反 応などの可能性を完全には 否定できない。 費用 200,000 円(税抜) 320,000 円(税抜) 保険適用 詳細やご不明な点は医師・スタッフまでお気軽にお尋ねください。 施術後、患者様の個人的な事情及び金銭等に関する問題に関しては一切の責を負いかねますのでご 了承ください。 その他治療についての注意事項 患者様の体調が良くない場合や、採取した血液の状態によって",,
B,P00114,F0092,関東,埼玉県,医療法人社団慶辰会 新越谷駅前えがわ整形外科クリニック,医療法人社団慶辰会 新越谷駅前えがわ整形外科クリニック,医療法人社団慶辰会 新越谷駅前えがわ整形外科クリニック,第二種,多血小板血漿（PRP）を用いた変形性関節症治療,PRP,QC,0.952,https://saiseiiryo.mhlw.go.jp/published_plan/download/01C2012028/5/0,2000,税別,,,,7,4,"費用 180,000 円(税抜) 290,000 円(税抜) 保険適用:2000 円前 後/回 (膝関節内投与の場",price candidates remain ambiguous,
B,P00114,F0092,関東,埼玉県,医療法人社団慶辰会 新越谷駅前えがわ整形外科クリニック,医療法人社団慶辰会 新越谷駅前えがわ整形外科クリニック,医療法人社団慶辰会 新越谷駅前えがわ整形外科クリニック,第二種,多血小板血漿（PRP）を用いた変形性関節症治療,PRP,QC,0.952,https://saiseiiryo.mhlw.go.jp/published_plan/download/01C2012028/5/0,180000,税別,,,,5,4,"ない。 費用 180,000 円(税抜) 290,000 円(税抜) 保険適用:2000 円前 後/回",price candidates remain ambiguous,
B,P00114,F0092,関東,埼玉県,医療法人社団慶辰会 新越谷駅前えがわ整形外科クリニック,医療法人社団慶辰会 新越谷駅前えがわ整形外科クリニック,医療法人社団慶辰会 新越谷駅前えがわ整形外科クリニック,第二種,多血小板血漿（PRP）を用いた変形性関節症治療,PRP,QC,0.952,https://saiseiiryo.mhlw.go.jp/published_plan/download/01C2012028/5/0,290000,税別,,,,5,4,"ない。 費用 180,000 円(税抜) 290,000 円(税抜) 保険適用:2000 円前 後/回",price candidates remain ambiguous,
B,P00114,F0092,関東,埼玉県,医療法人社団慶辰会 新越谷駅前えがわ整形外科クリニック,医療法人社団慶辰会 新越谷駅前えがわ整形外科クリニック,医療法人社団慶辰会 新越谷駅前えがわ整形外科クリニック,第二種,多血小板血漿（PRP）を用いた変形性関節症治療,PRP,QC,0.952,https://saiseiiryo.mhlw.go.jp/published_plan/download/01C2012028/5/0,2000,不明,,,,3,4,(膝関節内投与の場 合) 保険適用:2000 円前後 /回 (膝関節内投与の場,price candidates remain ambiguous,
B,P00115,F0093,関東,埼玉県,医療法人社団春陽会 大宮リビータ整形外科,医療法人社団春陽会 大宮リビータ整形外科,医療法人社団春陽会 大宮リビータ整形外科,第二種,多血小板血漿（PRP）を用いた関節痛治療,PRP,AUTO,0.9333,https://saiseiiryo.mhlw.go.jp/published_plan/download/03C2509046/5/0,330000,税込,,APS,Zimmer Biomet,10,5,"この治療は公的保険の対象ではありませんので、当院の所定の施術料をお支払いいただきます。 Condensiaシステム 88,000円(税込) APS キット 330,000 円(税込) 症状などにより治療費は変動する可能性がございます。 詳細やご不明な点は医師またはスタッフにお尋ね下さい。",line-level strong price context,
B,P00116,F0093,関東,埼玉県,医療法人社団春陽会 大宮リビータ整形外科,医療法人社団春陽会 大宮リビータ整形外科,医療法人社団春陽会 大宮リビータ整形外科,第二種,自己脂肪由来間葉系幹細胞を用いた変形性関節症治療,脂肪由来MSC,AUTO,1.0,https://saiseiiryo.mhlw.go.jp/published_plan/download/03C2509047/5/0,900000,税込,,,,10,6,"他、本治療を受けるために必要となった旅費、交通費などの全ての費用もご自分でご負担いただ きます。実際に必要となる費用については今回の治療は以下となります。 膝関節(他関節含む):1関節(単位)900,000 円(税込)、2関節(単位)1,400,000 円(税込) 椎間関節、仙腸関節 :1関節(単位)1,100,000 円(税込)、2関節(単位)1,700,000 円(税込) なお、脂肪の採取後や、細胞加工物の製造開始後に同意を撤回された場合など、同意を撤回さ",line-level strong price context,
B,P00116,F0093,関東,埼玉県,医療法人社団春陽会 大宮リビータ整形外科,医療法人社団春陽会 大宮リビータ整形外科,医療法人社団春陽会 大宮リビータ整形外科,第二種,自己脂肪由来間葉系幹細胞を用いた変形性関節症治療,脂肪由来MSC,AUTO,1.0,https://saiseiiryo.mhlw.go.jp/published_plan/download/03C2509047/5/0,1100000,税込,,,,10,6,"きます。実際に必要となる費用については今回の治療は以下となります。 膝関節(他関節含む):1関節(単位)900,000 円(税込)、2関節(単位)1,400,000 円(税込) 椎間関節、仙腸関節 :1関節(単位)1,100,000 円(税込)、2関節(単位)1,700,000 円(税込) なお、脂肪の採取後や、細胞加工物の製造開始後に同意を撤回された場合など、同意を撤回さ れる時点までに費用が発生している場合は、発生した費用についてはあなたにご負担いただきま",line-level strong price context,
B,P00116,F0093,関東,埼玉県,医療法人社団春陽会 大宮リビータ整形外科,医療法人社団春陽会 大宮リビータ整形外科,医療法人社団春陽会 大宮リビータ整形外科,第二種,自己脂肪由来間葉系幹細胞を用いた変形性関節症治療,脂肪由来MSC,AUTO,1.0,https://saiseiiryo.mhlw.go.jp/published_plan/download/03C2509047/5/0,1400000,税込,,,,10,6,"他、本治療を受けるために必要となった旅費、交通費などの全ての費用もご自分でご負担いただ きます。実際に必要となる費用については今回の治療は以下となります。 膝関節(他関節含む):1関節(単位)900,000 円(税込)、2関節(単位)1,400,000 円(税込) 椎間関節、仙腸関節 :1関節(単位)1,100,000 円(税込)、2関節(単位)1,700,000 円(税込) なお、脂肪の採取後や、細胞加工物の製造開始後に同意を撤回された場合など、同意を撤回さ",line-level strong price context,
B,P00116,F0093,関東,埼玉県,医療法人社団春陽会 大宮リビータ整形外科,医療法人社団春陽会 大宮リビータ整形外科,医療法人社団春陽会 大宮リビータ整形外科,第二種,自己脂肪由来間葉系幹細胞を用いた変形性関節症治療,脂肪由来MSC,AUTO,1.0,https://saiseiiryo.mhlw.go.jp/published_plan/download/03C2509047/5/0,1700000,税込,,,,10,6,"きます。実際に必要となる費用については今回の治療は以下となります。 膝関節(他関節含む):1関節(単位)900,000 円(税込)、2関節(単位)1,400,000 円(税込) 椎間関節、仙腸関節 :1関節(単位)1,100,000 円(税込)、2関節(単位)1,700,000 円(税込) なお、脂肪の採取後や、細胞加工物の製造開始後に同意を撤回された場合など、同意を撤回さ れる時点までに費用が発生している場合は、発生した費用についてはあなたにご負担いただきま",line-level strong price context,
B,P00117,F0097,関東,埼玉県,医療法人社団武蔵野会 TMGあさか医療センター,医療法人社団武蔵野会 TMGあさか医療センター,医療法人社団武蔵野会 TMGあさか医療センター,第二種,多血小板血漿（PRP）を用いた変形性関節症治療,PRP,QC,0.952,https://saiseiiryo.mhlw.go.jp/published_plan/download/03C2407109/5/0,150000,税別,,,,6,4,"費用 ・日帰りコース 150,000 円(税抜) ・1 泊2 日個室対応 200,000 円(税抜)",price candidates remain ambiguous,
B,P00117,F0097,関東,埼玉県,医療法人社団武蔵野会 TMGあさか医療センター,医療法人社団武蔵野会 TMGあさか医療センター,医療法人社団武蔵野会 TMGあさか医療センター,第二種,多血小板血漿（PRP）を用いた変形性関節症治療,PRP,QC,0.952,https://saiseiiryo.mhlw.go.jp/published_plan/download/03C2407109/5/0,350000,税別,,,,5,4,"300,000 円(税抜) ・1 泊2 日個室対応 350,000 円(税抜) 保険適用:2000 円前後/回 (膝関節内投与の場合)",price candidates remain ambiguous,
B,P00117,F0097,関東,埼玉県,医療法人社団武蔵野会 TMGあさか医療センター,医療法人社団武蔵野会 TMGあさか医療センター,医療法人社団武蔵野会 TMGあさか医療センター,第二種,多血小板血漿（PRP）を用いた変形性関節症治療,PRP,QC,0.952,https://saiseiiryo.mhlw.go.jp/published_plan/download/03C2407109/5/0,2000,税別,,,,4,4,"・1 泊2 日個室対応 350,000 円(税抜) 保険適用:2000 円前後/回 (膝関節内投与の場合) 詳細やご不明な点は医師・スタッフまでお気軽にお尋ねください。",price candidates remain ambiguous,
B,P00117,F0097,関東,埼玉県,医療法人社団武蔵野会 TMGあさか医療センター,医療法人社団武蔵野会 TMGあさか医療センター,医療法人社団武蔵野会 TMGあさか医療センター,第二種,多血小板血漿（PRP）を用いた変形性関節症治療,PRP,QC,0.952,https://saiseiiryo.mhlw.go.jp/published_plan/download/03C2407109/5/0,200000,税別,,,,3,4,"150,000 円(税抜) ・1 泊2 日個室対応 200,000 円(税抜) ・日帰りコース 300,000 円(税抜)",price candidates remain ambiguous,
B,P00117,F0097,関東,埼玉県,医療法人社団武蔵野会 TMGあさか医療センター,医療法人社団武蔵野会 TMGあさか医療センター,医療法人社団武蔵野会 TMGあさか医療センター,第二種,多血小板血漿（PRP）を用いた変形性関節症治療,PRP,QC,0.952,https://saiseiiryo.mhlw.go.jp/published_plan/download/03C2407109/5/0,300000,税別,,,,3,4,"200,000 円(税抜) ・日帰りコース 300,000 円(税抜) ・1 泊2 日個室対応 350,000 円(税抜)",price candidates remain ambiguous,
B,P00122,F0103,関東,埼玉県,医療法人社団鷲明会 かすかべ整形外科・内科 ほまれクリニック,医療法人社団鷲明会 かすかべ整形外科・内科 ほまれクリニック,医療法人社団鷲明会 かすかべ整形外科・内科 ほまれクリニック,第二種,自家脂肪組織由来幹細胞（ASC）の投与による関節治療,脂肪由来ASC,AUTO,1.0,https://saiseiiryo.mhlw.go.jp/published_plan/download/02C2412051/5/0,1200000,税込,2 回,,,8,7,"950,000 円(税込) 2 関節 1,200,000 円(税込) 初回投与で使用されなかった自家ASC は、細胞培養加工施設で保管されます。投与可能な 量の自家ASC が残っている場合、患者さまのご希望により、以下の施術料にて2 回目以降",line-level medium price context,
B,P00122,F0103,関東,埼玉県,医療法人社団鷲明会 かすかべ整形外科・内科 ほまれクリニック,医療法人社団鷲明会 かすかべ整形外科・内科 ほまれクリニック,医療法人社団鷲明会 かすかべ整形外科・内科 ほまれクリニック,第二種,自家脂肪組織由来幹細胞（ASC）の投与による関節治療,脂肪由来ASC,AUTO,1.0,https://saiseiiryo.mhlw.go.jp/published_plan/download/02C2412051/5/0,300000,税込,2回,,,7,7,"2回目の価格 1 関節 300,000 円(税込) 脂肪組織を採取してから1 年以上を経過した後も自家ASC の保管を行う場合は、1 年間延 長するごとに保管費用として別途59,400 円(税込)ご負担いただきます。詳しくは、スタ",line-level medium price context,
B,P00122,F0103,関東,埼玉県,医療法人社団鷲明会 かすかべ整形外科・内科 ほまれクリニック,医療法人社団鷲明会 かすかべ整形外科・内科 ほまれクリニック,医療法人社団鷲明会 かすかべ整形外科・内科 ほまれクリニック,第二種,自家脂肪組織由来幹細胞（ASC）の投与による関節治療,脂肪由来ASC,AUTO,1.0,https://saiseiiryo.mhlw.go.jp/published_plan/download/02C2412051/5/0,950000,税込,,,,7,7,"初回価格 1 関節 950,000 円(税込) 2 関節 1,200,000 円(税込)",line-level medium price context,
B,P00123,F0082,関東,埼玉県,医療生協さいたま生活協同組合 埼玉協同病院,医療生協さいたま生活協同組合 埼玉協同病院,医療生協さいたま生活協同組合 埼玉協同病院,第二種,変形性関節症を対象とした自己多血小板血漿（PRP）注入療法,PRP,QC,1.0,https://saiseiiryo.mhlw.go.jp/published_plan/download/02C2604015/5/0,35000,不明,,MyCells,MyCells系,2,5,"Condensia システム 京セラ株式会社 35,000 円~40,000 円 Mycells PRP キット ディーマー・メディカル・ジャパン",price candidates remain ambiguous,
B,P00123,F0082,関東,埼玉県,医療生協さいたま生活協同組合 埼玉協同病院,医療生協さいたま生活協同組合 埼玉協同病院,医療生協さいたま生活協同組合 埼玉協同病院,第二種,変形性関節症を対象とした自己多血小板血漿（PRP）注入療法,PRP,QC,1.0,https://saiseiiryo.mhlw.go.jp/published_plan/download/02C2604015/5/0,35000,不明,,MyCells,MyCells系,2,5,"Mycells PRP キット ディーマー・メディカル・ジャパン 35,000 円~60,000 円 10. 治療を受けることを拒否することについて この治療を受けるか拒否するかは、ご自身の自由な意思でお決めください。説明を受けた後に同意",price candidates remain ambiguous,
B,P00123,F0082,関東,埼玉県,医療生協さいたま生活協同組合 埼玉協同病院,医療生協さいたま生活協同組合 埼玉協同病院,医療生協さいたま生活協同組合 埼玉協同病院,第二種,変形性関節症を対象とした自己多血小板血漿（PRP）注入療法,PRP,QC,1.0,https://saiseiiryo.mhlw.go.jp/published_plan/download/02C2604015/5/0,40000,不明,,MyCells,MyCells系,2,5,"Condensia システム 京セラ株式会社 35,000 円~40,000 円 Mycells PRP キット ディーマー・メディカル・ジャパン",price candidates remain ambiguous,
B,P00123,F0082,関東,埼玉県,医療生協さいたま生活協同組合 埼玉協同病院,医療生協さいたま生活協同組合 埼玉協同病院,医療生協さいたま生活協同組合 埼玉協同病院,第二種,変形性関節症を対象とした自己多血小板血漿（PRP）注入療法,PRP,QC,1.0,https://saiseiiryo.mhlw.go.jp/published_plan/download/02C2604015/5/0,60000,不明,,MyCells,MyCells系,2,5,"Mycells PRP キット ディーマー・メディカル・ジャパン 35,000 円~60,000 円 10. 治療を受けることを拒否することについて この治療を受けるか拒否するかは、ご自身の自由な意思でお決めください。説明を受けた後に同意",price candidates remain ambiguous,
B,P00123,F0082,関東,埼玉県,医療生協さいたま生活協同組合 埼玉協同病院,医療生協さいたま生活協同組合 埼玉協同病院,医療生協さいたま生活協同組合 埼玉協同病院,第二種,変形性関節症を対象とした自己多血小板血漿（PRP）注入療法,PRP,QC,1.0,https://saiseiiryo.mhlw.go.jp/published_plan/download/02C2604015/5/0,230000,不明,,APS,Zimmer Biomet,2,5,"APS キット ジンマー・バイオメット合同会社 230,000 円~240,000 円 Condensia システム 京セラ株式会社",price candidates remain ambiguous,
B,P00123,F0082,関東,埼玉県,医療生協さいたま生活協同組合 埼玉協同病院,医療生協さいたま生活協同組合 埼玉協同病院,医療生協さいたま生活協同組合 埼玉協同病院,第二種,変形性関節症を対象とした自己多血小板血漿（PRP）注入療法,PRP,QC,1.0,https://saiseiiryo.mhlw.go.jp/published_plan/download/02C2604015/5/0,240000,不明,,APS,Zimmer Biomet,2,5,"APS キット ジンマー・バイオメット合同会社 230,000 円~240,000 円 Condensia システム 京セラ株式会社",price candidates remain ambiguous,
B,P00124,F0087,関東,埼玉県,埼玉整形外科スポーツクリニック,埼玉整形外科スポーツクリニック,埼玉整形外科スポーツクリニック,第二種,自家多血小板血漿を用いた変形性関節症および関節腔内の治療,PRP,QC,1.0,https://saiseiiryo.mhlw.go.jp/published_plan/download/01C2606063/5/0,,,,,,,,,no price found after text/OCR pass,RuntimeError: Tesseract process timeout
B,P00128,F0101,関東,埼玉県,医療法人社団 鴻愛会 with Life クリニック 大宮駅前,医療法人社団 鴻愛会 with Life クリニック 大宮駅前,医療法人社団 鴻愛会 with Life クリニック 大宮駅前,第三種,自家多血小板血漿（PRP）を用いた筋肉、腱、靭帯、筋膜の損傷及び慢性炎症の治療,PRP,QC,0.9651,https://saiseiiryo.mhlw.go.jp/published_plan/download/01C2506019/5/0,,,,,,,,,no price found after text/OCR pass,RuntimeError: Tesseract process timeout
B,P00129,F0078,関東,埼玉県,医療法人社団iD さいたま新都心iD整形外科,医療法人社団iD さいたま新都心iD整形外科,医療法人社団iD さいたま新都心iD整形外科,第三種,自家多血小板血漿（PRP）の投与によるスポーツ外傷を含む筋、腱、靱帯損傷治療,PRP,AUTO,1.0,https://saiseiiryo.mhlw.go.jp/published_plan/download/01C2503031/5/0,22000,税込,1 回,,,8,6,"キャンセル費用のお支払いはございません 採血後~投与直前まで 22,000 円(税込) ご不明な点は医師・スタッフにお尋ねください。なお1 回の施術あたりの費用は、患部の状態を確認 した医師の判断、PRP の遠心回数等により変更となる場合がございます。",line-level medium price context,
B,P00129,F0078,関東,埼玉県,医療法人社団iD さいたま新都心iD整形外科,医療法人社団iD さいたま新都心iD整形外科,医療法人社団iD さいたま新都心iD整形外科,第三種,自家多血小板血漿（PRP）の投与によるスポーツ外傷を含む筋、腱、靱帯損傷治療,PRP,AUTO,1.0,https://saiseiiryo.mhlw.go.jp/published_plan/download/01C2503031/5/0,44000,税込,,,,7,5,"治療費用: 自家PRP を用いた治療における施術料 44,000 円(税込)",line-level medium price context,
B,P00130,F0079,関東,埼玉県,医療法人社団nagomi会 健康スポーツクリニック,医療法人社団nagomi会 健康スポーツクリニック,医療法人社団nagomi会 健康スポーツクリニック,第三種,多血小板血漿（PRP）の投与によるスポーツ外傷を含む筋、腱、靭帯損傷治療,PRP,AUTO,1.0,https://saiseiiryo.mhlw.go.jp/published_plan/download/03C2408004/5/0,150000,不明,1 回,,,7,,"外傷を含む筋、腱、靱帯損傷治 療の説明文・同意文書 6 10. 治療にかかる費用について この治療は公的保険の対象ではありませんので、当病院所定の下記の施術料をお支払い いただきます。 ・PRP を用いた治療における施術料 150,000 円 ご不明な点は医師・スタッフにお尋ねください。なお1 回の施術あたりの費用は、患部 の状態を確認した医師の判断、およびそれに応じたPRP 投与量等により変更となる場 合がございます。 11. その他治療についての注意事項 患者様の体調が良くない場合や、採取した血液の状態によって",,
B,P00131,F0089,関東,埼玉県,医療法人社団 宏志会 豊岡第一病院,医療法人社団 宏志会 豊岡第一病院,医療法人社団 宏志会 豊岡第一病院,第三種,整形外科領域におけるPRPを用いた関節外靭帯損傷、腱付着部炎および筋断裂の修復,PRP,AUTO,0.9856,https://saiseiiryo.mhlw.go.jp/published_plan/download/03C2002011/5/0,70000,不明,,GPS|Zimmer,Zimmer Biomet,7,,で きる内容が使われることはありません。 治療にかかる費用につい て この治療は公的保険の対象ではありませんので、当クリニック所定 の施術料をお支払いいただきます。 ・ZIMMER BIOMET製 GPS®IIIシステム使用 70000円 施術後、患者様の個人的な事情及び金銭等に関する問題に関しては 一切の責を負いかねますので ご了承ください。 提供しようとする再生医療等の概 要 ・提供する再生医療等の名称:整形外科領域における多血小板血漿 (Platelet-rich plasma:PRP)を用いた関,,
B,P00132,F0087,関東,埼玉県,埼玉整形外科スポーツクリニック,埼玉整形外科スポーツクリニック,埼玉整形外科スポーツクリニック,第三種,自家多血小板血漿を用いた筋腱付着部およびスポーツ傷害（筋・腱・靭帯）の治療,PRP,QC,1.0,https://saiseiiryo.mhlw.go.jp/published_plan/download/01C2607019/5/0,,,,,,,,,no price found after text/OCR pass,RuntimeError: Tesseract process timeout
B,P00135,F0096,関東,埼玉県,根本外科整形外科,根本外科整形外科,根本外科整形外科,第三種,多血小板血漿を用いた整形外科領域（関節腔内への投与を除く）の治療,PRP,AUTO,1.0,https://saiseiiryo.mhlw.go.jp/published_plan/download/01C2303015/5/0,60000,税込,,,,8,3,治療の提供に際しては、本治療は公的保険の対象ではありませんので、当院所定の施術料として6万円 (税込)をお支払いいただきます。 ※患者様の症状、その他の事情等により治療費が変動する場合があります。,line-level medium price context,
B,P00136,F0086,関東,埼玉県,独立行政法人国立病院機構西埼玉中央病院,独立行政法人国立病院機構西埼玉中央病院,独立行政法人国立病院機構西埼玉中央病院,第三種,自己多血小板血漿（PRP）を用いた整形外科治療,PRP,QC,1.0,https://saiseiiryo.mhlw.go.jp/published_plan/download/02C1911189/5/0,,,,,,,,,no price found after text/OCR pass,Document fetched but no price candidate
B,P00138,F0099,関東,埼玉県,医療法人社団順生会 はにゅう整形外科,医療法人社団順生会 はにゅう整形外科,医療法人社団順生会 はにゅう整形外科,第三種,自己多血小板血漿（PRP）を用いた筋・腱・靭帯等、損傷した運動器組織再生治療,PRP,AUTO,1.0,https://saiseiiryo.mhlw.go.jp/published_plan/download/02C2001030/5/0,80000,不明,,,,8,,す。 □ PRP注入後、腫れや内出血が起こることがあります。 □ PRP注入液を作製するためには、通常10~20ccの静脈血を片側 の肘の静脈から採血します。 □ 他の治療法との比較:ヒアルロン酸やステロイド注射等とは機 序が異なり、類似する方法はありません。 □ 治療費は部位により異なりますが4~8万円(別途消費税) □ PRPの保管及び移動は行いません。 □ PRP作製に関わる材料(血液)及び器材は医療廃棄物として処 理します。 □ 本治療は「自己多血小板血漿(PRP)を用いた筋・腱・靭帯等、損 傷した運動器組織再生治療」(計画番号PC3180280)という名称 で、特定非営利活動法人 日本アンチエイジング医療協会 認定再 生医療等委,,
B,P00139,F0062,関東,千葉県,医療法人平成博愛会 印西総合病院,医療法人平成博愛会 印西総合病院,医療法人平成博愛会 印西総合病院,第二種,自家多血小板血漿（PRP）を用いた慢性関節炎の治療,PRP,QC,0.9333,https://saiseiiryo.mhlw.go.jp/published_plan/download/01C2307045/5/0,55000,税込,1 回,ACP|APS,Arthrex|Zimmer Biomet,6,7,"費用(PRP 1 回・税込) ACP 55,000 円 APS 275,000 円",price candidates remain ambiguous,
B,P00139,F0062,関東,千葉県,医療法人平成博愛会 印西総合病院,医療法人平成博愛会 印西総合病院,医療法人平成博愛会 印西総合病院,第二種,自家多血小板血漿（PRP）を用いた慢性関節炎の治療,PRP,QC,0.9333,https://saiseiiryo.mhlw.go.jp/published_plan/download/01C2307045/5/0,110000,不明,,GPS,Zimmer Biomet,5,7,"275,000 円 GPSIII 110,000 円 (3) 採血を開始してからキャンセルされた場合は、費用の全額をご負担いた だきます。",price candidates remain ambiguous,
B,P00139,F0062,関東,千葉県,医療法人平成博愛会 印西総合病院,医療法人平成博愛会 印西総合病院,医療法人平成博愛会 印西総合病院,第二種,自家多血小板血漿（PRP）を用いた慢性関節炎の治療,PRP,QC,0.9333,https://saiseiiryo.mhlw.go.jp/published_plan/download/01C2307045/5/0,275000,不明,,APS|GPS,Zimmer Biomet,2,7,"55,000 円 APS 275,000 円 GPSIII 110,000 円",price candidates remain ambiguous,
B,P00140,F0065,関東,千葉県,医療法人成春会 北習志野花輪病院,医療法人成春会 北習志野花輪病院,医療法人成春会 北習志野花輪病院,第二種,関節炎・変形性関節症を対象とした自己多血小板血漿（PRP）療法,PRP,AUTO,0.9838,https://saiseiiryo.mhlw.go.jp/published_plan/download/02C2512026/5/0,40000,税別,1 回,,,8,,"護に関する法律及び当院が定める患者個人情報保護に関 する指針に基づき、診療録に記載されている患者個人情報や診療情報は厳 重に管理されます。 □ 治療にかかる費用 について わが国ではPRP 療法は現時点で保険診療として認められていないため、 自費診療となります。当院では、1 回の治療につき片側で40,000 円(税抜)、 両側の場合は70,000 円(税抜)ご負担いただきます。 □ その他について PRP 療法の効果は病態や重症度、個人差により異なり、どなたにも同じ ような効果が期待できる訳ではなく、複数回の治療を行っても思うような 効果が得られないことも考えられます。その際は代替療法も考慮します が、特に慢性障害などでは発症要因となってい",,
B,P00140,F0065,関東,千葉県,医療法人成春会 北習志野花輪病院,医療法人成春会 北習志野花輪病院,医療法人成春会 北習志野花輪病院,第二種,関節炎・変形性関節症を対象とした自己多血小板血漿（PRP）療法,PRP,AUTO,0.9838,https://saiseiiryo.mhlw.go.jp/published_plan/download/02C2512026/5/0,70000,税別,1 回,,,8,,"報保護に関 する指針に基づき、診療録に記載されている患者個人情報や診療情報は厳 重に管理されます。 □ 治療にかかる費用 について わが国ではPRP 療法は現時点で保険診療として認められていないため、 自費診療となります。当院では、1 回の治療につき片側で40,000 円(税抜)、 両側の場合は70,000 円(税抜)ご負担いただきます。 □ その他について PRP 療法の効果は病態や重症度、個人差により異なり、どなたにも同じ ような効果が期待できる訳ではなく、複数回の治療を行っても思うような 効果が得られないことも考えられます。その際は代替療法も考慮します が、特に慢性障害などでは発症要因となっている動作改善も必要であり、 リハビリを平行",,
B,P00141,F0068,関東,千葉県,医療法人社団 淳英会 Jメディカルおゆみの,医療法人社団 淳英会 Jメディカルおゆみの,医療法人社団 淳英会 Jメディカルおゆみの,第二種,自己脂肪組織由来幹細胞（ASCs）を用いた変形性関節症の治療,脂肪由来ASC,QC,1.0,https://saiseiiryo.mhlw.go.jp/published_plan/download/02C2606091/5/0,500000,不明,1回,,,6,1,"メモ 1関節1回投与 500,000円 診察料、血液感染症検査費用含む",price candidates remain ambiguous,
B,P00141,F0068,関東,千葉県,医療法人社団 淳英会 Jメディカルおゆみの,医療法人社団 淳英会 Jメディカルおゆみの,医療法人社団 淳英会 Jメディカルおゆみの,第二種,自己脂肪組織由来幹細胞（ASCs）を用いた変形性関節症の治療,脂肪由来ASC,QC,1.0,https://saiseiiryo.mhlw.go.jp/published_plan/download/02C2606091/5/0,800000,不明,1回,,,6,2,"2関節1回投与 800,000円 診察料、血液感染症検査費用、細胞保管料含む 1関節2回投与",price candidates remain ambiguous,
B,P00141,F0068,関東,千葉県,医療法人社団 淳英会 Jメディカルおゆみの,医療法人社団 淳英会 Jメディカルおゆみの,医療法人社団 淳英会 Jメディカルおゆみの,第二種,自己脂肪組織由来幹細胞（ASCs）を用いた変形性関節症の治療,脂肪由来ASC,QC,1.0,https://saiseiiryo.mhlw.go.jp/published_plan/download/02C2606091/5/0,800000,不明,2回,,,6,2,"診察料、血液感染症検査費用、細胞保管料含む 1関節2回投与 800,000円 診察料、血液感染症検査費用、細胞保管料含む 治療の内容は患者さまの患部の状態やご希望の治療内容に応じて、",price candidates remain ambiguous,
B,P00141,F0068,関東,千葉県,医療法人社団 淳英会 Jメディカルおゆみの,医療法人社団 淳英会 Jメディカルおゆみの,医療法人社団 淳英会 Jメディカルおゆみの,第二種,自己脂肪組織由来幹細胞（ASCs）を用いた変形性関節症の治療,脂肪由来ASC,QC,1.0,https://saiseiiryo.mhlw.go.jp/published_plan/download/02C2606091/5/0,17600,税込,,,,2,2,"脂肪を採取し改めて細胞を培養する必要がございます。ご希望の場 合は担当医師にご相談ください。 *血液感染症検査・診察費用(税込17,600円)およびアフターケア 検診(脂肪採取1週間後および投与1か月後)費用は、上記金額に 含まれます。",price candidates remain ambiguous,
B,P00144,F0060,関東,千葉県,医療法人社団奏の杜整形外科,医療法人社団奏の杜整形外科,医療法人社団奏の杜整形外科,第二種,自家多血小板血漿（PRP）を用いた慢性関節炎の治療,PRP,AUTO,0.9333,https://saiseiiryo.mhlw.go.jp/published_plan/download/01C2102007/5/0,30000,税別,2 回分,,,9,,(2) 本治療にかかる費用は、以下のとおりです。なお、費用は、治療に伴う診査、 自家PRP 調製のための採血にかかる費用、自家PRP 調製費用、注入にかか る費用の総額となります。左右両側に投与する場合は、2 回分です。 *消費税別 PRP 療法1回 1 部位の場合 (15ml 採血) 3 万円 (55ml 採血)30 万円 11. 試料等の保存及び廃棄の方法 患者様から採取した血液と作製したPRP は、患者様ご自身の治療のみに 使用します。ただし、症例検討や学会発表を目的として、血液やPRP の測 定を行い、データを取得することがあります。 血液およびPRP は微量で全量を使用するため、保管はしません,,
B,P00144,F0060,関東,千葉県,医療法人社団奏の杜整形外科,医療法人社団奏の杜整形外科,医療法人社団奏の杜整形外科,第二種,自家多血小板血漿（PRP）を用いた慢性関節炎の治療,PRP,AUTO,0.9333,https://saiseiiryo.mhlw.go.jp/published_plan/download/01C2102007/5/0,300000,税別,2 回分,,,9,,用は、以下のとおりです。なお、費用は、治療に伴う診査、 自家PRP 調製のための採血にかかる費用、自家PRP 調製費用、注入にかか る費用の総額となります。左右両側に投与する場合は、2 回分です。 *消費税別 PRP 療法1回 1 部位の場合 (15ml 採血) 3 万円 (55ml 採血)30 万円 11. 試料等の保存及び廃棄の方法 患者様から採取した血液と作製したPRP は、患者様ご自身の治療のみに 使用します。ただし、症例検討や学会発表を目的として、血液やPRP の測 定を行い、データを取得することがあります。 血液およびPRP は微量で全量を使用するため、保管はしません。治療に 用いない血液またはPRP,,
B,P00145,F0061,関東,千葉県,医療法人社団実幸会 いらはら診療所,医療法人社団実幸会 いらはら診療所,医療法人社団実幸会 いらはら診療所,第二種,変形性関節症を対象とした自家多血小板血漿（PRP）注入療法,PRP,AUTO,1.0,https://saiseiiryo.mhlw.go.jp/published_plan/download/01C2509021/5/0,33000,税込,1 回,,,9,,"されない自由診療です。そのため、患者様の費用負担が 他の治療よりも高額になることがあります。当院において実施される本治療および本治 療に必要な検査などの費用は全額自己負担となります。 血液分離専用容器キットによる提供価格 PRP:(京セラCondensia システム)使用 ・・・・・1 回33,000 円(税込) ※患者様の症状によっては、治療を数回行うことがあります。治療前、または治療後の 状態から担当医師が判断し、患者様にお伝えしご相談させて頂きます。 ※治療内容・回数により1回あたりの費用が減額される場合がございます。施術する前 に詳細な説明をいたしますので、ご納得いただいた上で施術をお受けいただけますよ うお願い申し上げま",,
B,P00145,F0061,関東,千葉県,医療法人社団実幸会 いらはら診療所,医療法人社団実幸会 いらはら診療所,医療法人社団実幸会 いらはら診療所,第二種,変形性関節症を対象とした自家多血小板血漿（PRP）注入療法,PRP,AUTO,1.0,https://saiseiiryo.mhlw.go.jp/published_plan/download/01C2509021/5/0,5000,不明,,,,-8,,"受けた後に同意されない場合でも、一切不利益を受けることはありません。 また同様に、治療を受けることに同意した場合であっても、投与までの間でしたらい つでも取りやめることができます。その場合、その後の治療について一切不利益は受け ません。(ただし下記のキャンセル料は申し受けます) 採血後~加工前 5,000 円 加工後~投与前 33,000 円 もしこの治療を受けることに同意しない場合も、最適と考えられる治療を実施できる ように患者様の治療に最善を尽くします。 ただし、治療を行った後は、健康管理のために必要に応じて適切な検査を受けていた だき、医学的に問題がないかを確認させていただきます。 11. 試料等の保管及び廃棄の方法につ",,
B,P00145,F0061,関東,千葉県,医療法人社団実幸会 いらはら診療所,医療法人社団実幸会 いらはら診療所,医療法人社団実幸会 いらはら診療所,第二種,変形性関節症を対象とした自家多血小板血漿（PRP）注入療法,PRP,AUTO,1.0,https://saiseiiryo.mhlw.go.jp/published_plan/download/01C2509021/5/0,33000,不明,,,,-8,,"切不利益を受けることはありません。 また同様に、治療を受けることに同意した場合であっても、投与までの間でしたらい つでも取りやめることができます。その場合、その後の治療について一切不利益は受け ません。(ただし下記のキャンセル料は申し受けます) 採血後~加工前 5,000 円 加工後~投与前 33,000 円 もしこの治療を受けることに同意しない場合も、最適と考えられる治療を実施できる ように患者様の治療に最善を尽くします。 ただし、治療を行った後は、健康管理のために必要に応じて適切な検査を受けていた だき、医学的に問題がないかを確認させていただきます。 11. 試料等の保管及び廃棄の方法について この治療にて患者様より採",,
B,P00146,F0063,関東,千葉県,医療法人社団志高会 たてやま整形外科クリニック,医療法人社団志高会 たてやま整形外科クリニック,医療法人社団志高会 たてやま整形外科クリニック,第二種,自家多血小板血漿（PRP）を用いた慢性関節炎の治療,PRP,AUTO,0.9333,https://saiseiiryo.mhlw.go.jp/published_plan/download/01C2312002/5/0,49500,税込,両側,,,12,7,"る費用の総額となります。左右両側に投与する場合は、2 回分です。 血液検査(実施する場合) 2,000 円(税込) PRP 1 回分 49,500 円(税込) (3) PRP 調製のための採血を開始してからキャンセルされた場合は、費用の 全額をご負担いただきます。",line-level strong price context,
B,P00147,F0064,関東,千葉県,医療法人社団慈宏会 まさき整形外科,医療法人社団慈宏会 まさき整形外科,医療法人社団慈宏会 まさき整形外科,第二種,変形性関節症に対する多血小板血漿（PRP）関節内投与療法,PRP,QC,1.0,https://saiseiiryo.mhlw.go.jp/published_plan/download/01C2505025/5/0,330000,不明,,,,3,3,"細胞の提供に際して費用は発生しません。 治療の提供に際しては、本治療は公的保険の対象ではありませんので、当院所定の施術料とし て330,000 円をお支払いいただきます。",price candidates remain ambiguous,
B,P00148,F0066,関東,千葉県,医療法人社団明敬会 重城病院,医療法人社団明敬会 重城病院,医療法人社団明敬会 重城病院,第二種,多血小板血漿（PRP）を用いた距骨骨軟骨損傷・変形性足関節症・変形性膝関節症及びスポーツ傷害の治療,PRP,QC,1.0,https://saiseiiryo.mhlw.go.jp/published_plan/download/03C2207033/5/0,,,,,,,,,no price found after text/OCR pass,RuntimeError: Tesseract process timeout
B,P00149,F0067,関東,千葉県,医療法人社団曙会 流山中央病院,医療法人社団曙会 流山中央病院,医療法人社団曙会 流山中央病院,第二種,自家多血小板血漿（PRP）を用いた慢性関節炎の治療,PRP,AUTO,0.9333,https://saiseiiryo.mhlw.go.jp/published_plan/download/01C2108006/5/0,32000,税込,2 回分,,,9,,"ることはできません。 (2) 本治療にかかる費用は、以下のとおりです。なお、費用は、治療に伴う診査、 自家PRP 調製のための採血にかかる費用、自家PRP 調製費用、注入にかか る費用の総額となります。左右両側に投与する場合は、2 回分です。 PRP 療法1回(1 部位) 32,000 円(税込) 11. 試料等の保存及び廃棄の方法 患者様から採取した血液と作製したPRP は、患者様ご自身の治療のみに 使用します。ただし、症例検討や学会発表を目的として、血液やPRP の測 定を行い、データを取得することがあります。 血液およびPRP は微量で全量を使用するため、保管はしません。治療に 用いない血液ま",,
B,P00150,F0069,関東,千葉県,医療法人鉄蕉会 亀田クリニック,医療法人鉄蕉会 亀田クリニック,医療法人鉄蕉会 亀田クリニック,第二種,自己脂肪由来間葉系幹細胞を用いた関節痛、変形性関節症治療,脂肪由来MSC,AUTO,1.0,https://saiseiiryo.mhlw.go.jp/published_plan/download/02C2602008/5/0,1000000,税別,1回,,,9,,"変形性関節症治療」は、すべ て自費診療であり、健康保険を使用することはできません。 (2) 「自己脂肪由来間葉系幹細胞を用いた関節痛、変形性関節症治療」は、治療 に伴う診査、細胞培養のための脂肪採取及び採血にかかる費用、細胞培養に伴う 費用、注入の総額となります。 (3) 費用は、注射1回あたり1,000,000 円(税別)となります。 6 (4) 1度に両側投与する場合の注射2回目分の費用は600,000 円(税別)と なります。 なお、本治療のための採血または脂肪採取を実施した後に患者さまの都合に より治療を中止した場合は、全費用の2/3 の金額を患者さまに請求させて頂 きます。ご了承のほどお願いいたします。 12.健康被害が発生し",,
B,P00150,F0069,関東,千葉県,医療法人鉄蕉会 亀田クリニック,医療法人鉄蕉会 亀田クリニック,医療法人鉄蕉会 亀田クリニック,第二種,自己脂肪由来間葉系幹細胞を用いた関節痛、変形性関節症治療,脂肪由来MSC,AUTO,1.0,https://saiseiiryo.mhlw.go.jp/published_plan/download/02C2602008/5/0,600000,税別,1回,,,1,,"来間葉系幹細胞を用いた関節痛、変形性関節症治療」は、治療 に伴う診査、細胞培養のための脂肪採取及び採血にかかる費用、細胞培養に伴う 費用、注入の総額となります。 (3) 費用は、注射1回あたり1,000,000 円(税別)となります。 6 (4) 1度に両側投与する場合の注射2回目分の費用は600,000 円(税別)と なります。 なお、本治療のための採血または脂肪採取を実施した後に患者さまの都合に より治療を中止した場合は、全費用の2/3 の金額を患者さまに請求させて頂 きます。ご了承のほどお願いいたします。 12.健康被害が発生した際の処置と補償等について (1) この治療において健康被害が発生した場合には、当法人が開設する医療",,
B,P00151,F0070,関東,千葉県,医療法人鉄蕉会 亀田総合病院,医療法人鉄蕉会 亀田総合病院,医療法人鉄蕉会 亀田総合病院,第二種,関節の軟骨全層欠損部位への自家培養軟骨移植術,培養軟骨,QC,1.0,https://saiseiiryo.mhlw.go.jp/published_plan/download/03C2210003/5/0,,,,,,,,,no price found after text/OCR pass,RuntimeError: Tesseract process timeout
B,P00152,F0058,関東,千葉県,医療法人社団オルソプラス むらた整形外科,医療法人社団オルソプラス むらた整形外科,医療法人社団オルソプラス むらた整形外科,第三種,自家多血小板血漿（PRP）を用いた筋肉、腱、靭帯、筋膜の損傷及び慢性炎症の治療,PRP,AUTO,0.9651,https://saiseiiryo.mhlw.go.jp/published_plan/download/01C2409052/5/0,55000,税込,両側,,,12,6,"査、PRP 作製のための採血にかかる費用、PRP 作製費用、注入にかかる費 用の総額となります。左右両側に投与する場合は、2 回分です。 PRP 1回(1 部位) 55,000 円(税込) (3) 採血を開始してからのキャンセルについては、キャンセル費用をいただ きます。",line-level strong price context,
B,P00153,F0061,関東,千葉県,医療法人社団実幸会 いらはら診療所,医療法人社団実幸会 いらはら診療所,医療法人社団実幸会 いらはら診療所,第三種,四肢の筋・腱・靱帯及びその付着部の傷害を対象とした自家多血小板血漿（PRP）注入療法,PRP,AUTO,1.0,https://saiseiiryo.mhlw.go.jp/published_plan/download/01C2509027/5/0,33000,税込,1 回,,,9,,"適用されない自由診療です。そのため、患者様の費用負担が 他の治療よりも高額になることがあります。当院において実施される本治療および本治 療に必要な検査などの費用は全額自己負担となります。 血液分離専用容器キットによる提供価格 PRP:(京セラCondensia システム)使用 ・・・・1 回33,000 円(税込) ※患者様の症状によっては、治療を数回行うことがあります。治療前、または治療後 の状態から担当医師が判断し、患者様にお伝えしご相談させて頂きます。 ※治療内容・回数により1回あたりの費用が減額される場合がございます。施術する 前に詳細な説明をいたしますので、ご納得いただいた上で施術いただきますようお 願い申し上げます。",,
B,P00153,F0061,関東,千葉県,医療法人社団実幸会 いらはら診療所,医療法人社団実幸会 いらはら診療所,医療法人社団実幸会 いらはら診療所,第三種,四肢の筋・腱・靱帯及びその付着部の傷害を対象とした自家多血小板血漿（PRP）注入療法,PRP,AUTO,1.0,https://saiseiiryo.mhlw.go.jp/published_plan/download/01C2509027/5/0,5000,税込,,,,-7,,"受けた後に同意されない場合でも、一切不利益を受けることはありません。 また同様に、治療を受けることに同意した場合であっても、投与までの間でしたらい つでも取りやめることができます。その場合、その後の治療について一切不利益は受け ません。(ただし下記のキャンセル料は申し受けます) 採血後~加工前 5,000 円(税込) 加工後~投与前 33,000 円(税込) もしこの治療を受けることに同意しない場合も、最適と考えられる治療を実施できる ように患者様の治療に最善を尽くします。 ただし、治療を行った後は、健康管理のために必要に応じて適切な検査を受けていた だき、医学的に問題がないかを確認させていただきます。 11. 試料等の保管",,
B,P00153,F0061,関東,千葉県,医療法人社団実幸会 いらはら診療所,医療法人社団実幸会 いらはら診療所,医療法人社団実幸会 いらはら診療所,第三種,四肢の筋・腱・靱帯及びその付着部の傷害を対象とした自家多血小板血漿（PRP）注入療法,PRP,AUTO,1.0,https://saiseiiryo.mhlw.go.jp/published_plan/download/01C2509027/5/0,33000,税込,,,,-7,,"受けることはありません。 また同様に、治療を受けることに同意した場合であっても、投与までの間でしたらい つでも取りやめることができます。その場合、その後の治療について一切不利益は受け ません。(ただし下記のキャンセル料は申し受けます) 採血後~加工前 5,000 円(税込) 加工後~投与前 33,000 円(税込) もしこの治療を受けることに同意しない場合も、最適と考えられる治療を実施できる ように患者様の治療に最善を尽くします。 ただし、治療を行った後は、健康管理のために必要に応じて適切な検査を受けていた だき、医学的に問題がないかを確認させていただきます。 11. 試料等の保管及び廃棄の方法について この治療にて患者",,
B,P00154,F0063,関東,千葉県,医療法人社団志高会 たてやま整形外科クリニック,医療法人社団志高会 たてやま整形外科クリニック,医療法人社団志高会 たてやま整形外科クリニック,第三種,自家多血小板血漿（PRP）を用いた筋肉、腱、靭帯、筋膜の損傷及び慢性炎症の治療,PRP,AUTO,0.9651,https://saiseiiryo.mhlw.go.jp/published_plan/download/01C2312003/5/0,33000,税込,両側,,,12,6,"る費用の総額となります。左右両側に投与する場合は、2 回分です。 血液検査(実施する場合) 2,000 円(税込) PRP 1 回分 33,000 円(税込) (3) PRP 調製のための採血を開始してからキャンセルされた場合は、費用の 全額をご負担いただきます。",line-level strong price context,
B,P00155,F0064,関東,千葉県,医療法人社団慈宏会 まさき整形外科,医療法人社団慈宏会 まさき整形外科,医療法人社団慈宏会 まさき整形外科,第三種,多血小板血漿を用いた整形外科領域（関節腔内への投与を除く）の治療,PRP,QC,1.0,https://saiseiiryo.mhlw.go.jp/published_plan/download/01C2505026/5/0,132000,税込,,,,5,3,"細胞の提供に際して費用は発生しません。 治療の提供に際しては、本治療は公的保険の対象ではありませんので、当院所定の施術料とし て132,000 円(税込)をお支払いいただきます。 ※患者様の症状、その他の事情等により治療費が変動する場合があります。 なお、細胞の採取後や加工後に同意を撤回された場合など、同意を撤回される時点までに費用",price candidates remain ambiguous,
B,P00156,F0066,関東,千葉県,医療法人社団明敬会 重城病院,医療法人社団明敬会 重城病院,医療法人社団明敬会 重城病院,第三種,多血小板血漿（PRP）を用いた四肢の靭帯、筋腱付着部、およびスポーツ障害の治療,PRP,QC,1.0,https://saiseiiryo.mhlw.go.jp/published_plan/download/03C2207034/5/0,,,,,,,,,no price found after text/OCR pass,RuntimeError: Tesseract process timeout
B,P00157,F0256,関東,東京都,六本木北浜診療所,六本木北浜診療所,六本木北浜診療所,第二種,自家多血小板血漿（PRP）を用いた変形性関節症および関節腔内の治療,PRP,QC,1.0,https://saiseiiryo.mhlw.go.jp/published_plan/download/01C2603001/5/0,,,,,,,,,no price found after text/OCR pass,RuntimeError: Tesseract process timeout
B,P00158,F0259,関東,東京都,北千束整形外科,北千束整形外科,北千束整形外科,第二種,自家脂肪組織由来の培養間葉系幹細胞を用いた変形性膝関節症の治療,脂肪由来MSC,QC,1.0,https://saiseiiryo.mhlw.go.jp/published_plan/download/01C2208006/5/0,,,,,,,,,no price found after text/OCR pass,RuntimeError: Tesseract process timeout
B,P00160,F0261,関東,東京都,北青山Dクリニック,北青山Dクリニック,北青山Dクリニック,第二種,スポーツ外傷、加齢等による運動器障害に対する自家脂肪由来間葉系幹細胞を用いた治療（局所投与）,脂肪由来MSC,AUTO,1.0,https://saiseiiryo.mhlw.go.jp/published_plan/download/02C2606030/5/0,1500000,税別,,,,16,11,"負担いただきます。その他、本治療を行う上で必要となった旅費、 交通費などの全ての費用もご自身でご負担いただきます。必用とな る治療費用は、通常の単日での投与の場合1,500,000円(税抜き) となります。 なお、細胞加工物の製造に着手した後に同意を撤回された場合、",line-level strong price context,
B,P00161,F0261,関東,東京都,北青山Dクリニック,北青山Dクリニック,北青山Dクリニック,第二種,スポーツ外傷、加齢等による運動器障害に対する自家脂肪由来間葉系幹細胞を用いた治療（経血管的投与）,脂肪由来MSC,AUTO,1.0,https://saiseiiryo.mhlw.go.jp/published_plan/download/02C2606029/5/0,1500000,税別,,,,16,11,"負担いただきます。その他、本治療を行う上で必要となった旅費、 交通費などの全ての費用もご自身でご負担いただきます。必用とな る治療費用は、通常の単日での投与の場合1,500,000円(税抜き) となります。 なお、細胞加工物の製造に着手した後に同意を撤回された場合、",line-level strong price context,
B,P00163,F0228,関東,東京都,医療法人社団イートス会 洗足整形・形成外科,医療法人社団イートス会 洗足整形・形成外科,医療法人社団イートス会 洗足整形・形成外科,第二種,自家脂肪組織由来の培養間葉系幹細胞を用いた変形性膝関節症の治療,脂肪由来MSC,AUTO,1.0,https://saiseiiryo.mhlw.go.jp/published_plan/download/01C2111041/5/0,1300000,税込,1 回,,,8,,"る費用は以下の通りです。 自家脂肪組織由来の培養間葉系幹細胞を用いた変形性膝関節症の治療 再生医療を受ける者及び細胞提供者に対する説明書及び同意文書 00 版 7 投与細胞数 治療費用(税込) 1 約3,000 万個×1 回 130 万円 2 約1 億個×1 回 150 万円 3 約3,000 万個×3 回 180 万円 なお、脂肪組織の採取後や細胞加工物の製造後、あるいは3 回投与の場合に1 回目投与の後や2 回目投与の後に同意を撤回された場合など、それまでに費用が発生している場合は、発生した費用 については患者様ご自身にご負担いただきますのでご",,
B,P00163,F0228,関東,東京都,医療法人社団イートス会 洗足整形・形成外科,医療法人社団イートス会 洗足整形・形成外科,医療法人社団イートス会 洗足整形・形成外科,第二種,自家脂肪組織由来の培養間葉系幹細胞を用いた変形性膝関節症の治療,脂肪由来MSC,AUTO,1.0,https://saiseiiryo.mhlw.go.jp/published_plan/download/01C2111041/5/0,1500000,税込,1 回,,,8,,"培養間葉系幹細胞を用いた変形性膝関節症の治療 再生医療を受ける者及び細胞提供者に対する説明書及び同意文書 00 版 7 投与細胞数 治療費用(税込) 1 約3,000 万個×1 回 130 万円 2 約1 億個×1 回 150 万円 3 約3,000 万個×3 回 180 万円 なお、脂肪組織の採取後や細胞加工物の製造後、あるいは3 回投与の場合に1 回目投与の後や2 回目投与の後に同意を撤回された場合など、それまでに費用が発生している場合は、発生した費用 については患者様ご自身にご負担いただきますのでご了承ください。 13. 細胞提供者及び再",,
B,P00163,F0228,関東,東京都,医療法人社団イートス会 洗足整形・形成外科,医療法人社団イートス会 洗足整形・形成外科,医療法人社団イートス会 洗足整形・形成外科,第二種,自家脂肪組織由来の培養間葉系幹細胞を用いた変形性膝関節症の治療,脂肪由来MSC,AUTO,1.0,https://saiseiiryo.mhlw.go.jp/published_plan/download/01C2111041/5/0,1800000,税込,1 回,,,0,,"を受ける者及び細胞提供者に対する説明書及び同意文書 00 版 7 投与細胞数 治療費用(税込) 1 約3,000 万個×1 回 130 万円 2 約1 億個×1 回 150 万円 3 約3,000 万個×3 回 180 万円 なお、脂肪組織の採取後や細胞加工物の製造後、あるいは3 回投与の場合に1 回目投与の後や2 回目投与の後に同意を撤回された場合など、それまでに費用が発生している場合は、発生した費用 については患者様ご自身にご負担いただきますのでご了承ください。 13. 細胞提供者及び再生医療等を受ける者に対する健康被害の補償の方法 本治療",,
B,P00164,F0240,関東,東京都,医療法人社団三友会 高円寺整形外科,医療法人社団三友会 高円寺整形外科,医療法人社団三友会 高円寺整形外科,第二種,自家脂肪組織由来の培養間葉系間質細胞を用いた関節疾患の治療,脂肪由来MSC,AUTO,1.0,https://saiseiiryo.mhlw.go.jp/published_plan/download/01C2606022/5/0,750000,不明,1 回,,,10,5,本治療に係る費用は健康保険の適用がございません。 治療にかかる費用全額を患者様ご自身でご負担いただきます。 1 回の投与は75 万円~となります。 実際に必要となる費用は別紙の通りです。 13. 細胞提供者及び再生医療等を受ける者に対する健康被害の補償の方法,line-level strong price context,
B,P00165,F0244,関東,東京都,医療法人社団下田緑眞会 世田谷北部病院,医療法人社団下田緑眞会 世田谷北部病院,医療法人社団下田緑眞会 世田谷北部病院,第二種,自家多血小板血漿（PRP）を用いた関節疾患の治療,PRP,AUTO,0.9574,https://saiseiiryo.mhlw.go.jp/published_plan/download/02C2512022/5/0,40000,税込,,ACP MAX|ACP,Arthrex,8,,"さま氏名 代諾者氏名: (続柄: ) 12 (別紙) 本再生医療等の費用は以下のとおりです。 治療の種類 平均的な血小板注入量 費用(税込み) ACP-PRP 20 億個 40,000 円 HD-PRP(ACP MAX の場合) 90 億個 160,000 円 ACP-PRP は効果を高めるため、2 倍量1 度に投与することが可能です。その場合の 費用は以下の通りです。 治療の種類 平均的な血小板注入量 費用(税込み) ACP-PRP ダブルショット 40 億個 80,000 円 骨内投与の場合の費",,
B,P00165,F0244,関東,東京都,医療法人社団下田緑眞会 世田谷北部病院,医療法人社団下田緑眞会 世田谷北部病院,医療法人社団下田緑眞会 世田谷北部病院,第二種,自家多血小板血漿（PRP）を用いた関節疾患の治療,PRP,AUTO,0.9574,https://saiseiiryo.mhlw.go.jp/published_plan/download/02C2512022/5/0,80000,税込,,ACP MAX|ACP,Arthrex,8,,"円 HD-PRP(ACP MAX の場合) 90 億個 160,000 円 ACP-PRP は効果を高めるため、2 倍量1 度に投与することが可能です。その場合の 費用は以下の通りです。 治療の種類 平均的な血小板注入量 費用(税込み) ACP-PRP ダブルショット 40 億個 80,000 円 骨内投与の場合の費用は以下の通りです。 治療の種類 平均的な血小板注入量 費用(税込み) PRP 骨内投与 20~90 億個 500,000 円 治療終了後も定期的な受診をお願いしております。 本治療は医療費控除の対象となる可能性があります。詳細は国税庁や税理士にご確 認ください。 以上",,
B,P00165,F0244,関東,東京都,医療法人社団下田緑眞会 世田谷北部病院,医療法人社団下田緑眞会 世田谷北部病院,医療法人社団下田緑眞会 世田谷北部病院,第二種,自家多血小板血漿（PRP）を用いた関節疾患の治療,PRP,AUTO,0.9574,https://saiseiiryo.mhlw.go.jp/published_plan/download/02C2512022/5/0,160000,税込,,ACP MAX|ACP,Arthrex,8,,"者氏名: (続柄: ) 12 (別紙) 本再生医療等の費用は以下のとおりです。 治療の種類 平均的な血小板注入量 費用(税込み) ACP-PRP 20 億個 40,000 円 HD-PRP(ACP MAX の場合) 90 億個 160,000 円 ACP-PRP は効果を高めるため、2 倍量1 度に投与することが可能です。その場合の 費用は以下の通りです。 治療の種類 平均的な血小板注入量 費用(税込み) ACP-PRP ダブルショット 40 億個 80,000 円 骨内投与の場合の費用は以下の通りです。 治療の種類 平均的な血小板注入量 費用(税込み)",,
B,P00165,F0244,関東,東京都,医療法人社団下田緑眞会 世田谷北部病院,医療法人社団下田緑眞会 世田谷北部病院,医療法人社団下田緑眞会 世田谷北部病院,第二種,自家多血小板血漿（PRP）を用いた関節疾患の治療,PRP,AUTO,0.9574,https://saiseiiryo.mhlw.go.jp/published_plan/download/02C2512022/5/0,500000,税込,,ACP,Arthrex,8,,"です。その場合の 費用は以下の通りです。 治療の種類 平均的な血小板注入量 費用(税込み) ACP-PRP ダブルショット 40 億個 80,000 円 骨内投与の場合の費用は以下の通りです。 治療の種類 平均的な血小板注入量 費用(税込み) PRP 骨内投与 20~90 億個 500,000 円 治療終了後も定期的な受診をお願いしております。 本治療は医療費控除の対象となる可能性があります。詳細は国税庁や税理士にご確 認ください。 以上",,
B,P00166,F0244,関東,東京都,医療法人社団下田緑眞会 世田谷北部病院,医療法人社団下田緑眞会 世田谷北部病院,医療法人社団下田緑眞会 世田谷北部病院,第二種,自家脂肪組織由来の培養間葉系間質細胞とPRPを用いた関節疾患の治療,脂肪由来MSC+PRP,AUTO,0.9617,https://saiseiiryo.mhlw.go.jp/published_plan/download/02C2512024/5/0,290000,税別,1 回,ACP,Arthrex,9,,"(署名または記名押印) 代諾者: (続柄: ) 10 (別紙) 本再生医療等の費用は以下のとおりです。 投与細胞数 治療費用(税別) 1 約1,000 万個×1 回分 29 万円 2 約3,000 万個×1 回分 55 万円 3 約1 億個×1 回分 75 万円 4 約3,000 万個×3 回分 110 万円 5 約1000 万個+ACP 33 万円 なお、脂肪組織の採取の施術開始後や細胞加工の開始後、あるいは3 回投与の場合に1",,
B,P00166,F0244,関東,東京都,医療法人社団下田緑眞会 世田谷北部病院,医療法人社団下田緑眞会 世田谷北部病院,医療法人社団下田緑眞会 世田谷北部病院,第二種,自家脂肪組織由来の培養間葉系間質細胞とPRPを用いた関節疾患の治療,脂肪由来MSC+PRP,AUTO,0.9617,https://saiseiiryo.mhlw.go.jp/published_plan/download/02C2512024/5/0,550000,税別,1 回,ACP,Arthrex,9,,"(続柄: ) 10 (別紙) 本再生医療等の費用は以下のとおりです。 投与細胞数 治療費用(税別) 1 約1,000 万個×1 回分 29 万円 2 約3,000 万個×1 回分 55 万円 3 約1 億個×1 回分 75 万円 4 約3,000 万個×3 回分 110 万円 5 約1000 万個+ACP 33 万円 なお、脂肪組織の採取の施術開始後や細胞加工の開始後、あるいは3 回投与の場合に1 回目投 与の後や2 回目投与の後に同意を撤回された場合など、そ",,
B,P00166,F0244,関東,東京都,医療法人社団下田緑眞会 世田谷北部病院,医療法人社団下田緑眞会 世田谷北部病院,医療法人社団下田緑眞会 世田谷北部病院,第二種,自家脂肪組織由来の培養間葉系間質細胞とPRPを用いた関節疾患の治療,脂肪由来MSC+PRP,AUTO,0.9617,https://saiseiiryo.mhlw.go.jp/published_plan/download/02C2512024/5/0,750000,税別,1 回,ACP,Arthrex,9,,"10 (別紙) 本再生医療等の費用は以下のとおりです。 投与細胞数 治療費用(税別) 1 約1,000 万個×1 回分 29 万円 2 約3,000 万個×1 回分 55 万円 3 約1 億個×1 回分 75 万円 4 約3,000 万個×3 回分 110 万円 5 約1000 万個+ACP 33 万円 なお、脂肪組織の採取の施術開始後や細胞加工の開始後、あるいは3 回投与の場合に1 回目投 与の後や2 回目投与の後に同意を撤回された場合など、それまでに費用が発生している場合は、 以下の通り、患者様ご自身に",,
B,P00166,F0244,関東,東京都,医療法人社団下田緑眞会 世田谷北部病院,医療法人社団下田緑眞会 世田谷北部病院,医療法人社団下田緑眞会 世田谷北部病院,第二種,自家脂肪組織由来の培養間葉系間質細胞とPRPを用いた関節疾患の治療,脂肪由来MSC+PRP,AUTO,0.9617,https://saiseiiryo.mhlw.go.jp/published_plan/download/02C2512024/5/0,1100000,税別,1 回,ACP,Arthrex,9,,"とおりです。 投与細胞数 治療費用(税別) 1 約1,000 万個×1 回分 29 万円 2 約3,000 万個×1 回分 55 万円 3 約1 億個×1 回分 75 万円 4 約3,000 万個×3 回分 110 万円 5 約1000 万個+ACP 33 万円 なお、脂肪組織の採取の施術開始後や細胞加工の開始後、あるいは3 回投与の場合に1 回目投 与の後や2 回目投与の後に同意を撤回された場合など、それまでに費用が発生している場合は、 以下の通り、患者様ご自身にご負担いただきますのでご了承ください。 同意撤回の時期 キャ",,
B,P00166,F0244,関東,東京都,医療法人社団下田緑眞会 世田谷北部病院,医療法人社団下田緑眞会 世田谷北部病院,医療法人社団下田緑眞会 世田谷北部病院,第二種,自家脂肪組織由来の培養間葉系間質細胞とPRPを用いた関節疾患の治療,脂肪由来MSC+PRP,AUTO,0.9617,https://saiseiiryo.mhlw.go.jp/published_plan/download/02C2512024/5/0,330000,税別,1 回,ACP,Arthrex,1,,"1 約1,000 万個×1 回分 29 万円 2 約3,000 万個×1 回分 55 万円 3 約1 億個×1 回分 75 万円 4 約3,000 万個×3 回分 110 万円 5 約1000 万個+ACP 33 万円 なお、脂肪組織の採取の施術開始後や細胞加工の開始後、あるいは3 回投与の場合に1 回目投 与の後や2 回目投与の後に同意を撤回された場合など、それまでに費用が発生している場合は、 以下の通り、患者様ご自身にご負担いただきますのでご了承ください。 同意撤回の時期 キャンセル費用(税別) 1 2 3 4 5",,
B,P00166,F0244,関東,東京都,医療法人社団下田緑眞会 世田谷北部病院,医療法人社団下田緑眞会 世田谷北部病院,医療法人社団下田緑眞会 世田谷北部病院,第二種,自家脂肪組織由来の培養間葉系間質細胞とPRPを用いた関節疾患の治療,脂肪由来MSC+PRP,AUTO,0.9617,https://saiseiiryo.mhlw.go.jp/published_plan/download/02C2512024/5/0,100000,税別,,,,-2,,下の通り、患者様ご自身にご負担いただきますのでご了承ください。 同意撤回の時期 キャンセル費用(税別) 1 2 3 4 5 同意日~脂肪採取予定日の3 日前 キャンセル費用のお支払いはありません 脂肪採取予定日の2 日前 ~脂肪採取当日の脂肪組織採取前 一律 10 万円をお支払いいただきます 脂肪組織採取後~細胞加工開始前(万円) 17.4 33 45 66 19.8 細胞加工開始後~細胞投与前(万円) 23.3 44 60 88 26.4 細胞投与後 治療費用全額をお支払いいただきます 以上,,
B,P00167,F0246,関東,東京都,医療法人社団中川整形外科,医療法人社団中川整形外科,医療法人社団中川整形外科,第二種,変形性関節症を対象とした自家多血小板血漿（PRP）注入療法,PRP,AUTO,1.0,https://saiseiiryo.mhlw.go.jp/published_plan/download/01C2504011/5/0,50000,税込,1 回,,,9,,"です。そのため、患者様の費用負担が 他の治療よりも高額になることがあります。当院において実施される本治療および本治 療に必要な検査などの費用は全額自己負担となります。 血液分離専用容器キットによる提供価格 各1 回: PRP:(京セラCondensia システム)使用 ・・・・・・・・1 回50,000 円(税込) ※患者様の症状によっては、治療を数回行うことがあります。治療前、または治療後の 状態から担当医師が判断し、患者様にお伝えしご相談させて頂きます。 ※治療内容・回数により1回あたりの費用が減額される場合がございます。施術する前 に詳細な説明をいたしますので、ご納得いただいた上で施術をお受けいただけますよ うお願い申し上げま",,
B,P00167,F0246,関東,東京都,医療法人社団中川整形外科,医療法人社団中川整形外科,医療法人社団中川整形外科,第二種,変形性関節症を対象とした自家多血小板血漿（PRP）注入療法,PRP,AUTO,1.0,https://saiseiiryo.mhlw.go.jp/published_plan/download/01C2504011/5/0,5000,税込,,,,-7,,"に同意されない場合でも、一切不利益を受けることはありません。 また同様に、治療を受けることに同意した場合であっても、投与までの間でしたらい つでも取りやめることができます。その場合、その後の治療について一切不利益は受け ません。(ただし下記のキャンセル料は申し受けます) 京セラ:採血後~加工前 5,000 円(税込) 加工後~投与前 30,000 円(税込) もしこの治療を受けることに同意しない場合も、最適と考えられる治療を実施できる ように患者様の治療に最善を尽くします。 ただし、治療を行った後は、健康管理のために必要に応じて適切な検査を受けていた だき、医学的に問題がないかを確認させていただきます。 11. 試料等",,
B,P00167,F0246,関東,東京都,医療法人社団中川整形外科,医療法人社団中川整形外科,医療法人社団中川整形外科,第二種,変形性関節症を対象とした自家多血小板血漿（PRP）注入療法,PRP,AUTO,1.0,https://saiseiiryo.mhlw.go.jp/published_plan/download/01C2504011/5/0,30000,税込,,,,-7,,"りません。 また同様に、治療を受けることに同意した場合であっても、投与までの間でしたらい つでも取りやめることができます。その場合、その後の治療について一切不利益は受け ません。(ただし下記のキャンセル料は申し受けます) 京セラ:採血後~加工前 5,000 円(税込) 加工後~投与前 30,000 円(税込) もしこの治療を受けることに同意しない場合も、最適と考えられる治療を実施できる ように患者様の治療に最善を尽くします。 ただし、治療を行った後は、健康管理のために必要に応じて適切な検査を受けていた だき、医学的に問題がないかを確認させていただきます。 11. 試料等の保管及び廃棄の方法について この治療にて患者",,
B,P00168,F0247,関東,東京都,医療法人社団主正会 かわさきクリニック,医療法人社団主正会 かわさきクリニック,医療法人社団主正会 かわさきクリニック,第二種,関節腔への自己多血小板血漿（PRP）を用いた変形性関節症治療,PRP,AUTO,1.0,https://saiseiiryo.mhlw.go.jp/published_plan/download/01C1910051/5/0,45000,不明,,,,8,,果や経過・治療部位の写真などを公表する可能性がありますが、規程に基づき患者様個人 を特定できる内容が使われることはありません。 14)治療にかかる費用について この治療は公的保険の対象ではありませんので、当院所定の施術料をお支払いいただきます。 ・スモールスピッツ:約2ml 45000 円(別途消費税)(各1 本あたり) ・ラージスピッツ:約4ml 90000 円(別途消費税)(各1 本あたり) ご不明な点は医師、スタッフにお尋ねください。 15)その他治療についての注意事項 本治療は患者様ご自身の血液を用いる為、患者様の体調が良くない場合や、採取した血液の状態に よっては、PRP を分離できないことがあります,,
B,P00168,F0247,関東,東京都,医療法人社団主正会 かわさきクリニック,医療法人社団主正会 かわさきクリニック,医療法人社団主正会 かわさきクリニック,第二種,関節腔への自己多血小板血漿（PRP）を用いた変形性関節症治療,PRP,AUTO,1.0,https://saiseiiryo.mhlw.go.jp/published_plan/download/01C1910051/5/0,90000,不明,,,,8,,人 を特定できる内容が使われることはありません。 14)治療にかかる費用について この治療は公的保険の対象ではありませんので、当院所定の施術料をお支払いいただきます。 ・スモールスピッツ:約2ml 45000 円(別途消費税)(各1 本あたり) ・ラージスピッツ:約4ml 90000 円(別途消費税)(各1 本あたり) ご不明な点は医師、スタッフにお尋ねください。 15)その他治療についての注意事項 本治療は患者様ご自身の血液を用いる為、患者様の体調が良くない場合や、採取した血液の状態に よっては、PRP を分離できないことがあります。その際には、再度採血をさせていただく場合があり ます。また、本治療に使用する,,
B,P00169,F0273,関東,東京都,医療法人社団心愛会 麻布台ビューティセルクリニック,医療法人社団心愛会 麻布台ビューティセルクリニック,医療法人社団心愛会 麻布台ビューティセルクリニック,第二種,自己脂肪由来幹細胞を用いた関節疾患の治療,脂肪由来幹細胞,QC,1.0,https://saiseiiryo.mhlw.go.jp/published_plan/download/01C2507038/5/0,,,,,,,,,no price found after text/OCR pass,RuntimeError: Tesseract process timeout
B,P00170,F0274,関東,東京都,医療法人社団快晴会 すがも北口整形外科クリニック,医療法人社団快晴会 すがも北口整形外科クリニック,医療法人社団快晴会 すがも北口整形外科クリニック,第二種,自家多血小板血漿（PRP）の投与による変形性関節症治療,PRP,AUTO,1.0,https://saiseiiryo.mhlw.go.jp/published_plan/download/03C2207010/5/0,26000,税別,,GPS|MyCells,Zimmer Biomet|MyCells系,12,10,"料をお支払いいただきます。 ・PRPを用いた治療(MyCells®使用)における施術料 投与部位1か所 26,000円(税別) ・PRPを用いた治療(GPSIIIシステム使用)における施術料 投与部位1か所 150,000円(税別)",line-level strong price context,
B,P00170,F0274,関東,東京都,医療法人社団快晴会 すがも北口整形外科クリニック,医療法人社団快晴会 すがも北口整形外科クリニック,医療法人社団快晴会 すがも北口整形外科クリニック,第二種,自家多血小板血漿（PRP）の投与による変形性関節症治療,PRP,AUTO,1.0,https://saiseiiryo.mhlw.go.jp/published_plan/download/03C2207010/5/0,150000,税別,1回,GPS,Zimmer Biomet,12,10,"投与部位1か所 26,000円(税別) ・PRPを用いた治療(GPSIIIシステム使用)における施術料 投与部位1か所 150,000円(税別) ご不明な点は医師・スタッフにお尋ねください。なお1回の施術あ たりの費用は、患部の状態を確認した医師の判断等により変更とな",line-level strong price context,
B,P00170,F0274,関東,東京都,医療法人社団快晴会 すがも北口整形外科クリニック,医療法人社団快晴会 すがも北口整形外科クリニック,医療法人社団快晴会 すがも北口整形外科クリニック,第二種,自家多血小板血漿（PRP）の投与による変形性関節症治療,PRP,AUTO,1.0,https://saiseiiryo.mhlw.go.jp/published_plan/download/03C2207010/5/0,90000,税別,,GPS|MyCells,Zimmer Biomet|MyCells系,10,11,"かった実費相当の費用をお支払いいただきます。 MyCells®を使用した場合 15,600円(税別) GPSIIIシステムを使用した場合 90,000円(税別) また治療を行った後は、健康管理のために、必要に応じて適切な検 査を受けていただきます。医学的に問題がないか確認します。",line-level strong price context,
B,P00171,F0274,関東,東京都,医療法人社団快晴会 すがも北口整形外科クリニック,医療法人社団快晴会 すがも北口整形外科クリニック,医療法人社団快晴会 すがも北口整形外科クリニック,第二種,自家脂肪組織由来幹細胞（ASC）の投与による関節治療,脂肪由来ASC,AUTO,1.0,https://saiseiiryo.mhlw.go.jp/published_plan/download/02C2504044/5/0,300000,税別,,,,8,,"ま す。この場合でも、一切不利益を受けません。 ただし本治療をとりやめた場合には、その時点までに発生した施術および細胞培養にかかっ た費用をお支払いいただきます。 ・ 脂肪採取前に治療をとりやめた場合、費用のお支払いはございません。 ・ 脂肪採取後から投与予定日前日までに治療をとりやめた場合、300,000 円(税抜)を お支払いいただきます。 ・ 投与日もしくは投与直前に治療をとりやめた場合、500,000 円(税抜)をお支払いい ただきます。 また治療を行った後は、健康管理のために必要に応じて適切な検査を受けていただき、医学 的に問題がないかを確認させていただきます。 13. 個人情報保護について 自家脂肪組織由来幹細胞(",,
B,P00171,F0274,関東,東京都,医療法人社団快晴会 すがも北口整形外科クリニック,医療法人社団快晴会 すがも北口整形外科クリニック,医療法人社団快晴会 すがも北口整形外科クリニック,第二種,自家脂肪組織由来幹細胞（ASC）の投与による関節治療,脂肪由来ASC,AUTO,1.0,https://saiseiiryo.mhlw.go.jp/published_plan/download/02C2504044/5/0,500000,税別,,,,8,,"施術および細胞培養にかかっ た費用をお支払いいただきます。 ・ 脂肪採取前に治療をとりやめた場合、費用のお支払いはございません。 ・ 脂肪採取後から投与予定日前日までに治療をとりやめた場合、300,000 円(税抜)を お支払いいただきます。 ・ 投与日もしくは投与直前に治療をとりやめた場合、500,000 円(税抜)をお支払いい ただきます。 また治療を行った後は、健康管理のために必要に応じて適切な検査を受けていただき、医学 的に問題がないかを確認させていただきます。 13. 個人情報保護について 自家脂肪組織由来幹細胞(ASC)の投与による関節治療に対する説明書・同意書 7 「個人情報の保護に関する法律」に基づき、当",,
B,P00171,F0274,関東,東京都,医療法人社団快晴会 すがも北口整形外科クリニック,医療法人社団快晴会 すがも北口整形外科クリニック,医療法人社団快晴会 すがも北口整形外科クリニック,第二種,自家脂肪組織由来幹細胞（ASC）の投与による関節治療,脂肪由来ASC,AUTO,1.0,https://saiseiiryo.mhlw.go.jp/published_plan/download/02C2504044/5/0,54000,税別,1 部位,,,6,,"1 部位 270,000 円 2 部位以上 1 部位追加ごとに 180,000 円ずつ追加 製造した自家ASC は細胞培養加工施設で一時保存され、本治療に使用の際に当院へ輸送さ れます。自家ASC 製造のための脂肪採取から1 年を経過後に治療継続をご希望される場合、 継続にかかる費用を別途54,000 円(税別)ご負担いただきます。詳しくは、スタッフまで お尋ねください。 12. 治療を受けることを拒否することについて この治療を受けるか拒否するかは、ご自身の自由な意思でお決めください。説明を受けた後 に同意されない場合でも、一切不利益を受けることはありません。また同様に、治療を受け ることに同意した場合であっても、投与までの",,
B,P00171,F0274,関東,東京都,医療法人社団快晴会 すがも北口整形外科クリニック,医療法人社団快晴会 すがも北口整形外科クリニック,医療法人社団快晴会 すがも北口整形外科クリニック,第二種,自家脂肪組織由来幹細胞（ASC）の投与による関節治療,脂肪由来ASC,AUTO,1.0,https://saiseiiryo.mhlw.go.jp/published_plan/download/02C2504044/5/0,180000,税別,1 回,,,6,,"費 用は以下の通りです。治療1 回目の費用には、診察代や検査代、自家ASC 製造のための脂 肪採取等の費用が含まれます。なお、費用は患部の状態により異なる場合があります。 治療1 回目 投与部位数 施術費用(税別) 1 部位 1,080,000 円 2 部位以上 1 部位追加ごとに 180,000 円ずつ追加 初回の治療後、必要に応じて2 回目の治療を行う場合、施術費用は以下となります。 治療2 回目 投与部位数 施術費用(税別) 1 部位 270,000 円 2 部位以上 1 部位追加ごとに 180,000 円ずつ追加 製造した自家ASC は細胞培養加工施設で一時保存され、本治療に使用の際に当院へ輸送さ れま",,
B,P00171,F0274,関東,東京都,医療法人社団快晴会 すがも北口整形外科クリニック,医療法人社団快晴会 すがも北口整形外科クリニック,医療法人社団快晴会 すがも北口整形外科クリニック,第二種,自家脂肪組織由来幹細胞（ASC）の投与による関節治療,脂肪由来ASC,AUTO,1.0,https://saiseiiryo.mhlw.go.jp/published_plan/download/02C2504044/5/0,180000,税別,1 部位,,,6,,",080,000 円 2 部位以上 1 部位追加ごとに 180,000 円ずつ追加 初回の治療後、必要に応じて2 回目の治療を行う場合、施術費用は以下となります。 治療2 回目 投与部位数 施術費用(税別) 1 部位 270,000 円 2 部位以上 1 部位追加ごとに 180,000 円ずつ追加 製造した自家ASC は細胞培養加工施設で一時保存され、本治療に使用の際に当院へ輸送さ れます。自家ASC 製造のための脂肪採取から1 年を経過後に治療継続をご希望される場合、 継続にかかる費用を別途54,000 円(税別)ご負担いただきます。詳しくは、スタッフまで お尋ねください。 12. 治療を受けることを拒否すること",,
B,P00171,F0274,関東,東京都,医療法人社団快晴会 すがも北口整形外科クリニック,医療法人社団快晴会 すがも北口整形外科クリニック,医療法人社団快晴会 すがも北口整形外科クリニック,第二種,自家脂肪組織由来幹細胞（ASC）の投与による関節治療,脂肪由来ASC,AUTO,1.0,https://saiseiiryo.mhlw.go.jp/published_plan/download/02C2504044/5/0,270000,税別,1 回,,,6,,"1 回目 投与部位数 施術費用(税別) 1 部位 1,080,000 円 2 部位以上 1 部位追加ごとに 180,000 円ずつ追加 初回の治療後、必要に応じて2 回目の治療を行う場合、施術費用は以下となります。 治療2 回目 投与部位数 施術費用(税別) 1 部位 270,000 円 2 部位以上 1 部位追加ごとに 180,000 円ずつ追加 製造した自家ASC は細胞培養加工施設で一時保存され、本治療に使用の際に当院へ輸送さ れます。自家ASC 製造のための脂肪採取から1 年を経過後に治療継続をご希望される場合、 継続にかかる費用を別途54,000 円(税別)ご負担いただきます。詳しくは、スタッフまで お",,
B,P00171,F0274,関東,東京都,医療法人社団快晴会 すがも北口整形外科クリニック,医療法人社団快晴会 すがも北口整形外科クリニック,医療法人社団快晴会 すがも北口整形外科クリニック,第二種,自家脂肪組織由来幹細胞（ASC）の投与による関節治療,脂肪由来ASC,AUTO,1.0,https://saiseiiryo.mhlw.go.jp/published_plan/download/02C2504044/5/0,1080000,税別,1 回,,,6,,"応されない自由診療となるため、全額自費となります。本治療にかかる費 用は以下の通りです。治療1 回目の費用には、診察代や検査代、自家ASC 製造のための脂 肪採取等の費用が含まれます。なお、費用は患部の状態により異なる場合があります。 治療1 回目 投与部位数 施術費用(税別) 1 部位 1,080,000 円 2 部位以上 1 部位追加ごとに 180,000 円ずつ追加 初回の治療後、必要に応じて2 回目の治療を行う場合、施術費用は以下となります。 治療2 回目 投与部位数 施術費用(税別) 1 部位 270,000 円 2 部位以上 1 部位追加ごとに 180,000 円ずつ追加 製造した自家ASC は細胞培養",,
B,P00172,F0275,関東,東京都,医療法人社団慧愛会 Grace Earth Clinic,医療法人社団慧愛会 Grace Earth Clinic,医療法人社団慧愛会 Grace Earth Clinic,第二種,自己脂肪由来間葉系幹細胞を用いた変形性関節症に対する治療,脂肪由来MSC,AUTO,1.0,https://saiseiiryo.mhlw.go.jp/published_plan/download/01C2407008/5/0,1320000,税込,,,,10,5,"す。実際に必要となる費用については今回の治療では下記となります(税込)。 初診料 5,500 円 血液検査料 22,000 円 組織採取料 220,000 円 治療費用 1,320,000 円/回 なお、脂肪の採取後や、細胞加工物の製造開始後に同意を撤回された場合など、同意を撤回される 時点までに費用が発生している場合は、発生した費用についてはあなたにご負担いただきますので",line-level strong price context,
B,P00173,F0226,関東,東京都,アールイークリニック銀座,アールイークリニック銀座,アールイークリニック銀座,第二種,自家脂肪由来間葉系幹細胞を用いた変形性膝関節症治療,脂肪由来MSC,QC,1.0,https://saiseiiryo.mhlw.go.jp/published_plan/download/02C2410047/5/0,50000,不明,,,,3,8,費用 5万円~15万円 (施設により異なる) 100万円~150万円,price candidates remain ambiguous,
B,P00173,F0226,関東,東京都,アールイークリニック銀座,アールイークリニック銀座,アールイークリニック銀座,第二種,自家脂肪由来間葉系幹細胞を用いた変形性膝関節症治療,脂肪由来MSC,QC,1.0,https://saiseiiryo.mhlw.go.jp/published_plan/download/02C2410047/5/0,150000,不明,,,,3,8,費用 5万円~15万円 (施設により異なる) 100万円~150万円,price candidates remain ambiguous,
B,P00173,F0226,関東,東京都,アールイークリニック銀座,アールイークリニック銀座,アールイークリニック銀座,第二種,自家脂肪由来間葉系幹細胞を用いた変形性膝関節症治療,脂肪由来MSC,QC,1.0,https://saiseiiryo.mhlw.go.jp/published_plan/download/02C2410047/5/0,2000,不明,,,,0,8,100万円~150万円 (施設により異なる) 2000円~3000円 (保険負担金) 治療を受けることへの同意,price candidates remain ambiguous,
B,P00173,F0226,関東,東京都,アールイークリニック銀座,アールイークリニック銀座,アールイークリニック銀座,第二種,自家脂肪由来間葉系幹細胞を用いた変形性膝関節症治療,脂肪由来MSC,QC,1.0,https://saiseiiryo.mhlw.go.jp/published_plan/download/02C2410047/5/0,3000,不明,,,,0,8,100万円~150万円 (施設により異なる) 2000円~3000円 (保険負担金) 治療を受けることへの同意,price candidates remain ambiguous,
B,P00173,F0226,関東,東京都,アールイークリニック銀座,アールイークリニック銀座,アールイークリニック銀座,第二種,自家脂肪由来間葉系幹細胞を用いた変形性膝関節症治療,脂肪由来MSC,QC,1.0,https://saiseiiryo.mhlw.go.jp/published_plan/download/02C2410047/5/0,1000000,不明,,,,0,8,5万円~15万円 (施設により異なる) 100万円~150万円 (施設により異なる) 2000円~3000円,price candidates remain ambiguous,
B,P00173,F0226,関東,東京都,アールイークリニック銀座,アールイークリニック銀座,アールイークリニック銀座,第二種,自家脂肪由来間葉系幹細胞を用いた変形性膝関節症治療,脂肪由来MSC,QC,1.0,https://saiseiiryo.mhlw.go.jp/published_plan/download/02C2410047/5/0,1500000,不明,,,,0,8,5万円~15万円 (施設により異なる) 100万円~150万円 (施設により異なる) 2000円~3000円,price candidates remain ambiguous,
B,P00174,F0233,関東,東京都,スキンダクリニック,スキンダクリニック,スキンダクリニック,第二種,自家脂肪組織由来幹細胞（ASC）の静脈内投与による慢性筋骨格系疼痛治療,脂肪由来ASC,AUTO,1.0,https://saiseiiryo.mhlw.go.jp/published_plan/download/01C2512003/5/0,4400000,税込,,,,11,3,"ては当院で負担いたします。他の医療機関で受けられた治療費用については協議させていただきます。 9. 治療にかかる費用について この治療は公的保険の対象ではありませんので、当院の所定の施術料として4,400,000 円(税込)をお支払いい ただきます。また、脂肪の採取後や、細胞培養の完了後にもキャンセル(同意の撤回)は可能ですが、同意撤回の時 点までに費用が発生している場合は、発生した費用をご負担いただきますのでご了承ください。",line-level strong price context,
B,P00175,F0235,関東,東京都,センチュリークリニック東京,センチュリークリニック東京,センチュリークリニック東京,第二種,自己脂肪由来幹細胞を用いた変形性関節症の治療,脂肪由来幹細胞,AUTO,1.0,https://saiseiiryo.mhlw.go.jp/published_plan/download/01C2511015/5/0,1470000,税別,1 回,,,8,7,費・薬剤等の消耗品を含め、下記の治療費用をご負担いただきます。 1 回投与 147 万円(税別) 2 回投与 294 万円(税別),line-level medium price context,
B,P00176,F0235,関東,東京都,センチュリークリニック東京,センチュリークリニック東京,センチュリークリニック東京,第二種,脂肪組織由来再生（幹）細胞を含む間質血管細胞群（SVF）を用いた変形性関節症に対する治療,SVF,AUTO,1.0,https://saiseiiryo.mhlw.go.jp/published_plan/download/01C2511017/5/0,2750000,税込,,,,9,9,15.費用について この治療は保険が適応されない自由診療となるため、全額自費診療となります。 治療費は、275万円(税込)です。 ※治療により期待した効果が得られなかった場合であっても、返金等には応じられ ませんので予めご了承ください。,line-level strong price context,
B,P00177,F0238,関東,東京都,モティーフ銀座クリニック,モティーフ銀座クリニック,モティーフ銀座クリニック,第二種,変形性関節症に対する自己脂肪組織由来培養間葉系幹細胞の関節内投与療法,脂肪由来MSC,AUTO,1.0,https://saiseiiryo.mhlw.go.jp/published_plan/download/02C2602016/5/0,330000,税込,,,,12,4,"療を受けるために必要となった宿泊費・交通費などの全ての費用もご自分でご負担いただきます。 治療に必要な費用は細胞採取費用・局所麻酔料・培養費用・関節内投与料・鎮痛剤・抗生物質などを 含めて、投与毎に33 万円(約1,000 万cells)~440 万円(約2 億cells)/回(税込)となっておりま す。脂肪採取時または細胞投与時の静脈麻酔料は55,000 円(税込)です。症状や診断結果により投与 量(細胞数)が異なります。",line-level strong price context,
B,P00177,F0238,関東,東京都,モティーフ銀座クリニック,モティーフ銀座クリニック,モティーフ銀座クリニック,第二種,変形性関節症に対する自己脂肪組織由来培養間葉系幹細胞の関節内投与療法,脂肪由来MSC,AUTO,1.0,https://saiseiiryo.mhlw.go.jp/published_plan/download/02C2602016/5/0,4400000,税込,,,,12,4,"療を受けるために必要となった宿泊費・交通費などの全ての費用もご自分でご負担いただきます。 治療に必要な費用は細胞採取費用・局所麻酔料・培養費用・関節内投与料・鎮痛剤・抗生物質などを 含めて、投与毎に33 万円(約1,000 万cells)~440 万円(約2 億cells)/回(税込)となっておりま す。脂肪採取時または細胞投与時の静脈麻酔料は55,000 円(税込)です。症状や診断結果により投与 量(細胞数)が異なります。",line-level strong price context,
B,P00178,F0238,関東,東京都,モティーフ銀座クリニック,モティーフ銀座クリニック,モティーフ銀座クリニック,第二種,変形性関節症に対する自己多血小板血漿（PRP）の関節内投与療法,PRP,AUTO,1.0,https://saiseiiryo.mhlw.go.jp/published_plan/download/01C2608011/5/0,20000,税別,2 回,,,8,,"だきます。その他、本 治療を受けるために必要となった宿泊費・交通費などの全ての費用もご自分でご負担いただきます。 4 治療に必要な費用は採血費用・PRP 調製費用・PRP 注入費用を含めて、投与毎に20 万円(2ml) (税別)となっております。 PRP 活性化処理はPRP 2mL あたり20,000 円(税別)です。 PRP 投与時の静脈麻酔料は50,000 円(税別)です。病状により投与量(ml)が異なります。 患者様ごとに投与量、投与回数と、投与回数に応じた総費用(概算)を説明しますので、必ず料金に ついての説明を受けてください。2 回目以降の投与量・費用は、患者様の症状や患部の状態などによ り1 回目と異なることがあります。1",,
B,P00178,F0238,関東,東京都,モティーフ銀座クリニック,モティーフ銀座クリニック,モティーフ銀座クリニック,第二種,変形性関節症に対する自己多血小板血漿（PRP）の関節内投与療法,PRP,AUTO,1.0,https://saiseiiryo.mhlw.go.jp/published_plan/download/01C2608011/5/0,50000,税別,2 回,,,8,,"交通費などの全ての費用もご自分でご負担いただきます。 4 治療に必要な費用は採血費用・PRP 調製費用・PRP 注入費用を含めて、投与毎に20 万円(2ml) (税別)となっております。 PRP 活性化処理はPRP 2mL あたり20,000 円(税別)です。 PRP 投与時の静脈麻酔料は50,000 円(税別)です。病状により投与量(ml)が異なります。 患者様ごとに投与量、投与回数と、投与回数に応じた総費用(概算)を説明しますので、必ず料金に ついての説明を受けてください。2 回目以降の投与量・費用は、患者様の症状や患部の状態などによ り1 回目と異なることがあります。1 回目の投与後の再診(診察等)において担当医とご相談くださ い",,
B,P00178,F0238,関東,東京都,モティーフ銀座クリニック,モティーフ銀座クリニック,モティーフ銀座クリニック,第二種,変形性関節症に対する自己多血小板血漿（PRP）の関節内投与療法,PRP,AUTO,1.0,https://saiseiiryo.mhlw.go.jp/published_plan/download/01C2608011/5/0,200000,税別,,,,8,,"る費用に関する事項 本治療は保険適用外ですので、治療にかかる費用全額をご自分でご負担いただきます。その他、本 治療を受けるために必要となった宿泊費・交通費などの全ての費用もご自分でご負担いただきます。 4 治療に必要な費用は採血費用・PRP 調製費用・PRP 注入費用を含めて、投与毎に20 万円(2ml) (税別)となっております。 PRP 活性化処理はPRP 2mL あたり20,000 円(税別)です。 PRP 投与時の静脈麻酔料は50,000 円(税別)です。病状により投与量(ml)が異なります。 患者様ごとに投与量、投与回数と、投与回数に応じた総費用(概算)を説明しますので、必ず料金に ついての説明を受けてください。",,
B,P00179,F0316,関東,東京都,一般社団法人 輝実会 青山レナセルクリニック,一般社団法人 輝実会 青山レナセルクリニック,一般社団法人 輝実会 青山レナセルクリニック,第二種,変形性関節症に対する自己脂肪由来幹細胞を用いた治療,脂肪由来幹細胞,AUTO,1.0,https://saiseiiryo.mhlw.go.jp/published_plan/download/02C2404086/5/0,1250000,税別,1回,,,12,5,"この治療は保険適用外のため、全額自費となり、以下の費用がかかります(税抜)。 初診料 5,000円 治療費用 1,250,000円(1回分) また、治療を決定して脂肪を採取するとすぐに治療費(培養費)が発生するため、脂肪を採取 した当日に治療費をお振込みいただきます。(培養技師のスケジュールを確定し、培養に必要な",line-level strong price context,
B,P00180,F0236,関東,東京都,トウキョウ メディカル エンド サージカル クリニック,トウキョウ メディカル エンド サージカル クリニック,トウキョウ メディカル エンド サージカル クリニック,第三種,多血小板血漿（PRP）を使用した靭帯・腱および腱付着部の炎症治療、組織修復による疼痛改善治療,PRP,AUTO,1.0,https://saiseiiryo.mhlw.go.jp/published_plan/download/02C1912182/5/0,130000,不明,,GPS|Zimmer,Zimmer Biomet,7,,"に必要がある 場合であって、緊急かつやむを得ない場合 治療にかかる費用につい て この治療は公的保険の対象ではありませんので、当施設にて施術料 をお支払いいただきます。 ・ZIMMER BIOMET製 GPS®IIIシステム使用 130,000円 ※患者様の症状により施術料が変わる場合は別途、ご説明いたしま す。 以上、この説明書内に記載されている治療の経過や状態などはあく まで平均的なものであり、個人差があることをご了承ください。万 一偶発的に緊急事態が起きた場合は、最善の処置を行います。 なお、治療に関して患者様が当院及び医師の指示に従っていただけ ない場合、当院は責を負いか",,
B,P00181,F0290,関東,東京都,一般社団法人東京リライフ 東京リライフクリニック,一般社団法人東京リライフ 東京リライフクリニック,一般社団法人東京リライフ 東京リライフクリニック,第三種,四肢の筋・腱・靱帯及びその付着部の傷害を対象としたPRP注入療法,PRP,QC,0.96,https://saiseiiryo.mhlw.go.jp/published_plan/download/03C2603002/5/0,,,,,,,,,no price found after text/OCR pass,Document fetched but no price candidate
B,P00182,F0241,関東,東京都,三宿通り整形外科クリニック,三宿通り整形外科クリニック,三宿通り整形外科クリニック,第三種,自家多血小板血漿（PRP）を用いた筋肉、腱、靭帯、筋膜の損傷及び慢性炎症の治療,PRP,QC,0.9651,https://saiseiiryo.mhlw.go.jp/published_plan/download/01C2308050/5/0,55000,税込,1 回,,,6,6,"費用(税込) PRP 1 回・1 部位(1 本分) 55,000 円 PRP 1 回・1 部位(2 本分) 88,000 円",price candidates remain ambiguous,
B,P00182,F0241,関東,東京都,三宿通り整形外科クリニック,三宿通り整形外科クリニック,三宿通り整形外科クリニック,第三種,自家多血小板血漿（PRP）を用いた筋肉、腱、靭帯、筋膜の損傷及び慢性炎症の治療,PRP,QC,0.9651,https://saiseiiryo.mhlw.go.jp/published_plan/download/01C2308050/5/0,88000,不明,1 回,,,2,6,"55,000 円 PRP 1 回・1 部位(2 本分) 88,000 円 PRP 1 回・2 部位同時(2 本分) 88,000 円",price candidates remain ambiguous,
B,P00183,F0242,関東,東京都,三軒茶屋整形外科・スポーツクリニック,三軒茶屋整形外科・スポーツクリニック,三軒茶屋整形外科・スポーツクリニック,第三種,多血小板血漿を用いた靭帯・腱及び腱付着部の機能障害・疾患の治療,PRP,AUTO,1.0,https://saiseiiryo.mhlw.go.jp/published_plan/download/01C1906019/5/0,200000,不明,,GPS|Zimmer,Zimmer Biomet,7,,"者(院長)へと報告して対応させていただきます。 窓口部署:事務 連絡先:03-3487-8341 12.費用について この治療は公的保険の対象ではありませんので、当院所定の施術料をお支払いいただきます。 ・ZIMMER BIOMET 製 GPS®IIIシステム使用 100,000~200,000円 ※患者様の症状により治療費が変動いたします。 施術後、患者様の個人的な事情及び金銭等に関する問題に関しては一切の責を負いかねますのでご了 承ください。 なお、細胞の採取後や加工後に同意を撤回された場合など、同意を撤回される時点までに費用が発生し ている場合は、発生した費用については患者様にご負担いただきますのでご了承ください",,
B,P00184,F0243,関東,東京都,上石神井オチクリニック整形外科,上石神井オチクリニック整形外科,上石神井オチクリニック整形外科,第三種,自己多血小板血漿（PRP）療法（筋・腱・靭帯損傷）,PRP,AUTO,1.0,https://saiseiiryo.mhlw.go.jp/published_plan/download/02C2601090/5/0,55000,税込,3回分,,,9,17,"(60mL)につき、投与3回分(各投与約2mL、最大で約6mL)の PRPを製造いたします。 PRPを用いた投与1回分(1部位) 55,000円(税込) ※投与3回行った場合、1回55,000円×3回=165,000円となります。 ただし、2回目及び3回目の採血はございません。",line-level strong price context,
B,P00185,F0222,関東,東京都,医療法人さくら会 銀座NANAクリニック,医療法人さくら会 銀座NANAクリニック,医療法人さくら会 銀座NANAクリニック,第三種,PRPを用いて筋、腱、靭帯および筋-腱付着部損傷による疾患の治療を目的とした再生医療,PRP,AUTO,0.9882,https://saiseiiryo.mhlw.go.jp/published_plan/download/01C2307044/5/0,220000,税込,,,,7,6,"この再生医療治療は、医療保険適用外(自由診療)施術ですの で全額自費でお支払いいただきます。 施術費は、1.5mL 220,000円(税込)となります。 *キャンセルについて 本人の事由により分離キットを使用した製造工程以降に治療を拒否",line-level medium price context,
B,P00186,F0206,関東,東京都,医療法人社団ARen 大森整形外科,医療法人社団ARen 大森整形外科,医療法人社団ARen 大森整形外科,第三種,整形外科領域におけるPRP治療（血流部位への投与）,PRP,QC,1.0,https://saiseiiryo.mhlw.go.jp/published_plan/download/03C2309035/5/0,,,,,,,,,no price found after text/OCR pass,Document fetched but no price candidate
B,P00187,F0208,関東,東京都,医療法人社団BODHI Dr.KAKUKOスポーツクリニック,医療法人社団BODHI Dr.KAKUKOスポーツクリニック,医療法人社団BODHI Dr.KAKUKOスポーツクリニック,第三種,自己多血小板血漿（PRP）療法を用いた腱炎、腱付着部炎に対する整形療法,PRP,AUTO,0.9867,https://saiseiiryo.mhlw.go.jp/published_plan/download/01C1912059/5/0,50000,不明,,,,9,1,光線療法とは作用機序が異なり類似する方法はありません。そのた め、利益・不利益の比較はできません。 □ 治療費は1患部での治療で1ccに対し5万円(別途消費税)、2cc に対し8万円(別途消費税)です。 □ 細胞提供者と受領者は同一人のため、細胞提供者の選択は行いま,line-level strong price context,
B,P00188,F0212,関東,東京都,医療法人社団M-TAC 文京整形外科,医療法人社団M-TAC 文京整形外科,医療法人社団M-TAC 文京整形外科,第三種,自家多血小板血漿（PRP）を用いた筋肉、腱、靭帯、筋膜の損傷及び慢性炎症の治療,PRP,AUTO,0.9651,https://saiseiiryo.mhlw.go.jp/published_plan/download/01C2503017/5/0,50000,税込,,ACP MAX|ACP,Arthrex,8,,"本治療にかかる費用は、以下のとおりです。なお、費用に含まれるのは、治療に 伴う診査、自家PRP 調製のための採血にかかる費用、自家PRP 調製費用、注入に かかる費用であり、以下が費用の総額となります。 治療の種類 平均的な血小板注入量 費用(税込み) ACP-PRP 20 億個 50,000 円 HD-PRP(ACP MAX の場合) 90 億個 209,000 円 また、ACP-PRP は効果を高めるため、2 倍量1 度に投与することが可能です。 その場合の費用は以下の通りです。 治療の種類 平均的な血小板注入量 費用(税込み) ACP-PRP ダブルショット 40 億個 99,000 円",,
B,P00188,F0212,関東,東京都,医療法人社団M-TAC 文京整形外科,医療法人社団M-TAC 文京整形外科,医療法人社団M-TAC 文京整形外科,第三種,自家多血小板血漿（PRP）を用いた筋肉、腱、靭帯、筋膜の損傷及び慢性炎症の治療,PRP,AUTO,0.9651,https://saiseiiryo.mhlw.go.jp/published_plan/download/01C2503017/5/0,209000,税込,,ACP MAX|ACP,Arthrex,8,,"伴う診査、自家PRP 調製のための採血にかかる費用、自家PRP 調製費用、注入に かかる費用であり、以下が費用の総額となります。 治療の種類 平均的な血小板注入量 費用(税込み) ACP-PRP 20 億個 50,000 円 HD-PRP(ACP MAX の場合) 90 億個 209,000 円 また、ACP-PRP は効果を高めるため、2 倍量1 度に投与することが可能です。 その場合の費用は以下の通りです。 治療の種類 平均的な血小板注入量 費用(税込み) ACP-PRP ダブルショット 40 億個 99,000 円 治療終了後も定期的な受診が必要です。 9 11.健康被",,
B,P00188,F0212,関東,東京都,医療法人社団M-TAC 文京整形外科,医療法人社団M-TAC 文京整形外科,医療法人社団M-TAC 文京整形外科,第三種,自家多血小板血漿（PRP）を用いた筋肉、腱、靭帯、筋膜の損傷及び慢性炎症の治療,PRP,AUTO,0.9651,https://saiseiiryo.mhlw.go.jp/published_plan/download/01C2503017/5/0,99000,税込,,ACP MAX|ACP,Arthrex,0,,"RP(ACP MAX の場合) 90 億個 209,000 円 また、ACP-PRP は効果を高めるため、2 倍量1 度に投与することが可能です。 その場合の費用は以下の通りです。 治療の種類 平均的な血小板注入量 費用(税込み) ACP-PRP ダブルショット 40 億個 99,000 円 治療終了後も定期的な受診が必要です。 9 11.健康被害が発生した際の処置と補償等について すべての医療行為にはリスクがあり、ある一定の確率で合併症が起こりえます。 本治療においても『5.予想される効果と起こるかもしれない副作用』でお示しした 合併症については起こらないように細心の注意を払ってい",,
B,P00189,F0352,関東,神奈川県,医療法人社団 千美会 ガーデンクリニック横浜院,医療法人社団 千美会 ガーデンクリニック横浜院,医療法人社団 千美会 ガーデンクリニック横浜院,第二種,自己脂肪由来幹細胞を用いた変形性関節症の治療,脂肪由来幹細胞,AUTO,1.0,https://saiseiiryo.mhlw.go.jp/published_plan/download/01C2110056/5/0,1280000,税別,1回,,,9,,せていただきます。 再生医療事務局 電話番号:03-5985-6921 12.費用について 本治療は保険適用外であるため、治療にかかる費用全額をご自分で ご負担いただきます。その他、本治療を受けるために必要となった 旅費、交通費などの全ての費用もご自分でご負担いただきます。本 治療にかかる費用は1回128万円(税別)となっております。 なお、脂肪の採取後や、細胞加工物の製造後に同意を撤回された場 合など、同意を撤回される時点までに費用が発生している場合は、 発生した費用についてはあなたにご負担いただきますのでご了承く ださい。 13.他の治療法の有無、本治療法との比較について 変形性関節症の治療法には保存療法と手術療法の2つの方法があり ま,,
B,P00190,F0351,関東,神奈川県,医療法人社団 三朋会 嶺整形外科クリニック,医療法人社団 三朋会 嶺整形外科クリニック,医療法人社団 三朋会 嶺整形外科クリニック,第二種,多血小板血漿（PRP）を用いた整形外科疾患に対する治療,PRP,QC,0.9718,https://saiseiiryo.mhlw.go.jp/published_plan/download/01C2001039/5/0,,,,,,,,,no price found after text/OCR pass,RuntimeError: Tesseract process timeout
B,P00191,F0365,関東,神奈川県,医療法人緑樹会 あおば整形外科,医療法人緑樹会 あおば整形外科,医療法人緑樹会 あおば整形外科,第二種,多血小板血漿抽出液による関節症治療,PRP/APS,AUTO,1.0,https://saiseiiryo.mhlw.go.jp/published_plan/download/03C2310078/5/0,150000,不明,,APS|GPS|Zimmer,Zimmer Biomet,7,,"(院長)へと報告して対応させていただきます。 窓口部署:事務局 連絡先:045-985-3602 12.費用について この治療は公的保険の対象ではありませんので、当院所定の施術料をお支払いいただきます。 ・ZIMMER BIOMET 製 GPS®IIIシステム使用 150,000円 (APSキットを使用せず、作製したPRPをそのまま使用する場合) GPS®IIIシステム、APSキット使用 300,000円 (APSキットを使用してさらに抽出を行い純度を高めて使用する場合) ※患者様の症状、その他の事情等により治療費が変動する場合があります。 なお、細胞の採取後や加工後",,
B,P00191,F0365,関東,神奈川県,医療法人緑樹会 あおば整形外科,医療法人緑樹会 あおば整形外科,医療法人緑樹会 あおば整形外科,第二種,多血小板血漿抽出液による関節症治療,PRP/APS,AUTO,1.0,https://saiseiiryo.mhlw.go.jp/published_plan/download/03C2310078/5/0,300000,不明,,APS|GPS|Zimmer,Zimmer Biomet,7,,"んので、当院所定の施術料をお支払いいただきます。 ・ZIMMER BIOMET 製 GPS®IIIシステム使用 150,000円 (APSキットを使用せず、作製したPRPをそのまま使用する場合) GPS®IIIシステム、APSキット使用 300,000円 (APSキットを使用してさらに抽出を行い純度を高めて使用する場合) ※患者様の症状、その他の事情等により治療費が変動する場合があります。 なお、細胞の採取後や加工後に同意を撤回された場合など、同意を撤回される時点までに費用が発生し ている場合は、発生した費用については患者様にご負担いただきますのでご了承ください。 13.",,
B,P00192,F0366,関東,神奈川県,医療法人財団明理会 東戸塚記念病院,医療法人財団明理会 東戸塚記念病院,医療法人財団明理会 東戸塚記念病院,第二種,多血小板血漿抽出液による関節症治療,PRP/APS,AUTO,1.0,https://saiseiiryo.mhlw.go.jp/published_plan/download/03C2511006/5/0,300000,不明,,APS|GPS|Zimmer,Zimmer Biomet,7,,"院長)へと報告して対応させていただきます。 窓口部署:患者相談窓口 連絡先:045-825-2111 12.費用について この治療は公的保険の対象ではありませんので、当院所定の施術料をお支払いいただきます。 ・ZIMMER BIOMET 製 GPS®IIIシステム、APSキット使用 300,000円 ※患者様の症状、その他の事情等により治療費が変動する場合があります。 なお、細胞の採取後や加工後に同意を撤回された場合など、同意を撤回される時点までに費用が発生し ている場合は、発生した費用については患者様にご負担いただきますのでご了承ください。 13.他の治療法の有無、本治療法との比較について 変形性関節症をはじめとする",,
B,P00193,F0367,関東,神奈川県,医療法人野球医学 ベースボール＆スポーツクリニック,医療法人野球医学 ベースボール＆スポーツクリニック,医療法人野球医学 ベースボール＆スポーツクリニック,第二種,変形性関節症に対する多血小板血漿（PRP）関節内投与療法,PRP,AUTO,1.0,https://saiseiiryo.mhlw.go.jp/published_plan/download/01C2412054/5/0,55000,税込,,,,8,3,"14.費用について 細胞の提供に際して費用は発生しません。 治療の提供に際しては、本治療は公的保険の対象ではありませんので、当院所定の施術料として55,000円 (税込)をお支払いいただきます。 ※患者様の症状、その他の事情等により治療費が変動する場合があります。",line-level medium price context,
B,P00194,F0355,関東,神奈川県,医療法人社団梅沢医院 梅沢整形外科,医療法人社団梅沢医院 梅沢整形外科,医療法人社団梅沢医院 梅沢整形外科,第二種,自家多血小板血漿（PRP）を用いた慢性関節炎の治療,PRP,AUTO,0.9333,https://saiseiiryo.mhlw.go.jp/published_plan/download/01C2209019/5/0,44000,税込,2 回分,,,9,,"、PRP の費用には、治療 に伴う診査、PRP 調製のための採血にかかる費用、PRP 調製費用、注入に かかる費用の総額です。左右両側に投与する場合は、2 回分です。 PRP1 回(1 部位) : 55,000 円(税込) 学生の場合、PRP1 回(1 部位) : 44,000 円(税込) 11. 試料等の保存及び廃棄の方法 患者様から採取した血液と作製したPRP は、患者様ご自身の治療のみ に使用します。ただし、症例検討や学会発表を目的として、血液やPRP の測定を行い、データを取得することがあります。 血液およびPRP は微量で全量を使用するため、保管はしません。治療 に用いない血液またはPRP",,
B,P00194,F0355,関東,神奈川県,医療法人社団梅沢医院 梅沢整形外科,医療法人社団梅沢医院 梅沢整形外科,医療法人社団梅沢医院 梅沢整形外科,第二種,自家多血小板血漿（PRP）を用いた慢性関節炎の治療,PRP,AUTO,0.9333,https://saiseiiryo.mhlw.go.jp/published_plan/download/01C2209019/5/0,55000,税込,2 回分,,,9,,"ませ ん。 (2) 本治療にかかる費用は、以下のとおりです。なお、PRP の費用には、治療 に伴う診査、PRP 調製のための採血にかかる費用、PRP 調製費用、注入に かかる費用の総額です。左右両側に投与する場合は、2 回分です。 PRP1 回(1 部位) : 55,000 円(税込) 学生の場合、PRP1 回(1 部位) : 44,000 円(税込) 11. 試料等の保存及び廃棄の方法 患者様から採取した血液と作製したPRP は、患者様ご自身の治療のみ に使用します。ただし、症例検討や学会発表を目的として、血液やPRP の測定を行い、データを取得することがあります。 血液およびPRP は微量",,
B,P00195,F0360,関東,神奈川県,医療法人社団正順会 イノルト整形外科 藤沢院,医療法人社団正順会 イノルト整形外科 藤沢院,医療法人社団正順会 イノルト整形外科 藤沢院,第二種,自己脂肪由来間葉系幹細胞を用いた関節痛、変形性関節症治療,脂肪由来MSC,AUTO,1.0,https://saiseiiryo.mhlw.go.jp/published_plan/download/01C2406022/5/0,5000000,税別,,,,9,6,"本治療は保険適用外であるため、治療にかかる費用全額をご自分でご負担いただきます。その 他、本治療を受けるために必要となった旅費、交通費などの全ての費用もご自分でご負担いただ きます。実際に必要となる費用については今回の治療は 5,000,000 円(税抜)となります。 なお、本治療の同意を撤回される場合、その時点までに行った施術および細胞培養にかかった以 下の費用をお支払いいただきます。",line-level strong price context,
B,P00196,F0354,関東,神奈川県,東海大学医学部付属病院,東海大学医学部付属病院,東海大学医学部付属病院,第二種,関節疾患に対するPRP（多血小板血漿）治療,PRP,AUTO,1.0,https://saiseiiryo.mhlw.go.jp/published_plan/download/03C2604001/5/0,150000,税込,1 回,,,8,,"この治療は公的保険の対象ではありませんので、当病院所定の施術料をお支払いいただきます。 関節内投与1 回あたり 330,000 円(税込) *投与当日に入院される場合には公的保険の対象とはならず、入院料と処置費で最低15 万円程 度(税別)かかりますのでご了承ください。 関節疾患に対するPRP(多血小板血漿)治療 Ver.5 2025 年7 月23 日作成 5 施術後、患者様の個人的な事情及び金銭等に関する問題に関しては一切の責を負いかねますので ご了承ください。 以上、この説明書内に記載されている治療の経過や状態などはあくまで平均的",,
B,P00196,F0354,関東,神奈川県,東海大学医学部付属病院,東海大学医学部付属病院,東海大学医学部付属病院,第二種,関節疾患に対するPRP（多血小板血漿）治療,PRP,AUTO,1.0,https://saiseiiryo.mhlw.go.jp/published_plan/download/03C2604001/5/0,330000,税込,1 回,,,8,,"孫に受 け継がれる遺伝子的な特徴が発生することはありません。 治療にかかる費用について この治療は公的保険の対象ではありませんので、当病院所定の施術料をお支払いいただきます。 関節内投与1 回あたり 330,000 円(税込) *投与当日に入院される場合には公的保険の対象とはならず、入院料と処置費で最低15 万円程 度(税別)かかりますのでご了承ください。 関節疾患に対するPRP(多血小板血漿)治療 Ver.5 2025 年7 月23 日作成 5 施術後、患者様の個人的な事情及び金銭等に関する問題に関しては一切の責を負いかねます",,
B,P00198,F0357,関東,神奈川県,横浜整形外科クリニック,横浜整形外科クリニック,横浜整形外科クリニック,第二種,多血小板血漿（PRP）による変形性関節症治療,PRP,QC,1.0,https://saiseiiryo.mhlw.go.jp/published_plan/download/03C2305023/5/0,,,,,,,,,no price found after text/OCR pass,RuntimeError: Tesseract process timeout
B,P00199,F0358,関東,神奈川県,横浜駅前さいとう整形外科・スポーツクリニック,横浜駅前さいとう整形外科・スポーツクリニック,横浜駅前さいとう整形外科・スポーツクリニック,第二種,自己多血小板血漿（PRP）の投与による変形性関節症の疼痛緩和を目的とした治療,PRP,AUTO,1.0,https://saiseiiryo.mhlw.go.jp/published_plan/download/01C2605032/5/0,120000,税別,1部位,APS|GPS,Zimmer Biomet,9,,"治療にかかる費用について この治療は公的保険の対象ではありませんので、当院にて実施する治療、治療に必要な検査、 治療の経過観察などの費用は全額自己負担となります。 (税別) 使用キット 治療費用 GPSIIIシステム 1部位 120,000 円 APS キット 1部位 280,000 円 その他治療についての注意事項 患者さまの体調が良くない場合や、採取した血液の状態によっては、PRP を分離できないこと があります。その際には、再度採血をさせていただく場合があります。その場合、追加費用は 発生いたしませ",,
B,P00199,F0358,関東,神奈川県,横浜駅前さいとう整形外科・スポーツクリニック,横浜駅前さいとう整形外科・スポーツクリニック,横浜駅前さいとう整形外科・スポーツクリニック,第二種,自己多血小板血漿（PRP）の投与による変形性関節症の疼痛緩和を目的とした治療,PRP,AUTO,1.0,https://saiseiiryo.mhlw.go.jp/published_plan/download/01C2605032/5/0,280000,税別,1部位,APS|GPS,Zimmer Biomet,9,,"この治療は公的保険の対象ではありませんので、当院にて実施する治療、治療に必要な検査、 治療の経過観察などの費用は全額自己負担となります。 (税別) 使用キット 治療費用 GPSIIIシステム 1部位 120,000 円 APS キット 1部位 280,000 円 その他治療についての注意事項 患者さまの体調が良くない場合や、採取した血液の状態によっては、PRP を分離できないこと があります。その際には、再度採血をさせていただく場合があります。その場合、追加費用は 発生いたしません。 また、本治療に使用する機器は定期的にメンテ",,
B,P00199,F0358,関東,神奈川県,横浜駅前さいとう整形外科・スポーツクリニック,横浜駅前さいとう整形外科・スポーツクリニック,横浜駅前さいとう整形外科・スポーツクリニック,第二種,自己多血小板血漿（PRP）の投与による変形性関節症の疼痛緩和を目的とした治療,PRP,AUTO,1.0,https://saiseiiryo.mhlw.go.jp/published_plan/download/01C2605032/5/0,80000,不明,,APS|GPS,Zimmer Biomet,-6,,でお決めください。説明を受けた後に 同意されない場合でも、一切不利益を受けません。また同様に、治療を受けることに同意した 後でも、同意撤回はいつでも可能です。この場合でも、一切不利益を受けません。なお、採血・ 加工後に撤回された場合は、使用済みのキット代金等の実費(APS:22 万円、GPSIII:8 万円) をご負担いただく場合があります。 健康被害の補償について 本治療により、万が一健康被害が生じた場合は、医療的処置を無償で行うとともに、当院が加 入する再生医療サポート保険から補償を行います。 健康被害が発生した際は、当院の相談窓口までご連絡ください。 身体に関する重要な知見が得られた場合及び遺伝的特徴について,,
B,P00199,F0358,関東,神奈川県,横浜駅前さいとう整形外科・スポーツクリニック,横浜駅前さいとう整形外科・スポーツクリニック,横浜駅前さいとう整形外科・スポーツクリニック,第二種,自己多血小板血漿（PRP）の投与による変形性関節症の疼痛緩和を目的とした治療,PRP,AUTO,1.0,https://saiseiiryo.mhlw.go.jp/published_plan/download/01C2605032/5/0,220000,不明,,APS|GPS,Zimmer Biomet,-6,,るかは、ご自身の自由な意思でお決めください。説明を受けた後に 同意されない場合でも、一切不利益を受けません。また同様に、治療を受けることに同意した 後でも、同意撤回はいつでも可能です。この場合でも、一切不利益を受けません。なお、採血・ 加工後に撤回された場合は、使用済みのキット代金等の実費(APS:22 万円、GPSIII:8 万円) をご負担いただく場合があります。 健康被害の補償について 本治療により、万が一健康被害が生じた場合は、医療的処置を無償で行うとともに、当院が加 入する再生医療サポート保険から補償を行います。 健康被害が発生した際は、当院の相談窓口までご連絡ください。 身体に関する重要な知見が得られた場,,
B,P00200,F0359,関東,神奈川県,横濱松宮整形外科リハビリテーションクリニック,横濱松宮整形外科リハビリテーションクリニック,横濱松宮整形外科リハビリテーションクリニック,第二種,変形性関節症、関節症、関節内軟骨損傷、半月板損傷に対するPRP注射による治療,PRP,AUTO,0.977,https://saiseiiryo.mhlw.go.jp/published_plan/download/02C1912004/5/0,35000,税別,1回,,,9,,"10. 治療費用 (1) 本治療は、すべて自費診療であり、健康保険を使用することはできません。 (2) 本治療にかかる費用は、以下のとおりです。なお、費用は、治療に伴う診査、 自家PRP 調製のための採血にかかる費用、自家PRP 調製費用、注入の総額と なります。 PRP 療法1回 35,000 円 消費税別 11. 試料等の保存及び廃棄の方法 この治療にて採取した血液は、患者様ご自身の治療のみに使用します。 ただし,症例検討や学会発表を目的として,患者様より採取した血液及び 調整した細胞加工物(自家PRP)の測定を行い,データを取得することが あります。 採血した血液の状態により治療に用いなかった血液が発生した場合",,
B,P00201,F0359,関東,神奈川県,横濱松宮整形外科リハビリテーションクリニック,横濱松宮整形外科リハビリテーションクリニック,横濱松宮整形外科リハビリテーションクリニック,第二種,自己脂肪由来間葉系幹細胞を用いた変形性関節症および関節軟骨病変に対する治療,脂肪由来MSC,AUTO,1.0,https://saiseiiryo.mhlw.go.jp/published_plan/download/01C2603018/5/0,1200000,税別,,,,11,6,"本治療は保険適用外であるため、治療にかかる費用全額をご自分でご負担いただきます。そ の他、本治療を受けるために必要となった旅費、交通費などの全ての費用もご自分でご負担 いただきます。実際に必要となる費用については今回の治療は1,200,000 円(税抜)となり ます。 なお、脂肪の採取後や、細胞加工物の製造開始後に同意を撤回された場合など、同意を撤回",line-level strong price context,
B,P00202,F0362,関東,神奈川県,湘南台まつえ整形外科・内科・リハビリテーションクリニック,湘南台まつえ整形外科・内科・リハビリテーションクリニック,湘南台まつえ整形外科・内科・リハビリテーションクリニック,第二種,変形性関節症を対象とした自家多血小板血漿（PRP）注入療法,PRP,AUTO,1.0,https://saiseiiryo.mhlw.go.jp/published_plan/download/01C2509005/5/0,88000,税込,1 回,,,9,,"る費用について この治療は、健康保険が適用されない自由診療です。そのため、患者様の費用負担が 他の治療よりも高額になることがあります。当院において実施される本治療および本治 療に必要な検査などの費用は全額自己負担となります。 血液分離専用容器キットによる提供価格: PRP 治療:1 回88,000 円(税込) ※患者様の症状によっては、治療を数回行うことがあります。治療前、または治療後の 状態から担当医師が判断し、患者様にお伝えしご相談させて頂きます。 ※治療内容・回数により1回あたりの費用が減額される場合がございます。施術する前 に詳細な説明をいたしますので、ご納得いただいた上で施術をお受けいただけますよ うお願い申し上げま",,
B,P00202,F0362,関東,神奈川県,湘南台まつえ整形外科・内科・リハビリテーションクリニック,湘南台まつえ整形外科・内科・リハビリテーションクリニック,湘南台まつえ整形外科・内科・リハビリテーションクリニック,第二種,変形性関節症を対象とした自家多血小板血漿（PRP）注入療法,PRP,AUTO,1.0,https://saiseiiryo.mhlw.go.jp/published_plan/download/01C2509005/5/0,5500,税込,,,,-7,,"受けた後に同意されない場合でも、一切不利益を受けることはありません。 また同様に、治療を受けることに同意した場合であっても、投与までの間でしたらい つでも取りやめることができます。その場合、その後の治療について一切不利益は受け ません。(ただし下記のキャンセル料は申し受けます) 採血後~加工前 5,500 円(税込) 加工後~投与前 全額 もしこの治療を受けることに同意しない場合も、最適と考えられる治療を実施できる ように患者様の治療に最善を尽くします。 ただし、治療を行った後は、健康管理のために必要に応じて適切な検査を受けていた だき、医学的に問題がないかを確認させていただきます。 11. 試料等の保管及び廃棄の方法について",,
B,P00203,F0363,関東,神奈川県,相模原協同病院,相模原協同病院,相模原協同病院,第二種,関節内組織損傷に対する多血小板血漿（PRP）関節内投与療法,PRP,AUTO,1.0,https://saiseiiryo.mhlw.go.jp/published_plan/download/01C2312029/5/0,33000,不明,,ACP|APS|GPS,Arthrex|Zimmer Biomet,7,,"門:相模原協同病院 整形外科受付) 電話番号:042-761-6020 14.費用について 細胞の提供に際して費用は発生しません。 治療の提供に際しては、本治療は公的保険の対象ではありませんので、当院所定の施術料として以下の 金額をお支払いいただきます。 1ACP ダブルシリンジ:33,000円 2GPS®IIIシステム+APSキット:330,000円 ※患者様の症状、その他の事情等により治療費が変動する場合があります。 なお、細胞の採取後や加工後に同意を撤回された場合など、同意を撤回される時点までに費用が発生し ている場合は、発生した費用については患者様にご負担いただきますのでご了承ください。 15.他の治療法",,
B,P00203,F0363,関東,神奈川県,相模原協同病院,相模原協同病院,相模原協同病院,第二種,関節内組織損傷に対する多血小板血漿（PRP）関節内投与療法,PRP,AUTO,1.0,https://saiseiiryo.mhlw.go.jp/published_plan/download/01C2312029/5/0,330000,不明,,ACP|APS|GPS,Arthrex|Zimmer Biomet,7,,"61-6020 14.費用について 細胞の提供に際して費用は発生しません。 治療の提供に際しては、本治療は公的保険の対象ではありませんので、当院所定の施術料として以下の 金額をお支払いいただきます。 1ACP ダブルシリンジ:33,000円 2GPS®IIIシステム+APSキット:330,000円 ※患者様の症状、その他の事情等により治療費が変動する場合があります。 なお、細胞の採取後や加工後に同意を撤回された場合など、同意を撤回される時点までに費用が発生し ている場合は、発生した費用については患者様にご負担いただきますのでご了承ください。 15.他の治療法の有無、本治療法との比較について 変形性関節症をはじめとす",,
B,P00204,F0364,関東,神奈川県,社会医療法人財団互恵会 大船中央病院,社会医療法人財団互恵会 大船中央病院,社会医療法人財団互恵会 大船中央病院,第二種,多血小板血漿抽出液による関節症治療,PRP/APS,AUTO,1.0,https://saiseiiryo.mhlw.go.jp/published_plan/download/03C2306019/5/0,300000,税別,,APS|GPS,Zimmer Biomet,8,,"受付後、治療を行う医師、管理者(院長)へと報告して対応させていただきます。 窓口部署:医療事務部 連絡先:0467-45-2111 12.費用について この治療は公的保険の対象ではありませんので、当院所定の施術料をお支払いいただきます。 GPS®IIIシステム、APSキット使用 税別300,000円 (APSキットを使用してさらに抽出を行い純度を高めて使用する場合) ※患者様の症状、その他の事情等により治療費が変動する場合があります。 なお、細胞の採取後や加工後に同意を撤回された場合など、同意を撤回される時点までに費用が発生し ている場合は、発生した費用については患者様にご負担いただきますのでご了承ください。 13.他",,
B,P00205,F0361,関東,神奈川県,済生会 横浜市東部病院,済生会 横浜市東部病院,済生会 横浜市東部病院,第二種,多血小板血漿（PRP）の投与による変形性関節症治療,PRP,AUTO,1.0,https://saiseiiryo.mhlw.go.jp/published_plan/download/02C2607020/5/0,75000,税込,,APS|GPS,Zimmer Biomet,8,,"製造にかか った費用をお支払いいただきます。 ・採血前に治療を取りやめた場合、費用のお支払いはございません。 ・採血後から投与までに治療を取りやめた場合、取りやめまでにかかった実費相当の費用と 第2 種 多血小板血漿(PRP)の投与による変形性関節症治療の説明文・同意文書 7 して、75,000 円(税込、GPSIII キット使用)もしくは201,000 円(税込、APS キット使用) をお支払いいただきます。 また治療を行った後は、健康管理のために、必要に応じて適切な検査を受けていただきます。 医学的に問題がないか確認します。 14. 個人情報保護について 「個人情報の保護に関する法律」に基づき、当院には、個",,
B,P00205,F0361,関東,神奈川県,済生会 横浜市東部病院,済生会 横浜市東部病院,済生会 横浜市東部病院,第二種,多血小板血漿（PRP）の投与による変形性関節症治療,PRP,AUTO,1.0,https://saiseiiryo.mhlw.go.jp/published_plan/download/02C2607020/5/0,150000,税込,1 回,APS|GPS,Zimmer Biomet,8,,"品質管理された安全性の高いもの だが、アレルギー反応などの可能性 を完全には否定できない 11. 治療にかかる費用について この治療は公的保険の対象ではありませんので、当院の所定の施術料をお支払いいただきま す。 ・PRP を用いた治療(GPSIII キット使用)における施術料 150,000 円(税込) ・濃縮PRP を用いた治療(APS キット使用)における施術料 300,000 円(税込) ご不明な点は医師・スタッフにお尋ねください。なお1 回の施術あたりの費用は、患部の状 態を確認した医師の判断、PRP の遠心回数等により変更となる場合がございます。 12. その他治療についての注意事項",,
B,P00205,F0361,関東,神奈川県,済生会 横浜市東部病院,済生会 横浜市東部病院,済生会 横浜市東部病院,第二種,多血小板血漿（PRP）の投与による変形性関節症治療,PRP,AUTO,1.0,https://saiseiiryo.mhlw.go.jp/published_plan/download/02C2607020/5/0,201000,税込,,APS|GPS,Zimmer Biomet,8,,"治療を取りやめた場合、費用のお支払いはございません。 ・採血後から投与までに治療を取りやめた場合、取りやめまでにかかった実費相当の費用と 第2 種 多血小板血漿(PRP)の投与による変形性関節症治療の説明文・同意文書 7 して、75,000 円(税込、GPSIII キット使用)もしくは201,000 円(税込、APS キット使用) をお支払いいただきます。 また治療を行った後は、健康管理のために、必要に応じて適切な検査を受けていただきます。 医学的に問題がないか確認します。 14. 個人情報保護について 「個人情報の保護に関する法律」に基づき、当院には、個人情報取扱実施規程があります。 この規程に基づき、患者さまの",,
B,P00205,F0361,関東,神奈川県,済生会 横浜市東部病院,済生会 横浜市東部病院,済生会 横浜市東部病院,第二種,多血小板血漿（PRP）の投与による変形性関節症治療,PRP,AUTO,1.0,https://saiseiiryo.mhlw.go.jp/published_plan/download/02C2607020/5/0,300000,税込,1 回,APS|GPS,Zimmer Biomet,8,,"11. 治療にかかる費用について この治療は公的保険の対象ではありませんので、当院の所定の施術料をお支払いいただきま す。 ・PRP を用いた治療(GPSIII キット使用)における施術料 150,000 円(税込) ・濃縮PRP を用いた治療(APS キット使用)における施術料 300,000 円(税込) ご不明な点は医師・スタッフにお尋ねください。なお1 回の施術あたりの費用は、患部の状 態を確認した医師の判断、PRP の遠心回数等により変更となる場合がございます。 12. その他治療についての注意事項 患者様の体調が良くない場合や、採取した血液の状態によっては、P",,
B,P00206,F0353,関東,神奈川県,弘明寺整形外科リハビリテーションクリニック,弘明寺整形外科リハビリテーションクリニック,弘明寺整形外科リハビリテーションクリニック,第三種,自家多血小板血漿（PRP）を用いた筋肉、腱、靭帯、筋膜の損傷及び慢性炎症の治療,PRP,QC,0.9651,https://saiseiiryo.mhlw.go.jp/published_plan/download/01C2502024/5/0,5000,税込,1回(採血が15ml の場合),,,8,7,かかる費用であり、以下が費用の総額となります。 PRP 療法の費用(消費税込み) 1回(採血が15ml の場合) 3 万5000 円 1 回(採血が15ml 超の場合) 18 万5000 円 治療終了後も定期的な受診が必要です。,price candidates remain ambiguous,
B,P00206,F0353,関東,神奈川県,弘明寺整形外科リハビリテーションクリニック,弘明寺整形外科リハビリテーションクリニック,弘明寺整形外科リハビリテーションクリニック,第三種,自家多血小板血漿（PRP）を用いた筋肉、腱、靭帯、筋膜の損傷及び慢性炎症の治療,PRP,QC,0.9651,https://saiseiiryo.mhlw.go.jp/published_plan/download/01C2502024/5/0,5000,税込,1回(採血が15ml の場合),,,7,7,PRP 療法の費用(消費税込み) 1回(採血が15ml の場合) 3 万5000 円 1 回(採血が15ml 超の場合) 18 万5000 円 治療終了後も定期的な受診が必要です。 尚、この治療は治療効果の保証制度(返金保証)の対象外となります。,price candidates remain ambiguous,
B,P00207,F0362,関東,神奈川県,湘南台まつえ整形外科・内科・リハビリテーションクリニック,湘南台まつえ整形外科・内科・リハビリテーションクリニック,湘南台まつえ整形外科・内科・リハビリテーションクリニック,第三種,四肢の筋・腱・靱帯及びその付着部の傷害を対象とした自家多血小板血漿（PRP）注入療法,PRP,AUTO,1.0,https://saiseiiryo.mhlw.go.jp/published_plan/download/01C2509007/5/0,55000,税込,1 回,,,9,,"かる費用について この治療は、健康保険が適用されない自由診療です。そのため、患者様の費用負担が 他の治療よりも高額になることがあります。当院において実施される本治療および本治 療に必要な検査などの費用は全額自己負担となります。 血液分離専用容器キットによる提供価格 PRP 治療:1 回55,000 円(税込) ※患者様の症状によっては、治療を数回行うことがあります。治療前、または治療 後の状態から担当医師が判断し、患者様にお伝えしご相談させて頂きます。 ※治療内容・回数により1回あたりの費用が減額される場合がございます。施術する 前に詳細な説明をいたしますので、ご納得いただいた上で施術いただきますようお願 い申し上げます。",,
B,P00207,F0362,関東,神奈川県,湘南台まつえ整形外科・内科・リハビリテーションクリニック,湘南台まつえ整形外科・内科・リハビリテーションクリニック,湘南台まつえ整形外科・内科・リハビリテーションクリニック,第三種,四肢の筋・腱・靱帯及びその付着部の傷害を対象とした自家多血小板血漿（PRP）注入療法,PRP,AUTO,1.0,https://saiseiiryo.mhlw.go.jp/published_plan/download/01C2509007/5/0,5500,税込,,,,-7,,"受けた後に同意されない場合でも、一切不利益を受けることはありません。 また同様に、治療を受けることに同意した場合であっても、投与までの間でしたらい つでも取りやめることができます。その場合、その後の治療について一切不利益は受け ません。(ただし下記のキャンセル料は申し受けます) 採血後~加工前 5,500 円(税込) 加工後~投与前 全額 もしこの治療を受けることに同意しない場合も、最適と考えられる治療を実施できる ように患者様の治療に最善を尽くします。 ただし、治療を行った後は、健康管理のために必要に応じて適切な検査を受けていた だき、医学的に問題がないかを確認させていただきます。 11. 試料等の保管及び廃棄の方法につ",,
B,P00209,F0224,関東,東京都,医療法人社団アーツメディック さかい整形外科,医療法人社団アーツメディック さかい整形外科,医療法人社団アーツメディック さかい整形外科,第三種,多血小板血漿（PRP）を用いた筋、腱、靭帯への治療,PRP,AUTO,1.0,https://saiseiiryo.mhlw.go.jp/published_plan/download/01C2404006/5/0,49500,税込,3 回分,,,9,,"康保険が適用される治療も含 め、すべて全額自己負担となります。 施術費用は下記の通りとなります。 (製造委託) PRP 筋、腱、靭帯への治療 132,000 円(税込) (当院がさだめた治療費用。採血及び投与3 回分の費用を含む。) (院内製造) PRP 筋、腱、靭帯への治療 49,500 円(税込) (採血及び投与1 回分の費用。49,500 円×回数分) 治療回数は症状及び治療内容により異なるため、担当医師より患者様に最適な治療回数を ご説明します。治療間隔については症状を見ながら決めていきますが、原則として既定投与 回数が終了した後3 ヶ月間の経過観察を行い、再度治療の適応があるか判断致します。",,
B,P00209,F0224,関東,東京都,医療法人社団アーツメディック さかい整形外科,医療法人社団アーツメディック さかい整形外科,医療法人社団アーツメディック さかい整形外科,第三種,多血小板血漿（PRP）を用いた筋、腱、靭帯への治療,PRP,AUTO,1.0,https://saiseiiryo.mhlw.go.jp/published_plan/download/01C2404006/5/0,132000,税込,3 回分,,,9,,"11. 患者様の費用負担について 11 本治療は自由診療※となり、健康保険が適用にならず、本来健康保険が適用される治療も含 め、すべて全額自己負担となります。 施術費用は下記の通りとなります。 (製造委託) PRP 筋、腱、靭帯への治療 132,000 円(税込) (当院がさだめた治療費用。採血及び投与3 回分の費用を含む。) (院内製造) PRP 筋、腱、靭帯への治療 49,500 円(税込) (採血及び投与1 回分の費用。49,500 円×回数分) 治療回数は症状及び治療内容により異なるため、担当医師より患者様に最適な治療回数を ご説明します。治療間",,
B,P00209,F0224,関東,東京都,医療法人社団アーツメディック さかい整形外科,医療法人社団アーツメディック さかい整形外科,医療法人社団アーツメディック さかい整形外科,第三種,多血小板血漿（PRP）を用いた筋、腱、靭帯への治療,PRP,AUTO,1.0,https://saiseiiryo.mhlw.go.jp/published_plan/download/01C2404006/5/0,19800,税込,,,,0,,"・回数等により費用が減額される場合があります。施術する前に詳細な説明を いたしますので、ご納得いただいた上で施術いただきますようお願い申し上げます。 (製造委託) 【キャンセル料】 採血後:39,600 円(税込) 加工後:132,000 円(税込) (院内製造) 【キャンセル料】 採血後:19,800 円(税込) 加工後:39,600 円(税込) ※自由診療とは保険が適用されない診療のことを言います。厚生労働省が承認していない治 療や薬を使用すると自由診療となり、治療費が全額自己負担となります。 12. この治療の審査を担当した委員会について 12 「再生医療等の安全性の確保等に関する法律」施行によ",,
B,P00209,F0224,関東,東京都,医療法人社団アーツメディック さかい整形外科,医療法人社団アーツメディック さかい整形外科,医療法人社団アーツメディック さかい整形外科,第三種,多血小板血漿（PRP）を用いた筋、腱、靭帯への治療,PRP,AUTO,1.0,https://saiseiiryo.mhlw.go.jp/published_plan/download/01C2404006/5/0,39600,税込,,,,0,,"があります。施術する前に詳細な説明を いたしますので、ご納得いただいた上で施術いただきますようお願い申し上げます。 (製造委託) 【キャンセル料】 採血後:39,600 円(税込) 加工後:132,000 円(税込) (院内製造) 【キャンセル料】 採血後:19,800 円(税込) 加工後:39,600 円(税込) ※自由診療とは保険が適用されない診療のことを言います。厚生労働省が承認していない治 療や薬を使用すると自由診療となり、治療費が全額自己負担となります。 12. この治療の審査を担当した委員会について 12 「再生医療等の安全性の確保等に関する法律」施行により、多血小板血漿を用いた治療は法",,
B,P00209,F0224,関東,東京都,医療法人社団アーツメディック さかい整形外科,医療法人社団アーツメディック さかい整形外科,医療法人社団アーツメディック さかい整形外科,第三種,多血小板血漿（PRP）を用いた筋、腱、靭帯への治療,PRP,AUTO,1.0,https://saiseiiryo.mhlw.go.jp/published_plan/download/01C2404006/5/0,132000,税込,,,,-2,,"については患者様にご負担いただきますのでご了承ください。 ・ 治療内容・回数等により費用が減額される場合があります。施術する前に詳細な説明を いたしますので、ご納得いただいた上で施術いただきますようお願い申し上げます。 (製造委託) 【キャンセル料】 採血後:39,600 円(税込) 加工後:132,000 円(税込) (院内製造) 【キャンセル料】 採血後:19,800 円(税込) 加工後:39,600 円(税込) ※自由診療とは保険が適用されない診療のことを言います。厚生労働省が承認していない治 療や薬を使用すると自由診療となり、治療費が全額自己負担となります。 12. この治療の審査を担当した委員会について",,
B,P00213,F0221,関東,東京都,お茶の水セルクリニック,お茶の水セルクリニック,お茶の水セルクリニック,第二種,自己脂肪由来間葉系幹細胞を用いた関節痛、変形性関節症治療,脂肪由来MSC,AUTO,1.0,https://saiseiiryo.mhlw.go.jp/published_plan/download/02C2606016/5/0,800000,税別,,,,11,6,"本治療は保険適用外であるため、治療にかかる費用全額をご自分でご負担いただきます。その 他、本治療を受けるために必要となった旅費、交通費などの全ての費用もご自分でご負担いただ きます。実際に必要となる費用については今回の治療では800,000 円(税抜)となります。 なお、脂肪の採取後や、細胞加工物の製造開始後に同意を撤回された場合など、同意を撤回さ れる時点までに費用が発生している場合は、発生した費用についてはあなたにご負担いただきま",line-level strong price context,
B,P00214,F0221,関東,東京都,お茶の水セルクリニック,お茶の水セルクリニック,お茶の水セルクリニック,第二種,多血小板血漿（PRP）を用いた変形性関節症治療,PRP,AUTO,0.952,https://saiseiiryo.mhlw.go.jp/published_plan/download/02C2606017/5/0,100000,税別,,,,8,,"ない。 品質の安定性 PRP は患者様自身の血液から製造するため、品質がばらつく可能性がある。 医薬品として承認されており、品質は安定している。 アレルギーの 可能性 自己血液のため、極めて低い。 安全性の高いものだが、アレルギー反応などの可能性を完全には否定できない。 提供価格 100,000 円(税抜) 150,000 円(税抜) 300,000 円(税抜) 治療の効果とメリットについて ・患者様ご自身の血液を用いる為、感染やアレルギー反応などの副作用のリスクが極めて低いです。 ・自己血液から簡便に調整ができ、日帰りでの処置が可能です。 ・採血と注射で完了する",,
B,P00214,F0221,関東,東京都,お茶の水セルクリニック,お茶の水セルクリニック,お茶の水セルクリニック,第二種,多血小板血漿（PRP）を用いた変形性関節症治療,PRP,AUTO,0.952,https://saiseiiryo.mhlw.go.jp/published_plan/download/02C2606017/5/0,100000,税別,,ACP|APS|GPS|Zimmer,Arthrex|Zimmer Biomet,8,,"んので、当院の所定の施術料をお支払いいただきます。 ・治療費一例:ZIMMER BIOMET 製 GPS®IIIシステム使用150,000 円(税抜) ZIMMER BIOMET 製 APS キット使用 300,000 円(税抜) Arthrex 製 ACP ダブルシリンジ使用 100,000 円(税抜) 詳細な治療費やご不明な点は医師・スタッフまでお気軽にお尋ねください。 施術後、患者様の個人的な事情及び金銭等に関する問題に関しては一切の責を負いかねますのでご 了承ください。 本治療の実施体制 本治療は、以下の実施体制にて行ないます。 【血液採取を",,
B,P00214,F0221,関東,東京都,お茶の水セルクリニック,お茶の水セルクリニック,お茶の水セルクリニック,第二種,多血小板血漿（PRP）を用いた変形性関節症治療,PRP,AUTO,0.952,https://saiseiiryo.mhlw.go.jp/published_plan/download/02C2606017/5/0,150000,税別,,ACP|APS|GPS|Zimmer,Arthrex|Zimmer Biomet,8,,"を特定できる内容が使われることはありません。 治療にかかる費用について この治療は公的保険の対象ではありませんので、当院の所定の施術料をお支払いいただきます。 ・治療費一例:ZIMMER BIOMET 製 GPS®IIIシステム使用150,000 円(税抜) ZIMMER BIOMET 製 APS キット使用 300,000 円(税抜) Arthrex 製 ACP ダブルシリンジ使用 100,000 円(税抜) 詳細な治療費やご不明な点は医師・スタッフまでお気軽にお尋ねください。 施術後、患者様の個人的な事情及び金銭等に関する問題に関しては一切の責を負いかねます",,
B,P00214,F0221,関東,東京都,お茶の水セルクリニック,お茶の水セルクリニック,お茶の水セルクリニック,第二種,多血小板血漿（PRP）を用いた変形性関節症治療,PRP,AUTO,0.952,https://saiseiiryo.mhlw.go.jp/published_plan/download/02C2606017/5/0,300000,税別,,ACP|APS|GPS|Zimmer,Arthrex|Zimmer Biomet,8,,"この治療は公的保険の対象ではありませんので、当院の所定の施術料をお支払いいただきます。 ・治療費一例:ZIMMER BIOMET 製 GPS®IIIシステム使用150,000 円(税抜) ZIMMER BIOMET 製 APS キット使用 300,000 円(税抜) Arthrex 製 ACP ダブルシリンジ使用 100,000 円(税抜) 詳細な治療費やご不明な点は医師・スタッフまでお気軽にお尋ねください。 施術後、患者様の個人的な事情及び金銭等に関する問題に関しては一切の責を負いかねますのでご 了承ください。 本治療の実施体制",,
B,P00214,F0221,関東,東京都,お茶の水セルクリニック,お茶の水セルクリニック,お茶の水セルクリニック,第二種,多血小板血漿（PRP）を用いた変形性関節症治療,PRP,AUTO,0.952,https://saiseiiryo.mhlw.go.jp/published_plan/download/02C2606017/5/0,150000,税別,,,,6,,"P は患者様自身の血液から製造するため、品質がばらつく可能性がある。 医薬品として承認されており、品質は安定している。 アレルギーの 可能性 自己血液のため、極めて低い。 安全性の高いものだが、アレルギー反応などの可能性を完全には否定できない。 提供価格 100,000 円(税抜) 150,000 円(税抜) 300,000 円(税抜) 治療の効果とメリットについて ・患者様ご自身の血液を用いる為、感染やアレルギー反応などの副作用のリスクが極めて低いです。 ・自己血液から簡便に調整ができ、日帰りでの処置が可能です。 ・採血と注射で完了する治療なので、年齢の上限制限はあ",,
B,P00214,F0221,関東,東京都,お茶の水セルクリニック,お茶の水セルクリニック,お茶の水セルクリニック,第二種,多血小板血漿（PRP）を用いた変形性関節症治療,PRP,AUTO,0.952,https://saiseiiryo.mhlw.go.jp/published_plan/download/02C2606017/5/0,300000,税別,,,,6,,"するため、品質がばらつく可能性がある。 医薬品として承認されており、品質は安定している。 アレルギーの 可能性 自己血液のため、極めて低い。 安全性の高いものだが、アレルギー反応などの可能性を完全には否定できない。 提供価格 100,000 円(税抜) 150,000 円(税抜) 300,000 円(税抜) 治療の効果とメリットについて ・患者様ご自身の血液を用いる為、感染やアレルギー反応などの副作用のリスクが極めて低いです。 ・自己血液から簡便に調整ができ、日帰りでの処置が可能です。 ・採血と注射で完了する治療なので、年齢の上限制限はありません。 ・治療痕が残りに",,
B,P00215,F0221,関東,東京都,お茶の水セルクリニック,お茶の水セルクリニック,お茶の水セルクリニック,第二種,自己脂肪由来間葉系幹細胞を用いた靭帯・腱損傷治療,脂肪由来MSC,AUTO,1.0,https://saiseiiryo.mhlw.go.jp/published_plan/download/02C2606018/5/0,800000,税別,,,,11,5,"本治療は保険適用外であるため、治療にかかる費用全額をご自分でご負担いただきます。その 他、本治療を受けるために必要となった旅費、交通費などの全ての費用もご自分でご負担いただ きます。実際に必要となる費用については今回の治療では 800,000 円(税抜)となります。 なお、脂肪の採取後や、細胞加工物の製造開始後に同意を撤回された場合など、同意を撤回 される時点までに費用が発生している場合は、発生した費用についてはあなたにご負担いただき",line-level strong price context,
B,P00216,F0267,関東,東京都,医療法人山本・前田記念会 前田病院,医療法人山本・前田記念会 前田病院,医療法人山本・前田記念会 前田病院,第二種,多血小板血漿（PRP）を用いた変形性関節症治療,PRP,AUTO,0.952,https://saiseiiryo.mhlw.go.jp/published_plan/download/02C2206047/5/0,120000,税別,,APS|GPS,Zimmer Biomet,8,,りません。 治療にかかる費用について この治療は公的保険の対象ではありませんので、当クリニックの所定の施術料をお支払いい ただきます。 ・治療費一例: (税抜価格) APS・・・26 万円(別途特別診察料 5 千円) GPSIII・・12 万円(別途特別診察料 5 千円) 上記費用は一例です。症状などにより治療費は変動する可能性がございます。 詳細やご不明な点は医師・スタッフまでお気軽にお尋ねください。 施術後、患者様の個人的な事情及び金銭等に関する問題に関しては一切の責を負いかねます のでご了承ください。 その他治療についての注意事項,,
B,P00216,F0267,関東,東京都,医療法人山本・前田記念会 前田病院,医療法人山本・前田記念会 前田病院,医療法人山本・前田記念会 前田病院,第二種,多血小板血漿（PRP）を用いた変形性関節症治療,PRP,AUTO,0.952,https://saiseiiryo.mhlw.go.jp/published_plan/download/02C2206047/5/0,260000,税別,,APS|GPS,Zimmer Biomet,8,,ありますが、患者 様個人を特定できる内容が使われることはありません。 治療にかかる費用について この治療は公的保険の対象ではありませんので、当クリニックの所定の施術料をお支払いい ただきます。 ・治療費一例: (税抜価格) APS・・・26 万円(別途特別診察料 5 千円) GPSIII・・12 万円(別途特別診察料 5 千円) 上記費用は一例です。症状などにより治療費は変動する可能性がございます。 詳細やご不明な点は医師・スタッフまでお気軽にお尋ねください。 施術後、患者様の個人的な事情及び金銭等に関する問題に関しては一切の責を負いかねます のでご了承ください。,,
B,P00217,F0279,関東,東京都,医療法人慶春会 脳梗塞・脊髄損傷クリニック銀座院,医療法人慶春会 脳梗塞・脊髄損傷クリニック銀座院,医療法人慶春会 脳梗塞・脊髄損傷クリニック銀座院,第二種,慢性関節炎に対する自己脂肪由来幹細胞を用いた治療,脂肪由来幹細胞,QC,1.0,https://saiseiiryo.mhlw.go.jp/published_plan/download/02C2506077/5/0,,,,,,,,,no price found after text/OCR pass,RuntimeError: Tesseract process timeout
B,P00218,F0232,関東,東京都,医療法人社団サザナミ きむらてつや整形外科内科,医療法人社団サザナミ きむらてつや整形外科内科,医療法人社団サザナミ きむらてつや整形外科内科,第二種,多血小板血漿（PRP）を用いた変形性関節症治療,PRP,AUTO,0.952,https://saiseiiryo.mhlw.go.jp/published_plan/download/01C2306010/5/0,48000,税別,,APS|GPS,Zimmer Biomet,8,,"づき患者様個人 を特定できる内容が使われることはありません。 治療にかかる費用について この治療は公的保険の対象ではありませんので、当院の所定の施術料をお支払いいただきます。 採血量 治療費用(税抜) Condensia 20ml 48,000円 GPSIII Mini 26ml 150,000円 Standard 52ml APS 55ml 300,000円 症状などにより治療費は変動する可能性がございます。 詳細やご不明な点は医師またはスタッフにお尋ね下さい。 施術後、患者様の個人的な事情及び金銭等に関する問題に関しては一切の責を負いかねますのでご",,
B,P00218,F0232,関東,東京都,医療法人社団サザナミ きむらてつや整形外科内科,医療法人社団サザナミ きむらてつや整形外科内科,医療法人社団サザナミ きむらてつや整形外科内科,第二種,多血小板血漿（PRP）を用いた変形性関節症治療,PRP,AUTO,0.952,https://saiseiiryo.mhlw.go.jp/published_plan/download/01C2306010/5/0,150000,税別,,APS|GPS,Zimmer Biomet,8,,"。 治療にかかる費用について この治療は公的保険の対象ではありませんので、当院の所定の施術料をお支払いいただきます。 採血量 治療費用(税抜) Condensia 20ml 48,000円 GPSIII Mini 26ml 150,000円 Standard 52ml APS 55ml 300,000円 症状などにより治療費は変動する可能性がございます。 詳細やご不明な点は医師またはスタッフにお尋ね下さい。 施術後、患者様の個人的な事情及び金銭等に関する問題に関しては一切の責を負いかねますのでご 了承ください。 本治療の実施体制",,
B,P00218,F0232,関東,東京都,医療法人社団サザナミ きむらてつや整形外科内科,医療法人社団サザナミ きむらてつや整形外科内科,医療法人社団サザナミ きむらてつや整形外科内科,第二種,多血小板血漿（PRP）を用いた変形性関節症治療,PRP,AUTO,0.952,https://saiseiiryo.mhlw.go.jp/published_plan/download/01C2306010/5/0,300000,税別,,APS|GPS,Zimmer Biomet,8,,"この治療は公的保険の対象ではありませんので、当院の所定の施術料をお支払いいただきます。 採血量 治療費用(税抜) Condensia 20ml 48,000円 GPSIII Mini 26ml 150,000円 Standard 52ml APS 55ml 300,000円 症状などにより治療費は変動する可能性がございます。 詳細やご不明な点は医師またはスタッフにお尋ね下さい。 施術後、患者様の個人的な事情及び金銭等に関する問題に関しては一切の責を負いかねますのでご 了承ください。 本治療の実施体制 本治療は、以下の実施体",,
B,P00219,F0234,関東,東京都,医療法人社団スターセルアライアンス スタークリニック,医療法人社団スターセルアライアンス スタークリニック,医療法人社団スターセルアライアンス スタークリニック,第二種,四肢スポーツ障害（筋腱靭帯障害）に対する脂肪組織由来間葉系幹細胞（ASC）による治療,脂肪由来ASC,QC,0.9578,https://saiseiiryo.mhlw.go.jp/published_plan/download/02C2607018/5/0,,,,,,,,,no price found after text/OCR pass,Document fetched but no price candidate
B,P00220,F0234,関東,東京都,医療法人社団スターセルアライアンス スタークリニック,医療法人社団スターセルアライアンス スタークリニック,医療法人社団スターセルアライアンス スタークリニック,第二種,自己皮膚脂肪組織由来間葉系幹細胞の関節内投与による変形性関節症治療,脂肪由来MSC,QC,1.0,https://saiseiiryo.mhlw.go.jp/published_plan/download/02C2607014/5/0,,,,,,,,,no price found after text/OCR pass,Document fetched but no price candidate
B,P00221,F0255,関東,東京都,医療法人社団全心会 ぜんしん整形外科 立川スポーツリハビリクリニック,医療法人社団全心会 ぜんしん整形外科 立川スポーツリハビリクリニック,医療法人社団全心会 ぜんしん整形外科 立川スポーツリハビリクリニック,第二種,自家多血小板血漿（PRP）を用いた慢性関節炎の治療（関節内組織）,PRP,QC,0.9838,https://saiseiiryo.mhlw.go.jp/published_plan/download/01C2409053/5/0,450000,不明,両側,Angel,Arthrex,6,7,"PRP 両側 Angel 450,000 円 (3) 採血を開始してからのキャンセルについては、キャンセル費用をいただ きます。",price candidates remain ambiguous,
B,P00221,F0255,関東,東京都,医療法人社団全心会 ぜんしん整形外科 立川スポーツリハビリクリニック,医療法人社団全心会 ぜんしん整形外科 立川スポーツリハビリクリニック,医療法人社団全心会 ぜんしん整形外科 立川スポーツリハビリクリニック,第二種,自家多血小板血漿（PRP）を用いた慢性関節炎の治療（関節内組織）,PRP,QC,0.9838,https://saiseiiryo.mhlw.go.jp/published_plan/download/01C2409053/5/0,50000,不明,片側,ACP|Angel,Arthrex,3,7,"PRP 片側 ACP 50,000 円 Angel 300,000 円",price candidates remain ambiguous,
B,P00221,F0255,関東,東京都,医療法人社団全心会 ぜんしん整形外科 立川スポーツリハビリクリニック,医療法人社団全心会 ぜんしん整形外科 立川スポーツリハビリクリニック,医療法人社団全心会 ぜんしん整形外科 立川スポーツリハビリクリニック,第二種,自家多血小板血漿（PRP）を用いた慢性関節炎の治療（関節内組織）,PRP,QC,0.9838,https://saiseiiryo.mhlw.go.jp/published_plan/download/01C2409053/5/0,300000,不明,両側,Angel,Arthrex,3,7,"50,000 円 Angel 300,000 円 PRP 両側 Angel",price candidates remain ambiguous,
B,P00222,F0257,関東,東京都,医療法人社団円徳 慶友整形外科脊椎関節病院,医療法人社団円徳 慶友整形外科脊椎関節病院,医療法人社団円徳 慶友整形外科脊椎関節病院,第二種,自家脂肪組織由来幹細胞（ASC）の投与による関節治療,脂肪由来ASC,AUTO,1.0,https://saiseiiryo.mhlw.go.jp/published_plan/download/03C2308022/5/0,990000,税込,3 回,,,16,6,"11. 治療にかかる費用について この治療は公的保険の対象ではありませんので、当院の所定の施術料をお支払いいただきま す。治療にかかる費用は、990,000 円(税込)です。同一関節の治療は単回投与が基本とな りますが、患部の状態によっては医師の判断で複数回投与(最大3 回まで)となる場合があ ります。この場合、患者さまに追加の費用負担はありません。ご不明な点は医師・スタッフ",line-level strong price context,
B,P00223,F0257,関東,東京都,医療法人社団円徳 慶友整形外科脊椎関節病院,医療法人社団円徳 慶友整形外科脊椎関節病院,医療法人社団円徳 慶友整形外科脊椎関節病院,第二種,変形性関節症および関節腔の傷害を対象とした自家多血小板血漿（PRP）注入療法,PRP,QC,1.0,https://saiseiiryo.mhlw.go.jp/published_plan/download/01C2309057/5/0,,,,,,,,,no price found after text/OCR pass,Document fetched but no price candidate
B,P00224,F0257,関東,東京都,医療法人社団円徳 慶友整形外科脊椎関節病院,医療法人社団円徳 慶友整形外科脊椎関節病院,医療法人社団円徳 慶友整形外科脊椎関節病院,第二種,自己脂肪由来間葉系幹細胞を用いた変形性関節症に対する治療,脂肪由来MSC,QC,1.0,https://saiseiiryo.mhlw.go.jp/published_plan/download/01C2409063/5/0,,,,,,,,,no price found after text/OCR pass,Document fetched but no price candidate
B,P00225,F0258,関東,東京都,医療法人社団創明会 日本橋整形外科クリニック,医療法人社団創明会 日本橋整形外科クリニック,医療法人社団創明会 日本橋整形外科クリニック,第二種,自家脂肪組織由来幹細胞（ASC）の投与による変形性関節症治療,脂肪由来ASC,AUTO,1.0,https://saiseiiryo.mhlw.go.jp/published_plan/download/02C2408123/5/0,1540000,税込,1 部位,,,8,6,"足関節 1 部位(片側) 1,540,000 円(税込) ※施術料には以下が含まれます。 ・脂肪組織の採取にかかる費用",line-level medium price context,
B,P00226,F0272,関東,東京都,医療法人社団彩康会 十条整形外科リハビリクリニック,医療法人社団彩康会 十条整形外科リハビリクリニック,医療法人社団彩康会 十条整形外科リハビリクリニック,第二種,自家多血小板血漿（PRP）を用いた変形性関節症及び関節腔内の治療,PRP,QC,1.0,https://saiseiiryo.mhlw.go.jp/published_plan/download/01C2604064/5/0,,,,,,,,,no price found after text/OCR pass,RuntimeError: Tesseract process timeout
B,P00227,F0273,関東,東京都,医療法人社団心愛会 麻布台ビューティセルクリニック,医療法人社団心愛会 麻布台ビューティセルクリニック,医療法人社団心愛会 麻布台ビューティセルクリニック,第二種,自家多血小板血漿（PRP）を用いた慢性関節炎の治療（関節内組織）,PRP,QC,0.9838,https://saiseiiryo.mhlw.go.jp/published_plan/download/01C2507026/5/0,,,,,,,,,no price found after text/OCR pass,RuntimeError: Tesseract process timeout
B,P00228,F0284,関東,東京都,医療法人社団明由会 今給黎整形外科クリニック,医療法人社団明由会 今給黎整形外科クリニック,医療法人社団明由会 今給黎整形外科クリニック,第二種,多血小板血漿（PRP）を用いた整形外科疾患に対する組織修復,PRP,QC,0.98,https://saiseiiryo.mhlw.go.jp/published_plan/download/02C1911224/5/0,,,,,,,,,no price found after text/OCR pass,Document fetched but no price candidate
B,P00229,F0287,関東,東京都,医療法人社団東京Dタワーホスピタル,医療法人社団東京Dタワーホスピタル,医療法人社団東京Dタワーホスピタル,第二種,脂肪組織由来再生（幹）細胞を用いた変形性関節症に対する治療,脂肪由来幹細胞,AUTO,1.0,https://saiseiiryo.mhlw.go.jp/published_plan/download/01C2510081/5/0,1650000,税込,,,,14,8,費用について この治療は保険が適応されない自由診療となるため、全額自費診療となります。 治療費は、1関節165万円、2関節220万円です。(税込) ※治療により期待した効果が得られなかった場合であっても、返金等には応じられ ませんので予めご了承ください。,line-level strong price context,
B,P00229,F0287,関東,東京都,医療法人社団東京Dタワーホスピタル,医療法人社団東京Dタワーホスピタル,医療法人社団東京Dタワーホスピタル,第二種,脂肪組織由来再生（幹）細胞を用いた変形性関節症に対する治療,脂肪由来幹細胞,AUTO,1.0,https://saiseiiryo.mhlw.go.jp/published_plan/download/01C2510081/5/0,2200000,税込,,,,14,8,費用について この治療は保険が適応されない自由診療となるため、全額自費診療となります。 治療費は、1関節165万円、2関節220万円です。(税込) ※治療により期待した効果が得られなかった場合であっても、返金等には応じられ ませんので予めご了承ください。,line-level strong price context,
B,P00230,F0313,関東,東京都,医療法人財団檜扇会 クリニック 東京虎ノ門COR,医療法人財団檜扇会 クリニック 東京虎ノ門COR,医療法人財団檜扇会 クリニック 東京虎ノ門COR,第二種,自己多血小板血漿（PRP）を用いた変形性関節症治療,PRP,AUTO,1.0,https://saiseiiryo.mhlw.go.jp/published_plan/download/02C2404032/5/0,45000,不明,,,,7,,"て 自費診療であり、健康保険を使用することはできません。 (2)「自己多血小板血漿(PRP)を用いた変形性関節症治療」は、治療 に伴う診察、自己PRP 調製のための採血にかかる費用、自己PRP 調 製費用、投与の総額となります。 採血量 PRP 投与量 治療費用 10ml 1ml 45,000 円 20ml 2ml 60,000 円 40ml 4ml 90,000 円 60ml 6ml 120,000 円 80ml 8ml 150,000 円 ※初診時には、初診料(説明料・書類作成料を含む)として、 10,000 円がかかります。 (3)費用は、同意書にサイン後、PRP 治療のための採",,
B,P00230,F0313,関東,東京都,医療法人財団檜扇会 クリニック 東京虎ノ門COR,医療法人財団檜扇会 クリニック 東京虎ノ門COR,医療法人財団檜扇会 クリニック 東京虎ノ門COR,第二種,自己多血小板血漿（PRP）を用いた変形性関節症治療,PRP,AUTO,1.0,https://saiseiiryo.mhlw.go.jp/published_plan/download/02C2404032/5/0,60000,不明,,,,7,,"はできません。 (2)「自己多血小板血漿(PRP)を用いた変形性関節症治療」は、治療 に伴う診察、自己PRP 調製のための採血にかかる費用、自己PRP 調 製費用、投与の総額となります。 採血量 PRP 投与量 治療費用 10ml 1ml 45,000 円 20ml 2ml 60,000 円 40ml 4ml 90,000 円 60ml 6ml 120,000 円 80ml 8ml 150,000 円 ※初診時には、初診料(説明料・書類作成料を含む)として、 10,000 円がかかります。 (3)費用は、同意書にサイン後、PRP 治療のための採血の前に全額お支 払いいただきます。 (",,
B,P00230,F0313,関東,東京都,医療法人財団檜扇会 クリニック 東京虎ノ門COR,医療法人財団檜扇会 クリニック 東京虎ノ門COR,医療法人財団檜扇会 クリニック 東京虎ノ門COR,第二種,自己多血小板血漿（PRP）を用いた変形性関節症治療,PRP,AUTO,1.0,https://saiseiiryo.mhlw.go.jp/published_plan/download/02C2404032/5/0,90000,不明,,,,7,,"(PRP)を用いた変形性関節症治療」は、治療 に伴う診察、自己PRP 調製のための採血にかかる費用、自己PRP 調 製費用、投与の総額となります。 採血量 PRP 投与量 治療費用 10ml 1ml 45,000 円 20ml 2ml 60,000 円 40ml 4ml 90,000 円 60ml 6ml 120,000 円 80ml 8ml 150,000 円 ※初診時には、初診料(説明料・書類作成料を含む)として、 10,000 円がかかります。 (3)費用は、同意書にサイン後、PRP 治療のための採血の前に全額お支 払いいただきます。 (4)採血後は、PRP 治療のための費用の返",,
B,P00230,F0313,関東,東京都,医療法人財団檜扇会 クリニック 東京虎ノ門COR,医療法人財団檜扇会 クリニック 東京虎ノ門COR,医療法人財団檜扇会 クリニック 東京虎ノ門COR,第二種,自己多血小板血漿（PRP）を用いた変形性関節症治療,PRP,AUTO,1.0,https://saiseiiryo.mhlw.go.jp/published_plan/download/02C2404032/5/0,120000,不明,,,,-1,,"療 に伴う診察、自己PRP 調製のための採血にかかる費用、自己PRP 調 製費用、投与の総額となります。 採血量 PRP 投与量 治療費用 10ml 1ml 45,000 円 20ml 2ml 60,000 円 40ml 4ml 90,000 円 60ml 6ml 120,000 円 80ml 8ml 150,000 円 ※初診時には、初診料(説明料・書類作成料を含む)として、 10,000 円がかかります。 (3)費用は、同意書にサイン後、PRP 治療のための採血の前に全額お支 払いいただきます。 (4)採血後は、PRP 治療のための費用の返金は致しません。 11.試料等の保管及",,
B,P00230,F0313,関東,東京都,医療法人財団檜扇会 クリニック 東京虎ノ門COR,医療法人財団檜扇会 クリニック 東京虎ノ門COR,医療法人財団檜扇会 クリニック 東京虎ノ門COR,第二種,自己多血小板血漿（PRP）を用いた変形性関節症治療,PRP,AUTO,1.0,https://saiseiiryo.mhlw.go.jp/published_plan/download/02C2404032/5/0,150000,不明,,,,-1,,"にかかる費用、自己PRP 調 製費用、投与の総額となります。 採血量 PRP 投与量 治療費用 10ml 1ml 45,000 円 20ml 2ml 60,000 円 40ml 4ml 90,000 円 60ml 6ml 120,000 円 80ml 8ml 150,000 円 ※初診時には、初診料(説明料・書類作成料を含む)として、 10,000 円がかかります。 (3)費用は、同意書にサイン後、PRP 治療のための採血の前に全額お支 払いいただきます。 (4)採血後は、PRP 治療のための費用の返金は致しません。 11.試料等の保管及び廃棄について",,
B,P00230,F0313,関東,東京都,医療法人財団檜扇会 クリニック 東京虎ノ門COR,医療法人財団檜扇会 クリニック 東京虎ノ門COR,医療法人財団檜扇会 クリニック 東京虎ノ門COR,第二種,自己多血小板血漿（PRP）を用いた変形性関節症治療,PRP,AUTO,1.0,https://saiseiiryo.mhlw.go.jp/published_plan/download/02C2404032/5/0,10000,不明,,,,-4,,"療費用 10ml 1ml 45,000 円 20ml 2ml 60,000 円 40ml 4ml 90,000 円 60ml 6ml 120,000 円 80ml 8ml 150,000 円 ※初診時には、初診料(説明料・書類作成料を含む)として、 10,000 円がかかります。 (3)費用は、同意書にサイン後、PRP 治療のための採血の前に全額お支 払いいただきます。 (4)採血後は、PRP 治療のための費用の返金は致しません。 11.試料等の保管及び廃棄について この治療のために採取した血液は基本的に全てPRP の作製に",,
B,P00231,F0313,関東,東京都,医療法人財団檜扇会 クリニック 東京虎ノ門COR,医療法人財団檜扇会 クリニック 東京虎ノ門COR,医療法人財団檜扇会 クリニック 東京虎ノ門COR,第二種,自己脂肪組織由来幹細胞を用いた変形性関節症治療,脂肪由来幹細胞,QC,1.0,https://saiseiiryo.mhlw.go.jp/published_plan/download/02C2404033/5/0,650000,不明,,,,5,7,"関節腔内注射 1×108 650,000 円 (3)費用は、同意書にサイン後、原則として脂肪組織採取の前に全額ま たは分割による現金払い、クレジットカード払い、または口座振り込みによ",price candidates remain ambiguous,
B,P00231,F0313,関東,東京都,医療法人財団檜扇会 クリニック 東京虎ノ門COR,医療法人財団檜扇会 クリニック 東京虎ノ門COR,医療法人財団檜扇会 クリニック 東京虎ノ門COR,第二種,自己脂肪組織由来幹細胞を用いた変形性関節症治療,脂肪由来幹細胞,QC,1.0,https://saiseiiryo.mhlw.go.jp/published_plan/download/02C2404033/5/0,480000,不明,,,,2,7,"関節腔内注射 1×107 480,000 円 関節腔内注射 1×108",price candidates remain ambiguous,
B,P00232,F0313,関東,東京都,医療法人財団檜扇会 クリニック 東京虎ノ門COR,医療法人財団檜扇会 クリニック 東京虎ノ門COR,医療法人財団檜扇会 クリニック 東京虎ノ門COR,第二種,自己多血小板血漿（PRP）による腱板病変の治療,PRP,QC,1.0,https://saiseiiryo.mhlw.go.jp/published_plan/download/02C2404034/5/0,10000,不明,,,,5,7,"90,000 円 ※初診時には、初診料(説明料・書類作成料を含む)として 10,000 円がかかります。 (3)費用は、同意書にサイン後、PRP 治療のための採血の前に全額お支 払いいただきます。",price candidates remain ambiguous,
B,P00232,F0313,関東,東京都,医療法人財団檜扇会 クリニック 東京虎ノ門COR,医療法人財団檜扇会 クリニック 東京虎ノ門COR,医療法人財団檜扇会 クリニック 東京虎ノ門COR,第二種,自己多血小板血漿（PRP）による腱板病変の治療,PRP,QC,1.0,https://saiseiiryo.mhlw.go.jp/published_plan/download/02C2404034/5/0,60000,不明,,,,0,7,"20ml 2ml 60,000 円 40ml 4ml",price candidates remain ambiguous,
B,P00232,F0313,関東,東京都,医療法人財団檜扇会 クリニック 東京虎ノ門COR,医療法人財団檜扇会 クリニック 東京虎ノ門COR,医療法人財団檜扇会 クリニック 東京虎ノ門COR,第二種,自己多血小板血漿（PRP）による腱板病変の治療,PRP,QC,1.0,https://saiseiiryo.mhlw.go.jp/published_plan/download/02C2404034/5/0,90000,不明,,,,0,7,"40ml 4ml 90,000 円 ※初診時には、初診料(説明料・書類作成料を含む)として 10,000 円がかかります。",price candidates remain ambiguous,
B,P00233,F0314,関東,東京都,医療法人財団荻窪病院,医療法人財団荻窪病院,医療法人財団荻窪病院,第二種,変形性関節症に対するPRP由来の自己タンパク質溶液（APS）を用いた治療,APS,AUTO,1.0,https://saiseiiryo.mhlw.go.jp/published_plan/download/02C2411085/5/0,300000,税別,1 回,APS,Zimmer Biomet,8,,"剤の服用による消化器系のダ メージ、連用による効果減弱の可能性があります。 治療にかかる費用について この治療は公的保険の対象ではありませんので、当院にて実施する治療および治療に必要な検査など の費用は全額自己負担となります。 ・APS(濃縮PRP)を用いた治療 施術料 1 回 300,000円(税別) 変形性関節症に対するPRP 由来の自己タンパク質溶液(APS)を用いた治療に関する説明文・同意文書 9 その他治療についての注意事項 患者さまの体調が良くない場合や、採取した血液の状態によっては、APS を加工できないこ とがあります。その際",,
B,P00234,F0266,関東,東京都,独立行政法人国立病院機構東京医療センター,独立行政法人国立病院機構東京医療センター,独立行政法人国立病院機構東京医療センター,第二種,変形性関節症に対する自家脂肪組織由来幹細胞（ASC）の関節内注入療法,脂肪由来ASC,QC,0.9295,https://saiseiiryo.mhlw.go.jp/published_plan/download/03C2603058/5/0,66000,税込,,,,12,8,"●追加注入時の治療費用 脂肪組織を採取してから1 年以上を経過した後も自家ASC の保管を行う場合は、1 年間延長 するごとに保管費用として別途66,000 円(税込)ご負担いただきます。保管期限は最長3 年 間ですが、3 年以上保管した細胞を投与する場合は、細胞培養加工施設と医師の相談のうえ判 断します。保管される自家ASC 量は、培養時の細胞の状態により異なりますので、詳細は医",price candidates remain ambiguous,
B,P00234,F0266,関東,東京都,独立行政法人国立病院機構東京医療センター,独立行政法人国立病院機構東京医療センター,独立行政法人国立病院機構東京医療センター,第二種,変形性関節症に対する自家脂肪組織由来幹細胞（ASC）の関節内注入療法,脂肪由来ASC,QC,0.9295,https://saiseiiryo.mhlw.go.jp/published_plan/download/03C2603058/5/0,330000,不明,,,,5,7,"脂肪採取料 330,000 円 330,000 円 330,000 円 培養費用",price candidates remain ambiguous,
B,P00234,F0266,関東,東京都,独立行政法人国立病院機構東京医療センター,独立行政法人国立病院機構東京医療センター,独立行政法人国立病院機構東京医療センター,第二種,変形性関節症に対する自家脂肪組織由来幹細胞（ASC）の関節内注入療法,脂肪由来ASC,QC,0.9295,https://saiseiiryo.mhlw.go.jp/published_plan/download/03C2603058/5/0,385000,不明,,,,5,8,"脂肪採取前 0 円 脂肪採取後から培養開始まで 385,000 円 人件費(医師、看護師)、 キットの代金、滅菌材料費",price candidates remain ambiguous,
B,P00234,F0266,関東,東京都,独立行政法人国立病院機構東京医療センター,独立行政法人国立病院機構東京医療センター,独立行政法人国立病院機構東京医療センター,第二種,変形性関節症に対する自家脂肪組織由来幹細胞（ASC）の関節内注入療法,脂肪由来ASC,QC,0.9295,https://saiseiiryo.mhlw.go.jp/published_plan/download/03C2603058/5/0,1320000,税込,,,,4,8,"合計 660,000 円 1,320,000 円 キャンセル時期 キャンセル費用(税込)",price candidates remain ambiguous,
B,P00234,F0266,関東,東京都,独立行政法人国立病院機構東京医療センター,独立行政法人国立病院機構東京医療センター,独立行政法人国立病院機構東京医療センター,第二種,変形性関節症に対する自家脂肪組織由来幹細胞（ASC）の関節内注入療法,脂肪由来ASC,QC,0.9295,https://saiseiiryo.mhlw.go.jp/published_plan/download/03C2603058/5/0,110000,税込,,,,3,8,"定価(税込) 注入料 110,000 円 220,000 円 追加調製料",price candidates remain ambiguous,
B,P00234,F0266,関東,東京都,独立行政法人国立病院機構東京医療センター,独立行政法人国立病院機構東京医療センター,独立行政法人国立病院機構東京医療センター,第二種,変形性関節症に対する自家脂肪組織由来幹細胞（ASC）の関節内注入療法,脂肪由来ASC,QC,0.9295,https://saiseiiryo.mhlw.go.jp/published_plan/download/03C2603058/5/0,330000,税込,,,,3,7,"定価(税込) 脂肪採取料 330,000 円 330,000 円 330,000 円",price candidates remain ambiguous,
B,P00234,F0266,関東,東京都,独立行政法人国立病院機構東京医療センター,独立行政法人国立病院機構東京医療センター,独立行政法人国立病院機構東京医療センター,第二種,変形性関節症に対する自家脂肪組織由来幹細胞（ASC）の関節内注入療法,脂肪由来ASC,QC,0.9295,https://saiseiiryo.mhlw.go.jp/published_plan/download/03C2603058/5/0,660000,不明,,,,3,7,"330,000 円 培養費用 660,000 円 660,000 円 660,000 円",price candidates remain ambiguous,
B,P00234,F0266,関東,東京都,独立行政法人国立病院機構東京医療センター,独立行政法人国立病院機構東京医療センター,独立行政法人国立病院機構東京医療センター,第二種,変形性関節症に対する自家脂肪組織由来幹細胞（ASC）の関節内注入療法,脂肪由来ASC,QC,0.9295,https://saiseiiryo.mhlw.go.jp/published_plan/download/03C2603058/5/0,110000,不明,,,,2,7,"660,000 円 注入料 110,000 円 220,000 円 330,000 円",price candidates remain ambiguous,
B,P00234,F0266,関東,東京都,独立行政法人国立病院機構東京医療センター,独立行政法人国立病院機構東京医療センター,独立行政法人国立病院機構東京医療センター,第二種,変形性関節症に対する自家脂肪組織由来幹細胞（ASC）の関節内注入療法,脂肪由来ASC,QC,0.9295,https://saiseiiryo.mhlw.go.jp/published_plan/download/03C2603058/5/0,220000,不明,,,,2,7,"注入料 110,000 円 220,000 円 330,000 円 追加調製料",price candidates remain ambiguous,
B,P00234,F0266,関東,東京都,独立行政法人国立病院機構東京医療センター,独立行政法人国立病院機構東京医療センター,独立行政法人国立病院機構東京医療センター,第二種,変形性関節症に対する自家脂肪組織由来幹細胞（ASC）の関節内注入療法,脂肪由来ASC,QC,0.9295,https://saiseiiryo.mhlw.go.jp/published_plan/download/03C2603058/5/0,440000,不明,,,,0,7,"追加調製料 なし 440,000 円 880,000 円 合計",price candidates remain ambiguous,
B,P00234,F0266,関東,東京都,独立行政法人国立病院機構東京医療センター,独立行政法人国立病院機構東京医療センター,独立行政法人国立病院機構東京医療センター,第二種,変形性関節症に対する自家脂肪組織由来幹細胞（ASC）の関節内注入療法,脂肪由来ASC,QC,0.9295,https://saiseiiryo.mhlw.go.jp/published_plan/download/03C2603058/5/0,550000,不明,,,,0,8,"220,000 円 追加調製料 550,000 円 1,100,000 円 合計",price candidates remain ambiguous,
B,P00234,F0266,関東,東京都,独立行政法人国立病院機構東京医療センター,独立行政法人国立病院機構東京医療センター,独立行政法人国立病院機構東京医療センター,第二種,変形性関節症に対する自家脂肪組織由来幹細胞（ASC）の関節内注入療法,脂肪由来ASC,QC,0.9295,https://saiseiiryo.mhlw.go.jp/published_plan/download/03C2603058/5/0,880000,不明,,,,0,7,"なし 440,000 円 880,000 円 合計 1,100,000 円",price candidates remain ambiguous,
B,P00234,F0266,関東,東京都,独立行政法人国立病院機構東京医療センター,独立行政法人国立病院機構東京医療センター,独立行政法人国立病院機構東京医療センター,第二種,変形性関節症に対する自家脂肪組織由来幹細胞（ASC）の関節内注入療法,脂肪由来ASC,QC,0.9295,https://saiseiiryo.mhlw.go.jp/published_plan/download/03C2603058/5/0,1100000,不明,,,,0,7,"880,000 円 合計 1,100,000 円 1,650,000 円 2,200,000 円",price candidates remain ambiguous,
B,P00234,F0266,関東,東京都,独立行政法人国立病院機構東京医療センター,独立行政法人国立病院機構東京医療センター,独立行政法人国立病院機構東京医療センター,第二種,変形性関節症に対する自家脂肪組織由来幹細胞（ASC）の関節内注入療法,脂肪由来ASC,QC,0.9295,https://saiseiiryo.mhlw.go.jp/published_plan/download/03C2603058/5/0,1650000,不明,,,,0,7,"合計 1,100,000 円 1,650,000 円 2,200,000 円",price candidates remain ambiguous,
B,P00234,F0266,関東,東京都,独立行政法人国立病院機構東京医療センター,独立行政法人国立病院機構東京医療センター,独立行政法人国立病院機構東京医療センター,第二種,変形性関節症に対する自家脂肪組織由来幹細胞（ASC）の関節内注入療法,脂肪由来ASC,QC,0.9295,https://saiseiiryo.mhlw.go.jp/published_plan/download/03C2603058/5/0,2200000,不明,,,,0,7,"1,100,000 円 1,650,000 円 2,200,000 円",price candidates remain ambiguous,
B,P00235,F0266,関東,東京都,独立行政法人国立病院機構東京医療センター,独立行政法人国立病院機構東京医療センター,独立行政法人国立病院機構東京医療センター,第二種,多血小板血漿（PRP）を用いた変形性関節症治療,PRP,AUTO,0.952,https://saiseiiryo.mhlw.go.jp/published_plan/download/03C2603059/5/0,350000,税別,,,,8,,"安定性 PRP は患者様自身の血液から製造する ため、品質がばらつく可能性がある。 医薬品として承認されており、品質は 安定している アレルギーの 可能性 自家移植のため、極めて低い。 品質管理された安全性の高いものだ が、アレルギー反応などの可能性を完 全には否定できない。 費用 350,000 円(税抜) 保険適用:2000 円前後/回 (膝関節内投与の場合) 詳細やご不明な点は医師・スタッフまでお気軽にお尋ねください。 施術後、患者様の個人的な事情及び金銭等に関する問題に関しては一切の責を負いかねますのでご 了承ください。 その他治療についての注意事項 患者様の",,
B,P00235,F0266,関東,東京都,独立行政法人国立病院機構東京医療センター,独立行政法人国立病院機構東京医療センター,独立行政法人国立病院機構東京医療センター,第二種,多血小板血漿（PRP）を用いた変形性関節症治療,PRP,AUTO,0.952,https://saiseiiryo.mhlw.go.jp/published_plan/download/03C2603059/5/0,2000,税別,,,,6,,"製造する ため、品質がばらつく可能性がある。 医薬品として承認されており、品質は 安定している アレルギーの 可能性 自家移植のため、極めて低い。 品質管理された安全性の高いものだ が、アレルギー反応などの可能性を完 全には否定できない。 費用 350,000 円(税抜) 保険適用:2000 円前後/回 (膝関節内投与の場合) 詳細やご不明な点は医師・スタッフまでお気軽にお尋ねください。 施術後、患者様の個人的な事情及び金銭等に関する問題に関しては一切の責を負いかねますのでご 了承ください。 その他治療についての注意事項 患者様の体調が良くない場合や、採取した血液",,
B,P00236,F0302,関東,東京都,白山リハビリ整形外科,白山リハビリ整形外科,白山リハビリ整形外科,第二種,多血小板血漿（PRP）による変形性関節症治療,PRP,AUTO,1.0,https://saiseiiryo.mhlw.go.jp/published_plan/download/01C2507079/5/0,88000,税込,2 回,,,9,,"額自己負担となります。 施術費用は下記の通りとなります。 (製造委託) PRP 変形性関節症治療 1 治療(2 回投与) 165,000 円(税込) (標準的な治療費用。採血及び投与2 回分の費用を含む) (院内製造) PRP 変形性関節症治療 1 治療(1 回投与) 88,000 円(税込) (採血及び投与1 回分の費用。88,000 円×回数分) · 投与2 回が標準的な治療回数ですが、治療間隔については症状を見ながら決めていき ますが、原則として2 回終了後3 ヶ月間の経過観察を行い、再度治療の適応があるか 判断致します。 · 患者様それぞれの状態に合わせて担当医師が説明し、ご相談の上、ど",,
B,P00236,F0302,関東,東京都,白山リハビリ整形外科,白山リハビリ整形外科,白山リハビリ整形外科,第二種,多血小板血漿（PRP）による変形性関節症治療,PRP,AUTO,1.0,https://saiseiiryo.mhlw.go.jp/published_plan/download/01C2507079/5/0,165000,税込,2 回,,,9,,"再度同 意を取得します。 11. 患者様の費用負担について 本治療は自由診療※となり、健康保険が適用にならず、本来健康保険が適用される治療も 含め、全額自己負担となります。 施術費用は下記の通りとなります。 (製造委託) PRP 変形性関節症治療 1 治療(2 回投与) 165,000 円(税込) (標準的な治療費用。採血及び投与2 回分の費用を含む) (院内製造) PRP 変形性関節症治療 1 治療(1 回投与) 88,000 円(税込) (採血及び投与1 回分の費用。88,000 円×回数分) · 投与2 回が標準的な治療回数ですが、治療間隔については症状を見ながら決めていき ますが、",,
B,P00236,F0302,関東,東京都,白山リハビリ整形外科,白山リハビリ整形外科,白山リハビリ整形外科,第二種,多血小板血漿（PRP）による変形性関節症治療,PRP,AUTO,1.0,https://saiseiiryo.mhlw.go.jp/published_plan/download/01C2507079/5/0,35000,税込,2 回,,,-2,,"した際に全ての費用を頂戴いたします。 14 · 採血後や加工後に同意を撤回された場合など、同意を撤回されるまでに費用が発生し ている場合は、発生した費用については患者様にご負担いただきますのでご了承くだ さい。 (製造委託) 【キャンセル料】 採血後:1 治療(2 回投与)35,000 円(税込) 加工着手後:全額(税込) (院内製造) 【キャンセル料】 採血後:35,000 円(税込) 加工着手後:全額(税込) · 治療内容により費用が変動する場合があります。施術する前に詳細な説明をいたしま すので、ご納得いただいた上で施術いただきますようお願い申し上げます。 ※自由診療とは保険が適用されない診療のこ",,
B,P00338,F0205,中部,新潟県,医療法人社団間庭整形外科医院,医療法人社団間庭整形外科医院,医療法人社団間庭整形外科医院,第三種,自家多血小板血漿（PRP）を用いた筋肉、腱、靭帯、筋膜の損傷及び慢性炎症の治療（関節外の軟部組織）,PRP,AUTO,1.0,https://saiseiiryo.mhlw.go.jp/published_plan/download/01C2511051/5/0,45000,税別,,ACP MAX|ACP,Arthrex,8,,"本治療にかかる費用は、以下のとおりです。なお、費用に含まれるのは、治療に 伴う診査、自家PRP 調製のための採血にかかる費用、自家PRP 調製費用、注入に かかる費用であり、以下が費用の総額となります。 治療の種類 平均的な血小板注入量 費用(税抜) ACP-PRP 20 億個 45,000 円 HD-PRP(ACP MAX の場合) 90 億個 150,000 円 また、ACP-PRP は効果を高めるため、2 倍量1 度に投与することが可能です。 その場合の費用は以下の通りです。 治療の種類 平均的な血小板注入量 費用(税抜) ACP-PRP ダブルショット 40 億個 80,000 円",,
B,P00338,F0205,中部,新潟県,医療法人社団間庭整形外科医院,医療法人社団間庭整形外科医院,医療法人社団間庭整形外科医院,第三種,自家多血小板血漿（PRP）を用いた筋肉、腱、靭帯、筋膜の損傷及び慢性炎症の治療（関節外の軟部組織）,PRP,AUTO,1.0,https://saiseiiryo.mhlw.go.jp/published_plan/download/01C2511051/5/0,80000,税別,,ACP MAX|ACP,Arthrex,8,,"P(ACP MAX の場合) 90 億個 150,000 円 また、ACP-PRP は効果を高めるため、2 倍量1 度に投与することが可能です。 その場合の費用は以下の通りです。 治療の種類 平均的な血小板注入量 費用(税抜) ACP-PRP ダブルショット 40 億個 80,000 円 • 治療終了後も定期的な受診が必要です。 9 11.試料等の保存及び廃棄の方法 患者様から採取した血液と作製したPRP は、患者様ご自身の治療のみに使用しま す。ただし、症例検討や学会発表を目的として、血液やPRP の測定を行い、データ を取得することがあります。 血液およびPRP は微量で全",,
B,P00338,F0205,中部,新潟県,医療法人社団間庭整形外科医院,医療法人社団間庭整形外科医院,医療法人社団間庭整形外科医院,第三種,自家多血小板血漿（PRP）を用いた筋肉、腱、靭帯、筋膜の損傷及び慢性炎症の治療（関節外の軟部組織）,PRP,AUTO,1.0,https://saiseiiryo.mhlw.go.jp/published_plan/download/01C2511051/5/0,150000,税別,,ACP MAX|ACP,Arthrex,8,,"伴う診査、自家PRP 調製のための採血にかかる費用、自家PRP 調製費用、注入に かかる費用であり、以下が費用の総額となります。 治療の種類 平均的な血小板注入量 費用(税抜) ACP-PRP 20 億個 45,000 円 HD-PRP(ACP MAX の場合) 90 億個 150,000 円 また、ACP-PRP は効果を高めるため、2 倍量1 度に投与することが可能です。 その場合の費用は以下の通りです。 治療の種類 平均的な血小板注入量 費用(税抜) ACP-PRP ダブルショット 40 億個 80,000 円 • 治療終了後も定期的な受診が必要です。 9 11",,
B,P00340,F0350,中部,石川県,特定医療法人社団勝木会 やわたメディカルセンター,特定医療法人社団勝木会 やわたメディカルセンター,特定医療法人社団勝木会 やわたメディカルセンター,第三種,自家多血小板血漿（PRP）を用いた筋肉、腱、靭帯、筋膜の損傷及び慢性炎症の治療（関節外の軟部組織）,PRP,AUTO,1.0,https://saiseiiryo.mhlw.go.jp/published_plan/download/01D2405007/5/0,40000,税別,2回,,,9,7,"17.本治療に係る費用に関する事項 本治療は公的保険の対象ではありませんので、当院所定の治療費をお支払いいただきます。 ・治療費用 50,000円(税別) ※学生は40,000円(税別) ・2回目以降 40,000円(税別) ※学生は30,000円(税別) 【キャンセル料について】",line-level strong price context,
B,P00340,F0350,中部,石川県,特定医療法人社団勝木会 やわたメディカルセンター,特定医療法人社団勝木会 やわたメディカルセンター,特定医療法人社団勝木会 やわたメディカルセンター,第三種,自家多血小板血漿（PRP）を用いた筋肉、腱、靭帯、筋膜の損傷及び慢性炎症の治療（関節外の軟部組織）,PRP,AUTO,1.0,https://saiseiiryo.mhlw.go.jp/published_plan/download/01D2405007/5/0,50000,税別,2回,,,9,7,"17.本治療に係る費用に関する事項 本治療は公的保険の対象ではありませんので、当院所定の治療費をお支払いいただきます。 ・治療費用 50,000円(税別) ※学生は40,000円(税別) ・2回目以降 40,000円(税別) ※学生は30,000円(税別) 【キャンセル料について】",line-level strong price context,
B,P00341,F0368,中部,福井県,春江病院,春江病院,春江病院,第三種,自家多血小板血漿（PRP）を用いた筋肉、腱、靭帯、筋膜の損傷及び慢性炎症の治療（関節外の軟部組織）,PRP,AUTO,1.0,https://saiseiiryo.mhlw.go.jp/published_plan/download/03E2511007/5/0,44000,税込,1 回,,,9,,"以下のとおりです。なお、費用は、1 回の治療に伴 う診査、PRP 作製のための採血にかかる費用、PRP 作製費用、注入にかか る費用の総額となります。左右両側に投与する場合は、2 回分です。 PRP 療法1回目(1 部位) 55,000 円(消費税込) PRP 療法2回目(1 部位) 44,000 円(消費税込) PRP 療法3回目(1 部位) 44,000 円(消費税込) 11. 試料等の保存及び廃棄の方法 患者様から採取した血液と作製したPRP は、患者様ご自身の治療のみに 使用します。ただし、症例検討や学会発表を目的として、血液やPRP の測 定を行い、データを取得することがあります。 血液およびPRP は",,
B,P00341,F0368,中部,福井県,春江病院,春江病院,春江病院,第三種,自家多血小板血漿（PRP）を用いた筋肉、腱、靭帯、筋膜の損傷及び慢性炎症の治療（関節外の軟部組織）,PRP,AUTO,1.0,https://saiseiiryo.mhlw.go.jp/published_plan/download/03E2511007/5/0,44000,税込,2 回分,,,9,,"製のための採血にかかる費用、PRP 作製費用、注入にかか る費用の総額となります。左右両側に投与する場合は、2 回分です。 PRP 療法1回目(1 部位) 55,000 円(消費税込) PRP 療法2回目(1 部位) 44,000 円(消費税込) PRP 療法3回目(1 部位) 44,000 円(消費税込) 11. 試料等の保存及び廃棄の方法 患者様から採取した血液と作製したPRP は、患者様ご自身の治療のみに 使用します。ただし、症例検討や学会発表を目的として、血液やPRP の測 定を行い、データを取得することがあります。 血液およびPRP は微量で全量を使用するため、保管はしません。治療に 用いない血液または",,
B,P00341,F0368,中部,福井県,春江病院,春江病院,春江病院,第三種,自家多血小板血漿（PRP）を用いた筋肉、腱、靭帯、筋膜の損傷及び慢性炎症の治療（関節外の軟部組織）,PRP,AUTO,1.0,https://saiseiiryo.mhlw.go.jp/published_plan/download/03E2511007/5/0,55000,税込,1 回,,,9,,"険を使用することはできません。 (2) 本治療にかかる費用は、以下のとおりです。なお、費用は、1 回の治療に伴 う診査、PRP 作製のための採血にかかる費用、PRP 作製費用、注入にかか る費用の総額となります。左右両側に投与する場合は、2 回分です。 PRP 療法1回目(1 部位) 55,000 円(消費税込) PRP 療法2回目(1 部位) 44,000 円(消費税込) PRP 療法3回目(1 部位) 44,000 円(消費税込) 11. 試料等の保存及び廃棄の方法 患者様から採取した血液と作製したPRP は、患者様ご自身の治療のみに 使用します。ただし、症例検討や学会発表を目的として、血液やPRP の測",,
B,P00342,F0163,中部,山梨県,東甲府医院,東甲府医院,東甲府医院,第三種,多血小板血漿を用いた整形外科領域（関節腔内への投与を除く）の治療,PRP,QC,1.0,https://saiseiiryo.mhlw.go.jp/published_plan/download/01C2411014/5/0,200000,税込,,,,6,,"間:月~金9:00~12:00、14:00~18:00 土9:00~13:00 営業時間外の連絡先:eastkofu@hotmail.com 14.費用について 細胞の提供に際して費用は発生しません。 治療の提供に際しては、本治療は公的保険の対象ではありませんので、当院所定の施術料として200,000 円(税込)をお支払いいただきます。 ※患者様の症状、その他の事情等により治療費が変動する場合があります。 なお、細胞の採取後や加工後に同意を撤回された場合など、同意を撤回される時点までに費用が発生している 場合は、発生した費用については患者様にご負担いただきますのでご了承ください。 15.他の治療法の有無、本治療法との比較につ",no price found after text/OCR pass,No price found after refined text/OCR pass
B,P00343,F0162,中部,山梨県,独立行政法人地域医療機能推進機構 山梨病院,独立行政法人地域医療機能推進機構 山梨病院,独立行政法人地域医療機能推進機構 山梨病院,第三種,自己多血小板血漿（PRP）を用いた整形外科領域における軟部組織治療,PRP,AUTO,1.0,https://saiseiiryo.mhlw.go.jp/published_plan/download/02C2605091/5/0,150000,税別,,,,8,,"規程に基づき患者様個人を特定できる内容が使われることはありません。 治療にかかる費用について この治療は公的保険の対象ではありませんので、当院所定の施術料をお支払いいただきま す。 ・治療費例:軟部組織治療100,000 前後~150,000 円前後 (税抜) 上記価格は一例です。PRP を用いた治療に係る詳しい費用につきましては、医師またはスタ ッフにお尋ね下さい。 施術後、患者様の個人的な事情及び金銭等に関する問題に関しては一切の責を負いかねます のでご了承ください。 本治療の実施体制 本治",,
B,P00344,F0164,中部,山梨県,社会医療法人加納岩 加納岩総合病院,社会医療法人加納岩 加納岩総合病院,社会医療法人加納岩 加納岩総合病院,第三種,四肢の靭帯、筋腱付着部およびスポーツ傷害（筋・腱・靭帯）を対象とした自家多血小板血漿（PRP）注入療法,PRP,AUTO,1.0,https://saiseiiryo.mhlw.go.jp/published_plan/download/01C2405029/5/0,33000,税込,1 回,ACP|Arthrex,Arthrex,9,,"び本 治療に必要な検査などの費用は全額自己負担となります。 血液分離専用容器キットによる施術料1 回: PRP(ACP) (Arthrex ACP – Autologous Conditioned Plasma ダブルシリ ンジ システム)使用 【片側】一般:55,000 円(税込) 学生:33,000 円(税込) 【両側】一般:99,000 円(税込) 学生:59,400 円(税込) ※患者様の症状によっては、治療を数回行うことがあります。治療前、または治 療後の状態から担当医師が判断し、患者様にお伝えしご相談させて頂きます。 ※治療内容・回数により1回あたりの費用が減額される場合がございます。施術する",,
B,P00344,F0164,中部,山梨県,社会医療法人加納岩 加納岩総合病院,社会医療法人加納岩 加納岩総合病院,社会医療法人加納岩 加納岩総合病院,第三種,四肢の靭帯、筋腱付着部およびスポーツ傷害（筋・腱・靭帯）を対象とした自家多血小板血漿（PRP）注入療法,PRP,AUTO,1.0,https://saiseiiryo.mhlw.go.jp/published_plan/download/01C2405029/5/0,55000,税込,1 回,ACP|Arthrex,Arthrex,9,,"当院において実施される本治療および本 治療に必要な検査などの費用は全額自己負担となります。 血液分離専用容器キットによる施術料1 回: PRP(ACP) (Arthrex ACP – Autologous Conditioned Plasma ダブルシリ ンジ システム)使用 【片側】一般:55,000 円(税込) 学生:33,000 円(税込) 【両側】一般:99,000 円(税込) 学生:59,400 円(税込) ※患者様の症状によっては、治療を数回行うことがあります。治療前、または治 療後の状態から担当医師が判断し、患者様にお伝えしご相談させて頂きます。 ※治療内容・回数により1回あたりの費用が減額さ",,
B,P00344,F0164,中部,山梨県,社会医療法人加納岩 加納岩総合病院,社会医療法人加納岩 加納岩総合病院,社会医療法人加納岩 加納岩総合病院,第三種,四肢の靭帯、筋腱付着部およびスポーツ傷害（筋・腱・靭帯）を対象とした自家多血小板血漿（PRP）注入療法,PRP,AUTO,1.0,https://saiseiiryo.mhlw.go.jp/published_plan/download/01C2405029/5/0,59400,税込,1 回,ACP|Arthrex,Arthrex,9,,"施術料1 回: PRP(ACP) (Arthrex ACP – Autologous Conditioned Plasma ダブルシリ ンジ システム)使用 【片側】一般:55,000 円(税込) 学生:33,000 円(税込) 【両側】一般:99,000 円(税込) 学生:59,400 円(税込) ※患者様の症状によっては、治療を数回行うことがあります。治療前、または治 療後の状態から担当医師が判断し、患者様にお伝えしご相談させて頂きます。 ※治療内容・回数により1回あたりの費用が減額される場合がございます。施術する 前に詳細な説明をいたしますので、ご納得いただいた上で施術いただきますようお 願い申し上げます。",,
B,P00344,F0164,中部,山梨県,社会医療法人加納岩 加納岩総合病院,社会医療法人加納岩 加納岩総合病院,社会医療法人加納岩 加納岩総合病院,第三種,四肢の靭帯、筋腱付着部およびスポーツ傷害（筋・腱・靭帯）を対象とした自家多血小板血漿（PRP）注入療法,PRP,AUTO,1.0,https://saiseiiryo.mhlw.go.jp/published_plan/download/01C2405029/5/0,99000,税込,1 回,ACP|Arthrex,Arthrex,9,,"血液分離専用容器キットによる施術料1 回: PRP(ACP) (Arthrex ACP – Autologous Conditioned Plasma ダブルシリ ンジ システム)使用 【片側】一般:55,000 円(税込) 学生:33,000 円(税込) 【両側】一般:99,000 円(税込) 学生:59,400 円(税込) ※患者様の症状によっては、治療を数回行うことがあります。治療前、または治 療後の状態から担当医師が判断し、患者様にお伝えしご相談させて頂きます。 ※治療内容・回数により1回あたりの費用が減額される場合がございます。施術する 前に詳細な説明をいたしますので、ご納得いただいた上で施術いただ",,
B,P00346,F0403,中部,長野県,医療法人弘仁会 かもいクリニック,医療法人弘仁会 かもいクリニック,医療法人弘仁会 かもいクリニック,第三種,自家多血小板血漿（PRP）を用いた筋肉、腱、靭帯、筋膜の損傷及び慢性炎症の治療（関節外の軟部組織）,PRP,AUTO,1.0,https://saiseiiryo.mhlw.go.jp/published_plan/download/01C2210030/5/0,50000,税込,両側,,,11,6,"る費用の総額となります。左右両側に投与する場合は、2 回分です。 ■血液検査(実施する場合) 15,000 円(税込) ■PRP 1 回(1 部位) 50,000 円(税込) 11. 試料等の保存及び廃棄の方法 患者様から採取した血液と作製したPRP は、患者様ご自身の治療のみ",line-level strong price context,
B,P00347,F0404,中部,長野県,医療法人直佳会 森 ロコモクリニック,医療法人直佳会 森 ロコモクリニック,医療法人直佳会 森 ロコモクリニック,第三種,多血小板血漿を用いた靭帯・腱及び腱付着部の機能障害・疾患の治療,PRP,AUTO,1.0,https://saiseiiryo.mhlw.go.jp/published_plan/download/02C2306046/5/0,100000,不明,,GPS|Zimmer,Zimmer Biomet,7,,"を行う医師、管理者(院長)へと報告して対応させていただきます。 窓口部署:院長 連絡先:0268-38-1313 12.費用について この治療は公的保険の対象ではありませんので、当院所定の施術料をお支払いいただきます。 ・ZIMMER BIOMET 製 GPS®IIIシステム使用 100,000円 ※患者様の症状、その他の事情等により治療費が変動する場合があります。 なお、細胞の採取後や加工後に同意を撤回された場合など、同意を撤回される時点までに費用が発生し ている場合は、発生した費用については患者様にご負担いただきますのでご了承ください。 13.他の治療法の有無、本治療法との比較について 靭帯・腱及び腱付着部の機",,
B,P00348,F0405,中部,長野県,医療法人笠間整形外科医院,医療法人笠間整形外科医院,医療法人笠間整形外科医院,第三種,多血小板血漿を用いた靭帯・腱及び腱付着部の機能障害・疾患の治療,PRP,AUTO,1.0,https://saiseiiryo.mhlw.go.jp/published_plan/download/02C1908018/5/0,150000,不明,,GPS|Zimmer,Zimmer Biomet,7,,"を行う医師、管理者(院長)へと報告して対応させていただきます。 窓口部署:事務 連絡先:026-283-1033 12.費用について この治療は公的保険の対象ではありませんので、当院所定の施術料をお支払いいただきます。 ・ZIMMER BIOMET 製 GPS®IIIシステム使用 150,000円 ※患者様の症状、その他の事情等により治療費が変動する場合があります。 施術後、患者様の個人的な事情及び金銭等に関する問題に関しては一切の責を負いかねますのでご了 承ください。 なお、細胞の採取後や加工後に同意を撤回された場合など、同意を撤回される時点までに費用が発生し ている場合は、発生した費用については患者様にご負担いただ",,
B,P00349,F0406,中部,長野県,医療法人都甲クリニック,医療法人都甲クリニック,医療法人都甲クリニック,第三種,四肢の靭帯、筋腱付着部およびスポーツ傷害（筋・腱・靭帯）を対象とした自家多血小板血漿（PRP）注入療法,PRP,QC,1.0,https://saiseiiryo.mhlw.go.jp/published_plan/download/01C2308047/5/0,38000,不明,,,,-10,6,"つでも取りやめることができます。この場合でも、一切不利益を受けません。 (採血等にかかる実費等はご負担いただきます。 : 採血後のキャンセル料 5.OOO円 加工後のキャンセル料 38,000 円) もしこの治療を受けることに同意しない場合も、最適と考えられる治療を実施できる ように患者様の治療に最善を尽くします。",price candidates remain ambiguous,
B,P00350,F0165,中部,岐阜県,岐阜大学医学部附属病院,岐阜大学医学部附属病院,岐阜大学医学部附属病院,第三種,難治性筋・腱・靭帯損傷に対するPRP治療,PRP,AUTO,1.0,https://saiseiiryo.mhlw.go.jp/published_plan/download/02D2505006/5/0,83223,税込,,GPS|Zimmer,Zimmer Biomet,8,,"阜大学医学部附属病院 実施医療機関の管理者:秋山 治彦 実施責任者:寺林 伸夫 10. 費用について 健康保険は適用されません。 この治療は公的保険の対象ではありませんので、当病院所定の施術料をお支払いいただきます。 ・ ZIMMER BIOMET 製 GPS®IIIシステム使用 83,223 円(税込) 施術後、患者さんの個人的な事情及び金銭等に関する問題に関しては一切の責を負いかねますので ご了承ください。 岐阜大学医学部附属病院 ver.1.1 _ 202412 11. セカンドオピニオンについて 当院の治療方針について、他の医療機関の意見(セカンドオピニオン)を聞くことができます。希 望される場合は担当医にお申し",,
B,P00351,F0166,中部,岐阜県,朝日大学医科歯科医療センター,朝日大学医科歯科医療センター,朝日大学医科歯科医療センター,第三種,自己多血小板血漿（PRP）を用いた整形療法,PRP,AUTO,1.0,https://saiseiiryo.mhlw.go.jp/published_plan/download/03D2511009/5/0,30000,不明,,,,12,2,"私は、PRP療法を行うにあたり、以下の治療費を支払います。 書類作製料 3,500 円 治療費PRP1mlあたり 30,000 円 守秘義務 私は医学的情報が法律で要求される期間、秘密を守って保存されることを理解します。ただし、私個人を特",line-level strong price context,
B,P00353,F0202,中部,愛知県,医療法人愛恵会 愛光整形外科,医療法人愛恵会 愛光整形外科,医療法人愛恵会 愛光整形外科,第三種,多血小板血漿を用いた筋・腱・靭帯損傷および手根管症候群の治療,PRP,AUTO,1.0,https://saiseiiryo.mhlw.go.jp/published_plan/download/02D1909077/5/0,20000,不明,1回,,,11,6,"での間でしたらいつでも治療を取りやめることができます。 PRP精製するための採血後に、治療の取りやめの旨を申し出た場合 には、1回あたりの料金20,000円は請求させていただきます。 ただし、治療を行った後は、健康管理のために、必要に応じて適切 な検査を受けていただきます。医学的に問題ないか確認します。",line-level strong price context,
B,P00353,F0202,中部,愛知県,医療法人愛恵会 愛光整形外科,医療法人愛恵会 愛光整形外科,医療法人愛恵会 愛光整形外科,第三種,多血小板血漿を用いた筋・腱・靭帯損傷および手根管症候群の治療,PRP,AUTO,1.0,https://saiseiiryo.mhlw.go.jp/published_plan/download/02D1909077/5/0,20000,不明,1回,,,9,7,"治療にかかる費用について この治療は公的保険の対象ではありません。そのため自由診療とな り自己負担金が発生いたします。費用は、1回あたり20,000円(税 抜き)となります。患部の範囲により1回に使用する精製キットの 本数が増えることがあります。その場合、1本につき8,000円(税",line-level strong price context,
B,P00354,F0204,中部,愛知県,医療法人 豊田整形外科,医療法人 豊田整形外科,医療法人 豊田整形外科,第三種,多血小板血漿（PRP）の投与によるスポーツ外傷を含む筋、腱、靱帯損傷治療,PRP,AUTO,1.0,https://saiseiiryo.mhlw.go.jp/published_plan/download/02D1907025/5/0,100000,税込,1 回,,,8,,"外傷を含む筋、腱、靱帯損傷治 療の説明文・同意文書 6 10. 治療にかかる費用について この治療は公的保険の対象ではありませんので、当病院所定の下記の施術料をお支払い いただきます。 ・PRP を用いた治療における施術料 100,000 円(税込) ご不明な点は医師・スタッフにお尋ねください。なお1 回の施術あたりの費用は、患部 の状態を確認した医師の判断、およびそれに応じたPRP 投与量等により変更となる場 合がございます。 11. その他治療についての注意事項 患者様の体調が良くない場合や、採取した血液の状態",,
B,P00355,F0201,中部,愛知県,医療法人健整会 みかわ整形外科,医療法人健整会 みかわ整形外科,医療法人健整会 みかわ整形外科,第三種,四肢の靭帯、筋腱付着部およびスポーツ傷害（筋・腱・靭帯）を対象とした自家多血小板血漿（PRP）注入療法,PRP,AUTO,1.0,https://saiseiiryo.mhlw.go.jp/published_plan/download/01D2410004/5/0,110000,税込,1回,APS|GPS,Zimmer Biomet,9,,"回投与推奨): 55,000 円(税込) PRP(ジンマー・バイオメット APS – Autologous Protein Solution キット) 使用(単回投与推奨):330,000 円(税込) PRP(ジンマー・バイオメット GPSIII PRP キット)使用(複数回投与推奨): 110,000 円(税込) ※患者様の症状によっては、治療を数回行うことがあります。治療前、または治 療後の状態から担当医師が判断し、患者様にお伝えしご相談させて頂きます。 ※治療内容・回数により1回あたりの費用が減額される場合がございます。施術する 前に詳細な説明をいたしますので、ご納得いただいた上で施術いただきますようお 願い申し上げます。",,
B,P00355,F0201,中部,愛知県,医療法人健整会 みかわ整形外科,医療法人健整会 みかわ整形外科,医療法人健整会 みかわ整形外科,第三種,四肢の靭帯、筋腱付着部およびスポーツ傷害（筋・腱・靭帯）を対象とした自家多血小板血漿（PRP）注入療法,PRP,AUTO,1.0,https://saiseiiryo.mhlw.go.jp/published_plan/download/01D2410004/5/0,330000,税込,1 回,APS|GPS,Zimmer Biomet,9,,"ます。 血液分離専用容器キットによる提供価格 各1 回: PRP:(京セラCondensia システム)使用(複数回投与推奨): 55,000 円(税込) PRP(ジンマー・バイオメット APS – Autologous Protein Solution キット) 使用(単回投与推奨):330,000 円(税込) PRP(ジンマー・バイオメット GPSIII PRP キット)使用(複数回投与推奨): 110,000 円(税込) ※患者様の症状によっては、治療を数回行うことがあります。治療前、または治 療後の状態から担当医師が判断し、患者様にお伝えしご相談させて頂きます。 ※治療内容・回数により1回あたりの費用が減額される場",,
B,P00355,F0201,中部,愛知県,医療法人健整会 みかわ整形外科,医療法人健整会 みかわ整形外科,医療法人健整会 みかわ整形外科,第三種,四肢の靭帯、筋腱付着部およびスポーツ傷害（筋・腱・靭帯）を対象とした自家多血小板血漿（PRP）注入療法,PRP,AUTO,1.0,https://saiseiiryo.mhlw.go.jp/published_plan/download/01D2410004/5/0,55000,税込,1 回,APS|GPS,Zimmer Biomet,8,,"療です。そのため、患者様の費用負担が 他の治療よりも高額になることがあります。当院において実施される本治療および本治 療に必要な検査などの費用は全額自己負担となります。 血液分離専用容器キットによる提供価格 各1 回: PRP:(京セラCondensia システム)使用(複数回投与推奨): 55,000 円(税込) PRP(ジンマー・バイオメット APS – Autologous Protein Solution キット) 使用(単回投与推奨):330,000 円(税込) PRP(ジンマー・バイオメット GPSIII PRP キット)使用(複数回投与推奨): 110,000 円(税込) ※患者様の症状によっては、治療を数回行",,
B,P00356,F0203,中部,愛知県,医療法人桂名会 重工大須病院,医療法人桂名会 重工大須病院,医療法人桂名会 重工大須病院,第三種,多血小板血漿（PRP）の投与によるスポーツ外傷を含む筋、腱、靱帯損傷治療,PRP,AUTO,1.0,https://saiseiiryo.mhlw.go.jp/published_plan/download/02D2605009/5/0,110000,税込,1 回,,,8,,"外傷を含む筋、腱、靱帯損傷治 療の説明文・同意文書 6 10. 治療にかかる費用について この治療は公的保険の対象ではありませんので、当病院所定の下記の施術料をお支払い いただきます。 ・PRP を用いた治療における施術料 110,000 円(税込) ご不明な点は医師・スタッフにお尋ねください。なお1 回の施術あたりの費用は、患部 の状態を確認した医師の判断、およびそれに応じたPRP 投与量等により変更となる場 合がございます。 11. その他治療についての注意事項 患者様の体調が良くない場合や、採取した血液の状態",,
B,P00364,F0340,近畿,滋賀県,公立甲賀病院,公立甲賀病院,公立甲賀病院,第二種,自家多血小板血漿（PRP）を用いた慢性関節炎の治療（関節内組織）,PRP,AUTO,0.9838,https://saiseiiryo.mhlw.go.jp/published_plan/download/01E2307011/5/0,45000,税込,両側,,,11,7,"用の総額となります。左右両側に投与する場合は、2 回分の料金となりま す。 PRP 1 回(1 部位) 45,000 円(税込) (3) 採血を開始してからキャンセルされた場合は、キャンセル費用をご負担 いただきます。",line-level strong price context,
B,P00365,F0339,近畿,滋賀県,医療法人はたスポーツ整形クリニック,医療法人はたスポーツ整形クリニック,医療法人はたスポーツ整形クリニック,第二種,変形性関節症に対する多血小板血漿（PRP）関節内投与療法,PRP,AUTO,1.0,https://saiseiiryo.mhlw.go.jp/published_plan/download/02E2512023/5/0,55000,税込,,ACP MAX|ACP,Arthrex,8,,"ただきます。 窓口部署:事務 連絡先:077-516-8600 14.費用について 細胞の提供に際して費用は発生しません。 治療の提供に際しては、本治療は公的保険の対象ではありませんので、当院所定の施術料として以下の金 額をお支払いいただきます。 ACPダブルシリンジシステム:55,000 円(税込) ACP MAX PRP システム:132,000 円(税込) ※患者様の症状、その他の事情等により治療費が変動する場合があります。 なお、細胞の採取後や加工後に同意を撤回された場合など、同意を撤回される時点までに費用が発生してい る場合は、発生した費用については患者様にご負担いただきますのでご了承ください。 1",,
B,P00365,F0339,近畿,滋賀県,医療法人はたスポーツ整形クリニック,医療法人はたスポーツ整形クリニック,医療法人はたスポーツ整形クリニック,第二種,変形性関節症に対する多血小板血漿（PRP）関節内投与療法,PRP,AUTO,1.0,https://saiseiiryo.mhlw.go.jp/published_plan/download/02E2512023/5/0,132000,税込,,ACP MAX|ACP,Arthrex,8,,"00 14.費用について 細胞の提供に際して費用は発生しません。 治療の提供に際しては、本治療は公的保険の対象ではありませんので、当院所定の施術料として以下の金 額をお支払いいただきます。 ACPダブルシリンジシステム:55,000 円(税込) ACP MAX PRP システム:132,000 円(税込) ※患者様の症状、その他の事情等により治療費が変動する場合があります。 なお、細胞の採取後や加工後に同意を撤回された場合など、同意を撤回される時点までに費用が発生してい る場合は、発生した費用については患者様にご負担いただきますのでご了承ください。 15.他の治療法の有無、本治療法との比較について 変形性関節症を",,
B,P00366,F0342,近畿,滋賀県,医療法人翠蓮会 とがの整形外科クリニック,医療法人翠蓮会 とがの整形外科クリニック,医療法人翠蓮会 とがの整形外科クリニック,第二種,自家多血小板血漿（PRP）を用いた慢性関節炎の治療（関節内組織）,PRP,AUTO,0.9838,https://saiseiiryo.mhlw.go.jp/published_plan/download/01E2412010/5/0,55000,税込,両側,,,11,7,"PRP 調製のための採血にかかる費用、PRP 調製費用、注入にかかる費用の 総額となります。左右両側に投与する場合は、2 回分です。 PRP 1 回(1 部位) 55,000 円(税込) (3) 採血を開始してからキャンセルされた場合は、費用の全額をご負担いた だきます。",line-level strong price context,
B,P00367,F0341,近畿,滋賀県,東近江市立能登川病院,東近江市立能登川病院,東近江市立能登川病院,第三種,多血小板血漿を用いた整形外科領域（関節腔内への投与を除く）の治療,PRP,QC,1.0,https://saiseiiryo.mhlw.go.jp/published_plan/download/01E2402012/5/0,,,,,,,,,no price found after text/OCR pass,Document fetched but no price candidate
B,P00368,F0007,近畿,京都府,一般社団法人日生会 CELL CLINIC KYOTO,一般社団法人日生会 CELL CLINIC KYOTO,一般社団法人日生会 CELL CLINIC KYOTO,第二種,変形性関節症に対する自己脂肪由来幹細胞を用いた治療,脂肪由来幹細胞,QC,1.0,https://saiseiiryo.mhlw.go.jp/published_plan/download/01E2502021/5/0,,,,,,,,,no price found after text/OCR pass,RuntimeError: Tesseract process timeout
B,P00369,F0007,近畿,京都府,一般社団法人日生会 CELL CLINIC KYOTO,一般社団法人日生会 CELL CLINIC KYOTO,一般社団法人日生会 CELL CLINIC KYOTO,第二種,慢性疼痛に対する自己脂肪由来幹細胞による治療,脂肪由来幹細胞,QC,1.0,https://saiseiiryo.mhlw.go.jp/published_plan/download/01E2502020/5/0,,,,,,,,,no price found after text/OCR pass,RuntimeError: Tesseract process timeout
B,P00370,F0001,近畿,京都府,医療法人いちまる整形外科クリニック,医療法人いちまる整形外科クリニック,医療法人いちまる整形外科クリニック,第二種,多血小板血漿を用いた整形外科疾患に対する関節内治療,PRP,AUTO,1.0,https://saiseiiryo.mhlw.go.jp/published_plan/download/01E2307003/5/0,55000,不明,,,,13,9,"PRP 関節投与料金: ・治療前診断料 11,000 円 ・PRP 療法実施費用 55,000 円 *キャンセル規定について ・治療当日の診察前",line-level strong price context,
B,P00371,F0002,近畿,京都府,医療法人エムスカイ 松木整形外科クリニック,医療法人エムスカイ 松木整形外科クリニック,医療法人エムスカイ 松木整形外科クリニック,第二種,自己多血小板血漿（PRP）の投与による変形性関節症の疼痛緩和を目的とした治療,PRP,AUTO,1.0,https://saiseiiryo.mhlw.go.jp/published_plan/download/01E2403003/5/0,150000,税別,1 回,APS|GPS,Zimmer Biomet,8,,"の疼痛緩和を目的とした治療に関する説明文・同意文書 9 治療にかかる費用について この治療は公的保険の対象ではありませんので、当院にて実施する治療及び治療に必要な検査などの 費用は全額自己負担となります。 ・PRP を用いた治療(GPSIIIシステム使用)における施術料 1 回 150,000円 (税別) ・APS(濃縮PRP)を用いた治療(APS キット使用) における施術料 1 回 300,000円 (税別) その他治療についての注意事項 患者さまの体調が良くない場合や、採取した血液の状態によっては、PRP を分離できないこと があります。 その際には",,
B,P00371,F0002,近畿,京都府,医療法人エムスカイ 松木整形外科クリニック,医療法人エムスカイ 松木整形外科クリニック,医療法人エムスカイ 松木整形外科クリニック,第二種,自己多血小板血漿（PRP）の投与による変形性関節症の疼痛緩和を目的とした治療,PRP,AUTO,1.0,https://saiseiiryo.mhlw.go.jp/published_plan/download/01E2403003/5/0,300000,税別,1 回,APS|GPS,Zimmer Biomet,8,,"保険の対象ではありませんので、当院にて実施する治療及び治療に必要な検査などの 費用は全額自己負担となります。 ・PRP を用いた治療(GPSIIIシステム使用)における施術料 1 回 150,000円 (税別) ・APS(濃縮PRP)を用いた治療(APS キット使用) における施術料 1 回 300,000円 (税別) その他治療についての注意事項 患者さまの体調が良くない場合や、採取した血液の状態によっては、PRP を分離できないこと があります。 その際には、再度採血をさせていただく場合があります。 また、本治療に使用する機器は定期的にメンテナンスを行っていますが、突",,
B,P00372,F0004,近畿,京都府,医療法人京都翔医会 西京都病院,医療法人京都翔医会 西京都病院,医療法人京都翔医会 西京都病院,第二種,自家多血小板血漿（PRP）を用いた慢性関節炎の治療（関節内組織）,PRP,QC,0.9838,https://saiseiiryo.mhlw.go.jp/published_plan/download/01E2506010/5/0,99000,不明,,ACP|Angel,Arthrex,6,12,"ACP-PRP ダブルショット 40 億個 99,000 円 HD-PRP(Angel の場合)を両ひざなど2 部位に投与する場合の費用は 治療の種類",price candidates remain ambiguous,
B,P00372,F0004,近畿,京都府,医療法人京都翔医会 西京都病院,医療法人京都翔医会 西京都病院,医療法人京都翔医会 西京都病院,第二種,自家多血小板血漿（PRP）を用いた慢性関節炎の治療（関節内組織）,PRP,QC,0.9838,https://saiseiiryo.mhlw.go.jp/published_plan/download/01E2506010/5/0,330000,不明,,ACP|Angel,Arthrex,6,12,"HD-PRP(Angel の場合) 150 億個 330,000 円 ACP-PRP は効果を高めるため、2 倍量1 度に投与することが可能です。その場合の 費用は以下の通りです。",price candidates remain ambiguous,
B,P00372,F0004,近畿,京都府,医療法人京都翔医会 西京都病院,医療法人京都翔医会 西京都病院,医療法人京都翔医会 西京都病院,第二種,自家多血小板血漿（PRP）を用いた慢性関節炎の治療（関節内組織）,PRP,QC,0.9838,https://saiseiiryo.mhlw.go.jp/published_plan/download/01E2506010/5/0,55000,不明,,ACP MAX|ACP,Arthrex,2,12,"ACP-PRP 20 億個 55,000 円 HD-PRP(ACP MAX の場合) 90 億個",price candidates remain ambiguous,
B,P00372,F0004,近畿,京都府,医療法人京都翔医会 西京都病院,医療法人京都翔医会 西京都病院,医療法人京都翔医会 西京都病院,第二種,自家多血小板血漿（PRP）を用いた慢性関節炎の治療（関節内組織）,PRP,QC,0.9838,https://saiseiiryo.mhlw.go.jp/published_plan/download/01E2506010/5/0,209000,不明,,ACP MAX|ACP|Angel,Arthrex,2,12,"HD-PRP(ACP MAX の場合) 90 億個 209,000 円 HD-PRP(Angel の場合) 150 億個",price candidates remain ambiguous,
B,P00372,F0004,近畿,京都府,医療法人京都翔医会 西京都病院,医療法人京都翔医会 西京都病院,医療法人京都翔医会 西京都病院,第二種,自家多血小板血漿（PRP）を用いた慢性関節炎の治療（関節内組織）,PRP,QC,0.9838,https://saiseiiryo.mhlw.go.jp/published_plan/download/01E2506010/5/0,385000,不明,,,,2,12,"HD-PRP(2 部位) 150 億個 385,000 円 治療終了後も定期的な受診をお願いしております。 本治療は医療費控除の対象となる可能性があります。詳細は国税庁や税理士にご確",price candidates remain ambiguous,
B,P00373,F0004,近畿,京都府,医療法人京都翔医会 西京都病院,医療法人京都翔医会 西京都病院,医療法人京都翔医会 西京都病院,第二種,自家脂肪組織由来の培養間葉系幹細胞を用いた関節疾患の治療,脂肪由来MSC,AUTO,1.0,https://saiseiiryo.mhlw.go.jp/published_plan/download/01E2506012/5/0,800800,税込,1 回,,,9,,"者: (続柄: ) 10 (別紙) 本再生医療等の費用は以下のとおりです。 投与細胞数 治療費用(税込み) 1 約3,000 万個×1 回分 800,800 円 2 約5,000 万個×1 回分 924,000 円 3 約1 億個×1 回分 1,232,000 円 4 約3,000 万個×3 回分 1,463,000 円 5 約5,000 万個×2 回分 1,694,000 円 6 約1 億個×2 回分 2,07",,
B,P00373,F0004,近畿,京都府,医療法人京都翔医会 西京都病院,医療法人京都翔医会 西京都病院,医療法人京都翔医会 西京都病院,第二種,自家脂肪組織由来の培養間葉系幹細胞を用いた関節疾患の治療,脂肪由来MSC,AUTO,1.0,https://saiseiiryo.mhlw.go.jp/published_plan/download/01E2506012/5/0,924000,税込,1 回,,,9,,") 10 (別紙) 本再生医療等の費用は以下のとおりです。 投与細胞数 治療費用(税込み) 1 約3,000 万個×1 回分 800,800 円 2 約5,000 万個×1 回分 924,000 円 3 約1 億個×1 回分 1,232,000 円 4 約3,000 万個×3 回分 1,463,000 円 5 約5,000 万個×2 回分 1,694,000 円 6 約1 億個×2 回分 2,079,000 円 なお、脂肪組織の採取の施術開始後や細胞加工の開",,
B,P00373,F0004,近畿,京都府,医療法人京都翔医会 西京都病院,医療法人京都翔医会 西京都病院,医療法人京都翔医会 西京都病院,第二種,自家脂肪組織由来の培養間葉系幹細胞を用いた関節疾患の治療,脂肪由来MSC,AUTO,1.0,https://saiseiiryo.mhlw.go.jp/published_plan/download/01E2506012/5/0,1232000,税込,1 回,,,7,,"医療等の費用は以下のとおりです。 投与細胞数 治療費用(税込み) 1 約3,000 万個×1 回分 800,800 円 2 約5,000 万個×1 回分 924,000 円 3 約1 億個×1 回分 1,232,000 円 4 約3,000 万個×3 回分 1,463,000 円 5 約5,000 万個×2 回分 1,694,000 円 6 約1 億個×2 回分 2,079,000 円 なお、脂肪組織の採取の施術開始後や細胞加工の開始後、あるいは3 回投与の場合に1 回目投 与の後や2 回目投与の後に",,
B,P00373,F0004,近畿,京都府,医療法人京都翔医会 西京都病院,医療法人京都翔医会 西京都病院,医療法人京都翔医会 西京都病院,第二種,自家脂肪組織由来の培養間葉系幹細胞を用いた関節疾患の治療,脂肪由来MSC,AUTO,1.0,https://saiseiiryo.mhlw.go.jp/published_plan/download/01E2506012/5/0,1463000,税込,1 回,,,7,,"投与細胞数 治療費用(税込み) 1 約3,000 万個×1 回分 800,800 円 2 約5,000 万個×1 回分 924,000 円 3 約1 億個×1 回分 1,232,000 円 4 約3,000 万個×3 回分 1,463,000 円 5 約5,000 万個×2 回分 1,694,000 円 6 約1 億個×2 回分 2,079,000 円 なお、脂肪組織の採取の施術開始後や細胞加工の開始後、あるいは3 回投与の場合に1 回目投 与の後や2 回目投与の後に同意を撤回された場合など、それまでに費用が発生している場合は、 以下の通",,
B,P00373,F0004,近畿,京都府,医療法人京都翔医会 西京都病院,医療法人京都翔医会 西京都病院,医療法人京都翔医会 西京都病院,第二種,自家脂肪組織由来の培養間葉系幹細胞を用いた関節疾患の治療,脂肪由来MSC,AUTO,1.0,https://saiseiiryo.mhlw.go.jp/published_plan/download/01E2506012/5/0,1694000,不明,1 回,,,6,,"回分 800,800 円 2 約5,000 万個×1 回分 924,000 円 3 約1 億個×1 回分 1,232,000 円 4 約3,000 万個×3 回分 1,463,000 円 5 約5,000 万個×2 回分 1,694,000 円 6 約1 億個×2 回分 2,079,000 円 なお、脂肪組織の採取の施術開始後や細胞加工の開始後、あるいは3 回投与の場合に1 回目投 与の後や2 回目投与の後に同意を撤回された場合など、それまでに費用が発生している場合は、 以下の通り、患者様ご自身にご負担いただきますのでご了承ください。 同意撤回の時",,
B,P00373,F0004,近畿,京都府,医療法人京都翔医会 西京都病院,医療法人京都翔医会 西京都病院,医療法人京都翔医会 西京都病院,第二種,自家脂肪組織由来の培養間葉系幹細胞を用いた関節疾患の治療,脂肪由来MSC,AUTO,1.0,https://saiseiiryo.mhlw.go.jp/published_plan/download/01E2506012/5/0,2079000,税別,1 回,,,-1,,"回分 924,000 円 3 約1 億個×1 回分 1,232,000 円 4 約3,000 万個×3 回分 1,463,000 円 5 約5,000 万個×2 回分 1,694,000 円 6 約1 億個×2 回分 2,079,000 円 なお、脂肪組織の採取の施術開始後や細胞加工の開始後、あるいは3 回投与の場合に1 回目投 与の後や2 回目投与の後に同意を撤回された場合など、それまでに費用が発生している場合は、 以下の通り、患者様ご自身にご負担いただきますのでご了承ください。 同意撤回の時期 キャンセル費用(税別) 1 2 3 4 5 6",,
B,P00373,F0004,近畿,京都府,医療法人京都翔医会 西京都病院,医療法人京都翔医会 西京都病院,医療法人京都翔医会 西京都病院,第二種,自家脂肪組織由来の培養間葉系幹細胞を用いた関節疾患の治療,脂肪由来MSC,AUTO,1.0,https://saiseiiryo.mhlw.go.jp/published_plan/download/01E2506012/5/0,100000,税別,,,,-2,,"以下の通り、患者様ご自身にご負担いただきますのでご了承ください。 同意撤回の時期 キャンセル費用(税別) 1 2 3 4 5 6 同意日~脂肪採取予定日の3 日前 キャンセル費用のお支払いはありません 脂肪採取予定日の2 日前 ~脂肪採取当日の脂肪組織採取前 一律 10 万円をお支払いいただきます 脂肪組織採取後~細胞加工開始前 560,560 646,800 862,400 1,024,100 1,185,800 1,455,300 細胞加工開始後~細胞投与前 560,560 646,800 862,400 1,024,100 1,185,800 1,455,300 細胞投与後 治療費用全額を",,
B,P00374,F0005,近畿,京都府,医療法人双樹会桂西口整形外科クリニック,医療法人双樹会桂西口整形外科クリニック,医療法人双樹会桂西口整形外科クリニック,第二種,自己脂肪由来幹細胞を用いた慢性疼痛の治療,脂肪由来幹細胞,AUTO,1.0,https://saiseiiryo.mhlw.go.jp/published_plan/download/01E2510010/5/0,1000000,税込,,,,9,4,"細胞の提供に際して費用は発生しません。 本治療は保険適用外であるため、治療にかかる費用全額をご自分でご負担いただきます。本治 療にかかる費用は1,000,000円(税込)となっております。 ※患者様の症状その他の理由により費用は変動する可能性がありますので、その際は別途ご説 明いたします。",line-level strong price context,
B,P00375,F0005,近畿,京都府,医療法人双樹会桂西口整形外科クリニック,医療法人双樹会桂西口整形外科クリニック,医療法人双樹会桂西口整形外科クリニック,第二種,自己脂肪由来幹細胞を用いた変形性関節症の治療,脂肪由来幹細胞,AUTO,1.0,https://saiseiiryo.mhlw.go.jp/published_plan/download/01E2510011/5/0,1000000,税込,,,,9,4,"細胞の提供に際して費用は発生しません。 本治療は保険適用外であるため、治療にかかる費用全額をご自分でご負担いただきます。本治 療にかかる費用は1,000,000円(税込)となっております。 ※患者様の症状その他の理由により費用は変動する可能性がありますので、その際は別途ご説 明いたします。",line-level strong price context,
B,P00376,F0006,近畿,京都府,医療法人社団恵心会 京都武田病院,医療法人社団恵心会 京都武田病院,医療法人社団恵心会 京都武田病院,第二種,慢性疼痛に対する自家脂肪由来間葉系幹細胞（自家MSC）治療,脂肪由来MSC,QC,1.0,https://saiseiiryo.mhlw.go.jp/published_plan/download/01E2504010/5/0,1500000,税別,1 回,,,-3,6,受付時間:日〜土 24 時間 19. この治療にかかる費用について この治療は初診料の他、1 回の施術あたり150 万円(税別)かかります。治療 にかかる全ての費用は自費となります。 尚、脂肪組織の採取後や特定細胞加工物の製造中あるいは製造後に同意を撤回,price candidates remain ambiguous,
B,P00377,F0006,近畿,京都府,医療法人社団恵心会 京都武田病院,医療法人社団恵心会 京都武田病院,医療法人社団恵心会 京都武田病院,第二種,変形性関節症に対する自家脂肪由来間葉系幹細胞治療,脂肪由来MSC,AUTO,1.0,https://saiseiiryo.mhlw.go.jp/published_plan/download/01E2504012/5/0,1000000,税別,1 回,,,7,6,19. この治療にかかる費用について この治療は初診料の他、1 回施術あたり1カ所で100 万円、2カ所で150 万円 (税別)かかります(膝の場合、片膝100 万円、両膝150 万円)。治療にかか る全ての費用は自費となります。 尚、脂肪組織の採取後や特定細胞加工物の製造中あるいは製造後に同意を撤回,line-level medium price context,
B,P00377,F0006,近畿,京都府,医療法人社団恵心会 京都武田病院,医療法人社団恵心会 京都武田病院,医療法人社団恵心会 京都武田病院,第二種,変形性関節症に対する自家脂肪由来間葉系幹細胞治療,脂肪由来MSC,AUTO,1.0,https://saiseiiryo.mhlw.go.jp/published_plan/download/01E2504012/5/0,1500000,税別,1 回,,,7,6,19. この治療にかかる費用について この治療は初診料の他、1 回施術あたり1カ所で100 万円、2カ所で150 万円 (税別)かかります(膝の場合、片膝100 万円、両膝150 万円)。治療にかか る全ての費用は自費となります。 尚、脂肪組織の採取後や特定細胞加工物の製造中あるいは製造後に同意を撤回,line-level medium price context,
B,P00378,F0008,近畿,京都府,医療法人社団活寿会 京都ひざ関節症クリニック,医療法人社団活寿会 京都ひざ関節症クリニック,医療法人社団活寿会 京都ひざ関節症クリニック,第二種,自家脂肪組織由来幹細胞（ASC）の投与による関節治療,脂肪由来ASC,AUTO,1.0,https://saiseiiryo.mhlw.go.jp/published_plan/download/02E2601014/5/0,1287000,税込,,,,16,6,"この治療は公的保険の対象ではありませんので、当クリニックの所定の施術料をお支払いい ただきます。 治療費用: 投与部位 1 関節 1,287,000 円(税込) 2関節 1,749,000 円(税込) 治療にかかる費用につきましては、自家 ASC を投与する関節部位による違いはございませ",line-level strong price context,
B,P00378,F0008,近畿,京都府,医療法人社団活寿会 京都ひざ関節症クリニック,医療法人社団活寿会 京都ひざ関節症クリニック,医療法人社団活寿会 京都ひざ関節症クリニック,第二種,自家脂肪組織由来幹細胞（ASC）の投与による関節治療,脂肪由来ASC,AUTO,1.0,https://saiseiiryo.mhlw.go.jp/published_plan/download/02E2601014/5/0,1749000,税込,,,,11,6,"ただきます。 治療費用: 投与部位 1 関節 1,287,000 円(税込) 2関節 1,749,000 円(税込) 治療にかかる費用につきましては、自家 ASC を投与する関節部位による違いはございませ ん。 製造した自家 ASC は細胞培養加工施設で一時保管され、本治療に使用する際に当クリ",line-level strong price context,
B,P00379,F0009,近畿,京都府,医療法人社団親和会 京都木原病院,医療法人社団親和会 京都木原病院,医療法人社団親和会 京都木原病院,第二種,自家多血小板血漿（PRP）を用いた関節内組織損傷に対する治療,PRP,AUTO,1.0,https://saiseiiryo.mhlw.go.jp/published_plan/download/01E2605001/5/0,80000,不明,1回,APS|GPS|MyCells,Zimmer Biomet|MyCells系,8,,険 ほけん が使えない自由 じゆう 診療 しんりょう のため、他 ほか の治療費 ちりょうひ が高額 こうがく になることがあります。 【1回 かい 当たり あ た り の治療費 ちりょうひ (税 ぜい 別 べつ )】 ) ・Mycells PRP キットを用いた もちいた 治療 ちりょう :8万円 まんえん ・Condensia PRP調製 ちょうせい キットを用いた もちいた 治療 ちりょう :8万円 まんえん ・GPS III L-PRP分離 ぶんり ・抽出 ちゅうしゅつ キットを用いた もちいた 治療 ちりょう :16万円 まんえん ・APS キットを用いた もちいた 治療 ちりょう :30万円 まんえん ※,,
B,P00379,F0009,近畿,京都府,医療法人社団親和会 京都木原病院,医療法人社団親和会 京都木原病院,医療法人社団親和会 京都木原病院,第二種,自家多血小板血漿（PRP）を用いた関節内組織損傷に対する治療,PRP,AUTO,1.0,https://saiseiiryo.mhlw.go.jp/published_plan/download/01E2605001/5/0,160000,不明,一回,APS|GPS,Zimmer Biomet,8,,ls PRP キットを用いた もちいた 治療 ちりょう :8万円 まんえん ・Condensia PRP調製 ちょうせい キットを用いた もちいた 治療 ちりょう :8万円 まんえん ・GPS III L-PRP分離 ぶんり ・抽出 ちゅうしゅつ キットを用いた もちいた 治療 ちりょう :16万円 まんえん ・APS キットを用いた もちいた 治療 ちりょう :30万円 まんえん ※治療 ちりょう を数回 すうかい 行 おこな うことがあります。 ※一回あたりの治療費 ちりょうひ が割引 わりびき されることがあります。 5.個人 こじん 情報 じょうほう 保護 ほ ご について あなたの個人 こじん 情報 じょうほ,,
B,P00379,F0009,近畿,京都府,医療法人社団親和会 京都木原病院,医療法人社団親和会 京都木原病院,医療法人社団親和会 京都木原病院,第二種,自家多血小板血漿（PRP）を用いた関節内組織損傷に対する治療,PRP,AUTO,1.0,https://saiseiiryo.mhlw.go.jp/published_plan/download/01E2605001/5/0,300000,不明,一回,APS|GPS,Zimmer Biomet,8,,・Condensia PRP調製 ちょうせい キットを用いた もちいた 治療 ちりょう :8万円 まんえん ・GPS III L-PRP分離 ぶんり ・抽出 ちゅうしゅつ キットを用いた もちいた 治療 ちりょう :16万円 まんえん ・APS キットを用いた もちいた 治療 ちりょう :30万円 まんえん ※治療 ちりょう を数回 すうかい 行 おこな うことがあります。 ※一回あたりの治療費 ちりょうひ が割引 わりびき されることがあります。 5.個人 こじん 情報 じょうほう 保護 ほ ご について あなたの個人 こじん 情報 じょうほう は法律 ほうりつ に基 もと づいて厳 きび しく保護 ほ ご ・管理 か,,
B,P00380,F0010,近畿,京都府,医療法人社団貴順会 吉川病院,医療法人社団貴順会 吉川病院,医療法人社団貴順会 吉川病院,第二種,自己脂肪由来間葉系幹細胞を用いた骨壊死治療,脂肪由来MSC,AUTO,1.0,https://saiseiiryo.mhlw.go.jp/published_plan/download/02E2312001/5/0,2500000,税別,,,,11,6,他、本治療を受けるために必要となった旅費、交通費などの全ての費用もご自分でご負担いただ きます。 実際に必要となる費用については今回の治療は250 万円(税別)になります。 脂肪採取から1 年以内に再度本治療をご希望される場合、凍結された細胞を用いるので脂肪採 取をさせて頂く必要はございませんが、費用については、同額となります。,line-level strong price context,
B,P00382,F0123,近畿,大阪府,医療法人荒巻会 あらまき整形外科クリニック,医療法人荒巻会 あらまき整形外科クリニック,医療法人荒巻会 あらまき整形外科クリニック,第二種,多血小板血漿（PRP）を用いた変形性関節症および関節炎に対する再生医療,PRP,AUTO,1.0,https://saiseiiryo.mhlw.go.jp/published_plan/download/01E2301009/5/0,49000,不明,,APS|GPS,Zimmer Biomet,7,,"種類の方法から選択いたします。 名称 費用 長所 短所 1 APS法 300,000円 関節での使用経験が多い 製造時の感染が起こりにくい 高価 2 GPS法 300,000円 関節での使用経験が多い 製造時の感染が起こりにくい APSの前段階であり単独の効果に関するデータが少ない 3 PRP法 49,000円 他の保険収載治療で使用実績が豊富で安全性が高い 関節での使用経験が乏しい 治療の理論 以下の理論に則って、治療を行います。 血小板は傷の修復を担当する、血液成分の1つです。 血小板を濃縮し、それに含まれる傷を治す成分の活性を保ったまま 患部に投与すると、 組織の修復に必要な細胞などが患部に集ま り、炎症もおさまり痛みがやわらぎます。 集",,
B,P00382,F0123,近畿,大阪府,医療法人荒巻会 あらまき整形外科クリニック,医療法人荒巻会 あらまき整形外科クリニック,医療法人荒巻会 あらまき整形外科クリニック,第二種,多血小板血漿（PRP）を用いた変形性関節症および関節炎に対する再生医療,PRP,AUTO,1.0,https://saiseiiryo.mhlw.go.jp/published_plan/download/01E2301009/5/0,300000,不明,,APS|GPS,Zimmer Biomet,7,,"」がたくさん含まれて おり、傷ついた組織を治す手助けをする成分と一緒に働き、傷んだ 関節内のバランスを改善して疼痛改善に効果をもたらします。 当院ではPRPの調整方法として、患者様とご相談しながら、症状や 状況、投与部に合わせて3種類の方法から選択いたします。 名称 費用 長所 短所 1 APS法 300,000円 関節での使用経験が多い 製造時の感染が起こりにくい 高価 2 GPS法 300,000円 関節での使用経験が多い 製造時の感染が起こりにくい APSの前段階であり単独の効果に関するデータが少ない 3 PRP法 49,000円 他の保険収載治療で使用実績が豊富で安全性が高い 関節での使用経験が乏しい 治療の理論 以下の理論に則って、治療",,
B,P00382,F0123,近畿,大阪府,医療法人荒巻会 あらまき整形外科クリニック,医療法人荒巻会 あらまき整形外科クリニック,医療法人荒巻会 あらまき整形外科クリニック,第二種,多血小板血漿（PRP）を用いた変形性関節症および関節炎に対する再生医療,PRP,AUTO,1.0,https://saiseiiryo.mhlw.go.jp/published_plan/download/01E2301009/5/0,200000,不明,,APS|GPS,Zimmer Biomet,-1,,た後に同意されない場合でも、一切不利益を受 けません。また同様に、治療を受けることに同意しても、加工を行 う前であればいつでも治療を取りやめることができます。この場 合、一切不利益を受けません。 APSを注射する前であっても治療を中止することはできますが、こ の場合、実費のご負担(APS/GPS: 20万円、PRP: 2万5千円)が発 生いたします。製造開始前のキャンセルには費用はかかりません。 健康被害が発生した場合の処置と補償 健康被害が発生した場合には協議に応じ、必要な処置を行います。 また、当院では万が一に備え、再生医療をカバーする保険「日本医 師会医師賠償責任保険」に加入しています。 何かございましたら、病院の相談窓口までご連絡く,,
B,P00383,F0124,近畿,大阪府,医療法人蒼優会 NLC野中腰痛クリニック,医療法人蒼優会 NLC野中腰痛クリニック,医療法人蒼優会 NLC野中腰痛クリニック,第二種,自家多血小板血漿（PRP）を用いた脊椎由来疼痛治療,PRP,AUTO,0.9625,https://saiseiiryo.mhlw.go.jp/published_plan/download/01E2312014/5/0,1100000,税別,3 回分,,,9,,"れる治療を実施できるよう最善を尽く します。 10. 治療費用 (1) 本治療はすべて自費診療であり、健康保険を使用することはできません。 (2) 本治療にかかる費用は、以下のとおりです。費用は、PRP 3 回分※ の総額 です。 PRP 3 回投与(1 部位) 1,100,000 円(税別) ※ 治療に伴う診査、採血、PRP 調製費用、注入(レントゲン透視装置使用) に係る費用が含まれます。 (3) 投与部位は最大5 カ所です。1 部位追加ごとに100,000 円(3 回分・税別) がかかります。 (4) 初回投与時に全額のお支払いをお願いいたします。2 回目(3 回目)の投 与を投与予定日の3",,
B,P00383,F0124,近畿,大阪府,医療法人蒼優会 NLC野中腰痛クリニック,医療法人蒼優会 NLC野中腰痛クリニック,医療法人蒼優会 NLC野中腰痛クリニック,第二種,自家多血小板血漿（PRP）を用いた脊椎由来疼痛治療,PRP,AUTO,0.9625,https://saiseiiryo.mhlw.go.jp/published_plan/download/01E2312014/5/0,100000,税別,3 回分,,,1,,"。費用は、PRP 3 回分※ の総額 です。 PRP 3 回投与(1 部位) 1,100,000 円(税別) ※ 治療に伴う診査、採血、PRP 調製費用、注入(レントゲン透視装置使用) に係る費用が含まれます。 (3) 投与部位は最大5 カ所です。1 部位追加ごとに100,000 円(3 回分・税別) がかかります。 (4) 初回投与時に全額のお支払いをお願いいたします。2 回目(3 回目)の投 与を投与予定日の3 日前までにキャンセルされた場合は、未投与分につ いては返金いたします。返金額は、1 回あたり30 万円(税別)です。 11. 試料等の保存及び廃棄の方法 患者様から採取した血液と調製し",,
B,P00383,F0124,近畿,大阪府,医療法人蒼優会 NLC野中腰痛クリニック,医療法人蒼優会 NLC野中腰痛クリニック,医療法人蒼優会 NLC野中腰痛クリニック,第二種,自家多血小板血漿（PRP）を用いた脊椎由来疼痛治療,PRP,AUTO,0.9625,https://saiseiiryo.mhlw.go.jp/published_plan/download/01E2312014/5/0,300000,税別,1 部位,,,-4,,"投与部位は最大5 カ所です。1 部位追加ごとに100,000 円(3 回分・税別) がかかります。 (4) 初回投与時に全額のお支払いをお願いいたします。2 回目(3 回目)の投 与を投与予定日の3 日前までにキャンセルされた場合は、未投与分につ いては返金いたします。返金額は、1 回あたり30 万円(税別)です。 11. 試料等の保存及び廃棄の方法 患者様から採取した血液と調製したPRP は、患者様ご自身の治療のみ に使用します。ただし、症例検討や学会発表を目的として、血液やPRP の測定を行い、データを取得することがあります。 血液およびPRP は微量で全量を使用するため、保管はしません。治療 に用いない血液または",,
B,P00384,F0125,近畿,大阪府,医療法人誠幸会 わだ整形外科クリニック,医療法人誠幸会 わだ整形外科クリニック,医療法人誠幸会 わだ整形外科クリニック,第二種,変形性関節症及び関節腔を対象とした自家多血小板血漿注入療法,PRP,QC,1.0,https://saiseiiryo.mhlw.go.jp/published_plan/download/01E2301010/5/0,50000,税別,,,,5,4,"この治療は、健康保険が適用されない自由診療です。そのため、患者様の費用負担が 他の治療よりも高額になることがあります。Condensia による施術料は1 キットにつ き、50,000 円(税別)となります。 今回の療法での具体的な費用は、 キット × 50,000 円(税別) = 円(税別)",price candidates remain ambiguous,
B,P00384,F0125,近畿,大阪府,医療法人誠幸会 わだ整形外科クリニック,医療法人誠幸会 わだ整形外科クリニック,医療法人誠幸会 わだ整形外科クリニック,第二種,変形性関節症及び関節腔を対象とした自家多血小板血漿注入療法,PRP,QC,1.0,https://saiseiiryo.mhlw.go.jp/published_plan/download/01E2301010/5/0,50000,税別,,,,5,4,"き、50,000 円(税別)となります。 今回の療法での具体的な費用は、 キット × 50,000 円(税別) = 円(税別) ご負担いただきます。ご不明な点は医師・スタッフにお尋ねください。 9.健康被害が発生した際の処置と補償等について",price candidates remain ambiguous,
B,P00385,F0126,近畿,大阪府,医療法人讃高会 枚方東整形外科病院,医療法人讃高会 枚方東整形外科病院,医療法人讃高会 枚方東整形外科病院,第二種,変形性関節症に対する多血小板血漿（PRP）関節内投与療法,PRP,QC,1.0,https://saiseiiryo.mhlw.go.jp/published_plan/download/02E2507044/5/0,,,,,,,,,no price found after text/OCR pass,RuntimeError: Tesseract process timeout
B,P00386,F0130,近畿,大阪府,医療法人酒井会 さかいペインクリニック,医療法人酒井会 さかいペインクリニック,医療法人酒井会 さかいペインクリニック,第二種,自家多血小板血漿（PRP）を用いた慢性関節炎の治療（関節内組織）,PRP,AUTO,0.9838,https://saiseiiryo.mhlw.go.jp/published_plan/download/01E2403005/5/0,250000,税込,2 回分,,,9,,"ることはできませ ん。 (2) 本治療にかかる費用は、以下のとおりです。なお、費用は、治療に伴う診 査、PRP 調製のための採血にかかる費用、PRP 調製費用、注入にかかる費 用の総額となります。左右両側に投与する場合は、2 回分です。 PRP 1 回(1 部位) 250,000 円(税込) PRP 2 回分(2 部位同時) 300,000 円(税込) 11. 試料等の保存及び廃棄の方法 患者様から採取した血液と作製したPRP は、患者様ご自身の治療のみ に使用します。ただし、症例検討や学会発表を目的として、血液やPRP の測定を行い、データを取得することがあります。 血液およびPR",,
B,P00386,F0130,近畿,大阪府,医療法人酒井会 さかいペインクリニック,医療法人酒井会 さかいペインクリニック,医療法人酒井会 さかいペインクリニック,第二種,自家多血小板血漿（PRP）を用いた慢性関節炎の治療（関節内組織）,PRP,AUTO,0.9838,https://saiseiiryo.mhlw.go.jp/published_plan/download/01E2403005/5/0,300000,税込,2 回分,,,9,,"お、費用は、治療に伴う診 査、PRP 調製のための採血にかかる費用、PRP 調製費用、注入にかかる費 用の総額となります。左右両側に投与する場合は、2 回分です。 PRP 1 回(1 部位) 250,000 円(税込) PRP 2 回分(2 部位同時) 300,000 円(税込) 11. 試料等の保存及び廃棄の方法 患者様から採取した血液と作製したPRP は、患者様ご自身の治療のみ に使用します。ただし、症例検討や学会発表を目的として、血液やPRP の測定を行い、データを取得することがあります。 血液およびPRP は微量で全量を使用するため、保管はしません。治療 に用いない血液またはPRP",,
B,P00387,F0131,近畿,大阪府,医療法人錦秀会 インフュージョン（点滴）クリニック,医療法人錦秀会 インフュージョン（点滴）クリニック,医療法人錦秀会 インフュージョン（点滴）クリニック,第二種,自己脂肪由来間葉系幹細胞を用いた関節痛、変形性関節症治療,脂肪由来MSC,AUTO,1.0,https://saiseiiryo.mhlw.go.jp/published_plan/download/03E2604012/5/0,800000,税別,,,,12,6,きます。 実際に必要となる費用については今回の治療は 1 ヶ所80万円(税抜) 、投与日同日2 ヶ所 128万円(税抜)になります。 脂肪採取から1 年以内に再度本治療をご希望される場合、凍結された細胞を用いるので脂肪採 取をさせて頂く必要はございませんが、費用については、同額となります。,line-level strong price context,
B,P00387,F0131,近畿,大阪府,医療法人錦秀会 インフュージョン（点滴）クリニック,医療法人錦秀会 インフュージョン（点滴）クリニック,医療法人錦秀会 インフュージョン（点滴）クリニック,第二種,自己脂肪由来間葉系幹細胞を用いた関節痛、変形性関節症治療,脂肪由来MSC,AUTO,1.0,https://saiseiiryo.mhlw.go.jp/published_plan/download/03E2604012/5/0,1280000,税別,,,,12,6,きます。 実際に必要となる費用については今回の治療は 1 ヶ所80万円(税抜) 、投与日同日2 ヶ所 128万円(税抜)になります。 脂肪採取から1 年以内に再度本治療をご希望される場合、凍結された細胞を用いるので脂肪採 取をさせて頂く必要はございませんが、費用については、同額となります。,line-level strong price context,
B,P00388,F0132,近畿,大阪府,医療法人香華会 Re:Born Clinic 大阪院,医療法人香華会 Re:Born Clinic 大阪院,医療法人香華会 Re:Born Clinic 大阪院,第二種,自己脂肪由来幹細胞を用いた慢性疼痛の治療,脂肪由来幹細胞,QC,1.0,https://saiseiiryo.mhlw.go.jp/published_plan/download/02E2605005/5/0,,,,,,,,,no price found after text/OCR pass,RuntimeError: Tesseract process timeout
B,P00389,F0132,近畿,大阪府,医療法人香華会 Re:Born Clinic 大阪院,医療法人香華会 Re:Born Clinic 大阪院,医療法人香華会 Re:Born Clinic 大阪院,第二種,自己脂肪由来幹細胞を用いた変形性関節症の治療,脂肪由来幹細胞,QC,1.0,https://saiseiiryo.mhlw.go.jp/published_plan/download/02E2605006/5/0,,,,,,,,,no price found after text/OCR pass,RuntimeError: Tesseract process timeout
B,P00390,F0132,近畿,大阪府,医療法人香華会 Re:Born Clinic 大阪院,医療法人香華会 Re:Born Clinic 大阪院,医療法人香華会 Re:Born Clinic 大阪院,第二種,多血小板血漿を用いた変形性関節症の治療,PRP,QC,1.0,https://saiseiiryo.mhlw.go.jp/published_plan/download/02E2605014/5/0,,,,,,,,,no price found after text/OCR pass,RuntimeError: Tesseract process timeout
B,P00391,F0132,近畿,大阪府,医療法人香華会 Re:Born Clinic 大阪院,医療法人香華会 Re:Born Clinic 大阪院,医療法人香華会 Re:Born Clinic 大阪院,第二種,自己脂肪由来幹細胞と自己培養上清液を用いた変形性関節症の治療,脂肪由来幹細胞,QC,1.0,https://saiseiiryo.mhlw.go.jp/published_plan/download/02E2605018/5/0,,,,,,,,,no price found after text/OCR pass,Document fetched but no price candidate
B,P00393,F0133,近畿,大阪府,医療法人高遼会 高遼会病院,医療法人高遼会 高遼会病院,医療法人高遼会 高遼会病院,第二種,自己脂肪組織由来幹細胞（ASCs）を用いた変形性関節症の治療,脂肪由来ASC,QC,1.0,https://saiseiiryo.mhlw.go.jp/published_plan/download/01E2407007/5/0,,,,,,,,,no price found after text/OCR pass,Document fetched but no price candidate
B,P00394,F0109,近畿,大阪府,寛友会クリニック,寛友会クリニック,寛友会クリニック,第二種,自己脂肪由来間葉系幹細胞を用いた変形性関節症治療,脂肪由来MSC,AUTO,1.0,https://saiseiiryo.mhlw.go.jp/published_plan/download/01E2411016/5/0,1100000,税込,,,,11,6,本治療は保険適用外であるため、治療にかかる費用全額をご自分でご負担いただきます。その 他、本治療を受けるために必要となった旅費、交通費などの全ての費用もご自分でご負担いただ きます。実際に必要となる費用については今回の治療は110 万円(税込)となります。 なお、脂肪の採取後や、細胞加工物の製造開始後に同意を撤回された場合など、同意を撤回さ れる時点までに費用が発生している場合は、発生した費用についてはあなたにご負担いただきま,line-level strong price context,
B,P00395,F0110,近畿,大阪府,市立ひらかた病院,市立ひらかた病院,市立ひらかた病院,第二種,多血小板血漿抽出液による関節症治療,PRP/APS,AUTO,1.0,https://saiseiiryo.mhlw.go.jp/published_plan/download/03E2605002/5/0,110000,税込,,APS,Zimmer Biomet,8,,")へと報告して対応させていただきます。 窓口部署:医事課 連絡先:072-847-2821 14.費用について 細胞の提供に際して費用は発生しません。 治療の提供に際しては、本治療は公的保険の対象ではありませんので、当院所定の施術料として以下の費 用をお支払いいただきます。 PRP:110,000円(税込) APS:330,000円(税込) ※患者様の症状、その他の事情等により治療費が変動する場合があります。 なお、細胞の採取後や加工後に同意を撤回された場合など、同意を撤回される時点までに費用が発生してい る場合は、発生した費用については患者様にご負担いただきますのでご了承ください。 15.他の治療法の有無、本治療法と",,
B,P00395,F0110,近畿,大阪府,市立ひらかた病院,市立ひらかた病院,市立ひらかた病院,第二種,多血小板血漿抽出液による関節症治療,PRP/APS,AUTO,1.0,https://saiseiiryo.mhlw.go.jp/published_plan/download/03E2605002/5/0,330000,税込,,APS,Zimmer Biomet,8,,"。 窓口部署:医事課 連絡先:072-847-2821 14.費用について 細胞の提供に際して費用は発生しません。 治療の提供に際しては、本治療は公的保険の対象ではありませんので、当院所定の施術料として以下の費 用をお支払いいただきます。 PRP:110,000円(税込) APS:330,000円(税込) ※患者様の症状、その他の事情等により治療費が変動する場合があります。 なお、細胞の採取後や加工後に同意を撤回された場合など、同意を撤回される時点までに費用が発生してい る場合は、発生した費用については患者様にご負担いただきますのでご了承ください。 15.他の治療法の有無、本治療法との比較について 変形性関節症をはじ",,
B,P00396,F0111,近畿,大阪府,市立岸和田市民病院,市立岸和田市民病院,市立岸和田市民病院,第二種,多血小板血漿（PRP）を用いた変形性関節症治療,PRP,AUTO,0.952,https://saiseiiryo.mhlw.go.jp/published_plan/download/02E2508001/5/0,110000,税込,,,,8,,"定性 PRP は患者様自身の血液から製造するため、品質が ばらつく可能性がある。 医薬品として承認されて おり、品質は安定している アレルギーの 可能性 自家移植のため、極めて低い。 品質管理された安全性の 高いものだが、アレルギー 反応などの可能性を完全 には否定できない。 費用 110,000 円(税込) 330,000 円(税込) 保険適用:2000 円前後/回 (膝関節内投与の場合) 治療の効果とメリットについて ・患者様ご自身の血液を用いる為、感染やアレルギー反応などの副作用のリスクが極めて少ない治 療法です。 ・自己血液から簡便に調整ができ、日帰りで",,
B,P00396,F0111,近畿,大阪府,市立岸和田市民病院,市立岸和田市民病院,市立岸和田市民病院,第二種,多血小板血漿（PRP）を用いた変形性関節症治療,PRP,AUTO,0.952,https://saiseiiryo.mhlw.go.jp/published_plan/download/02E2508001/5/0,110000,税込,,APS|GPS,Zimmer Biomet,8,,"定できる内容が使われることはありません。 治療にかかる費用について この治療は公的保険の対象ではありませんので、当院の所定の施術料をお支払いいただきます。 ・治療費: APSキット 330,000円(税込) GPSIIIキット 110,000円(税込) 症状などにより治療費は変動する可能性がございます。 詳細やご不明な点は医師またはスタッフにお尋ね下さい。 施術後、患者様の個人的な事情及び金銭等に関する問題に関しては一切の責を負いかねますのでご 了承ください。 本治療の実施体制 本治療は、以下",,
B,P00396,F0111,近畿,大阪府,市立岸和田市民病院,市立岸和田市民病院,市立岸和田市民病院,第二種,多血小板血漿（PRP）を用いた変形性関節症治療,PRP,AUTO,0.952,https://saiseiiryo.mhlw.go.jp/published_plan/download/02E2508001/5/0,330000,税込,,APS|GPS,Zimmer Biomet,8,,"公表する可能性がありますが、規程に基づき患者様個人 を特定できる内容が使われることはありません。 治療にかかる費用について この治療は公的保険の対象ではありませんので、当院の所定の施術料をお支払いいただきます。 ・治療費: APSキット 330,000円(税込) GPSIIIキット 110,000円(税込) 症状などにより治療費は変動する可能性がございます。 詳細やご不明な点は医師またはスタッフにお尋ね下さい。 施術後、患者様の個人的な事情及び金銭等に関する問題に関しては一切の責を負いかねますのでご 了承ください。 本治療の実施体制",,
B,P00396,F0111,近畿,大阪府,市立岸和田市民病院,市立岸和田市民病院,市立岸和田市民病院,第二種,多血小板血漿（PRP）を用いた変形性関節症治療,PRP,AUTO,0.952,https://saiseiiryo.mhlw.go.jp/published_plan/download/02E2508001/5/0,2000,税込,,,,6,,"能性がある。 医薬品として承認されて おり、品質は安定している アレルギーの 可能性 自家移植のため、極めて低い。 品質管理された安全性の 高いものだが、アレルギー 反応などの可能性を完全 には否定できない。 費用 110,000 円(税込) 330,000 円(税込) 保険適用:2000 円前後/回 (膝関節内投与の場合) 治療の効果とメリットについて ・患者様ご自身の血液を用いる為、感染やアレルギー反応などの副作用のリスクが極めて少ない治 療法です。 ・自己血液から簡便に調整ができ、日帰りでの処置が可能です。 ・採血と注射で完了する治療なので、年齢の上",,
B,P00396,F0111,近畿,大阪府,市立岸和田市民病院,市立岸和田市民病院,市立岸和田市民病院,第二種,多血小板血漿（PRP）を用いた変形性関節症治療,PRP,AUTO,0.952,https://saiseiiryo.mhlw.go.jp/published_plan/download/02E2508001/5/0,330000,税込,,,,6,,"血液から製造するため、品質が ばらつく可能性がある。 医薬品として承認されて おり、品質は安定している アレルギーの 可能性 自家移植のため、極めて低い。 品質管理された安全性の 高いものだが、アレルギー 反応などの可能性を完全 には否定できない。 費用 110,000 円(税込) 330,000 円(税込) 保険適用:2000 円前後/回 (膝関節内投与の場合) 治療の効果とメリットについて ・患者様ご自身の血液を用いる為、感染やアレルギー反応などの副作用のリスクが極めて少ない治 療法です。 ・自己血液から簡便に調整ができ、日帰りでの処置が可能です。 ・採血と",,
B,P00397,F0112,近畿,大阪府,慈恵医院,慈恵医院,慈恵医院,第二種,自己脂肪由来幹細胞を用いた慢性疼痛の治療,脂肪由来幹細胞,AUTO,1.0,https://saiseiiryo.mhlw.go.jp/published_plan/download/03E2406027/5/0,3600000,税込,,,,8,,"せていただきます。 再生医療事務局 電話番号:06-6696-5106 12.費用について 本治療は保険適用外であるため、治療にかかる費用全額をご自分で ご負担いただきます。その他、本治療を受けるために必要となった 旅費、交通費などの全ての費用もご自分でご負担いただきます。 本治療にかかる費用は¥3,600,000円(税込)となっております。 なお、脂肪の採取後や、細胞加工物の製造後に同意を撤回された場 合など、同意を撤回さ れる時点までに費用が発生している場合は、発生した費用について はあなたにご負担いただきますのでご了承ください。 13.他の治療法の有無、本治療法との比較について 他の治療法としては、薬物療法(飲み薬、湿布、トリガーポイント 注射",,
B,P00398,F0112,近畿,大阪府,慈恵医院,慈恵医院,慈恵医院,第二種,自己脂肪由来幹細胞を用いた変形性関節症の治療,脂肪由来幹細胞,AUTO,1.0,https://saiseiiryo.mhlw.go.jp/published_plan/download/02E2507037/5/0,2500000,不明,1回(1関節),,,10,3,14.費用について 細胞の提供に際して費用は発生しません。 治療の提供に際しては、本治療は公的保険の対象ではありませんので、当院所定の施術料として250万円(税 込)/1回(1関節)をお支払いいただきます。 ※患者様の症状、その他の事情等により治療費が変動する場合があります。,line-level strong price context,
B,P00399,F0112,近畿,大阪府,慈恵医院,慈恵医院,慈恵医院,第二種,膝関節症に対する自己脂肪由来幹細胞による治療,脂肪由来幹細胞,QC,1.0,https://saiseiiryo.mhlw.go.jp/published_plan/download/01E2604008/5/0,3300000,税込,1 回,,,4,4,本治療は保険適用外であるため、治療にかかる費用全額をご自分でご負担いただきます。本治 療にかかる費用は以下のとおりとなっております(全て税込)。 330万円/1 回、880万円/3回 ※症状等の事情により金額は前後する可能性があります。 なお、細胞加工物の製造開始後に同意を撤回された場合は、発生した製造委託料(60 万円)の実,price candidates remain ambiguous,
B,P00399,F0112,近畿,大阪府,慈恵医院,慈恵医院,慈恵医院,第二種,膝関節症に対する自己脂肪由来幹細胞による治療,脂肪由来幹細胞,QC,1.0,https://saiseiiryo.mhlw.go.jp/published_plan/download/01E2604008/5/0,8800000,税込,1 回,,,4,4,本治療は保険適用外であるため、治療にかかる費用全額をご自分でご負担いただきます。本治 療にかかる費用は以下のとおりとなっております(全て税込)。 330万円/1 回、880万円/3回 ※症状等の事情により金額は前後する可能性があります。 なお、細胞加工物の製造開始後に同意を撤回された場合は、発生した製造委託料(60 万円)の実,price candidates remain ambiguous,
B,P00399,F0112,近畿,大阪府,慈恵医院,慈恵医院,慈恵医院,第二種,膝関節症に対する自己脂肪由来幹細胞による治療,脂肪由来幹細胞,QC,1.0,https://saiseiiryo.mhlw.go.jp/published_plan/download/01E2604008/5/0,600000,不明,1 回,,,0,4,330万円/1 回、880万円/3回 ※症状等の事情により金額は前後する可能性があります。 なお、細胞加工物の製造開始後に同意を撤回された場合は、発生した製造委託料(60 万円)の実 費はあなたにご負担いただきますのでご了承ください。 また、本治療は必ず効果が得られるものではなく、効果が得られなかった場合でも返金はできま,price candidates remain ambiguous,
B,P00400,F0113,近畿,大阪府,枚方市駅前やました整形外科リハビリテーションクリニック,枚方市駅前やました整形外科リハビリテーションクリニック,枚方市駅前やました整形外科リハビリテーションクリニック,第二種,自家多血小板血漿（PRP）を用いた慢性関節炎の治療（関節内組織）,PRP,AUTO,0.9838,https://saiseiiryo.mhlw.go.jp/published_plan/download/01E2508021/5/0,55000,税別,,ACP MAX|ACP,Arthrex,8,,"本治療にかかる費用は、以下のとおりです。なお、費用に含まれるのは、治療に伴う 診査、自家PRP 調製のための採血にかかる費用、自家PRP 調製費用、注入にかかる 費用であり、以下が費用の総額となります。 治療の種類 平均的な血小板注入量 費用(税別) ACP-PRP 20 億個 55,000 円 HD-PRP(ACP MAX の場合) 90 億個 185,000 円 • 治療終了後も定期的な受診が必要です。 11.試料等の保存及び廃棄の方法 患者様から採取した血液と作製したPRP は、患者様ご自身の治療のみに使用しま す。ただし、症例検討や学会発表を目的として、血液やPRP の測定を行い、データ",,
B,P00400,F0113,近畿,大阪府,枚方市駅前やました整形外科リハビリテーションクリニック,枚方市駅前やました整形外科リハビリテーションクリニック,枚方市駅前やました整形外科リハビリテーションクリニック,第二種,自家多血小板血漿（PRP）を用いた慢性関節炎の治療（関節内組織）,PRP,AUTO,0.9838,https://saiseiiryo.mhlw.go.jp/published_plan/download/01E2508021/5/0,185000,税別,,ACP MAX|ACP,Arthrex,8,,"う 診査、自家PRP 調製のための採血にかかる費用、自家PRP 調製費用、注入にかかる 費用であり、以下が費用の総額となります。 治療の種類 平均的な血小板注入量 費用(税別) ACP-PRP 20 億個 55,000 円 HD-PRP(ACP MAX の場合) 90 億個 185,000 円 • 治療終了後も定期的な受診が必要です。 11.試料等の保存及び廃棄の方法 患者様から採取した血液と作製したPRP は、患者様ご自身の治療のみに使用しま す。ただし、症例検討や学会発表を目的として、血液やPRP の測定を行い、データ を取得することがあります。 血液およびPRP は微量で全量を使用するため、保管",,
B,P00401,F0114,近畿,大阪府,桃谷うすい整形外科,桃谷うすい整形外科,桃谷うすい整形外科,第二種,変形性関節症に対する多血小板血漿（PRP）関節内投与療法,PRP,AUTO,1.0,https://saiseiiryo.mhlw.go.jp/published_plan/download/01E2402008/5/0,55000,不明,,,,7,3,"14.費用について 細胞の提供に際して費用は発生しません。 治療の提供に際しては、本治療は公的保険の対象ではありませんので、当院所定の施術料として55,000円を お支払いいただきます。 ※患者様の症状、その他の事情等により治療費が変動する場合があります。",line-level medium price context,
B,P00402,F0115,近畿,大阪府,桜橋渡辺未来医療病院,桜橋渡辺未来医療病院,桜橋渡辺未来医療病院,第二種,自己脂肪由来幹細胞を用いた変形性関節症の治療,脂肪由来幹細胞,AUTO,1.0,https://saiseiiryo.mhlw.go.jp/published_plan/download/01E2506009/5/0,1000000,不明,,,,8,6,"・キャンセルポリシー 脂肪採取予約確定後のキャンセル 500,000円 脂肪採取当日採取前 1,000,000円 脂肪採取後 総治療費全額 12)健康被害と補償について",line-level medium price context,
B,P00403,F0116,近畿,大阪府,森ノ宮医療大学附属 大阪ベイクリニック,森ノ宮医療大学附属 大阪ベイクリニック,森ノ宮医療大学附属 大阪ベイクリニック,第二種,多血小板血漿抽出液による関節症治療,PRP/APS,QC,1.0,https://saiseiiryo.mhlw.go.jp/published_plan/download/02E2509008/5/0,,,,,,,,,no price found after text/OCR pass,Document fetched but no price candidate
B,P00404,F0118,近畿,大阪府,社会医療法人 信愛会 畷生会脳神経外科病院,社会医療法人 信愛会 畷生会脳神経外科病院,社会医療法人 信愛会 畷生会脳神経外科病院,第二種,多血小板血漿（PRP）の投与による変形性関節症治療,PRP,AUTO,1.0,https://saiseiiryo.mhlw.go.jp/published_plan/download/03E2408006/5/0,372000,不明,1回,APS,Zimmer Biomet,8,,"性を完全 には否定できない 品質管理された安全性の高いものだが、アレルギー反応などの可能 性を完全には否定できない 11. 治療にかかる費用について この治療は公的保険の対象ではありませんので、当院の所定の施術 料をお支払いいただきます。 ・濃縮PRPを用いた治療(APSキット使用)における施術料 372,000 円 ご不明な点は医師・スタッフにお尋ねください。なお1回の施術あ たりの費用は、患部の状態を確認した医師の判断、PRPの遠心回数 等により変更となる場合がございます。 12. その他治療についての注意事 項 患者様の体調が良くない場合や、採取した血液の状態によっては、 PRP",,
B,P00405,F0117,近畿,大阪府,社会医療法人 ONE FLAG おおさかグローバル整形外科病院,社会医療法人 ONE FLAG おおさかグローバル整形外科病院,社会医療法人 ONE FLAG おおさかグローバル整形外科病院,第二種,多血小板血漿（PRP）を用いた変形性関節症治療,PRP,AUTO,0.952,https://saiseiiryo.mhlw.go.jp/published_plan/download/03E2502007/5/0,35000,税別,,,,8,,"性 PRP は患者様自身の血液から製造するため、品質が ばらつく可能性がある。 医薬品として承認されて おり、品質は安定してい る アレルギーの 可能性 自家移植のため、極めて低い。 品質管理された安全性の 高いものだが、アレルギ ー反応などの可能性を完 全には否定できない。 費用 35,000 円(税抜) 300,000 円(税抜) 保険適用:2000 円前後/回 (膝関節内投与の場合) 詳細やご不明な点は医師・スタッフまでお気軽にお尋ねください。 施術後、患者様の個人的な事情及び金銭等に関する問題に関しては一切の責を負いかねますのでご 了承ください。 その他治療についての注意事項",,
B,P00405,F0117,近畿,大阪府,社会医療法人 ONE FLAG おおさかグローバル整形外科病院,社会医療法人 ONE FLAG おおさかグローバル整形外科病院,社会医療法人 ONE FLAG おおさかグローバル整形外科病院,第二種,多血小板血漿（PRP）を用いた変形性関節症治療,PRP,AUTO,0.952,https://saiseiiryo.mhlw.go.jp/published_plan/download/03E2502007/5/0,2000,税別,,,,6,,"能性がある。 医薬品として承認されて おり、品質は安定してい る アレルギーの 可能性 自家移植のため、極めて低い。 品質管理された安全性の 高いものだが、アレルギ ー反応などの可能性を完 全には否定できない。 費用 35,000 円(税抜) 300,000 円(税抜) 保険適用:2000 円前後/回 (膝関節内投与の場合) 詳細やご不明な点は医師・スタッフまでお気軽にお尋ねください。 施術後、患者様の個人的な事情及び金銭等に関する問題に関しては一切の責を負いかねますのでご 了承ください。 その他治療についての注意事項 患者様の体調が良くない場合や、採取した血液",,
B,P00405,F0117,近畿,大阪府,社会医療法人 ONE FLAG おおさかグローバル整形外科病院,社会医療法人 ONE FLAG おおさかグローバル整形外科病院,社会医療法人 ONE FLAG おおさかグローバル整形外科病院,第二種,多血小板血漿（PRP）を用いた変形性関節症治療,PRP,AUTO,0.952,https://saiseiiryo.mhlw.go.jp/published_plan/download/03E2502007/5/0,300000,税別,,,,6,,"血液から製造するため、品質が ばらつく可能性がある。 医薬品として承認されて おり、品質は安定してい る アレルギーの 可能性 自家移植のため、極めて低い。 品質管理された安全性の 高いものだが、アレルギ ー反応などの可能性を完 全には否定できない。 費用 35,000 円(税抜) 300,000 円(税抜) 保険適用:2000 円前後/回 (膝関節内投与の場合) 詳細やご不明な点は医師・スタッフまでお気軽にお尋ねください。 施術後、患者様の個人的な事情及び金銭等に関する問題に関しては一切の責を負いかねますのでご 了承ください。 その他治療についての注意事項 患者様の",,
B,P00406,F0119,近畿,大阪府,社会医療法人啓仁会 堺咲花病院,社会医療法人啓仁会 堺咲花病院,社会医療法人啓仁会 堺咲花病院,第二種,多血小板血漿（PRP）を用いた変形性関節症の疼痛緩和,PRP,AUTO,1.0,https://saiseiiryo.mhlw.go.jp/published_plan/download/02E2207015/5/0,150000,不明,1回,APS,Zimmer Biomet,8,,"既往歴を有する 11 その他、担当医が不適当と判断した場合 治療にかかる費用について この治療は公的保険の対象ではありませんので、当施設にて施術料 をお支払いいただきます。また同意を撤回された場合でも、採血ま で終えていた場合は、治療にかかる費用(下記)をご負担いただき ます。 ・PRP療法 1回 150,000円 ・APS療法 1回 300,000円 ※患者様の症状により施術料が変わる場合は別途、ご説明いたしま す。 その他治療についての注意事 項 患者さんの体調が良くない場合や、採取した血液の状態によって は、PRPを分離できないことがあります。 その際には、再度採血をさせてい",,
B,P00406,F0119,近畿,大阪府,社会医療法人啓仁会 堺咲花病院,社会医療法人啓仁会 堺咲花病院,社会医療法人啓仁会 堺咲花病院,第二種,多血小板血漿（PRP）を用いた変形性関節症の疼痛緩和,PRP,AUTO,1.0,https://saiseiiryo.mhlw.go.jp/published_plan/download/02E2207015/5/0,300000,不明,1回,APS,Zimmer Biomet,8,,"不適当と判断した場合 治療にかかる費用について この治療は公的保険の対象ではありませんので、当施設にて施術料 をお支払いいただきます。また同意を撤回された場合でも、採血ま で終えていた場合は、治療にかかる費用(下記)をご負担いただき ます。 ・PRP療法 1回 150,000円 ・APS療法 1回 300,000円 ※患者様の症状により施術料が変わる場合は別途、ご説明いたしま す。 その他治療についての注意事 項 患者さんの体調が良くない場合や、採取した血液の状態によって は、PRPを分離できないことがあります。 その際には、再度採血をさせていただく場合があります。また、 PRPを",,
B,P00406,F0119,近畿,大阪府,社会医療法人啓仁会 堺咲花病院,社会医療法人啓仁会 堺咲花病院,社会医療法人啓仁会 堺咲花病院,第二種,多血小板血漿（PRP）を用いた変形性関節症の疼痛緩和,PRP,AUTO,1.0,https://saiseiiryo.mhlw.go.jp/published_plan/download/02E2207015/5/0,150000,不明,,APS,Zimmer Biomet,7,,本先進医療医師会 〒108-0075 東京都港区港南2-3-1 大信秋山ビル4F TEL: 03-6433-0845 治療を受けることに対して同意した場合であっても、採血前であれ ば、いつでも治療を中止することができます。 ただし、採血後に中止を希望される場合は治療にかかる費用全額 (PRP療法: 15万円、APS療法: 30万円)をご負担いただきます。 患者さまには治療に関する情報の詳細を知る権利があります。ご不 明な点がありましたら遠慮なくお尋ねください。 PRP*療法とは PRP療法とは自分の血液中に含まれる血小板の成長因子が持つ組織 修復能力を利用し、私たちに本来備わっている「治る力」を高める 再生医療です。血小板は一般的にケガなど,,
B,P00406,F0119,近畿,大阪府,社会医療法人啓仁会 堺咲花病院,社会医療法人啓仁会 堺咲花病院,社会医療法人啓仁会 堺咲花病院,第二種,多血小板血漿（PRP）を用いた変形性関節症の疼痛緩和,PRP,AUTO,1.0,https://saiseiiryo.mhlw.go.jp/published_plan/download/02E2207015/5/0,300000,不明,,APS,Zimmer Biomet,7,,8-0075 東京都港区港南2-3-1 大信秋山ビル4F TEL: 03-6433-0845 治療を受けることに対して同意した場合であっても、採血前であれ ば、いつでも治療を中止することができます。 ただし、採血後に中止を希望される場合は治療にかかる費用全額 (PRP療法: 15万円、APS療法: 30万円)をご負担いただきます。 患者さまには治療に関する情報の詳細を知る権利があります。ご不 明な点がありましたら遠慮なくお尋ねください。 PRP*療法とは PRP療法とは自分の血液中に含まれる血小板の成長因子が持つ組織 修復能力を利用し、私たちに本来備わっている「治る力」を高める 再生医療です。血小板は一般的にケガなどで出血した時に傷ついた,,
B,P00407,F0120,近畿,大阪府,社会医療法人報恩会 長吉総合病院,社会医療法人報恩会 長吉総合病院,社会医療法人報恩会 長吉総合病院,第二種,自家多血小板血漿（PRP）を用いた慢性関節炎の治療（関節内組織）,PRP,AUTO,0.9838,https://saiseiiryo.mhlw.go.jp/published_plan/download/03E2603010/5/0,55000,税込,2 回分,,,9,,"とはできませ ん。 6 (2) 本治療にかかる費用は、以下のとおりです。なお、費用は、治療に伴う診 査、PRP 調製のための採血にかかる費用、PRP 調製費用、注入にかかる費 用の総額となります。左右両側に投与する場合は、2 回分です。 PRP 1 回(1 部位) 55,000 円(税込) 11. 試料等の保存及び廃棄の方法 患者様から採取した血液と作製したPRP は、患者様ご自身の治療のみ に使用します。ただし、症例検討や学会発表を目的として、血液やPRP の測定を行い、データを取得することがあります。 血液およびPRP は微量で全量を使用するため、保管はしません。治療 に用いない血液またはPRP",,
B,P00408,F0121,近畿,大阪府,社会医療法人寿会 富永病院,社会医療法人寿会 富永病院,社会医療法人寿会 富永病院,第二種,自家脂肪組織由来の培養間葉系幹細胞を用いた関節疾患の治療,脂肪由来MSC,AUTO,1.0,https://saiseiiryo.mhlw.go.jp/published_plan/download/02E2504001/5/0,628000,税込,1 回,,,7,,"等の提供に係る費用について 本治療に係る費用は健康保険の適用がございません。治療にかかる費用全額を患者様ご自身でご 負担いただきます。 実際に必要となる費用は以下の通りです。 投与細胞数 治療費用(税込) 1 約3,000 万個×1 回分 628,000 円 2 約5,000 万個×1 回分 698,000 円 3 約1 億個×1 回分 980,000 円 4 約3,000 万個×3 回分 980,000 円 なお、脂肪組織の採取の施術開始後や細胞加工の開始後、あるいは3 回投与の場合に1 回目投 与の後や2 回目投与の後に同意を撤回された場合など、それま",,
B,P00408,F0121,近畿,大阪府,社会医療法人寿会 富永病院,社会医療法人寿会 富永病院,社会医療法人寿会 富永病院,第二種,自家脂肪組織由来の培養間葉系幹細胞を用いた関節疾患の治療,脂肪由来MSC,AUTO,1.0,https://saiseiiryo.mhlw.go.jp/published_plan/download/02E2504001/5/0,698000,税込,1 回,,,7,,"がございません。治療にかかる費用全額を患者様ご自身でご 負担いただきます。 実際に必要となる費用は以下の通りです。 投与細胞数 治療費用(税込) 1 約3,000 万個×1 回分 628,000 円 2 約5,000 万個×1 回分 698,000 円 3 約1 億個×1 回分 980,000 円 4 約3,000 万個×3 回分 980,000 円 なお、脂肪組織の採取の施術開始後や細胞加工の開始後、あるいは3 回投与の場合に1 回目投 与の後や2 回目投与の後に同意を撤回された場合など、それまでに費用が発生している場合は、 以下の通り、患者様ご自身にご負",,
B,P00408,F0121,近畿,大阪府,社会医療法人寿会 富永病院,社会医療法人寿会 富永病院,社会医療法人寿会 富永病院,第二種,自家脂肪組織由来の培養間葉系幹細胞を用いた関節疾患の治療,脂肪由来MSC,AUTO,1.0,https://saiseiiryo.mhlw.go.jp/published_plan/download/02E2504001/5/0,980000,税込,1 回,,,7,,"いただきます。 実際に必要となる費用は以下の通りです。 投与細胞数 治療費用(税込) 1 約3,000 万個×1 回分 628,000 円 2 約5,000 万個×1 回分 698,000 円 3 約1 億個×1 回分 980,000 円 4 約3,000 万個×3 回分 980,000 円 なお、脂肪組織の採取の施術開始後や細胞加工の開始後、あるいは3 回投与の場合に1 回目投 与の後や2 回目投与の後に同意を撤回された場合など、それまでに費用が発生している場合は、 以下の通り、患者様ご自身にご負担いただきますのでご了承ください。 同意撤回の時期 キャ",,
B,P00408,F0121,近畿,大阪府,社会医療法人寿会 富永病院,社会医療法人寿会 富永病院,社会医療法人寿会 富永病院,第二種,自家脂肪組織由来の培養間葉系幹細胞を用いた関節疾患の治療,脂肪由来MSC,AUTO,1.0,https://saiseiiryo.mhlw.go.jp/published_plan/download/02E2504001/5/0,5500,税込,3 回,,,0,,"胞加工の開始後、あるいは3 回投与の場合に1 回目投 与の後や2 回目投与の後に同意を撤回された場合など、それまでに費用が発生している場合は、 以下の通り、患者様ご自身にご負担いただきますのでご了承ください。 同意撤回の時期 キャンセル費用(税込) 1 2 3 4 脂肪組織採取前 5,500 円 脂肪組織採取後~細胞加工開始前 55,000 円 細胞加工開始後~細胞投与前 530,000 円 590,000 円 830,000 円 細胞投与後 治療費用全額をお支払いいただきます 13. 細胞提供者及び再生医療等を受ける者に対する健康被害の補償の方法 健康被害が発生した場合は、適切な医療を提供するほか、補償",,
B,P00408,F0121,近畿,大阪府,社会医療法人寿会 富永病院,社会医療法人寿会 富永病院,社会医療法人寿会 富永病院,第二種,自家脂肪組織由来の培養間葉系幹細胞を用いた関節疾患の治療,脂肪由来MSC,AUTO,1.0,https://saiseiiryo.mhlw.go.jp/published_plan/download/02E2504001/5/0,55000,税込,2 回,,,0,,"与の後や2 回目投与の後に同意を撤回された場合など、それまでに費用が発生している場合は、 以下の通り、患者様ご自身にご負担いただきますのでご了承ください。 同意撤回の時期 キャンセル費用(税込) 1 2 3 4 脂肪組織採取前 5,500 円 脂肪組織採取後~細胞加工開始前 55,000 円 細胞加工開始後~細胞投与前 530,000 円 590,000 円 830,000 円 細胞投与後 治療費用全額をお支払いいただきます 13. 細胞提供者及び再生医療等を受ける者に対する健康被害の補償の方法 健康被害が発生した場合は、適切な医療を提供するほか、補償については協議に応じます。また、 万が一に備え、日本整",,
B,P00408,F0121,近畿,大阪府,社会医療法人寿会 富永病院,社会医療法人寿会 富永病院,社会医療法人寿会 富永病院,第二種,自家脂肪組織由来の培養間葉系幹細胞を用いた関節疾患の治療,脂肪由来MSC,AUTO,1.0,https://saiseiiryo.mhlw.go.jp/published_plan/download/02E2504001/5/0,530000,税込,,,,0,,"ど、それまでに費用が発生している場合は、 以下の通り、患者様ご自身にご負担いただきますのでご了承ください。 同意撤回の時期 キャンセル費用(税込) 1 2 3 4 脂肪組織採取前 5,500 円 脂肪組織採取後~細胞加工開始前 55,000 円 細胞加工開始後~細胞投与前 530,000 円 590,000 円 830,000 円 細胞投与後 治療費用全額をお支払いいただきます 13. 細胞提供者及び再生医療等を受ける者に対する健康被害の補償の方法 健康被害が発生した場合は、適切な医療を提供するほか、補償については協議に応じます。また、 万が一に備え、日本整形外科学会会員専用の勤務医師賠償責任保険に加入してい",,
B,P00408,F0121,近畿,大阪府,社会医療法人寿会 富永病院,社会医療法人寿会 富永病院,社会医療法人寿会 富永病院,第二種,自家脂肪組織由来の培養間葉系幹細胞を用いた関節疾患の治療,脂肪由来MSC,AUTO,1.0,https://saiseiiryo.mhlw.go.jp/published_plan/download/02E2504001/5/0,590000,税込,,,,0,,"生している場合は、 以下の通り、患者様ご自身にご負担いただきますのでご了承ください。 同意撤回の時期 キャンセル費用(税込) 1 2 3 4 脂肪組織採取前 5,500 円 脂肪組織採取後~細胞加工開始前 55,000 円 細胞加工開始後~細胞投与前 530,000 円 590,000 円 830,000 円 細胞投与後 治療費用全額をお支払いいただきます 13. 細胞提供者及び再生医療等を受ける者に対する健康被害の補償の方法 健康被害が発生した場合は、適切な医療を提供するほか、補償については協議に応じます。また、 万が一に備え、日本整形外科学会会員専用の勤務医師賠償責任保険に加入しています。健康被 害が発生",,
B,P00408,F0121,近畿,大阪府,社会医療法人寿会 富永病院,社会医療法人寿会 富永病院,社会医療法人寿会 富永病院,第二種,自家脂肪組織由来の培養間葉系幹細胞を用いた関節疾患の治療,脂肪由来MSC,AUTO,1.0,https://saiseiiryo.mhlw.go.jp/published_plan/download/02E2504001/5/0,830000,税込,,,,0,,"下の通り、患者様ご自身にご負担いただきますのでご了承ください。 同意撤回の時期 キャンセル費用(税込) 1 2 3 4 脂肪組織採取前 5,500 円 脂肪組織採取後~細胞加工開始前 55,000 円 細胞加工開始後~細胞投与前 530,000 円 590,000 円 830,000 円 細胞投与後 治療費用全額をお支払いいただきます 13. 細胞提供者及び再生医療等を受ける者に対する健康被害の補償の方法 健康被害が発生した場合は、適切な医療を提供するほか、補償については協議に応じます。また、 万が一に備え、日本整形外科学会会員専用の勤務医師賠償責任保険に加入しています。健康被 害が発生した際は、病院の相談窓",,
B,P00409,F0121,近畿,大阪府,社会医療法人寿会 富永病院,社会医療法人寿会 富永病院,社会医療法人寿会 富永病院,第二種,自家多血小板血漿（PRP）を用いた関節症の治療（関節内組織）,PRP,AUTO,0.976,https://saiseiiryo.mhlw.go.jp/published_plan/download/02E2604016/5/0,44000,税込,2 回分,ACP|APS,Arthrex|Zimmer Biomet,9,,"本治療にかかる費用は、以下のとおりです。なお、費用は、治療に伴う診査、 PRP 調製のための採血にかかる費用、PRP 調製費用、注入にかかる費用の総 額となります。左右両側に投与する場合は、2 回分です。 PRP・1 回(1 部位)あたり ACP(15mL 採血) 44,000 円(税込) APS(55mL 採血) 330,000 円(税込) 11. 試料等の保存及び廃棄の方法 患者様から採取した血液と作製したPRP は、患者様ご自身の治療のみに 使用します。ただし、症例検討や学会発表を目的として、血液やPRP の測 定を行い、データを取得することがあります。 血液およびPR",,
B,P00409,F0121,近畿,大阪府,社会医療法人寿会 富永病院,社会医療法人寿会 富永病院,社会医療法人寿会 富永病院,第二種,自家多血小板血漿（PRP）を用いた関節症の治療（関節内組織）,PRP,AUTO,0.976,https://saiseiiryo.mhlw.go.jp/published_plan/download/02E2604016/5/0,330000,税込,2 回分,ACP|APS,Arthrex|Zimmer Biomet,9,,"RP 調製のための採血にかかる費用、PRP 調製費用、注入にかかる費用の総 額となります。左右両側に投与する場合は、2 回分です。 PRP・1 回(1 部位)あたり ACP(15mL 採血) 44,000 円(税込) APS(55mL 採血) 330,000 円(税込) 11. 試料等の保存及び廃棄の方法 患者様から採取した血液と作製したPRP は、患者様ご自身の治療のみに 使用します。ただし、症例検討や学会発表を目的として、血液やPRP の測 定を行い、データを取得することがあります。 血液およびPRP は微量で全量を使用するため、保管はしません。治療に 用いない血液またはPR",,
B,P00409,F0121,近畿,大阪府,社会医療法人寿会 富永病院,社会医療法人寿会 富永病院,社会医療法人寿会 富永病院,第二種,自家多血小板血漿（PRP）を用いた関節症の治療（関節内組織）,PRP,AUTO,0.976,https://saiseiiryo.mhlw.go.jp/published_plan/download/02E2604016/5/0,44000,不明,1 部位,ACP|APS,Arthrex|Zimmer Biomet,-1,,"治療の概要 □ 3. 本治療の対象者 □ 4. 本治療の流れ □ 5. 予想される効果と起こるかもしれない副作用・事象 □ 6. 本治療における注意点 □ 7. 他の治療法との比較 □ 8. 本治療を受けることの同意 □ 9. 同意の撤回 □ 10. 治療費用(1 部位あたりACP;44,000 円 APS;330,000 円) □ 11.試料等の保存及び廃棄の方法 □ 12.健康、遺伝的特徴等に関する重要な知見 □ 13.健康被害が発生した際の処置と補償 □ 14. 個人情報の保護について □ 15. 特許権、著作権及び経済的利益について □ 16. 本治療の審査および届出 □ 17. 当院の連絡先・相談窓口",,
B,P00409,F0121,近畿,大阪府,社会医療法人寿会 富永病院,社会医療法人寿会 富永病院,社会医療法人寿会 富永病院,第二種,自家多血小板血漿（PRP）を用いた関節症の治療（関節内組織）,PRP,AUTO,0.976,https://saiseiiryo.mhlw.go.jp/published_plan/download/02E2604016/5/0,330000,不明,1 部位,ACP|APS,Arthrex|Zimmer Biomet,-1,,"療の対象者 □ 4. 本治療の流れ □ 5. 予想される効果と起こるかもしれない副作用・事象 □ 6. 本治療における注意点 □ 7. 他の治療法との比較 □ 8. 本治療を受けることの同意 □ 9. 同意の撤回 □ 10. 治療費用(1 部位あたりACP;44,000 円 APS;330,000 円) □ 11.試料等の保存及び廃棄の方法 □ 12.健康、遺伝的特徴等に関する重要な知見 □ 13.健康被害が発生した際の処置と補償 □ 14. 個人情報の保護について □ 15. 特許権、著作権及び経済的利益について □ 16. 本治療の審査および届出 □ 17. 当院の連絡先・相談窓口 同意日: 年",,
B,P00410,F0122,近畿,大阪府,社会医療法人愛仁会 高槻病院,社会医療法人愛仁会 高槻病院,社会医療法人愛仁会 高槻病院,第二種,自家脂肪組織由来の培養間葉系幹細胞を用いた変形性膝関節症の治療,脂肪由来MSC,QC,1.0,https://saiseiiryo.mhlw.go.jp/published_plan/download/03E2504006/5/0,,,,,,,,,no price found after text/OCR pass,Document fetched but no price candidate
B,P00411,F0122,近畿,大阪府,社会医療法人愛仁会 高槻病院,社会医療法人愛仁会 高槻病院,社会医療法人愛仁会 高槻病院,第二種,変形性関節症、四肢スポーツ障害、偽関節等に対する脂肪組織由来再生幹細胞（ADRCs）治療,ADRC,AUTO,0.8612,https://saiseiiryo.mhlw.go.jp/published_plan/download/02E2509002/5/0,2000000,税別,,,,14,11,この治療は自由診療(自費診療)のため、以下のように、通常の保険診療とは異な る費用の考え方となります。  費用は関節1 か所の場合200 万円(税別)、2 か所の場合300 万円(税別) です。  上記費用には、下記のものが含まれます。,line-level strong price context,
B,P00411,F0122,近畿,大阪府,社会医療法人愛仁会 高槻病院,社会医療法人愛仁会 高槻病院,社会医療法人愛仁会 高槻病院,第二種,変形性関節症、四肢スポーツ障害、偽関節等に対する脂肪組織由来再生幹細胞（ADRCs）治療,ADRC,AUTO,0.8612,https://saiseiiryo.mhlw.go.jp/published_plan/download/02E2509002/5/0,3000000,税別,,,,14,11,この治療は自由診療(自費診療)のため、以下のように、通常の保険診療とは異な る費用の考え方となります。  費用は関節1 か所の場合200 万円(税別)、2 か所の場合300 万円(税別) です。  上記費用には、下記のものが含まれます。,line-level strong price context,
B,P00412,F0127,近畿,大阪府,近畿大学病院,近畿大学病院,近畿大学病院,第二種,多血小板血漿（PRP）を用いた変形性関節症・関節炎の疼痛緩和,PRP,AUTO,1.0,https://saiseiiryo.mhlw.go.jp/published_plan/download/02E2511001/5/0,49000,不明,,APS|GPS,Zimmer Biomet,7,,"種類の方法から選択いたします。 名称 費用 長所 短所 1 APS法 300,000円 関節での使用経験が多い 製造時の感染が起こりにくい 高価 2 GPS法 300,000円 関節での使用経験が多い 製造時の感染が起こりにくい APSの前段階であり単独の効果に関するデータが少ない 3 PRP法 49,000円 他の保険収載治療で使用実績が豊富で安全性が高い 関節での使用経験が乏しい 4 開放系製造法 50,000円 患者さんに合わせて濃縮が可能。狭い関節向き。 関節での使用経験が乏しい 手作業で作成するので手間がかかる。 治療の理論 以下の理論に則って、治療を行います。 血小板は傷の修復を担当する、血液成分の1つです。 血小板を濃縮し、それに",,
B,P00412,F0127,近畿,大阪府,近畿大学病院,近畿大学病院,近畿大学病院,第二種,多血小板血漿（PRP）を用いた変形性関節症・関節炎の疼痛緩和,PRP,AUTO,1.0,https://saiseiiryo.mhlw.go.jp/published_plan/download/02E2511001/5/0,300000,不明,,APS|GPS,Zimmer Biomet,7,,"」がたくさん含まれて おり、傷ついた組織を治す手助けをする成分と一緒に働き、傷んだ 関節内のバランスを改善して疼痛改善に効果をもたらします。 当院ではPRPの調整方法として、患者様とご相談しながら、症状や 状況、投与部に合わせて4種類の方法から選択いたします。 名称 費用 長所 短所 1 APS法 300,000円 関節での使用経験が多い 製造時の感染が起こりにくい 高価 2 GPS法 300,000円 関節での使用経験が多い 製造時の感染が起こりにくい APSの前段階であり単独の効果に関するデータが少ない 3 PRP法 49,000円 他の保険収載治療で使用実績が豊富で安全性が高い 関節での使用経験が乏しい 4 開放系製造法 50,000円 患",,
B,P00412,F0127,近畿,大阪府,近畿大学病院,近畿大学病院,近畿大学病院,第二種,多血小板血漿（PRP）を用いた変形性関節症・関節炎の疼痛緩和,PRP,AUTO,1.0,https://saiseiiryo.mhlw.go.jp/published_plan/download/02E2511001/5/0,50000,不明,,APS|GPS,Zimmer Biomet,2,,"い 製造時の感染が起こりにくい 高価 2 GPS法 300,000円 関節での使用経験が多い 製造時の感染が起こりにくい APSの前段階であり単独の効果に関するデータが少ない 3 PRP法 49,000円 他の保険収載治療で使用実績が豊富で安全性が高い 関節での使用経験が乏しい 4 開放系製造法 50,000円 患者さんに合わせて濃縮が可能。狭い関節向き。 関節での使用経験が乏しい 手作業で作成するので手間がかかる。 治療の理論 以下の理論に則って、治療を行います。 血小板は傷の修復を担当する、血液成分の1つです。 血小板を濃縮し、それに含まれる傷を治す成分の活性を保ったまま 患部に投与すると、 組織の修復に必要な細胞などが患部に集ま り、炎症",,
B,P00412,F0127,近畿,大阪府,近畿大学病院,近畿大学病院,近畿大学病院,第二種,多血小板血漿（PRP）を用いた変形性関節症・関節炎の疼痛緩和,PRP,AUTO,1.0,https://saiseiiryo.mhlw.go.jp/published_plan/download/02E2511001/5/0,34000,不明,1回,APS,Zimmer Biomet,0,,"きます。また同意を撤回された場合でも、APSや PRPの製造に使用する機器の費用(使い回しができません)等とし て、治療費の70%をご負担いただきます。 ・APS療法 治療費(1回)300,000円 → キャンセル料 210,000円 ・PRP療法 治療費(1回)49,000円 → キャンセル料 34,000円 ※患者様の症状により施術料が変わる場合は別途、ご説明いたしま す。 その他治療についての注意事 項 患者さんの体調が良くない場合や、採取した血液の状態によって は、PRPを分離できないことがあります。 その際には、再度採血をさせていただく場合があります。また、 PRPを濃",,
B,P00412,F0127,近畿,大阪府,近畿大学病院,近畿大学病院,近畿大学病院,第二種,多血小板血漿（PRP）を用いた変形性関節症・関節炎の疼痛緩和,PRP,AUTO,1.0,https://saiseiiryo.mhlw.go.jp/published_plan/download/02E2511001/5/0,49000,不明,1回,APS,Zimmer Biomet,0,,"当施設にて治療費 をお支払いいただきます。また同意を撤回された場合でも、APSや PRPの製造に使用する機器の費用(使い回しができません)等とし て、治療費の70%をご負担いただきます。 ・APS療法 治療費(1回)300,000円 → キャンセル料 210,000円 ・PRP療法 治療費(1回)49,000円 → キャンセル料 34,000円 ※患者様の症状により施術料が変わる場合は別途、ご説明いたしま す。 その他治療についての注意事 項 患者さんの体調が良くない場合や、採取した血液の状態によって は、PRPを分離できないことがあります。 その際には、再度採血をさせていただく",,
B,P00412,F0127,近畿,大阪府,近畿大学病院,近畿大学病院,近畿大学病院,第二種,多血小板血漿（PRP）を用いた変形性関節症・関節炎の疼痛緩和,PRP,AUTO,1.0,https://saiseiiryo.mhlw.go.jp/published_plan/download/02E2511001/5/0,210000,不明,1回,APS,Zimmer Biomet,0,,"この治療は公的保険の対象ではありませんので、当施設にて治療費 をお支払いいただきます。また同意を撤回された場合でも、APSや PRPの製造に使用する機器の費用(使い回しができません)等とし て、治療費の70%をご負担いただきます。 ・APS療法 治療費(1回)300,000円 → キャンセル料 210,000円 ・PRP療法 治療費(1回)49,000円 → キャンセル料 34,000円 ※患者様の症状により施術料が変わる場合は別途、ご説明いたしま す。 その他治療についての注意事 項 患者さんの体調が良くない場合や、採取した血液の状態によって は、PRPを分離できないことがあり",,
B,P00412,F0127,近畿,大阪府,近畿大学病院,近畿大学病院,近畿大学病院,第二種,多血小板血漿（PRP）を用いた変形性関節症・関節炎の疼痛緩和,PRP,AUTO,1.0,https://saiseiiryo.mhlw.go.jp/published_plan/download/02E2511001/5/0,300000,不明,1回,APS,Zimmer Biomet,0,,"断した場合 治療にかかる費用について この治療は公的保険の対象ではありませんので、当施設にて治療費 をお支払いいただきます。また同意を撤回された場合でも、APSや PRPの製造に使用する機器の費用(使い回しができません)等とし て、治療費の70%をご負担いただきます。 ・APS療法 治療費(1回)300,000円 → キャンセル料 210,000円 ・PRP療法 治療費(1回)49,000円 → キャンセル料 34,000円 ※患者様の症状により施術料が変わる場合は別途、ご説明いたしま す。 その他治療についての注意事 項 患者さんの体調が良くない場合や、採取した血液の状態によって",,
B,P00413,F0128,近畿,大阪府,運動器ケア しまだ病院,運動器ケア しまだ病院,運動器ケア しまだ病院,第二種,多血小板血漿（PRP）を用いた変形性関節症治療,PRP,AUTO,0.952,https://saiseiiryo.mhlw.go.jp/published_plan/download/02E2411001/5/0,100000,税別,,,,8,,"定性 PRP は患者様自身の血液から製造するため、品質が ばらつく可能性がある。 医薬品として承認されて おり、品質は安定している アレルギーの 可能性 自家移植のため、極めて低い。 品質管理された安全性の 高いものだが、アレルギー 反応などの可能性を完全 には否定できない。 費用 100,000 円(税抜) 300,000 円(税抜) 保険適用:2000 円前後/回 (膝関節内投与の場合) 詳細やご不明な点は医師・スタッフまでお気軽にお尋ねください。 施術後、患者様の個人的な事情及び金銭等に関する問題に関しては一切の責を負いかねますのでご 了承ください。 その他治療についての注意事項",,
B,P00413,F0128,近畿,大阪府,運動器ケア しまだ病院,運動器ケア しまだ病院,運動器ケア しまだ病院,第二種,多血小板血漿（PRP）を用いた変形性関節症治療,PRP,AUTO,0.952,https://saiseiiryo.mhlw.go.jp/published_plan/download/02E2411001/5/0,2000,税別,,,,6,,"能性がある。 医薬品として承認されて おり、品質は安定している アレルギーの 可能性 自家移植のため、極めて低い。 品質管理された安全性の 高いものだが、アレルギー 反応などの可能性を完全 には否定できない。 費用 100,000 円(税抜) 300,000 円(税抜) 保険適用:2000 円前後/回 (膝関節内投与の場合) 詳細やご不明な点は医師・スタッフまでお気軽にお尋ねください。 施術後、患者様の個人的な事情及び金銭等に関する問題に関しては一切の責を負いかねますのでご 了承ください。 その他治療についての注意事項 患者様の体調が良くない場合や、採取した血液",,
B,P00413,F0128,近畿,大阪府,運動器ケア しまだ病院,運動器ケア しまだ病院,運動器ケア しまだ病院,第二種,多血小板血漿（PRP）を用いた変形性関節症治療,PRP,AUTO,0.952,https://saiseiiryo.mhlw.go.jp/published_plan/download/02E2411001/5/0,300000,税別,,,,6,,"血液から製造するため、品質が ばらつく可能性がある。 医薬品として承認されて おり、品質は安定している アレルギーの 可能性 自家移植のため、極めて低い。 品質管理された安全性の 高いものだが、アレルギー 反応などの可能性を完全 には否定できない。 費用 100,000 円(税抜) 300,000 円(税抜) 保険適用:2000 円前後/回 (膝関節内投与の場合) 詳細やご不明な点は医師・スタッフまでお気軽にお尋ねください。 施術後、患者様の個人的な事情及び金銭等に関する問題に関しては一切の責を負いかねますのでご 了承ください。 その他治療についての注意事項 患者様の",,
B,P00414,F0129,近畿,大阪府,都島整形外科クリニック,都島整形外科クリニック,都島整形外科クリニック,第二種,自家多血小板血漿（PRP）を用いた慢性関節炎の治療（関節内組織）,PRP,AUTO,0.9838,https://saiseiiryo.mhlw.go.jp/published_plan/download/01E2504028/5/0,55000,税込,,ACP MAX|ACP,Arthrex,8,,"本治療にかかる費用は、以下のとおりです。なお、費用に含まれるのは、治療に伴う 診査、自家PRP 調製のための採血にかかる費用、自家PRP 調製費用、注入にかかる 費用であり、以下が費用の総額となります。 治療の種類 平均的な血小板注入量 費用(税込み) ACP-PRP 20 億個 55,000 円 HD-PRP(ACP MAX の場合) 90 億個 198,000 円 また、ACP-PRP は効果を高めるため、2 倍量1 度に投与することが可能です。 その場合の費用は以下の通りです。 治療の種類 平均的な血小板注入量 費用(税込み) ACP-PRP ダブルショット 40 億個 99,000 円",,
B,P00414,F0129,近畿,大阪府,都島整形外科クリニック,都島整形外科クリニック,都島整形外科クリニック,第二種,自家多血小板血漿（PRP）を用いた慢性関節炎の治療（関節内組織）,PRP,AUTO,0.9838,https://saiseiiryo.mhlw.go.jp/published_plan/download/01E2504028/5/0,99000,税込,,ACP MAX|ACP,Arthrex,8,,"(ACP MAX の場合) 90 億個 198,000 円 また、ACP-PRP は効果を高めるため、2 倍量1 度に投与することが可能です。 その場合の費用は以下の通りです。 治療の種類 平均的な血小板注入量 費用(税込み) ACP-PRP ダブルショット 40 億個 99,000 円 • 治療終了後も定期的な受診が必要です。 9 11.試料等の保存及び廃棄の方法 患者様から採取した血液と作製したPRP は、患者様ご自身の治療のみに使用しま す。ただし、症例検討や学会発表を目的として、血液やPRP の測定を行い、データ を取得することがあります。 血液およびPRP は微量で全量を",,
B,P00414,F0129,近畿,大阪府,都島整形外科クリニック,都島整形外科クリニック,都島整形外科クリニック,第二種,自家多血小板血漿（PRP）を用いた慢性関節炎の治療（関節内組織）,PRP,AUTO,0.9838,https://saiseiiryo.mhlw.go.jp/published_plan/download/01E2504028/5/0,198000,税込,,ACP MAX|ACP,Arthrex,8,,"診査、自家PRP 調製のための採血にかかる費用、自家PRP 調製費用、注入にかかる 費用であり、以下が費用の総額となります。 治療の種類 平均的な血小板注入量 費用(税込み) ACP-PRP 20 億個 55,000 円 HD-PRP(ACP MAX の場合) 90 億個 198,000 円 また、ACP-PRP は効果を高めるため、2 倍量1 度に投与することが可能です。 その場合の費用は以下の通りです。 治療の種類 平均的な血小板注入量 費用(税込み) ACP-PRP ダブルショット 40 億個 99,000 円 • 治療終了後も定期的な受診が必要です。 9 11.",,
B,P00415,F0129,近畿,大阪府,都島整形外科クリニック,都島整形外科クリニック,都島整形外科クリニック,第二種,自家培養脂肪由来幹細胞を用いた変形性関節症の治療,脂肪由来幹細胞,QC,1.0,https://saiseiiryo.mhlw.go.jp/published_plan/download/01E2504031/5/0,5500000,不明,3 回,,,6,6,"2,200,000 円 自家脂肪由来幹細胞投与3 回目セット 5,500,000 円 細胞保管費用6 億cells(1 か月あたり) 11,000 円",price candidates remain ambiguous,
B,P00415,F0129,近畿,大阪府,都島整形外科クリニック,都島整形外科クリニック,都島整形外科クリニック,第二種,自家培養脂肪由来幹細胞を用いた変形性関節症の治療,脂肪由来幹細胞,QC,1.0,https://saiseiiryo.mhlw.go.jp/published_plan/download/01E2504031/5/0,5500,税込,,,,4,6,"費用(税込) 診察料 5,500 円 血液検査料(通常便) 16,500 円",price candidates remain ambiguous,
B,P00415,F0129,近畿,大阪府,都島整形外科クリニック,都島整形外科クリニック,都島整形外科クリニック,第二種,自家培養脂肪由来幹細胞を用いた変形性関節症の治療,脂肪由来幹細胞,QC,1.0,https://saiseiiryo.mhlw.go.jp/published_plan/download/01E2504031/5/0,11000,不明,,,,3,6,"5,500,000 円 細胞保管費用6 億cells(1 か月あたり) 11,000 円 *cells 数(細胞数)による料金の変更はございません。 キャンセルに関するお取り扱い",price candidates remain ambiguous,
B,P00415,F0129,近畿,大阪府,都島整形外科クリニック,都島整形外科クリニック,都島整形外科クリニック,第二種,自家培養脂肪由来幹細胞を用いた変形性関節症の治療,脂肪由来幹細胞,QC,1.0,https://saiseiiryo.mhlw.go.jp/published_plan/download/01E2504031/5/0,66000,不明,1 回,,,3,6,"16,500 円 血液検査料(特急便) 66,000 円 自家脂肪由来幹細胞投与1 回* 2,200,000 円",price candidates remain ambiguous,
B,P00415,F0129,近畿,大阪府,都島整形外科クリニック,都島整形外科クリニック,都島整形外科クリニック,第二種,自家培養脂肪由来幹細胞を用いた変形性関節症の治療,脂肪由来幹細胞,QC,1.0,https://saiseiiryo.mhlw.go.jp/published_plan/download/01E2504031/5/0,2200000,不明,1 回,,,3,6,"66,000 円 自家脂肪由来幹細胞投与1 回* 2,200,000 円 自家脂肪由来幹細胞投与3 回目セット 5,500,000 円",price candidates remain ambiguous,
B,P00415,F0129,近畿,大阪府,都島整形外科クリニック,都島整形外科クリニック,都島整形外科クリニック,第二種,自家培養脂肪由来幹細胞を用いた変形性関節症の治療,脂肪由来幹細胞,QC,1.0,https://saiseiiryo.mhlw.go.jp/published_plan/download/01E2504031/5/0,16500,不明,,,,0,6,"5,500 円 血液検査料(通常便) 16,500 円 血液検査料(特急便) 66,000 円",price candidates remain ambiguous,
B,P00416,F0108,近畿,大阪府,医療法人協和会 協和会病院,医療法人協和会 協和会病院,医療法人協和会 協和会病院,第三種,多血小板血漿を用いた靭帯・腱及び腱付着部の機能障害・疾患の治療,PRP,AUTO,1.0,https://saiseiiryo.mhlw.go.jp/published_plan/download/03E2603013/5/0,200000,不明,,APS|GPS|Zimmer,Zimmer Biomet,7,,"(院長)へと報告して対応させていただきます。 窓口部署:医事課 連絡先:06-6339-3455 12.費用について この治療は公的保険の対象ではありませんので、当院所定の施術料をお支払いいただきます。 ・ZIMMER BIOMET 製 GPS®IIIシステム使用 200,000円 (APSキットを使用せず、作製したPRPをそのまま使用する場合) GPS®IIIシステム、APSキット使用 300,000円 (APSキットを使用してさらに抽出を行い純度を高めて使用する場合) ※患者様の症状により治療費が変動いたします。 施術後、患者様の個人的な事情及び金銭等に関する問題に",,
B,P00416,F0108,近畿,大阪府,医療法人協和会 協和会病院,医療法人協和会 協和会病院,医療法人協和会 協和会病院,第三種,多血小板血漿を用いた靭帯・腱及び腱付着部の機能障害・疾患の治療,PRP,AUTO,1.0,https://saiseiiryo.mhlw.go.jp/published_plan/download/03E2603013/5/0,300000,不明,,APS|GPS|Zimmer,Zimmer Biomet,7,,"んので、当院所定の施術料をお支払いいただきます。 ・ZIMMER BIOMET 製 GPS®IIIシステム使用 200,000円 (APSキットを使用せず、作製したPRPをそのまま使用する場合) GPS®IIIシステム、APSキット使用 300,000円 (APSキットを使用してさらに抽出を行い純度を高めて使用する場合) ※患者様の症状により治療費が変動いたします。 施術後、患者様の個人的な事情及び金銭等に関する問題に関しては一切の責を負いかねますのでご了 承ください。 なお、細胞の採取後や加工後に同意を撤回された場合など、同意を撤回される時点までに費用が発生し ている場合",,
B,P00417,F0127,近畿,大阪府,近畿大学病院,近畿大学病院,近畿大学病院,第三種,多血小板血漿（PRP）を用いた腱板、筋、腱および周辺組織の治療,PRP,AUTO,1.0,https://saiseiiryo.mhlw.go.jp/published_plan/download/02E2512006/5/0,29400,不明,1回,,,14,7,"をご負担いただきます。製造開始前のキャンセルには費用はかかり ません。 ・PRP療法 治療費1回 49,000円 → キャンセル料 29,400円 ※患者様の症状により治療費が変わる場合は別途、ご説明いたしま",line-level strong price context,
B,P00417,F0127,近畿,大阪府,近畿大学病院,近畿大学病院,近畿大学病院,第三種,多血小板血漿（PRP）を用いた腱板、筋、腱および周辺組織の治療,PRP,AUTO,1.0,https://saiseiiryo.mhlw.go.jp/published_plan/download/02E2512006/5/0,49000,不明,1回,,,14,7,"をご負担いただきます。製造開始前のキャンセルには費用はかかり ません。 ・PRP療法 治療費1回 49,000円 → キャンセル料 29,400円 ※患者様の症状により治療費が変わる場合は別途、ご説明いたしま",line-level strong price context,
B,P00419,F0129,近畿,大阪府,都島整形外科クリニック,都島整形外科クリニック,都島整形外科クリニック,第三種,自家多血小板血漿（PRP）を用いた筋肉、腱、靭帯、筋膜の損傷及び慢性炎症の治療（関節外の軟部組織）,PRP,AUTO,1.0,https://saiseiiryo.mhlw.go.jp/published_plan/download/01E2504030/5/0,55000,税込,,ACP MAX|ACP,Arthrex,8,,"本治療にかかる費用は、以下のとおりです。なお、費用に含まれるのは、治療に 伴う診査、自家PRP 調製のための採血にかかる費用、自家PRP 調製費用、注入に かかる費用であり、以下が費用の総額となります。 治療の種類 平均的な血小板注入量 費用(税込み) ACP-PRP 20 億個 55,000 円 HD-PRP(ACP MAX の場合) 90 億個 198,000 円 また、ACP-PRP は効果を高めるため、2 倍量1 度に投与することが可能です。 その場合の費用は以下の通りです。 治療の種類 平均的な血小板注入量 費用(税込み) ACP-PRP ダブルショット 40 億個 99,000 円",,
B,P00419,F0129,近畿,大阪府,都島整形外科クリニック,都島整形外科クリニック,都島整形外科クリニック,第三種,自家多血小板血漿（PRP）を用いた筋肉、腱、靭帯、筋膜の損傷及び慢性炎症の治療（関節外の軟部組織）,PRP,AUTO,1.0,https://saiseiiryo.mhlw.go.jp/published_plan/download/01E2504030/5/0,99000,税込,,ACP MAX|ACP,Arthrex,8,,"(ACP MAX の場合) 90 億個 198,000 円 また、ACP-PRP は効果を高めるため、2 倍量1 度に投与することが可能です。 その場合の費用は以下の通りです。 治療の種類 平均的な血小板注入量 費用(税込み) ACP-PRP ダブルショット 40 億個 99,000 円 • 治療終了後も定期的な受診が必要です。 9 11.試料等の保存及び廃棄の方法 患者様から採取した血液と作製したPRP は、患者様ご自身の治療のみに使用しま す。ただし、症例検討や学会発表を目的として、血液やPRP の測定を行い、データ を取得することがあります。 血液およびPRP は微量で全量を",,
B,P00419,F0129,近畿,大阪府,都島整形外科クリニック,都島整形外科クリニック,都島整形外科クリニック,第三種,自家多血小板血漿（PRP）を用いた筋肉、腱、靭帯、筋膜の損傷及び慢性炎症の治療（関節外の軟部組織）,PRP,AUTO,1.0,https://saiseiiryo.mhlw.go.jp/published_plan/download/01E2504030/5/0,198000,税込,,ACP MAX|ACP,Arthrex,8,,"う診査、自家PRP 調製のための採血にかかる費用、自家PRP 調製費用、注入に かかる費用であり、以下が費用の総額となります。 治療の種類 平均的な血小板注入量 費用(税込み) ACP-PRP 20 億個 55,000 円 HD-PRP(ACP MAX の場合) 90 億個 198,000 円 また、ACP-PRP は効果を高めるため、2 倍量1 度に投与することが可能です。 その場合の費用は以下の通りです。 治療の種類 平均的な血小板注入量 費用(税込み) ACP-PRP ダブルショット 40 億個 99,000 円 • 治療終了後も定期的な受診が必要です。 9 11.",,
B,P00420,F0020,近畿,兵庫県,兵庫県立リハビリテーション中央病院,兵庫県立リハビリテーション中央病院,兵庫県立リハビリテーション中央病院,第二種,自己多血小板血漿（PRP）を用いた変形性関節症治療,PRP,AUTO,0.9625,https://saiseiiryo.mhlw.go.jp/published_plan/download/03E2507022/5/0,70000,税込,,,,8,,"、痛み、内出血などは一時的ですが、症状の強い場合にはご 相談ください。 ・効果の持続期間は個人差があります。 ・その他、PRPそのものによる副作用は現在のところ報告されてい ません。 【治療にかかる費用】 本治療は保険適用となっていないため、患者さんご本人の負担とな ります。 治療費は1関節につき70,000円(税込み)です。 治療の開始後、患者さんの個人的な事情及び金銭等に関する問題に 関しては、一切責任を負いかねますのでご了承ください。 【同意撤回について】 この治療に関して同意した後、患者さんの意志で同意を撤回するこ とができます。 同意を撤回することで患者さんに不利益が生じることはありませ ん。ただし、施術後の撤回についてはこれには該当",,
B,P00421,F0013,近畿,兵庫県,医療法人LIGHT Kobe OCEANS Clinic,医療法人LIGHT Kobe OCEANS Clinic,医療法人LIGHT Kobe OCEANS Clinic,第二種,自家培養脂肪由来幹細胞を用いた変形性膝関節症治療,脂肪由来幹細胞,QC,1.0,https://saiseiiryo.mhlw.go.jp/published_plan/download/01E2303021/5/0,,,,,,,,,no price found after text/OCR pass,Document fetched but no price candidate
B,P00422,F0013,近畿,兵庫県,医療法人LIGHT Kobe OCEANS Clinic,医療法人LIGHT Kobe OCEANS Clinic,医療法人LIGHT Kobe OCEANS Clinic,第二種,多血小板血漿を用いた変形性関節症治療,PRP,QC,1.0,https://saiseiiryo.mhlw.go.jp/published_plan/download/01E2303022/5/0,,,,,,,,,no price found after text/OCR pass,Document fetched but no price candidate
B,P00423,F0027,近畿,兵庫県,医療法人 研樹会 神戸ルミヴィアクリニック,医療法人 研樹会 神戸ルミヴィアクリニック,医療法人 研樹会 神戸ルミヴィアクリニック,第二種,自己脂肪由来SVF（非培養）による変形性関節症治療,SVF,QC,1.0,https://saiseiiryo.mhlw.go.jp/published_plan/download/03E2607005/5/0,1540000,不明,,,,3,2,"細胞の提供に際して費用は発生しません。 治療の提供に際しては、本治療は公的保険の対象ではありませんので、当院所定の施術料として、両膝 1,740,000、片膝1,540,000 円をお支払いいただきます。 ※患者様の症状、その他の事情等により治療費が変動する場合があります。 なお、細胞の採取後や加工後に同意を撤回された場合など、同意を撤回される時点までに費用が発生している",price candidates remain ambiguous,
B,P00424,F0027,近畿,兵庫県,医療法人 研樹会 神戸ルミヴィアクリニック,医療法人 研樹会 神戸ルミヴィアクリニック,医療法人 研樹会 神戸ルミヴィアクリニック,第二種,変形性関節症に対する多血小板血漿（PRP）関節内投与療法,PRP,AUTO,1.0,https://saiseiiryo.mhlw.go.jp/published_plan/download/03E2607006/5/0,77000,税込,,APS|GPS,Zimmer Biomet,8,,"窓口部署:事務 連絡先:078-335-6015 14.費用について 細胞の提供に際して費用は発生しません。 治療の提供に際しては、本治療は公的保険の対象ではありませんので、当院所定の施術料として以下の金額 (税込)をお支払いいただきます。 1Condensiaシステム 77,000 円 2GPSIIIシステム 220,000 円 3APS キット 330,000 円 ※患者様の症状、その他の事情等により治療費が変動する場合があります。 なお、細胞の採取後や加工後に同意を撤回された場合など、同意を撤回される時点までに費用が発生してい る場合は、発生した費用については患者様にご負担いただき",,
B,P00424,F0027,近畿,兵庫県,医療法人 研樹会 神戸ルミヴィアクリニック,医療法人 研樹会 神戸ルミヴィアクリニック,医療法人 研樹会 神戸ルミヴィアクリニック,第二種,変形性関節症に対する多血小板血漿（PRP）関節内投与療法,PRP,AUTO,1.0,https://saiseiiryo.mhlw.go.jp/published_plan/download/03E2607006/5/0,220000,税込,,APS|GPS,Zimmer Biomet,8,,"14.費用について 細胞の提供に際して費用は発生しません。 治療の提供に際しては、本治療は公的保険の対象ではありませんので、当院所定の施術料として以下の金額 (税込)をお支払いいただきます。 1Condensiaシステム 77,000 円 2GPSIIIシステム 220,000 円 3APS キット 330,000 円 ※患者様の症状、その他の事情等により治療費が変動する場合があります。 なお、細胞の採取後や加工後に同意を撤回された場合など、同意を撤回される時点までに費用が発生してい る場合は、発生した費用については患者様にご負担いただきますのでご了承ください。 15.他の治療法の有",,
B,P00424,F0027,近畿,兵庫県,医療法人 研樹会 神戸ルミヴィアクリニック,医療法人 研樹会 神戸ルミヴィアクリニック,医療法人 研樹会 神戸ルミヴィアクリニック,第二種,変形性関節症に対する多血小板血漿（PRP）関節内投与療法,PRP,AUTO,1.0,https://saiseiiryo.mhlw.go.jp/published_plan/download/03E2607006/5/0,330000,税込,,APS|GPS,Zimmer Biomet,8,,"用は発生しません。 治療の提供に際しては、本治療は公的保険の対象ではありませんので、当院所定の施術料として以下の金額 (税込)をお支払いいただきます。 1Condensiaシステム 77,000 円 2GPSIIIシステム 220,000 円 3APS キット 330,000 円 ※患者様の症状、その他の事情等により治療費が変動する場合があります。 なお、細胞の採取後や加工後に同意を撤回された場合など、同意を撤回される時点までに費用が発生してい る場合は、発生した費用については患者様にご負担いただきますのでご了承ください。 15.他の治療法の有無、本治療法との比較について 変形性関節症をはじめ",,
B,P00425,F0018,近畿,兵庫県,医療法人社団リハケア会 西川整形外科リハビリクリニック,医療法人社団リハケア会 西川整形外科リハビリクリニック,医療法人社団リハケア会 西川整形外科リハビリクリニック,第二種,脂肪組織由来幹細胞（ASC）の投与による変形性関節症治療,脂肪由来ASC,AUTO,1.0,https://saiseiiryo.mhlw.go.jp/published_plan/download/02E2408033/5/0,200000,税別,1 部位,,,8,,"費用は、患部の状態を確認した医師の判断等により変更となる場合がございます。 初回価格 1 部位(片側) 1,190,000 円(税抜) 2 部位(両側) 1,390,000 円(税抜) 初回1 部位のみ投与の場合は2 回目の投与が可能です。 2回目の価格 1 部位(片側) 200,000 円(税抜) 脂肪組織由来幹細胞(ASC)の投与による変形性関節症治療に対する説明書・同意書 6 ※初回価格には以下が含まれます。 ・脂肪組織の採取にかかる料金 ・治療の1 ヶ月後、3 カ月後、6 カ月後の経過観察にかかる料金 (レントゲン検査、MRI 検査等は別途料金がかかります) 11. 治療を受けることを拒否",,
B,P00425,F0018,近畿,兵庫県,医療法人社団リハケア会 西川整形外科リハビリクリニック,医療法人社団リハケア会 西川整形外科リハビリクリニック,医療法人社団リハケア会 西川整形外科リハビリクリニック,第二種,脂肪組織由来幹細胞（ASC）の投与による変形性関節症治療,脂肪由来ASC,AUTO,1.0,https://saiseiiryo.mhlw.go.jp/published_plan/download/02E2408033/5/0,1190000,税別,1 回,,,8,,"いただきま す。治療にかかる費用につきましては以下の表をご参照ください(治療部位による費用の違 いはございません)。ご不明な点は医師・スタッフにお尋ねください。なお1 回の施術あたり の費用は、患部の状態を確認した医師の判断等により変更となる場合がございます。 初回価格 1 部位(片側) 1,190,000 円(税抜) 2 部位(両側) 1,390,000 円(税抜) 初回1 部位のみ投与の場合は2 回目の投与が可能です。 2回目の価格 1 部位(片側) 200,000 円(税抜) 脂肪組織由来幹細胞(ASC)の投与による変形性関節症治療に対する説明書・同意書 6 ※初回価格には以下が含まれます。 ・脂肪組織の",,
B,P00425,F0018,近畿,兵庫県,医療法人社団リハケア会 西川整形外科リハビリクリニック,医療法人社団リハケア会 西川整形外科リハビリクリニック,医療法人社団リハケア会 西川整形外科リハビリクリニック,第二種,脂肪組織由来幹細胞（ASC）の投与による変形性関節症治療,脂肪由来ASC,AUTO,1.0,https://saiseiiryo.mhlw.go.jp/published_plan/download/02E2408033/5/0,1390000,税別,1 回,,,8,,"をご参照ください(治療部位による費用の違 いはございません)。ご不明な点は医師・スタッフにお尋ねください。なお1 回の施術あたり の費用は、患部の状態を確認した医師の判断等により変更となる場合がございます。 初回価格 1 部位(片側) 1,190,000 円(税抜) 2 部位(両側) 1,390,000 円(税抜) 初回1 部位のみ投与の場合は2 回目の投与が可能です。 2回目の価格 1 部位(片側) 200,000 円(税抜) 脂肪組織由来幹細胞(ASC)の投与による変形性関節症治療に対する説明書・同意書 6 ※初回価格には以下が含まれます。 ・脂肪組織の採取にかかる料金 ・治療の1 ヶ月後、3 カ月後、6",,
B,P00426,F0019,近畿,兵庫県,医療法人社団佳和会 中山クリニック,医療法人社団佳和会 中山クリニック,医療法人社団佳和会 中山クリニック,第二種,変形性関節症に対する多血小板血漿（PRP）関節内投与療法,PRP,AUTO,1.0,https://saiseiiryo.mhlw.go.jp/published_plan/download/01E2408001/5/0,55000,税込,,APS|GPS,Zimmer Biomet,8,,"。 窓口部署:臨床検査部 連絡先:078-935-6060 14.費用について 細胞の提供に際して費用は発生しません。 治療の提供に際しては、本治療は公的保険の対象ではありませんので、当院所定の施術料とし て以下の金額をお支払いいただきます。 ・Condensiaシステム:55,000 円(税込) ・GPS®IIIシステム及びAPS キット:385,000 円(税込) ※患者様の症状、その他の事情等により治療費が変動する場合があります。 なお、細胞の採取後や加工後に同意を撤回された場合など、同意を撤回される時点までに費用 が発生している場合は、発生した費用については患者様にご負担いただきますのでご了承くださ い。",,
B,P00426,F0019,近畿,兵庫県,医療法人社団佳和会 中山クリニック,医療法人社団佳和会 中山クリニック,医療法人社団佳和会 中山クリニック,第二種,変形性関節症に対する多血小板血漿（PRP）関節内投与療法,PRP,AUTO,1.0,https://saiseiiryo.mhlw.go.jp/published_plan/download/01E2408001/5/0,385000,税込,,APS|GPS,Zimmer Biomet,8,,"14.費用について 細胞の提供に際して費用は発生しません。 治療の提供に際しては、本治療は公的保険の対象ではありませんので、当院所定の施術料とし て以下の金額をお支払いいただきます。 ・Condensiaシステム:55,000 円(税込) ・GPS®IIIシステム及びAPS キット:385,000 円(税込) ※患者様の症状、その他の事情等により治療費が変動する場合があります。 なお、細胞の採取後や加工後に同意を撤回された場合など、同意を撤回される時点までに費用 が発生している場合は、発生した費用については患者様にご負担いただきますのでご了承くださ い。 15.他の治療法の有無、本治療法との比較について 変形性関節症を",,
B,P00427,F0019,近畿,兵庫県,医療法人社団佳和会 中山クリニック,医療法人社団佳和会 中山クリニック,医療法人社団佳和会 中山クリニック,第二種,多血小板血漿抽出液による関節症治療,PRP/APS,AUTO,1.0,https://saiseiiryo.mhlw.go.jp/published_plan/download/03E2506022/5/0,350000,不明,,APS|GPS,Zimmer Biomet,7,,"窓口での 受付後、治療を行う医師、管理者(院長)へと報告して対応させていただきます。 窓口部署:事務 連絡先:078-935-6060 12.費用について この治療は公的保険の対象ではありませんので、当院所定の施術料をお支払いいただきます。 GPS®IIIシステム、APSキット使用 350,000円 (APSキットを使用してさらに抽出を行い純度を高めて使用する場合) ※患者様の症状、その他の事情等により治療費が変動する場合があります。 なお、細胞の採取後や加工後に同意を撤回された場合など、同意を撤回される時点までに費用が発生し ている場合は、発生した費用については患者様にご負担いただきますのでご了承ください。 13.他",,
B,P00428,F0019,近畿,兵庫県,医療法人社団佳和会 中山クリニック,医療法人社団佳和会 中山クリニック,医療法人社団佳和会 中山クリニック,第二種,自家培養脂肪由来幹細胞を用いた変形性関節症治療,脂肪由来幹細胞,AUTO,1.0,https://saiseiiryo.mhlw.go.jp/published_plan/download/03E2607008/5/0,1020000,税込,片側,,,7,6,"費用(税込) 【片側】自家培養脂肪由来間葉系幹細胞投与・0.5 億cells 1,020,000 円 【片側】自家培養脂肪由来間葉系幹細胞投与・1 億cells 1,540,000 円",line-level medium price context,
B,P00428,F0019,近畿,兵庫県,医療法人社団佳和会 中山クリニック,医療法人社団佳和会 中山クリニック,医療法人社団佳和会 中山クリニック,第二種,自家培養脂肪由来幹細胞を用いた変形性関節症治療,脂肪由来幹細胞,AUTO,1.0,https://saiseiiryo.mhlw.go.jp/published_plan/download/03E2607008/5/0,3060000,税込,片側,,,7,6,"費用(税込) 【片側】自家培養脂肪由来間葉系幹細胞投与・0.5 億cells 3,060,000 円 【片側】自家培養脂肪由来間葉系幹細胞投与・1 億cells 4,620,000 円",line-level medium price context,
B,P00429,F0022,近畿,兵庫県,医療法人社団大室整形外科 脊椎・関節クリニック,医療法人社団大室整形外科 脊椎・関節クリニック,医療法人社団大室整形外科 脊椎・関節クリニック,第二種,自家多血小板血漿（PRP）を用いた慢性関節炎の治療（関節内組織）,PRP,QC,0.9838,https://saiseiiryo.mhlw.go.jp/published_plan/download/01E2503024/5/0,55000,税込,,ACP MAX|ACP,Arthrex,6,8,"費用(税込み) ACP-PRP 55,000 円 ACP MAX 198,000 円",price candidates remain ambiguous,
B,P00429,F0022,近畿,兵庫県,医療法人社団大室整形外科 脊椎・関節クリニック,医療法人社団大室整形外科 脊椎・関節クリニック,医療法人社団大室整形外科 脊椎・関節クリニック,第二種,自家多血小板血漿（PRP）を用いた慢性関節炎の治療（関節内組織）,PRP,QC,0.9838,https://saiseiiryo.mhlw.go.jp/published_plan/download/01E2503024/5/0,154000,不明,,ACP MAX|ACP,Arthrex,2,8,"198,000 円 ACP-PRP+Medicalfitness 「tobe~.」* 154,000 円 ACP MAX+ Medical fitness 「tobe~.」* 297,000 円",price candidates remain ambiguous,
B,P00429,F0022,近畿,兵庫県,医療法人社団大室整形外科 脊椎・関節クリニック,医療法人社団大室整形外科 脊椎・関節クリニック,医療法人社団大室整形外科 脊椎・関節クリニック,第二種,自家多血小板血漿（PRP）を用いた慢性関節炎の治療（関節内組織）,PRP,QC,0.9838,https://saiseiiryo.mhlw.go.jp/published_plan/download/01E2503024/5/0,198000,不明,,ACP MAX|ACP,Arthrex,2,8,"55,000 円 ACP MAX 198,000 円 ACP-PRP+Medicalfitness 「tobe~.」* 154,000 円",price candidates remain ambiguous,
B,P00429,F0022,近畿,兵庫県,医療法人社団大室整形外科 脊椎・関節クリニック,医療法人社団大室整形外科 脊椎・関節クリニック,医療法人社団大室整形外科 脊椎・関節クリニック,第二種,自家多血小板血漿（PRP）を用いた慢性関節炎の治療（関節内組織）,PRP,QC,0.9838,https://saiseiiryo.mhlw.go.jp/published_plan/download/01E2503024/5/0,297000,不明,,ACP MAX|ACP,Arthrex,2,8,"154,000 円 ACP MAX+ Medical fitness 「tobe~.」* 297,000 円",price candidates remain ambiguous,
B,P00430,F0022,近畿,兵庫県,医療法人社団大室整形外科 脊椎・関節クリニック,医療法人社団大室整形外科 脊椎・関節クリニック,医療法人社団大室整形外科 脊椎・関節クリニック,第二種,自家多血小板血漿（PRP）を用いた脊椎由来疼痛の治療,PRP,AUTO,0.9673,https://saiseiiryo.mhlw.go.jp/published_plan/download/01E2503025/5/0,297000,税込,,ACP MAX|ACP,Arthrex,8,,"しません。 治療の種類 費用(税込み) ACP-PRP 55,000 円 ACP MAX 198,000 円 ACP-PRP+Medicalfitness 「tobe~.」* 154,000 円 ACP MAX+ Medical fitness 「tobe~.」* 297,000 円 9 12.試料等の保存及び廃棄の方法 患者様から採取した血液と作製したPRP は、患者様ご自身の治療のみに使用しま す。ただし、症例検討や学会発表を目的として、血液やPRP の測定を行い、データ を取得することがあります。 血液およびPRP は微量で全量を使用するため、保管はしません。治療に用いない血 液またはPR",,
B,P00430,F0022,近畿,兵庫県,医療法人社団大室整形外科 脊椎・関節クリニック,医療法人社団大室整形外科 脊椎・関節クリニック,医療法人社団大室整形外科 脊椎・関節クリニック,第二種,自家多血小板血漿（PRP）を用いた脊椎由来疼痛の治療,PRP,AUTO,0.9673,https://saiseiiryo.mhlw.go.jp/published_plan/download/01E2503025/5/0,55000,税込,,ACP MAX|ACP,Arthrex,0,,"費用負担で一次対応を行います。 当院での対応が困難な場合は当院の費用負担で輸血のための設備、優先的に使用でき る病床等を備えた医療連携先へ搬送し治療を行い最善の対処をいたします。 健康被害(合併症)に伴う金銭補償はいたしません。 治療の種類 費用(税込み) ACP-PRP 55,000 円 ACP MAX 198,000 円 ACP-PRP+Medicalfitness 「tobe~.」* 154,000 円 ACP MAX+ Medical fitness 「tobe~.」* 297,000 円 9 12.試料等の保存及び廃棄の方法 患者様から採取した血液と作製したPRP は、患者様ご自",,
B,P00430,F0022,近畿,兵庫県,医療法人社団大室整形外科 脊椎・関節クリニック,医療法人社団大室整形外科 脊椎・関節クリニック,医療法人社団大室整形外科 脊椎・関節クリニック,第二種,自家多血小板血漿（PRP）を用いた脊椎由来疼痛の治療,PRP,AUTO,0.9673,https://saiseiiryo.mhlw.go.jp/published_plan/download/01E2503025/5/0,154000,税込,,ACP MAX|ACP,Arthrex,0,,"医療連携先へ搬送し治療を行い最善の対処をいたします。 健康被害(合併症)に伴う金銭補償はいたしません。 治療の種類 費用(税込み) ACP-PRP 55,000 円 ACP MAX 198,000 円 ACP-PRP+Medicalfitness 「tobe~.」* 154,000 円 ACP MAX+ Medical fitness 「tobe~.」* 297,000 円 9 12.試料等の保存及び廃棄の方法 患者様から採取した血液と作製したPRP は、患者様ご自身の治療のみに使用しま す。ただし、症例検討や学会発表を目的として、血液やPRP の測定を行い、データ を取得することがあります。",,
B,P00430,F0022,近畿,兵庫県,医療法人社団大室整形外科 脊椎・関節クリニック,医療法人社団大室整形外科 脊椎・関節クリニック,医療法人社団大室整形外科 脊椎・関節クリニック,第二種,自家多血小板血漿（PRP）を用いた脊椎由来疼痛の治療,PRP,AUTO,0.9673,https://saiseiiryo.mhlw.go.jp/published_plan/download/01E2503025/5/0,198000,税込,,ACP MAX|ACP,Arthrex,0,,"での対応が困難な場合は当院の費用負担で輸血のための設備、優先的に使用でき る病床等を備えた医療連携先へ搬送し治療を行い最善の対処をいたします。 健康被害(合併症)に伴う金銭補償はいたしません。 治療の種類 費用(税込み) ACP-PRP 55,000 円 ACP MAX 198,000 円 ACP-PRP+Medicalfitness 「tobe~.」* 154,000 円 ACP MAX+ Medical fitness 「tobe~.」* 297,000 円 9 12.試料等の保存及び廃棄の方法 患者様から採取した血液と作製したPRP は、患者様ご自身の治療のみに使用しま す。ただし、症例検",,
B,P00431,F0023,近畿,兵庫県,医療法人社団大雄会 大井クリニック,医療法人社団大雄会 大井クリニック,医療法人社団大雄会 大井クリニック,第二種,多血小板血漿抽出液による関節症治療,PRP/APS,AUTO,1.0,https://saiseiiryo.mhlw.go.jp/published_plan/download/01E2303010/5/0,110000,税込,,APS|GPS,Zimmer Biomet,8,,"部署:整形外科 連絡先:0798-73-7000 14.費用について 細胞の提供に際して費用は発生しません。 治療の提供に際しては、本治療は公的保険の対象ではありませんので、当院所定の施術料として以下の金額 をお支払いいただきます。 ・GPS®IIIシステム使用 110,000円(税込) (APSキットを使用せず、作製したPRPをそのまま使用する場合) ・GPS®IIIシステム、APSキット使用 330,000円(税込) (APSキットを使用してさらに抽出を行い純度を高めて使用する場合) ※患者様の症状、その他の事情等により治療費が変動する場合があります。 なお、細胞の採取後や加工後に同意を撤回さ",,
B,P00431,F0023,近畿,兵庫県,医療法人社団大雄会 大井クリニック,医療法人社団大雄会 大井クリニック,医療法人社団大雄会 大井クリニック,第二種,多血小板血漿抽出液による関節症治療,PRP/APS,AUTO,1.0,https://saiseiiryo.mhlw.go.jp/published_plan/download/01E2303010/5/0,330000,税込,,APS|GPS,Zimmer Biomet,8,,"、本治療は公的保険の対象ではありませんので、当院所定の施術料として以下の金額 をお支払いいただきます。 ・GPS®IIIシステム使用 110,000円(税込) (APSキットを使用せず、作製したPRPをそのまま使用する場合) ・GPS®IIIシステム、APSキット使用 330,000円(税込) (APSキットを使用してさらに抽出を行い純度を高めて使用する場合) ※患者様の症状、その他の事情等により治療費が変動する場合があります。 なお、細胞の採取後や加工後に同意を撤回された場合など、同意を撤回される時点までに費用が発生している 場合は、発生した費用については患者様にご負担いただきますのでご了承ください。",,
B,P00432,F0024,近畿,兵庫県,医療法人社団弘道会 第2西原クリニック,医療法人社団弘道会 第2西原クリニック,医療法人社団弘道会 第2西原クリニック,第二種,自己脂肪由来幹細胞を用いた慢性疼痛の治療,脂肪由来幹細胞,AUTO,1.0,https://saiseiiryo.mhlw.go.jp/published_plan/download/03E2409017/5/0,1760000,税込,,,,8,,"せていただきます。 再生医療事務局 電話番号:072-778-9900 12.費用について 本治療は保険適用外であるため、治療にかかる費用全額をご自分で ご負担いただきます。その他、本治療を受けるために必要となった 旅費、交通費などの全ての費用もご自分でご負担いただきます。 本治療にかかる費用は¥1,760,000円(税込)となっております。 なお、脂肪の採取後や、細胞加工物の製造後に同意を撤回された場 合など、同意を撤回さ れる時点までに費用が発生している場合は、発生した費用について はあなたにご負担いただきますのでご了承ください。 13.他の治療法の有無、本治療法との比較について 他の治療法としては、薬物療法(飲み薬、湿布、トリガーポイント 注射",,
B,P00433,F0024,近畿,兵庫県,医療法人社団弘道会 第2西原クリニック,医療法人社団弘道会 第2西原クリニック,医療法人社団弘道会 第2西原クリニック,第二種,自己脂肪由来幹細胞を用いた変形性関節症の治療Ver.2,脂肪由来幹細胞,AUTO,1.0,https://saiseiiryo.mhlw.go.jp/published_plan/download/01E2412001/5/0,1650000,税込,1回,,,9,,"管理 者(院長)へと報告し対応します。 再生医療事務局 電話番号:072-778-9900 13.費用について 本治療は保険適用外であるため、治療にかかる費用全額をお支払い いただきます。その他、本治療を受けるために必要となった旅費、 交通費などの全ての費用も同様です。 本治療にかかる費用は、1回 1,650,000円(税込)です。 なお、同意を撤回された場合など、同意を撤回される時点までに発 生した費用(治療費等)についてはご負担ください。 14.他の治療法の有無、本治療法との比較について 変形性関節症の治療法には保存療法と手術療法の2つの方法があり ます。薬物投与、装具装着、リハビリテーションなどの保存療法で 効果がない場合は、手術療法が選択され",,
B,P00434,F0025,近畿,兵庫県,医療法人社団成道会 神戸関節症クリニック,医療法人社団成道会 神戸関節症クリニック,医療法人社団成道会 神戸関節症クリニック,第二種,PRP由来自己タンパク溶液（APS）の投与による軟骨損傷および変形性関節症治療,APS,AUTO,0.8969,https://saiseiiryo.mhlw.go.jp/published_plan/download/01E2211007/5/0,400000,不明,1 回,APS,Zimmer Biomet,7,,には否定できない 品質管理された安全性の高いもの だが、アレルギー反応などの可能性 を完全には否定できない 治療にかかる費用について この治療は公的保険の対象ではありませんので、当クリニックの所定の施術料をお支払いい ただきます。治療にかかる費用は初診料のほか、1 回の施術あたり30~40 万円です。ご不明 な点は医師・スタッフにお尋ねください。 その他治療についての注意事項 患者様の体調が良くない場合や、採取した血液の状態によっては、APS を分離できないこと があります。 その際には、再度採血をさせていただく場合があります。 また、APS を濃縮す,,
B,P00435,F0026,近畿,兵庫県,医療法人社団武部整形外科リハビリテーション,医療法人社団武部整形外科リハビリテーション,医療法人社団武部整形外科リハビリテーション,第二種,自家多血小板血漿（PRP）を用いた慢性関節炎の治療（関節内組織）,PRP,AUTO,0.9838,https://saiseiiryo.mhlw.go.jp/published_plan/download/01E2110023/5/0,44000,税込,2 回分,,,9,,"健康保険を使用することはできません。 (2) 本治療にかかる費用は、以下のとおりです。なお、費用は、治療に伴う診査、 PRP 調製のための採血にかかる費用、PRP 調製費用、注入にかかる費用の 総額となります。左右両側に投与する場合は、2 回分です。 PRP 療法1回(1 部位) 44,000 円(消費税込) 11. 試料等の保存及び廃棄の方法 患者様から採取した血液と作製したPRP は、患者様ご自身の治療のみに 使用します。ただし、症例検討や学会発表を目的として、血液やPRP の測 定を行い、データを取得することがあります。 血液およびPRP は微量で全量を使用するため、保管はしません。治療に 用いない血液ま",,
B,P00436,F0030,近畿,兵庫県,医療法人社団高遼会 整形外科たかひろクリニック,医療法人社団高遼会 整形外科たかひろクリニック,医療法人社団高遼会 整形外科たかひろクリニック,第二種,多血小板血漿（PRP）を用いた変形性関節症治療,PRP,AUTO,0.952,https://saiseiiryo.mhlw.go.jp/published_plan/download/01E2101025/5/0,100000,税別,,,,8,,"定性 PRP は患者様自身の血液から製造するため、品質がば らつく可能性がある。 医薬品として承認されてお り、品質は安定している アレルギーの 可能性 自家移植のため、極めて低い。 品質管理された安全性の高 いものだが、アレルギー反 応などの可能性を完全には 否定できない。 費用 100,000 円(税抜) 300,000 円(税抜) 保険適用:2000 円前後/回 (膝関節内投与の場合) 詳細やご不明な点は医師・スタッフまでお気軽にお尋ねください。 施術後、患者様の個人的な事情及び金銭等に関する問題に関しては一切の責を負いかねますのでご 了承ください。 投与後の経過観察について",,
B,P00436,F0030,近畿,兵庫県,医療法人社団高遼会 整形外科たかひろクリニック,医療法人社団高遼会 整形外科たかひろクリニック,医療法人社団高遼会 整形外科たかひろクリニック,第二種,多血小板血漿（PRP）を用いた変形性関節症治療,PRP,AUTO,0.952,https://saiseiiryo.mhlw.go.jp/published_plan/download/01E2101025/5/0,2000,税別,,,,6,,"能性がある。 医薬品として承認されてお り、品質は安定している アレルギーの 可能性 自家移植のため、極めて低い。 品質管理された安全性の高 いものだが、アレルギー反 応などの可能性を完全には 否定できない。 費用 100,000 円(税抜) 300,000 円(税抜) 保険適用:2000 円前後/回 (膝関節内投与の場合) 詳細やご不明な点は医師・スタッフまでお気軽にお尋ねください。 施術後、患者様の個人的な事情及び金銭等に関する問題に関しては一切の責を負いかねますのでご 了承ください。 投与後の経過観察について 本治療の安全性及び有効性の確保、患者様の健康",,
B,P00436,F0030,近畿,兵庫県,医療法人社団高遼会 整形外科たかひろクリニック,医療法人社団高遼会 整形外科たかひろクリニック,医療法人社団高遼会 整形外科たかひろクリニック,第二種,多血小板血漿（PRP）を用いた変形性関節症治療,PRP,AUTO,0.952,https://saiseiiryo.mhlw.go.jp/published_plan/download/01E2101025/5/0,300000,税別,,,,6,,"血液から製造するため、品質がば らつく可能性がある。 医薬品として承認されてお り、品質は安定している アレルギーの 可能性 自家移植のため、極めて低い。 品質管理された安全性の高 いものだが、アレルギー反 応などの可能性を完全には 否定できない。 費用 100,000 円(税抜) 300,000 円(税抜) 保険適用:2000 円前後/回 (膝関節内投与の場合) 詳細やご不明な点は医師・スタッフまでお気軽にお尋ねください。 施術後、患者様の個人的な事情及び金銭等に関する問題に関しては一切の責を負いかねますのでご 了承ください。 投与後の経過観察について 本治療の安",,
B,P00437,F0028,近畿,兵庫県,藤田整形外科 スポーツクリニック,藤田整形外科 スポーツクリニック,藤田整形外科 スポーツクリニック,第二種,慢性関節症に対する多血小板血漿（PRP）関節内投与療法,PRP,AUTO,1.0,https://saiseiiryo.mhlw.go.jp/published_plan/download/01E2506023/5/0,27500,税込,2 回分,,,9,,"ることはできません。 (2) 本治療にかかる費用は、以下のとおりです。なお、費用は、治療に伴う診査、 PRP 調製のための採血にかかる費用、PRP 調製費用、注入にかかる費用の 総額となります。左右両側に投与する場合は、2 回分です。 PRP 療法1回(1 部位) 27,500 円(税込) 11. 試料等の保存及び廃棄の方法 患者様から採取した血液と作製したPRP は、患者様ご自身の治療のみに 使用します。ただし、症例検討や学会発表を目的として、血液やPRP の測 定を行い、データを取得することがあります。 血液およびPRP は微量で全量を使用するため、保管はしません。治療に 用いない血液またはPR",,
B,P00438,F0029,近畿,兵庫県,野間総合診療クリニック,野間総合診療クリニック,野間総合診療クリニック,第二種,自家脂肪由来間葉系幹細胞を用いた慢性疼痛の治療,脂肪由来MSC,AUTO,1.0,https://saiseiiryo.mhlw.go.jp/published_plan/download/01E2607015/5/0,880000,税込,1回,,,7,,"10〜18 時 診察時間外の連絡方法:翌営業日に折り返し 14.費用について 細胞の提供に際して費用は発生しません。 本治療は保険適用外であるため、治療にかかる費用全額をご自分でご負担いただきます。本治 療にかかる費用は1回の投与毎に以下のとおりとなっております。 ・1億個投与:880,000円(税込) ・2億個投与:1,760,000円(税込) ・3億個投与:2,640,000円(税込) ※症状等の事情により金額は前後する可能性があります。 なお、脂肪の採取後や、細胞加工物の製造後に同意を撤回された場合など、同意を撤回される 時点までに費用が発生している場合は、発生した費用についてはあなたにご負担いただきますの で",,
B,P00438,F0029,近畿,兵庫県,野間総合診療クリニック,野間総合診療クリニック,野間総合診療クリニック,第二種,自家脂肪由来間葉系幹細胞を用いた慢性疼痛の治療,脂肪由来MSC,AUTO,1.0,https://saiseiiryo.mhlw.go.jp/published_plan/download/01E2607015/5/0,1760000,税込,1回,,,7,,"翌営業日に折り返し 14.費用について 細胞の提供に際して費用は発生しません。 本治療は保険適用外であるため、治療にかかる費用全額をご自分でご負担いただきます。本治 療にかかる費用は1回の投与毎に以下のとおりとなっております。 ・1億個投与:880,000円(税込) ・2億個投与:1,760,000円(税込) ・3億個投与:2,640,000円(税込) ※症状等の事情により金額は前後する可能性があります。 なお、脂肪の採取後や、細胞加工物の製造後に同意を撤回された場合など、同意を撤回される 時点までに費用が発生している場合は、発生した費用についてはあなたにご負担いただきますの でご了承ください。 また、本治療は必ず効果が得",,
B,P00438,F0029,近畿,兵庫県,野間総合診療クリニック,野間総合診療クリニック,野間総合診療クリニック,第二種,自家脂肪由来間葉系幹細胞を用いた慢性疼痛の治療,脂肪由来MSC,AUTO,1.0,https://saiseiiryo.mhlw.go.jp/published_plan/download/01E2607015/5/0,2640000,税込,1回,,,7,,"細胞の提供に際して費用は発生しません。 本治療は保険適用外であるため、治療にかかる費用全額をご自分でご負担いただきます。本治 療にかかる費用は1回の投与毎に以下のとおりとなっております。 ・1億個投与:880,000円(税込) ・2億個投与:1,760,000円(税込) ・3億個投与:2,640,000円(税込) ※症状等の事情により金額は前後する可能性があります。 なお、脂肪の採取後や、細胞加工物の製造後に同意を撤回された場合など、同意を撤回される 時点までに費用が発生している場合は、発生した費用についてはあなたにご負担いただきますの でご了承ください。 また、本治療は必ず効果が得られるものではなく、効果が得られなかった場合で",,
B,P00439,F0029,近畿,兵庫県,野間総合診療クリニック,野間総合診療クリニック,野間総合診療クリニック,第二種,自家脂肪由来間葉系幹細胞を用いた変形性関節症の治療,脂肪由来MSC,AUTO,1.0,https://saiseiiryo.mhlw.go.jp/published_plan/download/01E2607018/5/0,880000,税込,1回,,,12,5,"本治療は保険適用外であるため、治療にかかる費用全額をご自分でご負担いただきます。本治 療にかかる費用は1回の投与毎に以下のとおりとなっております。 ・0.5〜1億個投与:880,000円(税込) ・2億個投与:1,760,000円(税込) なお、脂肪の採取後や、細胞加工物の製造後に同意を撤回された場合など、同意を撤回される",line-level strong price context,
B,P00439,F0029,近畿,兵庫県,野間総合診療クリニック,野間総合診療クリニック,野間総合診療クリニック,第二種,自家脂肪由来間葉系幹細胞を用いた変形性関節症の治療,脂肪由来MSC,AUTO,1.0,https://saiseiiryo.mhlw.go.jp/published_plan/download/01E2607018/5/0,1760000,税込,1回,,,12,5,"療にかかる費用は1回の投与毎に以下のとおりとなっております。 ・0.5〜1億個投与:880,000円(税込) ・2億個投与:1,760,000円(税込) なお、脂肪の採取後や、細胞加工物の製造後に同意を撤回された場合など、同意を撤回される 時点までに費用が発生している場合は、発生した費用についてはあなたにご負担いただきますの",line-level strong price context,
B,P00440,F0018,近畿,兵庫県,医療法人社団リハケア会 西川整形外科リハビリクリニック,医療法人社団リハケア会 西川整形外科リハビリクリニック,医療法人社団リハケア会 西川整形外科リハビリクリニック,第三種,多血小板血漿（PRP）の投与によるスポーツ外傷を含む筋、腱、靱帯損傷治療,PRP,AUTO,1.0,https://saiseiiryo.mhlw.go.jp/published_plan/download/03E2402002/5/0,33000,税込,1回,GPS|MyCells,Zimmer Biomet|MyCells系,9,,"39, No. 6, 2011よ り 10. 治療にかかる費用につい て この治療は公的保険の対象ではありませんので、当病院所定の下記 の施術料をお支払いいただきます。 ・PRPを用いた治療(Mycells®キット)における施術料 33,000円 (税込) ・PRPを用いた治療(GPSIIIキット使用)における施術料 110,000円 (税込) ご不明な点は医師・スタッフにお尋ねください。なお1回の施術あ たりの費用は、患部の状態を確認した医師の判断、およびそれに応 じたPRP投与量等により変更となる場合がございます。 11. その他治療についての注意事 項",,
B,P00440,F0018,近畿,兵庫県,医療法人社団リハケア会 西川整形外科リハビリクリニック,医療法人社団リハケア会 西川整形外科リハビリクリニック,医療法人社団リハケア会 西川整形外科リハビリクリニック,第三種,多血小板血漿（PRP）の投与によるスポーツ外傷を含む筋、腱、靱帯損傷治療,PRP,AUTO,1.0,https://saiseiiryo.mhlw.go.jp/published_plan/download/03E2402002/5/0,110000,税込,1回,GPS|MyCells,Zimmer Biomet|MyCells系,9,,"この治療は公的保険の対象ではありませんので、当病院所定の下記 の施術料をお支払いいただきます。 ・PRPを用いた治療(Mycells®キット)における施術料 33,000円 (税込) ・PRPを用いた治療(GPSIIIキット使用)における施術料 110,000円 (税込) ご不明な点は医師・スタッフにお尋ねください。なお1回の施術あ たりの費用は、患部の状態を確認した医師の判断、およびそれに応 じたPRP投与量等により変更となる場合がございます。 11. その他治療についての注意事 項 患者様の体調が良くない場合や、採取した血液の",,
B,P00441,F0019,近畿,兵庫県,医療法人社団佳和会 中山クリニック,医療法人社団佳和会 中山クリニック,医療法人社団佳和会 中山クリニック,第三種,多血小板血漿を用いた整形外科領域（関節腔内への投与を除く）の治療,PRP,AUTO,1.0,https://saiseiiryo.mhlw.go.jp/published_plan/download/01E2408002/5/0,55000,税込,,GPS,Zimmer Biomet,8,,"窓口(担当部門:臨床検査部) 電話番号:078-935-6060 14.費用について 細胞の提供に際して費用は発生しません。 治療の提供に際しては、本治療は公的保険の対象ではありませんので、当院所定の施術料とし て以下の金額をお支払いいただきます。 ・Condensiaシステム:55,000 円(税込) ・GPS®IIIシステム:一般99,000 円・学生88,000 円(税込) ※患者様の症状、その他の事情等により治療費が変動する場合があります。 なお、細胞の採取後や加工後に同意を撤回された場合など、同意を撤回される時点までに費用 が発生している場合は、発生した費用については患者様にご負担いただきますのでご了承くださ",,
B,P00441,F0019,近畿,兵庫県,医療法人社団佳和会 中山クリニック,医療法人社団佳和会 中山クリニック,医療法人社団佳和会 中山クリニック,第三種,多血小板血漿を用いた整形外科領域（関節腔内への投与を除く）の治療,PRP,AUTO,1.0,https://saiseiiryo.mhlw.go.jp/published_plan/download/01E2408002/5/0,88000,税込,,GPS,Zimmer Biomet,8,,".費用について 細胞の提供に際して費用は発生しません。 治療の提供に際しては、本治療は公的保険の対象ではありませんので、当院所定の施術料とし て以下の金額をお支払いいただきます。 ・Condensiaシステム:55,000 円(税込) ・GPS®IIIシステム:一般99,000 円・学生88,000 円(税込) ※患者様の症状、その他の事情等により治療費が変動する場合があります。 なお、細胞の採取後や加工後に同意を撤回された場合など、同意を撤回される時点までに費用 が発生している場合は、発生した費用については患者様にご負担いただきますのでご了承くださ い。 15.他の治療法の有無、本治療法との比較について 靭帯・腱及び腱",,
B,P00441,F0019,近畿,兵庫県,医療法人社団佳和会 中山クリニック,医療法人社団佳和会 中山クリニック,医療法人社団佳和会 中山クリニック,第三種,多血小板血漿を用いた整形外科領域（関節腔内への投与を除く）の治療,PRP,AUTO,1.0,https://saiseiiryo.mhlw.go.jp/published_plan/download/01E2408002/5/0,99000,税込,,GPS,Zimmer Biomet,8,,"-6060 14.費用について 細胞の提供に際して費用は発生しません。 治療の提供に際しては、本治療は公的保険の対象ではありませんので、当院所定の施術料とし て以下の金額をお支払いいただきます。 ・Condensiaシステム:55,000 円(税込) ・GPS®IIIシステム:一般99,000 円・学生88,000 円(税込) ※患者様の症状、その他の事情等により治療費が変動する場合があります。 なお、細胞の採取後や加工後に同意を撤回された場合など、同意を撤回される時点までに費用 が発生している場合は、発生した費用については患者様にご負担いただきますのでご了承くださ い。 15.他の治療法の有無、本治療法との比較につ",,
B,P00442,F0014,近畿,兵庫県,医療法人社団S＆J しばはら整形外科スポーツ関節クリニック,医療法人社団S＆J しばはら整形外科スポーツ関節クリニック,医療法人社団S＆J しばはら整形外科スポーツ関節クリニック,第三種,自家多血小板血漿（PRP）を用いた筋肉、腱、靭帯、筋膜の損傷及び慢性炎症の治療（関節外の軟部組織）,PRP,QC,1.0,https://saiseiiryo.mhlw.go.jp/published_plan/download/01E2509002/5/0,39600,税込,,ACP,Arthrex,6,8,"費用(税込み) ACP-PRP 39,600 円 Condensia 39,600 円",price candidates remain ambiguous,
B,P00442,F0014,近畿,兵庫県,医療法人社団S＆J しばはら整形外科スポーツ関節クリニック,医療法人社団S＆J しばはら整形外科スポーツ関節クリニック,医療法人社団S＆J しばはら整形外科スポーツ関節クリニック,第三種,自家多血小板血漿（PRP）を用いた筋肉、腱、靭帯、筋膜の損傷及び慢性炎症の治療（関節外の軟部組織）,PRP,QC,1.0,https://saiseiiryo.mhlw.go.jp/published_plan/download/01E2509002/5/0,39600,不明,,GPS,Zimmer Biomet,2,8,"39,600 円 Condensia 39,600 円 GPSIII 110,000 円",price candidates remain ambiguous,
B,P00442,F0014,近畿,兵庫県,医療法人社団S＆J しばはら整形外科スポーツ関節クリニック,医療法人社団S＆J しばはら整形外科スポーツ関節クリニック,医療法人社団S＆J しばはら整形外科スポーツ関節クリニック,第三種,自家多血小板血漿（PRP）を用いた筋肉、腱、靭帯、筋膜の損傷及び慢性炎症の治療（関節外の軟部組織）,PRP,QC,1.0,https://saiseiiryo.mhlw.go.jp/published_plan/download/01E2509002/5/0,110000,不明,,ACP MAX|ACP|GPS,Arthrex|Zimmer Biomet,2,8,"39,600 円 GPSIII 110,000 円 HD-PRP(ACP MAX 使用) 149,600 円",price candidates remain ambiguous,
B,P00442,F0014,近畿,兵庫県,医療法人社団S＆J しばはら整形外科スポーツ関節クリニック,医療法人社団S＆J しばはら整形外科スポーツ関節クリニック,医療法人社団S＆J しばはら整形外科スポーツ関節クリニック,第三種,自家多血小板血漿（PRP）を用いた筋肉、腱、靭帯、筋膜の損傷及び慢性炎症の治療（関節外の軟部組織）,PRP,QC,1.0,https://saiseiiryo.mhlw.go.jp/published_plan/download/01E2509002/5/0,149600,不明,,ACP MAX|ACP|Angel,Arthrex,2,8,"110,000 円 HD-PRP(ACP MAX 使用) 149,600 円 HD-PRP(Angel 使用) 330,000 円",price candidates remain ambiguous,
B,P00442,F0014,近畿,兵庫県,医療法人社団S＆J しばはら整形外科スポーツ関節クリニック,医療法人社団S＆J しばはら整形外科スポーツ関節クリニック,医療法人社団S＆J しばはら整形外科スポーツ関節クリニック,第三種,自家多血小板血漿（PRP）を用いた筋肉、腱、靭帯、筋膜の損傷及び慢性炎症の治療（関節外の軟部組織）,PRP,QC,1.0,https://saiseiiryo.mhlw.go.jp/published_plan/download/01E2509002/5/0,330000,不明,,APS|Angel,Zimmer Biomet|Arthrex,2,8,"149,600 円 HD-PRP(Angel 使用) 330,000 円 APS 330,000 円",price candidates remain ambiguous,
B,P00443,F0021,近畿,兵庫県,「夢」整形外科スポーツクリニック,「夢」整形外科スポーツクリニック,「夢」整形外科スポーツクリニック,第三種,四肢の筋・腱・靱帯及びその付着部の傷害を対象とした自家多血小板血漿（PRP）注入療法,PRP,AUTO,1.0,https://saiseiiryo.mhlw.go.jp/published_plan/download/01E2601010/5/0,25000,税込,1 回,,,9,,"由診療です。そのため、患者様の費用負担が 他の治療よりも高額になることがあります。当院において実施される本治療および本治 療に必要な検査などの費用は全額自己負担となります。 PRP 治療の提供価格(京セラCondensia システム使用) 一般:1 回35,000 円(税込) 学生:1 回25,000 円(税込) ※患者様の症状によっては、治療を数回行うことがあります。治療前、または治療後 の状態から担当医師が判断し、患者様にお伝えしご相談させて頂きます。 ※治療内容・回数により1回あたりの費用が減額される場合がございます。施術する 前に詳細な説明をいたしますので、ご納得いただいた上で施術いただきますようお 願い申し上げます。",,
B,P00443,F0021,近畿,兵庫県,「夢」整形外科スポーツクリニック,「夢」整形外科スポーツクリニック,「夢」整形外科スポーツクリニック,第三種,四肢の筋・腱・靱帯及びその付着部の傷害を対象とした自家多血小板血漿（PRP）注入療法,PRP,AUTO,1.0,https://saiseiiryo.mhlw.go.jp/published_plan/download/01E2601010/5/0,35000,税込,1 回,,,9,,"この治療は、健康保険が適用されない自由診療です。そのため、患者様の費用負担が 他の治療よりも高額になることがあります。当院において実施される本治療および本治 療に必要な検査などの費用は全額自己負担となります。 PRP 治療の提供価格(京セラCondensia システム使用) 一般:1 回35,000 円(税込) 学生:1 回25,000 円(税込) ※患者様の症状によっては、治療を数回行うことがあります。治療前、または治療後 の状態から担当医師が判断し、患者様にお伝えしご相談させて頂きます。 ※治療内容・回数により1回あたりの費用が減額される場合がございます。施術する 前に詳細な説明をいたしますので、ご納得いただいた上で施術い",,
B,P00443,F0021,近畿,兵庫県,「夢」整形外科スポーツクリニック,「夢」整形外科スポーツクリニック,「夢」整形外科スポーツクリニック,第三種,四肢の筋・腱・靱帯及びその付着部の傷害を対象とした自家多血小板血漿（PRP）注入療法,PRP,AUTO,1.0,https://saiseiiryo.mhlw.go.jp/published_plan/download/01E2601010/5/0,15000,不明,,,,-8,,"受けた後に同意されない場合でも、一切不利益を受けることはありません。 また同様に、治療を受けることに同意した場合であっても、投与までの間でしたらい つでも取りやめることができます。その場合、その後の治療について一切不利益は受け ません。(ただし下記のキャンセル料は申し受けます) 採血後~加工前 15,000 円 加工後~投与前 全額 もしこの治療を受けることに同意しない場合も、最適と考えられる治療を実施できる ように患者様の治療に最善を尽くします。 ただし、治療を行った後は、健康管理のために必要に応じて適切な検査を受けていた だき、医学的に問題がないかを確認させていただきます。 11. 試料等の保管及び廃棄の方法について",,
B,P00444,F0015,近畿,兵庫県,あまのペインクリニック,あまのペインクリニック,あまのペインクリニック,第三種,自己多血小板血漿（PRP）を用いた筋・腱・靭帯等の軟部組織治療,PRP,QC,1.0,https://saiseiiryo.mhlw.go.jp/published_plan/download/01E2110005/5/0,30000,税込,,,,4,1,"る場合があります。 □ 治療費は スモールスピッツ:約10mlの場合 1 本あたり 30,000 円 (税込み価格) ラージスピッツ :約 20mlの場合 1 本あたり 50,000 円",price candidates remain ambiguous,
B,P00444,F0015,近畿,兵庫県,あまのペインクリニック,あまのペインクリニック,あまのペインクリニック,第三種,自己多血小板血漿（PRP）を用いた筋・腱・靭帯等の軟部組織治療,PRP,QC,1.0,https://saiseiiryo.mhlw.go.jp/published_plan/download/01E2110005/5/0,50000,税込,,,,4,1,"スモールスピッツ:約10mlの場合 1 本あたり 30,000 円 (税込み価格) ラージスピッツ :約 20mlの場合 1 本あたり 50,000 円 (税込み価格) です。 □ 細胞提供者と受領者(施術対象者)は同一人のため、細胞提供者",price candidates remain ambiguous,
B,P00445,F0016,近畿,兵庫県,かいと整形外科リハビリクリニック,かいと整形外科リハビリクリニック,かいと整形外科リハビリクリニック,第三種,四肢の筋・腱・靱帯及びその付着部の傷害を対象とした自家多血小板血漿（PRP）注入療法,PRP,AUTO,1.0,https://saiseiiryo.mhlw.go.jp/published_plan/download/01E2604002/5/0,33000,税込,1 回,,,9,,"されない自由診療です。そのため、患者様の費用負担が 他の治療よりも高額になることがあります。当院において実施される本治療および本治 療に必要な検査などの費用は全額自己負担となります。 血液分離専用容器キットによる提供価格 PRP:(京セラCondensia システム)使用 ・・・・・1 回33,000 円(税込) ※患者様の症状によっては、治療を数回行うことがあります。治療前、または治療後 の状態から担当医師が判断し、患者様にお伝えしご相談させて頂きます。 ※治療内容・回数により1回あたりの費用が減額される場合がございます。施術する 前に詳細な説明をいたしますので、ご納得いただいた上で施術いただきますようお 願い申し上げます。",,
B,P00446,F0017,近畿,兵庫県,かみはらペインクリニック,かみはらペインクリニック,かみはらペインクリニック,第三種,自己多血小板血漿（PRP）を用いた筋・腱・靭帯の損傷及び慢性炎症に対する治療,PRP,AUTO,1.0,https://saiseiiryo.mhlw.go.jp/published_plan/download/01E2412007/5/0,44000,税込,1部位,,,13,5,"完全には否定できない ≪治療費用≫ □治療費は、1部位 44,000円(税込)です。患部の状態を 確認した医師の判断、およびそれに応じたPRPの投与量等により 変更となる場合があります。",line-level strong price context,
B,P00447,F0134,近畿,奈良県,グランソール奈良,グランソール奈良,グランソール奈良,第二種,変形性関節症など運動器変性疾患およびスポーツ傷害に対する自己脂肪組織由来幹細胞治療,脂肪由来幹細胞,QC,1.0,https://saiseiiryo.mhlw.go.jp/published_plan/download/01E2407012/5/0,,,,,,,,,no price found after text/OCR pass,RuntimeError: Tesseract process timeout
B,P00448,F0135,近畿,奈良県,一般財団法人 沢井病院,一般財団法人 沢井病院,一般財団法人 沢井病院,第二種,多血小板血漿（PRP）の投与による変形性関節症治療,PRP,AUTO,1.0,https://saiseiiryo.mhlw.go.jp/published_plan/download/02E2412016/5/0,100000,税込,1 回,APS,Zimmer Biomet,8,,"療にかかる費用について この治療は公的保険の対象ではありませんので、当院の所定の施術料をお支払いいただきま す。 ・濃縮PRP を用いた治療(APS キット使用)における施術料 300,000 円(税込) ・PRP を用いた治療(Condensia システム使用)における施術料 100,000 円(税込) ご不明な点は医師・スタッフにお尋ねください。なお1 回の施術あたりの費用は、患部の状 態を確認した医師の判断、PRP の遠心回数等により変更となる場合がございます。 12. その他治療についての注意事項 患者様の体調が良くない場合や、採取した血液の状態によっては、P",,
B,P00448,F0135,近畿,奈良県,一般財団法人 沢井病院,一般財団法人 沢井病院,一般財団法人 沢井病院,第二種,多血小板血漿（PRP）の投与による変形性関節症治療,PRP,AUTO,1.0,https://saiseiiryo.mhlw.go.jp/published_plan/download/02E2412016/5/0,300000,税込,1 回,APS,Zimmer Biomet,8,,"品質管理された安全性の高いもの だが、アレルギー反応などの可能性 を完全には否定できない 11. 治療にかかる費用について この治療は公的保険の対象ではありませんので、当院の所定の施術料をお支払いいただきま す。 ・濃縮PRP を用いた治療(APS キット使用)における施術料 300,000 円(税込) ・PRP を用いた治療(Condensia システム使用)における施術料 100,000 円(税込) ご不明な点は医師・スタッフにお尋ねください。なお1 回の施術あたりの費用は、患部の状 態を確認した医師の判断、PRP の遠心回数等により変更となる場合がございます。 12. その他治療についての注意事項",,
B,P00449,F0137,近畿,奈良県,医療法人新生会 総合病院 高の原中央病院,医療法人新生会 総合病院 高の原中央病院,医療法人新生会 総合病院 高の原中央病院,第二種,自家多血小板血漿（PRP）を用いた慢性関節炎の治療（関節内組織）,PRP,QC,0.9838,https://saiseiiryo.mhlw.go.jp/published_plan/download/01E2510030/5/0,66000,税込,,ACP MAX|ACP,Arthrex,6,9,"費用(税込) ACP-PRP 66,000円 ACP MAX 220,000円",price candidates remain ambiguous,
B,P00449,F0137,近畿,奈良県,医療法人新生会 総合病院 高の原中央病院,医療法人新生会 総合病院 高の原中央病院,医療法人新生会 総合病院 高の原中央病院,第二種,自家多血小板血漿（PRP）を用いた慢性関節炎の治療（関節内組織）,PRP,QC,0.9838,https://saiseiiryo.mhlw.go.jp/published_plan/download/01E2510030/5/0,330000,不明,,APS|GPS,Zimmer Biomet,5,9,"220,000円 GPSIII・APS 330,000円 ※上記費用は、PRPキット1本使用時の費用として算定しております。 ※複数本数を使用する場合には、使用したPRPキット本数分の費用がかかります。",price candidates remain ambiguous,
B,P00449,F0137,近畿,奈良県,医療法人新生会 総合病院 高の原中央病院,医療法人新生会 総合病院 高の原中央病院,医療法人新生会 総合病院 高の原中央病院,第二種,自家多血小板血漿（PRP）を用いた慢性関節炎の治療（関節内組織）,PRP,QC,0.9838,https://saiseiiryo.mhlw.go.jp/published_plan/download/01E2510030/5/0,220000,不明,,ACP MAX|ACP|APS|GPS,Arthrex|Zimmer Biomet,2,9,"66,000円 ACP MAX 220,000円 GPSIII・APS 330,000円",price candidates remain ambiguous,
B,P00450,F0140,近畿,奈良県,医療法人興生会 吉本整形外科・外科病院,医療法人興生会 吉本整形外科・外科病院,医療法人興生会 吉本整形外科・外科病院,第二種,自家多血小板血漿（PRP）を用いた慢性関節炎の治療（関節内組織）,PRP,QC,0.9838,https://saiseiiryo.mhlw.go.jp/published_plan/download/01E2407015/5/0,,,,,,,,,no price found after text/OCR pass,RuntimeError: Tesseract process timeout
B,P00451,F0138,近畿,奈良県,社会医療法人 松本快生会 西奈良中央病院,社会医療法人 松本快生会 西奈良中央病院,社会医療法人 松本快生会 西奈良中央病院,第二種,変形性関節症に対する多血小板血漿（PRP）関節内投与療法,PRP,AUTO,1.0,https://saiseiiryo.mhlw.go.jp/published_plan/download/03E2408004/5/0,110000,税込,,APS|GPS|PEAK,Zimmer Biomet|PEAK系,8,,"胞の提供に際して費用は発生しません。 治療の提供に際しては、本治療は公的保険の対象ではありませんので、当院所定の施術料として以下の金額 をお支払いいただきます。 1PEAK Platelet Rich Plasma System使用 220,000円(税込) 2GPS®IIIシステム使用 110,000円(税込) 3GPS®IIIシステム+APSキット使用 330,000円(税込) ※患者様の症状、その他の事情等により治療費が変動する場合があります。 なお、細胞の採取後や加工後に同意を撤回された場合など、同意を撤回される時点までに費用が発生している 場合は、発生した費用については患者様にご負担いただきますのでご了承ください。",,
B,P00451,F0138,近畿,奈良県,社会医療法人 松本快生会 西奈良中央病院,社会医療法人 松本快生会 西奈良中央病院,社会医療法人 松本快生会 西奈良中央病院,第二種,変形性関節症に対する多血小板血漿（PRP）関節内投与療法,PRP,AUTO,1.0,https://saiseiiryo.mhlw.go.jp/published_plan/download/03E2408004/5/0,220000,税込,,APS|GPS|PEAK,Zimmer Biomet|PEAK系,8,,":0742-43-3333 14.費用について 細胞の提供に際して費用は発生しません。 治療の提供に際しては、本治療は公的保険の対象ではありませんので、当院所定の施術料として以下の金額 をお支払いいただきます。 1PEAK Platelet Rich Plasma System使用 220,000円(税込) 2GPS®IIIシステム使用 110,000円(税込) 3GPS®IIIシステム+APSキット使用 330,000円(税込) ※患者様の症状、その他の事情等により治療費が変動する場合があります。 なお、細胞の採取後や加工後に同意を撤回された場合など、同意を撤回される時点までに費用が発生している 場合は、発生した費用に",,
B,P00451,F0138,近畿,奈良県,社会医療法人 松本快生会 西奈良中央病院,社会医療法人 松本快生会 西奈良中央病院,社会医療法人 松本快生会 西奈良中央病院,第二種,変形性関節症に対する多血小板血漿（PRP）関節内投与療法,PRP,AUTO,1.0,https://saiseiiryo.mhlw.go.jp/published_plan/download/03E2408004/5/0,330000,税込,,APS|GPS|PEAK,Zimmer Biomet|PEAK系,8,,"的保険の対象ではありませんので、当院所定の施術料として以下の金額 をお支払いいただきます。 1PEAK Platelet Rich Plasma System使用 220,000円(税込) 2GPS®IIIシステム使用 110,000円(税込) 3GPS®IIIシステム+APSキット使用 330,000円(税込) ※患者様の症状、その他の事情等により治療費が変動する場合があります。 なお、細胞の採取後や加工後に同意を撤回された場合など、同意を撤回される時点までに費用が発生している 場合は、発生した費用については患者様にご負担いただきますのでご了承ください。 15.他の治療法の有無、本治療法との比較について 変形性関節症をは",,
B,P00452,F0139,近畿,奈良県,社会医療法人高清会 香芝高清会病院,社会医療法人高清会 香芝高清会病院,社会医療法人高清会 香芝高清会病院,第二種,変形性関節症に対する多血小板血漿（PRP）関節内投与療法,PRP,AUTO,1.0,https://saiseiiryo.mhlw.go.jp/published_plan/download/01E2607010/5/0,110000,税込,,APS,Zimmer Biomet,8,,"iba-kouseikai.jp 14.費用について 細胞の提供に際して費用は発生しません。 治療の提供に際しては、本治療は公的保険の対象ではありませんので、当院所定の施術料として以下の金額 をお支払いいただきます。 APS 療法 (税込)341,000円 PRP 療法 (税込)110,000円 ※患者様の症状、その他の事情等により治療費が変動する場合があります。 なお、細胞の加工開始後に同意を撤回された場合、同意を撤回される時点でキット代が費用として発生している ため、キット代については患者様にご負担いただきますのでご了承ください。 15.他の治療法の有無、本治療法との比較について 変形性関節症をはじめとする関",,
B,P00452,F0139,近畿,奈良県,社会医療法人高清会 香芝高清会病院,社会医療法人高清会 香芝高清会病院,社会医療法人高清会 香芝高清会病院,第二種,変形性関節症に対する多血小板血漿（PRP）関節内投与療法,PRP,AUTO,1.0,https://saiseiiryo.mhlw.go.jp/published_plan/download/01E2607010/5/0,341000,税込,,APS,Zimmer Biomet,8,,"営業時間外の連絡先:soumu@kashiba-kouseikai.jp 14.費用について 細胞の提供に際して費用は発生しません。 治療の提供に際しては、本治療は公的保険の対象ではありませんので、当院所定の施術料として以下の金額 をお支払いいただきます。 APS 療法 (税込)341,000円 PRP 療法 (税込)110,000円 ※患者様の症状、その他の事情等により治療費が変動する場合があります。 なお、細胞の加工開始後に同意を撤回された場合、同意を撤回される時点でキット代が費用として発生している ため、キット代については患者様にご負担いただきますのでご了承ください。 15.他の治療法の有無、本治療法との",,
B,P00453,F0136,近畿,奈良県,社会福祉法人 恩賜財団済生会奈良病院,社会福祉法人 恩賜財団済生会奈良病院,社会福祉法人 恩賜財団済生会奈良病院,第二種,多血小板血漿（PRP）を用いた変形性関節症治療,PRP,AUTO,0.952,https://saiseiiryo.mhlw.go.jp/published_plan/download/01E2104001/5/0,300000,税別,,,,8,5,"費用 100,000 円(税抜) 300,000 円(税抜) 保険適用:2000 円前後/回 (膝関節内投与の場合)",line-level medium price context,
B,P00453,F0136,近畿,奈良県,社会福祉法人 恩賜財団済生会奈良病院,社会福祉法人 恩賜財団済生会奈良病院,社会福祉法人 恩賜財団済生会奈良病院,第二種,多血小板血漿（PRP）を用いた変形性関節症治療,PRP,AUTO,0.952,https://saiseiiryo.mhlw.go.jp/published_plan/download/01E2104001/5/0,100000,税別,,,,7,5,"【PRP】1_07_説明文書同意書_済生会奈良病院 費用 100,000 円(税抜) 300,000 円(税抜) 保険適用:2000 円前後/回",line-level medium price context,
B,P00454,F0141,近畿,奈良県,近畿大学奈良病院,近畿大学奈良病院,近畿大学奈良病院,第二種,変形性関節症に対する多血小板血漿関節内注入療法,PRP,AUTO,1.0,https://saiseiiryo.mhlw.go.jp/published_plan/download/02E2309019/5/0,49000,税込,,GPS,Zimmer Biomet,9,8,"には否定できない。 費用 コンデンシア 49,000円GPS®III 150,000 円 (いずれも税込) 300,000 円(税込)",line-level strong price context,
B,P00454,F0141,近畿,奈良県,近畿大学奈良病院,近畿大学奈良病院,近畿大学奈良病院,第二種,変形性関節症に対する多血小板血漿関節内注入療法,PRP,AUTO,1.0,https://saiseiiryo.mhlw.go.jp/published_plan/download/02E2309019/5/0,150000,税込,,GPS,Zimmer Biomet,9,8,"には否定できない。 費用 コンデンシア 49,000円GPS®III 150,000 円 (いずれも税込) 300,000 円(税込)",line-level strong price context,
B,P00455,F0140,近畿,奈良県,医療法人興生会 吉本整形外科・外科病院,医療法人興生会 吉本整形外科・外科病院,医療法人興生会 吉本整形外科・外科病院,第三種,自家多血小板血漿（PRP）を用いた筋肉、腱、靭帯、筋膜の損傷及び慢性炎症の治療（関節腔外）,PRP,QC,0.9988,https://saiseiiryo.mhlw.go.jp/published_plan/download/01E2407016/5/0,,,,,,,,,no price found after text/OCR pass,RuntimeError: Tesseract process timeout
B,P00456,F0138,近畿,奈良県,社会医療法人 松本快生会 西奈良中央病院,社会医療法人 松本快生会 西奈良中央病院,社会医療法人 松本快生会 西奈良中央病院,第三種,多血小板血漿を用いた整形外科領域（関節腔内への投与を除く）の治療,PRP,AUTO,1.0,https://saiseiiryo.mhlw.go.jp/published_plan/download/03E2408005/5/0,110000,税込,,GPS|PEAK,Zimmer Biomet|PEAK系,8,,"窓口部署:事務部 医事課 連絡先:0742-43-3333 14.費用について 細胞の提供に際して費用は発生しません。 治療の提供に際しては、本治療は公的保険の対象ではありませんので、当院所定の施術料として以下の 金額をお支払いいただきます。 1GPSIIIシステム使用 110,000円(税込) 2PEAK Platelet Rich Plasma System 使用 220,000円(税込) ※患者様の症状、その他の事情等により治療費が変動する場合があります。 なお、細胞の採取後や加工後に同意を撤回された場合など、同意を撤回される時点までに費用が発生し ている場合は、発生した費用については患者様にご負担いた",,
B,P00456,F0138,近畿,奈良県,社会医療法人 松本快生会 西奈良中央病院,社会医療法人 松本快生会 西奈良中央病院,社会医療法人 松本快生会 西奈良中央病院,第三種,多血小板血漿を用いた整形外科領域（関節腔内への投与を除く）の治療,PRP,AUTO,1.0,https://saiseiiryo.mhlw.go.jp/published_plan/download/03E2408005/5/0,220000,税込,,GPS|PEAK,Zimmer Biomet|PEAK系,8,,"の提供に際して費用は発生しません。 治療の提供に際しては、本治療は公的保険の対象ではありませんので、当院所定の施術料として以下の 金額をお支払いいただきます。 1GPSIIIシステム使用 110,000円(税込) 2PEAK Platelet Rich Plasma System 使用 220,000円(税込) ※患者様の症状、その他の事情等により治療費が変動する場合があります。 なお、細胞の採取後や加工後に同意を撤回された場合など、同意を撤回される時点までに費用が発生し ている場合は、発生した費用については患者様にご負担いただきますのでご了承ください。 15.他の治療法の有無、本治療法との比較について 靭帯・腱及び腱",,
B,P00457,F0139,近畿,奈良県,社会医療法人高清会 香芝高清会病院,社会医療法人高清会 香芝高清会病院,社会医療法人高清会 香芝高清会病院,第三種,多血小板血漿を用いた整形外科領域（関節腔内への投与を除く）の治療,PRP,AUTO,1.0,https://saiseiiryo.mhlw.go.jp/published_plan/download/01E2607013/5/0,110000,税込,,,,8,,"営業時間外の連絡先:soumu@kashiba-kouseikai.jp 14.費用について 細胞の提供に際して費用は発生しません。 治療の提供に際しては、本治療は公的保険の対象ではありませんので、当院所定の施術料として以下の金額 をお支払いいただきます。 PRP 療法 (税込)110,000円 ※患者様の症状、その他の事情等により治療費が変動する場合があります。 なお、細胞の加工開始後に同意を撤回された場合、同意を撤回される時点でキット代が費用として発生している ため、キット代については患者様にご負担いただきますのでご了承ください。 15.他の治療法の有無、本治療法との比較について 靭帯・腱及び腱付着部の機能障",,
B,P00458,F0072,近畿,和歌山県,伏虎リハビリテーション病院,伏虎リハビリテーション病院,伏虎リハビリテーション病院,第二種,自己多血小板血漿（PRP）の投与による変形性関節症の疼痛緩和を目的とした治療,PRP,AUTO,1.0,https://saiseiiryo.mhlw.go.jp/published_plan/download/02E2405013/5/0,100000,税別,1 回,APS|GPS,Zimmer Biomet,8,,"PRP の投与による変形性関節症の疼痛緩和を目的とした治療に関する説明文・同意文書 9 治療にかかる費用について この治療は公的保険の対象ではありませんので、当施設にて施術料をお支払いいただきます。 ・PRP を用いた治療(GPSIIIシステム使用)における施術料 1 回 100,000円 (税抜) ・濃縮PRP(APS)を用いた治療(APS キット使用) における施術料 1 回 270,000円 (税抜) APS キットにより製造される濃縮PRP(APS)を用いた治療では、半年~1年以上の治療効果が期待 できる一方で、GPSIIIシステムで製造したPRPを用いた治療では、複数回の投与が必要となる場合があり ます",,
B,P00458,F0072,近畿,和歌山県,伏虎リハビリテーション病院,伏虎リハビリテーション病院,伏虎リハビリテーション病院,第二種,自己多血小板血漿（PRP）の投与による変形性関節症の疼痛緩和を目的とした治療,PRP,AUTO,1.0,https://saiseiiryo.mhlw.go.jp/published_plan/download/02E2405013/5/0,270000,税別,1 回,APS|GPS,Zimmer Biomet,8,,"かる費用について この治療は公的保険の対象ではありませんので、当施設にて施術料をお支払いいただきます。 ・PRP を用いた治療(GPSIIIシステム使用)における施術料 1 回 100,000円 (税抜) ・濃縮PRP(APS)を用いた治療(APS キット使用) における施術料 1 回 270,000円 (税抜) APS キットにより製造される濃縮PRP(APS)を用いた治療では、半年~1年以上の治療効果が期待 できる一方で、GPSIIIシステムで製造したPRPを用いた治療では、複数回の投与が必要となる場合があり ます。ご不明な点は医師・スタッフにお尋ねください。 ※患者様の症状により施術料が変わる場合は別途、ご説明いたします。",,
B,P00459,F0071,近畿,和歌山県,医療法人たちばな会 西岡病院,医療法人たちばな会 西岡病院,医療法人たちばな会 西岡病院,第二種,多血小板血漿（PRP）を用いた変形性関節症治療,PRP,AUTO,0.952,https://saiseiiryo.mhlw.go.jp/published_plan/download/02E2511003/5/0,130000,税別,,,,9,5,"治療にかかる費用について この治療は公的保険の対象ではありませんので、当院の所定の施術料をお支払いいただきます。 ・治療費:130,000円(税抜) 症状などにより治療費は変動する可能性がございます。 詳細やご不明な点は医師またはスタッフにお尋ね下さい。",line-level strong price context,
B,P00460,F0073,近畿,和歌山県,医療法人優真会 やなせ整形外科,医療法人優真会 やなせ整形外科,医療法人優真会 やなせ整形外科,第二種,変形性関節症を対象とした自家多血小板血漿（PRP）注入療法,PRP,AUTO,1.0,https://saiseiiryo.mhlw.go.jp/published_plan/download/01E2503007/5/0,50000,税込,1回,,,9,,"保険がご使用できない自由診療です。そのため、患者様の費用負担が他 の治療よりも高額になることがあります。当院において実施される本治療および本治療に必 要な検査などの費用は全額自己負担となります。 血液分離専用容器キットによる施術料: 2 種:PRP【京セラ コンデンシアキット 使用】 1回50,000 円(税込) ※患者様の症状によっては、治療を数回行うことがあります。治療前、または治療後の状 態から担当医師が判断し、患者様にお伝えしご相談させて頂きます。 ※治療内容・回数により1回あたりの費用が減額される場合がございます。施術する前に 詳細な説明をいたしますので、ご納得いただいた上で治療をお受けいただけますようお願い 申し上げます。",,
B,P00461,F0075,近畿,和歌山県,医療法人琉憲会 ナカイマ整形外科クリニック,医療法人琉憲会 ナカイマ整形外科クリニック,医療法人琉憲会 ナカイマ整形外科クリニック,第二種,自家多血小板血漿（PRP）を用いた慢性関節炎の治療（関節内組織）,PRP,AUTO,0.9838,https://saiseiiryo.mhlw.go.jp/published_plan/download/02E2407029/5/0,55000,税込,両側,,,12,7,"6 用の総額となります。左右両側に投与する場合は、2 回分です。 PRP 1 回分(1 部位) 55,000 円(税込) (3) 採血を開始してからキャンセルされた場合は、費用の全額をご負担いた だきます。",line-level strong price context,
B,P00462,F0076,近畿,和歌山県,医療法人須佐病院,医療法人須佐病院,医療法人須佐病院,第二種,自家多血小板血漿（PRP）を用いた変形性関節症の治療,PRP,QC,0.9673,https://saiseiiryo.mhlw.go.jp/published_plan/download/01E2407018/5/0,3300,税込,,,,4,8,"一般的な治療費用は下記のとおりです。(税込表記) 診察料(診察のみの場合) 3,300 円 血液検査(初診料込) 14,300 円",price candidates remain ambiguous,
B,P00462,F0076,近畿,和歌山県,医療法人須佐病院,医療法人須佐病院,医療法人須佐病院,第二種,自家多血小板血漿（PRP）を用いた変形性関節症の治療,PRP,QC,0.9673,https://saiseiiryo.mhlw.go.jp/published_plan/download/01E2407018/5/0,14300,不明,1部位,,,3,8,"3,300 円 血液検査(初診料込) 14,300 円 PRP 関節内注射(1部位、1 回) 250,000 円",price candidates remain ambiguous,
B,P00462,F0076,近畿,和歌山県,医療法人須佐病院,医療法人須佐病院,医療法人須佐病院,第二種,自家多血小板血漿（PRP）を用いた変形性関節症の治療,PRP,QC,0.9673,https://saiseiiryo.mhlw.go.jp/published_plan/download/01E2407018/5/0,250000,不明,1部位,,,3,8,"14,300 円 PRP 関節内注射(1部位、1 回) 250,000 円 PRP 骨内注射(1部位、1 回) 650,000 円",price candidates remain ambiguous,
B,P00462,F0076,近畿,和歌山県,医療法人須佐病院,医療法人須佐病院,医療法人須佐病院,第二種,自家多血小板血漿（PRP）を用いた変形性関節症の治療,PRP,QC,0.9673,https://saiseiiryo.mhlw.go.jp/published_plan/download/01E2407018/5/0,650000,不明,1部位,,,3,8,"250,000 円 PRP 骨内注射(1部位、1 回) 650,000 円 PRP 関節内および骨内注射(1部位、1 回) 700,000 円",price candidates remain ambiguous,
B,P00462,F0076,近畿,和歌山県,医療法人須佐病院,医療法人須佐病院,医療法人須佐病院,第二種,自家多血小板血漿（PRP）を用いた変形性関節症の治療,PRP,QC,0.9673,https://saiseiiryo.mhlw.go.jp/published_plan/download/01E2407018/5/0,700000,不明,1部位,,,3,8,"650,000 円 PRP 関節内および骨内注射(1部位、1 回) 700,000 円 10.その他、治療についての注意事項 ",price candidates remain ambiguous,
B,P00463,F0076,近畿,和歌山県,医療法人須佐病院,医療法人須佐病院,医療法人須佐病院,第二種,脂肪幹細胞を用いた変形性関節症に対する治療,脂肪由来幹細胞,QC,1.0,https://saiseiiryo.mhlw.go.jp/published_plan/download/01E2407023/5/0,110000,不明,3 回,,,6,9,"1,650,000 円 細胞保管料(1 年毎更新) 110,000 円 *患部の状態から、複数回(3 回程度)の投与が望ましい場合があります。その場合は別途注意 点、料金をご説明いたします。",price candidates remain ambiguous,
B,P00463,F0076,近畿,和歌山県,医療法人須佐病院,医療法人須佐病院,医療法人須佐病院,第二種,脂肪幹細胞を用いた変形性関節症に対する治療,脂肪由来幹細胞,QC,1.0,https://saiseiiryo.mhlw.go.jp/published_plan/download/01E2407023/5/0,3300,税込,,,,4,9,"一般的な治療費用は下記のとおりです。(税込表記) 診察料(診察のみの場合) 3,300 円 血液検査(初診料込) 14,300 円",price candidates remain ambiguous,
B,P00463,F0076,近畿,和歌山県,医療法人須佐病院,医療法人須佐病院,医療法人須佐病院,第二種,脂肪幹細胞を用いた変形性関節症に対する治療,脂肪由来幹細胞,QC,1.0,https://saiseiiryo.mhlw.go.jp/published_plan/download/01E2407023/5/0,14300,不明,1部位,,,3,9,"3,300 円 血液検査(初診料込) 14,300 円 関節内幹細胞投与(1部位、1 回) 1,650,000 円",price candidates remain ambiguous,
B,P00463,F0076,近畿,和歌山県,医療法人須佐病院,医療法人須佐病院,医療法人須佐病院,第二種,脂肪幹細胞を用いた変形性関節症に対する治療,脂肪由来幹細胞,QC,1.0,https://saiseiiryo.mhlw.go.jp/published_plan/download/01E2407023/5/0,1650000,不明,1部位,,,3,9,"14,300 円 関節内幹細胞投与(1部位、1 回) 1,650,000 円 骨髄内幹細胞投与(1部位、1 回) 1,650,000 円",price candidates remain ambiguous,
B,P00463,F0076,近畿,和歌山県,医療法人須佐病院,医療法人須佐病院,医療法人須佐病院,第二種,脂肪幹細胞を用いた変形性関節症に対する治療,脂肪由来幹細胞,QC,1.0,https://saiseiiryo.mhlw.go.jp/published_plan/download/01E2407023/5/0,1650000,不明,1 回,,,3,9,"1x10^8 細胞(1 回分)を2分割し、関節内幹細胞投与+骨髄内 幹細胞投与した場合(1部位、1 回) 1,650,000 円 細胞保管料(1 年毎更新) 110,000 円",price candidates remain ambiguous,
B,P00463,F0076,近畿,和歌山県,医療法人須佐病院,医療法人須佐病院,医療法人須佐病院,第二種,脂肪幹細胞を用いた変形性関節症に対する治療,脂肪由来幹細胞,QC,1.0,https://saiseiiryo.mhlw.go.jp/published_plan/download/01E2407023/5/0,2200000,不明,1部位,,,3,9,"1,650,000 円 関節内幹細胞投与+骨髄内幹細胞投与(1部位、1 回) 2,200,000 円 1x10^8 細胞(1 回分)を2分割し、関節内幹細胞投与+骨髄内 幹細胞投与した場合(1部位、1 回)",price candidates remain ambiguous,
B,P00464,F0076,近畿,和歌山県,医療法人須佐病院,医療法人須佐病院,医療法人須佐病院,第二種,自家濃縮骨髄液を用いた難治性の骨髄異常陰影の治療,骨髄濃縮液,QC,1.0,https://saiseiiryo.mhlw.go.jp/published_plan/download/01E2407024/5/0,3300,税込,,,,4,10,"一般的な治療費用は下記のとおりです。(税込表記) 診察料(診察のみの場合) 3,300 円 血液検査(初診料込) 14,300 円",price candidates remain ambiguous,
B,P00464,F0076,近畿,和歌山県,医療法人須佐病院,医療法人須佐病院,医療法人須佐病院,第二種,自家濃縮骨髄液を用いた難治性の骨髄異常陰影の治療,骨髄濃縮液,QC,1.0,https://saiseiiryo.mhlw.go.jp/published_plan/download/01E2407024/5/0,14300,不明,1部位,,,3,10,"3,300 円 血液検査(初診料込) 14,300 円 BMC 骨髄内注入治療(1部位、1 回) 1,650,000 円",price candidates remain ambiguous,
B,P00464,F0076,近畿,和歌山県,医療法人須佐病院,医療法人須佐病院,医療法人須佐病院,第二種,自家濃縮骨髄液を用いた難治性の骨髄異常陰影の治療,骨髄濃縮液,QC,1.0,https://saiseiiryo.mhlw.go.jp/published_plan/download/01E2407024/5/0,1650000,不明,1部位,,,3,10,"14,300 円 BMC 骨髄内注入治療(1部位、1 回) 1,650,000 円 10.その他、治療についての注意事項 患者様の体調が良くない場合や、採取した血液や骨髄液の状態によっては、同意いただいて",price candidates remain ambiguous,
B,P00465,F0074,近畿,和歌山県,海南医療センター,海南医療センター,海南医療センター,第二種,多血小板血漿（PRP）を用いた変形性関節症治療,PRP,AUTO,0.952,https://saiseiiryo.mhlw.go.jp/published_plan/download/03E2603008/5/0,100000,税別,,,,8,,"質の安定性 PRP は患者様自身の血液から製造するため、品質が ばらつく可能性がある。 医薬品として承認されて おり、品質は安定してい る。 アレルギーの 可能性 自己血液のため、極めて低い。 安全性の高いものだが、ア レルギー反応などの可能 性を完全には否定できな い。 提供価格 100,000 円(税抜) 270,000 円(税抜) 保険適用価格 8)再生医療等を受けることの拒否、同意の撤回により、不利益な扱いを受けることはありま せん。 本治療の説明を受けた上で、本治療を受けることを拒否したり、本治療を受けることを同意した後 に同意を撤回した場合であっても、今後の診療・治療等において不利益な扱いを受けることはあり",,
B,P00465,F0074,近畿,和歌山県,海南医療センター,海南医療センター,海南医療センター,第二種,多血小板血漿（PRP）を用いた変形性関節症治療,PRP,AUTO,0.952,https://saiseiiryo.mhlw.go.jp/published_plan/download/03E2603008/5/0,270000,税別,,,,8,,"自身の血液から製造するため、品質が ばらつく可能性がある。 医薬品として承認されて おり、品質は安定してい る。 アレルギーの 可能性 自己血液のため、極めて低い。 安全性の高いものだが、ア レルギー反応などの可能 性を完全には否定できな い。 提供価格 100,000 円(税抜) 270,000 円(税抜) 保険適用価格 8)再生医療等を受けることの拒否、同意の撤回により、不利益な扱いを受けることはありま せん。 本治療の説明を受けた上で、本治療を受けることを拒否したり、本治療を受けることを同意した後 に同意を撤回した場合であっても、今後の診療・治療等において不利益な扱いを受けることはあり ません。 9)同意撤回",,
B,P00466,F0074,近畿,和歌山県,海南医療センター,海南医療センター,海南医療センター,第三種,自己多血小板血漿（PRP）を用いた整形外科領域における軟部組織治療,PRP,AUTO,1.0,https://saiseiiryo.mhlw.go.jp/published_plan/download/03E2603009/5/0,100000,税別,,GPS|Zimmer,Zimmer Biomet,8,,"を特定できる内容が使われることはありません。 治療にかかる費用について この治療は公的保険の対象ではありませんので、当院所定の施術料をお支払いいただきま す。 ・治療費: ZIMMER BIOMET 製 GPSIIIキット使用 100,000 円(税抜) 症状などにより治療費は変動する可能性がございます。詳細やご不明な点は医師またはスタ ッフにお尋ね下さい。 施術後、患者様の個人的な事情及び金銭等に関する問題に関しては一切の責を負いかねます のでご了承ください。 5 本治療の実施体制",,
B,P00467,F0428,中国四国,鳥取県,医療法人YSOC 米子南整形外科クリニック,医療法人YSOC 米子南整形外科クリニック,医療法人YSOC 米子南整形外科クリニック,第二種,変形性関節症に対する多血小板血漿（PRP）関節内投与療法,PRP,AUTO,1.0,https://saiseiiryo.mhlw.go.jp/published_plan/download/01F2604003/5/0,50000,税込,,ACP MAX|ACP|Angel,Arthrex,10,4,"Angel cPRP システム:300,000 円(税込) ACP MAX PRP システム:180,000 円(税込) ACPダブルシリンジシステム:50,000 円(税込) Condensiaシステム:50,000 円(税込) ※患者様の症状、その他の事情等により治療費が変動する場合があります。",line-level strong price context,
B,P00467,F0428,中国四国,鳥取県,医療法人YSOC 米子南整形外科クリニック,医療法人YSOC 米子南整形外科クリニック,医療法人YSOC 米子南整形外科クリニック,第二種,変形性関節症に対する多血小板血漿（PRP）関節内投与療法,PRP,AUTO,1.0,https://saiseiiryo.mhlw.go.jp/published_plan/download/01F2604003/5/0,90000,税込,,ACP MAX|ACP|Angel,Arthrex,10,4,"め、以下の発生した費用については患者様にご負担いただきますのでご了承ください。 Angel cPRP システム:200,000 円(税込) ACP MAX PRP システム:90,000 円(税込) ACPダブルシリンジシステム:15,000 円(税込) Condensiaシステム:10,000 円(税込)",line-level strong price context,
B,P00467,F0428,中国四国,鳥取県,医療法人YSOC 米子南整形外科クリニック,医療法人YSOC 米子南整形外科クリニック,医療法人YSOC 米子南整形外科クリニック,第二種,変形性関節症に対する多血小板血漿（PRP）関節内投与療法,PRP,AUTO,1.0,https://saiseiiryo.mhlw.go.jp/published_plan/download/01F2604003/5/0,200000,税込,,ACP MAX|ACP|Angel,Arthrex,10,4,"なお、細胞の加工開始後に同意を撤回された場合、同意を撤回される時点でキット代が費用が発生しているた め、以下の発生した費用については患者様にご負担いただきますのでご了承ください。 Angel cPRP システム:200,000 円(税込) ACP MAX PRP システム:90,000 円(税込) ACPダブルシリンジシステム:15,000 円(税込)",line-level strong price context,
B,P00467,F0428,中国四国,鳥取県,医療法人YSOC 米子南整形外科クリニック,医療法人YSOC 米子南整形外科クリニック,医療法人YSOC 米子南整形外科クリニック,第二種,変形性関節症に対する多血小板血漿（PRP）関節内投与療法,PRP,AUTO,1.0,https://saiseiiryo.mhlw.go.jp/published_plan/download/01F2604003/5/0,300000,税込,,ACP MAX|ACP|Angel,Arthrex,10,4,"治療の提供に際しては、本治療は公的保険の対象ではありませんので、当院所定の施術料として以下の金額 をお支払いいただきます。 Angel cPRP システム:300,000 円(税込) ACP MAX PRP システム:180,000 円(税込) ACPダブルシリンジシステム:50,000 円(税込)",line-level strong price context,
B,P00468,F0429,中国四国,鳥取県,医療法人社団かわぐちクリニック,医療法人社団かわぐちクリニック,医療法人社団かわぐちクリニック,第二種,変形性関節症に対する多血小板血漿（PRP）関節内投与療法,PRP,AUTO,1.0,https://saiseiiryo.mhlw.go.jp/published_plan/download/02F2506001/5/0,44000,税込,,APS|GPS|PEAK,Zimmer Biomet|PEAK系,8,,"窓口部署:受付 連絡先:0857-30-0020 14.費用について 細胞の提供に際して費用は発生しません。 治療の提供に際しては、本治療は公的保険の対象ではありませんので、当院所定の施術料として以下の金額 をお支払いいただきます(全て税込)。 1Condensiaシステム:44,000 円 2PEAK Platelet Rich Plasma System:165,000 円 3GPS®IIIシステム及びAPS キット:253,000 円 ※患者様の症状、その他の事情等により治療費が変動する場合があります。 なお、細胞の採取後や加工後に同意を撤回された場合など、同意を撤回される時点までに費用が発生している 場",,
B,P00468,F0429,中国四国,鳥取県,医療法人社団かわぐちクリニック,医療法人社団かわぐちクリニック,医療法人社団かわぐちクリニック,第二種,変形性関節症に対する多血小板血漿（PRP）関節内投与療法,PRP,AUTO,1.0,https://saiseiiryo.mhlw.go.jp/published_plan/download/02F2506001/5/0,165000,税込,,APS|GPS|PEAK,Zimmer Biomet|PEAK系,8,,"胞の提供に際して費用は発生しません。 治療の提供に際しては、本治療は公的保険の対象ではありませんので、当院所定の施術料として以下の金額 をお支払いいただきます(全て税込)。 1Condensiaシステム:44,000 円 2PEAK Platelet Rich Plasma System:165,000 円 3GPS®IIIシステム及びAPS キット:253,000 円 ※患者様の症状、その他の事情等により治療費が変動する場合があります。 なお、細胞の採取後や加工後に同意を撤回された場合など、同意を撤回される時点までに費用が発生している 場合は、発生した費用については患者様にご負担いただきますのでご了承ください。 15.他",,
B,P00468,F0429,中国四国,鳥取県,医療法人社団かわぐちクリニック,医療法人社団かわぐちクリニック,医療法人社団かわぐちクリニック,第二種,変形性関節症に対する多血小板血漿（PRP）関節内投与療法,PRP,AUTO,1.0,https://saiseiiryo.mhlw.go.jp/published_plan/download/02F2506001/5/0,253000,税込,,APS|GPS|PEAK,Zimmer Biomet|PEAK系,8,,"療は公的保険の対象ではありませんので、当院所定の施術料として以下の金額 をお支払いいただきます(全て税込)。 1Condensiaシステム:44,000 円 2PEAK Platelet Rich Plasma System:165,000 円 3GPS®IIIシステム及びAPS キット:253,000 円 ※患者様の症状、その他の事情等により治療費が変動する場合があります。 なお、細胞の採取後や加工後に同意を撤回された場合など、同意を撤回される時点までに費用が発生している 場合は、発生した費用については患者様にご負担いただきますのでご了承ください。 15.他の治療法の有無、本治療法との比較について 変形性関節症をはじめと",,
B,P00469,F0430,中国四国,鳥取県,医療法人育生会 高島病院,医療法人育生会 高島病院,医療法人育生会 高島病院,第二種,変形性関節症に対する多血小板血漿（PRP）関節内投与療法,PRP,QC,1.0,https://saiseiiryo.mhlw.go.jp/published_plan/download/01F2202004/5/0,33000,税込,,,,6,,"。窓口での 受付後、治療を行う医師、管理者(院長)へと報告して対応させていただきます。 窓口部署:事務 連絡先:0859-32-7711 14.費用について 細胞の提供に際して費用は発生しません。 治療の提供に際しては、本治療は公的保険の対象ではありませんので、当院所定の施術料として33,000 円(税込)をお支払いいただきます。 ※患者様の症状、その他の事情等により治療費が変動する場合があります。 なお、細胞の採取後や加工後に同意を撤回された場合など、同意を撤回される時点までに費用が発生してい る場合は、発生した費用については患者様にご負担いただきますのでご了承ください。 15.他の治療法の有無、本治療法との比較につい",no price found after text/OCR pass,No price found after refined text/OCR pass
B,P00470,F0431,中国四国,鳥取県,鳥取大学医学部附属病院,鳥取大学医学部附属病院,鳥取大学医学部附属病院,第二種,多血小板血漿（PRP）を用いた変形性関節症治療,PRP,AUTO,0.952,https://saiseiiryo.mhlw.go.jp/published_plan/download/03F2509002/5/0,187000,税別,1 回,APS,Zimmer Biomet,8,,"併症(過去に報告はありませんがアレルギー反応等)に係る医療費についても、全額御本人 の負担となります。その他の合併症については、担当医師が生じた疾患によって随時判断す ることとなります。 ・APS 療法 1 回 300,000 円(税抜) ※尚、血液加工開始後の同意撤回の場合、資材費として別途187,000 円(税抜)を請求させて頂 きます。ご了承の程お願いいたします。 また、患者様の症状により施術料が変わる場合は別途、ご説明いたします。 施術後、患者様の個人的な事情及び金銭等に関する問題に関しては一切の責を負いかねま すのでご了承ください。 詳細やご不明な点は医師・スタッフまでお気軽にお尋ねください。 15.治療の同意を撤回する場",,
B,P00470,F0431,中国四国,鳥取県,鳥取大学医学部附属病院,鳥取大学医学部附属病院,鳥取大学医学部附属病院,第二種,多血小板血漿（PRP）を用いた変形性関節症治療,PRP,AUTO,0.952,https://saiseiiryo.mhlw.go.jp/published_plan/download/03F2509002/5/0,300000,税別,1 回,APS,Zimmer Biomet,8,,"全額が御本人の負担となります。また、APS そのものに由来する有害事象として生じた合 併症(過去に報告はありませんがアレルギー反応等)に係る医療費についても、全額御本人 の負担となります。その他の合併症については、担当医師が生じた疾患によって随時判断す ることとなります。 ・APS 療法 1 回 300,000 円(税抜) ※尚、血液加工開始後の同意撤回の場合、資材費として別途187,000 円(税抜)を請求させて頂 きます。ご了承の程お願いいたします。 また、患者様の症状により施術料が変わる場合は別途、ご説明いたします。 施術後、患者様の個人的な事情及び金銭等に関する問題に関しては一切の責を負いかねま すのでご了承ください。 詳細やご不明",,
B,P00470,F0431,中国四国,鳥取県,鳥取大学医学部附属病院,鳥取大学医学部附属病院,鳥取大学医学部附属病院,第二種,多血小板血漿（PRP）を用いた変形性関節症治療,PRP,AUTO,0.952,https://saiseiiryo.mhlw.go.jp/published_plan/download/03F2509002/5/0,2000,税別,,APS,Zimmer Biomet,0,,"おり、品 質は安定している アレルギーの 可能性 自家移植のため、極めて低い。 品質管理された安全性の高いも のだが、アレルギー反応などの 可能性を完全には否定できな い。 費用 300,000 円(税抜) ※キャンセル料: 187,000 円(税抜) (当院の場合) 保険適用:2000 円前後/回 (膝関節内投与の場合) ※キャンセル料とは、血液加工開始後に患者様からの申出に基づき治療を中断した場合の資材 費(キット代金)となります。 11.その他治療についての注意事項 患者様の体調が良くない場合や、採取した血液の状態によっては、APS を分離できないことが あります。その際には、再度採血をさせていただく場合が",,
B,P00470,F0431,中国四国,鳥取県,鳥取大学医学部附属病院,鳥取大学医学部附属病院,鳥取大学医学部附属病院,第二種,多血小板血漿（PRP）を用いた変形性関節症治療,PRP,AUTO,0.952,https://saiseiiryo.mhlw.go.jp/published_plan/download/03F2509002/5/0,187000,税別,,APS,Zimmer Biomet,0,,"、品質がばらつく可能 性がある。 医薬品として承認されており、品 質は安定している アレルギーの 可能性 自家移植のため、極めて低い。 品質管理された安全性の高いも のだが、アレルギー反応などの 可能性を完全には否定できな い。 費用 300,000 円(税抜) ※キャンセル料: 187,000 円(税抜) (当院の場合) 保険適用:2000 円前後/回 (膝関節内投与の場合) ※キャンセル料とは、血液加工開始後に患者様からの申出に基づき治療を中断した場合の資材 費(キット代金)となります。 11.その他治療についての注意事項 患者様の体調が良くない場合や、採取した血液の状態によっては、APS を分離できないことが",,
B,P00470,F0431,中国四国,鳥取県,鳥取大学医学部附属病院,鳥取大学医学部附属病院,鳥取大学医学部附属病院,第二種,多血小板血漿（PRP）を用いた変形性関節症治療,PRP,AUTO,0.952,https://saiseiiryo.mhlw.go.jp/published_plan/download/03F2509002/5/0,300000,税別,,,,0,,"性 PRP は患者様自身の血液から製 造するため、品質がばらつく可能 性がある。 医薬品として承認されており、品 質は安定している アレルギーの 可能性 自家移植のため、極めて低い。 品質管理された安全性の高いも のだが、アレルギー反応などの 可能性を完全には否定できな い。 費用 300,000 円(税抜) ※キャンセル料: 187,000 円(税抜) (当院の場合) 保険適用:2000 円前後/回 (膝関節内投与の場合) ※キャンセル料とは、血液加工開始後に患者様からの申出に基づき治療を中断した場合の資材 費(キット代金)となります。 11.その他治療についての注意事項 患者様の体調が良くない場合や、採取した血",,
B,P00471,F0430,中国四国,鳥取県,医療法人育生会 高島病院,医療法人育生会 高島病院,医療法人育生会 高島病院,第三種,多血小板血漿を用いた整形外科領域（関節腔内への投与を除く）の治療,PRP,QC,1.0,https://saiseiiryo.mhlw.go.jp/published_plan/download/01F2202005/5/0,,,,,,,,,no price found after text/OCR pass,Document fetched but no price candidate
B,P00472,F0176,中国四国,島根県,やまもと整形外科クリニック,やまもと整形外科クリニック,やまもと整形外科クリニック,第二種,多血小板血漿（PRP）の投与による変形性関節症治療,PRP,AUTO,1.0,https://saiseiiryo.mhlw.go.jp/published_plan/download/02F1908002/5/0,200000,税込,,APS,Zimmer Biomet,8,,"300,000 円(税込) ご不明な点は医師・スタッフにお尋ねください。 本治療を取りやめた場合、治療を取りやめた時点までに使用した消耗品費用をお支払いいた だきます。 ・採血前に治療を取りやめた場合、消耗品費用のお支払いはございません。 ・採血後から投与前までに治療を取りやめた場合、200,000 円(税込)(APS キット使用)を お支払いいただきます。 第2 種 多血小板血漿(PRP)の投与による変形性関節症治療の説明文・同意文書 施設名 やまもと整形外科クリニック 作成年月日 2019/10/28 第5 版 7 その他治療についての注意事項 患者さまの体調が良くない場合や、採取した血液がPRP",,
B,P00472,F0176,中国四国,島根県,やまもと整形外科クリニック,やまもと整形外科クリニック,やまもと整形外科クリニック,第二種,多血小板血漿（PRP）の投与による変形性関節症治療,PRP,AUTO,1.0,https://saiseiiryo.mhlw.go.jp/published_plan/download/02F1908002/5/0,300000,税込,,APS,Zimmer Biomet,8,,"お支払いについて この治療は公的保険の対象ではありませんので、当院の所定の施術料をお支払いいただきま す。本治療には、遠心分離によるPRP の製造費用および投与費用、及び投与から1、3、6 ヶ 月後の検診費用が含まれます。 ・濃縮PRP を用いた治療(APS キット使用)における施術料 300,000 円(税込) ご不明な点は医師・スタッフにお尋ねください。 本治療を取りやめた場合、治療を取りやめた時点までに使用した消耗品費用をお支払いいた だきます。 ・採血前に治療を取りやめた場合、消耗品費用のお支払いはございません。 ・採血後から投与前までに治療を取りやめた場合、200,000 円(税込)(APS キット使用)を お支払いいた",,
B,P00473,F0175,中国四国,島根県,医療法人いざみ KAZUKIプライベートクリニック松江本院,医療法人いざみ KAZUKIプライベートクリニック松江本院,医療法人いざみ KAZUKIプライベートクリニック松江本院,第三種,多血小板血漿を用いた整形外科領域（関節腔内への投与を除く）の治療,PRP,AUTO,1.0,https://saiseiiryo.mhlw.go.jp/published_plan/download/01F2508001/5/0,38500,税込,,,,8,3,"14.費用について 細胞の提供に際して費用は発生しません。 治療の提供に際しては、本治療は公的保険の対象ではありませんので、当院所定の施術料として38,500 円 (税込)をお支払いいただきます。 ※患者様の症状、その他の事情等により治療費が変動する場合があります。",line-level medium price context,
B,P00474,F0167,中国四国,岡山県,あゆみ整形ハンドクリニック,あゆみ整形ハンドクリニック,あゆみ整形ハンドクリニック,第二種,自己多血小板血漿（PRP）の投与による変形性関節症の治療,PRP,AUTO,1.0,https://saiseiiryo.mhlw.go.jp/published_plan/download/01F2602001/5/0,100000,税別,1部位,APS|GPS,Zimmer Biomet,9,,"治療にかかる費用について この治療は公的保険の対象ではありませんので、当院にて実施する治療、治療に必要な検査、 治療の経過観察などの費用は全額自己負担となります。 (税別) 使用キット 治療費用 GPSIIIシステム 1部位 100,000 円 APS キット 1部位 300,000 円 その他治療についての注意事項 患者さまの体調が良くない場合や、採取した血液の状態によっては、PRP を分離できないこと があります。その際には、再度採血をさせていただく場合があります。その場合、追加費用は 発生いたしませ",,
B,P00474,F0167,中国四国,岡山県,あゆみ整形ハンドクリニック,あゆみ整形ハンドクリニック,あゆみ整形ハンドクリニック,第二種,自己多血小板血漿（PRP）の投与による変形性関節症の治療,PRP,AUTO,1.0,https://saiseiiryo.mhlw.go.jp/published_plan/download/01F2602001/5/0,300000,税別,1部位,APS|GPS,Zimmer Biomet,9,,"この治療は公的保険の対象ではありませんので、当院にて実施する治療、治療に必要な検査、 治療の経過観察などの費用は全額自己負担となります。 (税別) 使用キット 治療費用 GPSIIIシステム 1部位 100,000 円 APS キット 1部位 300,000 円 その他治療についての注意事項 患者さまの体調が良くない場合や、採取した血液の状態によっては、PRP を分離できないこと があります。その際には、再度採血をさせていただく場合があります。その場合、追加費用は 発生いたしません。 また、本治療に使用する機器は定期的にメンテ",,
B,P00474,F0167,中国四国,岡山県,あゆみ整形ハンドクリニック,あゆみ整形ハンドクリニック,あゆみ整形ハンドクリニック,第二種,自己多血小板血漿（PRP）の投与による変形性関節症の治療,PRP,AUTO,1.0,https://saiseiiryo.mhlw.go.jp/published_plan/download/01F2602001/5/0,80000,不明,,APS|GPS,Zimmer Biomet,-6,,でお決めください。説明を受けた後に 同意されない場合でも、一切不利益を受けません。また同様に、治療を受けることに同意した 後でも、同意撤回はいつでも可能です。この場合でも、一切不利益を受けません。なお、採血・ 加工後に撤回された場合は、使用済みのキット代金等の実費(APS:22 万円、GPSIII:8 万円) をご負担いただく場合があります。 健康被害の補償について 当院に過失のない健康被害に対しては、医療的処置を無償で行いますが、休業補償等の金銭的 な保証制度はありません。ただし、当院の過失(医療過誤)が認められた場合には、加入する 医師賠償責任保険の範囲内で損害賠償を行います。 健康被害が発生した際は、当院の相談窓口,,
B,P00474,F0167,中国四国,岡山県,あゆみ整形ハンドクリニック,あゆみ整形ハンドクリニック,あゆみ整形ハンドクリニック,第二種,自己多血小板血漿（PRP）の投与による変形性関節症の治療,PRP,AUTO,1.0,https://saiseiiryo.mhlw.go.jp/published_plan/download/01F2602001/5/0,220000,不明,,APS|GPS,Zimmer Biomet,-6,,るかは、ご自身の自由な意思でお決めください。説明を受けた後に 同意されない場合でも、一切不利益を受けません。また同様に、治療を受けることに同意した 後でも、同意撤回はいつでも可能です。この場合でも、一切不利益を受けません。なお、採血・ 加工後に撤回された場合は、使用済みのキット代金等の実費(APS:22 万円、GPSIII:8 万円) をご負担いただく場合があります。 健康被害の補償について 当院に過失のない健康被害に対しては、医療的処置を無償で行いますが、休業補償等の金銭的 な保証制度はありません。ただし、当院の過失(医療過誤)が認められた場合には、加入する 医師賠償責任保険の範囲内で損害賠償を行います。 健康被害が発生,,
B,P00477,F0167,中国四国,岡山県,あゆみ整形ハンドクリニック,あゆみ整形ハンドクリニック,あゆみ整形ハンドクリニック,第三種,自己多血小板血漿（PRP）を用いた筋肉、腱、靭帯、筋膜（関節外の軟部組織）の治療,PRP,AUTO,1.0,https://saiseiiryo.mhlw.go.jp/published_plan/download/01F2512002/5/0,100000,不明,1部位,GPS,Zimmer Biomet,8,,"いた筋肉、腱、靭帯、筋膜(関節外の軟部組織)の治療に 関する説明文・同意文書 5 治療にかかる費用について この治療は公的保険の対象ではありませんので、当施設にて施術料をお支払いいただきます。 ・PRP 療法 使用キット 治療提供価格 GPSIIIシステム 1部位 100,000 円 ※患者さまの症状により施術料が変わる場合は別途、ご説明いたします。 その他治療についての注意事項 患者さまの体調が良くない場合や、採取した血液の状態によっては、PRP を分離できないこ とがあります。 その際には、再度採血をさせていただく場合があります。 また、本治",,
B,P00480,F0170,中国四国,岡山県,社会医療法人光生病院,社会医療法人光生病院,社会医療法人光生病院,第三種,自家多血小板血漿（PRP）を用いた関節機能治療（関節腔外に限る）,PRP,AUTO,0.9838,https://saiseiiryo.mhlw.go.jp/published_plan/download/03F2511005/5/0,20000,税別,1回,,,9,,"療費用 (1) 本治療は、すべて自費診療であり、健康保険を使用することはできません。 (2) 本治療にかかる費用は、以下のとおりです。なお、費用は、治療に伴う診査、 自家PRP 調製のための採血にかかる費用、自家PRP 調製費用、注入にかかる 費用の総額となります。 PRP 療法1回 2万円 消費税別 11. 試料等の保存及び廃棄の方法 この治療にて採取した血液は、患者様ご自身の治療のみに使用します。 ただし,症例検討や学会発表を目的として,患者様より採取した血液及び 調整した細胞加工物(自家PRP)の測定を行い,データを取得することが あります。 採血した血液の状態により治療に用いなかった血液が発生した場合",,
B,P00481,F0180,中国四国,広島県,シンセルクリニック広島院,シンセルクリニック広島院,シンセルクリニック広島院,第二種,自己脂肪由来幹細胞を用いた変形性関節症の治療,脂肪由来幹細胞,AUTO,1.0,https://saiseiiryo.mhlw.go.jp/published_plan/download/01F2604001/5/0,1650000,税込,,,,7,3,"細胞の提供に際して費用は発生しません。 治療の提供に際しては、本治療は公的保険の対象ではありませんので、当院所定の施術料として 1,650,000 円(税込)をお支払いいただきます。 ※患者様の症状、その他の事情等により治療費が変動する場合があります。 なお、脂肪の採取後や、細胞加工物の製造後に同意を撤回された場合など、同意を撤回される時",line-level medium price context,
B,P00482,F0177,中国四国,広島県,医療法人かたひざこしのクリニック 福山かた・ひざ・こしのクリニック,医療法人かたひざこしのクリニック 福山かた・ひざ・こしのクリニック,医療法人かたひざこしのクリニック 福山かた・ひざ・こしのクリニック,第二種,自家多血小板血漿（PRP）を用いた関節炎の治療（関節内組織）,PRP,QC,0.976,https://saiseiiryo.mhlw.go.jp/published_plan/download/01F2108002/5/0,5000,税込,両側,ACP,Arthrex,6,7,"まれます。また、左右両側に投与する場合は2 回分です。全て税込です。 (3) 採血を開始してからのキャンセルについては、キャンセル費用を頂きます。 ■PRP 初回投与時※ :5,000 円(初診料として) ■PRP・1 回あたり※※ :下の表をご参照ください(税込価格)。 ACP",price candidates remain ambiguous,
B,P00482,F0177,中国四国,広島県,医療法人かたひざこしのクリニック 福山かた・ひざ・こしのクリニック,医療法人かたひざこしのクリニック 福山かた・ひざ・こしのクリニック,医療法人かたひざこしのクリニック 福山かた・ひざ・こしのクリニック,第二種,自家多血小板血漿（PRP）を用いた関節炎の治療（関節内組織）,PRP,QC,0.976,https://saiseiiryo.mhlw.go.jp/published_plan/download/01F2108002/5/0,27280,不明,1 部位,,,6,7,"学生に限り、1 部位(1 キット) 32,280 円 27,280 円 ※ 継続してPRP を投与する場合の再診料はかかりません。 ※※ 継続してPRP を投与する場合は、その都度PRP・1 回分の費用がかかり",price candidates remain ambiguous,
B,P00482,F0177,中国四国,広島県,医療法人かたひざこしのクリニック 福山かた・ひざ・こしのクリニック,医療法人かたひざこしのクリニック 福山かた・ひざ・こしのクリニック,医療法人かたひざこしのクリニック 福山かた・ひざ・こしのクリニック,第二種,自家多血小板血漿（PRP）を用いた関節炎の治療（関節内組織）,PRP,QC,0.976,https://saiseiiryo.mhlw.go.jp/published_plan/download/01F2108002/5/0,32280,不明,1 部位,,,3,7,"60,280 円 学生に限り、1 部位(1 キット) 32,280 円 27,280 円 ※ 継続してPRP を投与する場合の再診料はかかりません。",price candidates remain ambiguous,
B,P00482,F0177,中国四国,広島県,医療法人かたひざこしのクリニック 福山かた・ひざ・こしのクリニック,医療法人かたひざこしのクリニック 福山かた・ひざ・こしのクリニック,医療法人かたひざこしのクリニック 福山かた・ひざ・こしのクリニック,第二種,自家多血小板血漿（PRP）を用いた関節炎の治療（関節内組織）,PRP,QC,0.976,https://saiseiiryo.mhlw.go.jp/published_plan/download/01F2108002/5/0,49280,不明,1 部位,,,0,7,"1 部位(1 キット) 54,780 円 49,280 円 2 部位(2 キット) 71,280 円",price candidates remain ambiguous,
B,P00482,F0177,中国四国,広島県,医療法人かたひざこしのクリニック 福山かた・ひざ・こしのクリニック,医療法人かたひざこしのクリニック 福山かた・ひざ・こしのクリニック,医療法人かたひざこしのクリニック 福山かた・ひざ・こしのクリニック,第二種,自家多血小板血漿（PRP）を用いた関節炎の治療（関節内組織）,PRP,QC,0.976,https://saiseiiryo.mhlw.go.jp/published_plan/download/01F2108002/5/0,54780,不明,1 部位,,,0,7,"Condensia 1 部位(1 キット) 54,780 円 49,280 円 2 部位(2 キット)",price candidates remain ambiguous,
B,P00482,F0177,中国四国,広島県,医療法人かたひざこしのクリニック 福山かた・ひざ・こしのクリニック,医療法人かたひざこしのクリニック 福山かた・ひざ・こしのクリニック,医療法人かたひざこしのクリニック 福山かた・ひざ・こしのクリニック,第二種,自家多血小板血漿（PRP）を用いた関節炎の治療（関節内組織）,PRP,QC,0.976,https://saiseiiryo.mhlw.go.jp/published_plan/download/01F2108002/5/0,60280,不明,1 部位,,,0,7,"2 部位(2 キット) 71,280 円 60,280 円 学生に限り、1 部位(1 キット) 32,280 円",price candidates remain ambiguous,
B,P00482,F0177,中国四国,広島県,医療法人かたひざこしのクリニック 福山かた・ひざ・こしのクリニック,医療法人かたひざこしのクリニック 福山かた・ひざ・こしのクリニック,医療法人かたひざこしのクリニック 福山かた・ひざ・こしのクリニック,第二種,自家多血小板血漿（PRP）を用いた関節炎の治療（関節内組織）,PRP,QC,0.976,https://saiseiiryo.mhlw.go.jp/published_plan/download/01F2108002/5/0,71280,不明,1 部位,,,0,7,"49,280 円 2 部位(2 キット) 71,280 円 60,280 円 学生に限り、1 部位(1 キット)",price candidates remain ambiguous,
B,P00483,F0179,中国四国,広島県,医療法人エム・エム会 マッターホルンリハビリテーション病院,医療法人エム・エム会 マッターホルンリハビリテーション病院,医療法人エム・エム会 マッターホルンリハビリテーション病院,第二種,多血小板血漿抽出液による関節症治療,PRP/APS,AUTO,1.0,https://saiseiiryo.mhlw.go.jp/published_plan/download/03F2304005/5/0,300000,不明,,APS|GPS|Zimmer,Zimmer Biomet,7,,"理者(院長)へと報告して対応させていただきます。 窓口部署:事務部 連絡先:0823-22-6868 12.費用について この治療は公的保険の対象ではありませんので、当院所定の施術料をお支払いいただきます。 ・ZIMMER BIOMET 製 GPS®IIIシステム、APSキット使用 300,000円 (APSキットを使用してさらに抽出を行い純度を高めて使用する場合) ※患者様の症状、その他の事情等により治療費が変動する場合があります。 なお、細胞の採取後や加工後に同意を撤回された場合など、同意を撤回される時点までに費用が発生し ている場合は、発生した費用については患者様にご負担いただきますのでご了承ください。 13.他",,
B,P00484,F0187,中国四国,広島県,医療法人昭和 原田整形外科病院,医療法人昭和 原田整形外科病院,医療法人昭和 原田整形外科病院,第二種,自家多血小板血漿（PRP）を用いた慢性関節炎の治療（関節内組織）,PRP,AUTO,0.9838,https://saiseiiryo.mhlw.go.jp/published_plan/download/01F2604005/5/0,44000,税込,,ACP,Arthrex,8,,"本治療にかかる費用は、以下のとおりです。なお、費用に含まれるのは、治療に伴う 診査、自家PRP 調製のための採血にかかる費用、自家PRP 調製費用、注入にかかる 費用であり、以下が費用の総額となります。 治療の種類 平均的な血小板注入量 費用(税込) ACP-PRP 20 億個 44,000 円 また、ACP-PRP は効果を高めるため、2 倍量1 度に投与することが可能です。 その場合の費用は以下の通りです。 治療の種類 平均的な血小板注入量 費用(税込) ACP-PRP ダブルショット 40 億個 77,000 円 • 治療終了後も定期的な受診が必要です。 11.試料等の保存及び廃棄",,
B,P00484,F0187,中国四国,広島県,医療法人昭和 原田整形外科病院,医療法人昭和 原田整形外科病院,医療法人昭和 原田整形外科病院,第二種,自家多血小板血漿（PRP）を用いた慢性関節炎の治療（関節内組織）,PRP,AUTO,0.9838,https://saiseiiryo.mhlw.go.jp/published_plan/download/01F2604005/5/0,77000,税込,,ACP,Arthrex,8,,"用(税込) ACP-PRP 20 億個 44,000 円 また、ACP-PRP は効果を高めるため、2 倍量1 度に投与することが可能です。 その場合の費用は以下の通りです。 治療の種類 平均的な血小板注入量 費用(税込) ACP-PRP ダブルショット 40 億個 77,000 円 • 治療終了後も定期的な受診が必要です。 11.試料等の保存及び廃棄の方法 患者様から採取した血液と作製したPRP は、患者様ご自身の治療のみに使用しま す。ただし、症例検討や学会発表を目的として、血液やPRP の測定を行い、データ を取得することがあります。 血液およびPRP は微量で全量を使用するため、保管は",,
B,P00485,F0178,中国四国,広島県,医療法人社団まりも会 ヒロシマ平松病院,医療法人社団まりも会 ヒロシマ平松病院,医療法人社団まりも会 ヒロシマ平松病院,第二種,多血小板血漿抽出液による関節症治療,PRP/APS,AUTO,1.0,https://saiseiiryo.mhlw.go.jp/published_plan/download/03F2504003/5/0,92500,税別,,APS|GPS|Zimmer,Zimmer Biomet,8,,"して対応させていただきます。 窓口部署:医事課及び管理事務分室 連絡先:082-256-3650 12.費用について この治療は公的保険の対象ではありませんので、当院所定の施術料をお支払いいただきます。 ・ZIMMER BIOMET 製 GPS®IIIシステム使用 92,500円(税別) (APSキットを使用せず、作製したPRPをそのまま使用する場合) GPS®IIIシステム、APSキット使用 277,700円(税別) (APSキットを使用してさらに抽出を行い純度を高めて使用する場合) ※患者様の症状、その他の事情等により治療費が変動する場合があります。 なお、細胞",,
B,P00485,F0178,中国四国,広島県,医療法人社団まりも会 ヒロシマ平松病院,医療法人社団まりも会 ヒロシマ平松病院,医療法人社団まりも会 ヒロシマ平松病院,第二種,多血小板血漿抽出液による関節症治療,PRP/APS,AUTO,1.0,https://saiseiiryo.mhlw.go.jp/published_plan/download/03F2504003/5/0,277700,税別,,APS|GPS|Zimmer,Zimmer Biomet,8,,"、当院所定の施術料をお支払いいただきます。 ・ZIMMER BIOMET 製 GPS®IIIシステム使用 92,500円(税別) (APSキットを使用せず、作製したPRPをそのまま使用する場合) GPS®IIIシステム、APSキット使用 277,700円(税別) (APSキットを使用してさらに抽出を行い純度を高めて使用する場合) ※患者様の症状、その他の事情等により治療費が変動する場合があります。 なお、細胞の採取後や加工後に同意を撤回された場合など、同意を撤回される時点までに費用が発生し ている場合は、発生した費用については患者様にご負担いただきますのでご了承ください。",,
B,P00486,F0185,中国四国,広島県,医療法人社団成和会 うたのはら整形外科クリニック,医療法人社団成和会 うたのはら整形外科クリニック,医療法人社団成和会 うたのはら整形外科クリニック,第二種,自家多血小板血漿（PRP）を用いた慢性関節炎の治療（関節内組織）,PRP,AUTO,0.9838,https://saiseiiryo.mhlw.go.jp/published_plan/download/01F2212005/5/0,50000,税込,2 回分,,,9,,"はできませ ん。 6 (2) 本治療にかかる費用は、以下のとおりです。なお、費用は、治療に伴う診 査、PRP 調製のための採血にかかる費用、PRP 調製費用、注入にかかる費 用の総額となります。左右両側に投与する場合は、2 回分です。 PRP 1 回(1 部位) 50,000 円(税込) 11. 試料等の保存及び廃棄の方法 患者様から採取した血液と作製したPRP は、患者様ご自身の治療のみ に使用します。ただし、症例検討や学会発表を目的として、血液やPRP の測定を行い、データを取得することがあります。 血液およびPRP は微量で全量を使用するため、保管はしません。治療 に用いない血液またはPRP",,
B,P00487,F0188,中国四国,広島県,医療法人社団活寿会 広島ひざ関節症クリニック,医療法人社団活寿会 広島ひざ関節症クリニック,医療法人社団活寿会 広島ひざ関節症クリニック,第二種,自家脂肪組織由来幹細胞（ASC）の投与による関節治療,脂肪由来ASC,AUTO,1.0,https://saiseiiryo.mhlw.go.jp/published_plan/download/02F2601003/5/0,1287000,税込,,,,8,,"能性を完 全には否定できない 品質管理された安全性の高いも のだが、アレルギー反応などの可 能性を完全には否定できない 11. 治療にかかる費用について この治療は公的保険の対象ではありませんので、当クリニックの所定の施術料をお支払いい ただきます。 治療費用: 投与部位 1 関節 1,287,000 円(税込) 2関節 1,749,000 円(税込) 治療にかかる費用につきましては、自家 ASC を投与する関節部位による違いはございませ ん。 製造した自家 ASC は細胞培養加工施設で一時保管され、本治療に使用する際に当クリ ニックへ輸送されます。 自家脂肪組織由来幹細胞(ASC)の投与による関節治療に対する説明書・同意書",,
B,P00487,F0188,中国四国,広島県,医療法人社団活寿会 広島ひざ関節症クリニック,医療法人社団活寿会 広島ひざ関節症クリニック,医療法人社団活寿会 広島ひざ関節症クリニック,第二種,自家脂肪組織由来幹細胞（ASC）の投与による関節治療,脂肪由来ASC,AUTO,1.0,https://saiseiiryo.mhlw.go.jp/published_plan/download/02F2601003/5/0,66000,税込,2 回,,,0,,"1,419,000 円(税込) ※本治療の費用に応じて、返金対応額が異なる場合がございますので、あらかじめご了承く ださい。 自家ASC は脂肪採取日から最長3 年保管することが可能です。最初の1 年間は無料で保管 致します。2 年目以降も保管延長をご希望の場合は、1 年ごとに別途更新料66,000 円(税 込)が発生致します。2 回目以降保管してある培養幹細胞を注入する際には、別途注入料金、 追加調整料金がかかります。 追加調整料とは、最初に見積もられた費用に含まれていない追加の調整が必要になった場合 に請求される料金です。当クリニックでは、不測の事態や追加治療に備え、1 度の脂肪採取 で最大6V まで細胞を培養します。この培養",,
B,P00487,F0188,中国四国,広島県,医療法人社団活寿会 広島ひざ関節症クリニック,医療法人社団活寿会 広島ひざ関節症クリニック,医療法人社団活寿会 広島ひざ関節症クリニック,第二種,自家脂肪組織由来幹細胞（ASC）の投与による関節治療,脂肪由来ASC,AUTO,1.0,https://saiseiiryo.mhlw.go.jp/published_plan/download/02F2601003/5/0,1749000,税込,,,,0,,"た安全性の高いも のだが、アレルギー反応などの可 能性を完全には否定できない 11. 治療にかかる費用について この治療は公的保険の対象ではありませんので、当クリニックの所定の施術料をお支払いい ただきます。 治療費用: 投与部位 1 関節 1,287,000 円(税込) 2関節 1,749,000 円(税込) 治療にかかる費用につきましては、自家 ASC を投与する関節部位による違いはございませ ん。 製造した自家 ASC は細胞培養加工施設で一時保管され、本治療に使用する際に当クリ ニックへ輸送されます。 自家脂肪組織由来幹細胞(ASC)の投与による関節治療に対する説明書・同意書ver1.3 7 キャンセル費用:本",,
B,P00487,F0188,中国四国,広島県,医療法人社団活寿会 広島ひざ関節症クリニック,医療法人社団活寿会 広島ひざ関節症クリニック,医療法人社団活寿会 広島ひざ関節症クリニック,第二種,自家脂肪組織由来幹細胞（ASC）の投与による関節治療,脂肪由来ASC,AUTO,1.0,https://saiseiiryo.mhlw.go.jp/published_plan/download/02F2601003/5/0,31900,税込,,,,-2,,"に対する説明書・同意書ver1.3 7 キャンセル費用:本治療をとりやめた場合、その時点までに行った施術及び細胞培養にかか った以下の費用をお支払いいただき、返金は致しかねます。 期間 キャンセル費用 脂肪採取前に治療をとりやめた場合 ◯予約取得日から施術の1 週間前まで: 31,900 円(税込) ◯予約取得日から施術の3 日前まで: 95,700 円(税込) ◯予約取得日から施術の2 日前~当日: 159,500 円(税込) 脂肪採取〜培養開始前まで 319,000 円(税込) 培養開始後〜投与直前まで(1 関節) 1,122,000 円(税込) 培養開始後〜投与直前まで(2 関節) 1,419",,
B,P00487,F0188,中国四国,広島県,医療法人社団活寿会 広島ひざ関節症クリニック,医療法人社団活寿会 広島ひざ関節症クリニック,医療法人社団活寿会 広島ひざ関節症クリニック,第二種,自家脂肪組織由来幹細胞（ASC）の投与による関節治療,脂肪由来ASC,AUTO,1.0,https://saiseiiryo.mhlw.go.jp/published_plan/download/02F2601003/5/0,95700,税込,,,,-2,,"療をとりやめた場合、その時点までに行った施術及び細胞培養にかか った以下の費用をお支払いいただき、返金は致しかねます。 期間 キャンセル費用 脂肪採取前に治療をとりやめた場合 ◯予約取得日から施術の1 週間前まで: 31,900 円(税込) ◯予約取得日から施術の3 日前まで: 95,700 円(税込) ◯予約取得日から施術の2 日前~当日: 159,500 円(税込) 脂肪採取〜培養開始前まで 319,000 円(税込) 培養開始後〜投与直前まで(1 関節) 1,122,000 円(税込) 培養開始後〜投与直前まで(2 関節) 1,419,000 円(税込) ※本治療の費用に応じて、返金対応額が異なる場",,
B,P00487,F0188,中国四国,広島県,医療法人社団活寿会 広島ひざ関節症クリニック,医療法人社団活寿会 広島ひざ関節症クリニック,医療法人社団活寿会 広島ひざ関節症クリニック,第二種,自家脂肪組織由来幹細胞（ASC）の投与による関節治療,脂肪由来ASC,AUTO,1.0,https://saiseiiryo.mhlw.go.jp/published_plan/download/02F2601003/5/0,159500,税込,,,,-2,,"下の費用をお支払いいただき、返金は致しかねます。 期間 キャンセル費用 脂肪採取前に治療をとりやめた場合 ◯予約取得日から施術の1 週間前まで: 31,900 円(税込) ◯予約取得日から施術の3 日前まで: 95,700 円(税込) ◯予約取得日から施術の2 日前~当日: 159,500 円(税込) 脂肪採取〜培養開始前まで 319,000 円(税込) 培養開始後〜投与直前まで(1 関節) 1,122,000 円(税込) 培養開始後〜投与直前まで(2 関節) 1,419,000 円(税込) ※本治療の費用に応じて、返金対応額が異なる場合がございますので、あらかじめご了承く ださい。 自家ASC は脂",,
B,P00487,F0188,中国四国,広島県,医療法人社団活寿会 広島ひざ関節症クリニック,医療法人社団活寿会 広島ひざ関節症クリニック,医療法人社団活寿会 広島ひざ関節症クリニック,第二種,自家脂肪組織由来幹細胞（ASC）の投与による関節治療,脂肪由来ASC,AUTO,1.0,https://saiseiiryo.mhlw.go.jp/published_plan/download/02F2601003/5/0,319000,税込,,,,-2,,"キャンセル費用 脂肪採取前に治療をとりやめた場合 ◯予約取得日から施術の1 週間前まで: 31,900 円(税込) ◯予約取得日から施術の3 日前まで: 95,700 円(税込) ◯予約取得日から施術の2 日前~当日: 159,500 円(税込) 脂肪採取〜培養開始前まで 319,000 円(税込) 培養開始後〜投与直前まで(1 関節) 1,122,000 円(税込) 培養開始後〜投与直前まで(2 関節) 1,419,000 円(税込) ※本治療の費用に応じて、返金対応額が異なる場合がございますので、あらかじめご了承く ださい。 自家ASC は脂肪採取日から最長3 年保管することが可能です。最初の1 年間",,
B,P00487,F0188,中国四国,広島県,医療法人社団活寿会 広島ひざ関節症クリニック,医療法人社団活寿会 広島ひざ関節症クリニック,医療法人社団活寿会 広島ひざ関節症クリニック,第二種,自家脂肪組織由来幹細胞（ASC）の投与による関節治療,脂肪由来ASC,AUTO,1.0,https://saiseiiryo.mhlw.go.jp/published_plan/download/02F2601003/5/0,1122000,税込,,,,-2,,"から施術の1 週間前まで: 31,900 円(税込) ◯予約取得日から施術の3 日前まで: 95,700 円(税込) ◯予約取得日から施術の2 日前~当日: 159,500 円(税込) 脂肪採取〜培養開始前まで 319,000 円(税込) 培養開始後〜投与直前まで(1 関節) 1,122,000 円(税込) 培養開始後〜投与直前まで(2 関節) 1,419,000 円(税込) ※本治療の費用に応じて、返金対応額が異なる場合がございますので、あらかじめご了承く ださい。 自家ASC は脂肪採取日から最長3 年保管することが可能です。最初の1 年間は無料で保管 致します。2 年目以降も保管延長をご希望の場合は、1 年ごとに",,
B,P00487,F0188,中国四国,広島県,医療法人社団活寿会 広島ひざ関節症クリニック,医療法人社団活寿会 広島ひざ関節症クリニック,医療法人社団活寿会 広島ひざ関節症クリニック,第二種,自家脂肪組織由来幹細胞（ASC）の投与による関節治療,脂肪由来ASC,AUTO,1.0,https://saiseiiryo.mhlw.go.jp/published_plan/download/02F2601003/5/0,1419000,税込,2 回,,,-2,,"術の3 日前まで: 95,700 円(税込) ◯予約取得日から施術の2 日前~当日: 159,500 円(税込) 脂肪採取〜培養開始前まで 319,000 円(税込) 培養開始後〜投与直前まで(1 関節) 1,122,000 円(税込) 培養開始後〜投与直前まで(2 関節) 1,419,000 円(税込) ※本治療の費用に応じて、返金対応額が異なる場合がございますので、あらかじめご了承く ださい。 自家ASC は脂肪採取日から最長3 年保管することが可能です。最初の1 年間は無料で保管 致します。2 年目以降も保管延長をご希望の場合は、1 年ごとに別途更新料66,000 円(税 込)が発生致します。2 回目以降保管してある",,
B,P00488,F0190,中国四国,広島県,医療法人龍樹会 池田整形外科リハビリテーションクリニック,医療法人龍樹会 池田整形外科リハビリテーションクリニック,医療法人龍樹会 池田整形外科リハビリテーションクリニック,第二種,多血小板血漿（PRP）を用いた変形性関節症治療,PRP,QC,0.952,https://saiseiiryo.mhlw.go.jp/published_plan/download/01F2309003/5/0,2000,税別,,,,1,4,"可能性 BEBO ID. Hob cli. 反応などの可能性を完全 には耕定できない。 a 保険適用 : 2000 円前後/回 100, 000 円 (税抜) BOO,000 円 (税抜) UBER DIE) 詳細やご不明な点は医師・スタッフまでお気軽にお尋ねください。",price candidates remain ambiguous,
B,P00489,F0182,中国四国,広島県,大田クリニック整形外科,大田クリニック整形外科,大田クリニック整形外科,第二種,自家多血小板血漿（PRP）を用いた慢性関節炎の治療（関節内組織）,PRP,AUTO,0.9838,https://saiseiiryo.mhlw.go.jp/published_plan/download/01F2505003/5/0,20000,税別,1部位,ACP MAX|ACP,Arthrex,9,,"」は、すべて自費診療であり、健康保険を使用することはできません。 • 本治療にかかる費用は以下のとおりです。 なお、PRP 療法の費用は、PRP 調製のための採血にかかる費用、PRP 調製費用、 投与にかかる費用の総額となります。 内容 費用(税別) 血液検査・身体機能検査 20,000 円 PRP 療法単回プラン ACP 使用 (1部位あたり)60,000 円 ACP MAX 使用 (1部位あたり)180,000 円 PRP 療法3回プラン ACP 使用(初回投与) (1部位あたり)60,000 円 ACP 使用(2回目投与以降) (1部位あたり)30,000 円 • 治療終了後も定期的な受診が",,
B,P00489,F0182,中国四国,広島県,大田クリニック整形外科,大田クリニック整形外科,大田クリニック整形外科,第二種,自家多血小板血漿（PRP）を用いた慢性関節炎の治療（関節内組織）,PRP,AUTO,0.9838,https://saiseiiryo.mhlw.go.jp/published_plan/download/01F2505003/5/0,60000,税別,1部位,ACP MAX|ACP,Arthrex,9,,"本治療にかかる費用は以下のとおりです。 なお、PRP 療法の費用は、PRP 調製のための採血にかかる費用、PRP 調製費用、 投与にかかる費用の総額となります。 内容 費用(税別) 血液検査・身体機能検査 20,000 円 PRP 療法単回プラン ACP 使用 (1部位あたり)60,000 円 ACP MAX 使用 (1部位あたり)180,000 円 PRP 療法3回プラン ACP 使用(初回投与) (1部位あたり)60,000 円 ACP 使用(2回目投与以降) (1部位あたり)30,000 円 • 治療終了後も定期的な受診が必要です。 9 11.試料等の保存及び廃棄の",,
B,P00489,F0182,中国四国,広島県,大田クリニック整形外科,大田クリニック整形外科,大田クリニック整形外科,第二種,自家多血小板血漿（PRP）を用いた慢性関節炎の治療（関節内組織）,PRP,AUTO,0.9838,https://saiseiiryo.mhlw.go.jp/published_plan/download/01F2505003/5/0,180000,税別,1部位,ACP MAX|ACP,Arthrex,9,,"の費用は、PRP 調製のための採血にかかる費用、PRP 調製費用、 投与にかかる費用の総額となります。 内容 費用(税別) 血液検査・身体機能検査 20,000 円 PRP 療法単回プラン ACP 使用 (1部位あたり)60,000 円 ACP MAX 使用 (1部位あたり)180,000 円 PRP 療法3回プラン ACP 使用(初回投与) (1部位あたり)60,000 円 ACP 使用(2回目投与以降) (1部位あたり)30,000 円 • 治療終了後も定期的な受診が必要です。 9 11.試料等の保存及び廃棄の方法 患者様から採取した血液と作製したPRP は、患者様",,
B,P00489,F0182,中国四国,広島県,大田クリニック整形外科,大田クリニック整形外科,大田クリニック整形外科,第二種,自家多血小板血漿（PRP）を用いた慢性関節炎の治療（関節内組織）,PRP,AUTO,0.9838,https://saiseiiryo.mhlw.go.jp/published_plan/download/01F2505003/5/0,30000,不明,1部位,ACP MAX|ACP,Arthrex,3,,"20,000 円 PRP 療法単回プラン ACP 使用 (1部位あたり)60,000 円 ACP MAX 使用 (1部位あたり)180,000 円 PRP 療法3回プラン ACP 使用(初回投与) (1部位あたり)60,000 円 ACP 使用(2回目投与以降) (1部位あたり)30,000 円 • 治療終了後も定期的な受診が必要です。 9 11.試料等の保存及び廃棄の方法 患者様から採取した血液と作製したPRP は、患者様ご自身の治療のみに使用しま す。ただし、症例検討や学会発表を目的として、血液やPRP の測定を行い、データ を取得することがあります。 血液およびPRP は微",,
B,P00490,F0183,中国四国,広島県,寛田クリニック,寛田クリニック,寛田クリニック,第二種,自家多血小板血漿（PRP）を用いた関節機能改善治療,PRP,AUTO,0.9625,https://saiseiiryo.mhlw.go.jp/published_plan/download/02F2509001/5/0,30000,税別,1回(採血が15ml の場合),,,9,,。 (2) 本治療にかかる費用は、以下のとおりです。なお、費用に含まれるのは、 治療に伴う診査、自家PRP 調製のための採血にかかる費用、自家PRP 調製費用、注入にかかる費用であり、以下が費用の総額となります。 PRP 療法の費用(消費税別) 1回(採血が15ml の場合) 3 万円 1 回(採血が15ml 超の場合) 20 万円~40 万円* *採血量や使用するキットにより治療費が異なります。 担当医師よりご説明いたしますので必ずご確認ください。 (3)治療に関するご同意は、患者様の自由意思に基づき、いつでも撤回する ことが可能です。ただし、採血後に同意を撤回された場合など、同意撤 回までに既に,,
B,P00490,F0183,中国四国,広島県,寛田クリニック,寛田クリニック,寛田クリニック,第二種,自家多血小板血漿（PRP）を用いた関節機能改善治療,PRP,AUTO,0.9625,https://saiseiiryo.mhlw.go.jp/published_plan/download/02F2509001/5/0,200000,税別,1回(採血が15ml の場合),,,9,,です。なお、費用に含まれるのは、 治療に伴う診査、自家PRP 調製のための採血にかかる費用、自家PRP 調製費用、注入にかかる費用であり、以下が費用の総額となります。 PRP 療法の費用(消費税別) 1回(採血が15ml の場合) 3 万円 1 回(採血が15ml 超の場合) 20 万円~40 万円* *採血量や使用するキットにより治療費が異なります。 担当医師よりご説明いたしますので必ずご確認ください。 (3)治療に関するご同意は、患者様の自由意思に基づき、いつでも撤回する ことが可能です。ただし、採血後に同意を撤回された場合など、同意撤 回までに既に費用が発生している場合には、実施済みの処置等にかかる,,
B,P00490,F0183,中国四国,広島県,寛田クリニック,寛田クリニック,寛田クリニック,第二種,自家多血小板血漿（PRP）を用いた関節機能改善治療,PRP,AUTO,0.9625,https://saiseiiryo.mhlw.go.jp/published_plan/download/02F2509001/5/0,400000,税別,1回(採血が15ml の場合),,,9,,費用に含まれるのは、 治療に伴う診査、自家PRP 調製のための採血にかかる費用、自家PRP 調製費用、注入にかかる費用であり、以下が費用の総額となります。 PRP 療法の費用(消費税別) 1回(採血が15ml の場合) 3 万円 1 回(採血が15ml 超の場合) 20 万円~40 万円* *採血量や使用するキットにより治療費が異なります。 担当医師よりご説明いたしますので必ずご確認ください。 (3)治療に関するご同意は、患者様の自由意思に基づき、いつでも撤回する ことが可能です。ただし、採血後に同意を撤回された場合など、同意撤 回までに既に費用が発生している場合には、実施済みの処置等にかかる 実費をご負担,,
B,P00491,F0184,中国四国,広島県,広島大学病院,広島大学病院,広島大学病院,第二種,自家多血小板血漿（PRP）を用いた関節内組織損傷に対する治療,PRP,AUTO,0.9838,https://saiseiiryo.mhlw.go.jp/published_plan/download/02F2604001/5/0,24200,税込,2 回,,,10,7,"傷に対する治療」は、治療に伴う診査、自家PRP 調製のための採血にかか る費用、自家PRP 調製費用、注入の総額となります。 ※ PRP 療法 初回 24,200 円(消費税込) 2 回目以降 1 回あたり 21,800 円(消費税込) (3) 治療の回数に制限はありませんが、目安として複数回(3~4 回)の治療が",line-level strong price context,
B,P00492,F0181,中国四国,広島県,独立行政法人労働者健康安全機構 中国労災病院,独立行政法人労働者健康安全機構 中国労災病院,独立行政法人労働者健康安全機構 中国労災病院,第二種,多血小板血漿抽出液による関節症治療,PRP/APS,AUTO,1.0,https://saiseiiryo.mhlw.go.jp/published_plan/download/03F2504002/5/0,100000,不明,,APS|GPS|Zimmer,Zimmer Biomet,7,,"(院長)へと報告して対応させていただきます。 窓口部署:会計課 連絡先:0823-72-7171 12.費用について この治療は公的保険の対象ではありませんので、当院所定の施術料をお支払いいただきます。 ・ZIMMER BIOMET 製 GPS®IIIシステム使用 100,000円 (APSキットを使用せず、作製したPRPをそのまま使用する場合) GPS®IIIシステム、APSキット使用 300,000円 (APSキットを使用してさらに抽出を行い純度を高めて使用する場合) ※患者様の症状、その他の事情等により治療費が変動する場合があります。 なお、細胞の採取後や加工後",,
B,P00492,F0181,中国四国,広島県,独立行政法人労働者健康安全機構 中国労災病院,独立行政法人労働者健康安全機構 中国労災病院,独立行政法人労働者健康安全機構 中国労災病院,第二種,多血小板血漿抽出液による関節症治療,PRP/APS,AUTO,1.0,https://saiseiiryo.mhlw.go.jp/published_plan/download/03F2504002/5/0,300000,不明,,APS|GPS|Zimmer,Zimmer Biomet,7,,"んので、当院所定の施術料をお支払いいただきます。 ・ZIMMER BIOMET 製 GPS®IIIシステム使用 100,000円 (APSキットを使用せず、作製したPRPをそのまま使用する場合) GPS®IIIシステム、APSキット使用 300,000円 (APSキットを使用してさらに抽出を行い純度を高めて使用する場合) ※患者様の症状、その他の事情等により治療費が変動する場合があります。 なお、細胞の採取後や加工後に同意を撤回された場合など、同意を撤回される時点までに費用が発生し ている場合は、発生した費用については患者様にご負担いただきますのでご了承ください。 13.",,
B,P00493,F0189,中国四国,広島県,社会医療法人里仁会 興生総合病院,社会医療法人里仁会 興生総合病院,社会医療法人里仁会 興生総合病院,第二種,多血小板血漿（PRP）を用いた変形性関節症治療,PRP,AUTO,0.952,https://saiseiiryo.mhlw.go.jp/published_plan/download/03F2511003/5/0,100000,税別,,APS|GPS|Zimmer,Zimmer Biomet,8,,"の他の財産権又は経済的 利益の帰属に関する事項 該当なし 治療にかかる費用について この治療は公的保険の対象ではありませんので、当院の所定の施術料をお支払いいただきます。 ・治療費:ZIMMER BIOMET製GPS®IIIシステム使用 100,000円(税抜) ZIMMER BIOMET製APSキット使用 300,000円(税抜) 詳細やご不明な点は医師・スタッフまでお気軽にお尋ねください。 施術後、患者様の個人的な事情及び金銭等に関する問題に関しては一切の責任を負いかねますので ご了承ください。 本治療の実施体制",,
B,P00493,F0189,中国四国,広島県,社会医療法人里仁会 興生総合病院,社会医療法人里仁会 興生総合病院,社会医療法人里仁会 興生総合病院,第二種,多血小板血漿（PRP）を用いた変形性関節症治療,PRP,AUTO,0.952,https://saiseiiryo.mhlw.go.jp/published_plan/download/03F2511003/5/0,300000,税別,,APS|GPS|Zimmer,Zimmer Biomet,8,,"いて この治療は公的保険の対象ではありませんので、当院の所定の施術料をお支払いいただきます。 ・治療費:ZIMMER BIOMET製GPS®IIIシステム使用 100,000円(税抜) ZIMMER BIOMET製APSキット使用 300,000円(税抜) 詳細やご不明な点は医師・スタッフまでお気軽にお尋ねください。 施術後、患者様の個人的な事情及び金銭等に関する問題に関しては一切の責任を負いかねますので ご了承ください。 本治療の実施体制 本治療は、以下の実施体制にて行ないます。 【血液採取を行う医",,
B,P00494,F0187,中国四国,広島県,医療法人昭和 原田整形外科病院,医療法人昭和 原田整形外科病院,医療法人昭和 原田整形外科病院,第三種,自家多血小板血漿（PRP）を用いた筋肉、腱、靭帯、筋膜の損傷及び慢性炎症の治療（関節外）,PRP,AUTO,0.9872,https://saiseiiryo.mhlw.go.jp/published_plan/download/01F2604006/5/0,39600,税込,,ACP,Arthrex,8,,"本治療にかかる費用は、以下のとおりです。なお、費用に含まれるのは、治療に 伴う診査、自家PRP 調製のための採血にかかる費用、自家PRP 調製費用、注入に かかる費用であり、以下が費用の総額となります。 治療の種類 平均的な血小板注入量 費用(税込) ACP-PRP 20 億個 39,600 円 また、ACP-PRP は効果を高めるため、2 倍量1 度に投与することが可能です。 その場合の費用は以下の通りです。 治療の種類 平均的な血小板注入量 費用(税込) ACP-PRP ダブルショット 40 億個 77,000 円 • 治療終了後も定期的な受診が必要です。 11.試料等の保存及び廃棄",,
B,P00494,F0187,中国四国,広島県,医療法人昭和 原田整形外科病院,医療法人昭和 原田整形外科病院,医療法人昭和 原田整形外科病院,第三種,自家多血小板血漿（PRP）を用いた筋肉、腱、靭帯、筋膜の損傷及び慢性炎症の治療（関節外）,PRP,AUTO,0.9872,https://saiseiiryo.mhlw.go.jp/published_plan/download/01F2604006/5/0,77000,税込,,ACP,Arthrex,8,,"用(税込) ACP-PRP 20 億個 39,600 円 また、ACP-PRP は効果を高めるため、2 倍量1 度に投与することが可能です。 その場合の費用は以下の通りです。 治療の種類 平均的な血小板注入量 費用(税込) ACP-PRP ダブルショット 40 億個 77,000 円 • 治療終了後も定期的な受診が必要です。 11.試料等の保存及び廃棄の方法 患者様から採取した血液と作製したPRP は、患者様ご自身の治療のみに使用しま す。ただし、症例検討や学会発表を目的として、血液やPRP の測定を行い、データ を取得することがあります。 血液およびPRP は微量で全量を使用するため、保管は",,
B,P00495,F0186,中国四国,広島県,医療法人社団 日本鋼管福山病院,医療法人社団 日本鋼管福山病院,医療法人社団 日本鋼管福山病院,第三種,自家多血小板血漿（PRP）を用いた筋肉、腱、靭帯、筋膜の損傷及び慢性炎症の治療（関節外）,PRP,QC,0.9872,https://saiseiiryo.mhlw.go.jp/published_plan/download/03F2506005/5/0,,,,,,,,,no price found after text/OCR pass,Document fetched but no price candidate
B,P00496,F0178,中国四国,広島県,医療法人社団まりも会 ヒロシマ平松病院,医療法人社団まりも会 ヒロシマ平松病院,医療法人社団まりも会 ヒロシマ平松病院,第三種,多血小板血漿を用いた靭帯・腱及び腱付着部の機能障害・疾患の治療,PRP,AUTO,1.0,https://saiseiiryo.mhlw.go.jp/published_plan/download/03F2504004/5/0,92500,税別,,GPS|Zimmer,Zimmer Biomet,8,,"(院長)へと報告して対応させていただきます。 窓口部署:医事課及び管理事務分室 連絡先:082-256-3650 12.費用について この治療は公的保険の対象ではありませんので、当院所定の施術料をお支払いいただきます。 ・ZIMMER BIOMET 製 GPS®IIIシステム使用 92,500円(税別) ※患者様の症状、その他の事情等により治療費が変動する場合があります。 なお、細胞の採取後や加工後に同意を撤回された場合など、同意を撤回される時点までに費用が発生し ている場合は、発生した費用については患者様にご負担いただきますのでご了承ください。 13.他の治療法の有無、本治療法との比較について 靭帯・腱及び腱付",,
B,P00497,F0156,中国四国,山口県,医療法人社団 宇部興産中央病院,医療法人社団 宇部興産中央病院,医療法人社団 宇部興産中央病院,第二種,自家多血小板血漿（PRP）を用いた慢性関節炎の治療（関節内組織）,PRP,AUTO,0.9838,https://saiseiiryo.mhlw.go.jp/published_plan/download/01F2206003/5/0,55000,税込,2 回分,,,9,,"できませ ん。 (2) 本治療にかかる費用は、以下のとおりです。なお、費用は、治療に伴う診 査、PRP 調製のための採血にかかる費用、PRP 調製費用、注入にかかる費 6 用の総額となります。左右両側に投与する場合は、2 回分です。 PRP 1 回(1 部位) 55,000 円(税込) PRP 2 回分(2 部位同時) 88,000 円(税込) 11. 試料等の保存及び廃棄の方法 患者様から採取した血液と作製したPRP は、患者様ご自身の治療のみ に使用します。ただし、症例検討や学会発表を目的として、血液やPRP の測定を行い、データを取得することがあります。 血液およびPRP",,
B,P00497,F0156,中国四国,山口県,医療法人社団 宇部興産中央病院,医療法人社団 宇部興産中央病院,医療法人社団 宇部興産中央病院,第二種,自家多血小板血漿（PRP）を用いた慢性関節炎の治療（関節内組織）,PRP,AUTO,0.9838,https://saiseiiryo.mhlw.go.jp/published_plan/download/01F2206003/5/0,88000,税込,2 回分,,,9,,"費用は、治療に伴う診 査、PRP 調製のための採血にかかる費用、PRP 調製費用、注入にかかる費 6 用の総額となります。左右両側に投与する場合は、2 回分です。 PRP 1 回(1 部位) 55,000 円(税込) PRP 2 回分(2 部位同時) 88,000 円(税込) 11. 試料等の保存及び廃棄の方法 患者様から採取した血液と作製したPRP は、患者様ご自身の治療のみ に使用します。ただし、症例検討や学会発表を目的として、血液やPRP の測定を行い、データを取得することがあります。 血液およびPRP は微量で全量を使用するため、保管はしません。治療 に用いない血液またはPRP",,
B,P00501,F0157,中国四国,山口県,山口県厚生農業協同組合連合会 小郡第一総合病院,山口県厚生農業協同組合連合会 小郡第一総合病院,山口県厚生農業協同組合連合会 小郡第一総合病院,第二種,多血小板血漿（PRP）を用いた変形性関節症治療,PRP,AUTO,0.952,https://saiseiiryo.mhlw.go.jp/published_plan/download/03F2602001/5/0,150000,税別,,,,8,,"定性 PRP は患者様自身の血液から製造するため、品質が ばらつく可能性がある。 医薬品として承認されて おり、品質は安定している アレルギーの 可能性 自家移植のため、極めて低い。 品質管理された安全性の 高いものだが、アレルギー 反応などの可能性を完全 には否定できない。 費用 150,000 円(税抜) 300,000 円(税抜) 保険適用:2000 円前後/回 (膝関節内投与の場合) 詳細やご不明な点は医師・スタッフまでお気軽にお尋ねください。 施術後、患者様の個人的な事情及び金銭等に関する問題に関しては一切の責を負いかねますのでご 了承ください。 その他治療についての注意事項",,
B,P00501,F0157,中国四国,山口県,山口県厚生農業協同組合連合会 小郡第一総合病院,山口県厚生農業協同組合連合会 小郡第一総合病院,山口県厚生農業協同組合連合会 小郡第一総合病院,第二種,多血小板血漿（PRP）を用いた変形性関節症治療,PRP,AUTO,0.952,https://saiseiiryo.mhlw.go.jp/published_plan/download/03F2602001/5/0,2000,税別,,,,6,,"能性がある。 医薬品として承認されて おり、品質は安定している アレルギーの 可能性 自家移植のため、極めて低い。 品質管理された安全性の 高いものだが、アレルギー 反応などの可能性を完全 には否定できない。 費用 150,000 円(税抜) 300,000 円(税抜) 保険適用:2000 円前後/回 (膝関節内投与の場合) 詳細やご不明な点は医師・スタッフまでお気軽にお尋ねください。 施術後、患者様の個人的な事情及び金銭等に関する問題に関しては一切の責を負いかねますのでご 了承ください。 その他治療についての注意事項 患者様の体調が良くない場合や、採取した血液",,
B,P00501,F0157,中国四国,山口県,山口県厚生農業協同組合連合会 小郡第一総合病院,山口県厚生農業協同組合連合会 小郡第一総合病院,山口県厚生農業協同組合連合会 小郡第一総合病院,第二種,多血小板血漿（PRP）を用いた変形性関節症治療,PRP,AUTO,0.952,https://saiseiiryo.mhlw.go.jp/published_plan/download/03F2602001/5/0,300000,税別,,,,6,,"血液から製造するため、品質が ばらつく可能性がある。 医薬品として承認されて おり、品質は安定している アレルギーの 可能性 自家移植のため、極めて低い。 品質管理された安全性の 高いものだが、アレルギー 反応などの可能性を完全 には否定できない。 費用 150,000 円(税抜) 300,000 円(税抜) 保険適用:2000 円前後/回 (膝関節内投与の場合) 詳細やご不明な点は医師・スタッフまでお気軽にお尋ねください。 施術後、患者様の個人的な事情及び金銭等に関する問題に関しては一切の責を負いかねますのでご 了承ください。 その他治療についての注意事項 患者様の",,
B,P00502,F0158,中国四国,山口県,森山整形クリニック,森山整形クリニック,森山整形クリニック,第二種,変形性関節症および関節腔の傷害を対象とした自家多血小板血漿（PRP）注入療法,PRP,QC,1.0,https://saiseiiryo.mhlw.go.jp/published_plan/download/01F2305001/5/0,,,,,,,,,no price found after text/OCR pass,Document fetched but no price candidate
B,P00503,F0156,中国四国,山口県,医療法人社団 宇部興産中央病院,医療法人社団 宇部興産中央病院,医療法人社団 宇部興産中央病院,第三種,難治性スポーツ障害等におけるPRPを用いた再生医療,PRP,AUTO,0.9384,https://saiseiiryo.mhlw.go.jp/published_plan/download/03F2208001/5/0,30000,税別,,,,8,,"~1週間で自然消退 します。瘢痕化した場合は長期に及 ぶ場合もあります。 11 施術費用につい て この再生医療治療は、医療保険適用外(自由診療)施術ですの で全額自費でお支払いいただきます。 施術費は、術後のケアを含めて、 30,000 円 (税別)とな ります。 施術後、患者の個人的な事情及び金銭等に関する問題に関しては一 切の責を負いかねますのでご了承ください。 12 術前にご理解いただきたいこ と 治療には効果だけでなく副作用が発症する可能性があることもご理 解ください。また、予期せぬ健康被 害が起こり",,
B,P00505,F0192,中国四国,徳島県,やましろクリニック,やましろクリニック,やましろクリニック,第二種,多血小板血漿抽出液による関節症治療,PRP/APS,AUTO,1.0,https://saiseiiryo.mhlw.go.jp/published_plan/download/03F2110003/5/0,300000,税別,,APS|GPS,Zimmer Biomet,8,,"窓口での 受付後、治療を行う医師、管理者(院長)へと報告して対応させていただきます。 窓口部署:受付 連絡先:088-625-1311 12.費用について この治療は公的保険の対象ではありませんので、当院所定の施術料をお支払いいただきます。 GPS®IIIシステム、APSキット使用 300,000円(税別) (APSキットを使用してさらに抽出を行い純度を高めて使用する場合) ※患者様の症状、その他の事情等により治療費が変動する場合があります。 なお、細胞の採取後や加工後に同意を撤回された場合など、同意を撤回される時点までに費用が発生し ている場合は、発生した費用については患者様にご負担いただきますのでご了承ください。",,
B,P00506,F0191,中国四国,徳島県,医療法人おおた整形外科クリニック,医療法人おおた整形外科クリニック,医療法人おおた整形外科クリニック,第二種,多血小板血漿抽出液による関節症治療,PRP/APS,AUTO,1.0,https://saiseiiryo.mhlw.go.jp/published_plan/download/01F2003002/5/0,100000,税別,,APS|GPS|Zimmer,Zimmer Biomet,8,,"院長)へと報告して対応させていただきます。 窓口部署:医療事務 連絡先:0883-53-2576 12.費用について この治療は公的保険の対象ではありませんので、当院所定の施術料をお支払いいただきます。 ・ZIMMER BIOMET 製 GPS®IIIシステム使用 100,000円(税別) (APSキットを使用せず、作製したPRPをそのまま使用する場合) GPS®IIIシステム、APSキット使用 300,000円(税別) (APSキットを使用してさらに抽出を行い純度を高めて使用する場合) ※患者様の症状、その他の事情等により治療費が変動する場合があります。 なお、細胞",,
B,P00506,F0191,中国四国,徳島県,医療法人おおた整形外科クリニック,医療法人おおた整形外科クリニック,医療法人おおた整形外科クリニック,第二種,多血小板血漿抽出液による関節症治療,PRP/APS,AUTO,1.0,https://saiseiiryo.mhlw.go.jp/published_plan/download/01F2003002/5/0,300000,税別,,APS|GPS|Zimmer,Zimmer Biomet,8,,"当院所定の施術料をお支払いいただきます。 ・ZIMMER BIOMET 製 GPS®IIIシステム使用 100,000円(税別) (APSキットを使用せず、作製したPRPをそのまま使用する場合) GPS®IIIシステム、APSキット使用 300,000円(税別) (APSキットを使用してさらに抽出を行い純度を高めて使用する場合) ※患者様の症状、その他の事情等により治療費が変動する場合があります。 なお、細胞の採取後や加工後に同意を撤回された場合など、同意を撤回される時点までに費用が発生し ている場合は、発生した費用については患者様にご負担いただきますのでご了承ください。",,
B,P00509,F0191,中国四国,徳島県,医療法人おおた整形外科クリニック,医療法人おおた整形外科クリニック,医療法人おおた整形外科クリニック,第三種,多血小板血漿を用いた靭帯・腱及び腱付着部の機能障害・疾患の治療,PRP,AUTO,1.0,https://saiseiiryo.mhlw.go.jp/published_plan/download/01F2003003/5/0,100000,税別,,GPS|Zimmer,Zimmer Biomet,8,,"理者(院長)へと報告して対応させていただきます。 窓口(担当部門:医療事務) 電話番号:0883-53-2576 12.費用について この治療は公的保険の対象ではありませんので、当院所定の施術料をお支払いいただきます。 ・ZIMMER BIOMET 製 GPS®IIIシステム使用 100,000円(税別) ※患者様の症状、その他の事情等により治療費が変動する場合があります。 なお、細胞の採取後や加工後に同意を撤回された場合など、同意を撤回される時点までに費用が発生し ている場合は、発生した費用については患者様にご負担いただきますのでご了承ください。 13.他の治療法の有無、本治療法との比較について 靭帯・腱及び腱付",,
B,P00511,F0416,中国四国,香川県,医療法人弘仁会 三条整形外科スポーツクリニック,医療法人弘仁会 三条整形外科スポーツクリニック,医療法人弘仁会 三条整形外科スポーツクリニック,第二種,自家多血小板血漿（PRP）を用いた整形外科手術（骨・関節内組織）,PRP,QC,0.98,https://saiseiiryo.mhlw.go.jp/published_plan/download/01F2207002/5/0,,,,,,,,,no price found after text/OCR pass,RuntimeError: Tesseract process timeout
B,P00512,F0416,中国四国,香川県,医療法人弘仁会 三条整形外科スポーツクリニック,医療法人弘仁会 三条整形外科スポーツクリニック,医療法人弘仁会 三条整形外科スポーツクリニック,第二種,自家多血小板血漿（PRP）を用いた慢性関節炎の治療（関節内組織）,PRP,AUTO,0.9838,https://saiseiiryo.mhlw.go.jp/published_plan/download/01F2207003/5/0,50000,税込,2 回分,,,9,,"できませ ん。 (2) 本治療にかかる費用は、以下のとおりです。なお、費用は、治療に伴う診 査、PRP 調製のための採血にかかる費用、PRP 調製費用、注入にかかる費 用の総額となります。左右両側に投与する場合は、2 回分です。 6 PRP 1 回(1 部位) 50,000 円(税込) 11. 試料等の保存及び廃棄の方法 患者様から採取した血液と作製したPRP は、患者様ご自身の治療のみ に使用します。ただし、症例検討や学会発表を目的として、血液やPRP の測定を行い、データを取得することがあります。 血液およびPRP は微量で全量を使用するため、保管はしません。治療 に用いない血液またはPRP",,
B,P00513,F0417,中国四国,香川県,医療法人社団 永井整形外科医院,医療法人社団 永井整形外科医院,医療法人社団 永井整形外科医院,第二種,多血小板血漿（PRP）の投与による変形性関節症治療,PRP,AUTO,1.0,https://saiseiiryo.mhlw.go.jp/published_plan/download/02F2301006/5/0,35000,税別,,APS|GPS,Zimmer Biomet,8,,"ください。 施術料及びPRP を製造するキット キット名 販売業者 費用(税別) APS キット ジンマー・バイオメット合同会社 300,000 円 GPSIII キット ジンマー・バイオメット合同会社 110,000 円 Condensia システム 京セラ株式会社 35,000 円 12. その他治療についての注意事項 患者さまの体調が良くない場合や、採取した血液の状態によっては、PRP を分離できないこ とがあります。 その際には、再度採血をさせていただく場合があります。 また、PRP を濃縮する機器は定期的にメンテナンスを行っていますが、突然の不具合発生に より、治療の日程やお時間を変更させてい",,
B,P00513,F0417,中国四国,香川県,医療法人社団 永井整形外科医院,医療法人社団 永井整形外科医院,医療法人社団 永井整形外科医院,第二種,多血小板血漿（PRP）の投与による変形性関節症治療,PRP,AUTO,1.0,https://saiseiiryo.mhlw.go.jp/published_plan/download/02F2301006/5/0,110000,税別,,APS|GPS,Zimmer Biomet,8,,"・スタッフか ら説明させていただきます。内容をご確認のうえ治療法をお選びください。 施術料及びPRP を製造するキット キット名 販売業者 費用(税別) APS キット ジンマー・バイオメット合同会社 300,000 円 GPSIII キット ジンマー・バイオメット合同会社 110,000 円 Condensia システム 京セラ株式会社 35,000 円 12. その他治療についての注意事項 患者さまの体調が良くない場合や、採取した血液の状態によっては、PRP を分離できないこ とがあります。 その際には、再度採血をさせていただく場合があります。 また、PRP を濃縮する機器は定期的にメンテナンスを行っ",,
B,P00513,F0417,中国四国,香川県,医療法人社団 永井整形外科医院,医療法人社団 永井整形外科医院,医療法人社団 永井整形外科医院,第二種,多血小板血漿（PRP）の投与による変形性関節症治療,PRP,AUTO,1.0,https://saiseiiryo.mhlw.go.jp/published_plan/download/02F2301006/5/0,300000,税別,,APS|GPS,Zimmer Biomet,8,,"、注 入するPRP の量など患者さまごとに異なります。費用の詳細については、医師・スタッフか ら説明させていただきます。内容をご確認のうえ治療法をお選びください。 施術料及びPRP を製造するキット キット名 販売業者 費用(税別) APS キット ジンマー・バイオメット合同会社 300,000 円 GPSIII キット ジンマー・バイオメット合同会社 110,000 円 Condensia システム 京セラ株式会社 35,000 円 12. その他治療についての注意事項 患者さまの体調が良くない場合や、採取した血液の状態によっては、PRP を分離できないこ とがあります。 その際には、再度採血をさせていた",,
B,P00514,F0417,中国四国,香川県,医療法人社団 永井整形外科医院,医療法人社団 永井整形外科医院,医療法人社団 永井整形外科医院,第二種,自己脂肪由来間葉系幹細胞を用いた慢性疼痛に対する治療,脂肪由来MSC,AUTO,1.0,https://saiseiiryo.mhlw.go.jp/published_plan/download/01F2408001/5/0,1100000,税込,,,,10,5,"税込 初診料 5,500 円 血液検査料 13,200 円 組織採取料 33,000 円 治療費用 1,100,000 円/回 なお、脂肪の採取後や、細胞加工物の製造開始後に同意を撤回された場合など、同意を撤回される 時点までに費用が発生している場合は、発生した費用についてはあなたにご負担いただきますので",line-level strong price context,
B,P00515,F0417,中国四国,香川県,医療法人社団 永井整形外科医院,医療法人社団 永井整形外科医院,医療法人社団 永井整形外科医院,第二種,自己脂肪由来間葉系幹細胞を用いた変形性関節症に対する治療,脂肪由来MSC,AUTO,1.0,https://saiseiiryo.mhlw.go.jp/published_plan/download/01F2408004/5/0,660000,税込,,,,10,5,"税込 初診料 5,500 円 血液検査料 13,200 円 組織採取料 33,000 円 治療費用 660,000 円/回 なお、脂肪の採取後や、細胞加工物の製造開始後に同意を撤回された場合など、同意を撤回される 時点までに費用が発生している場合は、発生した費用についてはあなたにご負担いただきますので",line-level strong price context,
B,P00516,F0418,中国四国,香川県,社会医療法人財団 大樹会 総合病院 回生病院,社会医療法人財団 大樹会 総合病院 回生病院,社会医療法人財団 大樹会 総合病院 回生病院,第二種,多血小板血漿（PRP）を用いた関節痛、変形性関節症治療,PRP,AUTO,0.9673,https://saiseiiryo.mhlw.go.jp/published_plan/download/03F2403002/5/0,600000,税込,,,,8,3,"費用 1 ヶ所:300,000 円(税込) 2 ヵ所:600,000 円(税込) 保険適用:2000 円前後/回 (膝関節内投与の場合)",line-level medium price context,
B,P00517,F0418,中国四国,香川県,社会医療法人財団 大樹会 総合病院 回生病院,社会医療法人財団 大樹会 総合病院 回生病院,社会医療法人財団 大樹会 総合病院 回生病院,第二種,自己脂肪由来間葉系幹細胞を用いた関節痛、変形性関節症治療,脂肪由来MSC,AUTO,1.0,https://saiseiiryo.mhlw.go.jp/published_plan/download/03F2403003/5/0,800000,税込,,,,12,5,"他、本治療を受けるために必要となった旅費、交通費などの全ての費用もご自分でご負担いただ きます。実際に必要となる費用は以下の通りです。 1 ヵ所:800,000 円(税込)、投与日同日2 ヵ所:1,200,000 円(税込) 脂肪採取から1 年以内に再度本治療をご希望される場合、凍結された細胞を用いるので脂肪採 取をさせて頂く必要はございませんが、費用については、同額となります。",line-level strong price context,
B,P00517,F0418,中国四国,香川県,社会医療法人財団 大樹会 総合病院 回生病院,社会医療法人財団 大樹会 総合病院 回生病院,社会医療法人財団 大樹会 総合病院 回生病院,第二種,自己脂肪由来間葉系幹細胞を用いた関節痛、変形性関節症治療,脂肪由来MSC,AUTO,1.0,https://saiseiiryo.mhlw.go.jp/published_plan/download/03F2403003/5/0,1200000,税込,,,,12,5,"他、本治療を受けるために必要となった旅費、交通費などの全ての費用もご自分でご負担いただ きます。実際に必要となる費用は以下の通りです。 1 ヵ所:800,000 円(税込)、投与日同日2 ヵ所:1,200,000 円(税込) 脂肪採取から1 年以内に再度本治療をご希望される場合、凍結された細胞を用いるので脂肪採 取をさせて頂く必要はございませんが、費用については、同額となります。",line-level strong price context,
B,P00518,F0419,中国四国,香川県,香川県厚生農業協同組合連合会 屋島総合病院,香川県厚生農業協同組合連合会 屋島総合病院,香川県厚生農業協同組合連合会 屋島総合病院,第二種,自家多血小板血漿（PRP）を用いた慢性関節炎の治療（関節内組織）,PRP,AUTO,0.9838,https://saiseiiryo.mhlw.go.jp/published_plan/download/03F2309004/5/0,33000,税込,2 回分,,,9,,"保険を使用することはできません。 (2) 本治療にかかる費用は、以下のとおりです。なお、費用は、治療に伴う診査、 PRP 調製のための採血にかかる費用、PRP 調製費用、注入にかかる費用の 総額となります。左右両側に投与する場合は、2 回分です。 PRP 療法1回(1 部位) 33,000 円(消費税込) 11. 試料等の保存及び廃棄の方法 患者様から採取した血液と作製したPRP は、患者様ご自身の治療のみに 使用します。ただし、症例検討や学会発表を目的として、血液やPRP の測 定を行い、データを取得することがあります。 血液およびPRP は微量で全量を使用するため、保管はしません。治療に 用いない血液ま",,
B,P00519,F0420,中国四国,香川県,高松南整形外科スポーツクリニック,高松南整形外科スポーツクリニック,高松南整形外科スポーツクリニック,第二種,自家多血小板血漿（PRP）を用いた慢性関節炎の治療（関節内組織）,PRP,AUTO,0.9838,https://saiseiiryo.mhlw.go.jp/published_plan/download/01F2203001/5/0,45000,税込,2 回分,,,9,,"P 調製費用、注入にかかる費 用の総額となります。左右両側に投与する場合は、2 回分です。 PRP 1 回(1 部位) 50,000 円(税込) PRP 2 回分(2 部位同時) 90,000 円(税込) 学生に限り、PRP1 回(1 部位) 45,000 円(税込) 11. 試料等の保存及び廃棄の方法 患者様から採取した血液と作製したPRP は、患者様ご自身の治療のみ に使用します。ただし、症例検討や学会発表を目的として、血液やPRP の測定を行い、データを取得することがあります。 血液およびPRP は微量で全量を使用するため、保管はしません。治療 に用いない血液またはPRP",,
B,P00519,F0420,中国四国,香川県,高松南整形外科スポーツクリニック,高松南整形外科スポーツクリニック,高松南整形外科スポーツクリニック,第二種,自家多血小板血漿（PRP）を用いた慢性関節炎の治療（関節内組織）,PRP,AUTO,0.9838,https://saiseiiryo.mhlw.go.jp/published_plan/download/01F2203001/5/0,50000,税込,2 回分,,,9,,"ることはできませ ん。 (2) 本治療にかかる費用は、以下のとおりです。なお、費用は、治療に伴う診 査、PRP 調製のための採血にかかる費用、PRP 調製費用、注入にかかる費 用の総額となります。左右両側に投与する場合は、2 回分です。 PRP 1 回(1 部位) 50,000 円(税込) PRP 2 回分(2 部位同時) 90,000 円(税込) 学生に限り、PRP1 回(1 部位) 45,000 円(税込) 11. 試料等の保存及び廃棄の方法 患者様から採取した血液と作製したPRP は、患者様ご自身の治療のみ に使用します。ただし、症例検討や学会発表を目的として、血液や",,
B,P00519,F0420,中国四国,香川県,高松南整形外科スポーツクリニック,高松南整形外科スポーツクリニック,高松南整形外科スポーツクリニック,第二種,自家多血小板血漿（PRP）を用いた慢性関節炎の治療（関節内組織）,PRP,AUTO,0.9838,https://saiseiiryo.mhlw.go.jp/published_plan/download/01F2203001/5/0,90000,税込,2 回分,,,9,,"。なお、費用は、治療に伴う診 査、PRP 調製のための採血にかかる費用、PRP 調製費用、注入にかかる費 用の総額となります。左右両側に投与する場合は、2 回分です。 PRP 1 回(1 部位) 50,000 円(税込) PRP 2 回分(2 部位同時) 90,000 円(税込) 学生に限り、PRP1 回(1 部位) 45,000 円(税込) 11. 試料等の保存及び廃棄の方法 患者様から採取した血液と作製したPRP は、患者様ご自身の治療のみ に使用します。ただし、症例検討や学会発表を目的として、血液やPRP の測定を行い、データを取得することがあります。 血液およびPRP",,
B,P00520,F0417,中国四国,香川県,医療法人社団 永井整形外科医院,医療法人社団 永井整形外科医院,医療法人社団 永井整形外科医院,第三種,多血小板血漿（PRP）の投与によるスポーツ外傷を含む筋、腱、靱帯損傷治療,PRP,AUTO,1.0,https://saiseiiryo.mhlw.go.jp/published_plan/download/02F2301011/5/0,50000,税別,1 回,GPS|TriCeLL|MyCells,Zimmer Biomet|TriCeLL系|MyCells系,8,,"びPRP を製造するキット キット名 販売業者 費用(税別) GPSIII キット ジンマー・バイオメット合同会社 110,000 円 TriCeLL PRP 分離・ 濃縮キット メッド・アライアンス株式会社 110,000 円 MyCells® EPJ メディカルサービス 50,000 円 Condensia システム 京セラ株式会社 35,000 円 ご不明な点は医師・スタッフにお尋ねください。なお1 回の施術あたりの費用は、患部 の状態を確認した医師の判断、およびそれに応じたPRP 投与量等により変更となる場 合がございます。 11. その他治療についての注意事項",,
B,P00520,F0417,中国四国,香川県,医療法人社団 永井整形外科医院,医療法人社団 永井整形外科医院,医療法人社団 永井整形外科医院,第三種,多血小板血漿（PRP）の投与によるスポーツ外傷を含む筋、腱、靱帯損傷治療,PRP,AUTO,1.0,https://saiseiiryo.mhlw.go.jp/published_plan/download/02F2301011/5/0,110000,税別,1 回,GPS|TriCeLL|MyCells,Zimmer Biomet|TriCeLL系|MyCells系,8,,"ついて この治療は公的保険の対象ではありませんので、当病院所定の下記の施術料をお支払い いただきます。 施術料及びPRP を製造するキット キット名 販売業者 費用(税別) GPSIII キット ジンマー・バイオメット合同会社 110,000 円 TriCeLL PRP 分離・ 濃縮キット メッド・アライアンス株式会社 110,000 円 MyCells® EPJ メディカルサービス 50,000 円 Condensia システム 京セラ株式会社 35,000 円 ご不明な点は医師・スタッフにお尋ねください。なお1 回の施術あたりの費用は、患部 の状態を確認した",,
B,P00520,F0417,中国四国,香川県,医療法人社団 永井整形外科医院,医療法人社団 永井整形外科医院,医療法人社団 永井整形外科医院,第三種,多血小板血漿（PRP）の投与によるスポーツ外傷を含む筋、腱、靱帯損傷治療,PRP,AUTO,1.0,https://saiseiiryo.mhlw.go.jp/published_plan/download/02F2301011/5/0,35000,不明,1 回,GPS|TriCeLL|MyCells,Zimmer Biomet|TriCeLL系|MyCells系,7,,"GPSIII キット ジンマー・バイオメット合同会社 110,000 円 TriCeLL PRP 分離・ 濃縮キット メッド・アライアンス株式会社 110,000 円 MyCells® EPJ メディカルサービス 50,000 円 Condensia システム 京セラ株式会社 35,000 円 ご不明な点は医師・スタッフにお尋ねください。なお1 回の施術あたりの費用は、患部 の状態を確認した医師の判断、およびそれに応じたPRP 投与量等により変更となる場 合がございます。 11. その他治療についての注意事項 患者様の体調が良くない場合や、採取した血液の状態によって",,
B,P00521,F0415,中国四国,香川県,医療法人社団 まえだ整形外科外科医院,医療法人社団 まえだ整形外科外科医院,医療法人社団 まえだ整形外科外科医院,第三種,多血小板血漿を用いた整形外科領域（関節腔内への投与を除く）の治療,PRP,QC,1.0,https://saiseiiryo.mhlw.go.jp/published_plan/download/01F2205004/5/0,,,,,,,,,no price found after text/OCR pass,Document fetched but no price candidate
B,P00523,F0194,中国四国,愛媛県,医療法人 丸石整形外科医院,医療法人 丸石整形外科医院,医療法人 丸石整形外科医院,第二種,自家多血小板血漿（PRP）を用いた慢性関節炎の治療（関節内組織）,PRP,AUTO,0.9838,https://saiseiiryo.mhlw.go.jp/published_plan/download/01F2508003/5/0,55000,税込,,ACP MAX|ACP,Arthrex,8,,"本治療にかかる費用は、以下のとおりです。なお、費用に含まれるのは、治療に伴う 診査、自家PRP 調製のための採血にかかる費用、自家PRP 調製費用、注入にかかる 費用であり、以下が費用の総額となります。 治療の種類 平均的な血小板注入量 費用(税込み) ACP-PRP 20 億個 55,000 円 HD-PRP(ACP MAX の場合) 90 億個 203,500 円 • 治療終了後も定期的な受診が必要です。 9 11.試料等の保存及び廃棄の方法 患者様から採取した血液と作製したPRP は、患者様ご自身の治療のみに使用しま す。ただし、症例検討や学会発表を目的とし",,
B,P00523,F0194,中国四国,愛媛県,医療法人 丸石整形外科医院,医療法人 丸石整形外科医院,医療法人 丸石整形外科医院,第二種,自家多血小板血漿（PRP）を用いた慢性関節炎の治療（関節内組織）,PRP,AUTO,0.9838,https://saiseiiryo.mhlw.go.jp/published_plan/download/01F2508003/5/0,203500,税込,,ACP MAX|ACP,Arthrex,8,,"診査、自家PRP 調製のための採血にかかる費用、自家PRP 調製費用、注入にかかる 費用であり、以下が費用の総額となります。 治療の種類 平均的な血小板注入量 費用(税込み) ACP-PRP 20 億個 55,000 円 HD-PRP(ACP MAX の場合) 90 億個 203,500 円 • 治療終了後も定期的な受診が必要です。 9 11.試料等の保存及び廃棄の方法 患者様から採取した血液と作製したPRP は、患者様ご自身の治療のみに使用しま す。ただし、症例検討や学会発表を目的として、血液やPRP の測定を行い、データ を取得することがあります。 血液および",,
B,P00524,F0200,中国四国,愛媛県,医療法人 鎌野病院,医療法人 鎌野病院,医療法人 鎌野病院,第二種,自家多血小板血漿（PRP）を用いた慢性関節炎の治療（関節内組織）,PRP,AUTO,0.9838,https://saiseiiryo.mhlw.go.jp/published_plan/download/03F2606001/5/0,50000,税込,両側,,,11,7,"査、PRP 調製のための採血にかかる費用、PRP 調製費用、注入にかかる費 用の総額となります。左右両側に投与する場合は、2 回分です。 PRP 1 回(1 部位) 50,000 円(税込) (3) 採血を開始してからのキャンセルについては、キャンセル費用をいただ きます。",line-level strong price context,
B,P00525,F0196,中国四国,愛媛県,医療法人大野醫院 おおの整形外科内科医院,医療法人大野醫院 おおの整形外科内科医院,医療法人大野醫院 おおの整形外科内科医院,第二種,自家多血小板血漿（PRP）を用いた慢性関節炎の治療（関節内組織）,PRP,QC,0.9838,https://saiseiiryo.mhlw.go.jp/published_plan/download/01F2501001/5/0,55000,不明,片側,ACP MAX|ACP,Arthrex,3,8,"PRP 片側 ACP 55,000 円 ACP MAX 220,000 円",price candidates remain ambiguous,
B,P00525,F0196,中国四国,愛媛県,医療法人大野醫院 おおの整形外科内科医院,医療法人大野醫院 おおの整形外科内科医院,医療法人大野醫院 おおの整形外科内科医院,第二種,自家多血小板血漿（PRP）を用いた慢性関節炎の治療（関節内組織）,PRP,QC,0.9838,https://saiseiiryo.mhlw.go.jp/published_plan/download/01F2501001/5/0,99000,不明,両側,ACP MAX|ACP,Arthrex,3,8,"PRP 両側 ACP 99,000 円 ACP MAX 385,000 円",price candidates remain ambiguous,
B,P00525,F0196,中国四国,愛媛県,医療法人大野醫院 おおの整形外科内科医院,医療法人大野醫院 おおの整形外科内科医院,医療法人大野醫院 おおの整形外科内科医院,第二種,自家多血小板血漿（PRP）を用いた慢性関節炎の治療（関節内組織）,PRP,QC,0.9838,https://saiseiiryo.mhlw.go.jp/published_plan/download/01F2501001/5/0,220000,不明,両側,ACP MAX|ACP,Arthrex,3,8,"55,000 円 ACP MAX 220,000 円 PRP 両側 ACP",price candidates remain ambiguous,
B,P00525,F0196,中国四国,愛媛県,医療法人大野醫院 おおの整形外科内科医院,医療法人大野醫院 おおの整形外科内科医院,医療法人大野醫院 おおの整形外科内科医院,第二種,自家多血小板血漿（PRP）を用いた慢性関節炎の治療（関節内組織）,PRP,QC,0.9838,https://saiseiiryo.mhlw.go.jp/published_plan/download/01F2501001/5/0,385000,不明,,ACP MAX|ACP,Arthrex,2,8,"99,000 円 ACP MAX 385,000 円 治療終了後も定期的な受診が必要です。 11.健康被害が発生した際の処置と補償等について",price candidates remain ambiguous,
B,P00526,F0199,中国四国,愛媛県,医療法人補天会 光生クリニック,医療法人補天会 光生クリニック,医療法人補天会 光生クリニック,第二種,多血小板血漿（PRP）による変形性関節症治療,PRP,AUTO,1.0,https://saiseiiryo.mhlw.go.jp/published_plan/download/03F2501002/5/0,330000,税込,3 回分,,,9,,"様の同意を頂くこと とします。 12. 患者さんの費用負担について 本治療は自由診療※となり、健康保険が適用にならず、全額自己負担になる治療で本来健康保険 が適用される治療も含め、すべて全額自己負担となります。 施術費用は下記の通りとなります。 PRP 変形性関節症治療 330,000 円(税込) (標準的な治療費用。採血及び投与3 回分の費用を含む。) ・ いずれの関節に対しても、1 回3ml×3 回投与、投与間隔2~4 週を標準的治療内容としてい ますが、各症例の症状や病状(病期や進行度)、関節内許容量などにより、投与量や投与間隔・ 回数を変更する場合もあります。 ・ 治療同意後、採血を実施した際に全ての費用",,
B,P00528,F0198,中国四国,愛媛県,社会医療法人石川記念会 HITO病院,社会医療法人石川記念会 HITO病院,社会医療法人石川記念会 HITO病院,第二種,多血小板血漿（PRP）を用いた変形性関節症治療,PRP,AUTO,0.952,https://saiseiiryo.mhlw.go.jp/published_plan/download/03F2405001/5/0,100000,税別,,,,8,,"定性 PRP は患者様自身の血液から製造するため、品質が ばらつく可能性がある。 医薬品として承認されて おり、品質は安定している アレルギーの 可能性 自家移植のため、極めて低い。 品質管理された安全性の 高いものだが、アレルギー 反応などの可能性を完全 には否定できない。 費用 100,000 円(税抜) 300,000 円(税抜) 保険適用:2000 円前後/回 (膝関節内投与の場合) 詳細やご不明な点は医師・スタッフまでお気軽にお尋ねください。 施術後、患者様の個人的な事情及び金銭等に関する問題に関しては一切の責を負いかねますのでご 了承ください。 その他治療についての注意事項",,
B,P00528,F0198,中国四国,愛媛県,社会医療法人石川記念会 HITO病院,社会医療法人石川記念会 HITO病院,社会医療法人石川記念会 HITO病院,第二種,多血小板血漿（PRP）を用いた変形性関節症治療,PRP,AUTO,0.952,https://saiseiiryo.mhlw.go.jp/published_plan/download/03F2405001/5/0,2000,税別,,,,6,,"能性がある。 医薬品として承認されて おり、品質は安定している アレルギーの 可能性 自家移植のため、極めて低い。 品質管理された安全性の 高いものだが、アレルギー 反応などの可能性を完全 には否定できない。 費用 100,000 円(税抜) 300,000 円(税抜) 保険適用:2000 円前後/回 (膝関節内投与の場合) 詳細やご不明な点は医師・スタッフまでお気軽にお尋ねください。 施術後、患者様の個人的な事情及び金銭等に関する問題に関しては一切の責を負いかねますのでご 了承ください。 その他治療についての注意事項 患者様の体調が良くない場合や、採取した血液",,
B,P00528,F0198,中国四国,愛媛県,社会医療法人石川記念会 HITO病院,社会医療法人石川記念会 HITO病院,社会医療法人石川記念会 HITO病院,第二種,多血小板血漿（PRP）を用いた変形性関節症治療,PRP,AUTO,0.952,https://saiseiiryo.mhlw.go.jp/published_plan/download/03F2405001/5/0,300000,税別,,,,6,,"血液から製造するため、品質が ばらつく可能性がある。 医薬品として承認されて おり、品質は安定している アレルギーの 可能性 自家移植のため、極めて低い。 品質管理された安全性の 高いものだが、アレルギー 反応などの可能性を完全 には否定できない。 費用 100,000 円(税抜) 300,000 円(税抜) 保険適用:2000 円前後/回 (膝関節内投与の場合) 詳細やご不明な点は医師・スタッフまでお気軽にお尋ねください。 施術後、患者様の個人的な事情及び金銭等に関する問題に関しては一切の責を負いかねますのでご 了承ください。 その他治療についての注意事項 患者様の",,
B,P00530,F0194,中国四国,愛媛県,医療法人 丸石整形外科医院,医療法人 丸石整形外科医院,医療法人 丸石整形外科医院,第三種,自家多血小板血漿（PRP）を用いた筋肉、腱、靭帯、筋膜の損傷及び慢性炎症の治療（関節外）,PRP,AUTO,0.9872,https://saiseiiryo.mhlw.go.jp/published_plan/download/01F2508004/5/0,55000,税込,,ACP MAX|ACP,Arthrex,8,,"本治療にかかる費用は、以下のとおりです。なお、費用に含まれるのは、治療に 伴う診査、自家PRP 調製のための採血にかかる費用、自家PRP 調製費用、注入に かかる費用であり、以下が費用の総額となります。 治療の種類 平均的な血小板注入量 費用(税込み) ACP-PRP 20 億個 55,000 円 HD-PRP(ACP MAX の場合) 90 億個 203,500 円 • 治療終了後も定期的な受診が必要です。 9 11.試料等の保存及び廃棄の方法 患者様から採取した血液と作製したPRP は、患者様ご自身の治療のみに使用しま す。ただし、症例検討や学会発表を目的",,
B,P00530,F0194,中国四国,愛媛県,医療法人 丸石整形外科医院,医療法人 丸石整形外科医院,医療法人 丸石整形外科医院,第三種,自家多血小板血漿（PRP）を用いた筋肉、腱、靭帯、筋膜の損傷及び慢性炎症の治療（関節外）,PRP,AUTO,0.9872,https://saiseiiryo.mhlw.go.jp/published_plan/download/01F2508004/5/0,203500,税込,,ACP MAX|ACP,Arthrex,8,,"う診査、自家PRP 調製のための採血にかかる費用、自家PRP 調製費用、注入に かかる費用であり、以下が費用の総額となります。 治療の種類 平均的な血小板注入量 費用(税込み) ACP-PRP 20 億個 55,000 円 HD-PRP(ACP MAX の場合) 90 億個 203,500 円 • 治療終了後も定期的な受診が必要です。 9 11.試料等の保存及び廃棄の方法 患者様から採取した血液と作製したPRP は、患者様ご自身の治療のみに使用しま す。ただし、症例検討や学会発表を目的として、血液やPRP の測定を行い、データ を取得することがあります。 血液お",,
B,P00531,F0200,中国四国,愛媛県,医療法人 鎌野病院,医療法人 鎌野病院,医療法人 鎌野病院,第三種,自家多血小板血漿（PRP）を用いた筋肉、腱、靭帯、筋膜の損傷及び慢性炎症の治療（関節外）,PRP,AUTO,0.9872,https://saiseiiryo.mhlw.go.jp/published_plan/download/03F2606002/5/0,50000,税込,両側,,,12,6,"査、PRP 調製のための採血にかかる費用、PRP 調製費用、注入にかかる費 用の総額となります。左右両側に投与する場合は、2 回分です。 PRP 1回(1 部位) 50,000 円(税込) (3) 採血を開始してからのキャンセルについては、キャンセル費用をいただ きます。",line-level strong price context,
B,P00532,F0196,中国四国,愛媛県,医療法人大野醫院 おおの整形外科内科医院,医療法人大野醫院 おおの整形外科内科医院,医療法人大野醫院 おおの整形外科内科医院,第三種,自家多血小板血漿（PRP）を用いた筋肉、腱、靭帯、筋膜の損傷及び慢性炎症の治療（関節外）,PRP,QC,0.9872,https://saiseiiryo.mhlw.go.jp/published_plan/download/01F2501002/5/0,44000,不明,片側,ACP MAX|ACP,Arthrex,3,8,"PRP 片側 ACP 44,000 円 ACP MAX 220,000 円",price candidates remain ambiguous,
B,P00532,F0196,中国四国,愛媛県,医療法人大野醫院 おおの整形外科内科医院,医療法人大野醫院 おおの整形外科内科医院,医療法人大野醫院 おおの整形外科内科医院,第三種,自家多血小板血漿（PRP）を用いた筋肉、腱、靭帯、筋膜の損傷及び慢性炎症の治療（関節外）,PRP,QC,0.9872,https://saiseiiryo.mhlw.go.jp/published_plan/download/01F2501002/5/0,99000,不明,両側,ACP MAX|ACP,Arthrex,3,8,"PRP 両側 ACP 99,000 円 ACP MAX 385,000 円",price candidates remain ambiguous,
B,P00532,F0196,中国四国,愛媛県,医療法人大野醫院 おおの整形外科内科医院,医療法人大野醫院 おおの整形外科内科医院,医療法人大野醫院 おおの整形外科内科医院,第三種,自家多血小板血漿（PRP）を用いた筋肉、腱、靭帯、筋膜の損傷及び慢性炎症の治療（関節外）,PRP,QC,0.9872,https://saiseiiryo.mhlw.go.jp/published_plan/download/01F2501002/5/0,220000,不明,両側,ACP MAX|ACP,Arthrex,3,8,"44,000 円 ACP MAX 220,000 円 PRP 両側 ACP",price candidates remain ambiguous,
B,P00532,F0196,中国四国,愛媛県,医療法人大野醫院 おおの整形外科内科医院,医療法人大野醫院 おおの整形外科内科医院,医療法人大野醫院 おおの整形外科内科医院,第三種,自家多血小板血漿（PRP）を用いた筋肉、腱、靭帯、筋膜の損傷及び慢性炎症の治療（関節外）,PRP,QC,0.9872,https://saiseiiryo.mhlw.go.jp/published_plan/download/01F2501002/5/0,385000,不明,,ACP MAX|ACP,Arthrex,2,8,"99,000 円 ACP MAX 385,000 円 治療終了後も定期的な受診が必要です。 11.健康被害が発生した際の処置と補償等について",price candidates remain ambiguous,
B,P00533,F0199,中国四国,愛媛県,医療法人補天会 光生クリニック,医療法人補天会 光生クリニック,医療法人補天会 光生クリニック,第三種,自己由来多血小板血漿（PRP）を用いた筋、腱、靭帯への治療,PRP,QC,1.0,https://saiseiiryo.mhlw.go.jp/published_plan/download/03F2501003/5/0,,,,,,,,,no price found after text/OCR pass,Document fetched but no price candidate
B,P00537,F0424,中国四国,高知県,医療法人緑風会 海里マリン病院,医療法人緑風会 海里マリン病院,医療法人緑風会 海里マリン病院,第二種,多血小板血漿抽出液による関節症治療,PRP/APS,AUTO,1.0,https://saiseiiryo.mhlw.go.jp/published_plan/download/03F2505001/5/0,100000,不明,,APS|GPS|Zimmer,Zimmer Biomet,7,,"者(院長)へと報告して対応させていただきます。 窓口部署:事務 連絡先:088-847-0101 12.費用について この治療は公的保険の対象ではありませんので、当院所定の施術料をお支払いいただきます。 ・ZIMMER BIOMET 製 GPS®IIIシステム使用 100,000円 (APSキットを使用せず、作製したPRPをそのまま使用する場合) GPS®IIIシステム、APSキット使用 300,000円 (APSキットを使用してさらに抽出を行い純度を高めて使用する場合) ※患者様の症状により治療費が変動いたします。 施術後、患者様の個人的な事情及び金銭等に関する問題に",,
B,P00537,F0424,中国四国,高知県,医療法人緑風会 海里マリン病院,医療法人緑風会 海里マリン病院,医療法人緑風会 海里マリン病院,第二種,多血小板血漿抽出液による関節症治療,PRP/APS,AUTO,1.0,https://saiseiiryo.mhlw.go.jp/published_plan/download/03F2505001/5/0,300000,不明,,APS|GPS|Zimmer,Zimmer Biomet,7,,"んので、当院所定の施術料をお支払いいただきます。 ・ZIMMER BIOMET 製 GPS®IIIシステム使用 100,000円 (APSキットを使用せず、作製したPRPをそのまま使用する場合) GPS®IIIシステム、APSキット使用 300,000円 (APSキットを使用してさらに抽出を行い純度を高めて使用する場合) ※患者様の症状により治療費が変動いたします。 施術後、患者様の個人的な事情及び金銭等に関する問題に関しては一切の責を負いかねますのでご了 承ください。 なお、細胞の採取後や加工後に同意を撤回された場合など、同意を撤回される時点までに費用が発生し ている場合",,
B,P00538,F0421,中国四国,高知県,独立行政法人地域医療機能推進機構 高知西病院,独立行政法人地域医療機能推進機構 高知西病院,独立行政法人地域医療機能推進機構 高知西病院,第二種,多血小板血漿（PRP）を用いた変形性関節症治療,PRP,AUTO,0.952,https://saiseiiryo.mhlw.go.jp/published_plan/download/03F2603001/5/0,150000,税別,,,,8,,定性 PRP は患者様自身の血液から製造するため、品質が ばらつく可能性がある。 医薬品として承認されて おり、品質は安定している アレルギーの 可能性 自家移植のため、極めて低い。 品質管理された安全性の 高いものだが、アレルギー 反応などの可能性を完全 には否定できない。 費用 15 万円(税抜) 30 万円(税抜) 保険適用:2000 円前後/回 (膝関節内投与の場合) 治療の効果とメリットについて ・患者様ご自身の血液を用いる為、感染やアレルギー反応などの副作用のリスクが極めて少ない治 療法です。 ・自己血液から簡便に調整ができ、日帰りでの処置が可能,,
B,P00538,F0421,中国四国,高知県,独立行政法人地域医療機能推進機構 高知西病院,独立行政法人地域医療機能推進機構 高知西病院,独立行政法人地域医療機能推進機構 高知西病院,第二種,多血小板血漿（PRP）を用いた変形性関節症治療,PRP,AUTO,0.952,https://saiseiiryo.mhlw.go.jp/published_plan/download/03F2603001/5/0,2000,税別,,,,6,,質が ばらつく可能性がある。 医薬品として承認されて おり、品質は安定している アレルギーの 可能性 自家移植のため、極めて低い。 品質管理された安全性の 高いものだが、アレルギー 反応などの可能性を完全 には否定できない。 費用 15 万円(税抜) 30 万円(税抜) 保険適用:2000 円前後/回 (膝関節内投与の場合) 治療の効果とメリットについて ・患者様ご自身の血液を用いる為、感染やアレルギー反応などの副作用のリスクが極めて少ない治 療法です。 ・自己血液から簡便に調整ができ、日帰りでの処置が可能です。 ・採血と注射で完了する治療なので、年齢の上限制,,
B,P00538,F0421,中国四国,高知県,独立行政法人地域医療機能推進機構 高知西病院,独立行政法人地域医療機能推進機構 高知西病院,独立行政法人地域医療機能推進機構 高知西病院,第二種,多血小板血漿（PRP）を用いた変形性関節症治療,PRP,AUTO,0.952,https://saiseiiryo.mhlw.go.jp/published_plan/download/03F2603001/5/0,300000,税別,,,,6,,様自身の血液から製造するため、品質が ばらつく可能性がある。 医薬品として承認されて おり、品質は安定している アレルギーの 可能性 自家移植のため、極めて低い。 品質管理された安全性の 高いものだが、アレルギー 反応などの可能性を完全 には否定できない。 費用 15 万円(税抜) 30 万円(税抜) 保険適用:2000 円前後/回 (膝関節内投与の場合) 治療の効果とメリットについて ・患者様ご自身の血液を用いる為、感染やアレルギー反応などの副作用のリスクが極めて少ない治 療法です。 ・自己血液から簡便に調整ができ、日帰りでの処置が可能です。 ・採血と注射,,
B,P00539,F0422,中国四国,高知県,社会医療法人近森会 近森病院,社会医療法人近森会 近森病院,社会医療法人近森会 近森病院,第二種,多血小板血漿抽出液による関節症治療,PRP/APS,AUTO,1.0,https://saiseiiryo.mhlw.go.jp/published_plan/download/02F2506008/5/0,300000,税別,,APS|GPS|Zimmer,Zimmer Biomet,7,3,"本治療法は「多血小板血漿抽出液による関節症治療」という名称で、「再生医療等の安全性の 確保等に関する法律」に基づき、厚生労働大臣に「再生医療等提供計画」を提出しています。 ZIMMER BIOMET 製 GPS®IIIシステム、APS キット使用 300,000 円(税抜)",line-level medium price context,
B,P00540,F0423,中国四国,高知県,細木病院,細木病院,細木病院,第二種,自家多血小板血漿（PRP）を用いた関節機能改善治療,PRP,AUTO,0.9625,https://saiseiiryo.mhlw.go.jp/published_plan/download/03F2207002/5/0,80000,税別,1回,,,9,,"10. 治療費用 (1) 本治療は、すべて自費診療であり、健康保険を使用することはできません。 (2) 本治療にかかる費用は、以下のとおりです。なお、費用は、治療に伴う診査、 自家PRP 調製のための採血にかかる費用、自家PRP 調製費用、注入の総額 となります。 PRP 療法1回 8 万円 消費税別 11. 試料等の保存及び廃棄の方法 この治療にて採取した血液は、患者様ご自身の治療のみに使用します。 ただし,症例検討や学会発表を目的として,患者様より採取した血液及び 調整した細胞加工物(自家PRP)の測定を行い,データを取得することが あります。 採血した血液の状態により治療に用いなかった血液が発生した場合",,
B,P00542,F0423,中国四国,高知県,細木病院,細木病院,細木病院,第三種,自家多血小板血漿（PRP）を用いた関節機能治療（関節腔外に限る）,PRP,AUTO,0.9838,https://saiseiiryo.mhlw.go.jp/published_plan/download/03F2207001/5/0,50000,税別,1回,,,9,,"療費用 (1) 本治療は、すべて自費診療であり、健康保険を使用することはできません。 (2) 本治療にかかる費用は、以下のとおりです。なお、費用は、治療に伴う診査、 自家PRP 調製のための採血にかかる費用、自家PRP 調製費用、注入にかか る費用の総額となります。 PRP 療法1回 5万円 消費税別 11. 試料等の保存及び廃棄の方法 この治療にて採取した血液は、患者様ご自身の治療のみに使用します。 ただし,症例検討や学会発表を目的として,患者様より採取した血液及び 調整した細胞加工物(自家PRP)の測定を行い,データを取得することが あります。 採血した血液の状態により治療に用いなかった血液が発生した場合",,
B,P00544,F0427,中国四国,高知県,高知大学医学部附属病院,高知大学医学部附属病院,高知大学医学部附属病院,第三種,多血小板血漿（PRP）を用いた筋腱付着部炎・筋炎・筋損傷・靭帯損傷の治癒促進,PRP,AUTO,1.0,https://saiseiiryo.mhlw.go.jp/published_plan/download/02F2605002/5/0,82600,不明,,GPS|Zimmer,Zimmer Biomet,7,,"者さんには帰属しません。 治療にかかる費用について この治療は公的保険の対象ではありませんので、当院所定の施術料をお支払いいただきます。 ・ZIMMER BIOMET 製 GPS®IIIシステム使用 82,600 円 施術後、患者さんの個人的な事情及び金銭等に関する問題に関しては一切の責を負いかねますので ご了承ください。 当該再生医療等を受けるものに対する説明文書・同意文書の様式 6 この治療に関するお問い合わせ先",,
B,P00547,F0376,九州沖縄,福岡県,医療法人再生会 セルメディカルチームジャパン,医療法人再生会 セルメディカルチームジャパン,医療法人再生会 セルメディカルチームジャパン,第二種,自家脂肪組織由来の培養間葉系幹細胞を用いた関節疾患の治療,脂肪由来MSC,AUTO,0.9408,https://saiseiiryo.mhlw.go.jp/published_plan/download/01G2403010/5/0,1300000,税別,,,,7,9,本治療は、保険適用外の治療(自由診療)であるため、本治療の提供にか かる費用は、脂肪組織採取にかかる消耗品、培養にかかる細胞培養加工費な どを含め、総額130 万円(税別)を患者さんご自身にご負担いただきます。 また、治療に使用する細胞の品質に問題があり治療ができない場合、再度脂 肪組織の採取および細胞培養を行いますが、その際に係る費用については、,line-level medium price context,
B,P00552,F0372,九州沖縄,福岡県,うらはし整形外科クリニック,うらはし整形外科クリニック,うらはし整形外科クリニック,第二種,変形性関節症に対する多血小板血漿（PRP）治療,PRP,QC,0.7029,https://saiseiiryo.mhlw.go.jp/published_plan/download/01G2604001/5/0,10000,税込,,,,12,4,"※患者様の症状、その他の事情等により治療費が変動する場合があります。 なお、細胞の加工開始後に同意を撤回された場合、同意を撤回される時点でキット代が費用が発生しているた め、発生した費用(10,000円(税込))については患者様にご負担いただきますのでご了承ください。 15.他の治療法の有無、本治療法との比較について 変形性関節症をはじめとする関節痛の治療法には保存療法と手術療法の2つの方法があります。薬物投与(ヒ",price candidates remain ambiguous,
B,P00552,F0372,九州沖縄,福岡県,うらはし整形外科クリニック,うらはし整形外科クリニック,うらはし整形外科クリニック,第二種,変形性関節症に対する多血小板血漿（PRP）治療,PRP,QC,0.7029,https://saiseiiryo.mhlw.go.jp/published_plan/download/01G2604001/5/0,50000,税込,,,,8,4,"14.費用について 細胞の提供に際して費用は発生しません。 治療の提供に際しては、本治療は公的保険の対象ではありませんので、当院所定の施術料として50,000円 (税込)をお支払いいただきます。 ※患者様の症状、その他の事情等により治療費が変動する場合があります。",price candidates remain ambiguous,
B,P00553,F0372,九州沖縄,福岡県,うらはし整形外科クリニック,うらはし整形外科クリニック,うらはし整形外科クリニック,第二種,自家脂肪由来幹細胞を用いた変形性関節症治療,脂肪由来幹細胞,AUTO,0.9176,https://saiseiiryo.mhlw.go.jp/published_plan/download/03G2406014/5/0,1320000,税込,1回,,,9,,"ていただきます。 再生医療事務局 電話番号:093-614-6311 13.費用について 本治療は保険適用外であるため、治療にかかる費用全額をご自分で ご負担いただきます。その他、本治療を受けるために必要となった 旅費、交通費などの全ての費用もご自分でご負担いただきます。 本治療にかかる費用は1回¥1,320,000円(税込)となっておりま す。 なお、脂肪の採取後や、細胞加工物の製造後に同意を撤回された場 合など、同意を撤回される時点までに費用(治療費等)が発生して いる場合は、その時までに発生した費用についてはご負担いただき ますのでご了承ください。 14.他の治療法の有無、本治療法との比較について 変形性関節症の治療法には保存療法と手術療法の2つ",,
B,P00554,F0372,九州沖縄,福岡県,うらはし整形外科クリニック,うらはし整形外科クリニック,うらはし整形外科クリニック,第三種,自家多血小板血漿（PRP）を用いた整形外科領域治療,PRP,AUTO,0.8593,https://saiseiiryo.mhlw.go.jp/published_plan/download/03G2104001/5/0,20000,税込,一部位,,,9,,て遠心し血小板を濃縮、PRPを作製します. □PRP注入後、腫れや内出血が起こることがあります。 □施術後にホントタオルで力|1温します。 □他の治療法との比較:腱鞘内注射や消炎鎮痛等処置とは機序が異なり、類似する方法はありません。そのため利益・不 利益の比較はできません。 □治療費は一部位の治療で2万円 (消費税込み)となります。 □細胞提供者と受領者 (施術対象者)iま同‐のため、細胞提供者の選択は行いません。ただし、既往症や診察結果でPR P療法を施行しない場合があります。 □PRPの保管及び移動は行いません。 □PRP作製に関わる材料 (血液)及び使用器材は医療廃棄物として処理します. □細胞提供者と再生医療等を受ける者が同一であ,,
B,P00565,F0370,九州沖縄,福岡県,Re:Born Clinic 本院,Re:Born Clinic 本院,Re:Born Clinic 本院,第二種,自己脂肪由来幹細胞を用いた変形性関節症の治療,脂肪由来幹細胞,QC,1.0,https://saiseiiryo.mhlw.go.jp/published_plan/download/03G2508016/5/0,,,,,,,,,no price found after text/OCR pass,Document fetched but no price candidate
B,P00566,F0370,九州沖縄,福岡県,Re:Born Clinic 本院,Re:Born Clinic 本院,Re:Born Clinic 本院,第二種,自己脂肪由来幹細胞と自己前骨分化誘導培養上清液を用いた変形性関節症の治療,脂肪由来幹細胞,QC,0.9236,https://saiseiiryo.mhlw.go.jp/published_plan/download/03G2508026/5/0,,,,,,,,,no price found after text/OCR pass,RuntimeError: Tesseract process timeout
B,P00567,F0370,九州沖縄,福岡県,Re:Born Clinic 本院,Re:Born Clinic 本院,Re:Born Clinic 本院,第二種,自家多血小板血漿を用いた変形性関節症の治療,PRP,QC,0.934,https://saiseiiryo.mhlw.go.jp/published_plan/download/03G2509014/5/0,,,,,,,,,no price found after text/OCR pass,RuntimeError: Tesseract process timeout
B,P00568,F0371,九州沖縄,福岡県,ZERO100クリニック,ZERO100クリニック,ZERO100クリニック,第二種,自家多血小板血漿（PRP）を用いた変形性関節症の治療,PRP,QC,0.6388,https://saiseiiryo.mhlw.go.jp/published_plan/download/01G2603002/5/0,165000,税込,,,,11,5,"27,500 円(税込)が発生します。 本治療に同意されてから、血液の採取後に同意を撤回された場合は、すでにPRP の加工に 着手しておりますので、当院所定の施術料として片膝165,000 円(税込)が発生します。 本治療は必ず効果が得られるものではなく、効果が得られなかった場合でも返金はできまねま す。担当医師と十分にご相談いただき、その点についてご理解いただいた上で同意いただきますよ",price candidates remain ambiguous,
B,P00568,F0371,九州沖縄,福岡県,ZERO100クリニック,ZERO100クリニック,ZERO100クリニック,第二種,自家多血小板血漿（PRP）を用いた変形性関節症の治療,PRP,QC,0.6388,https://saiseiiryo.mhlw.go.jp/published_plan/download/01G2603002/5/0,27500,税込,,,,7,5,"合は、医師の診察料として、27,500 円(税込)が発生します。 本治療に同意されてから、血液採取前に同意を撤回された場合は、医師の診察料として、 27,500 円(税込)が発生します。 本治療に同意されてから、血液の採取後に同意を撤回された場合は、すでにPRP の加工に 着手しておりますので、当院所定の施術料として片膝165,000 円(税込)が発生します。",price candidates remain ambiguous,
B,P00568,F0371,九州沖縄,福岡県,ZERO100クリニック,ZERO100クリニック,ZERO100クリニック,第二種,自家多血小板血漿（PRP）を用いた変形性関節症の治療,PRP,QC,0.6388,https://saiseiiryo.mhlw.go.jp/published_plan/download/01G2603002/5/0,165000,税込,,,,5,5,"14.費用について 治療の提供に際しては、本治療は公的保険の対象ではありませんので、当院所定の施術料と して片膝165,000 円(税込)をお支払いいただきます。 ※患者様の症状、その他の事情等により治療費が変動する場合があります。 医師の診察を受けて、医師から本治療の説明をお聞きになり、本治療に同意されなかった場",price candidates remain ambiguous,
B,P00568,F0371,九州沖縄,福岡県,ZERO100クリニック,ZERO100クリニック,ZERO100クリニック,第二種,自家多血小板血漿（PRP）を用いた変形性関節症の治療,PRP,QC,0.6388,https://saiseiiryo.mhlw.go.jp/published_plan/download/01G2603002/5/0,27500,税込,,,,-5,5,"※患者様の症状、その他の事情等により治療費が変動する場合があります。 医師の診察を受けて、医師から本治療の説明をお聞きになり、本治療に同意されなかった場 合は、医師の診察料として、27,500 円(税込)が発生します。 本治療に同意されてから、血液採取前に同意を撤回された場合は、医師の診察料として、 27,500 円(税込)が発生します。",price candidates remain ambiguous,
B,P00570,F0382,九州沖縄,福岡県,櫛田学整形外科クリニック,櫛田学整形外科クリニック,櫛田学整形外科クリニック,第二種,自家多血小板血漿（PRP）を用いた慢性関節炎の治療,PRP,AUTO,0.9333,https://saiseiiryo.mhlw.go.jp/published_plan/download/01G2107003/5/0,38500,税込,2 回分,,,9,,"使用することはできません。 (2) 本治療にかかる費用は、以下のとおりです。なお、費用は、治療に伴う診査、 PRP 調製のための採血にかかる費用、PRP 調製費用、注入にかかる費用の 総額となります。左右両側に投与する場合は、2 回分です。 PRP 療法1回(1 部位) 38,500 円(消費税込) 11. 試料等の保存及び廃棄の方法 患者様から採取した血液と作製したPRP は、患者様ご自身の治療のみに 使用します。ただし、症例検討や学会発表を目的として、血液やPRP の測 定を行い、データを取得することがあります。 血液およびPRP は微量で全量を使用するため、保管はしません。治療に 用いない血液ま",,
B,P00575,F0377,九州沖縄,福岡県,医療法人 前川整形外科医院 前川整形外科スポーツクリニック,医療法人 前川整形外科医院 前川整形外科スポーツクリニック,医療法人 前川整形外科医院 前川整形外科スポーツクリニック,第三種,多血小板血漿を用いた整形外科領域（関節腔への投与を除く）の治療,PRP,QC,1.0,https://saiseiiryo.mhlw.go.jp/published_plan/download/01G2208003/5/0,,,,,,,,,no price found after text/OCR pass,Document fetched but no price candidate
B,P00576,F0012,九州沖縄,佐賀県,百武整形外科・スポーツクリニック,百武整形外科・スポーツクリニック,百武整形外科・スポーツクリニック,第二種,多血小板血漿（PRP）を用いた変形性関節症治療,PRP,QC,0.8395,https://saiseiiryo.mhlw.go.jp/published_plan/download/02G2406002/5/0,50000,税別,,GPS,Zimmer Biomet,7,6,"す。 ・PRP を用いた治療(Condensia キット使用)における施術料 50,000 円(税別) ・PRP を用いた治療(GPSIII キット使用)における施術料 150,000 円(税別)",price candidates remain ambiguous,
B,P00576,F0012,九州沖縄,佐賀県,百武整形外科・スポーツクリニック,百武整形外科・スポーツクリニック,百武整形外科・スポーツクリニック,第二種,多血小板血漿（PRP）を用いた変形性関節症治療,PRP,QC,0.8395,https://saiseiiryo.mhlw.go.jp/published_plan/download/02G2406002/5/0,150000,税別,,APS|GPS,Zimmer Biomet,7,6,"50,000 円(税別) ・PRP を用いた治療(GPSIII キット使用)における施術料 150,000 円(税別) ・濃縮PRP を用いた治療(APS キット使用)における施術料 300,000 円(税別)",price candidates remain ambiguous,
B,P00576,F0012,九州沖縄,佐賀県,百武整形外科・スポーツクリニック,百武整形外科・スポーツクリニック,百武整形外科・スポーツクリニック,第二種,多血小板血漿（PRP）を用いた変形性関節症治療,PRP,QC,0.8395,https://saiseiiryo.mhlw.go.jp/published_plan/download/02G2406002/5/0,300000,税別,1 回,APS,Zimmer Biomet,7,6,"150,000 円(税別) ・濃縮PRP を用いた治療(APS キット使用)における施術料 300,000 円(税別) ご不明な点は医師・スタッフにお尋ねください。なお1 回の施術あたりの費用は、患部の状 態を確認した医師の判断、PRP の遠心回数等により変更となる場合がございます。",price candidates remain ambiguous,
B,P00577,F0011,九州沖縄,佐賀県,佐賀県医療センター好生館,佐賀県医療センター好生館,佐賀県医療センター好生館,第二種,自家多血小板血漿（PRP）を用いた慢性関節炎の治療,PRP,QC,0.9157,https://saiseiiryo.mhlw.go.jp/published_plan/download/01G2403007/5/0,,,,,,,,,no price found after text/OCR pass,RuntimeError: Tesseract process timeout
B,P00578,F0400,九州沖縄,長崎県,医療法人増田整形外科,医療法人増田整形外科,医療法人増田整形外科,第二種,多血小板血漿抽出液による関節症治療,PRP/APS,AUTO,1.0,https://saiseiiryo.mhlw.go.jp/published_plan/download/01G1906005/5/0,100000,税別,,APS|GPS|Zimmer,Zimmer Biomet,8,,")へと報告して対応させていただきます。 窓口部署:医療クラーク 連絡先:095-624-0056 12.費用について この治療は公的保険の対象ではありませんので、当院所定の施術料をお支払いいただきます。 ・ZIMMER BIOMET 製 GPS®IIIシステム使用 100,000円(税別) (APSキットを使用せず、作製したPRPをそのまま使用する場合) GPS®IIIシステム、APSキット使用 250,000円(税別) (APSキットを使用してさらに抽出を行い純度を高めて使用する場合) ※患者様の症状により治療費が変動いたします。 施術後、患者様の個人的な事情及び金銭",,
B,P00578,F0400,九州沖縄,長崎県,医療法人増田整形外科,医療法人増田整形外科,医療法人増田整形外科,第二種,多血小板血漿抽出液による関節症治療,PRP/APS,AUTO,1.0,https://saiseiiryo.mhlw.go.jp/published_plan/download/01G1906005/5/0,250000,税別,,APS|GPS|Zimmer,Zimmer Biomet,8,,"当院所定の施術料をお支払いいただきます。 ・ZIMMER BIOMET 製 GPS®IIIシステム使用 100,000円(税別) (APSキットを使用せず、作製したPRPをそのまま使用する場合) GPS®IIIシステム、APSキット使用 250,000円(税別) (APSキットを使用してさらに抽出を行い純度を高めて使用する場合) ※患者様の症状により治療費が変動いたします。 施術後、患者様の個人的な事情及び金銭等に関する問題に関しては一切の責を負いかねますのでご了 承ください。 なお、細胞の採取後や加工後に同意を撤回された場合など、同意を撤回される時点までに費用が発生し て",,
B,P00587,F0347,九州沖縄,熊本県,熊本リハビリテーション病院,熊本リハビリテーション病院,熊本リハビリテーション病院,第二種,脂肪組織由来再生幹細胞（ADRCs）を用いた変形性膝関節症治療,ADRC,QC,0.7808,https://saiseiiryo.mhlw.go.jp/published_plan/download/03G2506012/5/0,1750000,不明,,,,5,9,12. 費用について この治療法は保険外診療で、治療にかかる費用は患者様のご負担となります。 175万円(別途消費税) 13. 苦情とお問い合わせ先 この治療内容について、わからないことや、疑問、質問、もう一度聞きたいこと、さら,price candidates remain ambiguous,
B,P00588,F0104,九州沖縄,大分県,仙波整形外科,仙波整形外科,仙波整形外科,第二種,自家多血小板血漿（PRP）を用いた慢性関節炎の治療,PRP,AUTO,0.9333,https://saiseiiryo.mhlw.go.jp/published_plan/download/01G2101005/5/0,50000,税別,2 回分,,,9,,はできません。 (2) 本治療にかかる費用は、以下のとおりです。なお、費用は、治療に伴う診査、 自家PRP 調製のための採血にかかる費用、自家PRP 調製費用、注入にかかる 費用の総額となります。左右両側に投与する場合は、2 回分です。 PRP 療法1回(1 部位) 5 万円(消費税別) PRP 療法2 回分(2 部位)を同時に行う場合 10 万円(消費税別) 11. 試料等の保存及び廃棄の方法 患者様から採取した血液と作製したPRP は、患者様ご自身の治療のみに 使用します。ただし、症例検討や学会発表を目的として、血液やPRP の測 定を行い、データを取得することがあります。 血液お,,
B,P00588,F0104,九州沖縄,大分県,仙波整形外科,仙波整形外科,仙波整形外科,第二種,自家多血小板血漿（PRP）を用いた慢性関節炎の治療,PRP,AUTO,0.9333,https://saiseiiryo.mhlw.go.jp/published_plan/download/01G2101005/5/0,100000,税別,2 回分,,,9,,費用は、治療に伴う診査、 自家PRP 調製のための採血にかかる費用、自家PRP 調製費用、注入にかかる 費用の総額となります。左右両側に投与する場合は、2 回分です。 PRP 療法1回(1 部位) 5 万円(消費税別) PRP 療法2 回分(2 部位)を同時に行う場合 10 万円(消費税別) 11. 試料等の保存及び廃棄の方法 患者様から採取した血液と作製したPRP は、患者様ご自身の治療のみに 使用します。ただし、症例検討や学会発表を目的として、血液やPRP の測 定を行い、データを取得することがあります。 血液およびPRP は微量で全量を使用するため、保管はしません。治療に 用いなかい血液,,
B,P00597,F0434,九州沖縄,鹿児島県,南風病院,南風病院,南風病院,第二種,自家多血小板血漿（PRP）を用いた慢性関節炎の治療,PRP,QC,0.5993,,,,,,,,,,no document URL; retained as verified-plan QC,MHLW index row not matched
B,P00618,F0440,中部,石川県,医療法人社団まえだクリニック まえだ整形外科 骨・関節クリニック,医療法人社団まえだクリニック まえだ整形外科 骨・関節クリニック,医療法人社団まえだクリニック まえだ整形外科 骨・関節クリニック,第二種,自家多血小板血漿（PRP）を用いた慢性関節炎の治療（関節内組織）,PRP,QC,0.9838,https://saiseiiryo.mhlw.go.jp/published_plan/download/01D2601002/5/0,,,,,,,,,no price found after text/OCR pass,Document fetched but no price candidate
B,P00621,F0442,中部,愛知県,医療法人絢南会 かすがい関節・スポーツ整形外科 いたみのクリニック,医療法人絢南会 かすがい関節・スポーツ整形外科 いたみのクリニック,医療法人絢南会 かすがい関節・スポーツ整形外科 いたみのクリニック,第二種,自家脂肪組織由来の培養間葉系幹細胞を用いた関節疾患の治療,脂肪由来MSC,AUTO,1.0,https://saiseiiryo.mhlw.go.jp/published_plan/download/01D2503008/5/0,800000,税別,1 回,,,7,,"負担いただきます。 実際に必要となる費用は以下の通りです。投与細胞数は患者様の症状に応じた医師の推奨、並び に患者様のご希望も踏まえ、患者様と医師が相談して決定致します。 投与細胞数 治療費用(税別) 1 約3,000 万個×1 回分 80 万円 2 約5,000 万個×1 回分 90 万円 3 約1 億個×1 回分 110 万円 4 約3,000 万個×3 回分 140 万円 なお、脂肪組織の採取の施術開始後や細胞加工の開始後、あるいは3 回投与の場合に1 回目投 与の後や2 回目投与の後に同意を撤回された場合など、",,
B,P00621,F0442,中部,愛知県,医療法人絢南会 かすがい関節・スポーツ整形外科 いたみのクリニック,医療法人絢南会 かすがい関節・スポーツ整形外科 いたみのクリニック,医療法人絢南会 かすがい関節・スポーツ整形外科 いたみのクリニック,第二種,自家脂肪組織由来の培養間葉系幹細胞を用いた関節疾患の治療,脂肪由来MSC,AUTO,1.0,https://saiseiiryo.mhlw.go.jp/published_plan/download/01D2503008/5/0,900000,税別,1 回,,,7,,"与細胞数は患者様の症状に応じた医師の推奨、並び に患者様のご希望も踏まえ、患者様と医師が相談して決定致します。 投与細胞数 治療費用(税別) 1 約3,000 万個×1 回分 80 万円 2 約5,000 万個×1 回分 90 万円 3 約1 億個×1 回分 110 万円 4 約3,000 万個×3 回分 140 万円 なお、脂肪組織の採取の施術開始後や細胞加工の開始後、あるいは3 回投与の場合に1 回目投 与の後や2 回目投与の後に同意を撤回された場合など、それまでに費用が発生している場合は、 以下の通り、患者様ご自身に",,
B,P00621,F0442,中部,愛知県,医療法人絢南会 かすがい関節・スポーツ整形外科 いたみのクリニック,医療法人絢南会 かすがい関節・スポーツ整形外科 いたみのクリニック,医療法人絢南会 かすがい関節・スポーツ整形外科 いたみのクリニック,第二種,自家脂肪組織由来の培養間葉系幹細胞を用いた関節疾患の治療,脂肪由来MSC,AUTO,1.0,https://saiseiiryo.mhlw.go.jp/published_plan/download/01D2503008/5/0,1100000,税別,1 回,,,7,,"希望も踏まえ、患者様と医師が相談して決定致します。 投与細胞数 治療費用(税別) 1 約3,000 万個×1 回分 80 万円 2 約5,000 万個×1 回分 90 万円 3 約1 億個×1 回分 110 万円 4 約3,000 万個×3 回分 140 万円 なお、脂肪組織の採取の施術開始後や細胞加工の開始後、あるいは3 回投与の場合に1 回目投 与の後や2 回目投与の後に同意を撤回された場合など、それまでに費用が発生している場合は、 以下の通り、患者様ご自身にご負担いただきますのでご了承ください。 同意撤回の時期 キ",,
B,P00621,F0442,中部,愛知県,医療法人絢南会 かすがい関節・スポーツ整形外科 いたみのクリニック,医療法人絢南会 かすがい関節・スポーツ整形外科 いたみのクリニック,医療法人絢南会 かすがい関節・スポーツ整形外科 いたみのクリニック,第二種,自家脂肪組織由来の培養間葉系幹細胞を用いた関節疾患の治療,脂肪由来MSC,AUTO,1.0,https://saiseiiryo.mhlw.go.jp/published_plan/download/01D2503008/5/0,100000,税別,,,,0,,回された場合など、それまでに費用が発生している場合は、 以下の通り、患者様ご自身にご負担いただきますのでご了承ください。 同意撤回の時期 キャンセル費用(税別) ➀ 2 3 4 同意日~脂肪採取予定日の3 日前 キャンセル費用のお支払はありません 脂肪採取予定日の2 日前 一律 10 万円をお支払いいただきます ~脂肪採取当日の脂肪組織採取前 脂肪組織採取後~細胞加工開始前 細胞加工開始後~細胞投与前 64 万円 72 万円 88 万円 112 万円 細胞投与後 治療費用全額をお支払いいただきます 13. 細胞提供者及び再生医療等を受ける者に対する健康被害の補償の方法 健康,,
B,P00621,F0442,中部,愛知県,医療法人絢南会 かすがい関節・スポーツ整形外科 いたみのクリニック,医療法人絢南会 かすがい関節・スポーツ整形外科 いたみのクリニック,医療法人絢南会 かすがい関節・スポーツ整形外科 いたみのクリニック,第二種,自家脂肪組織由来の培養間葉系幹細胞を用いた関節疾患の治療,脂肪由来MSC,AUTO,1.0,https://saiseiiryo.mhlw.go.jp/published_plan/download/01D2503008/5/0,640000,税別,,,,0,,キャンセル費用(税別) ➀ 2 3 4 同意日~脂肪採取予定日の3 日前 キャンセル費用のお支払はありません 脂肪採取予定日の2 日前 一律 10 万円をお支払いいただきます ~脂肪採取当日の脂肪組織採取前 脂肪組織採取後~細胞加工開始前 細胞加工開始後~細胞投与前 64 万円 72 万円 88 万円 112 万円 細胞投与後 治療費用全額をお支払いいただきます 13. 細胞提供者及び再生医療等を受ける者に対する健康被害の補償の方法 健康被害が発生した場合は、適切な医療を提供するほか、補償については協議に応じます。 また、万が一に備え、日本医師会の医師賠償責任保険に加入してい,,
B,P00621,F0442,中部,愛知県,医療法人絢南会 かすがい関節・スポーツ整形外科 いたみのクリニック,医療法人絢南会 かすがい関節・スポーツ整形外科 いたみのクリニック,医療法人絢南会 かすがい関節・スポーツ整形外科 いたみのクリニック,第二種,自家脂肪組織由来の培養間葉系幹細胞を用いた関節疾患の治療,脂肪由来MSC,AUTO,1.0,https://saiseiiryo.mhlw.go.jp/published_plan/download/01D2503008/5/0,720000,不明,,,,-1,,別) ➀ 2 3 4 同意日~脂肪採取予定日の3 日前 キャンセル費用のお支払はありません 脂肪採取予定日の2 日前 一律 10 万円をお支払いいただきます ~脂肪採取当日の脂肪組織採取前 脂肪組織採取後~細胞加工開始前 細胞加工開始後~細胞投与前 64 万円 72 万円 88 万円 112 万円 細胞投与後 治療費用全額をお支払いいただきます 13. 細胞提供者及び再生医療等を受ける者に対する健康被害の補償の方法 健康被害が発生した場合は、適切な医療を提供するほか、補償については協議に応じます。 また、万が一に備え、日本医師会の医師賠償責任保険に加入しています。 14,,
B,P00621,F0442,中部,愛知県,医療法人絢南会 かすがい関節・スポーツ整形外科 いたみのクリニック,医療法人絢南会 かすがい関節・スポーツ整形外科 いたみのクリニック,医療法人絢南会 かすがい関節・スポーツ整形外科 いたみのクリニック,第二種,自家脂肪組織由来の培養間葉系幹細胞を用いた関節疾患の治療,脂肪由来MSC,AUTO,1.0,https://saiseiiryo.mhlw.go.jp/published_plan/download/01D2503008/5/0,880000,不明,,,,-1,,3 4 同意日~脂肪採取予定日の3 日前 キャンセル費用のお支払はありません 脂肪採取予定日の2 日前 一律 10 万円をお支払いいただきます ~脂肪採取当日の脂肪組織採取前 脂肪組織採取後~細胞加工開始前 細胞加工開始後~細胞投与前 64 万円 72 万円 88 万円 112 万円 細胞投与後 治療費用全額をお支払いいただきます 13. 細胞提供者及び再生医療等を受ける者に対する健康被害の補償の方法 健康被害が発生した場合は、適切な医療を提供するほか、補償については協議に応じます。 また、万が一に備え、日本医師会の医師賠償責任保険に加入しています。 14. 代替治療とその,,
B,P00621,F0442,中部,愛知県,医療法人絢南会 かすがい関節・スポーツ整形外科 いたみのクリニック,医療法人絢南会 かすがい関節・スポーツ整形外科 いたみのクリニック,医療法人絢南会 かすがい関節・スポーツ整形外科 いたみのクリニック,第二種,自家脂肪組織由来の培養間葉系幹細胞を用いた関節疾患の治療,脂肪由来MSC,AUTO,1.0,https://saiseiiryo.mhlw.go.jp/published_plan/download/01D2503008/5/0,1120000,不明,,,,-1,,意日~脂肪採取予定日の3 日前 キャンセル費用のお支払はありません 脂肪採取予定日の2 日前 一律 10 万円をお支払いいただきます ~脂肪採取当日の脂肪組織採取前 脂肪組織採取後~細胞加工開始前 細胞加工開始後~細胞投与前 64 万円 72 万円 88 万円 112 万円 細胞投与後 治療費用全額をお支払いいただきます 13. 細胞提供者及び再生医療等を受ける者に対する健康被害の補償の方法 健康被害が発生した場合は、適切な医療を提供するほか、補償については協議に応じます。 また、万が一に備え、日本医師会の医師賠償責任保険に加入しています。 14. 代替治療とその治療法により予期さ,,
B,P00621,F0442,中部,愛知県,医療法人絢南会 かすがい関節・スポーツ整形外科 いたみのクリニック,医療法人絢南会 かすがい関節・スポーツ整形外科 いたみのクリニック,医療法人絢南会 かすがい関節・スポーツ整形外科 いたみのクリニック,第二種,自家脂肪組織由来の培養間葉系幹細胞を用いた関節疾患の治療,脂肪由来MSC,AUTO,1.0,https://saiseiiryo.mhlw.go.jp/published_plan/download/01D2503008/5/0,1400000,税別,1 回,,,-1,,"投与細胞数 治療費用(税別) 1 約3,000 万個×1 回分 80 万円 2 約5,000 万個×1 回分 90 万円 3 約1 億個×1 回分 110 万円 4 約3,000 万個×3 回分 140 万円 なお、脂肪組織の採取の施術開始後や細胞加工の開始後、あるいは3 回投与の場合に1 回目投 与の後や2 回目投与の後に同意を撤回された場合など、それまでに費用が発生している場合は、 以下の通り、患者様ご自身にご負担いただきますのでご了承ください。 同意撤回の時期 キャンセル費用(税別) ➀ 2 3 4 同意日~脂肪採取",,
B,P00625,F0444,関東,神奈川県,一般社団法人SOL SOL整形外科鷺沼スポーツクリニック,一般社団法人SOL SOL整形外科鷺沼スポーツクリニック,一般社団法人SOL SOL整形外科鷺沼スポーツクリニック,第三種,多血小板血漿（PRP）を用いた整形外科領域における軟部組織治療,PRP,AUTO,0.9874,https://saiseiiryo.mhlw.go.jp/published_plan/download/01C2206039/5/0,40000,税別,,ACP,Arthrex,8,,"がありますが、患者 様個人を特定できる内容が使われることはありません。 治療にかかる費用について この治療は公的保険の対象ではありませんので、当院所定の施術料をお支払いいただきま す。 ・アースレックス社製 ACP 40,000円(税抜) ・DSMバイオメディカル社製 PRPシステム 30mlキット仕様 200,000円(税抜) 60mlキット仕様 300,000円(税抜) 症状などにより治療費は変動する可能性がございます。 詳細やご不明な点は医師またはスタッフにお尋ね下さい。 施術後、患者様の個人的な事情及び金銭",,
B,P00625,F0444,関東,神奈川県,一般社団法人SOL SOL整形外科鷺沼スポーツクリニック,一般社団法人SOL SOL整形外科鷺沼スポーツクリニック,一般社団法人SOL SOL整形外科鷺沼スポーツクリニック,第三種,多血小板血漿（PRP）を用いた整形外科領域における軟部組織治療,PRP,AUTO,0.9874,https://saiseiiryo.mhlw.go.jp/published_plan/download/01C2206039/5/0,200000,税別,,ACP,Arthrex,8,,"用について この治療は公的保険の対象ではありませんので、当院所定の施術料をお支払いいただきま す。 ・アースレックス社製 ACP 40,000円(税抜) ・DSMバイオメディカル社製 PRPシステム 30mlキット仕様 200,000円(税抜) 60mlキット仕様 300,000円(税抜) 症状などにより治療費は変動する可能性がございます。 詳細やご不明な点は医師またはスタッフにお尋ね下さい。 施術後、患者様の個人的な事情及び金銭等に関する問題に関しては一切の責を負いかねます のでご了承ください。 本治療の実施体",,
B,P00625,F0444,関東,神奈川県,一般社団法人SOL SOL整形外科鷺沼スポーツクリニック,一般社団法人SOL SOL整形外科鷺沼スポーツクリニック,一般社団法人SOL SOL整形外科鷺沼スポーツクリニック,第三種,多血小板血漿（PRP）を用いた整形外科領域における軟部組織治療,PRP,AUTO,0.9874,https://saiseiiryo.mhlw.go.jp/published_plan/download/01C2206039/5/0,300000,税別,,ACP,Arthrex,8,,"的保険の対象ではありませんので、当院所定の施術料をお支払いいただきま す。 ・アースレックス社製 ACP 40,000円(税抜) ・DSMバイオメディカル社製 PRPシステム 30mlキット仕様 200,000円(税抜) 60mlキット仕様 300,000円(税抜) 症状などにより治療費は変動する可能性がございます。 詳細やご不明な点は医師またはスタッフにお尋ね下さい。 施術後、患者様の個人的な事情及び金銭等に関する問題に関しては一切の責を負いかねます のでご了承ください。 本治療の実施体制 本治療は、以",,
B,P00626,F0445,中部,石川県,医療法人EKOC 東金沢整形外科クリニック,医療法人EKOC 東金沢整形外科クリニック,医療法人EKOC 東金沢整形外科クリニック,第二種,変形性関節症及び関節腔を対象とした自家多血小板血漿注入療法,PRP,QC,1.0,https://saiseiiryo.mhlw.go.jp/published_plan/download/01D2407008/5/0,,,,,,,,,no price found after text/OCR pass,RuntimeError: Tesseract process timeout
B,P00627,F0445,中部,石川県,医療法人EKOC 東金沢整形外科クリニック,医療法人EKOC 東金沢整形外科クリニック,医療法人EKOC 東金沢整形外科クリニック,第三種,四肢の靭帯、筋腱付着部およびスポーツ傷害を対象とした自家多血小板血漿注入療法,PRP,QC,1.0,https://saiseiiryo.mhlw.go.jp/published_plan/download/01D2407009/5/0,,,,,,,,,no price found after text/OCR pass,RuntimeError: Tesseract process timeout
B,P00628,F0446,中部,石川県,医療法人社団みやた整形外科 みやた整形外科,医療法人社団みやた整形外科 みやた整形外科,医療法人社団みやた整形外科 みやた整形外科,第二種,自家多血小板血漿（PRP）を用いた慢性関節炎の治療（関節内組織）,PRP,AUTO,0.9838,https://saiseiiryo.mhlw.go.jp/published_plan/download/01D2503001/5/0,40000,税込,,ACP MAX|ACP,Arthrex,8,,"本治療にかかる費用は、以下のとおりです。なお、費用に含まれるのは、治療に伴う 診査、自家PRP 調製のための採血にかかる費用、自家PRP 調製費用、注入にかかる 費用であり、以下が費用の総額となります。 治療の種類 平均的な血小板注入量 費用(税込み) ACP-PRP 20 億個 40,000 円 HD-PRP(ACP MAX の場合) 90 億個 170,000 円 また、ACP-PRP は効果を高めるため、2 倍量1 度に投与することが可能です。 その場合の費用は以下の通りです。 治療の種類 平均的な血小板注入量 費用(税込み) ACP-PRP ダブルショット 40 億個 77,000 円",,
B,P00628,F0446,中部,石川県,医療法人社団みやた整形外科 みやた整形外科,医療法人社団みやた整形外科 みやた整形外科,医療法人社団みやた整形外科 みやた整形外科,第二種,自家多血小板血漿（PRP）を用いた慢性関節炎の治療（関節内組織）,PRP,AUTO,0.9838,https://saiseiiryo.mhlw.go.jp/published_plan/download/01D2503001/5/0,170000,税込,,ACP MAX|ACP,Arthrex,8,,"伴う 診査、自家PRP 調製のための採血にかかる費用、自家PRP 調製費用、注入にかかる 費用であり、以下が費用の総額となります。 治療の種類 平均的な血小板注入量 費用(税込み) ACP-PRP 20 億個 40,000 円 HD-PRP(ACP MAX の場合) 90 億個 170,000 円 また、ACP-PRP は効果を高めるため、2 倍量1 度に投与することが可能です。 その場合の費用は以下の通りです。 治療の種類 平均的な血小板注入量 費用(税込み) ACP-PRP ダブルショット 40 億個 77,000 円 治療終了後も定期的な受診が必要です。 9 11.健康被害が",,
B,P00628,F0446,中部,石川県,医療法人社団みやた整形外科 みやた整形外科,医療法人社団みやた整形外科 みやた整形外科,医療法人社団みやた整形外科 みやた整形外科,第二種,自家多血小板血漿（PRP）を用いた慢性関節炎の治療（関節内組織）,PRP,AUTO,0.9838,https://saiseiiryo.mhlw.go.jp/published_plan/download/01D2503001/5/0,77000,税込,,ACP MAX|ACP,Arthrex,0,,"RP(ACP MAX の場合) 90 億個 170,000 円 また、ACP-PRP は効果を高めるため、2 倍量1 度に投与することが可能です。 その場合の費用は以下の通りです。 治療の種類 平均的な血小板注入量 費用(税込み) ACP-PRP ダブルショット 40 億個 77,000 円 治療終了後も定期的な受診が必要です。 9 11.健康被害が発生した際の処置と補償等について すべての医療行為にはリスクがあり、ある一定の確率で合併症が起こりえます。 本治療においても『5.予想される効果と起こるかもしれない副作用』でお示しした 合併症については起こらないように細心の注意を払っています",,
B,P00629,F0446,中部,石川県,医療法人社団みやた整形外科 みやた整形外科,医療法人社団みやた整形外科 みやた整形外科,医療法人社団みやた整形外科 みやた整形外科,第三種,自家多血小板血漿（PRP）を用いた筋肉、腱、靭帯、筋膜の損傷及び慢性炎症の治療（関節外の軟部組織）,PRP,AUTO,1.0,https://saiseiiryo.mhlw.go.jp/published_plan/download/01D2503002/5/0,40000,税込,,ACP MAX|ACP,Arthrex,8,,"本治療にかかる費用は、以下のとおりです。なお、費用に含まれるのは、治療に 伴う診査、自家PRP 調製のための採血にかかる費用、自家PRP 調製費用、注入に かかる費用であり、以下が費用の総額となります。 治療の種類 平均的な血小板注入量 費用(税込み) ACP-PRP 20 億個 40,000 円 HD-PRP(ACP MAX の場合) 90 億個 170,000 円 また、ACP-PRP は効果を高めるため、2 倍量1 度に投与することが可能です。 その場合の費用は以下の通りです。 治療の種類 平均的な血小板注入量 費用(税込み) ACP-PRP ダブルショット 40 億個 77,000 円",,
B,P00629,F0446,中部,石川県,医療法人社団みやた整形外科 みやた整形外科,医療法人社団みやた整形外科 みやた整形外科,医療法人社団みやた整形外科 みやた整形外科,第三種,自家多血小板血漿（PRP）を用いた筋肉、腱、靭帯、筋膜の損傷及び慢性炎症の治療（関節外の軟部組織）,PRP,AUTO,1.0,https://saiseiiryo.mhlw.go.jp/published_plan/download/01D2503002/5/0,170000,税込,,ACP MAX|ACP,Arthrex,8,,"伴う診査、自家PRP 調製のための採血にかかる費用、自家PRP 調製費用、注入に かかる費用であり、以下が費用の総額となります。 治療の種類 平均的な血小板注入量 費用(税込み) ACP-PRP 20 億個 40,000 円 HD-PRP(ACP MAX の場合) 90 億個 170,000 円 また、ACP-PRP は効果を高めるため、2 倍量1 度に投与することが可能です。 その場合の費用は以下の通りです。 治療の種類 平均的な血小板注入量 費用(税込み) ACP-PRP ダブルショット 40 億個 77,000 円 治療終了後も定期的な受診が必要です。 9 11.健康被",,
B,P00629,F0446,中部,石川県,医療法人社団みやた整形外科 みやた整形外科,医療法人社団みやた整形外科 みやた整形外科,医療法人社団みやた整形外科 みやた整形外科,第三種,自家多血小板血漿（PRP）を用いた筋肉、腱、靭帯、筋膜の損傷及び慢性炎症の治療（関節外の軟部組織）,PRP,AUTO,1.0,https://saiseiiryo.mhlw.go.jp/published_plan/download/01D2503002/5/0,77000,税込,,ACP MAX|ACP,Arthrex,0,,"RP(ACP MAX の場合) 90 億個 170,000 円 また、ACP-PRP は効果を高めるため、2 倍量1 度に投与することが可能です。 その場合の費用は以下の通りです。 治療の種類 平均的な血小板注入量 費用(税込み) ACP-PRP ダブルショット 40 億個 77,000 円 治療終了後も定期的な受診が必要です。 9 11.健康被害が発生した際の処置と補償等について すべての医療行為にはリスクがあり、ある一定の確率で合併症が起こりえます。 本治療においても『5.予想される効果と起こるかもしれない副作用』でお示しした 合併症については起こらないように細心の注意を払ってい",,
B,P00630,F0447,中部,石川県,金沢医科大学病院,金沢医科大学病院,金沢医科大学病院,第二種,自家脂肪組織由来微小細断脂肪組織片（MFAT）を用いた変形性膝関節症に対する治療,MFAT,AUTO,0.9692,https://saiseiiryo.mhlw.go.jp/published_plan/download/02D2605004/5/0,450000,税込,1 回,,,8,,"ータとして取り扱います。必要に応じて本学の倫理審査委員会や特定認定再生医療等委員会の 承認を得ると共に、当院のホームページでお知らせし、必要に応じてあなたから再同意を得ま す。 10. 費用負担について 本治療に係る費用については、自費診療扱いとなり、1 回の治療につき、片膝の場合は税込み 450,000 円、両膝の場合は税込み700,000 円かかります。全額あなたに負担していただくこ ととなります。MFAT の追加投与等が必要な場合は別途料金が必要となります。 11. 利益相反について 本研究で用いるLipogems®については、医療機器製造販売業者である株式会社アムコから購 入します。本治療を実施する医師および職員について、同社",,
B,P00630,F0447,中部,石川県,金沢医科大学病院,金沢医科大学病院,金沢医科大学病院,第二種,自家脂肪組織由来微小細断脂肪組織片（MFAT）を用いた変形性膝関節症に対する治療,MFAT,AUTO,0.9692,https://saiseiiryo.mhlw.go.jp/published_plan/download/02D2605004/5/0,700000,税込,1 回,,,8,,"学の倫理審査委員会や特定認定再生医療等委員会の 承認を得ると共に、当院のホームページでお知らせし、必要に応じてあなたから再同意を得ま す。 10. 費用負担について 本治療に係る費用については、自費診療扱いとなり、1 回の治療につき、片膝の場合は税込み 450,000 円、両膝の場合は税込み700,000 円かかります。全額あなたに負担していただくこ ととなります。MFAT の追加投与等が必要な場合は別途料金が必要となります。 11. 利益相反について 本研究で用いるLipogems®については、医療機器製造販売業者である株式会社アムコから購 入します。本治療を実施する医師および職員について、同社との間に起こり得る利益相反状態 は、学",,
B,P00630,F0447,中部,石川県,金沢医科大学病院,金沢医科大学病院,金沢医科大学病院,第二種,自家脂肪組織由来微小細断脂肪組織片（MFAT）を用いた変形性膝関節症に対する治療,MFAT,AUTO,0.9692,https://saiseiiryo.mhlw.go.jp/published_plan/download/02D2605004/5/0,600000,不明,,,,2,,ems®プロセスキット(以下Lipogems®)とは 近年、細胞用遠心分離機(セルーション)を用いてヒト脂肪組織(腹部皮下組織)から幹細胞 を採取し、様々な臓器の再生が試みられるようになってきていますが、細胞用遠心分離機がきわ めて高価であるだけでなく、脂肪組織から幹細胞を採取する際にさらに50~60 万円の消耗品お よび酵素が必要です。また、酵素を用いることにより、間質血管細胞群(SVF)そのものに障害 を与えるところに問題が残されています。 3 近年ヨーロッパ諸国では、脂肪組織から酵素を用いずに簡単に幹細胞等の採取が可能なキット 「Lipogems®」が開発され、変形性膝関節症、糖尿病性皮膚潰瘍・壊疸、褥瘡や肛門括約筋,,
B,P00631,F0447,中部,石川県,金沢医科大学病院,金沢医科大学病院,金沢医科大学病院,第二種,自己多血小板血漿（PRP）を用いた変形性関節症の治療,PRP,AUTO,1.0,https://saiseiiryo.mhlw.go.jp/published_plan/download/02D2605005/5/0,28000,税別,,APS|MyCells,Zimmer Biomet|MyCells系,8,,"療にかかる費用について この治療は公的保険の対象ではありませんので、当院にて実施する治療、治療に必要な検査、 治療の経過観察などの費用は全額自己負担となります。 使用キット 治療提供価格(税別) Mycells キット(1関節) 28,000 円 MAGELLAN システム(1関節) 70,000 円 APS キット〔濃縮PRP〕(1関節) 240,000 円 その他治療についての注意事項 患者さんの体調が良くない場合や、採取した血液の状態によっては、PRP を分離できないこと があります(例えば著しい脱",,
B,P00631,F0447,中部,石川県,金沢医科大学病院,金沢医科大学病院,金沢医科大学病院,第二種,自己多血小板血漿（PRP）を用いた変形性関節症の治療,PRP,AUTO,1.0,https://saiseiiryo.mhlw.go.jp/published_plan/download/02D2605005/5/0,70000,税別,,APS|MyCells,Zimmer Biomet|MyCells系,8,,"この治療は公的保険の対象ではありませんので、当院にて実施する治療、治療に必要な検査、 治療の経過観察などの費用は全額自己負担となります。 使用キット 治療提供価格(税別) Mycells キット(1関節) 28,000 円 MAGELLAN システム(1関節) 70,000 円 APS キット〔濃縮PRP〕(1関節) 240,000 円 その他治療についての注意事項 患者さんの体調が良くない場合や、採取した血液の状態によっては、PRP を分離できないこと があります(例えば著しい脱水状態など)。その際には、再度採血をさせていただく場合があり",,
B,P00631,F0447,中部,石川県,金沢医科大学病院,金沢医科大学病院,金沢医科大学病院,第二種,自己多血小板血漿（PRP）を用いた変形性関節症の治療,PRP,AUTO,1.0,https://saiseiiryo.mhlw.go.jp/published_plan/download/02D2605005/5/0,240000,税別,,APS|MyCells,Zimmer Biomet|MyCells系,8,,"ので、当院にて実施する治療、治療に必要な検査、 治療の経過観察などの費用は全額自己負担となります。 使用キット 治療提供価格(税別) Mycells キット(1関節) 28,000 円 MAGELLAN システム(1関節) 70,000 円 APS キット〔濃縮PRP〕(1関節) 240,000 円 その他治療についての注意事項 患者さんの体調が良くない場合や、採取した血液の状態によっては、PRP を分離できないこと があります(例えば著しい脱水状態など)。その際には、再度採血をさせていただく場合があり ます。その場合、追加費用は発生いたしません。 また、本治療に",,
B,P00631,F0447,中部,石川県,金沢医科大学病院,金沢医科大学病院,金沢医科大学病院,第二種,自己多血小板血漿（PRP）を用いた変形性関節症の治療,PRP,AUTO,1.0,https://saiseiiryo.mhlw.go.jp/published_plan/download/02D2605005/5/0,30000,不明,,,,5,,画像検査 ※ 有害事象の観察 経過観察は外来診察時に関節や全身の状態を観察します。また、VAS スコア等を計測し、治 療効果の判定を行います。 ※患者さんの希望や症状の著しい悪化等、特に必要があると判断した場合はMRI 等の画像 検査を行います。なお、画像検査にかかる費用(約3万円)は患者さんの自己負担となりま す。 • 違和感や不具合が生じた場合、自己判断での処置や他院で治療するのではなく直ちに当院に ご連絡ください。 • この他、何らかの不調や気になる症状がみられた時は、遠慮なくお申し出ください。必要に 応じて、ご説明または医学的な対応をいたします。また、何か新たな安全性の情報などが分 かった場合は、すぐに,,
B,P00632,F0448,中部,石川県,金沢泉が丘わたなべクリニック,金沢泉が丘わたなべクリニック,金沢泉が丘わたなべクリニック,第三種,多血小板血漿を用いた整形外科領域（関節腔内への投与を除く）の治療,PRP,QC,1.0,https://saiseiiryo.mhlw.go.jp/published_plan/download/03D2512002/5/0,30000,税込,,,,5,3,"Condensiaシステム:30,000 円(税込) ※患者様の症状、その他の事情等により治療費が変動する場合があります。 なお、細胞の採取後や加工後に同意を撤回された場合など、同意を撤回される時点までに費用が発生している",price candidates remain ambiguous,
B,P00633,F0449,中部,愛知県,医療法人紫雪会 えさき整形外科リウマチ科,医療法人紫雪会 えさき整形外科リウマチ科,医療法人紫雪会 えさき整形外科リウマチ科,第二種,多血小板血漿（PRP）の投与による変形性関節症治療,PRP,AUTO,1.0,https://saiseiiryo.mhlw.go.jp/published_plan/download/01D1907002/5/0,150000,不明,1回,APS|GPS,Zimmer Biomet,8,,を完全 には否定できない 品質管理された安全性の高いものだが、アレルギー反応などの可能 性を完全には否定できない 11. 治療にかかる費用について この治療は公的保険の対象ではありませんので、当院の所定の施術 料をお支払いいただきます。 ・PRPを用いた治療(GPSIIIキット使用)における施術料 15万円 ・濃縮PRPを用いた治療(APSキット使用)における施術料 30万円 ご不明な点は医師・スタッフにお尋ねください。なお1回の施術あ たりの費用は、患部の状態を確認した医師の判断、PRPの遠心回数 等により変更となる場合がございます。 12. その他治療についての注意事 項,,
B,P00633,F0449,中部,愛知県,医療法人紫雪会 えさき整形外科リウマチ科,医療法人紫雪会 えさき整形外科リウマチ科,医療法人紫雪会 えさき整形外科リウマチ科,第二種,多血小板血漿（PRP）の投与による変形性関節症治療,PRP,AUTO,1.0,https://saiseiiryo.mhlw.go.jp/published_plan/download/01D1907002/5/0,300000,不明,1回,APS|GPS,Zimmer Biomet,8,,ー反応などの可能 性を完全には否定できない 11. 治療にかかる費用について この治療は公的保険の対象ではありませんので、当院の所定の施術 料をお支払いいただきます。 ・PRPを用いた治療(GPSIIIキット使用)における施術料 15万円 ・濃縮PRPを用いた治療(APSキット使用)における施術料 30万円 ご不明な点は医師・スタッフにお尋ねください。なお1回の施術あ たりの費用は、患部の状態を確認した医師の判断、PRPの遠心回数 等により変更となる場合がございます。 12. その他治療についての注意事 項 患者様の体調が良くない場合や、採取した血液の状態によっては、 PR,,
B,P00634,F0450,中部,愛知県,医療法人財団檜扇会 クリニック 名古屋ちくさヒルズ,医療法人財団檜扇会 クリニック 名古屋ちくさヒルズ,医療法人財団檜扇会 クリニック 名古屋ちくさヒルズ,第二種,自己多血小板血漿（PRP）を用いた変形性関節症治療,PRP,AUTO,1.0,https://saiseiiryo.mhlw.go.jp/published_plan/download/03D2505012/5/0,60000,不明,,,,7,,"自費診療であり、健康保険を使用することはできません。 (2)「自己多血小板血漿(PRP)を用いた変形性関節症治療」は、治療 に伴う診査、自己PRP 調製のための採血にかかる費用、自己PRP 調 製費用、投与の総額となります。 採血量 PRP 投与量 治療費用 20ml 2ml 60,000 円 40ml 4ml 90,000 円 60ml 6ml 120,000 円 80ml 8ml 150,000 円 ※初診時には、初診料として10,000 円がかかります。 (3)費用は、同意書にサイン後、PRP 治療のための採血の前に全額お支 払いいただきます。 (4)採血後は、PRP 治療のため",,
B,P00634,F0450,中部,愛知県,医療法人財団檜扇会 クリニック 名古屋ちくさヒルズ,医療法人財団檜扇会 クリニック 名古屋ちくさヒルズ,医療法人財団檜扇会 クリニック 名古屋ちくさヒルズ,第二種,自己多血小板血漿（PRP）を用いた変形性関節症治療,PRP,AUTO,1.0,https://saiseiiryo.mhlw.go.jp/published_plan/download/03D2505012/5/0,10000,不明,,,,-1,,"調 製費用、投与の総額となります。 採血量 PRP 投与量 治療費用 20ml 2ml 60,000 円 40ml 4ml 90,000 円 60ml 6ml 120,000 円 80ml 8ml 150,000 円 ※初診時には、初診料として10,000 円がかかります。 (3)費用は、同意書にサイン後、PRP 治療のための採血の前に全額お支 払いいただきます。 (4)採血後は、PRP 治療のための費用の返金は致しません。 11.試料等の保管及び廃棄について この治療のために採取した血液は基本的に全てPRP の作製に",,
B,P00634,F0450,中部,愛知県,医療法人財団檜扇会 クリニック 名古屋ちくさヒルズ,医療法人財団檜扇会 クリニック 名古屋ちくさヒルズ,医療法人財団檜扇会 クリニック 名古屋ちくさヒルズ,第二種,自己多血小板血漿（PRP）を用いた変形性関節症治療,PRP,AUTO,1.0,https://saiseiiryo.mhlw.go.jp/published_plan/download/03D2505012/5/0,90000,不明,,,,-1,,"きません。 (2)「自己多血小板血漿(PRP)を用いた変形性関節症治療」は、治療 に伴う診査、自己PRP 調製のための採血にかかる費用、自己PRP 調 製費用、投与の総額となります。 採血量 PRP 投与量 治療費用 20ml 2ml 60,000 円 40ml 4ml 90,000 円 60ml 6ml 120,000 円 80ml 8ml 150,000 円 ※初診時には、初診料として10,000 円がかかります。 (3)費用は、同意書にサイン後、PRP 治療のための採血の前に全額お支 払いいただきます。 (4)採血後は、PRP 治療のための費用の返金は致しません。 11.試料",,
B,P00634,F0450,中部,愛知県,医療法人財団檜扇会 クリニック 名古屋ちくさヒルズ,医療法人財団檜扇会 クリニック 名古屋ちくさヒルズ,医療法人財団檜扇会 クリニック 名古屋ちくさヒルズ,第二種,自己多血小板血漿（PRP）を用いた変形性関節症治療,PRP,AUTO,1.0,https://saiseiiryo.mhlw.go.jp/published_plan/download/03D2505012/5/0,120000,不明,,,,-1,,"RP)を用いた変形性関節症治療」は、治療 に伴う診査、自己PRP 調製のための採血にかかる費用、自己PRP 調 製費用、投与の総額となります。 採血量 PRP 投与量 治療費用 20ml 2ml 60,000 円 40ml 4ml 90,000 円 60ml 6ml 120,000 円 80ml 8ml 150,000 円 ※初診時には、初診料として10,000 円がかかります。 (3)費用は、同意書にサイン後、PRP 治療のための採血の前に全額お支 払いいただきます。 (4)採血後は、PRP 治療のための費用の返金は致しません。 11.試料等の保管及び廃棄について",,
B,P00634,F0450,中部,愛知県,医療法人財団檜扇会 クリニック 名古屋ちくさヒルズ,医療法人財団檜扇会 クリニック 名古屋ちくさヒルズ,医療法人財団檜扇会 クリニック 名古屋ちくさヒルズ,第二種,自己多血小板血漿（PRP）を用いた変形性関節症治療,PRP,AUTO,1.0,https://saiseiiryo.mhlw.go.jp/published_plan/download/03D2505012/5/0,150000,不明,,,,-1,,"伴う診査、自己PRP 調製のための採血にかかる費用、自己PRP 調 製費用、投与の総額となります。 採血量 PRP 投与量 治療費用 20ml 2ml 60,000 円 40ml 4ml 90,000 円 60ml 6ml 120,000 円 80ml 8ml 150,000 円 ※初診時には、初診料として10,000 円がかかります。 (3)費用は、同意書にサイン後、PRP 治療のための採血の前に全額お支 払いいただきます。 (4)採血後は、PRP 治療のための費用の返金は致しません。 11.試料等の保管及び廃棄について",,
B,P00635,F0450,中部,愛知県,医療法人財団檜扇会 クリニック 名古屋ちくさヒルズ,医療法人財団檜扇会 クリニック 名古屋ちくさヒルズ,医療法人財団檜扇会 クリニック 名古屋ちくさヒルズ,第二種,自己脂肪組織由来幹細胞を用いた変形性関節症治療,脂肪由来幹細胞,QC,1.0,https://saiseiiryo.mhlw.go.jp/published_plan/download/03D2505013/5/0,150000,不明,,,,5,7,"80ml 8ml 150,000 円 ※初診時には、初診料として10,000 円がかかります。 (3)費用は、同意書にサイン後、PRP 治療のための採血の前に全額お支",price candidates remain ambiguous,
B,P00635,F0450,中部,愛知県,医療法人財団檜扇会 クリニック 名古屋ちくさヒルズ,医療法人財団檜扇会 クリニック 名古屋ちくさヒルズ,医療法人財団檜扇会 クリニック 名古屋ちくさヒルズ,第二種,自己脂肪組織由来幹細胞を用いた変形性関節症治療,脂肪由来幹細胞,QC,1.0,https://saiseiiryo.mhlw.go.jp/published_plan/download/03D2505013/5/0,60000,不明,,,,0,7,"20ml 2ml 60,000 円 40ml 4ml",price candidates remain ambiguous,
B,P00635,F0450,中部,愛知県,医療法人財団檜扇会 クリニック 名古屋ちくさヒルズ,医療法人財団檜扇会 クリニック 名古屋ちくさヒルズ,医療法人財団檜扇会 クリニック 名古屋ちくさヒルズ,第二種,自己脂肪組織由来幹細胞を用いた変形性関節症治療,脂肪由来幹細胞,QC,1.0,https://saiseiiryo.mhlw.go.jp/published_plan/download/03D2505013/5/0,90000,不明,,,,0,7,"40ml 4ml 90,000 円 60ml 6ml",price candidates remain ambiguous,
B,P00635,F0450,中部,愛知県,医療法人財団檜扇会 クリニック 名古屋ちくさヒルズ,医療法人財団檜扇会 クリニック 名古屋ちくさヒルズ,医療法人財団檜扇会 クリニック 名古屋ちくさヒルズ,第二種,自己脂肪組織由来幹細胞を用いた変形性関節症治療,脂肪由来幹細胞,QC,1.0,https://saiseiiryo.mhlw.go.jp/published_plan/download/03D2505013/5/0,120000,不明,,,,0,7,"60ml 6ml 120,000 円 80ml 8ml",price candidates remain ambiguous,
B,P00635,F0450,中部,愛知県,医療法人財団檜扇会 クリニック 名古屋ちくさヒルズ,医療法人財団檜扇会 クリニック 名古屋ちくさヒルズ,医療法人財団檜扇会 クリニック 名古屋ちくさヒルズ,第二種,自己脂肪組織由来幹細胞を用いた変形性関節症治療,脂肪由来幹細胞,QC,1.0,https://saiseiiryo.mhlw.go.jp/published_plan/download/03D2505013/5/0,10000,不明,,,,-5,7,"8ml 150,000 円 ※初診時には、初診料として10,000 円がかかります。 (3)費用は、同意書にサイン後、PRP 治療のための採血の前に全額お支 払いいただきます。",price candidates remain ambiguous,
B,P00636,F0450,中部,愛知県,医療法人財団檜扇会 クリニック 名古屋ちくさヒルズ,医療法人財団檜扇会 クリニック 名古屋ちくさヒルズ,医療法人財団檜扇会 クリニック 名古屋ちくさヒルズ,第二種,自己多血小板血漿由来の自己蛋白溶液（APS）を用いた変形性関節症治療,APS,AUTO,0.9876,https://saiseiiryo.mhlw.go.jp/published_plan/download/03D2505012/5/0,60000,不明,,,,7,,"自費診療であり、健康保険を使用することはできません。 (2)「自己多血小板血漿(PRP)を用いた変形性関節症治療」は、治療 に伴う診査、自己PRP 調製のための採血にかかる費用、自己PRP 調 製費用、投与の総額となります。 採血量 PRP 投与量 治療費用 20ml 2ml 60,000 円 40ml 4ml 90,000 円 60ml 6ml 120,000 円 80ml 8ml 150,000 円 ※初診時には、初診料として10,000 円がかかります。 (3)費用は、同意書にサイン後、PRP 治療のための採血の前に全額お支 払いいただきます。 (4)採血後は、PRP 治療のため",,
B,P00636,F0450,中部,愛知県,医療法人財団檜扇会 クリニック 名古屋ちくさヒルズ,医療法人財団檜扇会 クリニック 名古屋ちくさヒルズ,医療法人財団檜扇会 クリニック 名古屋ちくさヒルズ,第二種,自己多血小板血漿由来の自己蛋白溶液（APS）を用いた変形性関節症治療,APS,AUTO,0.9876,https://saiseiiryo.mhlw.go.jp/published_plan/download/03D2505012/5/0,10000,不明,,,,-1,,"調 製費用、投与の総額となります。 採血量 PRP 投与量 治療費用 20ml 2ml 60,000 円 40ml 4ml 90,000 円 60ml 6ml 120,000 円 80ml 8ml 150,000 円 ※初診時には、初診料として10,000 円がかかります。 (3)費用は、同意書にサイン後、PRP 治療のための採血の前に全額お支 払いいただきます。 (4)採血後は、PRP 治療のための費用の返金は致しません。 11.試料等の保管及び廃棄について この治療のために採取した血液は基本的に全てPRP の作製に",,
B,P00636,F0450,中部,愛知県,医療法人財団檜扇会 クリニック 名古屋ちくさヒルズ,医療法人財団檜扇会 クリニック 名古屋ちくさヒルズ,医療法人財団檜扇会 クリニック 名古屋ちくさヒルズ,第二種,自己多血小板血漿由来の自己蛋白溶液（APS）を用いた変形性関節症治療,APS,AUTO,0.9876,https://saiseiiryo.mhlw.go.jp/published_plan/download/03D2505012/5/0,90000,不明,,,,-1,,"きません。 (2)「自己多血小板血漿(PRP)を用いた変形性関節症治療」は、治療 に伴う診査、自己PRP 調製のための採血にかかる費用、自己PRP 調 製費用、投与の総額となります。 採血量 PRP 投与量 治療費用 20ml 2ml 60,000 円 40ml 4ml 90,000 円 60ml 6ml 120,000 円 80ml 8ml 150,000 円 ※初診時には、初診料として10,000 円がかかります。 (3)費用は、同意書にサイン後、PRP 治療のための採血の前に全額お支 払いいただきます。 (4)採血後は、PRP 治療のための費用の返金は致しません。 11.試料",,
B,P00636,F0450,中部,愛知県,医療法人財団檜扇会 クリニック 名古屋ちくさヒルズ,医療法人財団檜扇会 クリニック 名古屋ちくさヒルズ,医療法人財団檜扇会 クリニック 名古屋ちくさヒルズ,第二種,自己多血小板血漿由来の自己蛋白溶液（APS）を用いた変形性関節症治療,APS,AUTO,0.9876,https://saiseiiryo.mhlw.go.jp/published_plan/download/03D2505012/5/0,120000,不明,,,,-1,,"RP)を用いた変形性関節症治療」は、治療 に伴う診査、自己PRP 調製のための採血にかかる費用、自己PRP 調 製費用、投与の総額となります。 採血量 PRP 投与量 治療費用 20ml 2ml 60,000 円 40ml 4ml 90,000 円 60ml 6ml 120,000 円 80ml 8ml 150,000 円 ※初診時には、初診料として10,000 円がかかります。 (3)費用は、同意書にサイン後、PRP 治療のための採血の前に全額お支 払いいただきます。 (4)採血後は、PRP 治療のための費用の返金は致しません。 11.試料等の保管及び廃棄について",,
B,P00636,F0450,中部,愛知県,医療法人財団檜扇会 クリニック 名古屋ちくさヒルズ,医療法人財団檜扇会 クリニック 名古屋ちくさヒルズ,医療法人財団檜扇会 クリニック 名古屋ちくさヒルズ,第二種,自己多血小板血漿由来の自己蛋白溶液（APS）を用いた変形性関節症治療,APS,AUTO,0.9876,https://saiseiiryo.mhlw.go.jp/published_plan/download/03D2505012/5/0,150000,不明,,,,-1,,"伴う診査、自己PRP 調製のための採血にかかる費用、自己PRP 調 製費用、投与の総額となります。 採血量 PRP 投与量 治療費用 20ml 2ml 60,000 円 40ml 4ml 90,000 円 60ml 6ml 120,000 円 80ml 8ml 150,000 円 ※初診時には、初診料として10,000 円がかかります。 (3)費用は、同意書にサイン後、PRP 治療のための採血の前に全額お支 払いいただきます。 (4)採血後は、PRP 治療のための費用の返金は致しません。 11.試料等の保管及び廃棄について",,
B,P00882,F0599,九州沖縄,福岡県,医療法人TSC タケダスポーツ・ビューティークリニック,医療法人TSC タケダスポーツ・ビューティークリニック,医療法人TSC タケダスポーツ・ビューティークリニック,第二種,自家多血小板血漿（Platelet-rich plasma：PRP）を用いた慢性関節炎の治療（関節内組織）,PRP,QC,1.0,https://saiseiiryo.mhlw.go.jp/published_plan/download/01G2502001/5/0,44000,税込,1 回,ACP|Angel,Arthrex,6,7,"費用(PRP 1 回・税込) ACP 44,000 円 Angel 275,000 円",price candidates remain ambiguous,
B,P00882,F0599,九州沖縄,福岡県,医療法人TSC タケダスポーツ・ビューティークリニック,医療法人TSC タケダスポーツ・ビューティークリニック,医療法人TSC タケダスポーツ・ビューティークリニック,第二種,自家多血小板血漿（Platelet-rich plasma：PRP）を用いた慢性関節炎の治療（関節内組織）,PRP,QC,1.0,https://saiseiiryo.mhlw.go.jp/published_plan/download/01G2502001/5/0,165000,不明,,ACP MAX|ACP,Arthrex,5,7,"275,000 円 ACP Max 165,000 円 (3) キット開封後にキャンセルされた場合は、費用の全額をご負担いただき ます。",price candidates remain ambiguous,
B,P00882,F0599,九州沖縄,福岡県,医療法人TSC タケダスポーツ・ビューティークリニック,医療法人TSC タケダスポーツ・ビューティークリニック,医療法人TSC タケダスポーツ・ビューティークリニック,第二種,自家多血小板血漿（Platelet-rich plasma：PRP）を用いた慢性関節炎の治療（関節内組織）,PRP,QC,1.0,https://saiseiiryo.mhlw.go.jp/published_plan/download/01G2502001/5/0,275000,不明,,ACP MAX|ACP|Angel,Arthrex,2,7,"44,000 円 Angel 275,000 円 ACP Max 165,000 円",price candidates remain ambiguous,
B,P00883,F0599,九州沖縄,福岡県,医療法人TSC タケダスポーツ・ビューティークリニック,医療法人TSC タケダスポーツ・ビューティークリニック,医療法人TSC タケダスポーツ・ビューティークリニック,第三種,損傷軟部組織に対する自己多血小板血漿（PRP）療法,PRP,QC,1.0,https://saiseiiryo.mhlw.go.jp/published_plan/download/03G2310005/5/0,,,,,,,,,no price found after text/OCR pass,Document fetched but no price candidate
B,P00885,F0600,九州沖縄,福岡県,医療法人HMC ブレインメディカルクリニック博多,医療法人HMC ブレインメディカルクリニック博多,医療法人HMC ブレインメディカルクリニック博多,第三種,自家多血小板血漿（Platelet-rich plasma：PRP）を用いた筋肉、腱、靭帯、筋膜の損傷及び慢性炎症の治療（関節腔外に限る）,PRP,AUTO,1.0,https://saiseiiryo.mhlw.go.jp/published_plan/download/01G2408004/5/0,40000,税別,1回,,,9,,"(1) 本治療は、すべて自費診療であり、健康保険を使用することはできません。 (2) 本治療にかかる費用は、以下のとおりです。なお、費用は、治療に伴う診査、自家PRP 調製のための採血にかかる費用、自家PRP 調製費用、注入にかかる費用の総額となりま す。 PRP 療法(腰、関節など)1回:40,000 円 消費税別 11. 試料等の保存及び廃棄の方法 患者様から採取した血液と作製したPRP は、患者様ご自身の治療のみに使用します。た だし、症例検討や学会発表を目的として、血液やPRP の測定を行い、データを取得するこ とがあります。 血液およびPRP は微量で全量を使用するため、保管はしません。治療に用いない血液ま たはP",,
B,P00894,F0345,九州沖縄,熊本県,保田窪整形外科病院,保田窪整形外科病院,保田窪整形外科病院,第三種,自己多血小板血漿（Platelet-rich plasma：PRP）を用いた整形外科領域における軟部組織治療,PRP,AUTO,1.0,https://saiseiiryo.mhlw.go.jp/published_plan/download/01G2506014/5/0,22000,税込,1 回,,,9,,"療よりも高額になることがあります。当院において実施される本治療および本治 療に必要な検査などの費用は全額自己負担となります。 血液分離専用容器キットによる提供価格 各1 回: PRP:(京セラCondensia システム)使用 ・・一般・・・1 回 38,500 円(税込) 学生・・・1 回22,000 円(税込) ※患者様の症状によっては、治療を数回行うことがあります。治療前、または治療後 の状態から担当医師が判断し、患者様にお伝えしご相談させて頂きます。 ※治療内容・回数により1回あたりの費用が減額される場合がございます。施術する 前に詳細な説明をいたしますので、ご納得いただいた上で施術いただきますようお 願い申し上げます。",,
B,P00894,F0345,九州沖縄,熊本県,保田窪整形外科病院,保田窪整形外科病院,保田窪整形外科病院,第三種,自己多血小板血漿（Platelet-rich plasma：PRP）を用いた整形外科領域における軟部組織治療,PRP,AUTO,1.0,https://saiseiiryo.mhlw.go.jp/published_plan/download/01G2506014/5/0,38500,税込,1 回,,,9,,"です。そのため、患者様の費用負担が 他の治療よりも高額になることがあります。当院において実施される本治療および本治 療に必要な検査などの費用は全額自己負担となります。 血液分離専用容器キットによる提供価格 各1 回: PRP:(京セラCondensia システム)使用 ・・一般・・・1 回 38,500 円(税込) 学生・・・1 回22,000 円(税込) ※患者様の症状によっては、治療を数回行うことがあります。治療前、または治療後 の状態から担当医師が判断し、患者様にお伝えしご相談させて頂きます。 ※治療内容・回数により1回あたりの費用が減額される場合がございます。施術する 前に詳細な説明をいたしますので、ご納得いただいた上で施術",,
B,P00894,F0345,九州沖縄,熊本県,保田窪整形外科病院,保田窪整形外科病院,保田窪整形外科病院,第三種,自己多血小板血漿（Platelet-rich plasma：PRP）を用いた整形外科領域における軟部組織治療,PRP,AUTO,1.0,https://saiseiiryo.mhlw.go.jp/published_plan/download/01G2506014/5/0,15000,不明,,,,-8,,"されない場合でも、一切不利益を受けることはありません。 また同様に、治療を受けることに同意した場合であっても、投与までの間でしたらい つでも取りやめることができます。その場合、その後の治療について一切不利益は受け ません。(ただし下記のキャンセル料は申し受けます) 京セラ:採血後のキャンセル料 15,000 円(一般)、15,000 円(学生) 加工後のキャンセル料 25,000 円(一般)、17,000 円(学生) もしこの治療を受けることに同意しない場合も、最適と考えられる治療を実施できる ように患者様の治療に最善を尽くします。 ただし、治療を行った後は、健康管理のために必要に応じて適切な検査を受けていた だき、医学的に問題がない",,
B,P00894,F0345,九州沖縄,熊本県,保田窪整形外科病院,保田窪整形外科病院,保田窪整形外科病院,第三種,自己多血小板血漿（Platelet-rich plasma：PRP）を用いた整形外科領域における軟部組織治療,PRP,AUTO,1.0,https://saiseiiryo.mhlw.go.jp/published_plan/download/01G2506014/5/0,17000,不明,,,,-8,,"あっても、投与までの間でしたらい つでも取りやめることができます。その場合、その後の治療について一切不利益は受け ません。(ただし下記のキャンセル料は申し受けます) 京セラ:採血後のキャンセル料 15,000 円(一般)、15,000 円(学生) 加工後のキャンセル料 25,000 円(一般)、17,000 円(学生) もしこの治療を受けることに同意しない場合も、最適と考えられる治療を実施できる ように患者様の治療に最善を尽くします。 ただし、治療を行った後は、健康管理のために必要に応じて適切な検査を受けていた だき、医学的に問題がないかを確認させていただきます。 11. 試料等の保管及び廃棄の方法について この治療にて患者",,
B,P00894,F0345,九州沖縄,熊本県,保田窪整形外科病院,保田窪整形外科病院,保田窪整形外科病院,第三種,自己多血小板血漿（Platelet-rich plasma：PRP）を用いた整形外科領域における軟部組織治療,PRP,AUTO,1.0,https://saiseiiryo.mhlw.go.jp/published_plan/download/01G2506014/5/0,25000,不明,,,,-8,,"受けることに同意した場合であっても、投与までの間でしたらい つでも取りやめることができます。その場合、その後の治療について一切不利益は受け ません。(ただし下記のキャンセル料は申し受けます) 京セラ:採血後のキャンセル料 15,000 円(一般)、15,000 円(学生) 加工後のキャンセル料 25,000 円(一般)、17,000 円(学生) もしこの治療を受けることに同意しない場合も、最適と考えられる治療を実施できる ように患者様の治療に最善を尽くします。 ただし、治療を行った後は、健康管理のために必要に応じて適切な検査を受けていた だき、医学的に問題がないかを確認させていただきます。 11. 試料等の保管及び廃棄の方法につい",,
B,P00901,F0435,九州沖縄,鹿児島県,天陽会中央クリニック,天陽会中央クリニック,天陽会中央クリニック,第三種,自家多血小板血漿（Platelet-rich plasma：PRP）を用いた筋肉、腱、靭帯、筋膜の損傷及び慢性炎症の治療（関節外の軟部組織）,PRP,AUTO,1.0,https://saiseiiryo.mhlw.go.jp/published_plan/download/01G2110006/5/0,50000,税込,2 回分,,,9,,"ることはできませ ん。 (2) 本治療にかかる費用は、以下のとおりです。なお、費用は、治療に伴う診 査、PRP 作製のための採血にかかる費用、PRP 作製費用、注入にかかる費 用の総額となります。左右両側に投与する場合は、2 回分です。 PRP 1 回(1 部位) 50,000 円(税込) 11. 試料等の保存及び廃棄の方法 患者様から採取した血液と作製したPRP は、患者様ご自身の治療のみ に使用します。ただし、症例検討や学会発表を目的として、血液やPRP の測定を行い、データを取得することがあります。 血液およびPRP は微量で全量を使用するため、保管はしません。治療 に用いない血液またはPRP",,
C,P00237,F0218,関東,東京都,TOKYOひまわりクリニック,TOKYOひまわりクリニック,TOKYOひまわりクリニック,第二種,自己脂肪由来間葉系幹細胞を用いた変形性関節症治療,脂肪由来MSC,QC,1.0,https://saiseiiryo.mhlw.go.jp/published_plan/download/03C2503010/5/0,,,,,,,,,no price found after rescue text/OCR pass,Rescue completed; OCR page timeouts=0
C,P00238,F0239,関東,東京都,リソークリニック,リソークリニック,リソークリニック,第二種,変形性関節症に対する自己脂肪・滑膜由来培養間葉系幹細胞の関節内投与療法,脂肪/滑膜由来MSC,AUTO,1.0,https://saiseiiryo.mhlw.go.jp/published_plan/download/02C2607007/5/0,498000,税別,1回,,,9,,"険適用外ですので、治療にかかる費用全額をご自分でご負担いただきます。その他、本治療を受け るために必要となった宿泊費・交通費などの全ての費用もご自分でご負担いただきます。 治療に必要な費用は細胞採取費用・局所麻酔料・培養費用・細胞保管料・関節内投与料・鎮痛剤・抗生物質な どを含めて、幹細胞1億個:498,000円/回(税別)となっております。症状やMRI 等の画像診断結果により投与量 (細胞数)が異なります。 また、1回の脂肪採取で1〜4回の投与分の細胞培養が可能です(採取した脂肪や細胞の状況により異なりま す)。なお、患者様ごとに投与量、投与回数と投与回数に応じたトータル費用(概算)を説明しますので、必ず担 当医の説明を受けてください。2",,
C,P00239,F0217,関東,東京都,一般社団法人 The cell clinic,一般社団法人 The cell clinic,一般社団法人 The cell clinic,第二種,変形性膝関節症に対する自己脂肪由来間葉系幹細胞治療,脂肪由来MSC,AUTO,1.0,https://saiseiiryo.mhlw.go.jp/published_plan/download/01C2503081/5/0,550000,税込,1 部位,,,8,,"本治療は、保険適用外の治療(自由診療)であるため、本治療の提供にかかる費用は、培養にかかる細胞加工 費、幹細胞投与費、検査費、薬剤などの消耗備品を含め治療費総額 初回 1 部位 1,100,000 円(税込) 2 部位 1,650,000 円(税込) 2 回目以降 1 部位 550,000 円(税込) 2 部位 550,000 円(税込) を患者様ご自身にご負担いただきます。 また、治療に使用する細胞の品質が悪く治療ができない場合、再度脂肪組織の採取および細胞培養を行います。その 際に係る費用については、請求することはありませんが、旅費、交通費などの費用はご自身でご負担いただきます。あらか じめご了承ください。なお",,
C,P00239,F0217,関東,東京都,一般社団法人 The cell clinic,一般社団法人 The cell clinic,一般社団法人 The cell clinic,第二種,変形性膝関節症に対する自己脂肪由来間葉系幹細胞治療,脂肪由来MSC,AUTO,1.0,https://saiseiiryo.mhlw.go.jp/published_plan/download/01C2503081/5/0,1100000,税込,1 部位,,,8,,"ませんし、これからの治療に影響することもありま せん。 12. 本治療の費用について 本治療は、保険適用外の治療(自由診療)であるため、本治療の提供にかかる費用は、培養にかかる細胞加工 費、幹細胞投与費、検査費、薬剤などの消耗備品を含め治療費総額 初回 1 部位 1,100,000 円(税込) 2 部位 1,650,000 円(税込) 2 回目以降 1 部位 550,000 円(税込) 2 部位 550,000 円(税込) を患者様ご自身にご負担いただきます。 また、治療に使用する細胞の品質が悪く治療ができない場合、再度脂肪組織の採取および細胞培養を行います。その 際に係る費用については、請求するこ",,
C,P00239,F0217,関東,東京都,一般社団法人 The cell clinic,一般社団法人 The cell clinic,一般社団法人 The cell clinic,第二種,変形性膝関節症に対する自己脂肪由来間葉系幹細胞治療,脂肪由来MSC,AUTO,1.0,https://saiseiiryo.mhlw.go.jp/published_plan/download/01C2503081/5/0,1650000,税込,1 部位,,,8,,"りま せん。 12. 本治療の費用について 本治療は、保険適用外の治療(自由診療)であるため、本治療の提供にかかる費用は、培養にかかる細胞加工 費、幹細胞投与費、検査費、薬剤などの消耗備品を含め治療費総額 初回 1 部位 1,100,000 円(税込) 2 部位 1,650,000 円(税込) 2 回目以降 1 部位 550,000 円(税込) 2 部位 550,000 円(税込) を患者様ご自身にご負担いただきます。 また、治療に使用する細胞の品質が悪く治療ができない場合、再度脂肪組織の採取および細胞培養を行います。その 際に係る費用については、請求することはありませんが、旅費、交通費などの費用は",,
C,P00240,F0322,関東,東京都,医療法人社団 順清会 Total Cell Clinic TOKYO,医療法人社団 順清会 Total Cell Clinic TOKYO,医療法人社団 順清会 Total Cell Clinic TOKYO,第二種,自己脂肪由来間葉系幹細胞を用いた変形性膝関節症の治療,脂肪由来MSC,QC,1.0,https://saiseiiryo.mhlw.go.jp/published_plan/download/02C2407002/5/0,50000,不明,,,,0,17,"無料 2年目以降 保管細胞 1-5 本 年額 50,000 円+税 保管細胞 6-10 本 年額 100,000 円+税 <キャンセル時の払い戻しについて>",price candidates remain ambiguous,
C,P00240,F0322,関東,東京都,医療法人社団 順清会 Total Cell Clinic TOKYO,医療法人社団 順清会 Total Cell Clinic TOKYO,医療法人社団 順清会 Total Cell Clinic TOKYO,第二種,自己脂肪由来間葉系幹細胞を用いた変形性膝関節症の治療,脂肪由来MSC,QC,1.0,https://saiseiiryo.mhlw.go.jp/published_plan/download/02C2407002/5/0,100000,不明,,,,0,17,"2年目以降 保管細胞 1-5 本 年額 50,000 円+税 保管細胞 6-10 本 年額 100,000 円+税 <キャンセル時の払い戻しについて> 区分",price candidates remain ambiguous,
C,P00241,F0322,関東,東京都,医療法人社団 順清会 Total Cell Clinic TOKYO,医療法人社団 順清会 Total Cell Clinic TOKYO,医療法人社団 順清会 Total Cell Clinic TOKYO,第二種,自己脂肪由来間葉系幹細胞を用いた変形性関節症治療,脂肪由来MSC,AUTO,1.0,https://saiseiiryo.mhlw.go.jp/published_plan/download/02C2407003/5/0,3300000,税込,,,,8,,"本治療の提供にかかる費用は、培養 にかかる細胞加工費、幹細胞投与費、検体輸送費、検査費、薬剤などの消耗備品を含め、 患者様に負担していただきます。脂肪採取し分離した細胞で培養を行う場合は、3,850,000 円(税込)を患者様ご自身にご負担いただきます。ただし、凍結保存した細胞で培養を行 う場合は、3,300,000円(税込)となります。 細胞加工施設にて本治療に使用する幹細胞の培養中及び出荷の際に、細胞に何らかの汚染 や形態異常が疑われ、本治療による効果が期待できない、もしくは 本治療を行う患者様に 不利益が生じると判断した場合には、医師の判断で本治療を中止することがあります。ま た、予定細胞数を培養で得られず、その培養した細胞数では、本治療に",,
C,P00241,F0322,関東,東京都,医療法人社団 順清会 Total Cell Clinic TOKYO,医療法人社団 順清会 Total Cell Clinic TOKYO,医療法人社団 順清会 Total Cell Clinic TOKYO,第二種,自己脂肪由来間葉系幹細胞を用いた変形性関節症治療,脂肪由来MSC,AUTO,1.0,https://saiseiiryo.mhlw.go.jp/published_plan/download/02C2407003/5/0,3850000,税込,,,,8,,"12. 本治療の費用について <治療費について> 本治療は、保険適用外の治療(自由診療)であるため、本治療の提供にかかる費用は、培養 にかかる細胞加工費、幹細胞投与費、検体輸送費、検査費、薬剤などの消耗備品を含め、 患者様に負担していただきます。脂肪採取し分離した細胞で培養を行う場合は、3,850,000 円(税込)を患者様ご自身にご負担いただきます。ただし、凍結保存した細胞で培養を行 う場合は、3,300,000円(税込)となります。 細胞加工施設にて本治療に使用する幹細胞の培養中及び出荷の際に、細胞に何らかの汚染 や形態異常が疑われ、本治療による効果が期待できない、もしくは 本治療を行う患者様に 不利益が生じると判断した場合には、医",,
C,P00243,F0220,関東,東京都,医療法人社団TSOC 東京スポーツ＆整形外科クリニック北参道,医療法人社団TSOC 東京スポーツ＆整形外科クリニック北参道,医療法人社団TSOC 東京スポーツ＆整形外科クリニック北参道,第二種,自己脂肪由来間葉系幹細胞を用いた変形性関節症治療,脂肪由来MSC,AUTO,1.0,https://saiseiiryo.mhlw.go.jp/published_plan/download/01C2510046/5/0,1000000,税別,,,,11,6,"本治療は保険適用外であるため、治療にかかる費用全額をご自分でご負担いただきます。その 他、本治療を受けるために必要となった旅費、交通費などの全ての費用もご自分でご負担いただ きます。実際に必要となる費用については今回の治療は1,000,000 円(税抜)となります。 なお、脂肪の採取後や、細胞加工物の製造開始後に同意を撤回された場合など、同意を撤回さ れる時点までに費用が発生している場合は、発生した費用についてはあなたにご負担いただきま",line-level strong price context,
C,P00244,F0219,関東,東京都,医療法人社団TSOC 東京スポーツ＆整形外科クリニック,医療法人社団TSOC 東京スポーツ＆整形外科クリニック,医療法人社団TSOC 東京スポーツ＆整形外科クリニック,第二種,多血小板血漿（PRP）を用いた変形性関節症治療,PRP,AUTO,0.952,https://saiseiiryo.mhlw.go.jp/published_plan/download/02C2511021/5/0,300000,税別,,ACP MAX|ACP,Arthrex,8,,"を公表する可能性がありますが、規程に基づき患者様個人 を特定できる内容が使われることはありません。 治療にかかる費用について この治療は公的保険の対象ではありませんので、当院の所定の施術料をお支払いいただきます。 ACP ダブルシリンジ 300,000 円(税抜) ACP MAX 300,000 円(税抜) Condensia システム 300,000 円(税抜) 症状などにより治療費は変動する可能性がございます。 詳細やご不明な点は医師またはスタッフにお尋ね下さい。 施術後、患者様の個人的な事情及び金銭等に関する問題に関しては一切の責を負いかねますのでご 了",,
C,P00245,F0254,関東,東京都,医療法人社団光美会 セルズクリニック銀座院,医療法人社団光美会 セルズクリニック銀座院,医療法人社団光美会 セルズクリニック銀座院,第二種,自己脂肪由来幹細胞を用いた変形性関節症の治療,脂肪由来幹細胞,AUTO,1.0,https://saiseiiryo.mhlw.go.jp/published_plan/download/02C2601093/5/0,1320000,税込,1回,,,13,5,"その他、本治療を受けるために必要となった旅費、交通費などの全 ての費用も同様です。 本治療にかかる費用は、1回分 1,320,000円(税込)です。 同意を撤回された場合など、同意を撤回される時点までに発生した 費用(診察料、検査費、脂肪採取費、輸送費、加工費等)について",line-level strong price context,
C,P00246,F0264,関東,東京都,医療法人社団和み會 東京長寿医学クリニック,医療法人社団和み會 東京長寿医学クリニック,医療法人社団和み會 東京長寿医学クリニック,第二種,多血小板血漿を用いた変形性関節症の治療,PRP,AUTO,1.0,https://saiseiiryo.mhlw.go.jp/published_plan/download/03C2607026/5/0,165000,税込,1回,,,9,,"対応させていただきます。 再生医療事務局 電話番号:03-6263-9200 13.費用について 本治療は保険の適用外であるため、自由診療として提供いたしま す。そのため、本治療を提供するために必要となる費用につきまし てはあなたに全額ご負担いただく必要がございます。治療に必要と なる費用は1回¥165,000円(税込)となります。 なお、細胞の採取後や加工後に同意を撤回された場合など、同意 を撤回される時点までに費用が発生している場合は、発生した費用 についてはあなたにご負担いただきますのでご了承ください。 14.他の治療法の有無、本治療法との比較について 変形性関節症の治療法には保存療法と手術療法の2つの方法があ ります。薬物投与、装具",,
C,P00247,F0265,関東,東京都,医療法人社団啓神会 M再生クリニック,医療法人社団啓神会 M再生クリニック,医療法人社団啓神会 M再生クリニック,第二種,自家脂肪由来幹細胞（ASC）を用いた変形性関節症治療,脂肪由来ASC,QC,1.0,https://saiseiiryo.mhlw.go.jp/published_plan/download/02C2408102/5/0,,,,,,,,,no price found after text/OCR pass,Document fetched but no price candidate
C,P00248,F0268,関東,東京都,医療法人社団山本医院 セルフォース ワン クリニック トウキョウ,医療法人社団山本医院 セルフォース ワン クリニック トウキョウ,医療法人社団山本医院 セルフォース ワン クリニック トウキョウ,第二種,自己脂肪由来幹細胞を用いた変形性関節症の治療,脂肪由来幹細胞,AUTO,1.0,https://saiseiiryo.mhlw.go.jp/published_plan/download/01C2507010/5/0,300000,不明,,,,8,6,"・キャンセルポリシー 脂肪採取予約確定後のキャンセル 100,000円 脂肪採取当日採取前 300,000円 脂肪採取後 総治療費全額 12)健康被害と補償について",line-level medium price context,
C,P00249,F0269,関東,東京都,医療法人社団平成会 たいら整形外科クリニック,医療法人社団平成会 たいら整形外科クリニック,医療法人社団平成会 たいら整形外科クリニック,第二種,自家多血小板血漿（PRP）を用いた慢性関節炎の治療（関節内組織）,PRP,AUTO,0.9838,https://saiseiiryo.mhlw.go.jp/published_plan/download/01C2210027/5/0,20000,税込,2 回分,,,9,,"かかる費用、PRP 調製費用、注入にかかる費 用の総額となります。左右両側に投与する場合は、2 回分です。 PRP 1 回(1 部位) 50,000 円(税込) PRP 2 回分(2 部位同時) 90,000 円(税込) 学生割引 -20,000 円(税込) 11. 試料等の保存及び廃棄の方法 患者様から採取した血液と作製したPRP は、患者様ご自身の治療のみ に使用します。ただし、症例検討や学会発表を目的として、血液やPRP の測定を行い、データを取得することがあります。 血液およびPRP は微量で全量を使用するため、保管はしません。治療 に用いない血液またはPRP",,
C,P00249,F0269,関東,東京都,医療法人社団平成会 たいら整形外科クリニック,医療法人社団平成会 たいら整形外科クリニック,医療法人社団平成会 たいら整形外科クリニック,第二種,自家多血小板血漿（PRP）を用いた慢性関節炎の治療（関節内組織）,PRP,AUTO,0.9838,https://saiseiiryo.mhlw.go.jp/published_plan/download/01C2210027/5/0,50000,税込,2 回分,,,9,,"とはできませ ん。 6 (2) 本治療にかかる費用は、以下のとおりです。なお、費用は、治療に伴う診 査、PRP 調製のための採血にかかる費用、PRP 調製費用、注入にかかる費 用の総額となります。左右両側に投与する場合は、2 回分です。 PRP 1 回(1 部位) 50,000 円(税込) PRP 2 回分(2 部位同時) 90,000 円(税込) 学生割引 -20,000 円(税込) 11. 試料等の保存及び廃棄の方法 患者様から採取した血液と作製したPRP は、患者様ご自身の治療のみ に使用します。ただし、症例検討や学会発表を目的として、血液やPRP の測",,
C,P00249,F0269,関東,東京都,医療法人社団平成会 たいら整形外科クリニック,医療法人社団平成会 たいら整形外科クリニック,医療法人社団平成会 たいら整形外科クリニック,第二種,自家多血小板血漿（PRP）を用いた慢性関節炎の治療（関節内組織）,PRP,AUTO,0.9838,https://saiseiiryo.mhlw.go.jp/published_plan/download/01C2210027/5/0,90000,税込,2 回分,,,9,,"りです。なお、費用は、治療に伴う診 査、PRP 調製のための採血にかかる費用、PRP 調製費用、注入にかかる費 用の総額となります。左右両側に投与する場合は、2 回分です。 PRP 1 回(1 部位) 50,000 円(税込) PRP 2 回分(2 部位同時) 90,000 円(税込) 学生割引 -20,000 円(税込) 11. 試料等の保存及び廃棄の方法 患者様から採取した血液と作製したPRP は、患者様ご自身の治療のみ に使用します。ただし、症例検討や学会発表を目的として、血液やPRP の測定を行い、データを取得することがあります。 血液およびPRP は微量で全",,
C,P00250,F0270,関東,東京都,医療法人社団幸神会 下北沢DOクリニック,医療法人社団幸神会 下北沢DOクリニック,医療法人社団幸神会 下北沢DOクリニック,第二種,変形性関節症に対する多血小板血漿（PRP）関節内投与療法,PRP,AUTO,1.0,https://saiseiiryo.mhlw.go.jp/published_plan/download/01C2407031/5/0,55000,税込,,ACP|APS|GPS,Arthrex|Zimmer Biomet,8,,"窓口部署:医療事務 連絡先:090-4896-8903 14.費用について 細胞の提供に際して費用は発生しません。 治療の提供に際しては、本治療は公的保険の対象ではありませんので、当院所定の施術料として以下の 金額をお支払いいただきます(税込)。 1ACP ダブルシリンジ:55,000円 2GPS®IIIシステム+APSキット:400,000円 ※患者様の症状、その他の事情等により治療費が変動する場合があります。 なお、細胞の採取後や加工後に同意を撤回された場合など、同意を撤回される時点までに費用が発生し ている場合は、発生した費用については患者様にご負担いただきますのでご了承ください。 15.他の治療",,
C,P00250,F0270,関東,東京都,医療法人社団幸神会 下北沢DOクリニック,医療法人社団幸神会 下北沢DOクリニック,医療法人社団幸神会 下北沢DOクリニック,第二種,変形性関節症に対する多血小板血漿（PRP）関節内投与療法,PRP,AUTO,1.0,https://saiseiiryo.mhlw.go.jp/published_plan/download/01C2407031/5/0,400000,税込,,ACP|APS|GPS,Arthrex|Zimmer Biomet,8,,"903 14.費用について 細胞の提供に際して費用は発生しません。 治療の提供に際しては、本治療は公的保険の対象ではありませんので、当院所定の施術料として以下の 金額をお支払いいただきます(税込)。 1ACP ダブルシリンジ:55,000円 2GPS®IIIシステム+APSキット:400,000円 ※患者様の症状、その他の事情等により治療費が変動する場合があります。 なお、細胞の採取後や加工後に同意を撤回された場合など、同意を撤回される時点までに費用が発生し ている場合は、発生した費用については患者様にご負担いただきますのでご了承ください。 15.他の治療法の有無、本治療法との比較について 変形性関節症をはじめと",,
C,P00252,F0276,関東,東京都,医療法人社団慶優会 増本整形外科クリニック,医療法人社団慶優会 増本整形外科クリニック,医療法人社団慶優会 増本整形外科クリニック,第二種,多血小板血漿抽出液による関節症治療,PRP/APS,AUTO,1.0,https://saiseiiryo.mhlw.go.jp/published_plan/download/03C2405009/5/0,100000,不明,,APS|GPS|Zimmer,Zimmer Biomet,7,,"者(院長)へと報告して対応させていただきます。 窓口部署:事務 連絡先:03−5335−5144 12.費用について この治療は公的保険の対象ではありませんので、当院所定の施術料をお支払いいただきます。 ・ZIMMER BIOMET 製 GPS®IIIシステム使用 100,000円 (APSキットを使用せず、作製したPRPをそのまま使用する場合) GPS®IIIシステム、APSキット使用 300,000円 (APSキットを使用してさらに抽出を行い純度を高めて使用する場合) ※患者様の症状、その他の事情等により治療費が変動する場合があります。 なお、細胞の採取後や加工後",,
C,P00252,F0276,関東,東京都,医療法人社団慶優会 増本整形外科クリニック,医療法人社団慶優会 増本整形外科クリニック,医療法人社団慶優会 増本整形外科クリニック,第二種,多血小板血漿抽出液による関節症治療,PRP/APS,AUTO,1.0,https://saiseiiryo.mhlw.go.jp/published_plan/download/03C2405009/5/0,300000,不明,,APS|GPS|Zimmer,Zimmer Biomet,7,,"んので、当院所定の施術料をお支払いいただきます。 ・ZIMMER BIOMET 製 GPS®IIIシステム使用 100,000円 (APSキットを使用せず、作製したPRPをそのまま使用する場合) GPS®IIIシステム、APSキット使用 300,000円 (APSキットを使用してさらに抽出を行い純度を高めて使用する場合) ※患者様の症状、その他の事情等により治療費が変動する場合があります。 なお、細胞の採取後や加工後に同意を撤回された場合など、同意を撤回される時点までに費用が発生し ている場合は、発生した費用については患者様にご負担いただきますのでご了承ください。 13.",,
C,P00253,F0280,関東,東京都,医療法人社団慶晃会 世田谷玉川整形外科内科クリニック,医療法人社団慶晃会 世田谷玉川整形外科内科クリニック,医療法人社団慶晃会 世田谷玉川整形外科内科クリニック,第二種,自家滑膜幹細胞注射による変形性膝関節症治療,滑膜幹細胞,AUTO,1.0,https://saiseiiryo.mhlw.go.jp/published_plan/download/02C2509056/5/0,2750000,税込,,,,8,7,"1,000,000 円(税込) 培養を開始後、投与まで 2,750,000 円(税込) 2,450,000 円(税込)  治療費用は全額前払いですので、キャンセル等の際にはご負担額を差し引いて返金いたします。",line-level medium price context,
C,P00254,F0280,関東,東京都,医療法人社団慶晃会 世田谷玉川整形外科内科クリニック,医療法人社団慶晃会 世田谷玉川整形外科内科クリニック,医療法人社団慶晃会 世田谷玉川整形外科内科クリニック,第二種,多血小板血漿（PRP）を用いた変形性関節症治療,PRP,AUTO,0.952,https://saiseiiryo.mhlw.go.jp/published_plan/download/02C2510019/5/0,50000,税込,,ACP|APS|GPS|PEAK,Arthrex|Zimmer Biomet|PEAK系,8,,"など、他人を特定できる内容が使われるこ とはありません。 治療にかかる費用について この治療は公的保険の対象外で、当院の所定の施術料をお支払いいただきます。 採血量 投与量 治療費用(税込) ACP 15ml 3~5ml 50,000円 GPSIII Mini 26ml 3ml 120,000円 Standard 52ml 6ml APS 55ml 2.5ml 300,000円 PEAK Mini 27ml 3ml 120,000円 Standard 54ml 6ml 投与回数や患部の症状などにより費用は変動する場合がご",,
C,P00254,F0280,関東,東京都,医療法人社団慶晃会 世田谷玉川整形外科内科クリニック,医療法人社団慶晃会 世田谷玉川整形外科内科クリニック,医療法人社団慶晃会 世田谷玉川整形外科内科クリニック,第二種,多血小板血漿（PRP）を用いた変形性関節症治療,PRP,AUTO,0.952,https://saiseiiryo.mhlw.go.jp/published_plan/download/02C2510019/5/0,120000,税込,,ACP|APS|GPS|PEAK,Arthrex|Zimmer Biomet|PEAK系,8,,"治療にかかる費用について この治療は公的保険の対象外で、当院の所定の施術料をお支払いいただきます。 採血量 投与量 治療費用(税込) ACP 15ml 3~5ml 50,000円 GPSIII Mini 26ml 3ml 120,000円 Standard 52ml 6ml APS 55ml 2.5ml 300,000円 PEAK Mini 27ml 3ml 120,000円 Standard 54ml 6ml 投与回数や患部の症状などにより費用は変動する場合がございます。 詳細やご不明な点はスタッフにお尋ねください。 施術後、",,
C,P00254,F0280,関東,東京都,医療法人社団慶晃会 世田谷玉川整形外科内科クリニック,医療法人社団慶晃会 世田谷玉川整形外科内科クリニック,医療法人社団慶晃会 世田谷玉川整形外科内科クリニック,第二種,多血小板血漿（PRP）を用いた変形性関節症治療,PRP,AUTO,0.952,https://saiseiiryo.mhlw.go.jp/published_plan/download/02C2510019/5/0,300000,税込,,ACP|APS|GPS|PEAK,Arthrex|Zimmer Biomet|PEAK系,8,,"象外で、当院の所定の施術料をお支払いいただきます。 採血量 投与量 治療費用(税込) ACP 15ml 3~5ml 50,000円 GPSIII Mini 26ml 3ml 120,000円 Standard 52ml 6ml APS 55ml 2.5ml 300,000円 PEAK Mini 27ml 3ml 120,000円 Standard 54ml 6ml 投与回数や患部の症状などにより費用は変動する場合がございます。 詳細やご不明な点はスタッフにお尋ねください。 施術後、患者様の個人的な事情及び金銭等に関する問題に関しては一切の責を負いかねますのでご 了承ください。",,
C,P00255,F0281,関東,東京都,医療法人社団慶永会 徳永整形外科,医療法人社団慶永会 徳永整形外科,医療法人社団慶永会 徳永整形外科,第二種,変形性関節症および関節腔の傷害を対象とした自家多血小板血漿（PRP）注入療法,PRP,QC,1.0,https://saiseiiryo.mhlw.go.jp/published_plan/download/01C2206030/5/0,,,,,,,,,no price found after text/OCR pass,RuntimeError: Tesseract process timeout
C,P00256,F0298,関東,東京都,医療法人社団活寿会 東京ひざ関節症クリニック銀座院,医療法人社団活寿会 東京ひざ関節症クリニック銀座院,医療法人社団活寿会 東京ひざ関節症クリニック銀座院,第二種,多血小板血漿（PRP）の投与による変形性関節症治療,PRP,AUTO,1.0,https://saiseiiryo.mhlw.go.jp/published_plan/download/03C2510028/5/0,220000,税込,,,,8,,"一切不利益を受けません。 ただし本治療をとりやめた際、すでに血液採取及び遠心分離に関わる費用が発生していた場 合、その費用はお支払いいただきます。 ・血液採取を行うキット開封前に治療を取りやめた場合、費用のお支払いはございません。 ・血液採取を行うキット開封後に治療を取りやめた場合、キット代220,000 円(税込)をお 第2 種 多血小板血漿(PRP)の投与による変形性関節症治療の説明文・同意文書 7 支払いいただきます。 また治療を行った後は、健康管理のために、必要に応じて適切な検査を受けていただきます。 医学的に問題がないか確認します。 14. 個人情報保護について 「個人情報の保護に関する法律」に基づき",,
C,P00256,F0298,関東,東京都,医療法人社団活寿会 東京ひざ関節症クリニック銀座院,医療法人社団活寿会 東京ひざ関節症クリニック銀座院,医療法人社団活寿会 東京ひざ関節症クリニック銀座院,第二種,多血小板血漿（PRP）の投与による変形性関節症治療,PRP,AUTO,1.0,https://saiseiiryo.mhlw.go.jp/published_plan/download/03C2510028/5/0,440000,税込,1 回,APS,Zimmer Biomet,8,,"質管理された安全性の高いもの だが、アレルギー反応などの可能性 を完全には否定できない 11. 治療にかかる費用について この治療は公的保険の対象ではありませんので、当クリニックの所定の施術料をお支払いい ただきます。 ・濃縮PRP を用いた治療(APS キット使用)における施術料 440,000 円(税込) ご不明な点は医師・スタッフにお尋ねください。なお1 回の施術あたりの費用は、患部の状 態を確認した医師の判断、PRP の遠心回数等により変更となる場合がございます。 12. その他治療についての注意事項 患者さまの体調が良くない場合や、採取した血液の状態によっては、",,
C,P00257,F0299,関東,東京都,医療法人社団熊野前医院 たいら整形外科,医療法人社団熊野前医院 たいら整形外科,医療法人社団熊野前医院 たいら整形外科,第二種,自家多血小板血漿（PRP）を用いた変形性関節症および関節腔内の治療,PRP,QC,1.0,https://saiseiiryo.mhlw.go.jp/published_plan/download/01C2503037/5/0,,,,,,,,,no price found after text/OCR pass,RuntimeError: Tesseract process timeout
C,P00258,F0300,関東,東京都,医療法人社団珠光会 HASUMI免疫クリニック,医療法人社団珠光会 HASUMI免疫クリニック,医療法人社団珠光会 HASUMI免疫クリニック,第二種,慢性筋骨格系疼痛の緩和を目的とした自己脂肪由来間葉系幹細胞治療（動脈投与）,脂肪由来MSC,QC,1.0,https://saiseiiryo.mhlw.go.jp/published_plan/download/02C2508036/5/0,15400,不明,,,,7,9,"1.外来初診料 [11,000 円] 問診(痛みの評価等および医師とのカウンセリング)の料金が含まれています。 2. 事前検査の料金 [15,400 円] 感染症の検査※・血液検査(生化学/血球数算定検査)・心電図・CAVI 検査などの料金が含まれています。 (※HIV 抗原・抗体同時定性、HCV 抗体/CLEIA、HBs 抗原/CLIA、HBe 抗原/CLIA、HTLV1 抗体",price candidates remain ambiguous,
C,P00258,F0300,関東,東京都,医療法人社団珠光会 HASUMI免疫クリニック,医療法人社団珠光会 HASUMI免疫クリニック,医療法人社団珠光会 HASUMI免疫クリニック,第二種,慢性筋骨格系疼痛の緩和を目的とした自己脂肪由来間葉系幹細胞治療（動脈投与）,脂肪由来MSC,QC,1.0,https://saiseiiryo.mhlw.go.jp/published_plan/download/02C2508036/5/0,29700,不明,,,,6,10,"処置費用(装置の使用料を含む) エコー下による投与 29,700 円 CT 下による投与 104,700 円",price candidates remain ambiguous,
C,P00258,F0300,関東,東京都,医療法人社団珠光会 HASUMI免疫クリニック,医療法人社団珠光会 HASUMI免疫クリニック,医療法人社団珠光会 HASUMI免疫クリニック,第二種,慢性筋骨格系疼痛の緩和を目的とした自己脂肪由来間葉系幹細胞治療（動脈投与）,脂肪由来MSC,QC,1.0,https://saiseiiryo.mhlw.go.jp/published_plan/download/02C2508036/5/0,104700,不明,,,,6,10,"29,700 円 CT 下による投与 104,700 円 6.再診料 [5,500 円/回] フォローアップの血液検査(生化学/血球数算定検査)を行う費用(2,750 円)については別途必要です。",price candidates remain ambiguous,
C,P00258,F0300,関東,東京都,医療法人社団珠光会 HASUMI免疫クリニック,医療法人社団珠光会 HASUMI免疫クリニック,医療法人社団珠光会 HASUMI免疫クリニック,第二種,慢性筋骨格系疼痛の緩和を目的とした自己脂肪由来間葉系幹細胞治療（動脈投与）,脂肪由来MSC,QC,1.0,https://saiseiiryo.mhlw.go.jp/published_plan/download/02C2508036/5/0,770000,不明,2回,,,5,9,"幹細胞培養治療費 (解凍培養・2回目) 770,000 円 1,650,000 円 2,640,000 円",price candidates remain ambiguous,
C,P00258,F0300,関東,東京都,医療法人社団珠光会 HASUMI免疫クリニック,医療法人社団珠光会 HASUMI免疫クリニック,医療法人社団珠光会 HASUMI免疫クリニック,第二種,慢性筋骨格系疼痛の緩和を目的とした自己脂肪由来間葉系幹細胞治療（動脈投与）,脂肪由来MSC,QC,1.0,https://saiseiiryo.mhlw.go.jp/published_plan/download/02C2508036/5/0,880000,不明,,,,5,9,"幹細胞培養治療費 (初代培養・初回) 880,000 円 2,200,000 円 3,300,000 円",price candidates remain ambiguous,
C,P00258,F0300,関東,東京都,医療法人社団珠光会 HASUMI免疫クリニック,医療法人社団珠光会 HASUMI免疫クリニック,医療法人社団珠光会 HASUMI免疫クリニック,第二種,慢性筋骨格系疼痛の緩和を目的とした自己脂肪由来間葉系幹細胞治療（動脈投与）,脂肪由来MSC,QC,1.0,https://saiseiiryo.mhlw.go.jp/published_plan/download/02C2508036/5/0,3300000,不明,,,,5,9,"880,000 円 2,200,000 円 3,300,000 円 4,400,000 円 幹細胞培養治療費",price candidates remain ambiguous,
C,P00258,F0300,関東,東京都,医療法人社団珠光会 HASUMI免疫クリニック,医療法人社団珠光会 HASUMI免疫クリニック,医療法人社団珠光会 HASUMI免疫クリニック,第二種,慢性筋骨格系疼痛の緩和を目的とした自己脂肪由来間葉系幹細胞治療（動脈投与）,脂肪由来MSC,QC,1.0,https://saiseiiryo.mhlw.go.jp/published_plan/download/02C2508036/5/0,4400000,不明,2回,,,5,9,"2,200,000 円 3,300,000 円 4,400,000 円 幹細胞培養治療費 (解凍培養・2回目)",price candidates remain ambiguous,
C,P00258,F0300,関東,東京都,医療法人社団珠光会 HASUMI免疫クリニック,医療法人社団珠光会 HASUMI免疫クリニック,医療法人社団珠光会 HASUMI免疫クリニック,第二種,慢性筋骨格系疼痛の緩和を目的とした自己脂肪由来間葉系幹細胞治療（動脈投与）,脂肪由来MSC,QC,1.0,https://saiseiiryo.mhlw.go.jp/published_plan/download/02C2508036/5/0,38500,不明,,,,3,9,"0 円 投与予定日の2営業日前より当日 38,500 円",price candidates remain ambiguous,
C,P00258,F0300,関東,東京都,医療法人社団珠光会 HASUMI免疫クリニック,医療法人社団珠光会 HASUMI免疫クリニック,医療法人社団珠光会 HASUMI免疫クリニック,第二種,慢性筋骨格系疼痛の緩和を目的とした自己脂肪由来間葉系幹細胞治療（動脈投与）,脂肪由来MSC,QC,1.0,https://saiseiiryo.mhlw.go.jp/published_plan/download/02C2508036/5/0,2750,不明,,,,0,10,"104,700 円 6.再診料 [5,500 円/回] フォローアップの血液検査(生化学/血球数算定検査)を行う費用(2,750 円)については別途必要です。 また、必要に応じて血液検査の他に検査項目が追加されることがあります。 細胞投与後は、投与後およそ1・3・6・12 か月にご来院いただきますよう、お願い申し上げます。",price candidates remain ambiguous,
C,P00258,F0300,関東,東京都,医療法人社団珠光会 HASUMI免疫クリニック,医療法人社団珠光会 HASUMI免疫クリニック,医療法人社団珠光会 HASUMI免疫クリニック,第二種,慢性筋骨格系疼痛の緩和を目的とした自己脂肪由来間葉系幹細胞治療（動脈投与）,脂肪由来MSC,QC,1.0,https://saiseiiryo.mhlw.go.jp/published_plan/download/02C2508036/5/0,1650000,不明,2回,,,0,9,"(解凍培養・2回目) 770,000 円 1,650,000 円 2,640,000 円 3,520,000 円",price candidates remain ambiguous,
C,P00258,F0300,関東,東京都,医療法人社団珠光会 HASUMI免疫クリニック,医療法人社団珠光会 HASUMI免疫クリニック,医療法人社団珠光会 HASUMI免疫クリニック,第二種,慢性筋骨格系疼痛の緩和を目的とした自己脂肪由来間葉系幹細胞治療（動脈投与）,脂肪由来MSC,QC,1.0,https://saiseiiryo.mhlw.go.jp/published_plan/download/02C2508036/5/0,2200000,不明,,,,0,9,"(初代培養・初回) 880,000 円 2,200,000 円 3,300,000 円 4,400,000 円",price candidates remain ambiguous,
C,P00258,F0300,関東,東京都,医療法人社団珠光会 HASUMI免疫クリニック,医療法人社団珠光会 HASUMI免疫クリニック,医療法人社団珠光会 HASUMI免疫クリニック,第二種,慢性筋骨格系疼痛の緩和を目的とした自己脂肪由来間葉系幹細胞治療（動脈投与）,脂肪由来MSC,QC,1.0,https://saiseiiryo.mhlw.go.jp/published_plan/download/02C2508036/5/0,2640000,不明,,,,0,9,"770,000 円 1,650,000 円 2,640,000 円 3,520,000 円 4.キャンセル料/変更料",price candidates remain ambiguous,
C,P00258,F0300,関東,東京都,医療法人社団珠光会 HASUMI免疫クリニック,医療法人社団珠光会 HASUMI免疫クリニック,医療法人社団珠光会 HASUMI免疫クリニック,第二種,慢性筋骨格系疼痛の緩和を目的とした自己脂肪由来間葉系幹細胞治療（動脈投与）,脂肪由来MSC,QC,1.0,https://saiseiiryo.mhlw.go.jp/published_plan/download/02C2508036/5/0,3520000,不明,,,,0,9,"1,650,000 円 2,640,000 円 3,520,000 円 4.キャンセル料/変更料 キャンセルや日程変更がある場合には下記のキャンセル料/変更料がかかります。",price candidates remain ambiguous,
C,P00258,F0300,関東,東京都,医療法人社団珠光会 HASUMI免疫クリニック,医療法人社団珠光会 HASUMI免疫クリニック,医療法人社団珠光会 HASUMI免疫クリニック,第二種,慢性筋骨格系疼痛の緩和を目的とした自己脂肪由来間葉系幹細胞治療（動脈投与）,脂肪由来MSC,QC,1.0,https://saiseiiryo.mhlw.go.jp/published_plan/download/02C2508036/5/0,5500,不明,,,,-4,10,"CT 下による投与 104,700 円 6.再診料 [5,500 円/回] フォローアップの血液検査(生化学/血球数算定検査)を行う費用(2,750 円)については別途必要です。 また、必要に応じて血液検査の他に検査項目が追加されることがあります。",price candidates remain ambiguous,
C,P00258,F0300,関東,東京都,医療法人社団珠光会 HASUMI免疫クリニック,医療法人社団珠光会 HASUMI免疫クリニック,医療法人社団珠光会 HASUMI免疫クリニック,第二種,慢性筋骨格系疼痛の緩和を目的とした自己脂肪由来間葉系幹細胞治療（動脈投与）,脂肪由来MSC,QC,1.0,https://saiseiiryo.mhlw.go.jp/published_plan/download/02C2508036/5/0,11000,税込,,,,-6,9,"9 治療料金表 (税込) 1.外来初診料 [11,000 円] 問診(痛みの評価等および医師とのカウンセリング)の料金が含まれています。 2. 事前検査の料金 [15,400 円]",price candidates remain ambiguous,
C,P00259,F0300,関東,東京都,医療法人社団珠光会 HASUMI免疫クリニック,医療法人社団珠光会 HASUMI免疫クリニック,医療法人社団珠光会 HASUMI免疫クリニック,第二種,慢性筋骨格系疼痛の緩和を目的とした自己脂肪由来間葉系幹細胞治療（局所投与）,脂肪由来MSC,QC,1.0,https://saiseiiryo.mhlw.go.jp/published_plan/download/02C2508058/5/0,15400,不明,,,,7,9,"1.外来初診料 [11,000 円] 問診(痛みの評価等および医師とのカウンセリング)の料金が含まれています。 2. 事前検査の料金 [15,400 円] 感染症の検査※・血液検査(生化学/血球数算定検査)・心電図・CAVI 検査などの料金が含まれています。 (※HIV 抗原・抗体同時定性、HCV 抗体/CLEIA、HBs 抗原/CLIA、HBe 抗原/CLIA、HTLV1 抗体",price candidates remain ambiguous,
C,P00259,F0300,関東,東京都,医療法人社団珠光会 HASUMI免疫クリニック,医療法人社団珠光会 HASUMI免疫クリニック,医療法人社団珠光会 HASUMI免疫クリニック,第二種,慢性筋骨格系疼痛の緩和を目的とした自己脂肪由来間葉系幹細胞治療（局所投与）,脂肪由来MSC,QC,1.0,https://saiseiiryo.mhlw.go.jp/published_plan/download/02C2508058/5/0,29700,不明,,,,6,10,"処置費用(装置の使用料を含む) エコー下による投与 29,700 円 CT 下による投与 104,700 円",price candidates remain ambiguous,
C,P00259,F0300,関東,東京都,医療法人社団珠光会 HASUMI免疫クリニック,医療法人社団珠光会 HASUMI免疫クリニック,医療法人社団珠光会 HASUMI免疫クリニック,第二種,慢性筋骨格系疼痛の緩和を目的とした自己脂肪由来間葉系幹細胞治療（局所投与）,脂肪由来MSC,QC,1.0,https://saiseiiryo.mhlw.go.jp/published_plan/download/02C2508058/5/0,104700,不明,,,,6,10,"29,700 円 CT 下による投与 104,700 円 6.再診料 [5,500 円/回] フォローアップの血液検査(生化学/血球数算定検査)を行う費用(2,750 円)については別途必要です。",price candidates remain ambiguous,
C,P00259,F0300,関東,東京都,医療法人社団珠光会 HASUMI免疫クリニック,医療法人社団珠光会 HASUMI免疫クリニック,医療法人社団珠光会 HASUMI免疫クリニック,第二種,慢性筋骨格系疼痛の緩和を目的とした自己脂肪由来間葉系幹細胞治療（局所投与）,脂肪由来MSC,QC,1.0,https://saiseiiryo.mhlw.go.jp/published_plan/download/02C2508058/5/0,770000,不明,2回,,,5,9,"幹細胞培養治療費 (解凍培養・2回目) 770,000 円 1,650,000 円 2,640,000 円",price candidates remain ambiguous,
C,P00259,F0300,関東,東京都,医療法人社団珠光会 HASUMI免疫クリニック,医療法人社団珠光会 HASUMI免疫クリニック,医療法人社団珠光会 HASUMI免疫クリニック,第二種,慢性筋骨格系疼痛の緩和を目的とした自己脂肪由来間葉系幹細胞治療（局所投与）,脂肪由来MSC,QC,1.0,https://saiseiiryo.mhlw.go.jp/published_plan/download/02C2508058/5/0,880000,不明,,,,5,9,"幹細胞培養治療費 (初代培養・初回) 880,000 円 2,200,000 円 3,300,000 円",price candidates remain ambiguous,
C,P00259,F0300,関東,東京都,医療法人社団珠光会 HASUMI免疫クリニック,医療法人社団珠光会 HASUMI免疫クリニック,医療法人社団珠光会 HASUMI免疫クリニック,第二種,慢性筋骨格系疼痛の緩和を目的とした自己脂肪由来間葉系幹細胞治療（局所投与）,脂肪由来MSC,QC,1.0,https://saiseiiryo.mhlw.go.jp/published_plan/download/02C2508058/5/0,3300000,不明,,,,5,9,"880,000 円 2,200,000 円 3,300,000 円 4,400,000 円 幹細胞培養治療費",price candidates remain ambiguous,
C,P00259,F0300,関東,東京都,医療法人社団珠光会 HASUMI免疫クリニック,医療法人社団珠光会 HASUMI免疫クリニック,医療法人社団珠光会 HASUMI免疫クリニック,第二種,慢性筋骨格系疼痛の緩和を目的とした自己脂肪由来間葉系幹細胞治療（局所投与）,脂肪由来MSC,QC,1.0,https://saiseiiryo.mhlw.go.jp/published_plan/download/02C2508058/5/0,4400000,不明,2回,,,5,9,"2,200,000 円 3,300,000 円 4,400,000 円 幹細胞培養治療費 (解凍培養・2回目)",price candidates remain ambiguous,
C,P00259,F0300,関東,東京都,医療法人社団珠光会 HASUMI免疫クリニック,医療法人社団珠光会 HASUMI免疫クリニック,医療法人社団珠光会 HASUMI免疫クリニック,第二種,慢性筋骨格系疼痛の緩和を目的とした自己脂肪由来間葉系幹細胞治療（局所投与）,脂肪由来MSC,QC,1.0,https://saiseiiryo.mhlw.go.jp/published_plan/download/02C2508058/5/0,38500,不明,,,,3,9,"0 円 投与予定日の2営業日前より当日 38,500 円",price candidates remain ambiguous,
C,P00259,F0300,関東,東京都,医療法人社団珠光会 HASUMI免疫クリニック,医療法人社団珠光会 HASUMI免疫クリニック,医療法人社団珠光会 HASUMI免疫クリニック,第二種,慢性筋骨格系疼痛の緩和を目的とした自己脂肪由来間葉系幹細胞治療（局所投与）,脂肪由来MSC,QC,1.0,https://saiseiiryo.mhlw.go.jp/published_plan/download/02C2508058/5/0,2750,不明,,,,0,10,"104,700 円 6.再診料 [5,500 円/回] フォローアップの血液検査(生化学/血球数算定検査)を行う費用(2,750 円)については別途必要です。 また、必要に応じて血液検査の他に検査項目が追加されることがあります。 細胞投与後は、投与後およそ1・3・6・12 か月にご来院いただきますよう、お願い申し上げます。",price candidates remain ambiguous,
C,P00259,F0300,関東,東京都,医療法人社団珠光会 HASUMI免疫クリニック,医療法人社団珠光会 HASUMI免疫クリニック,医療法人社団珠光会 HASUMI免疫クリニック,第二種,慢性筋骨格系疼痛の緩和を目的とした自己脂肪由来間葉系幹細胞治療（局所投与）,脂肪由来MSC,QC,1.0,https://saiseiiryo.mhlw.go.jp/published_plan/download/02C2508058/5/0,1650000,不明,2回,,,0,9,"(解凍培養・2回目) 770,000 円 1,650,000 円 2,640,000 円 3,520,000 円",price candidates remain ambiguous,
C,P00259,F0300,関東,東京都,医療法人社団珠光会 HASUMI免疫クリニック,医療法人社団珠光会 HASUMI免疫クリニック,医療法人社団珠光会 HASUMI免疫クリニック,第二種,慢性筋骨格系疼痛の緩和を目的とした自己脂肪由来間葉系幹細胞治療（局所投与）,脂肪由来MSC,QC,1.0,https://saiseiiryo.mhlw.go.jp/published_plan/download/02C2508058/5/0,2200000,不明,,,,0,9,"(初代培養・初回) 880,000 円 2,200,000 円 3,300,000 円 4,400,000 円",price candidates remain ambiguous,
C,P00259,F0300,関東,東京都,医療法人社団珠光会 HASUMI免疫クリニック,医療法人社団珠光会 HASUMI免疫クリニック,医療法人社団珠光会 HASUMI免疫クリニック,第二種,慢性筋骨格系疼痛の緩和を目的とした自己脂肪由来間葉系幹細胞治療（局所投与）,脂肪由来MSC,QC,1.0,https://saiseiiryo.mhlw.go.jp/published_plan/download/02C2508058/5/0,2640000,不明,,,,0,9,"770,000 円 1,650,000 円 2,640,000 円 3,520,000 円 4.キャンセル料/変更料",price candidates remain ambiguous,
C,P00259,F0300,関東,東京都,医療法人社団珠光会 HASUMI免疫クリニック,医療法人社団珠光会 HASUMI免疫クリニック,医療法人社団珠光会 HASUMI免疫クリニック,第二種,慢性筋骨格系疼痛の緩和を目的とした自己脂肪由来間葉系幹細胞治療（局所投与）,脂肪由来MSC,QC,1.0,https://saiseiiryo.mhlw.go.jp/published_plan/download/02C2508058/5/0,3520000,不明,,,,0,9,"1,650,000 円 2,640,000 円 3,520,000 円 4.キャンセル料/変更料 キャンセルや日程変更がある場合には下記のキャンセル料/変更料がかかります。",price candidates remain ambiguous,
C,P00259,F0300,関東,東京都,医療法人社団珠光会 HASUMI免疫クリニック,医療法人社団珠光会 HASUMI免疫クリニック,医療法人社団珠光会 HASUMI免疫クリニック,第二種,慢性筋骨格系疼痛の緩和を目的とした自己脂肪由来間葉系幹細胞治療（局所投与）,脂肪由来MSC,QC,1.0,https://saiseiiryo.mhlw.go.jp/published_plan/download/02C2508058/5/0,5500,不明,,,,-4,10,"CT 下による投与 104,700 円 6.再診料 [5,500 円/回] フォローアップの血液検査(生化学/血球数算定検査)を行う費用(2,750 円)については別途必要です。 また、必要に応じて血液検査の他に検査項目が追加されることがあります。",price candidates remain ambiguous,
C,P00259,F0300,関東,東京都,医療法人社団珠光会 HASUMI免疫クリニック,医療法人社団珠光会 HASUMI免疫クリニック,医療法人社団珠光会 HASUMI免疫クリニック,第二種,慢性筋骨格系疼痛の緩和を目的とした自己脂肪由来間葉系幹細胞治療（局所投与）,脂肪由来MSC,QC,1.0,https://saiseiiryo.mhlw.go.jp/published_plan/download/02C2508058/5/0,11000,税込,,,,-6,9,"9 治療料金表 (税込) 1.外来初診料 [11,000 円] 問診(痛みの評価等および医師とのカウンセリング)の料金が含まれています。 2. 事前検査の料金 [15,400 円]",price candidates remain ambiguous,
C,P00260,F0310,関東,東京都,医療法人美喜有会 リペアセルクリニック 東京院,医療法人美喜有会 リペアセルクリニック 東京院,医療法人美喜有会 リペアセルクリニック 東京院,第二種,自己脂肪由来幹細胞を用いた変形性関節症の治療,脂肪由来幹細胞,AUTO,1.0,https://saiseiiryo.mhlw.go.jp/published_plan/download/02C2604060/5/0,1320000,税込,1回,,,9,,"管理 者(院長)へと報告し対応します。 再生医療事務局 電話番号:03-5473-3030 13.費用について 本治療は保険適用外であるため、治療にかかる費用全額をお支払い いただきます。その他、本治療を受けるために必要となった旅費、 交通費などの全ての費用も同様です。 本治療にかかる費用は1回 1,320,000円(税込)です。 同意を撤回された場合など、同意を撤回される時点までに発生した 費用(治療費等)については、ご負担いただきますのでご了承くだ さい。 14.他の治療法の有無、本治療法との比較について 変形性関節症の治療法には保存療法と手術療法の2つの方法があり ます。薬物投与、装具装着、リハビリテーションなどの保存療法で 効果がない場合は、",,
C,P00261,F0310,関東,東京都,医療法人美喜有会 リペアセルクリニック 東京院,医療法人美喜有会 リペアセルクリニック 東京院,医療法人美喜有会 リペアセルクリニック 東京院,第二種,自己脂肪由来幹細胞と自己前骨分化誘導培養上清液を用いた変形性関節症の治療,脂肪由来幹細胞,AUTO,1.0,https://saiseiiryo.mhlw.go.jp/published_plan/download/02C2604065/5/0,1870000,税込,1回,,,9,,"理者 (院長)へと報告し対応します。 再生医療事務局 電話番号:03-5473-3030 13.費用について 本治療は保険適用外であるため、治療にかかる費用全額をお支払い いただきます。 その他、本治療を受けるために必要となった旅費、交通費などの全 ての費用も同様です。 本治療にかかる費用は1回 1,870,000円(税込)です。 同意を撤回された場合など、同意を撤回される時点までに発生した 費用(治療費等)については、ご負担いただきますのでご了承くだ さい。 14.他の治療法の有無、本治療法との比較について 変形性関節症の治療法には保存療法と手術療法の2つの方法があり ます。 薬物投与、装具装着、リハビリテーションなどの保存療法で効果が ない場合は",,
C,P00262,F0310,関東,東京都,医療法人美喜有会 リペアセルクリニック 東京院,医療法人美喜有会 リペアセルクリニック 東京院,医療法人美喜有会 リペアセルクリニック 東京院,第二種,自家多血小板血漿を用いた変形性関節症の治療,PRP,AUTO,1.0,https://saiseiiryo.mhlw.go.jp/published_plan/download/02C2604067/5/0,165000,税込,1回,,,9,,"管理 者(院長)へと報告し対応します。 再生医療事務局 電話番号:03-5473-3030 13.費用について 本治療は保険適用外であるため、治療にかかる費用全額をお支払い いただきます。その他、本治療を受けるために必要となった旅費、 交通費などの全ての費用も同様です。 治療に必要となる費用は1回 165,000円(税込)です。 同意を撤回された場合など、同意を撤回される時点までに発生した 費用(治療費等)については、ご負担いただきますのでご了承くだ さい。 14.他の治療法の有無、本治療法との比較について 変形性関節症の治療法には保存療法と手術療法の2つの方法があり ます。薬物投与、装具装着、リハビリテーションなどの保存療法で 効果がない場合は",,
C,P00263,F0277,関東,東京都,慶愛クリニック,慶愛クリニック,慶愛クリニック,第二種,自家脂肪組織由来幹細胞（ASC）の投与による関節治療,脂肪由来ASC,AUTO,1.0,https://saiseiiryo.mhlw.go.jp/published_plan/download/01C2408012/5/0,1100000,税込,1 回,,,8,,"料をお支払いいただきま す。治療にかかる費用につきましては以下の表をご参照ください(治療部位による費用の違 いはございません)。ご不明な点は医師・スタッフにお尋ねください。なお1 回の施術あたり の費用は、患部の状態を確認した医師の判断等により変更となる場合がございます。 初回価格 1 関節 1,100,000 円(税込) 自家脂肪組織由来幹細胞(ASC)の投与による関節治療に対する説明書・同意書 7 初回投与で使用されなかった自家ASC は、当院の液体窒素保存容器の中で、適切な管理の もと凍結保管されます。投与可能な量の自家ASC が残っている場合、患者さまのご希望に より、以下の施術料にて2 回目以降の投与が可能です。保管される",,
C,P00263,F0277,関東,東京都,慶愛クリニック,慶愛クリニック,慶愛クリニック,第二種,自家脂肪組織由来幹細胞（ASC）の投与による関節治療,脂肪由来ASC,AUTO,1.0,https://saiseiiryo.mhlw.go.jp/published_plan/download/01C2408012/5/0,44000,税込,2回,,,6,,"れる自家ASC 量は、培養時 の細胞の状態や投与量により異なりますので、詳細は医師・スタッフにお尋ねください。 2回目の価格 1 関節 110,000 円(税込) 脂肪組織を採取してから1 年以上を経過した後も自家ASC の保管を行う場合は、1 年間延 長するごとに保管費用として別途44,000 円(税込)ご負担いただきます。保管期限は最長 3 年間です。 12. 治療を受けることを拒否することについて この治療を受けるか拒否するかは、ご自身の自由な意思でお決めください。説明を受けた後 に同意されない場合でも、不利益を受けることは一切ありません。また同様に、治療を受け ることに同意した場合であっても、投与までの間でしたら",,
C,P00263,F0277,関東,東京都,慶愛クリニック,慶愛クリニック,慶愛クリニック,第二種,自家脂肪組織由来幹細胞（ASC）の投与による関節治療,脂肪由来ASC,AUTO,1.0,https://saiseiiryo.mhlw.go.jp/published_plan/download/01C2408012/5/0,110000,税込,2 回,,,6,,"な管理の もと凍結保管されます。投与可能な量の自家ASC が残っている場合、患者さまのご希望に より、以下の施術料にて2 回目以降の投与が可能です。保管される自家ASC 量は、培養時 の細胞の状態や投与量により異なりますので、詳細は医師・スタッフにお尋ねください。 2回目の価格 1 関節 110,000 円(税込) 脂肪組織を採取してから1 年以上を経過した後も自家ASC の保管を行う場合は、1 年間延 長するごとに保管費用として別途44,000 円(税込)ご負担いただきます。保管期限は最長 3 年間です。 12. 治療を受けることを拒否することについて この治療を受けるか拒否するかは、ご自身の自由な意思でお決めください。",,
C,P00264,F0278,関東,東京都,慶應義塾大学病院,慶應義塾大学病院,慶應義塾大学病院,第二種,自己多血小板血漿（PRP）を用いた関節内組織損傷に対する治療,PRP,AUTO,1.0,https://saiseiiryo.mhlw.go.jp/published_plan/download/02C2605038/5/0,270000,税別,1回,,,9,,"かる費用、PRP 調製費用、注入にか かる費用、注入に対する痛み止め2日分の総額です。また、一度の治療で左右両 第1.4 版 2025 年9 月10 日作成 9 側に投与する場合は、下記の1回分の2倍(2回分)の費用がかかります。 ! 白血球をほとんど含まないPRP 治療1回(1 部位) 270,000 円(税抜) ! 白血球を含むPRP 治療1回(1 部位) 120,000 円(税抜) (3) 採血後やPRP 調製後に本治療への同意を撤回され、治療を中止する場合は、それ までにかかった費用(採血後からPRP 調製前までの同意撤回:診査料+採血料、 PRP 調製後の同意撤回:診査料+採血料+PRP 調製料)として、以下のキ",,
C,P00264,F0278,関東,東京都,慶應義塾大学病院,慶應義塾大学病院,慶應義塾大学病院,第二種,自己多血小板血漿（PRP）を用いた関節内組織損傷に対する治療,PRP,AUTO,1.0,https://saiseiiryo.mhlw.go.jp/published_plan/download/02C2605038/5/0,120000,税別,1回,,,1,,"、一度の治療で左右両 第1.4 版 2025 年9 月10 日作成 9 側に投与する場合は、下記の1回分の2倍(2回分)の費用がかかります。 ! 白血球をほとんど含まないPRP 治療1回(1 部位) 270,000 円(税抜) ! 白血球を含むPRP 治療1回(1 部位) 120,000 円(税抜) (3) 採血後やPRP 調製後に本治療への同意を撤回され、治療を中止する場合は、それ までにかかった費用(採血後からPRP 調製前までの同意撤回:診査料+採血料、 PRP 調製後の同意撤回:診査料+採血料+PRP 調製料)として、以下のキャンセ ル費をご負担いただきます。 【キャンセル費】 ! 白血球をほとんど含まないPR",,
C,P00264,F0278,関東,東京都,慶應義塾大学病院,慶應義塾大学病院,慶應義塾大学病院,第二種,自己多血小板血漿（PRP）を用いた関節内組織損傷に対する治療,PRP,AUTO,1.0,https://saiseiiryo.mhlw.go.jp/published_plan/download/02C2605038/5/0,50000,税別,,,,0,,"する場合は、それ までにかかった費用(採血後からPRP 調製前までの同意撤回:診査料+採血料、 PRP 調製後の同意撤回:診査料+採血料+PRP 調製料)として、以下のキャンセ ル費をご負担いただきます。 【キャンセル費】 ! 白血球をほとんど含まないPRP 治療: 採血後(PRP 調製前):50,000 円(税抜)、PRP 調製後:250,000 円(税抜) ! 白血球を含むPRP 治療: 採血後(PRP 調製前):50,000 円(税抜)、PRP 調製後:100,000 円(税抜) (4) PRP が規格を満たさず、投与できなかった場合には、採血までにかかった費用(診 査料+採血料)として、50,000 円(税抜)をご負担いただきま",,
C,P00264,F0278,関東,東京都,慶應義塾大学病院,慶應義塾大学病院,慶應義塾大学病院,第二種,自己多血小板血漿（PRP）を用いた関節内組織損傷に対する治療,PRP,AUTO,1.0,https://saiseiiryo.mhlw.go.jp/published_plan/download/02C2605038/5/0,100000,税別,,,,0,,"セ ル費をご負担いただきます。 【キャンセル費】 ! 白血球をほとんど含まないPRP 治療: 採血後(PRP 調製前):50,000 円(税抜)、PRP 調製後:250,000 円(税抜) ! 白血球を含むPRP 治療: 採血後(PRP 調製前):50,000 円(税抜)、PRP 調製後:100,000 円(税抜) (4) PRP が規格を満たさず、投与できなかった場合には、採血までにかかった費用(診 査料+採血料)として、50,000 円(税抜)をご負担いただきますのでご了承くだ さい。 10. 健康被害が発生した際の処置と補償について 本治療が原因で健康被害が生じた場合には、適切な処置を行います。また、本治療 が原因で重大な健康被",,
C,P00264,F0278,関東,東京都,慶應義塾大学病院,慶應義塾大学病院,慶應義塾大学病院,第二種,自己多血小板血漿（PRP）を用いた関節内組織損傷に対する治療,PRP,AUTO,1.0,https://saiseiiryo.mhlw.go.jp/published_plan/download/02C2605038/5/0,250000,税別,,,,0,,"後からPRP 調製前までの同意撤回:診査料+採血料、 PRP 調製後の同意撤回:診査料+採血料+PRP 調製料)として、以下のキャンセ ル費をご負担いただきます。 【キャンセル費】 ! 白血球をほとんど含まないPRP 治療: 採血後(PRP 調製前):50,000 円(税抜)、PRP 調製後:250,000 円(税抜) ! 白血球を含むPRP 治療: 採血後(PRP 調製前):50,000 円(税抜)、PRP 調製後:100,000 円(税抜) (4) PRP が規格を満たさず、投与できなかった場合には、採血までにかかった費用(診 査料+採血料)として、50,000 円(税抜)をご負担いただきますのでご了承くだ さい。 10. 健康被害",,
C,P00265,F0282,関東,東京都,新柴又駅前広場クリニック,新柴又駅前広場クリニック,新柴又駅前広場クリニック,第二種,変形性関節症を対象とした自家多血小板血漿（PRP）注入療法,PRP,AUTO,1.0,https://saiseiiryo.mhlw.go.jp/published_plan/download/01C2510033/5/0,50000,税込,1 回,,,9,,"されない自由診療です。そのため、患者様の費用負担が 他の治療よりも高額になることがあります。当院において実施される本治療および本治 療に必要な検査などの費用は全額自己負担となります。 血液分離専用容器キットによる提供価格 PRP:(京セラCondensia システム)使用 ・・・・・1 回50,000 円(税込) ※患者様の症状によっては、治療を数回行うことがあります。治療前、または治療後の 状態から担当医師が判断し、患者様にお伝えしご相談させて頂きます。 ※治療内容・回数により1回あたりの費用が減額される場合がございます。施術する前 に詳細な説明をいたしますので、ご納得いただいた上で施術をお受けいただけますよ うお願い申し上げま",,
C,P00265,F0282,関東,東京都,新柴又駅前広場クリニック,新柴又駅前広場クリニック,新柴又駅前広場クリニック,第二種,変形性関節症を対象とした自家多血小板血漿（PRP）注入療法,PRP,AUTO,1.0,https://saiseiiryo.mhlw.go.jp/published_plan/download/01C2510033/5/0,5000,不明,,,,-8,,"受けた後に同意されない場合でも、一切不利益を受けることはありません。 また同様に、治療を受けることに同意した場合であっても、投与までの間でしたらい つでも取りやめることができます。その場合、その後の治療について一切不利益は受け ません。(ただし下記のキャンセル料は申し受けます) 採血後~加工前 5,000 円 加工後~投与前 全額 もしこの治療を受けることに同意しない場合も、最適と考えられる治療を実施できる ように患者様の治療に最善を尽くします。 ただし、治療を行った後は、健康管理のために必要に応じて適切な検査を受けていた だき、医学的に問題がないかを確認させていただきます。 11. 試料等の保管及び廃棄の方法について",,
C,P00266,F0292,関東,東京都,東京城南整形外科,東京城南整形外科,東京城南整形外科,第二種,変形性関節症を対象とした自家多血小板血漿（PRP）注入療法,PRP,AUTO,1.0,https://saiseiiryo.mhlw.go.jp/published_plan/download/02C2603014/5/0,60000,税込,1回,TriCeLL,TriCeLL系,9,,"です。そのため、患者様の費用負担 が他の治療よりも高額になることがあります。当院において実施される本治療および本 治療に必要な検査などの費用は全額自己負担となります。 血液分離専用容器キットによる施術料: TriCeLL PRP キット:88,000 円(税込) 京セラコンデンシアキット:60,000 円(税込) ※患者様の症状によっては、治療を数回行うことがあります。治療前、または治療後 の状態から担当医師が判断し、患者様にお伝えしご相談させて頂きます。 ※治療内容・回数により1回あたりの費用が減額される場合がございます。施術する 前に詳細な説明をいたしますので、ご納得いただいた上で治療をお受けいただけますよ うお願い申し上げま",,
C,P00266,F0292,関東,東京都,東京城南整形外科,東京城南整形外科,東京城南整形外科,第二種,変形性関節症を対象とした自家多血小板血漿（PRP）注入療法,PRP,AUTO,1.0,https://saiseiiryo.mhlw.go.jp/published_plan/download/02C2603014/5/0,88000,税込,1回,TriCeLL,TriCeLL系,9,,"て この治療は、健康保険がご使用できない自由診療です。そのため、患者様の費用負担 が他の治療よりも高額になることがあります。当院において実施される本治療および本 治療に必要な検査などの費用は全額自己負担となります。 血液分離専用容器キットによる施術料: TriCeLL PRP キット:88,000 円(税込) 京セラコンデンシアキット:60,000 円(税込) ※患者様の症状によっては、治療を数回行うことがあります。治療前、または治療後 の状態から担当医師が判断し、患者様にお伝えしご相談させて頂きます。 ※治療内容・回数により1回あたりの費用が減額される場合がございます。施術する 前に詳細な説明をいたしますので、ご納得いただ",,
C,P00266,F0292,関東,東京都,東京城南整形外科,東京城南整形外科,東京城南整形外科,第二種,変形性関節症を対象とした自家多血小板血漿（PRP）注入療法,PRP,AUTO,1.0,https://saiseiiryo.mhlw.go.jp/published_plan/download/02C2603014/5/0,5000,不明,,TriCeLL,TriCeLL系,-6,,"た同様に、治療を受けることに同意した場合であっても、投与までの間でしたら、 いつでも取りやめることができます。この場合でも、一切不利益を受けません。 ただしキャンセル料はご負担いただきます。 【採血後のキャンセル料】 TriCeLL PRP キット:6,000 円 京セラコンデンシアキット:5,000 円 【加工後のキャンセル料】 TriCeLL PRP キット:60,000 円 京セラコンデンシアキット:30,000 円 もしこの治療を受けることに同意されない場合も、最適と考えられる治療を実施でき るように患者様の治療に最善を尽くします。 ただし、治療を行った後は、健康管理・アフターフォローのために必要に応じて適切 な",,
C,P00266,F0292,関東,東京都,東京城南整形外科,東京城南整形外科,東京城南整形外科,第二種,変形性関節症を対象とした自家多血小板血漿（PRP）注入療法,PRP,AUTO,1.0,https://saiseiiryo.mhlw.go.jp/published_plan/download/02C2603014/5/0,6000,不明,,TriCeLL,TriCeLL系,-6,,"、一切不利益を受けることはありません。 また同様に、治療を受けることに同意した場合であっても、投与までの間でしたら、 いつでも取りやめることができます。この場合でも、一切不利益を受けません。 ただしキャンセル料はご負担いただきます。 【採血後のキャンセル料】 TriCeLL PRP キット:6,000 円 京セラコンデンシアキット:5,000 円 【加工後のキャンセル料】 TriCeLL PRP キット:60,000 円 京セラコンデンシアキット:30,000 円 もしこの治療を受けることに同意されない場合も、最適と考えられる治療を実施でき るように患者様の治療に最善を尽くします。 ただし、治療を行った後は、健康管理・",,
C,P00266,F0292,関東,東京都,東京城南整形外科,東京城南整形外科,東京城南整形外科,第二種,変形性関節症を対象とした自家多血小板血漿（PRP）注入療法,PRP,AUTO,1.0,https://saiseiiryo.mhlw.go.jp/published_plan/download/02C2603014/5/0,30000,不明,,TriCeLL,TriCeLL系,-6,,"利益を受けません。 ただしキャンセル料はご負担いただきます。 【採血後のキャンセル料】 TriCeLL PRP キット:6,000 円 京セラコンデンシアキット:5,000 円 【加工後のキャンセル料】 TriCeLL PRP キット:60,000 円 京セラコンデンシアキット:30,000 円 もしこの治療を受けることに同意されない場合も、最適と考えられる治療を実施でき るように患者様の治療に最善を尽くします。 ただし、治療を行った後は、健康管理・アフターフォローのために必要に応じて適切 な検査を受けていただき、医学的に問題がないかを確認させていただきます。 11. 試料等の保管及び廃棄の方法について この治",,
C,P00266,F0292,関東,東京都,東京城南整形外科,東京城南整形外科,東京城南整形外科,第二種,変形性関節症を対象とした自家多血小板血漿（PRP）注入療法,PRP,AUTO,1.0,https://saiseiiryo.mhlw.go.jp/published_plan/download/02C2603014/5/0,60000,不明,,TriCeLL,TriCeLL系,-6,,"取りやめることができます。この場合でも、一切不利益を受けません。 ただしキャンセル料はご負担いただきます。 【採血後のキャンセル料】 TriCeLL PRP キット:6,000 円 京セラコンデンシアキット:5,000 円 【加工後のキャンセル料】 TriCeLL PRP キット:60,000 円 京セラコンデンシアキット:30,000 円 もしこの治療を受けることに同意されない場合も、最適と考えられる治療を実施でき るように患者様の治療に最善を尽くします。 ただし、治療を行った後は、健康管理・アフターフォローのために必要に応じて適切 な検査を受けていただき、医学的に問題がないかを確認させていただきます。 11. 試",,
C,P00267,F0293,関東,東京都,東京塔医院,東京塔医院,東京塔医院,第二種,変形性関節症に対する多血小板血漿（PRP）関節内投与療法,PRP,QC,1.0,https://saiseiiryo.mhlw.go.jp/published_plan/download/01C2510073/5/0,165000,税込,,,,5,3,"細胞の提供に際して費用は発生しません。 治療の提供に際しては、本治療は公的保険の対象ではありませんので、当院所定の施術料として片膝 165,000 円(税込)をお支払いいただきます。 ※患者様の症状、その他の事情等により治療費が変動する場合があります。 なお、細胞の採取後や加工後に同意を撤回された場合など、同意を撤回される時点までに費用が発生している",price candidates remain ambiguous,
C,P00268,F0294,関東,東京都,東京先進整形外科,東京整形外科,東京先進整形外科,第二種,自家多血小板血漿（PRP）を用いた慢性関節炎の治療（関節内組織）,PRP,QC,0.9838,https://saiseiiryo.mhlw.go.jp/published_plan/download/02C2309035/5/0,30000,税込,1 回,ACP|Angel,Arthrex,6,7,"費用(PRP 1 回・税込) ACP 30,000 円 Angel 500,000 円",price candidates remain ambiguous,
C,P00268,F0294,関東,東京都,東京先進整形外科,東京整形外科,東京先進整形外科,第二種,自家多血小板血漿（PRP）を用いた慢性関節炎の治療（関節内組織）,PRP,QC,0.9838,https://saiseiiryo.mhlw.go.jp/published_plan/download/02C2309035/5/0,500000,不明,,Angel,Arthrex,3,7,"30,000 円 Angel 500,000 円 (3) 採血を開始してからキャンセルされた場合は、費用の全額をご負担いた だきます。",price candidates remain ambiguous,
C,P00269,F0295,関東,東京都,東京科学大学病院,東京科学大学病院,東京科学大学病院,第二種,PRP股関節内注射,PRP,QC,1.0,https://saiseiiryo.mhlw.go.jp/published_plan/download/03C2604022/5/0,387200,税込,,,,4,8,"します。 ・ 片股 387,200円 (税込) ※注射後6ヶ月(5-7ヶ月)時の八重洲クリニックでのMRI検査費用が含",price candidates remain ambiguous,
C,P00270,F0295,関東,東京都,東京科学大学病院,東京科学大学病院,東京科学大学病院,第二種,自家滑膜幹細胞注射による変形性膝関節症治療,滑膜幹細胞,AUTO,1.0,https://saiseiiryo.mhlw.go.jp/published_plan/download/02C2604032/5/0,1999800,税込,,,,8,,"在の際は当直医が担当することがあります。 1 _08 提供者説明書 第3 版 2024/12/09 1_09 説明文書・同意文書 8 / 12 (科学大医病 1 版 2020 年11 月25 日) (8)費用について ・ 自由診療であり、健康保険は適用されません。 ・ 片膝 1,999,800 円(税込) になります。 ・ 治療に伴う診察、自己血清のための採血、滑膜採取、滑膜幹細胞注射、注射後1 か月時 の診察が含まれています。 ・ 事前診査の検査用採血費用は含まれておりませんので別途費用がかかります。 ・ 注射3 か月後、6 か月後の診察は含まれておりませんので別途費用がかかります。 ・ 「中止基準(2)細胞の培養等が計",,
C,P00271,F0295,関東,東京都,東京科学大学病院,東京科学大学病院,東京科学大学病院,第二種,PRP膝関節内注射,PRP,AUTO,1.0,https://saiseiiryo.mhlw.go.jp/published_plan/download/02C2604033/5/0,387200,税込,,,,7,9,"(8)費用について ・自由診療であり、健康保険は適用されません。 ・片膝 387,200 円(税込) になります。 ・治療に伴う診察、注射のための採血、PRP 調整、注射、注射後6 ヶ月(5-7 ヶ月)時の 八重洲クリニックでのMRI 検査費用が含まれています。",line-level medium price context,
C,P00272,F0296,関東,東京都,東京銀座ウェルネス＆エイジングクリニック,東京銀座ウェルネス＆エイジングクリニック,東京銀座ウェルネス＆エイジングクリニック,第二種,変形性膝関節症に対する多血小板血漿（PRP）関節内投与療法,PRP,AUTO,0.98,https://saiseiiryo.mhlw.go.jp/published_plan/download/01C2108015/5/0,200000,税込,,,,9,2,連絡先:03-6263-2034 12.費用について この治療は公的保険の対象ではありませんので、当院所定の施術料として税込20万円をお支払いいただ きます。 ※患者様の症状、その他の事情等により治療費が変動する場合があります。,line-level strong price context,
C,P00273,F0297,関東,東京都,東京銀座国際醫院,東京銀座国際醫院,東京銀座国際醫院,第二種,変形性膝関節症に対する自己骨髄由来間葉系幹細胞を含む骨髄濃縮液（BMAC）の関節内投与療法,BMAC,AUTO,0.9647,https://saiseiiryo.mhlw.go.jp/published_plan/download/01C2002030/5/0,500000,税別,,,,9,2,連絡先:03-6263-2034 12.費用について この治療は公的保険の対象ではありませんので、当院所定の施術料として税別50万円をお支払いいた だきます。 ※患者様の症状、その他の事情等により治療費が変動する場合があります。,line-level strong price context,
C,P00274,F0297,関東,東京都,東京銀座国際醫院,東京銀座国際醫院,東京銀座国際醫院,第二種,変形性膝関節症に対する多血小板血漿（PRP）関節内投与療法,PRP,AUTO,0.98,https://saiseiiryo.mhlw.go.jp/published_plan/download/01C2002032/5/0,150000,税別,,,,9,2,連絡先:03-6263-2034 12.費用について この治療は公的保険の対象ではありませんので、当院所定の施術料として税別15万円をお支払いいた だきます。 ※患者様の症状、その他の事情等により治療費が変動する場合があります。,line-level strong price context,
C,P00275,F0319,関東,東京都,医療法人社団青泉会 下北沢病院,医療法人社団青泉会 下北沢病院,医療法人社団青泉会 下北沢病院,第二種,自己脂肪由来幹細胞を用いた変形性関節症の治療,脂肪由来幹細胞,QC,1.0,https://saiseiiryo.mhlw.go.jp/published_plan/download/03C2511011/5/0,1500000,不明,1 回,,,6,5,5万5千円 治療費(1 回投与につき) 100~150万円 (関節の大きさや個所数によって決まります) 例) 膝関節1ヵ所の場合 : 5万5千円+150万円=155万5千円,price candidates remain ambiguous,
C,P00275,F0319,関東,東京都,医療法人社団青泉会 下北沢病院,医療法人社団青泉会 下北沢病院,医療法人社団青泉会 下北沢病院,第二種,自己脂肪由来幹細胞を用いた変形性関節症の治療,脂肪由来幹細胞,QC,1.0,https://saiseiiryo.mhlw.go.jp/published_plan/download/03C2511011/5/0,1500000,不明,,,,6,5,100~150万円 (関節の大きさや個所数によって決まります) 例) 膝関節1ヵ所の場合 : 5万5千円+150万円=155万5千円 なお、脂肪採取予定日や細胞投与予定日の直前に治療を中止した場合、細胞培養を委託してい る施設や搬送業者のキャンセル料が発生している場合がございます。患者さまのご都合により治療,price candidates remain ambiguous,
C,P00276,F0320,関東,東京都,医療法人社団順公会 佐藤整形外科,医療法人社団順公会 佐藤整形外科,医療法人社団順公会 佐藤整形外科,第二種,自己多血小板血漿（PRP）療法（外傷性関節炎・変形性関節症）,PRP,QC,1.0,https://saiseiiryo.mhlw.go.jp/published_plan/download/02C2512064/5/0,,,,,,,,,no price found after text/OCR pass,RuntimeError: Tesseract process timeout
C,P00277,F0321,関東,東京都,医療法人社団順永会 目黒さこだ整形外科,医療法人社団順永会 目黒さこだ整形外科,医療法人社団順永会 目黒さこだ整形外科,第二種,自己多血小板血漿（PRP）療法（外傷後関節炎・変形性関節症）,PRP,AUTO,1.0,https://saiseiiryo.mhlw.go.jp/published_plan/download/01C2603045/5/0,55000,税込,1回,,,16,19,"る場合がございます) 採血後 投与1回分の費用55,000円(税込)をご負担いただきます 投与2回目以降、 投与予定時刻24時間以内(休診日・休診時間を除く)のキャンセ",line-level strong price context,
C,P00277,F0321,関東,東京都,医療法人社団順永会 目黒さこだ整形外科,医療法人社団順永会 目黒さこだ整形外科,医療法人社団順永会 目黒さこだ整形外科,第二種,自己多血小板血漿（PRP）療法（外傷後関節炎・変形性関節症）,PRP,AUTO,1.0,https://saiseiiryo.mhlw.go.jp/published_plan/download/01C2603045/5/0,55000,税込,1回,,,9,19,"PRPを用いた投与1回分(1部位) 55,000円(税込) ※投与3回行った場合、1回55,000円×3回=165,000円となります。 ただし、2回目及び3回目の採血はございません。",line-level strong price context,
C,P00278,F0323,関東,東京都,医療法人社団高賢会 安田整形外科,医療法人社団高賢会 安田整形外科,医療法人社団高賢会 安田整形外科,第二種,自家多血小板血漿（PRP）を用いた変形性関節症に対する治療,PRP,AUTO,1.0,https://saiseiiryo.mhlw.go.jp/published_plan/download/03C2409018/5/0,99000,不明,1 回,APS,Zimmer Biomet,7,,"われている 自己血由来のため比較 的低いと言われている 品質管理されており安 全性は高いが、アレルギ ー反応などの可能性は 完全には否定できない 治療にかかる費用について この治療は公的保険の対象ではありませんので、当施設にて施術料をお支払いいただきます。 ・PRP 療法 1 回 99,000 円 (すべて込み) ・APS 療法 1 回 143,000 円 (すべて込み) ※患者様の症状により施術料が変わる場合は別途、ご説明いたします。 その他治療についての注意事項 患者様の体調が良くない場合や、採取した血液の状態によっては、PRP を分離できないこと があります",,
C,P00278,F0323,関東,東京都,医療法人社団高賢会 安田整形外科,医療法人社団高賢会 安田整形外科,医療法人社団高賢会 安田整形外科,第二種,自家多血小板血漿（PRP）を用いた変形性関節症に対する治療,PRP,AUTO,1.0,https://saiseiiryo.mhlw.go.jp/published_plan/download/03C2409018/5/0,143000,不明,1 回,APS,Zimmer Biomet,7,,"質管理されており安 全性は高いが、アレルギ ー反応などの可能性は 完全には否定できない 治療にかかる費用について この治療は公的保険の対象ではありませんので、当施設にて施術料をお支払いいただきます。 ・PRP 療法 1 回 99,000 円 (すべて込み) ・APS 療法 1 回 143,000 円 (すべて込み) ※患者様の症状により施術料が変わる場合は別途、ご説明いたします。 その他治療についての注意事項 患者様の体調が良くない場合や、採取した血液の状態によっては、PRP を分離できないこと があります。 その際には、再度採血をさせていただく場合があります。",,
C,P00279,F0317,関東,東京都,銀座YRクリニック,銀座YRクリニック,銀座YRクリニック,第二種,変形性関節症・腰痛症・末梢神経障害などの疼痛に対する自己脂肪由来間葉系幹細胞の静脈注射治療,脂肪由来MSC,AUTO,1.0,https://saiseiiryo.mhlw.go.jp/published_plan/download/03C2606012/5/0,3000000,税込,2回,,,9,6,本治療は保険適用外であるため、治療にかかる費用全額をご自分でご負担いただきます。その 他、本治療を受けるために必要となった旅費、交通費などの全ての費用もご自分でご負担いただ きます。実際に必要となる治療費については初回 385 万円(税込)、2回目以降 300 万円(税抜) となります。 なお、本治療の同意を撤回される場合、または患者様のご都合で治療日時の変更や治療の取り,line-level strong price context,
C,P00279,F0317,関東,東京都,銀座YRクリニック,銀座YRクリニック,銀座YRクリニック,第二種,変形性関節症・腰痛症・末梢神経障害などの疼痛に対する自己脂肪由来間葉系幹細胞の静脈注射治療,脂肪由来MSC,AUTO,1.0,https://saiseiiryo.mhlw.go.jp/published_plan/download/03C2606012/5/0,3850000,税込,2回,,,9,6,本治療は保険適用外であるため、治療にかかる費用全額をご自分でご負担いただきます。その 他、本治療を受けるために必要となった旅費、交通費などの全ての費用もご自分でご負担いただ きます。実際に必要となる治療費については初回 385 万円(税込)、2回目以降 300 万円(税抜) となります。 なお、本治療の同意を撤回される場合、または患者様のご都合で治療日時の変更や治療の取り,line-level strong price context,
C,P00280,F0305,関東,東京都,目黒駅前ネスト整形外科,目黒駅前ネスト整形外科,目黒駅前ネスト整形外科,第二種,自己脂肪組織由来幹細胞（ASCs）を用いた変形性関節症の治療,脂肪由来ASC,AUTO,1.0,https://saiseiiryo.mhlw.go.jp/published_plan/download/01C2512045/5/0,1200000,税込,1回,,,7,13,費用(税込) 1関節1回投与 120 万円 2関節1回投与 160 万円,line-level medium price context,
C,P00281,F0307,関東,東京都,社会医療法人社団東京巨樹の会 東京品川病院,社会医療法人社団東京巨樹の会 東京品川病院,社会医療法人社団東京巨樹の会 東京品川病院,第二種,自家多血小板血漿（PRP）を用いた慢性関節炎の治療（関節内組織）,PRP,QC,0.9838,https://saiseiiryo.mhlw.go.jp/published_plan/download/03C2604050/5/0,99000,不明,両側,ACP MAX|ACP,Arthrex,3,2,"PRP 両側 ACP 99,000円 ACP MAX 385,000円",price candidates remain ambiguous,
C,P00281,F0307,関東,東京都,社会医療法人社団東京巨樹の会 東京品川病院,社会医療法人社団東京巨樹の会 東京品川病院,社会医療法人社団東京巨樹の会 東京品川病院,第二種,自家多血小板血漿（PRP）を用いた慢性関節炎の治療（関節内組織）,PRP,QC,0.9838,https://saiseiiryo.mhlw.go.jp/published_plan/download/03C2604050/5/0,220000,不明,両側,ACP MAX|ACP,Arthrex,3,2,"55,000円 ACP MAX 220,000円 PRP 両側 ACP",price candidates remain ambiguous,
C,P00281,F0307,関東,東京都,社会医療法人社団東京巨樹の会 東京品川病院,社会医療法人社団東京巨樹の会 東京品川病院,社会医療法人社団東京巨樹の会 東京品川病院,第二種,自家多血小板血漿（PRP）を用いた慢性関節炎の治療（関節内組織）,PRP,QC,0.9838,https://saiseiiryo.mhlw.go.jp/published_plan/download/03C2604050/5/0,55000,不明,,ACP MAX|ACP,Arthrex,2,2,"55,000円 ACP MAX 220,000円",price candidates remain ambiguous,
C,P00281,F0307,関東,東京都,社会医療法人社団東京巨樹の会 東京品川病院,社会医療法人社団東京巨樹の会 東京品川病院,社会医療法人社団東京巨樹の会 東京品川病院,第二種,自家多血小板血漿（PRP）を用いた慢性関節炎の治療（関節内組織）,PRP,QC,0.9838,https://saiseiiryo.mhlw.go.jp/published_plan/download/03C2604050/5/0,385000,不明,,ACP MAX|ACP,Arthrex,2,2,"99,000円 ACP MAX 385,000円 キャンセルポリシーについて 採血開始後のキャンセルにつきましては、キャンセル料を申し受",price candidates remain ambiguous,
C,P00282,F0308,関東,東京都,社会医療法人財団仁医会 牧田総合病院,社会医療法人財団仁医会 牧田総合病院,社会医療法人財団仁医会 牧田総合病院,第二種,多血小板血漿（PRP）を用いた変形性関節症治療,PRP,AUTO,0.952,https://saiseiiryo.mhlw.go.jp/published_plan/download/02C2602049/5/0,150000,税別,,APS|GPS,Zimmer Biomet,8,,"て結果や経過・治療部位の写真などを公表する可能性がありますが、規程に基づき患者様個人 を特定できる内容が使われることはありません。 16)治療にかかる費用について この治療は公的保険の対象ではありませんので、当院の所定の施術料をお支払いいただきます。 ジンマーバイオメット社製 GPSIIIシステム 150,000円(税抜) APSキット 300,000円(税抜) ご不明な点は医師・スタッフまでお気軽にお尋ねください。施術後、患者様の個人的な事情及び金 銭等に関する問題に関しては一切の責任を負いかねますのでご了承ください。 17)治療に関する問合せ先 本治療に関して、治療後の不安、疾病等の相談などがございましたら担当医師",,
C,P00282,F0308,関東,東京都,社会医療法人財団仁医会 牧田総合病院,社会医療法人財団仁医会 牧田総合病院,社会医療法人財団仁医会 牧田総合病院,第二種,多血小板血漿（PRP）を用いた変形性関節症治療,PRP,AUTO,0.952,https://saiseiiryo.mhlw.go.jp/published_plan/download/02C2602049/5/0,300000,税別,,APS|GPS,Zimmer Biomet,8,,"づき患者様個人 を特定できる内容が使われることはありません。 16)治療にかかる費用について この治療は公的保険の対象ではありませんので、当院の所定の施術料をお支払いいただきます。 ジンマーバイオメット社製 GPSIIIシステム 150,000円(税抜) APSキット 300,000円(税抜) ご不明な点は医師・スタッフまでお気軽にお尋ねください。施術後、患者様の個人的な事情及び金 銭等に関する問題に関しては一切の責任を負いかねますのでご了承ください。 17)治療に関する問合せ先 本治療に関して、治療後の不安、疾病等の相談などがございましたら担当医師または以下窓口まで お気軽にご連絡ください。 ・問い合わせ先:整形外科",,
C,P00283,F0223,関東,東京都,社会福祉法人みどり福祉会 B&Jクリニックお茶の水,社会福祉法人みどり福祉会 B&Jクリニックお茶の水,社会福祉法人みどり福祉会 B&Jクリニックお茶の水,第二種,自家多血小板血漿（PRP）を用いた関節内組織損傷に対する治療,PRP,QC,0.9838,https://saiseiiryo.mhlw.go.jp/published_plan/download/02C1912136/5/0,,,,,,,,,no price found after text/OCR pass,Document fetched but no price candidate
C,P00284,F0263,関東,東京都,社会福祉法人同愛記念病院財団 同愛記念病院,社会福祉法人同愛記念病院財団 同愛記念病院,社会福祉法人同愛記念病院財団 同愛記念病院,第二種,自家多血小板血漿（PRP）を用いた慢性関節炎の治療（関節内組織）,PRP,AUTO,0.9838,https://saiseiiryo.mhlw.go.jp/published_plan/download/03C2502006/5/0,40000,税別,2 回分,,,9,,とはできません。 (2) 本治療にかかる費用は、以下のとおりです。なお、費用は、治療に伴う診査、 自家PRP 調製のための採血にかかる費用、自家PRP 調製費用、注入にかか る費用の総額となります。左右両側に投与する場合は、2 回分です。 PRP 療法1回(1 部位) 4万円(消費税別) 11. 試料等の保存及び廃棄の方法 患者様から採取した血液と作製したPRP は、患者様ご自身の治療のみに 使用します。ただし、症例検討や学会発表を目的として、血液やPRP の測 定を行い、データを取得することがあります。 血液およびPRP は微量で全量を使用するため、保管はしません。治療に 用いない血液または,,
C,P00285,F0301,関東,東京都,社会福祉法人白十字会 東京白十字病院,社会福祉法人白十字会 東京白十字病院,社会福祉法人白十字会 東京白十字病院,第二種,多血小板血漿（PRP）を用いた変形性関節症治療,PRP,AUTO,0.952,https://saiseiiryo.mhlw.go.jp/published_plan/download/03C2510039/5/0,150000,税別,,,,8,3,"い。 提供価格 150,000 円(税抜) 300,000 円(税抜) 例:膝関節内投与",line-level medium price context,
C,P00285,F0301,関東,東京都,社会福祉法人白十字会 東京白十字病院,社会福祉法人白十字会 東京白十字病院,社会福祉法人白十字会 東京白十字病院,第二種,多血小板血漿（PRP）を用いた変形性関節症治療,PRP,AUTO,0.952,https://saiseiiryo.mhlw.go.jp/published_plan/download/03C2510039/5/0,300000,税別,,,,8,3,"提供価格 150,000 円(税抜) 300,000 円(税抜) 例:膝関節内投与 (保険適用)",line-level medium price context,
C,P00286,F0315,関東,東京都,社会福祉法人賛育会 賛育会病院,社会福祉法人賛育会 賛育会病院,社会福祉法人賛育会 賛育会病院,第二種,変形性関節症および関節腔の傷害を対象とした自家多血小板血漿（PRP）注入療法,PRP,AUTO,1.0,https://saiseiiryo.mhlw.go.jp/published_plan/download/03C2506012/5/0,55000,税込,1 回,,,7,,"8. 治療にかかる費用について この治療は、健康保険が適用されない自由診療です。そのため、患者様の費用負担が 他の治療よりも高額になることがあります。当院において実施される本治療および本治 療に必要な検査などの費用は全額自己負担となります。 血液分離専用容器キットによる施術料1 回55,000 円(税込) ※患者様の症状によっては、治療を数回行うことがあります。治療前、または治療後 の状態から担当医師が判断し、患者様にお伝えしご相談させて頂きます。 ※治療内容・回数により1回あたりの費用が減額される場合がございます。施術する 前に詳細な説明をいたしますので、ご納得いただいた上で施術いただきますようお 願い申し上げます。",,
C,P00286,F0315,関東,東京都,社会福祉法人賛育会 賛育会病院,社会福祉法人賛育会 賛育会病院,社会福祉法人賛育会 賛育会病院,第二種,変形性関節症および関節腔の傷害を対象とした自家多血小板血漿（PRP）注入療法,PRP,AUTO,1.0,https://saiseiiryo.mhlw.go.jp/published_plan/download/03C2506012/5/0,22000,不明,,,,-6,,"めください。 説明を受けた後に同意されない場合でも、一切不利益を受けることはありません。 また同様に、治療を受けることに同意した場合であっても、投与までの間でしたらい つでも取りやめることができます。 (採血等にかかる実費等はご負担いただきます。: 採血後または、PRP 加工後のキャンセル料22,000 円 ) もしこの治療を受けることに同意しない場合も、最適と考えられる治療を実施できる ように患者様の治療に最善を尽くします。 ただし、治療を行った後は、健康管理のために必要に応じて適切な検査を受けていた だき、医学的に問題がないかを確認させていただきます。 11. 試料等の保管及び廃棄の方法について この治療にて患者様より採",,
C,P00287,F0309,関東,東京都,祐天寺整形外科クリニック,祐天寺整形外科クリニック,祐天寺整形外科クリニック,第二種,多血小板血漿（PRP）の投与による変形性関節症治療,PRP,AUTO,1.0,https://saiseiiryo.mhlw.go.jp/published_plan/download/03C2310001/5/0,100000,税別,1回,APS|GPS,Zimmer Biomet,9,,"否定できない 品質管理された安全性の高いものだが、アレルギー反応などの可能 性を完全には否定できない 11. 治療にかかる費用について この治療は公的保険の対象ではありませんので、当クリニックの所 定の施術料をお支払いいただきます。 ・PRPを用いた治療(GPSIIIキット使用)における施術料 100,000 円(税別) ・濃縮PRPを用いた治療(APSキット使用)における施術料 300,000 円(税別) ご不明な点は医師・スタッフにお尋ねください。なお1回の施術あ たりの費用は、患部の状態を確認した医師の判断、PRPの遠心回数 等により変更となる場合がございます。 12. その他治療についての注意事 項",,
C,P00287,F0309,関東,東京都,祐天寺整形外科クリニック,祐天寺整形外科クリニック,祐天寺整形外科クリニック,第二種,多血小板血漿（PRP）の投与による変形性関節症治療,PRP,AUTO,1.0,https://saiseiiryo.mhlw.go.jp/published_plan/download/03C2310001/5/0,300000,税別,1回,APS|GPS,Zimmer Biomet,9,,"できない 11. 治療にかかる費用について この治療は公的保険の対象ではありませんので、当クリニックの所 定の施術料をお支払いいただきます。 ・PRPを用いた治療(GPSIIIキット使用)における施術料 100,000 円(税別) ・濃縮PRPを用いた治療(APSキット使用)における施術料 300,000 円(税別) ご不明な点は医師・スタッフにお尋ねください。なお1回の施術あ たりの費用は、患部の状態を確認した医師の判断、PRPの遠心回数 等により変更となる場合がございます。 12. その他治療についての注意事 項 患者様の体調が良くない場合や、採取した血液の状態によっては、",,
C,P00288,F0311,関東,東京都,羽田内科医院,羽田内科医院,羽田内科医院,第二種,自己多血小板血漿（PRP）関節内投与による整形外科治療（変形性関節症・関節炎）,PRP,AUTO,1.0,https://saiseiiryo.mhlw.go.jp/published_plan/download/02C1911144/5/0,15000,不明,,,,14,1,□その他、予期せぬ副反応や合併症が発生した場合には、その都度 必要な措置を講じます。 □治療費は PRP 1mlあたり 15000円(別途消費税) □PRPの保管及び移動を行うことはありません。 □PRP作製における材料(血液)及び資材は医療廃棄物として処理,line-level strong price context,
C,P00288,F0311,関東,東京都,羽田内科医院,羽田内科医院,羽田内科医院,第二種,自己多血小板血漿（PRP）関節内投与による整形外科治療（変形性関節症・関節炎）,PRP,AUTO,1.0,https://saiseiiryo.mhlw.go.jp/published_plan/download/02C1911144/5/0,15000,不明,,,,12,3,私は、 PRP 療法を行うにあたり、以下の治療費を支払います。 書類作成料 5000円 治療費 対象疾患にかかわらず、PRP 1mlあたり 15000円 治療費 私の医学的情報は法律で要求される期間、秘密を守って保存される,line-level strong price context,
C,P00289,F0312,関東,東京都,葛西駅前あおぞら整形外科クリニック,葛西駅前あおぞら整形外科クリニック,葛西駅前あおぞら整形外科クリニック,第二種,多血小板血漿を用いた関節炎治療（第2種再生医療）,PRP,AUTO,1.0,https://saiseiiryo.mhlw.go.jp/published_plan/download/01C2506025/5/0,55000,不明,,,,12,9,"9 ・治療前診断料 11,000 円 ・PRP 療法実施費用 55,000 円 *キャンセル規定について ・治療当日の診察前",line-level strong price context,
C,P00290,F0245,関東,東京都,世田谷かくた整形外科 成城学園前院,世田谷かくた整形外科 成城学園前院,世田谷かくた整形外科 成城学園前院,第二種,変形性関節症に対する多血小板血漿（PRP）関節内投与療法,PRP,AUTO,1.0,https://saiseiiryo.mhlw.go.jp/published_plan/download/02C2511036/5/0,165000,税込,,APS|GPS,Zimmer Biomet,8,,"ていただきます。 窓口:事務長 連絡先:03-3417-1152 14.費用について 細胞の提供に際して費用は発生しません。 治療の提供に際しては、本治療は公的保険の対象ではありませんので、当院所定の施術料として以下の金額 をお支払いいただきます。 1GPS®IIIシステム:165,000円(税込) 2APSキット:330,000円(税込) ※患者様の症状、その他の事情等により治療費が変動する場合があります。 なお、細胞の採取後や加工後に同意を撤回された場合など、同意を撤回される時点までに費用が発生している 場合は、発生した費用については患者様にご負担いただきますのでご了承ください。 15.他の治療法の有無、",,
C,P00290,F0245,関東,東京都,世田谷かくた整形外科 成城学園前院,世田谷かくた整形外科 成城学園前院,世田谷かくた整形外科 成城学園前院,第二種,変形性関節症に対する多血小板血漿（PRP）関節内投与療法,PRP,AUTO,1.0,https://saiseiiryo.mhlw.go.jp/published_plan/download/02C2511036/5/0,330000,税込,,APS|GPS,Zimmer Biomet,8,,"先:03-3417-1152 14.費用について 細胞の提供に際して費用は発生しません。 治療の提供に際しては、本治療は公的保険の対象ではありませんので、当院所定の施術料として以下の金額 をお支払いいただきます。 1GPS®IIIシステム:165,000円(税込) 2APSキット:330,000円(税込) ※患者様の症状、その他の事情等により治療費が変動する場合があります。 なお、細胞の採取後や加工後に同意を撤回された場合など、同意を撤回される時点までに費用が発生している 場合は、発生した費用については患者様にご負担いただきますのでご了承ください。 15.他の治療法の有無、本治療法との比較について 変形性関節症をは",,
C,P00291,F0248,関東,東京都,予防からはじめる整形外科 T CLINIC Ichigaya,予防からはじめる整形外科 T CLINIC Ichigaya,予防からはじめる整形外科 T CLINIC Ichigaya,第二種,自家多血小板血漿（PRP）を用いた慢性関節炎の治療（関節内組織）,PRP,AUTO,0.9838,https://saiseiiryo.mhlw.go.jp/published_plan/download/01C2504057/5/0,50000,税別,,ACP MAX|ACP,Arthrex,8,,"本治療にかかる費用は、以下のとおりです。なお、費用に含まれるのは、治療に伴う 診査、自家PRP 調製のための採血にかかる費用、自家PRP 調製費用、注入にかかる 費用であり、以下が費用の総額となります。 治療の種類 平均的な血小板注入量 費用(税別) ACP-PRP 20 億個 50,000 円 HD-PRP(ACP MAX の場合) 90 億個 180,000 円 また、ACP-PRP は効果を高めるため、2 倍量1 度に投与することが可能です。 その場合の費用は以下の通りです。 治療の種類 平均的な血小板注入量 費用(税別) ACP-PRP ダブルショット 40 億個 100,000 円",,
C,P00291,F0248,関東,東京都,予防からはじめる整形外科 T CLINIC Ichigaya,予防からはじめる整形外科 T CLINIC Ichigaya,予防からはじめる整形外科 T CLINIC Ichigaya,第二種,自家多血小板血漿（PRP）を用いた慢性関節炎の治療（関節内組織）,PRP,AUTO,0.9838,https://saiseiiryo.mhlw.go.jp/published_plan/download/01C2504057/5/0,180000,税別,,ACP MAX|ACP,Arthrex,8,,"う 診査、自家PRP 調製のための採血にかかる費用、自家PRP 調製費用、注入にかかる 費用であり、以下が費用の総額となります。 治療の種類 平均的な血小板注入量 費用(税別) ACP-PRP 20 億個 50,000 円 HD-PRP(ACP MAX の場合) 90 億個 180,000 円 また、ACP-PRP は効果を高めるため、2 倍量1 度に投与することが可能です。 その場合の費用は以下の通りです。 治療の種類 平均的な血小板注入量 費用(税別) ACP-PRP ダブルショット 40 億個 100,000 円 • 治療終了後も定期的な受診が必要です。 9 11.健康",,
C,P00291,F0248,関東,東京都,予防からはじめる整形外科 T CLINIC Ichigaya,予防からはじめる整形外科 T CLINIC Ichigaya,予防からはじめる整形外科 T CLINIC Ichigaya,第二種,自家多血小板血漿（PRP）を用いた慢性関節炎の治療（関節内組織）,PRP,AUTO,0.9838,https://saiseiiryo.mhlw.go.jp/published_plan/download/01C2504057/5/0,100000,税別,,ACP MAX|ACP,Arthrex,0,,"P(ACP MAX の場合) 90 億個 180,000 円 また、ACP-PRP は効果を高めるため、2 倍量1 度に投与することが可能です。 その場合の費用は以下の通りです。 治療の種類 平均的な血小板注入量 費用(税別) ACP-PRP ダブルショット 40 億個 100,000 円 • 治療終了後も定期的な受診が必要です。 9 11.健康被害が発生した際の処置と補償等について すべての医療行為にはリスクがあり、ある一定の確率で合併症が起こりえます。 本治療においても『5.予想される効果と起こるかもしれない副作用』でお示しした 合併症については起こらないように細心の注意を払ってい",,
C,P00292,F0250,関東,東京都,仙川整形外科,仙川整形外科,仙川整形外科,第二種,脂肪由来SVF（非培養）による変形性関節症の治療,SVF,AUTO,1.0,https://saiseiiryo.mhlw.go.jp/published_plan/download/01C2003049/5/0,580000,税別,,,,10,5,"きます。細胞の加工に係る消耗品の費用、医療技術を考慮し、実際に必要となる費用については 下記金額となります。 ・1 関節 :580,000 円(税抜) ・2関節同時施術の場合:680,000 円(税抜) 2関節同時施術の場合は、脂肪採取量を少し多めにとらせて頂きますが細胞の加工に係る消耗",line-level strong price context,
C,P00292,F0250,関東,東京都,仙川整形外科,仙川整形外科,仙川整形外科,第二種,脂肪由来SVF（非培養）による変形性関節症の治療,SVF,AUTO,1.0,https://saiseiiryo.mhlw.go.jp/published_plan/download/01C2003049/5/0,680000,税別,,,,10,5,"下記金額となります。 ・1 関節 :580,000 円(税抜) ・2関節同時施術の場合:680,000 円(税抜) 2関節同時施術の場合は、脂肪採取量を少し多めにとらせて頂きますが細胞の加工に係る消耗 品の費用を抑えることが可能なため、別日で2関節施術する場合よりも安価で提供させていただ",line-level strong price context,
C,P00293,F0250,関東,東京都,仙川整形外科,仙川整形外科,仙川整形外科,第二種,多血小板血漿（PRP）を用いた整形外科疾患に対する組織修復,PRP,AUTO,0.98,https://saiseiiryo.mhlw.go.jp/published_plan/download/02C2103009/5/0,63000,税別,1 回,TriCeLL,TriCeLL系,14,5,"当医院において実施される本治療および本治療に必要な検査などの費用は全額自己負担となります。 施術料は部位を問わずCondensia システム : 1 回 48,400 円(税抜価格 44,000 円、消費税 4,400 円)、TriCell PRP Kit:1 回 69,300 円(税抜価格 63,000 円、消費税 6,300 円)です。ご不明な 点は医師・スタッフにお尋ねください。ご不明な点は医師・スタッフにお尋ねください。 治療を受けることを拒否することについて",line-level strong price context,
C,P00293,F0250,関東,東京都,仙川整形外科,仙川整形外科,仙川整形外科,第二種,多血小板血漿（PRP）を用いた整形外科疾患に対する組織修復,PRP,AUTO,0.98,https://saiseiiryo.mhlw.go.jp/published_plan/download/02C2103009/5/0,69300,税別,1 回,TriCeLL,TriCeLL系,14,5,"当医院において実施される本治療および本治療に必要な検査などの費用は全額自己負担となります。 施術料は部位を問わずCondensia システム : 1 回 48,400 円(税抜価格 44,000 円、消費税 4,400 円)、TriCell PRP Kit:1 回 69,300 円(税抜価格 63,000 円、消費税 6,300 円)です。ご不明な 点は医師・スタッフにお尋ねください。ご不明な点は医師・スタッフにお尋ねください。 治療を受けることを拒否することについて",line-level strong price context,
C,P00293,F0250,関東,東京都,仙川整形外科,仙川整形外科,仙川整形外科,第二種,多血小板血漿（PRP）を用いた整形外科疾患に対する組織修復,PRP,AUTO,0.98,https://saiseiiryo.mhlw.go.jp/published_plan/download/02C2103009/5/0,44000,税別,1 回,TriCeLL,TriCeLL系,11,5,"この治療は公的保険の対象ではありませんので、当医院の所定の施術料をお支払いいただきます。 当医院において実施される本治療および本治療に必要な検査などの費用は全額自己負担となります。 施術料は部位を問わずCondensia システム : 1 回 48,400 円(税抜価格 44,000 円、消費税 4,400 円)、TriCell PRP Kit:1 回 69,300 円(税抜価格 63,000 円、消費税 6,300 円)です。ご不明な 点は医師・スタッフにお尋ねください。ご不明な点は医師・スタッフにお尋ねください。",line-level strong price context,
C,P00293,F0250,関東,東京都,仙川整形外科,仙川整形外科,仙川整形外科,第二種,多血小板血漿（PRP）を用いた整形外科疾患に対する組織修復,PRP,AUTO,0.98,https://saiseiiryo.mhlw.go.jp/published_plan/download/02C2103009/5/0,48400,税別,1 回,TriCeLL,TriCeLL系,11,5,"この治療は公的保険の対象ではありませんので、当医院の所定の施術料をお支払いいただきます。 当医院において実施される本治療および本治療に必要な検査などの費用は全額自己負担となります。 施術料は部位を問わずCondensia システム : 1 回 48,400 円(税抜価格 44,000 円、消費税 4,400 円)、TriCell PRP Kit:1 回 69,300 円(税抜価格 63,000 円、消費税 6,300 円)です。ご不明な 点は医師・スタッフにお尋ねください。ご不明な点は医師・スタッフにお尋ねください。",line-level strong price context,
C,P00294,F0253,関東,東京都,一般社団法人健瑞会 Abante Clinic 銀座,一般社団法人健瑞会 Abante Clinic 銀座,一般社団法人健瑞会 Abante Clinic 銀座,第二種,自家培養脂肪由来幹細胞を用いた関節疾患の治療,脂肪由来幹細胞,QC,1.0,https://saiseiiryo.mhlw.go.jp/published_plan/download/02C2607058/5/0,100000,不明,,,,6,1,"5,000,000 円 細胞保管費用(2 年目以降) (年間)100,000 円 *医師によるカウンセリングを受け、同意書にご署名いただきましたら、血液検査料と別に 予約金として「投与費用」を事前にお支払いいただきます。",price candidates remain ambiguous,
C,P00294,F0253,関東,東京都,一般社団法人健瑞会 Abante Clinic 銀座,一般社団法人健瑞会 Abante Clinic 銀座,一般社団法人健瑞会 Abante Clinic 銀座,第二種,自家培養脂肪由来幹細胞を用いた関節疾患の治療,脂肪由来幹細胞,QC,1.0,https://saiseiiryo.mhlw.go.jp/published_plan/download/02C2607058/5/0,5000000,不明,1 回,,,6,1,"50,000 円 自家培養脂肪由来幹細胞投与 1 回* 5,000,000 円 細胞保管費用(2 年目以降) (年間)100,000 円",price candidates remain ambiguous,
C,P00294,F0253,関東,東京都,一般社団法人健瑞会 Abante Clinic 銀座,一般社団法人健瑞会 Abante Clinic 銀座,一般社団法人健瑞会 Abante Clinic 銀座,第二種,自家培養脂肪由来幹細胞を用いた関節疾患の治療,脂肪由来幹細胞,QC,1.0,https://saiseiiryo.mhlw.go.jp/published_plan/download/02C2607058/5/0,10000,税別,,,,4,1,"費用(税別) 診察料(血液検査も含む) 10,000 円 血液検査料 50,000 円",price candidates remain ambiguous,
C,P00294,F0253,関東,東京都,一般社団法人健瑞会 Abante Clinic 銀座,一般社団法人健瑞会 Abante Clinic 銀座,一般社団法人健瑞会 Abante Clinic 銀座,第二種,自家培養脂肪由来幹細胞を用いた関節疾患の治療,脂肪由来幹細胞,QC,1.0,https://saiseiiryo.mhlw.go.jp/published_plan/download/02C2607058/5/0,50000,不明,1 回,,,3,1,"10,000 円 血液検査料 50,000 円 自家培養脂肪由来幹細胞投与 1 回* 5,000,000 円",price candidates remain ambiguous,
C,P00295,F0288,関東,東京都,一般社団法人東京LAB 高輪ゲートウェイ駅前整形外科クリニック,一般社団法人東京LAB 高輪ゲートウェイ駅前整形外科クリニック,一般社団法人東京LAB 高輪ゲートウェイ駅前整形外科クリニック,第三種,多血小板血漿（PRP）を用いた整形外科領域における軟部組織治療,PRP,AUTO,0.9874,https://saiseiiryo.mhlw.go.jp/published_plan/download/01C2601048/5/0,36000,税別,,,,9,5,"す。 治療費 ・日本の健康保険証をお持ちの方 1キットあたり治療費: 36,000円(税抜) ・そうでない方 1キットあたり70,000円 (税抜) ・学生(中高生以下)等 1キットあたり27,000円(税抜)",line-level strong price context,
C,P00296,F0283,関東,東京都,公益財団法人日産厚生会 玉川病院,公益財団法人日産厚生会 玉川病院,公益財団法人日産厚生会 玉川病院,第三種,自己多血小板血漿（PRP）を用いた整形外科領域における軟部組織治療,PRP,AUTO,1.0,https://saiseiiryo.mhlw.go.jp/published_plan/download/01C2301063/5/0,100000,税別,1 回,GPS,Zimmer Biomet,8,,"逆に ステロイド剤の副作用で重篤な感染症の誘発・骨粗鬆症の増悪・薬剤離脱困難等が生じてし まう可能性があります。 治療にかかる費用について この治療は公的保険の対象ではありませんので、当施設にて施術料をお支払いいただきます。 ・PRP 療法 GPSIIIシステム使用 1 回 100,000円(税抜) ※患者さまの症状により施術料が変わる場合は別途、ご説明いたします。 その他治療についての注意事項 患者さまの体調が良くない場合や、採取した血液の状態によっては、PRP を分離できないこ とがあります。 その際には、再度採血をさせていただく場合があります。 ま",,
C,P00297,F0260,関東,東京都,北里大学北里研究所病院,北里大学北里研究所病院,北里大学北里研究所病院,第三種,自己多血小板血漿（PRP）を用いた運動器軟部組織損傷の治療,PRP,AUTO,1.0,https://saiseiiryo.mhlw.go.jp/published_plan/download/02C2409055/5/0,132000,税込,1 回,GPS,Zimmer Biomet,8,,"逆に ステロイド剤の副作用で重篤な感染症の誘発・骨粗鬆症の増悪・薬剤離脱困難等が生じてし まう可能性があります。 治療にかかる費用について この治療は公的保険の対象ではありませんので、当施設にて施術料をお支払いいただきます。 ・PRP 療法 GPSIIIシステム使用 1 回 132,000円(税込) ※患者さまの症状により施術料が変わる場合は別途、ご説明いたします。 その他治療についての注意事項 患者さまの体調が良くない場合や、採取した血液の状態によっては、PRP を分離できないこ とがあります。 その際には、再度採血をさせていただく場合があります。 ま",,
C,P00298,F0292,関東,東京都,東京城南整形外科,東京城南整形外科,東京城南整形外科,第三種,四肢の靭帯、筋腱付着部およびスポーツ傷害を対象とした自家多血小板血漿（PRP）注入療法,PRP,AUTO,1.0,https://saiseiiryo.mhlw.go.jp/published_plan/download/02C2603015/5/0,40000,税込,1 回,TriCeLL,TriCeLL系,9,,"そのため、患者様の費用負担 が他の治療よりも高額になることがあります。当院において実施される本治療および本 治療に必要な検査などの費用は全額自己負担となります。 血液分離専用容器キットによる施術料1 回: TriCeLL PRP キット:77,000 円(税込) 京セラコンデンシアキット:40,000 円(税込) ※患者様の症状によっては、治療を数回行うことがあります。治療前、または治 療後の状態から担当医師が判断し、患者様にお伝えしご相談させて頂きます。 ※治療内容・回数により1回あたりの費用が減額される場合がございます。施術する 前に詳細な説明をいたしますので、ご納得いただいた上で施術いただきますようお 願い申し上げます。",,
C,P00298,F0292,関東,東京都,東京城南整形外科,東京城南整形外科,東京城南整形外科,第三種,四肢の靭帯、筋腱付着部およびスポーツ傷害を対象とした自家多血小板血漿（PRP）注入療法,PRP,AUTO,1.0,https://saiseiiryo.mhlw.go.jp/published_plan/download/02C2603015/5/0,77000,税込,1 回,TriCeLL,TriCeLL系,9,,"この治療は、健康保険がご使用できない自由診療です。そのため、患者様の費用負担 が他の治療よりも高額になることがあります。当院において実施される本治療および本 治療に必要な検査などの費用は全額自己負担となります。 血液分離専用容器キットによる施術料1 回: TriCeLL PRP キット:77,000 円(税込) 京セラコンデンシアキット:40,000 円(税込) ※患者様の症状によっては、治療を数回行うことがあります。治療前、または治 療後の状態から担当医師が判断し、患者様にお伝えしご相談させて頂きます。 ※治療内容・回数により1回あたりの費用が減額される場合がございます。施術する 前に詳細な説明をいたしますので、ご納得いただ",,
C,P00298,F0292,関東,東京都,東京城南整形外科,東京城南整形外科,東京城南整形外科,第三種,四肢の靭帯、筋腱付着部およびスポーツ傷害を対象とした自家多血小板血漿（PRP）注入療法,PRP,AUTO,1.0,https://saiseiiryo.mhlw.go.jp/published_plan/download/02C2603015/5/0,5000,不明,,TriCeLL,TriCeLL系,-6,,"た同様に、治療を受けることに同意した場合であっても、投与までの間でしたら、 いつでも取りやめることができます。この場合でも、一切不利益を受けません。 ただしキャンセル料はご負担いただきます。 【採血後のキャンセル料】 TriCeLL PRP キット:6,000 円 京セラコンデンシアキット:5,000 円 【加工後のキャンセル料】 TriCeLL PRP キット:60,000 円 京セラコンデンシアキット:30,000 円 もしこの治療を受けることに同意されない場合も、最適と考えられる治療を実施でき るように患者様の治療に最善を尽くします。 ただし、治療を行った後は、健康管理・アフターフォローのために必要に応じて適切 な検査",,
C,P00298,F0292,関東,東京都,東京城南整形外科,東京城南整形外科,東京城南整形外科,第三種,四肢の靭帯、筋腱付着部およびスポーツ傷害を対象とした自家多血小板血漿（PRP）注入療法,PRP,AUTO,1.0,https://saiseiiryo.mhlw.go.jp/published_plan/download/02C2603015/5/0,6000,不明,,TriCeLL,TriCeLL系,-6,,"、一切不利益を受けることはありません。 また同様に、治療を受けることに同意した場合であっても、投与までの間でしたら、 いつでも取りやめることができます。この場合でも、一切不利益を受けません。 ただしキャンセル料はご負担いただきます。 【採血後のキャンセル料】 TriCeLL PRP キット:6,000 円 京セラコンデンシアキット:5,000 円 【加工後のキャンセル料】 TriCeLL PRP キット:60,000 円 京セラコンデンシアキット:30,000 円 もしこの治療を受けることに同意されない場合も、最適と考えられる治療を実施でき るように患者様の治療に最善を尽くします。 ただし、治療を行った後は、健康管理・アフ",,
C,P00298,F0292,関東,東京都,東京城南整形外科,東京城南整形外科,東京城南整形外科,第三種,四肢の靭帯、筋腱付着部およびスポーツ傷害を対象とした自家多血小板血漿（PRP）注入療法,PRP,AUTO,1.0,https://saiseiiryo.mhlw.go.jp/published_plan/download/02C2603015/5/0,30000,不明,,TriCeLL,TriCeLL系,-6,,"不利益を受けません。 ただしキャンセル料はご負担いただきます。 【採血後のキャンセル料】 TriCeLL PRP キット:6,000 円 京セラコンデンシアキット:5,000 円 【加工後のキャンセル料】 TriCeLL PRP キット:60,000 円 京セラコンデンシアキット:30,000 円 もしこの治療を受けることに同意されない場合も、最適と考えられる治療を実施でき るように患者様の治療に最善を尽くします。 ただし、治療を行った後は、健康管理・アフターフォローのために必要に応じて適切 な検査を受けていただき、医学的に問題がないかを確認させていただきます。 11. 試料等の保管及び廃棄の方法について この治療",,
C,P00298,F0292,関東,東京都,東京城南整形外科,東京城南整形外科,東京城南整形外科,第三種,四肢の靭帯、筋腱付着部およびスポーツ傷害を対象とした自家多血小板血漿（PRP）注入療法,PRP,AUTO,1.0,https://saiseiiryo.mhlw.go.jp/published_plan/download/02C2603015/5/0,60000,不明,,TriCeLL,TriCeLL系,-6,,"も取りやめることができます。この場合でも、一切不利益を受けません。 ただしキャンセル料はご負担いただきます。 【採血後のキャンセル料】 TriCeLL PRP キット:6,000 円 京セラコンデンシアキット:5,000 円 【加工後のキャンセル料】 TriCeLL PRP キット:60,000 円 京セラコンデンシアキット:30,000 円 もしこの治療を受けることに同意されない場合も、最適と考えられる治療を実施でき るように患者様の治療に最善を尽くします。 ただし、治療を行った後は、健康管理・アフターフォローのために必要に応じて適切 な検査を受けていただき、医学的に問題がないかを確認させていただきます。 11. 試料",,
C,P00299,F0278,関東,東京都,慶應義塾大学病院,慶應義塾大学病院,慶應義塾大学病院,第三種,自己多血小板血漿（PRP）を用いた靭帯・腱・腱付着部・筋肉の損傷に対する治療,PRP,AUTO,1.0,https://saiseiiryo.mhlw.go.jp/published_plan/download/02C2605040/5/0,120000,税別,1回,,,9,,"か かる費用、注入に対する痛み止め2日分の総額です。また、一度の治療で左右両 側に投与する場合は、下記の1回分の2倍(2回分)の費用がかかります。 ! 白血球をほとんど含まないPRP 治療1回(1 部位) 270,000 円(税抜) ! 白血球を含むPRP 治療1回(1 部位) 120,000 円(税抜) (3) 採血後やPRP 調製後に本治療への同意を撤回され、治療を中止する場合は、それ 第1.4 版 2025 年9 月10 日作成 9 までにかかった費用(採血後からPRP 調製前までの同意撤回:診査料+採血料、 PRP 調製後の同意撤回:診査料+採血料+PRP 調製料)として、以下のキャンセ ル費をご負担いただきます。",,
C,P00299,F0278,関東,東京都,慶應義塾大学病院,慶應義塾大学病院,慶應義塾大学病院,第三種,自己多血小板血漿（PRP）を用いた靭帯・腱・腱付着部・筋肉の損傷に対する治療,PRP,AUTO,1.0,https://saiseiiryo.mhlw.go.jp/published_plan/download/02C2605040/5/0,270000,税別,1回,,,9,,"医師に係る 費用(診査料)、PRP 調製のための採血にかかる費用、PRP 調製費用、注入にか かる費用、注入に対する痛み止め2日分の総額です。また、一度の治療で左右両 側に投与する場合は、下記の1回分の2倍(2回分)の費用がかかります。 ! 白血球をほとんど含まないPRP 治療1回(1 部位) 270,000 円(税抜) ! 白血球を含むPRP 治療1回(1 部位) 120,000 円(税抜) (3) 採血後やPRP 調製後に本治療への同意を撤回され、治療を中止する場合は、それ 第1.4 版 2025 年9 月10 日作成 9 までにかかった費用(採血後からPRP 調製前までの同意撤回:診査料+採血料、 PRP 調製後の同",,
C,P00299,F0278,関東,東京都,慶應義塾大学病院,慶應義塾大学病院,慶應義塾大学病院,第三種,自己多血小板血漿（PRP）を用いた靭帯・腱・腱付着部・筋肉の損傷に対する治療,PRP,AUTO,1.0,https://saiseiiryo.mhlw.go.jp/published_plan/download/02C2605040/5/0,50000,税別,,,,0,,"日作成 9 までにかかった費用(採血後からPRP 調製前までの同意撤回:診査料+採血料、 PRP 調製後の同意撤回:診査料+採血料+PRP 調製料)として、以下のキャンセ ル費をご負担いただきます。 【キャンセル費】 ! 白血球をほとんど含まないPRP 治療: 採血後(PRP 調製前):50,000 円(税抜)、PRP 調製後:250,000 円(税抜) ! 白血球を含むPRP 治療: 採血後(PRP 調製前):50,000 円(税抜)、PRP 調製後:100,000 円(税抜) (4) PRP が規格を満たさず、投与できなかった場合には、採血までにかかった費用(診 査料+採血料)として、50,000 円(税抜)をご負担いただきま",,
C,P00299,F0278,関東,東京都,慶應義塾大学病院,慶應義塾大学病院,慶應義塾大学病院,第三種,自己多血小板血漿（PRP）を用いた靭帯・腱・腱付着部・筋肉の損傷に対する治療,PRP,AUTO,1.0,https://saiseiiryo.mhlw.go.jp/published_plan/download/02C2605040/5/0,100000,税別,,,,0,,"セ ル費をご負担いただきます。 【キャンセル費】 ! 白血球をほとんど含まないPRP 治療: 採血後(PRP 調製前):50,000 円(税抜)、PRP 調製後:250,000 円(税抜) ! 白血球を含むPRP 治療: 採血後(PRP 調製前):50,000 円(税抜)、PRP 調製後:100,000 円(税抜) (4) PRP が規格を満たさず、投与できなかった場合には、採血までにかかった費用(診 査料+採血料)として、50,000 円(税抜)をご負担いただきますのでご了承くだ さい。 10. 健康被害が発生した際の処置と補償について 本治療が原因で健康被害が生じた場合には、適切な処置を行います。また、本治療 が原因で重大な健康被",,
C,P00299,F0278,関東,東京都,慶應義塾大学病院,慶應義塾大学病院,慶應義塾大学病院,第三種,自己多血小板血漿（PRP）を用いた靭帯・腱・腱付着部・筋肉の損傷に対する治療,PRP,AUTO,1.0,https://saiseiiryo.mhlw.go.jp/published_plan/download/02C2605040/5/0,250000,税別,,,,0,,"後からPRP 調製前までの同意撤回:診査料+採血料、 PRP 調製後の同意撤回:診査料+採血料+PRP 調製料)として、以下のキャンセ ル費をご負担いただきます。 【キャンセル費】 ! 白血球をほとんど含まないPRP 治療: 採血後(PRP 調製前):50,000 円(税抜)、PRP 調製後:250,000 円(税抜) ! 白血球を含むPRP 治療: 採血後(PRP 調製前):50,000 円(税抜)、PRP 調製後:100,000 円(税抜) (4) PRP が規格を満たさず、投与できなかった場合には、採血までにかかった費用(診 査料+採血料)として、50,000 円(税抜)をご負担いただきますのでご了承くだ さい。 10. 健康被害",,
C,P00301,F0215,関東,東京都,一般社団法人SOL SOL整形外科世田谷スポーツクリニック,一般社団法人SOL SOL整形外科世田谷スポーツクリニック,一般社団法人SOL SOL整形外科世田谷スポーツクリニック,第三種,多血小板血漿（PRP）を用いた整形外科領域における軟部組織治療,PRP,AUTO,0.9874,https://saiseiiryo.mhlw.go.jp/published_plan/download/01C2206037/5/0,40000,税別,,ACP,Arthrex,8,,"りますが、患者 様個人を特定できる内容が使われることはありません。 治療にかかる費用について この治療は公的保険の対象ではありませんので、当院所定の施術料をお支払いいただきま す。 ・アースレックス社製 ACP 40,000 円(税抜) ・DSM バイオメディカル社製 PRP システム 30ml キット仕様 200,000 円(税抜) 60ml キット仕様 300,000 円(税抜) 症状などにより治療費は変動する可能性がございます。 詳細やご不明な点は医師またはスタッフにお尋ね下さい。 施術後、患者様の個人的な",,
C,P00301,F0215,関東,東京都,一般社団法人SOL SOL整形外科世田谷スポーツクリニック,一般社団法人SOL SOL整形外科世田谷スポーツクリニック,一般社団法人SOL SOL整形外科世田谷スポーツクリニック,第三種,多血小板血漿（PRP）を用いた整形外科領域における軟部組織治療,PRP,AUTO,0.9874,https://saiseiiryo.mhlw.go.jp/published_plan/download/01C2206037/5/0,200000,税別,,ACP,Arthrex,8,,"この治療は公的保険の対象ではありませんので、当院所定の施術料をお支払いいただきま す。 ・アースレックス社製 ACP 40,000 円(税抜) ・DSM バイオメディカル社製 PRP システム 30ml キット仕様 200,000 円(税抜) 60ml キット仕様 300,000 円(税抜) 症状などにより治療費は変動する可能性がございます。 詳細やご不明な点は医師またはスタッフにお尋ね下さい。 施術後、患者様の個人的な事情及び金銭等に関する問題に関しては一切の責を負いかねます のでご了承ください。 本治療の実",,
C,P00301,F0215,関東,東京都,一般社団法人SOL SOL整形外科世田谷スポーツクリニック,一般社団法人SOL SOL整形外科世田谷スポーツクリニック,一般社団法人SOL SOL整形外科世田谷スポーツクリニック,第三種,多血小板血漿（PRP）を用いた整形外科領域における軟部組織治療,PRP,AUTO,0.9874,https://saiseiiryo.mhlw.go.jp/published_plan/download/01C2206037/5/0,300000,税別,,ACP,Arthrex,8,,"ませんので、当院所定の施術料をお支払いいただきま す。 ・アースレックス社製 ACP 40,000 円(税抜) ・DSM バイオメディカル社製 PRP システム 30ml キット仕様 200,000 円(税抜) 60ml キット仕様 300,000 円(税抜) 症状などにより治療費は変動する可能性がございます。 詳細やご不明な点は医師またはスタッフにお尋ね下さい。 施術後、患者様の個人的な事情及び金銭等に関する問題に関しては一切の責を負いかねます のでご了承ください。 本治療の実施体制 本治療は、以下の",,
C,P00302,F0207,関東,東京都,AR-Ex尾山台整形外科,AR-Ex尾山台整形外科,AR-Ex尾山台整形外科,第三種,自家多血小板血漿（PRP）を用いた筋肉、腱、靭帯、筋膜の損傷及び慢性炎症の治療（関節外の軟部組織）,PRP,QC,1.0,https://saiseiiryo.mhlw.go.jp/published_plan/download/01C2503075/5/0,50000,税別,1 回(1 部位),ACP,Arthrex,6,7,"費用(税別) ACP およびハンドメイド 1 回(1 部位) 50,000 円 ACP およびハンドメイド(学割) 1 回(1 部位) 35,000 円",price candidates remain ambiguous,
C,P00302,F0207,関東,東京都,AR-Ex尾山台整形外科,AR-Ex尾山台整形外科,AR-Ex尾山台整形外科,第三種,自家多血小板血漿（PRP）を用いた筋肉、腱、靭帯、筋膜の損傷及び慢性炎症の治療（関節外の軟部組織）,PRP,QC,1.0,https://saiseiiryo.mhlw.go.jp/published_plan/download/01C2503075/5/0,150000,不明,1 回(1 部位),ACP MAX|ACP,Arthrex,5,7,"1 回(1 部位) 95,000 円 ACP MAX 1 回(1 部位) 150,000 円 (3) 採血を開始してからのキャンセルについては、キャンセル費用をいただ きます。",price candidates remain ambiguous,
C,P00302,F0207,関東,東京都,AR-Ex尾山台整形外科,AR-Ex尾山台整形外科,AR-Ex尾山台整形外科,第三種,自家多血小板血漿（PRP）を用いた筋肉、腱、靭帯、筋膜の損傷及び慢性炎症の治療（関節外の軟部組織）,PRP,QC,1.0,https://saiseiiryo.mhlw.go.jp/published_plan/download/01C2503075/5/0,35000,不明,1 回(1 部位),ACP,Arthrex,2,7,"1 回(1 部位) 50,000 円 ACP およびハンドメイド(学割) 1 回(1 部位) 35,000 円 ACP ダブルショット 1 回(1 部位) 95,000 円",price candidates remain ambiguous,
C,P00302,F0207,関東,東京都,AR-Ex尾山台整形外科,AR-Ex尾山台整形外科,AR-Ex尾山台整形外科,第三種,自家多血小板血漿（PRP）を用いた筋肉、腱、靭帯、筋膜の損傷及び慢性炎症の治療（関節外の軟部組織）,PRP,QC,1.0,https://saiseiiryo.mhlw.go.jp/published_plan/download/01C2503075/5/0,95000,不明,1 回(1 部位),ACP MAX|ACP,Arthrex,2,7,"1 回(1 部位) 35,000 円 ACP ダブルショット 1 回(1 部位) 95,000 円 ACP MAX 1 回(1 部位) 150,000 円",price candidates remain ambiguous,
C,P00303,F0318,関東,東京都,一般社団法人雲動会 あおぞらクリニック整形外科,一般社団法人雲動会 あおぞらクリニック整形外科,一般社団法人雲動会 あおぞらクリニック整形外科,第三種,四肢の筋・腱・靱帯及びその付着部の傷害を対象とした自家多血小板血漿（PRP）注入療法,PRP,AUTO,1.0,https://saiseiiryo.mhlw.go.jp/published_plan/download/01C2503021/5/0,55000,税込,1 回,,,9,,"がご使用できない自由診療です。そのため、患者様の費用負担 が他の治療よりも高額になることがあります。当院において実施される本治療および本 治療に必要な検査などの費用は全額自己負担となります。 血液分離専用容器キットによる施術料1 回: 3種:PRP 血液分離専用容器キットによる施術料1 回 55,000円(税込) ※患者様の症状によっては、治療を数回行うことがあります。治療前、または治 療後の状態から担当医師が判断し、患者様にお伝えしご相談させて頂きます。 ※治療内容・回数により1回あたりの費用が減額される場合がございます。施術する 前に詳細な説明をいたしますので、ご納得いただいた上で施術いただきますようお 願い申し上げます。",,
C,P00303,F0318,関東,東京都,一般社団法人雲動会 あおぞらクリニック整形外科,一般社団法人雲動会 あおぞらクリニック整形外科,一般社団法人雲動会 あおぞらクリニック整形外科,第三種,四肢の筋・腱・靱帯及びその付着部の傷害を対象とした自家多血小板血漿（PRP）注入療法,PRP,AUTO,1.0,https://saiseiiryo.mhlw.go.jp/published_plan/download/01C2503021/5/0,5000,不明,,,,-8,,"を受けた後に同意されない場合でも、一切不利益を受けることはありません。 また同様に、治療を受けることに同意した場合であっても、投与までの間でしたら、 いつでも取りやめることができます。この場合でも、一切不利益を受けません。 (採血等にかかる実費等はご負担いただきます。 :採血後のキャンセル料 5,000 円 加工後のキャンセル料 35,000 円) もしこの治療を受けることに同意されない場合も、最適と考えられる治療を実施でき るように患者様の治療に最善を尽くします。 ただし、治療を行った後は、健康管理・アフターフォローのために必要に応じて適切 な検査を受けていただき、医学的に問題がないかを確認させていただきます。 11. 試料等の",,
C,P00303,F0318,関東,東京都,一般社団法人雲動会 あおぞらクリニック整形外科,一般社団法人雲動会 あおぞらクリニック整形外科,一般社団法人雲動会 あおぞらクリニック整形外科,第三種,四肢の筋・腱・靱帯及びその付着部の傷害を対象とした自家多血小板血漿（PRP）注入療法,PRP,AUTO,1.0,https://saiseiiryo.mhlw.go.jp/published_plan/download/01C2503021/5/0,35000,不明,,,,-8,,"不利益を受けることはありません。 また同様に、治療を受けることに同意した場合であっても、投与までの間でしたら、 いつでも取りやめることができます。この場合でも、一切不利益を受けません。 (採血等にかかる実費等はご負担いただきます。 :採血後のキャンセル料 5,000 円 加工後のキャンセル料 35,000 円) もしこの治療を受けることに同意されない場合も、最適と考えられる治療を実施でき るように患者様の治療に最善を尽くします。 ただし、治療を行った後は、健康管理・アフターフォローのために必要に応じて適切 な検査を受けていただき、医学的に問題がないかを確認させていただきます。 11. 試料等の保管及び廃棄の方法について この治",,
C,P00304,F0213,関東,東京都,RiCarna Clinic,RiCarna Clinic,RiCarna Clinic,第三種,自己多血小板血漿（PRP）を用いた筋・腱・靱帯損傷部の治癒促進を目的とした整形外科治療,PRP,AUTO,1.0,https://saiseiiryo.mhlw.go.jp/published_plan/download/01C2502013/5/0,220000,税込,,,,15,5,"完全には否定できない ≪治療費用≫ □治療費は、PRP1ccにつき220,000円(税込)です。 ※患部の状態を確認した医師の判断、およびそれに応じたPRPの 投与量等により変更となる場合があります※",line-level strong price context,
C,P00305,F0214,関東,東京都,SBC整形外科クリニック西新宿本院,SBC整形外科クリニック西新宿本院,SBC整形外科クリニック西新宿本院,第三種,多血小板血漿（PRP）の投与によるスポーツ外傷を含む筋、腱、靱帯損傷治療,PRP,AUTO,1.0,https://saiseiiryo.mhlw.go.jp/published_plan/download/03C2510017/5/0,40000,不明,1回,GPS|MyCells,Zimmer Biomet|MyCells系,8,,"9, No. 6, 2011よ り 9. 治療にかかる費用につい て この治療は公的保険の対象ではありませんので、当クリニック所定 の下記の施術料をお支払いいただきます。 ・PRP(MyCells®キット)を用いた治療における施術料 40,000円 ・PRP(遠沈管での製造)を用いた治療における施術料 170,000円 ・PRP(GPSIIIキット)を用いた治療における施術料 308,000円 ご不明な点は医師・スタッフにお尋ねください。なお1回の施術あ たりの費用は、患部の状態を確認した医師の判断、およびそれに応 じたPRP投与量等により変更となる場合がございます。 10. その",,
C,P00305,F0214,関東,東京都,SBC整形外科クリニック西新宿本院,SBC整形外科クリニック西新宿本院,SBC整形外科クリニック西新宿本院,第三種,多血小板血漿（PRP）の投与によるスポーツ外傷を含む筋、腱、靱帯損傷治療,PRP,AUTO,1.0,https://saiseiiryo.mhlw.go.jp/published_plan/download/03C2510017/5/0,170000,不明,1回,GPS|MyCells,Zimmer Biomet|MyCells系,8,,"この治療は公的保険の対象ではありませんので、当クリニック所定 の下記の施術料をお支払いいただきます。 ・PRP(MyCells®キット)を用いた治療における施術料 40,000円 ・PRP(遠沈管での製造)を用いた治療における施術料 170,000円 ・PRP(GPSIIIキット)を用いた治療における施術料 308,000円 ご不明な点は医師・スタッフにお尋ねください。なお1回の施術あ たりの費用は、患部の状態を確認した医師の判断、およびそれに応 じたPRP投与量等により変更となる場合がございます。 10. その他治療についての注意事 項",,
C,P00305,F0214,関東,東京都,SBC整形外科クリニック西新宿本院,SBC整形外科クリニック西新宿本院,SBC整形外科クリニック西新宿本院,第三種,多血小板血漿（PRP）の投与によるスポーツ外傷を含む筋、腱、靱帯損傷治療,PRP,AUTO,1.0,https://saiseiiryo.mhlw.go.jp/published_plan/download/03C2510017/5/0,308000,不明,1回,GPS|MyCells,Zimmer Biomet|MyCells系,8,,"公的保険の対象ではありませんので、当クリニック所定 の下記の施術料をお支払いいただきます。 ・PRP(MyCells®キット)を用いた治療における施術料 40,000円 ・PRP(遠沈管での製造)を用いた治療における施術料 170,000円 ・PRP(GPSIIIキット)を用いた治療における施術料 308,000円 ご不明な点は医師・スタッフにお尋ねください。なお1回の施術あ たりの費用は、患部の状態を確認した医師の判断、およびそれに応 じたPRP投与量等により変更となる場合がございます。 10. その他治療についての注意事 項 患者様の体調が良くない場合や、採取した血液の状態によっ",,
C,P00306,F0216,関東,東京都,TAO Clinic,TAO Clinic,TAO Clinic,第三種,自家多血小板血漿（PRP）を用いた筋肉、腱、靭帯、筋膜の損傷及び慢性炎症の治療（関節外の軟部組織）,PRP,QC,1.0,https://saiseiiryo.mhlw.go.jp/published_plan/download/01C2602015/5/0,200000,不明,,Angel,Arthrex,5,6,"HD‐PRP(Angel) 150億個 200,000円 ※上記には、採血・調製・注入の技術料が含まれます。 ※採血開始後のキャンセルは、材料等が既に使用されているため、費用全額を申し受けます。",price candidates remain ambiguous,
C,P00306,F0216,関東,東京都,TAO Clinic,TAO Clinic,TAO Clinic,第三種,自家多血小板血漿（PRP）を用いた筋肉、腱、靭帯、筋膜の損傷及び慢性炎症の治療（関節外の軟部組織）,PRP,QC,1.0,https://saiseiiryo.mhlw.go.jp/published_plan/download/01C2602015/5/0,30000,不明,,ACP MAX|ACP,Arthrex,2,6,"ACP‐PRP(通常) 20億個 30,000円 HD‐PRP(ACP MAX) 90億個",price candidates remain ambiguous,
C,P00306,F0216,関東,東京都,TAO Clinic,TAO Clinic,TAO Clinic,第三種,自家多血小板血漿（PRP）を用いた筋肉、腱、靭帯、筋膜の損傷及び慢性炎症の治療（関節外の軟部組織）,PRP,QC,1.0,https://saiseiiryo.mhlw.go.jp/published_plan/download/01C2602015/5/0,100000,不明,,ACP MAX|ACP|Angel,Arthrex,2,6,"HD‐PRP(ACP MAX) 90億個 100,000円 HD‐PRP(Angel) 150億個",price candidates remain ambiguous,
C,P00307,F0230,関東,東京都,ガーデンクリニック ザ・ホワイトデンタルクリニック 品川院,ガーデンクリニック ザ・ホワイトデンタルクリニック 品川院,ガーデンクリニック ザ・ホワイトデンタルクリニック 品川院,第三種,自家多血小板血漿（PRP）を用いた筋肉、腱、靭帯、筋膜の損傷及び慢性炎症の治療（関節外の軟部組織）,PRP,AUTO,1.0,https://saiseiiryo.mhlw.go.jp/published_plan/download/03C2110022/5/0,319000,税込,2 回分,,,9,,"て自費診療です。 (2) 本治療にかかる費用は、以下のとおりです。なお、費用は、治療に伴う診査、 自家PRP 調製のための採血にかかる費用、自家PRP 調製費用、注入にかか る費用の総額となります。左右両側に投与する場合は、2 回分です。 PRP 療法1回(1 部位) 319,000 円(税込) 11. 試料等の保存及び廃棄の方法 患者様から採取した血液と作製したPRP は、患者様ご自身の治療のみに 使用します。ただし、症例検討や学会発表を目的として、血液やPRP の測 定を行い、データを取得することがあります。 血液およびPRP は微量で全量を使用するため、保管はしません。治療に 用いない血液ま",,
C,P00308,F0231,関東,東京都,キヤンメディカルクリニック虎ノ門,キヤンメディカルクリニック虎ノ門,キヤンメディカルクリニック虎ノ門,第三種,多血小板血漿を用いた整形外科領域（関節腔内への投与を除く）の治療,PRP,QC,1.0,https://saiseiiryo.mhlw.go.jp/published_plan/download/01C2409027/5/0,,,,,,,,,no price found after text/OCR pass,Document fetched but no price candidate
C,P00309,F0262,関東,東京都,医療法人社団医生会 わせだ整形外科,医療法人社団医生会 わせだ整形外科,医療法人社団医生会 わせだ整形外科,第三種,自家多血小板血漿（PRP）を用いた筋肉、腱、靭帯、筋膜の損傷及び慢性炎症の治療（関節外の軟部組織）,PRP,QC,1.0,https://saiseiiryo.mhlw.go.jp/published_plan/download/02C2606061/5/0,44000,税込,,ACP MAX|ACP,Arthrex,3,12,"金額 (税込) ACP 44,000 円 ACP MAX 165,000円",price candidates remain ambiguous,
C,P00309,F0262,関東,東京都,医療法人社団医生会 わせだ整形外科,医療法人社団医生会 わせだ整形外科,医療法人社団医生会 わせだ整形外科,第三種,自家多血小板血漿（PRP）を用いた筋肉、腱、靭帯、筋膜の損傷及び慢性炎症の治療（関節外の軟部組織）,PRP,QC,1.0,https://saiseiiryo.mhlw.go.jp/published_plan/download/02C2606061/5/0,165000,不明,,ACP MAX|ACP|Angel,Arthrex,2,12,"44,000 円 ACP MAX 165,000円 Angel 250,000円",price candidates remain ambiguous,
C,P00309,F0262,関東,東京都,医療法人社団医生会 わせだ整形外科,医療法人社団医生会 わせだ整形外科,医療法人社団医生会 わせだ整形外科,第三種,自家多血小板血漿（PRP）を用いた筋肉、腱、靭帯、筋膜の損傷及び慢性炎症の治療（関節外の軟部組織）,PRP,QC,1.0,https://saiseiiryo.mhlw.go.jp/published_plan/download/02C2606061/5/0,44000,不明,,,,0,12,"250,000円 Condensia 44,000 円 PRGF 110,000円",price candidates remain ambiguous,
C,P00309,F0262,関東,東京都,医療法人社団医生会 わせだ整形外科,医療法人社団医生会 わせだ整形外科,医療法人社団医生会 わせだ整形外科,第三種,自家多血小板血漿（PRP）を用いた筋肉、腱、靭帯、筋膜の損傷及び慢性炎症の治療（関節外の軟部組織）,PRP,QC,1.0,https://saiseiiryo.mhlw.go.jp/published_plan/download/02C2606061/5/0,110000,不明,,,,0,12,"44,000 円 PRGF 110,000円 11. 試料の保存及び廃棄の方 法",price candidates remain ambiguous,
C,P00309,F0262,関東,東京都,医療法人社団医生会 わせだ整形外科,医療法人社団医生会 わせだ整形外科,医療法人社団医生会 わせだ整形外科,第三種,自家多血小板血漿（PRP）を用いた筋肉、腱、靭帯、筋膜の損傷及び慢性炎症の治療（関節外の軟部組織）,PRP,QC,1.0,https://saiseiiryo.mhlw.go.jp/published_plan/download/02C2606061/5/0,250000,不明,,Angel,Arthrex,0,12,"165,000円 Angel 250,000円 Condensia 44,000 円",price candidates remain ambiguous,
C,P00309,F0262,関東,東京都,医療法人社団医生会 わせだ整形外科,医療法人社団医生会 わせだ整形外科,医療法人社団医生会 わせだ整形外科,第三種,自家多血小板血漿（PRP）を用いた筋肉、腱、靭帯、筋膜の損傷及び慢性炎症の治療（関節外の軟部組織）,PRP,QC,1.0,https://saiseiiryo.mhlw.go.jp/published_plan/download/02C2606061/5/0,5500,税込,1部位,,,-5,12,"■血液検査 : 5,500円(税込・実施した場合) ■PRP・1 キット(1部位) キット名",price candidates remain ambiguous,
C,P00310,F0307,関東,東京都,社会医療法人社団東京巨樹の会 東京品川病院,社会医療法人社団東京巨樹の会 東京品川病院,社会医療法人社団東京巨樹の会 東京品川病院,第三種,自家多血小板血漿（PRP）を用いた筋肉、腱、靭帯、筋膜の損傷及び慢性炎症の治療（関節外の軟部組織）,PRP,QC,1.0,https://saiseiiryo.mhlw.go.jp/published_plan/download/03C2604051/5/0,,,,,,,,,no price found after text/OCR pass,Document fetched but no price candidate
C,P00311,F0291,関東,東京都,東京医科大学病院,東京医科大学病院,東京医科大学病院,第二種,スポーツ傷害（関節）及び変形性膝関節症を対象とした自己多血小板血漿注入療法（PRP療法、関節内）,PRP,QC,1.0,https://saiseiiryo.mhlw.go.jp/published_plan/download/03C2208001/5/0,,,,,,,,,no price found after text/OCR pass,RuntimeError: Tesseract process timeout
C,P00312,F0229,関東,東京都,一般社団法人エンパシア IIT CLINIC,一般社団法人エンパシア IIT CLINIC,一般社団法人エンパシア IIT CLINIC,第二種,自家多血小板血漿（PRP）を用いた慢性関節炎の治療（関節内組織）,PRP,QC,0.9838,https://saiseiiryo.mhlw.go.jp/published_plan/download/01C2504027/5/0,,,,,,,,,no price found after text/OCR pass,RuntimeError: Tesseract process timeout
C,P00313,F0252,関東,東京都,一般社団法人健寿会 表参道イーグルクリニック,一般社団法人健寿会 表参道イーグルクリニック,一般社団法人健寿会 表参道イーグルクリニック,第二種,自己脂肪由来幹細胞を用いた変形性関節症の治療,脂肪由来幹細胞,AUTO,1.0,https://saiseiiryo.mhlw.go.jp/published_plan/download/02C2410002/5/0,1100000,税込,1回,,,9,,"、管理 者(院長)へと報告し対応します。 再生医療事務局 電話番号:03-6630-6239 13.費用について 本治療は保険適用外であるため、治療にかかる費用全額をお支払い いただきます。その他、本治療を受けるために必要となった旅費、 交通費などの全ての費用も同様です。 本治療にかかる費用は1回 1,100,000円(税込)です。 なお、脂肪の採取後や、細胞加工物の製造後に同意を撤回された場 合など、同意を撤回される時点までに費用(治療費等)が発生して いる場合は、その時までに発生した費用についてもお支払いいただ きます。 14.他の治療法の有無、本治療法との比較について 変形性関節症の治療法には保存療法と手術療法の2つの方法があり ます。薬物投与",,
C,P00314,F0252,関東,東京都,一般社団法人健寿会 表参道イーグルクリニック,一般社団法人健寿会 表参道イーグルクリニック,一般社団法人健寿会 表参道イーグルクリニック,第二種,多血小板血漿を用いた変形性関節症の治療,PRP,AUTO,1.0,https://saiseiiryo.mhlw.go.jp/published_plan/download/02C2410004/5/0,55000,税込,1回,,,9,,"対応させていただきます。 再生医療事務局 電話番号:03-6630-6239 13.費用について 本治療は保険の適用外であるため、自由診療として提供いたしま す。そのため、本治療を提供するために必要となる費用につきまし てはあなたに全額ご負担いただく必要がございます。治療に必要と なる費用は1回 55,000円(税込)となります。 なお、細胞の採取後や加工後に同意を撤回された場合など、同意 を撤回される時点までに費用が発生している場合は、発生した費用 についてはあなたにご負担いただきますのでご了承ください。 14.他の治療法の有無、本治療法との比較について 変形性関節症の治療法には保存療法と手術療法の2つの方法があ ります。薬物投与、装具装",,
C,P00315,F0242,関東,東京都,三軒茶屋整形外科・スポーツクリニック,三軒茶屋整形外科・スポーツクリニック,三軒茶屋整形外科・スポーツクリニック,第二種,多血小板血漿抽出液による関節症治療,PRP/APS,AUTO,1.0,https://saiseiiryo.mhlw.go.jp/published_plan/download/01C1906018/5/0,100000,不明,,APS|GPS|Zimmer,Zimmer Biomet,7,,"者(院長)へと報告して対応させていただきます。 窓口部署:事務 連絡先:03-3487-8341 12.費用について この治療は公的保険の対象ではありませんので、当院所定の施術料をお支払いいただきます。 ・ZIMMER BIOMET 製 GPS®IIIシステム使用 100,000円~200,000円 (APSキットを使用せず、作製したPRPをそのまま使用する場合) GPS®IIIシステム、APSキット使用 300,000円~400,000円 (APSキットを使用してさらに抽出を行い純度を高めて使用する場合) ※患者様の症状により治療費が変動いたします。 施術後、患者様の",,
C,P00315,F0242,関東,東京都,三軒茶屋整形外科・スポーツクリニック,三軒茶屋整形外科・スポーツクリニック,三軒茶屋整形外科・スポーツクリニック,第二種,多血小板血漿抽出液による関節症治療,PRP/APS,AUTO,1.0,https://saiseiiryo.mhlw.go.jp/published_plan/download/01C1906018/5/0,200000,不明,,APS|GPS|Zimmer,Zimmer Biomet,7,,"して対応させていただきます。 窓口部署:事務 連絡先:03-3487-8341 12.費用について この治療は公的保険の対象ではありませんので、当院所定の施術料をお支払いいただきます。 ・ZIMMER BIOMET 製 GPS®IIIシステム使用 100,000円~200,000円 (APSキットを使用せず、作製したPRPをそのまま使用する場合) GPS®IIIシステム、APSキット使用 300,000円~400,000円 (APSキットを使用してさらに抽出を行い純度を高めて使用する場合) ※患者様の症状により治療費が変動いたします。 施術後、患者様の個人的な事情及び金",,
C,P00315,F0242,関東,東京都,三軒茶屋整形外科・スポーツクリニック,三軒茶屋整形外科・スポーツクリニック,三軒茶屋整形外科・スポーツクリニック,第二種,多血小板血漿抽出液による関節症治療,PRP/APS,AUTO,1.0,https://saiseiiryo.mhlw.go.jp/published_plan/download/01C1906018/5/0,300000,不明,,APS|GPS|Zimmer,Zimmer Biomet,7,,"施術料をお支払いいただきます。 ・ZIMMER BIOMET 製 GPS®IIIシステム使用 100,000円~200,000円 (APSキットを使用せず、作製したPRPをそのまま使用する場合) GPS®IIIシステム、APSキット使用 300,000円~400,000円 (APSキットを使用してさらに抽出を行い純度を高めて使用する場合) ※患者様の症状により治療費が変動いたします。 施術後、患者様の個人的な事情及び金銭等に関する問題に関しては一切の責を負いかねますのでご了 承ください。 なお、細胞の採取後や加工後に同意を撤回された場合など、同意を撤回される時点までに費用が",,
C,P00315,F0242,関東,東京都,三軒茶屋整形外科・スポーツクリニック,三軒茶屋整形外科・スポーツクリニック,三軒茶屋整形外科・スポーツクリニック,第二種,多血小板血漿抽出液による関節症治療,PRP/APS,AUTO,1.0,https://saiseiiryo.mhlw.go.jp/published_plan/download/01C1906018/5/0,400000,不明,,APS|GPS|Zimmer,Zimmer Biomet,7,,"ただきます。 ・ZIMMER BIOMET 製 GPS®IIIシステム使用 100,000円~200,000円 (APSキットを使用せず、作製したPRPをそのまま使用する場合) GPS®IIIシステム、APSキット使用 300,000円~400,000円 (APSキットを使用してさらに抽出を行い純度を高めて使用する場合) ※患者様の症状により治療費が変動いたします。 施術後、患者様の個人的な事情及び金銭等に関する問題に関しては一切の責を負いかねますのでご了 承ください。 なお、細胞の採取後や加工後に同意を撤回された場合など、同意を撤回される時点までに費用が発生し ている場合",,
C,P00316,F0243,関東,東京都,上石神井オチクリニック整形外科,上石神井オチクリニック整形外科,上石神井オチクリニック整形外科,第二種,自己多血小板血漿（PRP）療法（治療対象：関節炎・変形性関節症）,PRP,AUTO,1.0,https://saiseiiryo.mhlw.go.jp/published_plan/download/02C2601089/5/0,55000,税込,3回分,,,9,18,"(60mL)につき、投与3回分(各投与約5mL、最大で約15mL)の PRPを製造いたします。 PRPを用いた投与1回分(1部位) 55,000円(税込) ※投与3回行った場合、1回55,000円×3回=165,000円となります。 ただし、2回目及び3回目の採血はございません。",line-level strong price context,
C,P00317,F0209,関東,東京都,医療法人社団ICVS 東京クリニック,医療法人社団ICVS 東京クリニック,医療法人社団ICVS 東京クリニック,第二種,慢性筋骨格系疼痛の緩和を目的とした自己脂肪由来間葉系幹細胞治療（動脈投与）,脂肪由来MSC,QC,1.0,https://saiseiiryo.mhlw.go.jp/published_plan/download/02C2605064/5/0,15400,不明,,,,7,9,"1.外来初診料 [11,000 円] 問診(痛みの評価等および医師とのカウンセリング)の料金が含まれています。 2. 事前検査の料金 [15,400 円] 感染症の検査※・血液検査(生化学/血球数算定検査)・心電図・CAVI 検査などの料金が含まれています。 (※HIV 抗原・抗体同時定性、HCV 抗体/CLEIA、HBs 抗原/CLIA、HBe 抗原/CLIA、HTLV1 抗体",price candidates remain ambiguous,
C,P00317,F0209,関東,東京都,医療法人社団ICVS 東京クリニック,医療法人社団ICVS 東京クリニック,医療法人社団ICVS 東京クリニック,第二種,慢性筋骨格系疼痛の緩和を目的とした自己脂肪由来間葉系幹細胞治療（動脈投与）,脂肪由来MSC,QC,1.0,https://saiseiiryo.mhlw.go.jp/published_plan/download/02C2605064/5/0,29700,不明,,,,6,10,"処置費用(装置の使用料を含む) エコー下による投与 29,700 円 CT 下による投与 104,700 円",price candidates remain ambiguous,
C,P00317,F0209,関東,東京都,医療法人社団ICVS 東京クリニック,医療法人社団ICVS 東京クリニック,医療法人社団ICVS 東京クリニック,第二種,慢性筋骨格系疼痛の緩和を目的とした自己脂肪由来間葉系幹細胞治療（動脈投与）,脂肪由来MSC,QC,1.0,https://saiseiiryo.mhlw.go.jp/published_plan/download/02C2605064/5/0,38500,不明,1 回,,,6,10,"0 円 投与予定日の2営業日前より当日 38,500 円 5.各種装置(CT/エコー)下による投与において生じる費用 局所投与や動脈投与でエコー・ CT などの装置を用いる場合については、1 回の投与あたり下記の費用(装",price candidates remain ambiguous,
C,P00317,F0209,関東,東京都,医療法人社団ICVS 東京クリニック,医療法人社団ICVS 東京クリニック,医療法人社団ICVS 東京クリニック,第二種,慢性筋骨格系疼痛の緩和を目的とした自己脂肪由来間葉系幹細胞治療（動脈投与）,脂肪由来MSC,QC,1.0,https://saiseiiryo.mhlw.go.jp/published_plan/download/02C2605064/5/0,104700,不明,,,,3,10,"29,700 円 CT 下による投与 104,700 円 エックス線透視装置下による処置 100,000 円",price candidates remain ambiguous,
C,P00317,F0209,関東,東京都,医療法人社団ICVS 東京クリニック,医療法人社団ICVS 東京クリニック,医療法人社団ICVS 東京クリニック,第二種,慢性筋骨格系疼痛の緩和を目的とした自己脂肪由来間葉系幹細胞治療（動脈投与）,脂肪由来MSC,QC,1.0,https://saiseiiryo.mhlw.go.jp/published_plan/download/02C2605064/5/0,450000,不明,,,,3,10,"アンギオ装置による処置 (マイクロカテーテル使用あり) 450,000 円 6.再診料 [5,500 円/回] フォローアップの血液検査(生化学/血球数算定検査)を行う費用(2,750 円)については別途必要です。",price candidates remain ambiguous,
C,P00317,F0209,関東,東京都,医療法人社団ICVS 東京クリニック,医療法人社団ICVS 東京クリニック,医療法人社団ICVS 東京クリニック,第二種,慢性筋骨格系疼痛の緩和を目的とした自己脂肪由来間葉系幹細胞治療（動脈投与）,脂肪由来MSC,QC,1.0,https://saiseiiryo.mhlw.go.jp/published_plan/download/02C2605064/5/0,6050000,不明,,,,2,9,"3, 960,000 円 4,950,000 円 6,050,000 円 7,150,000 円 幹細胞培養治療",price candidates remain ambiguous,
C,P00317,F0209,関東,東京都,医療法人社団ICVS 東京クリニック,医療法人社団ICVS 東京クリニック,医療法人社団ICVS 東京クリニック,第二種,慢性筋骨格系疼痛の緩和を目的とした自己脂肪由来間葉系幹細胞治療（動脈投与）,脂肪由来MSC,QC,1.0,https://saiseiiryo.mhlw.go.jp/published_plan/download/02C2605064/5/0,7150000,不明,,,,2,9,"4,950,000 円 6,050,000 円 7,150,000 円 幹細胞培養治療 費(解凍培養・2",price candidates remain ambiguous,
C,P00317,F0209,関東,東京都,医療法人社団ICVS 東京クリニック,医療法人社団ICVS 東京クリニック,医療法人社団ICVS 東京クリニック,第二種,慢性筋骨格系疼痛の緩和を目的とした自己脂肪由来間葉系幹細胞治療（動脈投与）,脂肪由来MSC,QC,1.0,https://saiseiiryo.mhlw.go.jp/published_plan/download/02C2605064/5/0,2750,不明,,,,0,10,"450,000 円 6.再診料 [5,500 円/回] フォローアップの血液検査(生化学/血球数算定検査)を行う費用(2,750 円)については別途必要です。 また、必要に応じて血液検査の他に検査項目が追加されることがあります。 細胞投与後は、投与後およそ1・3・6・12 か月にご来院いただきますよう、お願い申し上げます。",price candidates remain ambiguous,
C,P00317,F0209,関東,東京都,医療法人社団ICVS 東京クリニック,医療法人社団ICVS 東京クリニック,医療法人社団ICVS 東京クリニック,第二種,慢性筋骨格系疼痛の緩和を目的とした自己脂肪由来間葉系幹細胞治療（動脈投与）,脂肪由来MSC,QC,1.0,https://saiseiiryo.mhlw.go.jp/published_plan/download/02C2605064/5/0,100000,不明,,,,0,10,"104,700 円 エックス線透視装置下による処置 100,000 円 アンギオ装置による処置(マイクロカテーテル使用 なし/通常の太さのカテーテル使用)",price candidates remain ambiguous,
C,P00317,F0209,関東,東京都,医療法人社団ICVS 東京クリニック,医療法人社団ICVS 東京クリニック,医療法人社団ICVS 東京クリニック,第二種,慢性筋骨格系疼痛の緩和を目的とした自己脂肪由来間葉系幹細胞治療（動脈投与）,脂肪由来MSC,QC,1.0,https://saiseiiryo.mhlw.go.jp/published_plan/download/02C2605064/5/0,400000,不明,,,,0,10,"アンギオ装置による処置(マイクロカテーテル使用 なし/通常の太さのカテーテル使用) 400,000 円 アンギオ装置による処置 (マイクロカテーテル使用あり)",price candidates remain ambiguous,
C,P00317,F0209,関東,東京都,医療法人社団ICVS 東京クリニック,医療法人社団ICVS 東京クリニック,医療法人社団ICVS 東京クリニック,第二種,慢性筋骨格系疼痛の緩和を目的とした自己脂肪由来間葉系幹細胞治療（動脈投与）,脂肪由来MSC,QC,1.0,https://saiseiiryo.mhlw.go.jp/published_plan/download/02C2605064/5/0,960000,不明,,,,0,9,"回) 2,970,000 円 3, 960,000 円 4,950,000 円 6,050,000 円",price candidates remain ambiguous,
C,P00317,F0209,関東,東京都,医療法人社団ICVS 東京クリニック,医療法人社団ICVS 東京クリニック,医療法人社団ICVS 東京クリニック,第二種,慢性筋骨格系疼痛の緩和を目的とした自己脂肪由来間葉系幹細胞治療（動脈投与）,脂肪由来MSC,QC,1.0,https://saiseiiryo.mhlw.go.jp/published_plan/download/02C2605064/5/0,2255000,不明,2 回,,,0,9,"費(解凍培養・2 回目) 2,255,000 円 3,355,000 円 4,400,000 円",price candidates remain ambiguous,
C,P00317,F0209,関東,東京都,医療法人社団ICVS 東京クリニック,医療法人社団ICVS 東京クリニック,医療法人社団ICVS 東京クリニック,第二種,慢性筋骨格系疼痛の緩和を目的とした自己脂肪由来間葉系幹細胞治療（動脈投与）,脂肪由来MSC,QC,1.0,https://saiseiiryo.mhlw.go.jp/published_plan/download/02C2605064/5/0,2970000,不明,,,,0,9,"費(初代培養・初 回) 2,970,000 円 3, 960,000 円 4,950,000 円",price candidates remain ambiguous,
C,P00317,F0209,関東,東京都,医療法人社団ICVS 東京クリニック,医療法人社団ICVS 東京クリニック,医療法人社団ICVS 東京クリニック,第二種,慢性筋骨格系疼痛の緩和を目的とした自己脂肪由来間葉系幹細胞治療（動脈投与）,脂肪由来MSC,QC,1.0,https://saiseiiryo.mhlw.go.jp/published_plan/download/02C2605064/5/0,3355000,不明,,,,0,9,"回目) 2,255,000 円 3,355,000 円 4,400,000 円 4,840,000 円",price candidates remain ambiguous,
C,P00317,F0209,関東,東京都,医療法人社団ICVS 東京クリニック,医療法人社団ICVS 東京クリニック,医療法人社団ICVS 東京クリニック,第二種,慢性筋骨格系疼痛の緩和を目的とした自己脂肪由来間葉系幹細胞治療（動脈投与）,脂肪由来MSC,QC,1.0,https://saiseiiryo.mhlw.go.jp/published_plan/download/02C2605064/5/0,4400000,不明,,,,0,9,"2,255,000 円 3,355,000 円 4,400,000 円 4,840,000 円 5,720,000 円",price candidates remain ambiguous,
C,P00317,F0209,関東,東京都,医療法人社団ICVS 東京クリニック,医療法人社団ICVS 東京クリニック,医療法人社団ICVS 東京クリニック,第二種,慢性筋骨格系疼痛の緩和を目的とした自己脂肪由来間葉系幹細胞治療（動脈投与）,脂肪由来MSC,QC,1.0,https://saiseiiryo.mhlw.go.jp/published_plan/download/02C2605064/5/0,4840000,不明,,,,0,9,"3,355,000 円 4,400,000 円 4,840,000 円 5,720,000 円 4.キャンセル料/変更料",price candidates remain ambiguous,
C,P00318,F0210,関東,東京都,医療法人社団IHOC 稲城平尾整形外科クリニック,医療法人社団IHOC 稲城平尾整形外科クリニック,医療法人社団IHOC 稲城平尾整形外科クリニック,第二種,自家多血小板血漿（PRP）を用いた慢性関節炎の治療（関節内組織）,PRP,AUTO,0.9838,https://saiseiiryo.mhlw.go.jp/published_plan/download/01C2503011/5/0,203500,税込,2 回分,ACP MAX|ACP|Angel,Arthrex,9,,"0. 治療費用 (1) 本治療は、すべて自費診療であり、健康保険を使用することは できません。 (2) 本治療にかかる費用は、以下のとおりです。 キット 費用(税込) ACP 片側 33,000 円 ACP MAX 片側 165,000 円 Angel 片側 203,500 円 Angel 両側 330,000 円  上記料金表にはPRP 調製のための採血費用、PRP 調製費用が 含まれます。  診察、検査および投与にかかる費用は別途お支払いいただきます。 医師よりご説明しますので必ずご確認ください。  ACP を左右両側に投与する場合は、2 回分(66,000 円)です。 (3",,
C,P00318,F0210,関東,東京都,医療法人社団IHOC 稲城平尾整形外科クリニック,医療法人社団IHOC 稲城平尾整形外科クリニック,医療法人社団IHOC 稲城平尾整形外科クリニック,第二種,自家多血小板血漿（PRP）を用いた慢性関節炎の治療（関節内組織）,PRP,AUTO,0.9838,https://saiseiiryo.mhlw.go.jp/published_plan/download/01C2503011/5/0,33000,税込,,ACP MAX|ACP|Angel,Arthrex,8,,"が同意を撤回されても、最適と考えられる治療を実施できるよう最善を尽く します。 10. 治療費用 (1) 本治療は、すべて自費診療であり、健康保険を使用することは できません。 (2) 本治療にかかる費用は、以下のとおりです。 キット 費用(税込) ACP 片側 33,000 円 ACP MAX 片側 165,000 円 Angel 片側 203,500 円 Angel 両側 330,000 円  上記料金表にはPRP 調製のための採血費用、PRP 調製費用が 含まれます。  診察、検査および投与にかかる費用は別途お支払いいただきます。 医師よりご説明しますので必ずご確認ください",,
C,P00318,F0210,関東,東京都,医療法人社団IHOC 稲城平尾整形外科クリニック,医療法人社団IHOC 稲城平尾整形外科クリニック,医療法人社団IHOC 稲城平尾整形外科クリニック,第二種,自家多血小板血漿（PRP）を用いた慢性関節炎の治療（関節内組織）,PRP,AUTO,0.9838,https://saiseiiryo.mhlw.go.jp/published_plan/download/01C2503011/5/0,165000,税込,,ACP MAX|ACP|Angel,Arthrex,8,,"実施できるよう最善を尽く します。 10. 治療費用 (1) 本治療は、すべて自費診療であり、健康保険を使用することは できません。 (2) 本治療にかかる費用は、以下のとおりです。 キット 費用(税込) ACP 片側 33,000 円 ACP MAX 片側 165,000 円 Angel 片側 203,500 円 Angel 両側 330,000 円  上記料金表にはPRP 調製のための採血費用、PRP 調製費用が 含まれます。  診察、検査および投与にかかる費用は別途お支払いいただきます。 医師よりご説明しますので必ずご確認ください。  ACP を左右両側に投与する場合は、2",,
C,P00318,F0210,関東,東京都,医療法人社団IHOC 稲城平尾整形外科クリニック,医療法人社団IHOC 稲城平尾整形外科クリニック,医療法人社団IHOC 稲城平尾整形外科クリニック,第二種,自家多血小板血漿（PRP）を用いた慢性関節炎の治療（関節内組織）,PRP,AUTO,0.9838,https://saiseiiryo.mhlw.go.jp/published_plan/download/01C2503011/5/0,330000,税込,2 回分,ACP MAX|ACP|Angel,Arthrex,1,,"て自費診療であり、健康保険を使用することは できません。 (2) 本治療にかかる費用は、以下のとおりです。 キット 費用(税込) ACP 片側 33,000 円 ACP MAX 片側 165,000 円 Angel 片側 203,500 円 Angel 両側 330,000 円  上記料金表にはPRP 調製のための採血費用、PRP 調製費用が 含まれます。  診察、検査および投与にかかる費用は別途お支払いいただきます。 医師よりご説明しますので必ずご確認ください。  ACP を左右両側に投与する場合は、2 回分(66,000 円)です。 (3) 採血を開始してからのキャンセルについては",,
C,P00318,F0210,関東,東京都,医療法人社団IHOC 稲城平尾整形外科クリニック,医療法人社団IHOC 稲城平尾整形外科クリニック,医療法人社団IHOC 稲城平尾整形外科クリニック,第二種,自家多血小板血漿（PRP）を用いた慢性関節炎の治療（関節内組織）,PRP,AUTO,0.9838,https://saiseiiryo.mhlw.go.jp/published_plan/download/01C2503011/5/0,66000,不明,2 回分,ACP|Angel,Arthrex,0,,"Angel 両側 330,000 円  上記料金表にはPRP 調製のための採血費用、PRP 調製費用が 含まれます。  診察、検査および投与にかかる費用は別途お支払いいただきます。 医師よりご説明しますので必ずご確認ください。  ACP を左右両側に投与する場合は、2 回分(66,000 円)です。 (3) 採血を開始してからのキャンセルについては、キャンセル費用をいただ きます。 11. 試料等の保存及び廃棄の方法 患者様から採取した血液と作製したPRP は、患者様ご自身の治療のみ に使用します。ただし、症例検討や学会発表を目的として、血液やPRP の測定を行い、データを取得することがあります。 血液",,
C,P00319,F0210,関東,東京都,医療法人社団IHOC 稲城平尾整形外科クリニック,医療法人社団IHOC 稲城平尾整形外科クリニック,医療法人社団IHOC 稲城平尾整形外科クリニック,第二種,自家多血小板血漿（PRP）を用いた関節内組織損傷に対する鏡視下治療,PRP,AUTO,0.994,https://saiseiiryo.mhlw.go.jp/published_plan/download/01C2503013/5/0,165000,税込,1 回,ACP MAX|ACP|Angel,Arthrex,9,,"ご署名をお願いいたします。 10. 治療費用 (1) 本治療は、すべて自費診療であり、健康保険を使用することは できません。 (2) 本治療にかかる費用は、以下のとおりです。 キット 費用(PRP1 回1 部位)(税込) ACP 33,000 円 ACP MAX 165,000 円 Angel 220,000 円  上記料金表にはPRP 調製のための採血費用、PRP 調製費用が 含まれます。  診察、検査、投与にかかる費用および手術代は別途お支払いいただき ます。 7 医師よりご説明しますので必ずご確認ください。  ACP を左右両側に投与する場合は、2 回分(66,000 円)です。",,
C,P00319,F0210,関東,東京都,医療法人社団IHOC 稲城平尾整形外科クリニック,医療法人社団IHOC 稲城平尾整形外科クリニック,医療法人社団IHOC 稲城平尾整形外科クリニック,第二種,自家多血小板血漿（PRP）を用いた関節内組織損傷に対する鏡視下治療,PRP,AUTO,0.994,https://saiseiiryo.mhlw.go.jp/published_plan/download/01C2503013/5/0,220000,税込,1 回,ACP MAX|ACP|Angel,Arthrex,9,,"0. 治療費用 (1) 本治療は、すべて自費診療であり、健康保険を使用することは できません。 (2) 本治療にかかる費用は、以下のとおりです。 キット 費用(PRP1 回1 部位)(税込) ACP 33,000 円 ACP MAX 165,000 円 Angel 220,000 円  上記料金表にはPRP 調製のための採血費用、PRP 調製費用が 含まれます。  診察、検査、投与にかかる費用および手術代は別途お支払いいただき ます。 7 医師よりご説明しますので必ずご確認ください。  ACP を左右両側に投与する場合は、2 回分(66,000 円)です。 (3) 本治療に係る費用は患者",,
C,P00319,F0210,関東,東京都,医療法人社団IHOC 稲城平尾整形外科クリニック,医療法人社団IHOC 稲城平尾整形外科クリニック,医療法人社団IHOC 稲城平尾整形外科クリニック,第二種,自家多血小板血漿（PRP）を用いた関節内組織損傷に対する鏡視下治療,PRP,AUTO,0.994,https://saiseiiryo.mhlw.go.jp/published_plan/download/01C2503013/5/0,33000,税込,1 回,ACP MAX|ACP|Angel,Arthrex,8,,"回の旨をご連絡いただき、同 意撤回書にご署名をお願いいたします。 10. 治療費用 (1) 本治療は、すべて自費診療であり、健康保険を使用することは できません。 (2) 本治療にかかる費用は、以下のとおりです。 キット 費用(PRP1 回1 部位)(税込) ACP 33,000 円 ACP MAX 165,000 円 Angel 220,000 円  上記料金表にはPRP 調製のための採血費用、PRP 調製費用が 含まれます。  診察、検査、投与にかかる費用および手術代は別途お支払いいただき ます。 7 医師よりご説明しますので必ずご確認ください。  ACP を左右両側に投与する場合",,
C,P00319,F0210,関東,東京都,医療法人社団IHOC 稲城平尾整形外科クリニック,医療法人社団IHOC 稲城平尾整形外科クリニック,医療法人社団IHOC 稲城平尾整形外科クリニック,第二種,自家多血小板血漿（PRP）を用いた関節内組織損傷に対する鏡視下治療,PRP,AUTO,0.994,https://saiseiiryo.mhlw.go.jp/published_plan/download/01C2503013/5/0,66000,不明,2 回分,ACP,Arthrex,8,,"220,000 円  上記料金表にはPRP 調製のための採血費用、PRP 調製費用が 含まれます。  診察、検査、投与にかかる費用および手術代は別途お支払いいただき ます。 7 医師よりご説明しますので必ずご確認ください。  ACP を左右両側に投与する場合は、2 回分(66,000 円)です。 (3) 本治療に係る費用は患者様の症状などにより患者様毎に異なります。 施術する前に詳細な施術料金を提示いたしますので、ご納得いただいた 上、受療いただきますようお願い申し上げます。 11. 試料等の保存及び廃棄の方法 患者様から採取した血液と作製したPRP は、患者様ご自身の治療のみ に使用します。ただし",,
C,P00320,F0211,関東,東京都,医療法人社団KRMG 東京ヴェインクリニック,医療法人社団KRMG 東京ヴェインクリニック,医療法人社団KRMG 東京ヴェインクリニック,第二種,変形性関節症および関節腔の傷害を対象とした自家多血小板血漿（PRP）注入療法,PRP,QC,1.0,https://saiseiiryo.mhlw.go.jp/published_plan/download/01C2301038/5/0,,,,,,,,,no price found after rescue text/OCR pass,Rescue completed; OCR page timeouts=0
C,P00321,F0212,関東,東京都,医療法人社団M-TAC 文京整形外科,医療法人社団M-TAC 文京整形外科,医療法人社団M-TAC 文京整形外科,第二種,自家多血小板血漿（PRP）を用いた慢性関節炎の治療（関節内組織）,PRP,AUTO,0.9838,https://saiseiiryo.mhlw.go.jp/published_plan/download/01C2503016/5/0,50000,税込,,ACP MAX|ACP,Arthrex,8,,"本治療にかかる費用は、以下のとおりです。なお、費用に含まれるのは、治療に伴う 診査、自家PRP 調製のための採血にかかる費用、自家PRP 調製費用、注入にかかる 費用であり、以下が費用の総額となります。 治療の種類 平均的な血小板注入量 費用(税込み) ACP-PRP 20 億個 50,000 円 HD-PRP(ACP MAX の場合) 90 億個 209,000 円 また、ACP-PRP は効果を高めるため、2 倍量1 度に投与することが可能です。 その場合の費用は以下の通りです。 治療の種類 平均的な血小板注入量 費用(税込み) ACP-PRP ダブルショット 40 億個 99,000 円",,
C,P00321,F0212,関東,東京都,医療法人社団M-TAC 文京整形外科,医療法人社団M-TAC 文京整形外科,医療法人社団M-TAC 文京整形外科,第二種,自家多血小板血漿（PRP）を用いた慢性関節炎の治療（関節内組織）,PRP,AUTO,0.9838,https://saiseiiryo.mhlw.go.jp/published_plan/download/01C2503016/5/0,209000,税込,,ACP MAX|ACP,Arthrex,8,,"伴う 診査、自家PRP 調製のための採血にかかる費用、自家PRP 調製費用、注入にかかる 費用であり、以下が費用の総額となります。 治療の種類 平均的な血小板注入量 費用(税込み) ACP-PRP 20 億個 50,000 円 HD-PRP(ACP MAX の場合) 90 億個 209,000 円 また、ACP-PRP は効果を高めるため、2 倍量1 度に投与することが可能です。 その場合の費用は以下の通りです。 治療の種類 平均的な血小板注入量 費用(税込み) ACP-PRP ダブルショット 40 億個 99,000 円 治療終了後も定期的な受診が必要です。 9 11.健康被",,
C,P00321,F0212,関東,東京都,医療法人社団M-TAC 文京整形外科,医療法人社団M-TAC 文京整形外科,医療法人社団M-TAC 文京整形外科,第二種,自家多血小板血漿（PRP）を用いた慢性関節炎の治療（関節内組織）,PRP,AUTO,0.9838,https://saiseiiryo.mhlw.go.jp/published_plan/download/01C2503016/5/0,99000,税込,,ACP MAX|ACP,Arthrex,0,,"RP(ACP MAX の場合) 90 億個 209,000 円 また、ACP-PRP は効果を高めるため、2 倍量1 度に投与することが可能です。 その場合の費用は以下の通りです。 治療の種類 平均的な血小板注入量 費用(税込み) ACP-PRP ダブルショット 40 億個 99,000 円 治療終了後も定期的な受診が必要です。 9 11.健康被害が発生した際の処置と補償等について すべての医療行為にはリスクがあり、ある一定の確率で合併症が起こりえます。 本治療においても『5.予想される効果と起こるかもしれない副作用』でお示しした 合併症については起こらないように細心の注意を払ってい",,
C,P00322,F0249,関東,東京都,医療法人社団井上 いのうえ整形外科,医療法人社団井上 いのうえ整形外科,医療法人社団井上 いのうえ整形外科,第二種,自己多血小板血漿（PRP）療法（治療対象：関節炎・変形性関節症）,PRP,AUTO,1.0,https://saiseiiryo.mhlw.go.jp/published_plan/download/02C2601088/5/0,55000,税込,1回,,,16,18,"全額返金いたします 採血後 投与1回分の費用55,000円(税込)をご負担いただきます 投与2回目以降、 投与予定時刻24時間以内(休診日・休診時間を除く)のキャンセ",line-level strong price context,
C,P00322,F0249,関東,東京都,医療法人社団井上 いのうえ整形外科,医療法人社団井上 いのうえ整形外科,医療法人社団井上 いのうえ整形外科,第二種,自己多血小板血漿（PRP）療法（治療対象：関節炎・変形性関節症）,PRP,AUTO,1.0,https://saiseiiryo.mhlw.go.jp/published_plan/download/02C2601088/5/0,58300,税込,1回,,,16,18,"(別途、感染症検査費用3,300円(税込)を実費としてご負担いた だきます。 そのため、1回目の投与にかかる費用は合計58,300円(税込)とな ります。) ※2回目及び3回目の投与は、医師の判断や患者様のご希望により、",line-level strong price context,
C,P00322,F0249,関東,東京都,医療法人社団井上 いのうえ整形外科,医療法人社団井上 いのうえ整形外科,医療法人社団井上 いのうえ整形外科,第二種,自己多血小板血漿（PRP）療法（治療対象：関節炎・変形性関節症）,PRP,AUTO,1.0,https://saiseiiryo.mhlw.go.jp/published_plan/download/02C2601088/5/0,55000,税込,3回分,,,12,18,"(60 mL)につき、投与3回分(各投与約5 mL、最大で約15 mL) のPRPを製造いたします。 PRPを用いた投与1回分(1部位) 55,000円(税込) (別途、感染症検査費用3,300円(税込)を実費としてご負担いた だきます。",line-level strong price context,
C,P00323,F0251,関東,東京都,医療法人社団俊和会 寺田病院,医療法人社団俊和会 寺田病院,医療法人社団俊和会 寺田病院,第二種,自家培養脂肪由来幹細胞を用いた変形性関節症の治療,脂肪由来幹細胞,QC,1.0,https://saiseiiryo.mhlw.go.jp/published_plan/download/01C2508052/5/0,,,,,,,,,no price found after text/OCR pass,RuntimeError: Tesseract process timeout
C,P00324,F0225,関東,東京都,アーモンドクリニック,アーモンドクリニック,アーモンドクリニック,第二種,自家培養脂肪由来幹細胞を用いた変形性膝関節症の治療,脂肪由来幹細胞,QC,1.0,https://saiseiiryo.mhlw.go.jp/published_plan/download/01C2211010/5/0,,,,,,,,,no price found after text/OCR pass,Document fetched but no price candidate
C,P00325,F0304,関東,東京都,医療法人社団白鳳会 大角医院,医療法人社団白鳳会 大角医院,医療法人社団白鳳会 大角医院,第二種,多血小板血漿（PRP）を用いた変形性関節症治療,PRP,AUTO,0.952,https://saiseiiryo.mhlw.go.jp/published_plan/download/01C1903021/5/0,150000,税別,,APS|GPS|Zimmer,Zimmer Biomet,8,,"を特定できる内容が使われることはありません。 治療にかかる費用について この治療は公的保険の対象ではありませんので、当院の所定の施術料をお支払いいただきます。 ZIMMER BIOMET 製 GPS®IIIシステム使用 150,000 円(税抜) ZIMMER BIOMET 製 APS キット使用 300,000 円(税抜) 上記費用は一例です。治療費は変動する可能性がございます。 血液の加工開始後に同意の撤回があった場合にはその加工にかかる医療材料等の費用をご負担いた だきます。 その他詳細やご不明な点は医師・スタッフまでお気軽にお尋ねください。 施術",,
C,P00325,F0304,関東,東京都,医療法人社団白鳳会 大角医院,医療法人社団白鳳会 大角医院,医療法人社団白鳳会 大角医院,第二種,多血小板血漿（PRP）を用いた変形性関節症治療,PRP,AUTO,0.952,https://saiseiiryo.mhlw.go.jp/published_plan/download/01C1903021/5/0,300000,税別,,APS|GPS|Zimmer,Zimmer Biomet,8,,"この治療は公的保険の対象ではありませんので、当院の所定の施術料をお支払いいただきます。 ZIMMER BIOMET 製 GPS®IIIシステム使用 150,000 円(税抜) ZIMMER BIOMET 製 APS キット使用 300,000 円(税抜) 上記費用は一例です。治療費は変動する可能性がございます。 血液の加工開始後に同意の撤回があった場合にはその加工にかかる医療材料等の費用をご負担いた だきます。 その他詳細やご不明な点は医師・スタッフまでお気軽にお尋ねください。 施術後、患者様の個人的な事情及び金銭等に関する問題に関しては一切の責任を負いかねますの",,
C,P00326,F0303,関東,東京都,医療法人社団白慈会 白金坂の上診療所,医療法人社団白慈会 白金坂の上診療所,医療法人社団白慈会 白金坂の上診療所,第二種,自家培養脂肪由来幹細胞を用いた変形性関節症の治療,脂肪由来幹細胞,QC,1.0,https://saiseiiryo.mhlw.go.jp/published_plan/download/01C2502046/5/0,,,,,,,,,no price found after text/OCR pass,Document fetched but no price candidate
C,P00327,F0306,関東,東京都,医療法人社団研裕会 紀尾井町プラザクリニック歯科・美容外科,医療法人社団研裕会 紀尾井町プラザクリニック歯科・美容外科,医療法人社団研裕会 紀尾井町プラザクリニック歯科・美容外科,第二種,多増殖因子血漿（PRGF）を用いた変形性関節症・関節炎治療,PRGF,AUTO,1.0,https://saiseiiryo.mhlw.go.jp/published_plan/download/01C2505020/5/0,165000,税込,1回,,,9,,"37-6701(24 時間) 14.当該再生医療等の実施に係る費用に関する事項 ☐ 今回提供する医療は、患者様の自己血を無償にてご提供いただいた上で実施されます。 また、保険適用のない自由診療の扱いとなり、同時に処方いたします化膿止め、鎮痛 剤、洗口剤も同様の扱いとなります。費用は1回の治療当り165,000 円(税込)とな りますが、治療に要する特定細胞加工物の量により費用は変動いたします。 そのため具体的な費用については、別途見積もりをご確認ください。 15.他の治療法の有無及び内容並びに他の治療法により予期される利益及び不利益との比 較 ☐ PRGF 療法の治療を選択されない場合には、従来の一般療法にて治療を受けることが",,
C,P00328,F0285,関東,東京都,医療法人社団景星会 大塚北口診療所,医療法人社団景星会 大塚北口診療所,医療法人社団景星会 大塚北口診療所,第二種,多血小板血漿（PRP）を用いた整形外科疾患に対する治療,PRP,QC,0.9718,https://saiseiiryo.mhlw.go.jp/published_plan/download/01C2112032/5/0,,,,,,,,,no price found after text/OCR pass,RuntimeError: Tesseract process timeout
C,P00329,F0286,関東,東京都,医療法人社団晴美会 麹町リバース今井整形外科クリニック,医療法人社団晴美会 麹町リバース今井整形外科クリニック,医療法人社団晴美会 麹町リバース今井整形外科クリニック,第二種,自己多血小板血漿（PRP）療法（治療対象：関節炎・変形性関節症）,PRP,QC,1.0,https://saiseiiryo.mhlw.go.jp/published_plan/download/01C2511043/5/0,,,,,,,,,no price found after text/OCR pass,RuntimeError: Tesseract process timeout
C,P00330,F0289,関東,東京都,東京メディサイトクリニック,東京メディサイトクリニック,東京メディサイトクリニック,第二種,関節炎・変形性関節症の自己多血小板血漿（PRP）療法,PRP,AUTO,1.0,https://saiseiiryo.mhlw.go.jp/published_plan/download/03C2606009/5/0,100000,不明,一回,MyCells,MyCells系,8,,報や診療 情報は厳重に管理されます。 治療にかかる費用 について わが国ではPRP療法は現時点で保険診療として認められていない 為、自費診療となります。PRPは精製法により、含まれる血小板濃 度や白血球濃度が異なり、当院ではベリタス社MyCellsキットを使 用します。一回のPRP注射にかかる費用は10万円(片膝)で、その 他、検査や診療に関しても実費となります。 将来の研究について PRP外来で得られたデータは、匿名化した状態で管理し、今後の医 学の発展のために研究・学会発表目的に使用される可能性が有りま す。もし、拒否される場合は、担当医までその旨お伝えください。 試料等の保管及び廃棄について 治療に使用せずに残ったPRPは保管はせず,,
C,P00331,F0227,関東,東京都,医療法人社団アヴェニュー アヴェニュー銀座クリニック,医療法人社団アヴェニュー アヴェニュー銀座クリニック,医療法人社団アヴェニュー アヴェニュー銀座クリニック,第二種,自己脂肪由来間葉系幹細胞を用いた関節痛、変形性関節症治療,脂肪由来MSC,QC,1.0,https://saiseiiryo.mhlw.go.jp/published_plan/download/02C2606021/5/0,1300000,税別,,,,5,5,"他、本治療を受けるために必要となった旅費、交通費などの全ての費用もご自分でご負担いただ きます。実際に必要となる費用は以下の通りです。 1,300,000 円(税抜)",price candidates remain ambiguous,
C,P00332,F0237,関東,東京都,医療法人社団ミッドタウンクリニック 東京ミッドタウンクリニック,医療法人社団ミッドタウンクリニック 東京ミッドタウンクリニック,医療法人社団ミッドタウンクリニック 東京ミッドタウンクリニック,第二種,自己脂肪由来間葉系幹細胞を用いた関節痛、変形性関節症治療,脂肪由来MSC,AUTO,0.976,https://saiseiiryo.mhlw.go.jp/published_plan/download/02C2403054/5/0,1800000,税別,,,,11,6,"本治療は保険適用外であるため、治療にかかる費用全額をご自分でご負担いただきます。その 他、本治療を受けるために必要となった旅費、交通費などの全ての費用もご自分でご負担いただ きます。実際に必要となる費用については今回の治療は 1,800,000 円(税抜)となります。 脂肪採取から1 年以内に再度本治療をご希望される場合、凍結された細胞を用いるので脂肪採 取をさせて頂く必要はございませんが、費用については、同額となります。",line-level strong price context,
C,P00333,F0237,関東,東京都,医療法人社団ミッドタウンクリニック 東京ミッドタウンクリニック,医療法人社団ミッドタウンクリニック 東京ミッドタウンクリニック,医療法人社団ミッドタウンクリニック 東京ミッドタウンクリニック,第二種,自己脂肪由来間葉系幹細胞を用いた靭帯・腱損傷治療,脂肪由来MSC,AUTO,0.976,https://saiseiiryo.mhlw.go.jp/published_plan/download/02C2403056/5/0,1800000,税別,,,,11,5,"本治療は保険適用外であるため、治療にかかる費用全額をご自分でご負担いただきます。その 他、本治療を受けるために必要となった旅費、交通費などの全ての費用もご自分でご負担いただ きます。実際に必要となる費用については今回の治療は 1,800,000 円(税抜)となります。 脂肪採取から1 年以内に再度本治療をご希望される場合、凍結された細胞を用いるので脂肪採 取をさせて頂く必要はございませんが、費用については、同額となります。",line-level strong price context,
C,P00335,F0393,関東,群馬県,ぐんまスポーツ整形外科,ぐんまスポーツ整形外科,ぐんまスポーツ整形外科,第三種,自家多血小板血漿（PRP）を用いた筋肉、腱、靭帯、筋膜の損傷及び慢性炎症の治療（関節外の軟部組織）,PRP,AUTO,1.0,https://saiseiiryo.mhlw.go.jp/published_plan/download/01C2203028/5/0,55000,税込,2 回分,,,9,,"用することはできませ ん。 (2) 本治療にかかる費用は、以下のとおりです。なお、費用は、治療に伴う診 査、PRP 作製のための採血にかかる費用、PRP 作製費用、注入にかかる費 用の総額となります。左右両側に投与する場合は、2 回分です。 PRP 1回(1 部位) 55,000 円(税込) 11. 試料等の保存及び廃棄の方法 患者様から採取した血液と作製したPRP は、患者様ご自身の治療のみ に使用します。ただし、症例検討や学会発表を目的として、血液やPRP の測定を行い、データを取得することがあります。 血液およびPRP は微量で全量を使用するため、保管はしません。治療 に用いない血液またはPRP",,
C,P00336,F0394,関東,群馬県,パーク整形外科クリニック,パーク整形外科クリニック,パーク整形外科クリニック,第二種,変形性関節症を対象とした自家多血小板血漿（PRP）注入療法,PRP,AUTO,1.0,https://saiseiiryo.mhlw.go.jp/published_plan/download/01C2607014/5/0,55000,税込,1 回,ACP MAX|ACP,Arthrex,9,,"療は、健康保険がご使用できない自由診療です。そのため、患者様の費用負担が他 の治療よりも高額になることがあります。当院において実施される本治療および本治療に必 要な検査などの費用は全額自己負担となります。 血液分離専用容器キットによる施術料(1 回あたり): ・ACP ダブルシリンジの場合:55,000 円(税込) ・ACP MAX PRP システムの場合:200,000 円(税込) ※患者様の症状によっては、治療を数回行うことがあります。治療前、または治療後の状 態から担当医師が判断し、患者様にお伝えしご相談させて頂きます。 ※治療内容・回数により1回あたりの費用が減額される場合がございます。施術する前に 詳細な説明をいたします",,
C,P00336,F0394,関東,群馬県,パーク整形外科クリニック,パーク整形外科クリニック,パーク整形外科クリニック,第二種,変形性関節症を対象とした自家多血小板血漿（PRP）注入療法,PRP,AUTO,1.0,https://saiseiiryo.mhlw.go.jp/published_plan/download/01C2607014/5/0,200000,税込,1 回,ACP MAX|ACP,Arthrex,9,,"が他 の治療よりも高額になることがあります。当院において実施される本治療および本治療に必 要な検査などの費用は全額自己負担となります。 血液分離専用容器キットによる施術料(1 回あたり): ・ACP ダブルシリンジの場合:55,000 円(税込) ・ACP MAX PRP システムの場合:200,000 円(税込) ※患者様の症状によっては、治療を数回行うことがあります。治療前、または治療後の状 態から担当医師が判断し、患者様にお伝えしご相談させて頂きます。 ※治療内容・回数により1回あたりの費用が減額される場合がございます。施術する前に 詳細な説明をいたしますので、ご納得いただいた上で治療をお受けいただけますようお願い 申し上げま",,
C,P00336,F0394,関東,群馬県,パーク整形外科クリニック,パーク整形外科クリニック,パーク整形外科クリニック,第二種,変形性関節症を対象とした自家多血小板血漿（PRP）注入療法,PRP,AUTO,1.0,https://saiseiiryo.mhlw.go.jp/published_plan/download/01C2607014/5/0,30000,不明,,ACP MAX|ACP,Arthrex,-6,,"利益を受けることはありません。 また同様に、治療を受けることに同意した場合であっても、投与までの間でしたら、いつ でも取りやめることができます。この場合でも、一切不利益を受けません。 ただしキャンセル料はご負担いただきます。 採血後および加工後のキャンセル料:ACP ダブルシリンジの場合:30,000 円 :ACP MAX PRP システムの場合:120,000 円 もしこの治療を受けることに同意されない場合も、最適と考えられる治療を実施できるよ うに患者様の治療に最善を尽くします。 ただし、治療を行った後は、健康管理・アフターフォローのために必要に応じて適切な検 査を受けていただき、医学的に問題がないかを確認させていただきます",,
C,P00336,F0394,関東,群馬県,パーク整形外科クリニック,パーク整形外科クリニック,パーク整形外科クリニック,第二種,変形性関節症を対象とした自家多血小板血漿（PRP）注入療法,PRP,AUTO,1.0,https://saiseiiryo.mhlw.go.jp/published_plan/download/01C2607014/5/0,120000,不明,,ACP MAX|ACP,Arthrex,-6,,"に同意した場合であっても、投与までの間でしたら、いつ でも取りやめることができます。この場合でも、一切不利益を受けません。 ただしキャンセル料はご負担いただきます。 採血後および加工後のキャンセル料:ACP ダブルシリンジの場合:30,000 円 :ACP MAX PRP システムの場合:120,000 円 もしこの治療を受けることに同意されない場合も、最適と考えられる治療を実施できるよ うに患者様の治療に最善を尽くします。 ただし、治療を行った後は、健康管理・アフターフォローのために必要に応じて適切な検 査を受けていただき、医学的に問題がないかを確認させていただきます。 11. 試料等の保管及び廃棄の方法について 加工",,
C,P00337,F0394,関東,群馬県,パーク整形外科クリニック,パーク整形外科クリニック,パーク整形外科クリニック,第三種,四肢の筋・腱・靱帯及びその付着部の傷害を対象とした自家多血小板血漿（PRP）注入療法,PRP,AUTO,1.0,https://saiseiiryo.mhlw.go.jp/published_plan/download/01C2607018/5/0,44000,税込,1 回,ACP MAX|ACP,Arthrex,9,,"担が他 の治療よりも高額になることがあります。当院において実施される本治療および本治療に必 要な検査などの費用は全額自己負担となります。 血液分離専用容器キットによる施術料(1 回あたり): ・ACP ダブルシリンジの場合:55,000 円(税込) ・【学割】ACP ダブルシリンジの場合:44,000 円(税込) ・ACP MAX PRP システムの場合:200,000 円(税込) ※患者様の症状によっては、治療を数回行うことがあります。治療前、または治 療後の状態から担当医師が判断し、患者様にお伝えしご相談させて頂きます。 ※治療内容・回数により1回あたりの費用が減額される場合がございます。施術する前に 詳細な説明をいたしま",,
C,P00337,F0394,関東,群馬県,パーク整形外科クリニック,パーク整形外科クリニック,パーク整形外科クリニック,第三種,四肢の筋・腱・靱帯及びその付着部の傷害を対象とした自家多血小板血漿（PRP）注入療法,PRP,AUTO,1.0,https://saiseiiryo.mhlw.go.jp/published_plan/download/01C2607018/5/0,55000,税込,1 回,ACP MAX|ACP,Arthrex,9,,"療は、健康保険がご使用できない自由診療です。そのため、患者様の費用負担が他 の治療よりも高額になることがあります。当院において実施される本治療および本治療に必 要な検査などの費用は全額自己負担となります。 血液分離専用容器キットによる施術料(1 回あたり): ・ACP ダブルシリンジの場合:55,000 円(税込) ・【学割】ACP ダブルシリンジの場合:44,000 円(税込) ・ACP MAX PRP システムの場合:200,000 円(税込) ※患者様の症状によっては、治療を数回行うことがあります。治療前、または治 療後の状態から担当医師が判断し、患者様にお伝えしご相談させて頂きます。 ※治療内容・回数により1回あたりの",,
C,P00337,F0394,関東,群馬県,パーク整形外科クリニック,パーク整形外科クリニック,パーク整形外科クリニック,第三種,四肢の筋・腱・靱帯及びその付着部の傷害を対象とした自家多血小板血漿（PRP）注入療法,PRP,AUTO,1.0,https://saiseiiryo.mhlw.go.jp/published_plan/download/01C2607018/5/0,200000,税込,1 回,ACP MAX|ACP,Arthrex,9,,"治療および本治療に必 要な検査などの費用は全額自己負担となります。 血液分離専用容器キットによる施術料(1 回あたり): ・ACP ダブルシリンジの場合:55,000 円(税込) ・【学割】ACP ダブルシリンジの場合:44,000 円(税込) ・ACP MAX PRP システムの場合:200,000 円(税込) ※患者様の症状によっては、治療を数回行うことがあります。治療前、または治 療後の状態から担当医師が判断し、患者様にお伝えしご相談させて頂きます。 ※治療内容・回数により1回あたりの費用が減額される場合がございます。施術する前に 詳細な説明をいたしますので、ご納得いただいた上で施術いただきますようお願い申し 上げます。",,
C,P00337,F0394,関東,群馬県,パーク整形外科クリニック,パーク整形外科クリニック,パーク整形外科クリニック,第三種,四肢の筋・腱・靱帯及びその付着部の傷害を対象とした自家多血小板血漿（PRP）注入療法,PRP,AUTO,1.0,https://saiseiiryo.mhlw.go.jp/published_plan/download/01C2607018/5/0,30000,不明,,ACP MAX|ACP,Arthrex,-6,,"を受けることはありません。 また同様に、治療を受けることに同意した場合であっても、投与までの間でしたら、いつ でも取りやめることができます。この場合でも、一切不利益を受けません。 ただし、キャンセル料はご負担いただきます。 採血後および加工後のキャンセル料:ACP ダブルシリンジの場合:30,000 円 :ACP MAX PRP システムの場合:120,000 円 もしこの治療を受けることに同意されない場合も、最適と考えられる治療を実施できるよ うに患者様の治療に最善を尽くします。 ただし、治療を行った後は、健康管理・アフターフォローのために必要に応じて適切な検 査を受けていただき、医学的に問題がないかを確認させていただきます",,
C,P00337,F0394,関東,群馬県,パーク整形外科クリニック,パーク整形外科クリニック,パーク整形外科クリニック,第三種,四肢の筋・腱・靱帯及びその付着部の傷害を対象とした自家多血小板血漿（PRP）注入療法,PRP,AUTO,1.0,https://saiseiiryo.mhlw.go.jp/published_plan/download/01C2607018/5/0,120000,不明,,ACP MAX|ACP,Arthrex,-6,,"意した場合であっても、投与までの間でしたら、いつ でも取りやめることができます。この場合でも、一切不利益を受けません。 ただし、キャンセル料はご負担いただきます。 採血後および加工後のキャンセル料:ACP ダブルシリンジの場合:30,000 円 :ACP MAX PRP システムの場合:120,000 円 もしこの治療を受けることに同意されない場合も、最適と考えられる治療を実施できるよ うに患者様の治療に最善を尽くします。 ただし、治療を行った後は、健康管理・アフターフォローのために必要に応じて適切な検 査を受けていただき、医学的に問題がないかを確認させていただきます。 11. 試料等の保管及び廃棄の方法について 加工",,
C,P00358,F0408,中部,長野県,長野松代総合病院,長野松代総合病院,長野松代総合病院,第二種,変形性関節症および関節腔の傷害を対象とした自家多血小板血漿（PRP）注入療法,PRP,QC,0.9447,https://saiseiiryo.mhlw.go.jp/published_plan/download/01C2310035/5/0,5500,不明,,,,-10,7,"つでも取りやめることができます。この場合でも、一切不利益を受けません。 (採血等にかかる実費等はご負担いただきます。 :採血後のキャンセル料 5,500 円 加工後のキャンセル料 38,500 円) もしこの治療を受けることに同意しない場合も、最適と考えられる治療を実施できる ように患者様の治療に最善を尽くします。",price candidates remain ambiguous,
C,P00358,F0408,中部,長野県,長野松代総合病院,長野松代総合病院,長野松代総合病院,第二種,変形性関節症および関節腔の傷害を対象とした自家多血小板血漿（PRP）注入療法,PRP,QC,0.9447,https://saiseiiryo.mhlw.go.jp/published_plan/download/01C2310035/5/0,38500,不明,,,,-10,7,"つでも取りやめることができます。この場合でも、一切不利益を受けません。 (採血等にかかる実費等はご負担いただきます。 :採血後のキャンセル料 5,500 円 加工後のキャンセル料 38,500 円) もしこの治療を受けることに同意しない場合も、最適と考えられる治療を実施できる ように患者様の治療に最善を尽くします。",price candidates remain ambiguous,
C,P00362,F0407,中部,長野県,長野整形外科クリニック,長野整形外科クリニック,長野整形外科クリニック,第二種,自家多血小板血漿（PRP）を用いた慢性関節炎ならびに関節内軟骨・靭帯損傷の治療（関節内組織）,PRP,QC,1.0,https://saiseiiryo.mhlw.go.jp/published_plan/download/01C2503071/5/0,50000,税別,1 回(1 部位),ACP,Arthrex,6,7,"費用(税別) ACP 1 回(1 部位) 50,000 円 ACP(学割) 1 回(1 部位) 35,000 円",price candidates remain ambiguous,
C,P00362,F0407,中部,長野県,長野整形外科クリニック,長野整形外科クリニック,長野整形外科クリニック,第二種,自家多血小板血漿（PRP）を用いた慢性関節炎ならびに関節内軟骨・靭帯損傷の治療（関節内組織）,PRP,QC,1.0,https://saiseiiryo.mhlw.go.jp/published_plan/download/01C2503071/5/0,150000,不明,1 回(1 部位),ACP MAX|ACP,Arthrex,5,7,"1 回(1 部位) 95,000 円 ACP MAX 1 回(1 部位) 150,000 円 (3) 採血を開始してからのキャンセルについては、キャンセル費用をいただ きます。",price candidates remain ambiguous,
C,P00362,F0407,中部,長野県,長野整形外科クリニック,長野整形外科クリニック,長野整形外科クリニック,第二種,自家多血小板血漿（PRP）を用いた慢性関節炎ならびに関節内軟骨・靭帯損傷の治療（関節内組織）,PRP,QC,1.0,https://saiseiiryo.mhlw.go.jp/published_plan/download/01C2503071/5/0,35000,不明,1 回(1 部位),ACP,Arthrex,2,7,"1 回(1 部位) 50,000 円 ACP(学割) 1 回(1 部位) 35,000 円 ACP ダブルショット 1 回(1 部位) 95,000 円",price candidates remain ambiguous,
C,P00362,F0407,中部,長野県,長野整形外科クリニック,長野整形外科クリニック,長野整形外科クリニック,第二種,自家多血小板血漿（PRP）を用いた慢性関節炎ならびに関節内軟骨・靭帯損傷の治療（関節内組織）,PRP,QC,1.0,https://saiseiiryo.mhlw.go.jp/published_plan/download/01C2503071/5/0,95000,不明,1 回(1 部位),ACP MAX|ACP,Arthrex,2,7,"1 回(1 部位) 35,000 円 ACP ダブルショット 1 回(1 部位) 95,000 円 ACP MAX 1 回(1 部位) 150,000 円",price candidates remain ambiguous,
C,P00504,F0155,中国四国,山口県,医療法人社団季朋会 王司病院,医療法人社団季朋会 王司病院,医療法人社団季朋会 王司病院,第三種,自家多血小板血漿（PRP）の投与によるスポーツ外傷を含む筋、腱、靱帯損傷治療,PRP,AUTO,1.0,https://saiseiiryo.mhlw.go.jp/published_plan/download/02F2410007/5/0,50000,税込,1 回,GPS|MyCells,Zimmer Biomet|MyCells系,8,,"この治療は公的保険の対象ではありませんので、当院所定の下記の施術料をお支払いい ただきます。 ・自家PRP を用いた治療(GPSIII キット使用)における施術料 100,000 円(税込) ・自家PRP を用いた治療(MyCells キット使用)における施術料 50,000 円(税込) (別途、事前の血液検査にかかる費用を実費でご負担いただきます。) 原則として、GPSIII は急性期、MyCells は慢性期の方に使用いたしますが、使用するキ ットは患者さまのご希望を考慮して最終的に決定いたします。なお1 回の施術あたりの 費用は、患部の状態を確認した医師の判断、およびそれに応じた自家PRP 投与量等に",,
C,P00504,F0155,中国四国,山口県,医療法人社団季朋会 王司病院,医療法人社団季朋会 王司病院,医療法人社団季朋会 王司病院,第三種,自家多血小板血漿（PRP）の投与によるスポーツ外傷を含む筋、腱、靱帯損傷治療,PRP,AUTO,1.0,https://saiseiiryo.mhlw.go.jp/published_plan/download/02F2410007/5/0,50000,税込,,GPS|MyCells,Zimmer Biomet|MyCells系,8,,"し本治療をとりやめた場合には、とりやめた時点までに発生した施術および製造に かかった費用をお支払いいただきます。 ・採血前に治療をとりやめた場合、費用のお支払いはございません。 ・キット開封後から投与までに治療をとりやめた場合、施術料100,000 円(税込、 GPSIII キット使用)もしくは50,000 円(税込、Mycells キット使用)をお支払いいた だきます。 また治療を行った後は、健康管理のために必要に応じて適切な検査を受けていただき、 医学的に問題がないかを確認させていただきます。 14. 個人情報の保護について 「個人情報の保護に関する法律」に基づき、当院",,
C,P00504,F0155,中国四国,山口県,医療法人社団季朋会 王司病院,医療法人社団季朋会 王司病院,医療法人社団季朋会 王司病院,第三種,自家多血小板血漿（PRP）の投与によるスポーツ外傷を含む筋、腱、靱帯損傷治療,PRP,AUTO,1.0,https://saiseiiryo.mhlw.go.jp/published_plan/download/02F2410007/5/0,100000,税込,,GPS|MyCells,Zimmer Biomet|MyCells系,8,,", No. 6, 2011 より 11. 治療にかかる費用について この治療は公的保険の対象ではありませんので、当院所定の下記の施術料をお支払いい ただきます。 ・自家PRP を用いた治療(GPSIII キット使用)における施術料 100,000 円(税込) ・自家PRP を用いた治療(MyCells キット使用)における施術料 50,000 円(税込) (別途、事前の血液検査にかかる費用を実費でご負担いただきます。) 原則として、GPSIII は急性期、MyCells は慢性期の方に使用いたしますが、使用するキ ットは患者さまのご希望を考慮して最終的に決定いたします。なお",,
C,P00507,F0193,中国四国,徳島県,医療法人メディカルトラスト 髙木整形外科医院,医療法人メディカルトラスト 髙木整形外科医院,医療法人メディカルトラスト 髙木整形外科医院,第二種,自家多血小板血漿（PRP）による関節症治療,PRP,AUTO,1.0,https://saiseiiryo.mhlw.go.jp/published_plan/download/01F2205001/5/0,55000,税込,,ACP|APS|GPS|Zimmer,Arthrex|Zimmer Biomet,8,,"費用が発生して いる場合、発生した費用を患者様にご負担いただきますのでご了承 ください。 ZIMMER BIOMET製 GPS®IIIシステム※1 165,000円(税込) APSキット※2 385,000円(税込) Arthrex Japan 合同会社製 Arthrex ACP ダブルシリンジ 55,000円(税込) ※1:APSキットを使用せず、製造したPRPをそのまま使用する場合 ※2:APSキットを使用して製造したPRPを濃縮する場合 13.他の治療法の有無、本治療法との比較について 変形性関節症をはじめとする関節痛の治療法には保存療法と手術療 法の2つの方法があります。薬物投与、装具装着、リハビリテー ションなどの保存療法で効果がない",,
C,P00507,F0193,中国四国,徳島県,医療法人メディカルトラスト 髙木整形外科医院,医療法人メディカルトラスト 髙木整形外科医院,医療法人メディカルトラスト 髙木整形外科医院,第二種,自家多血小板血漿（PRP）による関節症治療,PRP,AUTO,1.0,https://saiseiiryo.mhlw.go.jp/published_plan/download/01F2205001/5/0,165000,税込,,ACP|APS|GPS|Zimmer,Arthrex|Zimmer Biomet,8,,"より治 療費が変動する場合があります。 なお、細胞の採取後や自家PRPやAPSの製造を開始した後に同意を 撤回された場合など、同意を撤回される時点までに費用が発生して いる場合、発生した費用を患者様にご負担いただきますのでご了承 ください。 ZIMMER BIOMET製 GPS®IIIシステム※1 165,000円(税込) APSキット※2 385,000円(税込) Arthrex Japan 合同会社製 Arthrex ACP ダブルシリンジ 55,000円(税込) ※1:APSキットを使用せず、製造したPRPをそのまま使用する場合 ※2:APSキットを使用して製造したPRPを濃縮する場合 13.他の治療法の有無、本治療法との比較について 変形",,
C,P00507,F0193,中国四国,徳島県,医療法人メディカルトラスト 髙木整形外科医院,医療法人メディカルトラスト 髙木整形外科医院,医療法人メディカルトラスト 髙木整形外科医院,第二種,自家多血小板血漿（PRP）による関節症治療,PRP,AUTO,1.0,https://saiseiiryo.mhlw.go.jp/published_plan/download/01F2205001/5/0,385000,税込,,ACP|APS|GPS|Zimmer,Arthrex|Zimmer Biomet,8,,"細胞の採取後や自家PRPやAPSの製造を開始した後に同意を 撤回された場合など、同意を撤回される時点までに費用が発生して いる場合、発生した費用を患者様にご負担いただきますのでご了承 ください。 ZIMMER BIOMET製 GPS®IIIシステム※1 165,000円(税込) APSキット※2 385,000円(税込) Arthrex Japan 合同会社製 Arthrex ACP ダブルシリンジ 55,000円(税込) ※1:APSキットを使用せず、製造したPRPをそのまま使用する場合 ※2:APSキットを使用して製造したPRPを濃縮する場合 13.他の治療法の有無、本治療法との比較について 変形性関節症をはじめとする関節痛の治療法には保存療",,
C,P00508,F0193,中国四国,徳島県,医療法人メディカルトラスト 髙木整形外科医院,医療法人メディカルトラスト 髙木整形外科医院,医療法人メディカルトラスト 髙木整形外科医院,第二種,自家脂肪組織由来幹細胞（ASC）の投与による関節治療,脂肪由来ASC,AUTO,1.0,https://saiseiiryo.mhlw.go.jp/published_plan/download/02F2504001/5/0,1650000,税込,1 回,,,8,,"位による費用の違いはございません)。ご不明な点は医師・ スタッフにお尋ねください。なお1 回の施術あたりの費用は、患部の状態を確認した医師の判断等により変更となる 自家脂肪組織由来幹細胞(ASC)の投与による関節治療に対する説明書・同意書 7 場合がございます。 初回価格 1 関節 1,650,000 円(税込) 2 関節 1,936,000 円(税込) 初回1 部位のみ投与の場合は2 回目の投与が可能です。 2回目の価格 1 関節 286,000 円(税込) 自家ASC 保管費用:製造した自家ASC は細胞培養加工施設で保管され、本治療に使用する際に当院へ輸 送されます。脂肪組織を採取してから1 年以上を経過した後",,
C,P00508,F0193,中国四国,徳島県,医療法人メディカルトラスト 髙木整形外科医院,医療法人メディカルトラスト 髙木整形外科医院,医療法人メディカルトラスト 髙木整形外科医院,第二種,自家脂肪組織由来幹細胞（ASC）の投与による関節治療,脂肪由来ASC,AUTO,1.0,https://saiseiiryo.mhlw.go.jp/published_plan/download/02F2504001/5/0,1936000,税込,1 回,,,8,,"は医師・ スタッフにお尋ねください。なお1 回の施術あたりの費用は、患部の状態を確認した医師の判断等により変更となる 自家脂肪組織由来幹細胞(ASC)の投与による関節治療に対する説明書・同意書 7 場合がございます。 初回価格 1 関節 1,650,000 円(税込) 2 関節 1,936,000 円(税込) 初回1 部位のみ投与の場合は2 回目の投与が可能です。 2回目の価格 1 関節 286,000 円(税込) 自家ASC 保管費用:製造した自家ASC は細胞培養加工施設で保管され、本治療に使用する際に当院へ輸 送されます。脂肪組織を採取してから1 年以上を経過した後に自家ASC の投与を希望される場合、自家AS",,
C,P00508,F0193,中国四国,徳島県,医療法人メディカルトラスト 髙木整形外科医院,医療法人メディカルトラスト 髙木整形外科医院,医療法人メディカルトラスト 髙木整形外科医院,第二種,自家脂肪組織由来幹細胞（ASC）の投与による関節治療,脂肪由来ASC,AUTO,1.0,https://saiseiiryo.mhlw.go.jp/published_plan/download/02F2504001/5/0,286000,税込,1 部位,,,0,,"脂肪組織由来幹細胞(ASC)の投与による関節治療に対する説明書・同意書 7 場合がございます。 初回価格 1 関節 1,650,000 円(税込) 2 関節 1,936,000 円(税込) 初回1 部位のみ投与の場合は2 回目の投与が可能です。 2回目の価格 1 関節 286,000 円(税込) 自家ASC 保管費用:製造した自家ASC は細胞培養加工施設で保管され、本治療に使用する際に当院へ輸 送されます。脂肪組織を採取してから1 年以上を経過した後に自家ASC の投与を希望される場合、自家ASC の保管費用を別途71,280 円(税込)お支払いいただきます。 キャンセル費用:本治療をとりやめた場合、その時",,
C,P00508,F0193,中国四国,徳島県,医療法人メディカルトラスト 髙木整形外科医院,医療法人メディカルトラスト 髙木整形外科医院,医療法人メディカルトラスト 髙木整形外科医院,第二種,自家脂肪組織由来幹細胞（ASC）の投与による関節治療,脂肪由来ASC,AUTO,1.0,https://saiseiiryo.mhlw.go.jp/published_plan/download/02F2504001/5/0,71280,税込,2回,,,-2,,"可能です。 2回目の価格 1 関節 286,000 円(税込) 自家ASC 保管費用:製造した自家ASC は細胞培養加工施設で保管され、本治療に使用する際に当院へ輸 送されます。脂肪組織を採取してから1 年以上を経過した後に自家ASC の投与を希望される場合、自家ASC の保管費用を別途71,280 円(税込)お支払いいただきます。 キャンセル費用:本治療をとりやめた場合、その時点までに行った施術および細胞培養にかかった費用をお支払い いただきます。 期間 キャンセル費用 脂肪採取前に治療をとりやめた場合 キャンセル費用のお支払いはございません。 脂肪採取~投与8 日前まで 397,000 円(税込) 投与7 日前~",,
C,P00508,F0193,中国四国,徳島県,医療法人メディカルトラスト 髙木整形外科医院,医療法人メディカルトラスト 髙木整形外科医院,医療法人メディカルトラスト 髙木整形外科医院,第二種,自家脂肪組織由来幹細胞（ASC）の投与による関節治療,脂肪由来ASC,AUTO,1.0,https://saiseiiryo.mhlw.go.jp/published_plan/download/02F2504001/5/0,397000,税込,,,,-2,,"円(税込)お支払いいただきます。 キャンセル費用:本治療をとりやめた場合、その時点までに行った施術および細胞培養にかかった費用をお支払い いただきます。 期間 キャンセル費用 脂肪採取前に治療をとりやめた場合 キャンセル費用のお支払いはございません。 脂肪採取~投与8 日前まで 397,000 円(税込) 投与7 日前~投与直前まで 1 関節 500,000 円(税込) 2 関節 826,000 円(税込) ご不明な点は医師・スタッフにお尋ねください。 12. 治療を受けることを拒否することについて この治療を受けるか拒否するかは、ご自身の自由な意思でお決めください。説明を受けた後に同意されない場合で も、",,
C,P00508,F0193,中国四国,徳島県,医療法人メディカルトラスト 髙木整形外科医院,医療法人メディカルトラスト 髙木整形外科医院,医療法人メディカルトラスト 髙木整形外科医院,第二種,自家脂肪組織由来幹細胞（ASC）の投与による関節治療,脂肪由来ASC,AUTO,1.0,https://saiseiiryo.mhlw.go.jp/published_plan/download/02F2504001/5/0,500000,税込,,,,-2,,"めた場合、その時点までに行った施術および細胞培養にかかった費用をお支払い いただきます。 期間 キャンセル費用 脂肪採取前に治療をとりやめた場合 キャンセル費用のお支払いはございません。 脂肪採取~投与8 日前まで 397,000 円(税込) 投与7 日前~投与直前まで 1 関節 500,000 円(税込) 2 関節 826,000 円(税込) ご不明な点は医師・スタッフにお尋ねください。 12. 治療を受けることを拒否することについて この治療を受けるか拒否するかは、ご自身の自由な意思でお決めください。説明を受けた後に同意されない場合で も、不利益を受けることは一切ありません。また同様に、治療を受けることに同意し",,
C,P00508,F0193,中国四国,徳島県,医療法人メディカルトラスト 髙木整形外科医院,医療法人メディカルトラスト 髙木整形外科医院,医療法人メディカルトラスト 髙木整形外科医院,第二種,自家脂肪組織由来幹細胞（ASC）の投与による関節治療,脂肪由来ASC,AUTO,1.0,https://saiseiiryo.mhlw.go.jp/published_plan/download/02F2504001/5/0,826000,税込,,,,-2,,"胞培養にかかった費用をお支払い いただきます。 期間 キャンセル費用 脂肪採取前に治療をとりやめた場合 キャンセル費用のお支払いはございません。 脂肪採取~投与8 日前まで 397,000 円(税込) 投与7 日前~投与直前まで 1 関節 500,000 円(税込) 2 関節 826,000 円(税込) ご不明な点は医師・スタッフにお尋ねください。 12. 治療を受けることを拒否することについて この治療を受けるか拒否するかは、ご自身の自由な意思でお決めください。説明を受けた後に同意されない場合で も、不利益を受けることは一切ありません。また同様に、治療を受けることに同意した場合であっても、投与までの間 でしたらい",,
C,P00510,F0193,中国四国,徳島県,医療法人メディカルトラスト 髙木整形外科医院,医療法人メディカルトラスト 髙木整形外科医院,医療法人メディカルトラスト 髙木整形外科医院,第三種,自家多血小板血漿（PRP）を用いた靭帯・腱及び腱付着部の機能障害・疾患の治療,PRP,AUTO,1.0,https://saiseiiryo.mhlw.go.jp/published_plan/download/01F2205002/5/0,33000,税込,,ACP|GPS|Zimmer|Arthrex,Arthrex|Zimmer Biomet,8,,"撤回された場合など、同意を撤回される時点までに費用が発生して いる場合、発生した費用を患者様にご負担いただきますのでご了承 ください。 ZIMMER BIOMET製 GPS®IIIシステム 110,000円(税込) Arthrex Japan 合同会社製 Arthrex ACP ダブルシリンジ 33,000円(税込) 13.他の治療法の有無、本治療法との比較について 靭帯・腱及び腱付着部の機能障害・疾患は、ストレッチをこまめに 行う、患部を酷使するようなスポーツや作業を控えて湿布や外用薬 を服用する、局所麻酔薬やステロイドの注射を行う、などの保存療 法により症状の改善が見られる場合があります。このような保存療 法は、本治療法よりも手軽に、安価",,
C,P00510,F0193,中国四国,徳島県,医療法人メディカルトラスト 髙木整形外科医院,医療法人メディカルトラスト 髙木整形外科医院,医療法人メディカルトラスト 髙木整形外科医院,第三種,自家多血小板血漿（PRP）を用いた靭帯・腱及び腱付着部の機能障害・疾患の治療,PRP,AUTO,1.0,https://saiseiiryo.mhlw.go.jp/published_plan/download/01F2205002/5/0,110000,税込,,ACP|APS|GPS|Zimmer,Arthrex|Zimmer Biomet,8,,"により治 療費が変動する場合があります。 なお、細胞の採取後や自家PRPやAPSの製造を開始した後に同意を 撤回された場合など、同意を撤回される時点までに費用が発生して いる場合、発生した費用を患者様にご負担いただきますのでご了承 ください。 ZIMMER BIOMET製 GPS®IIIシステム 110,000円(税込) Arthrex Japan 合同会社製 Arthrex ACP ダブルシリンジ 33,000円(税込) 13.他の治療法の有無、本治療法との比較について 靭帯・腱及び腱付着部の機能障害・疾患は、ストレッチをこまめに 行う、患部を酷使するようなスポーツや作業を控えて湿布や外用薬 を服用する、局所麻酔薬やステロイドの注射を行う、など",,
C,P00535,F0198,中国四国,愛媛県,社会医療法人石川記念会 HITO病院,社会医療法人石川記念会 HITO病院,社会医療法人石川記念会 HITO病院,第三種,自己多血小板血漿（PRP）を用いた整形外科領域における軟部組織治療,PRP,AUTO,0.994,https://saiseiiryo.mhlw.go.jp/published_plan/download/03F2405002/5/0,100000,税別,,,,8,,"利用して行う治療であるため、診療記録は最終診療日より原則10 年間保 管いたします。 治療にかかる費用について この治療は公的保険の対象ではありませんので、当院所定の施術料をお支払いいただきま す。 ・治療費例:軟部組織治療 100,000 円 (税抜) 上記価格は一例です。PRP を用いた治療に係る詳しい費用につきましては、医師またはスタ ッフにお尋ね下さい。 施術後、患者様の個人的な事情及び金銭等に関する問題に関しては一切の責を負いかねます のでご了承ください。 本治療の実施体制 本治療の実施",,
C,P00623,F0443,中部,愛知県,医療法人蜂友会 はちや整形外科病院,医療法人蜂友会 はちや整形外科病院,医療法人蜂友会 はちや整形外科病院,第二種,多血小板血漿（PRP）を用いた整形外科疾患に対する組織修復,PRP,QC,0.98,https://saiseiiryo.mhlw.go.jp/published_plan/download/03D2605008/5/0,,,,,,,,,no price found after text/OCR pass,Document fetched but no price candidate
