match_type,scope,kind,prefecture,facility,address,treatment,best_score,nearest_plan_id,nearest_facility,nearest_treatment,score,matched_plan_id,matched_facility,matched_treatment,document_urls
possible_missing,strong_msk,2,北海道,NTT東日本札幌病院,札幌市中央区南1条西15丁目,自家多血小板血漿（Platelet-rich plasma：PRP）を用いた慢性関節炎の治療（関節内組織）,,,,,,,,,https://saiseiiryo.mhlw.go.jp/published_plan/download/02A2606001/5/0|https://saiseiiryo.mhlw.go.jp/published_plan/download/02A2606001/5/1
possible_missing,strong_msk,2,北海道,Revo. Clinic,札幌市中央区南4条西2丁目8-9 リディアビル7階,変形性関節症に対する自家脂肪由来幹細胞による治療,,,,,,,,,https://saiseiiryo.mhlw.go.jp/published_plan/download/03A2512001/5/0
possible_missing,strong_msk,2,北海道,"医療法人hokule'a 
fクリニックさっぽろ",札幌市南区中ノ沢1丁目12番20号,自家多血小板血漿（Platelet-Rich Plasma：PRP）を用いた慢性関節炎の治療（関節内組織）,,,,,,,,,https://saiseiiryo.mhlw.go.jp/published_plan/download/01A2408002/5/0|https://saiseiiryo.mhlw.go.jp/published_plan/download/01A2408002/5/1
possible_missing,strong_msk,2,北海道,医療法人　五輪橋整形外科病院,札幌市南区川沿2条1丁目2番56号,多血小板血漿抽出液による関節症治療,,,,,,,,,https://saiseiiryo.mhlw.go.jp/published_plan/download/03A2110001/5/0
possible_missing,strong_msk,2,北海道,医療法人そえるて　奥山整形外科,旭川市緑が丘東3条1丁目12番33号,変形性関節症に対する多血小板血漿（ＰＲＰ）関節内投与療法,,,,,,,,,https://saiseiiryo.mhlw.go.jp/published_plan/download/01A2604001/5/0
possible_missing,strong_msk,2,北海道,医療法人スポキチ　スポキチクリニック,札幌市北区新琴似1条12丁目6-3,自家多血小板血漿（Platelet-rich plasma：PRP）を用いた慢性関節炎の治療（関節内組織）,,,,,,,,,https://saiseiiryo.mhlw.go.jp/published_plan/download/01A2106001/5/0
possible_missing,strong_msk,2,北海道,医療法人リアルエイジ静哉会　Dクリニック札幌,札幌市中央区北4条西2-1-2　キタコートレードビル7F,慢性関節炎に対する自己脂肪由来間葉系幹細胞を用いた治療,,,,,,,,,https://saiseiiryo.mhlw.go.jp/published_plan/download/03A2605010/5/0|https://saiseiiryo.mhlw.go.jp/published_plan/download/03A2605010/5/1
possible_missing,strong_msk,2,北海道,医療法人悠康会　函館整形外科クリニック,函館市石川町2-115,"多血小板血漿（PRP, platelet rich plasma）の投与による変形性関節症治療",,,,,,,,,https://saiseiiryo.mhlw.go.jp/published_plan/download/03A2210002/5/0
possible_missing,strong_msk,2,北海道,医療法人社団 福亀会 札幌中央整形外科クリニック,札幌市中央区北1条西4丁目2-2札幌ノースプラザ3F,変形性関節症に対する自家多血小板血漿関節内投与療法,,,,,,,,,https://saiseiiryo.mhlw.go.jp/published_plan/download/01A2402003/5/0
possible_missing,strong_msk,2,北海道,医療法人社団くわのみ会　桑園整形外科,札幌市中央区北8条西16丁目２８－３０,自家多血小板血漿による関節症治療,,,,,,,,,https://saiseiiryo.mhlw.go.jp/published_plan/download/02A1911015/5/0
possible_missing,strong_msk,2,北海道,医療法人社団みつわ整形外科クリニック,札幌市豊平区平岸３条６丁目６番３０号,自家多血小板血漿(PRP)抽出液による変形性関節症治療,,,,,,,,,https://saiseiiryo.mhlw.go.jp/published_plan/download/02A2403002/5/0|https://saiseiiryo.mhlw.go.jp/published_plan/download/02A2403002/5/1
possible_missing,strong_msk,2,北海道,医療法人社団三慈会　釧路三慈会病院,釧路市幣舞町4-30,多血小板血漿（PRP）の投与による変形性関節症治療,,,,,,,,,https://saiseiiryo.mhlw.go.jp/published_plan/download/02A2507001/5/0
possible_missing,strong_msk,2,北海道,医療法人社団再星会　ひざのセルクリニック札幌院,札幌市中央区南1条西１６丁目１番２４５　レーベンビル４F,自己脂肪由来幹細胞を用いた変形性関節症の治療,,,,,,,,,https://saiseiiryo.mhlw.go.jp/published_plan/download/01A2603001/5/0
possible_missing,broad_msk,2,北海道,医療法人社団再星会　ひざのセルクリニック札幌院,札幌市中央区南1条西１６丁目１番２４５　レーベンビル４F,自己脂肪由来幹細胞を用いた慢性疼痛の治療,,,,,,,,,https://saiseiiryo.mhlw.go.jp/published_plan/download/01A2603002/5/0
possible_missing,strong_msk,2,北海道,医療法人社団再星会　ひざのセルクリニック札幌院,札幌市中央区南1条西１６丁目１番２４５　レーベンビル４F,変形性関節症に対する自家多血小板血漿関節内投与療法,,,,,,,,,https://saiseiiryo.mhlw.go.jp/published_plan/download/01A2603003/5/0
possible_missing,strong_msk,2,北海道,医療法人社団悠仁会羊ヶ丘病院,札幌市厚別区青葉町三丁目1番10号,自家多血小板血漿（Platelet-rich plasma：PRP）を用いた慢性関節炎の治療（関節内組織）,,,,,,,,,https://saiseiiryo.mhlw.go.jp/published_plan/download/03A2604002/5/0
possible_missing,strong_msk,2,北海道,医療法人社団松陽会 だい整形外科クリニック,札幌市西区二十四軒三条1丁目1番18号 メディカルスクエア二十四軒　1階,自家多血小板血漿（Platelet-rich plasma：PRP）を用いた慢性関節炎の治療（関節内組織）,,,,,,,,,https://saiseiiryo.mhlw.go.jp/published_plan/download/01A2409003/5/0
possible_missing,strong_msk,2,北海道,"医療法人社団活寿会
札幌ひざ関節症クリニック","札幌市中央区北一条西三丁目3番11
桂和北1条ビル6階",自家脂肪組織由来幹細胞（ASC）の投与による関節治療,,,,,,,,,https://saiseiiryo.mhlw.go.jp/published_plan/download/02A2601003/5/0
possible_missing,strong_msk,2,北海道,医療法人社団福亀会　札幌中央整形外科クリニック,"札幌市中央区北１条西４丁目２－２
札幌ノースプラザ３階",自己脂肪由来間葉系幹細胞を用いた関節痛、変形性関節症治療,,,,,,,,,https://saiseiiryo.mhlw.go.jp/published_plan/download/01A2405004/5/0
possible_missing,strong_msk,2,北海道,医療法人社団福亀会　福住整形外科クリニック,札幌市豊平区福住２条１丁目２−５イトーヨーカドー福住店　福住メディカル６Ｆ,変形性関節症に対する多血小板血漿（ＰＲＰ）関節内投与療法,,,,,,,,,https://saiseiiryo.mhlw.go.jp/published_plan/download/02A2402001/5/0
possible_missing,strong_msk,2,北海道,"医療法人美喜有会
リペアセルクリニック札幌院","札幌市中央区大通西5丁目10番
ザイマックス札幌大通ビルB1",自己脂肪由来幹細胞と自己前骨分化誘導培養上清液を用いた変形性関節症の治療,,,,,,,,,https://saiseiiryo.mhlw.go.jp/published_plan/download/02A2605003/5/0
possible_missing,strong_msk,2,北海道,医療法人美喜有会　リペアセルクリニック札幌院,札幌市中央区大通西5丁目10番ザイマックス札幌大通ビルB1,自己脂肪由来幹細胞を用いた変形性関節症の治療,,,,,,,,,https://saiseiiryo.mhlw.go.jp/published_plan/download/02A2605001/5/0
possible_missing,strong_msk,2,北海道,医療法人美喜有会　リペアセルクリニック札幌院,札幌市中央区大通西5丁目10番ザイマックス札幌大通ビルB1,自家多血小板血漿を用いた変形性関節症の治療,,,,,,,,,https://saiseiiryo.mhlw.go.jp/published_plan/download/02A2605010/5/0
possible_missing,strong_msk,2,北海道,小樽市立病院,小樽市若松1丁目1番1号,自家多血小板血漿（Platelet-rich plasma：PRP）を用いた慢性関節炎の治療（関節内組織）,,,,,,,,,https://saiseiiryo.mhlw.go.jp/published_plan/download/03A2508004/5/0
possible_missing,strong_msk,2,北海道,整形外科進藤病院,旭川市4条通19丁目右6号,多血小板血漿の投与による変形性関節症治療,,,,,,,,,https://saiseiiryo.mhlw.go.jp/published_plan/download/03A2409003/5/0
possible_missing,strong_msk,2,北海道,札幌ひざのセルクリニック,札幌市中央区南1条西１６丁目１番２４５　レーベンビル４F,自己脂肪由来幹細胞を用いた変形性関節症の治療,,,,,,,,,https://saiseiiryo.mhlw.go.jp/published_plan/download/01A2312001/5/0
possible_missing,broad_msk,2,北海道,札幌ひざのセルクリニック,札幌市中央区南1条西１６丁目１番２４５　レーベンビル４F,自己脂肪由来幹細胞を用いた慢性疼痛の治療,,,,,,,,,https://saiseiiryo.mhlw.go.jp/published_plan/download/01A2312002/5/0
possible_missing,strong_msk,2,北海道,札幌ひざのセルクリニック,札幌市中央区南1条西１６丁目１番２４５　レーベンビル４F,変形性関節症に対する自家多血小板血漿（ＰＲＰ）関節内投与療法,,,,,,,,,https://saiseiiryo.mhlw.go.jp/published_plan/download/01A2312003/5/0
possible_missing,strong_msk,2,北海道,"社会医療法人　孝仁会
釧路孝仁会記念病院",釧路市愛国191番212,自己脂肪（組織）由来間葉系幹細胞を用いた変形性膝関節症の治療,,,,,,,,,https://saiseiiryo.mhlw.go.jp/published_plan/download/03A2505003/5/0
possible_missing,strong_msk,2,北海道,"社会医療法人　孝仁会　
釧路孝仁会記念病院",釧路市愛国191番212,自己脂肪（組織）由来再生（幹）細胞を用いた変形性膝関節症の治療,,,,,,,,,https://saiseiiryo.mhlw.go.jp/published_plan/download/03A2505002/5/0
possible_missing,strong_msk,2,北海道,社会医療法人北斗　北斗病院,帯広市稲田町基線7番地5,多血小板血漿（Platelet Rich Plasma：PRP）の投与による変形性関節症治療,,,,,,,,,https://saiseiiryo.mhlw.go.jp/published_plan/download/03A2601001/5/0
possible_missing,strong_msk,2,北海道,"社会医療法人孝仁会
釧路孝仁会記念病院",釧路市愛国191番212,膝関節における軟骨欠損（外傷性軟骨損傷・離断性骨軟骨炎・早期変形性膝関節症）を対象とした自家滑膜間葉系幹細胞由来三次元人工組織（自家gMSC®1-A）移植,,,,,,,,,https://saiseiiryo.mhlw.go.jp/published_plan/download/03A2505012/5/0
possible_missing,strong_msk,2,北海道,社会医療法人松田整形外科記念病院,札幌市北区北18条西4丁目1番35号,自家多血小板血漿（Platelet-rich plasma：PRP）を用いた慢性関節炎の治療（関節内組織）,,,,,,,,,https://saiseiiryo.mhlw.go.jp/published_plan/download/03A2503005/5/0
possible_missing,strong_msk,2,北海道,社会医療法人社団　朋仁会　整形外科　北新病院,札幌市東区北8条東4丁目1番5号,自家多血小板血漿抽出液(APS)による変形性膝関節症治療,,,,,,,,,https://saiseiiryo.mhlw.go.jp/published_plan/download/03A2503001/5/0
possible_missing,strong_msk,2,青森県,八戸平和病院,八戸市湊高台二丁目4-6,自家多血小板血漿（Platelet-rich plasma：PRP）を用いた慢性関節炎の治療（関節内組織）,,,,,,,,,https://saiseiiryo.mhlw.go.jp/published_plan/download/02B2511001/5/0
possible_missing,strong_msk,2,青森県,医療法人なかざわ整形外科　なかざわスポーツクリニック,八戸市新井田字館下1番地,自家多血小板血漿（Platelet-rich plasma：PRP）を用いた慢性関節炎の治療（関節内組織）,,,,,,,,,https://saiseiiryo.mhlw.go.jp/published_plan/download/03B2601001/5/0
possible_missing,strong_msk,2,青森県,"医療法人健章会
あおもりベイクリニック","青森市長島1丁目6-6
CROSS TOWER A-BAY3F",自家多血小板血漿（Platelet-Rich Plasma：PRP）を用いた慢性関節炎の治療（関節内組織）,,,,,,,,,https://saiseiiryo.mhlw.go.jp/published_plan/download/01B2411002/5/0|https://saiseiiryo.mhlw.go.jp/published_plan/download/01B2411002/5/1
possible_missing,strong_msk,2,青森県,"医療法人健章会
あおもりベイクリニック","青森市長島1丁目6-6
CROSS TOWER A-BAY3F",自家脂肪由来幹細胞を用いた変形性関節症治療,,,,,,,,,https://saiseiiryo.mhlw.go.jp/published_plan/download/01B2411003/5/0|https://saiseiiryo.mhlw.go.jp/published_plan/download/01B2411003/5/1
possible_missing,strong_msk,2,青森県,弘前大学医学部附属病院,弘前市本町５３,自家多血小板血漿（Arthrex ACP Double Syringe Systemにより作製）、自家多血小板血漿（ACP MAX PRPシステムにより作製）、または自家多血小板血漿（Angel cPRPシステムにより作製）＋ヒアルロン酸併用療法を用いた関節内組織損傷に対する治療,,,,,,,,,https://saiseiiryo.mhlw.go.jp/published_plan/download/03B2607015/5/0
possible_missing,strong_msk,2,青森県,弘前大学医学部附属病院,弘前市本町５３,自家多血小板血漿（Platelet-rich plasma:PRP）を用いた関節内組織損傷に対する治療,,,,,,,,,https://saiseiiryo.mhlw.go.jp/published_plan/download/03B2606001/5/0
possible_missing,strong_msk,2,岩手県,いわてスポーツ・整形外科クリニック,盛岡市向中野字細谷地114番地,自家多血小板血漿（Platelet-rich plasma：PRP）を用いた慢性関節炎の治療（関節内組織）,,,,,,,,,https://saiseiiryo.mhlw.go.jp/published_plan/download/01B2403003/5/0
possible_missing,strong_msk,2,岩手県,医療法人日新堂　八角医院,盛岡市好摩字夏間木101番地2,変形性関節症および関節腔の傷害を対象とした多血小板血漿Platelet Rich Plasma（PRP）注入療法,,,,,,,,,https://saiseiiryo.mhlw.go.jp/published_plan/download/03B2604002/5/0
possible_missing,strong_msk,2,岩手県,盛岡ふじさわ整形外科クリニック,盛岡市本宮三丁目９番１３号,変形性関節症に対する自家多血小板血漿（ＰＲＰ）、自家多血小板血漿抽出液（APS）関節内投与療法,,,,,,,,,https://saiseiiryo.mhlw.go.jp/published_plan/download/01B2407001/5/0
possible_missing,strong_msk,2,岩手県,菅原整形外科クリニック,一関市銅谷町9番18号,自己多血小板血漿（PRP）を用いた変形性膝関節症への治療,,,,,,,,,https://saiseiiryo.mhlw.go.jp/published_plan/download/03B2405002/5/0|https://saiseiiryo.mhlw.go.jp/published_plan/download/03B2405002/5/1|https://saiseiiryo.mhlw.go.jp/published_plan/download/03B2405002/5/2
possible_missing,strong_msk,2,宮城県,JR仙台病院,仙台市青葉区五橋1-1-5,多血小板血漿（PRP）の投与による変形性関節症治療,,,,,,,,,https://saiseiiryo.mhlw.go.jp/published_plan/download/03B2607017/5/0
possible_missing,strong_msk,2,宮城県,"医療法人社団活寿会
仙台ひざ関節症クリニック","仙台市青葉区一番町2-4-19
シリウス・一番町1F",自家脂肪組織由来幹細胞（ASC）の投与による関節治療,,,,,,,,,https://saiseiiryo.mhlw.go.jp/published_plan/download/02B2506001/5/0
possible_missing,strong_msk,2,宮城県,宮城整形外科　スポーツ・ウェルネスクリニック,黒川郡大和町しあわせの杜8-11,変形性関節症に対する自家多血小板血漿、自家多血小板血漿抽出液関節内投与療法,,,,,,,,,https://saiseiiryo.mhlw.go.jp/published_plan/download/01B2411004/5/0
possible_missing,strong_msk,2,宮城県,独立行政法人地域医療機能推進機構仙台病院,仙台市泉区紫山 2-1-1,多血小板血漿（Platelet-rich plasma：PRP）を用いた関節痛、変形性関節症治療,,,,,,,,,https://saiseiiryo.mhlw.go.jp/published_plan/download/03B2509002/5/0
possible_missing,strong_msk,2,宮城県,関節外科スポーツクリニック石巻,石巻市あゆみ野5丁目2-1,自家多血小板血漿（Platelet-rich plasma：PRP）を用いた慢性関節炎の治療（関節内組織）,,,,,,,,,https://saiseiiryo.mhlw.go.jp/published_plan/download/01B2306001/5/0
possible_missing,strong_msk,2,山形県,医療法人徳洲会　山形徳洲会病院,山形市清住町二丁目三番51号,自家多血小板血漿（PRP：Platelet Rich Plasma）の投与による変形性膝関節症に対する治療,,,,,,,,,https://saiseiiryo.mhlw.go.jp/published_plan/download/02B2504001/5/0
possible_missing,strong_msk,2,山形県,国立大学法人山形大学医学部附属病院,山形市飯田西二丁目2番2号,自家多血小板血漿（Platelet-rich plasma：PRP）を用いた慢性関節炎の治療（関節内組織）,,,,,,,,,https://saiseiiryo.mhlw.go.jp/published_plan/download/03B2508001/5/0
possible_missing,strong_msk,2,山形県,志田整形外科医院,鶴岡市みどり町１８－５,自家多血小板血漿（Platelet-rich plasma：PRP）を用いた慢性関節炎の治療（関節内組織）,,,,,,,,,https://saiseiiryo.mhlw.go.jp/published_plan/download/01B2403006/5/0
possible_missing,strong_msk,2,山形県,志田整形外科医院,鶴岡市みどり町18-5,自家多血小板血漿（Platelet-Rich Plasma：PRP）を用いた脊椎由来疼痛の治療,,,,,,,,,https://saiseiiryo.mhlw.go.jp/published_plan/download/01B2408002/5/0|https://saiseiiryo.mhlw.go.jp/published_plan/download/01B2408002/5/1
possible_missing,strong_msk,2,福島県,公益財団法人ときわ会 常磐病院,いわき市常磐上湯長谷町上ノ台57,自己多血小板血漿（Platelet-rich plasma : PRP）療法を用いた関節炎・変形性関節症の治療,,,,,,,,,https://saiseiiryo.mhlw.go.jp/published_plan/download/03B2505001/5/0|https://saiseiiryo.mhlw.go.jp/published_plan/download/03B2505001/5/1
possible_missing,strong_msk,2,福島県,公立藤田総合病院,伊達郡国見町大字塚野目字三本木14,自家多血小板血漿（Platelet-rich plasma：PRP）を用いた慢性関節炎の治療（関節内組織）,,,,,,,,,https://saiseiiryo.mhlw.go.jp/published_plan/download/03B2502002/5/0
possible_missing,strong_msk,2,福島県,医療法人なこそ整形外科クリニック,いわき市勿来町窪田町通２－５７－１,自家多血小板血漿（PRP）を用いた関節内疾患に対する治療,,,,,,,,,https://saiseiiryo.mhlw.go.jp/published_plan/download/03B2103001/5/0
possible_missing,strong_msk,2,茨城県,アントラーズスポーツクリニック,鹿嶋市神向寺後山26-2,変形性関節症及び関節腔を対象とした自家多血小板血漿注入療法,0.2135,P00084,すずらん整形＆ラボ,自家多血小板血漿（PRP）を用いた慢性関節炎の治療（関節内組織）,,,,,https://saiseiiryo.mhlw.go.jp/published_plan/download/03C2311001/5/0|https://saiseiiryo.mhlw.go.jp/published_plan/download/03C2311001/5/1|https://saiseiiryo.mhlw.go.jp/published_plan/download/03C2311001/5/2
possible_missing,strong_msk,2,茨城県,"医療法人ここの実会
嶋崎病院",日立市会瀬町３丁目２３番１号,多血小板血漿（PRP）による変形性関節症治療,0.7579,P00086,医療法人健佑会 いちはら病院,多血小板血漿（PRP）の投与による変形性関節症治療,,,,,https://saiseiiryo.mhlw.go.jp/published_plan/download/03C2305020/5/0|https://saiseiiryo.mhlw.go.jp/published_plan/download/03C2305020/5/1|https://saiseiiryo.mhlw.go.jp/published_plan/download/03C2305020/5/2
possible_missing,strong_msk,2,茨城県,医療法人社団　筑波記念会　筑波記念病院,茨城県つくば市要1187-299,自家多血小板血漿（Platelet-rich plasma：PRP）を用いた関節内組織損傷に対する治療,0.7297,P00087,医療法人社団 筑波記念会 筑波記念病院,多血小板血漿を用いた膝前十字靭帯再建手術,,,,,https://saiseiiryo.mhlw.go.jp/published_plan/download/02C2409071/5/0
possible_missing,strong_msk,2,栃木県,医療法人　英心会　倉持整形外科・皮膚科美容皮膚科,宇都宮市屋板町405-1,自家多血小板血漿（PRP）を用いた変形性関節症および関節腔内の治療,0.5108,P00093,医療法人親仁会 佐藤病院,多血小板血漿（PRP）による変形性関節症治療,,,,,https://saiseiiryo.mhlw.go.jp/published_plan/download/01C2504017/5/0
possible_missing,strong_msk,2,群馬県,ぐんまスポーツ整形外科,前橋市宮地町57-2,自家多血小板血漿（Platelet-rich plasma：PRP）を用いた慢性関節炎の治療（関節内組織）,0.3754,P00336,パーク整形外科クリニック,変形性関節症を対象とした自家多血小板血漿（PRP）注入療法,,,,,https://saiseiiryo.mhlw.go.jp/published_plan/download/01C2203026/5/0
possible_missing,strong_msk,2,群馬県,医療法人KOSSMOS会 剣持整形外科,太田市東本町42-1,自家多血小板血漿（Platelet-rich plasma：PRP）を用いた整形外科手術（骨・関節内組織）,0.3443,P00101,医療法人社団善衆会 善衆会病院,多血小板血漿（PRP）による変形性関節症治療,,,,,https://saiseiiryo.mhlw.go.jp/published_plan/download/01C2108030/5/0
possible_missing,strong_msk,2,群馬県,医療法人KOSSMOS会 剣持整形外科,太田市東本町42-1,自家多血小板血漿（Platelet-rich plasma：PRP）を用いた慢性関節炎の治療（関節内組織）,0.3751,P00101,医療法人社団善衆会 善衆会病院,多血小板血漿（PRP）による変形性関節症治療,,,,,https://saiseiiryo.mhlw.go.jp/published_plan/download/02C2503032/5/0
possible_missing,strong_msk,2,群馬県,医療法人山本整形外科医院,前橋市西片貝町1-200,変形性関節症および関節腔の傷害を対象とした自家多血小板血漿（PRP）注入療法,0.6267,P00336,パーク整形外科クリニック,変形性関節症を対象とした自家多血小板血漿（PRP）注入療法,,,,,https://saiseiiryo.mhlw.go.jp/published_plan/download/01C2206014/5/0|https://saiseiiryo.mhlw.go.jp/published_plan/download/01C2206014/5/1
possible_missing,strong_msk,2,群馬県,医療法人石井会　石井病院,伊勢崎市波志江１１５２,変形性関節症に対する自己脂肪組織由来間葉系前駆細胞移植による治療,0.4187,P00101,医療法人社団善衆会 善衆会病院,多血小板血漿（PRP）による変形性関節症治療,,,,,https://saiseiiryo.mhlw.go.jp/published_plan/download/02C1910156/5/0
possible_missing,strong_msk,2,群馬県,医療法人秀躍会　もぎ整形外科クリニック,高崎市井野町800－11,変形性関節症および関節腔の傷害を対象とした自家多血小板血漿（PRP）注入療法,0.744,P00336,パーク整形外科クリニック,変形性関節症を対象とした自家多血小板血漿（PRP）注入療法,,,,,https://saiseiiryo.mhlw.go.jp/published_plan/download/01C2207022/5/0|https://saiseiiryo.mhlw.go.jp/published_plan/download/01C2207022/5/1|https://saiseiiryo.mhlw.go.jp/published_plan/download/01C2207022/5/2
possible_missing,strong_msk,2,群馬県,慶友整形外科クリニック,館林市羽附町1741,自家多血小板血漿（Platelet-rich plasma：PRP）を用いた関節内組織損傷に対する治療,0.5285,P00336,パーク整形外科クリニック,変形性関節症を対象とした自家多血小板血漿（PRP）注入療法,,,,,https://saiseiiryo.mhlw.go.jp/published_plan/download/01C1906015/5/0
possible_missing,strong_msk,2,群馬県,石井病院,伊勢崎市波志江町１１５２,変形性関節症に対する自己脂肪・滑膜由来培養間葉系幹細胞の関節内投与療法,0.243,P00101,医療法人社団善衆会 善衆会病院,多血小板血漿（PRP）による変形性関節症治療,,,,,https://saiseiiryo.mhlw.go.jp/published_plan/download/01C2412022/5/0
possible_missing,strong_msk,2,群馬県,社会医療法人社団慶友会　慶友整形外科クリニック,館林市羽附町1741,自家多血小板血漿（Platelet-rich plasma：PRP）を用いた関節内組織損傷に対する治療,0.4171,P00336,パーク整形外科クリニック,変形性関節症を対象とした自家多血小板血漿（PRP）注入療法,,,,,https://saiseiiryo.mhlw.go.jp/published_plan/download/01C2605017/5/0
possible_missing,strong_msk,2,埼玉県,UT整形外科　武蔵浦和,さいたま市南区白幡５丁目１８－１９　MID KUDOS TERRACE　3F,変形性関節症に対する自家培養脂肪由来幹細胞を用いた治療,0.4288,P00116,医療法人社団春陽会 大宮リビータ整形外科,自己脂肪由来間葉系幹細胞を用いた変形性関節症治療,,,,,https://saiseiiryo.mhlw.go.jp/published_plan/download/01C2501014/5/0|https://saiseiiryo.mhlw.go.jp/published_plan/download/01C2501014/5/1
possible_missing,strong_msk,2,埼玉県,UT整形外科　武蔵浦和,さいたま市南区白幡５丁目１８－１９　MID KUDOS TERRACE　3F,変形性関節症を対象とした自家多血小板血漿（PRP）注入療法,0.8067,P00105,伊奈整形外科・せぼねクリニック,変形性関節症を対象とした自家多血小板血漿（PRP）注入療法,,,,,https://saiseiiryo.mhlw.go.jp/published_plan/download/02C2510040/5/0|https://saiseiiryo.mhlw.go.jp/published_plan/download/02C2510040/5/1
possible_missing,strong_msk,2,埼玉県,"一般社団法人ARMS
ライオンズ整形外科クリニック",所沢市大字上山口2178番6,変形性関節症および関節腔の傷害を対象とした自家多血小板血漿（PRP）注入療法,0.8027,P00110,医療法人彰友会 小林整形外科,変形性関節症および関節腔の傷害を対象とした自家多血小板血漿（PRP）注入療法,,,,,https://saiseiiryo.mhlw.go.jp/published_plan/download/03C2604008/5/0
possible_missing,strong_msk,2,埼玉県,"医療法人元志会
川越TACA川越下肢静脈瘤膝関節クリニック","川越市脇田本町8-1
U_PLACE　MEDICITY　６階",多血小板血漿を用いた整形外科疾患に対する関節内治療,0.5445,P00114,医療法人社団慶辰会 新越谷駅前えがわ整形外科クリニック,多血小板血漿（PRP）を用いた変形性関節症治療,,,,,https://saiseiiryo.mhlw.go.jp/published_plan/download/03C2607036/5/0
possible_missing,strong_msk,2,埼玉県,医療法人元気会　わかさクリニック,所沢市若狭4-2468-31,自家脂肪由来間葉系幹細胞を用いた変形性関節症治療,0.692,P00116,医療法人社団春陽会 大宮リビータ整形外科,自己脂肪由来間葉系幹細胞を用いた変形性関節症治療,,,,,https://saiseiiryo.mhlw.go.jp/published_plan/download/03C2411029/5/0
possible_missing,strong_msk,2,埼玉県,医療法人社団 鴻愛会 with Life クリニック 大宮駅前,さいたま市大宮区桜木町1丁目133番地2　メインKビル 2階3階4階,自家多血小板血漿（Platelet-Rich Plasma：PRP）を用いた慢性関節炎の治療（関節内組織）,0.7265,P00112,医療法人社団 鴻愛会 with Life クリニック 大宮駅前,自家脂肪組織由来の培養間葉系幹細胞を用いた関節疾患の治療,,,,,https://saiseiiryo.mhlw.go.jp/published_plan/download/01C2506018/5/0
possible_missing,strong_msk,2,埼玉県,"医療法人社団nagomi会
健康スポーツクリニック",熊谷市弥藤吾122-1,多血小板血漿（PRP）の投与による変形性関節症治療,0.748,P00111,医療法人本庄福島病院 本庄総合病院,多血小板血漿（PRP）の投与による変形性関節症治療,,,,,https://saiseiiryo.mhlw.go.jp/published_plan/download/03C2408003/5/0
possible_missing,strong_msk,2,埼玉県,医療法人社団南越谷病院,越谷市南越谷一丁目4番63号,自家多血小板血漿（Platelet-rich plasma：PRP）を用いた慢性関節炎の治療（関節内組織）,0.5523,P00113,医療法人社団愛友会 三郷中央総合病院,多血小板血漿（PRP）を用いた変形性関節症治療,,,,,https://saiseiiryo.mhlw.go.jp/published_plan/download/01C2102011/5/0
possible_missing,strong_msk,2,埼玉県,医療法人社団幸祥会 東整形外科,さいたま市見沼区東大宮５丁目３４−２５,多血小板血漿（Platelet-rich plasma：PRP）を用いた変形性関節症治療,0.634,P00114,医療法人社団慶辰会 新越谷駅前えがわ整形外科クリニック,多血小板血漿（PRP）を用いた変形性関節症治療,,,,,https://saiseiiryo.mhlw.go.jp/published_plan/download/02C2607073/5/0
possible_missing,strong_msk,2,埼玉県,"医療法人社団活寿会
大宮ひざ関節症クリニック","さいたま市大宮区桜木町4-209
第3バーディートライビル4F",脂肪組織由来幹細胞（adipose-derived mesenchymal stem cell）の投与による関節治療,0.5442,P00122,医療法人社団鷲明会 かすかべ整形外科・内科 ほまれクリニック,自家脂肪組織由来幹細胞（ASC）の投与による関節治療,,,,,https://saiseiiryo.mhlw.go.jp/published_plan/download/02C2507037/5/0
possible_missing,strong_msk,2,埼玉県,"医療法人社団活寿会
大宮ひざ関節症クリニック","さいたま市大宮区桜木町4-209
第3バーディートライビル4階",多血小板血漿（PRP）の投与による変形性関節症治療,0.7551,P00111,医療法人本庄福島病院 本庄総合病院,多血小板血漿（PRP）の投与による変形性関節症治療,,,,,https://saiseiiryo.mhlw.go.jp/published_plan/download/02C2512057/5/0
possible_missing,strong_msk,2,埼玉県,医療法人社団祐慈会　井上整形外科クリニック,さいたま市南区太田窪2丁目11-22,多血小板血漿（PRP）による変形性膝関節症治療,0.7938,P00108,まくり整形外科クリニック,多血小板血漿（PRP）による変形性関節症治療,,,,,https://saiseiiryo.mhlw.go.jp/published_plan/download/03C2305016/5/0|https://saiseiiryo.mhlw.go.jp/published_plan/download/03C2305016/5/1
possible_missing,strong_msk,2,埼玉県,医療法人社団順生会　はにゅう整形外科,越谷市相模町3-139-1,多血小板血漿（PRP）を用いた変形性関節症に対する疼痛緩和,0.6684,P00114,医療法人社団慶辰会 新越谷駅前えがわ整形外科クリニック,多血小板血漿（PRP）を用いた変形性関節症治療,,,,,https://saiseiiryo.mhlw.go.jp/published_plan/download/01C1903025/5/0|https://saiseiiryo.mhlw.go.jp/published_plan/download/01C1903025/5/1
possible_missing,strong_msk,2,埼玉県,医療法人社団順生会　はにゅう整形外科,越谷市相模町３－１３９－１,自己脂肪組織由来幹細胞（ASCs）を用いた変形性膝関節症の治療,0.7127,P00116,医療法人社団春陽会 大宮リビータ整形外科,自己脂肪由来間葉系幹細胞を用いた変形性関節症治療,,,,,https://saiseiiryo.mhlw.go.jp/published_plan/download/02C2411082/5/0|https://saiseiiryo.mhlw.go.jp/published_plan/download/02C2411082/5/1
possible_missing,strong_msk,2,埼玉県,医療法人社団髙志会　レイクタウン整形外科病院,越谷市レイクタウン5-13-6,多血小板血漿（Platelet-rich plasma：PRP）を用いた変形性関節症治療,0.6004,P00113,医療法人社団愛友会 三郷中央総合病院,多血小板血漿（PRP）を用いた変形性関節症治療,,,,,https://saiseiiryo.mhlw.go.jp/published_plan/download/03C2605029/5/0
possible_missing,strong_msk,2,埼玉県,医療法人社団鴻愛会こうのす共生病院,鴻巣市上谷2073-1,自家脂肪組織由来の間質血管細胞群（Stromal Vascular Fraction：SVF）による変形性膝関節症の治療,0.4435,P00122,医療法人社団鷲明会 かすかべ整形外科・内科 ほまれクリニック,自家脂肪組織由来幹細胞（ASC）の投与による関節治療,,,,,https://saiseiiryo.mhlw.go.jp/published_plan/download/03C2509028/5/0
possible_missing,strong_msk,2,埼玉県,医療法人社団鴻愛会こうのす共生病院,鴻巣市上谷2073-1,自家脂肪組織由来微小細断脂肪組織片（Micro-Fragmented Adipose Tissue:MFAT）による変形性膝関節症の治療,0.4073,P00113,医療法人社団愛友会 三郷中央総合病院,多血小板血漿（PRP）を用いた変形性関節症治療,,,,,https://saiseiiryo.mhlw.go.jp/published_plan/download/03C2509029/5/0
possible_missing,strong_msk,2,埼玉県,医療法人社団鴻愛会こうのす共生病院,鴻巣市上谷2073-1,自己多血小板血漿（Platelet Rich Plasma : PRP）を用いた膝関節内組織修復（膝関節内投与）,0.5059,P00113,医療法人社団愛友会 三郷中央総合病院,多血小板血漿（PRP）を用いた変形性関節症治療,,,,,https://saiseiiryo.mhlw.go.jp/published_plan/download/02C2609022/5/0
possible_missing,strong_msk,2,埼玉県,大宮はしもと整形外科,"さいたま市中央区上落合8-3-32 
島忠ホームズさいたま中央店2階",多血小板血漿を用いた変形性関節治療,0.6301,P00115,医療法人社団春陽会 大宮リビータ整形外科,多血小板血漿（PRP）を用いた関節痛治療,,,,,https://saiseiiryo.mhlw.go.jp/published_plan/download/01C2112019/5/0|https://saiseiiryo.mhlw.go.jp/published_plan/download/01C2112019/5/1|https://saiseiiryo.mhlw.go.jp/published_plan/download/01C2112019/5/2
possible_missing,broad_msk,2,埼玉県,大宮はしもと整形外科,"さいたま市中央区上落合8-3-32
島忠ホームズさいたま中央店2階",慢性疼痛に対する自家脂肪由来幹細胞による治療,0.436,P00122,医療法人社団鷲明会 かすかべ整形外科・内科 ほまれクリニック,自家脂肪組織由来幹細胞（ASC）の投与による関節治療,,,,,https://saiseiiryo.mhlw.go.jp/published_plan/download/01C2204013/5/0
possible_missing,strong_msk,2,埼玉県,大宮はしもと整形外科,さいたま市中央区上落合8-3-32　島忠ホームズさいたま中央店2階,自家多血小板血漿（PRP）を用いた頚椎症・腰椎症の治療,0.5821,P00115,医療法人社団春陽会 大宮リビータ整形外科,多血小板血漿（PRP）を用いた関節痛治療,,,,,https://saiseiiryo.mhlw.go.jp/published_plan/download/01C2212041/5/0
possible_missing,strong_msk,2,埼玉県,大宮はしもと整形外科,さいたま市中央区上落合8-3-32　島忠ホームズさいたま中央店2階,自家脂肪由来幹細胞を用いた頚椎症・腰椎症の治療,0.5473,P00116,医療法人社団春陽会 大宮リビータ整形外科,自己脂肪由来間葉系幹細胞を用いた変形性関節症治療,,,,,https://saiseiiryo.mhlw.go.jp/published_plan/download/01C2302055/5/0
possible_missing,strong_msk,2,埼玉県,大宮はしもと整形外科,さいたま市中央区上落合8-3-32　島忠ホームズさいたま中央店2階,自家脂肪由来幹細胞による関節症治療,0.5372,P00116,医療法人社団春陽会 大宮リビータ整形外科,自己脂肪由来間葉系幹細胞を用いた変形性関節症治療,,,,,https://saiseiiryo.mhlw.go.jp/published_plan/download/02C2404052/5/0|https://saiseiiryo.mhlw.go.jp/published_plan/download/02C2404052/5/1
possible_missing,strong_msk,2,埼玉県,学校法人　獨協学園　獨協医科大学埼玉医療センター,越谷市南越谷2-1-50,自家滑膜幹細胞注射による変形性膝関節症治療,0.3733,P00117,医療法人社団武蔵野会 TMGあさか医療センター,多血小板血漿（PRP）を用いた変形性関節症治療,,,,,https://saiseiiryo.mhlw.go.jp/published_plan/download/02C2412031/5/0
possible_missing,strong_msk,2,埼玉県,東松山市立市民病院,東松山市大字松山2392番地,多血小板血漿（Platelet-rich plasma：PRP）を用いた変形性関節症治療,0.4597,P00113,医療法人社団愛友会 三郷中央総合病院,多血小板血漿（PRP）を用いた変形性関節症治療,,,,,https://saiseiiryo.mhlw.go.jp/published_plan/download/03C2509030/5/0
possible_missing,strong_msk,2,埼玉県,根本外科整形外科,富士見市鶴馬３４７７－１,変形性関節症に対する多血小板血漿（ＰＲＰ）関節内投与療法,0.5404,P00105,伊奈整形外科・せぼねクリニック,変形性関節症を対象とした自家多血小板血漿（PRP）注入療法,,,,,https://saiseiiryo.mhlw.go.jp/published_plan/download/01C2303014/5/0
possible_missing,strong_msk,2,埼玉県,獨協医科大学埼玉医療センター,越谷市南越谷２−１−５０,変形性関節症に対する多血小板血漿（ＰＲＰ）関節内投与療法,0.458,P00123,医療生協さいたま生活協同組合 埼玉協同病院,変形性関節症を対象とした自己多血小板血漿（PRP）注入療法,,,,,https://saiseiiryo.mhlw.go.jp/published_plan/download/01C2603013/5/0
possible_missing,strong_msk,2,埼玉県,社会医療法人新青会 川口工業総合病院,川口市青木1-18-15,自家多血小板血漿（Platelet-rich plasma：PRP）を用いた慢性関節炎の治療（関節内組織）,0.5338,P00113,医療法人社団愛友会 三郷中央総合病院,多血小板血漿（PRP）を用いた変形性関節症治療,,,,,https://saiseiiryo.mhlw.go.jp/published_plan/download/03C2603060/5/0
possible_missing,strong_msk,2,千葉県,医療法人社団淳英会　おゆみの中央病院,千葉市緑区おゆみ野南六丁目 49 番地 9,自己脂肪由来間葉系幹細胞を用いた関節痛、変形性関節症治療,0.8019,P00150,医療法人鉄蕉会 亀田クリニック,自己脂肪由来間葉系幹細胞を用いた関節痛、変形性関節症治療,,,,,https://saiseiiryo.mhlw.go.jp/published_plan/download/01C2306039/5/0
possible_missing,strong_msk,2,千葉県,医療法人社団　順徳会　下総中山整形外科クリニック,船橋市本中山2-10-1 ミレニティ中山4階,自己脂肪組織由来幹細胞（ASCs）を用いた変形性関節症の治療,0.8102,P00141,医療法人社団 淳英会 Jメディカルおゆみの,自己脂肪組織由来幹細胞（ASCs）を用いた変形性関節症の治療,,,,,https://saiseiiryo.mhlw.go.jp/published_plan/download/02C2601085/5/0|https://saiseiiryo.mhlw.go.jp/published_plan/download/02C2601085/5/1|https://saiseiiryo.mhlw.go.jp/published_plan/download/02C2601085/5/2
possible_missing,strong_msk,2,千葉県,医療法人社団　順徳会　下総中山整形外科クリニック,船橋市本中山2-10-1 ミレニティ中山4階,自己多血小板血漿(PRP)療法（治療対象：関節炎・変形性関節症）,0.6171,P00146,医療法人社団志高会 たてやま整形外科クリニック,自家多血小板血漿（PRP）を用いた慢性関節炎の治療,,,,,https://saiseiiryo.mhlw.go.jp/published_plan/download/02C2601086/5/0|https://saiseiiryo.mhlw.go.jp/published_plan/download/02C2601086/5/1|https://saiseiiryo.mhlw.go.jp/published_plan/download/02C2601086/5/2
possible_missing,strong_msk,2,千葉県,"医療法人社団オルソプラス
むらた整形外科",八千代市大和田新田99,"自家多血小板血漿（Platelet-Rich Plasma：PRP）を用いた慢性関節炎の治療
（関節内組織）",0.6483,P00144,医療法人社団奏の杜整形外科,自家多血小板血漿（PRP）を用いた慢性関節炎の治療,,,,,https://saiseiiryo.mhlw.go.jp/published_plan/download/01C2409051/5/0
possible_missing,strong_msk,2,千葉県,医療法人社団仁敬会　そがセントラルクリニック,千葉市中央区宮崎町561－1,変形性関節症に対する多血小板血漿（ＰＲＰ）関節内投与療法,0.8265,P00147,医療法人社団慈宏会 まさき整形外科,変形性関節症に対する多血小板血漿（PRP）関節内投与療法,,,,,https://saiseiiryo.mhlw.go.jp/published_plan/download/01C2202017/5/0
possible_missing,strong_msk,2,千葉県,"医療法人社団千美会
ガーデンクリニック船橋院","船橋市本町4-40-23
サドヤサザンテラス702",自己脂肪由来幹細胞を用いた変形性関節症の治療,0.7314,P00150,医療法人鉄蕉会 亀田クリニック,自己脂肪由来間葉系幹細胞を用いた関節痛、変形性関節症治療,,,,,https://saiseiiryo.mhlw.go.jp/published_plan/download/01C2110055/5/0
possible_missing,strong_msk,2,千葉県,"医療法人社団千聡会
北原整形外科",習志野市本大久保３丁目９−２４,変形性関節症および関節腔の傷害を対象とした自家多血小板血漿（PRP）注入療法,0.6787,P00145,医療法人社団実幸会 いらはら診療所,変形性関節症を対象とした自家多血小板血漿（PRP）注入療法,,,,,https://saiseiiryo.mhlw.go.jp/published_plan/download/02C2501013/5/0
possible_missing,strong_msk,2,千葉県,医療法人社団協友会　柏厚生総合病院,柏市篠籠田617番地,多血小板血漿（Platelet-rich plasma：PRP）を用いた関節痛治療,0.5867,P00149,医療法人社団曙会 流山中央病院,自家多血小板血漿（PRP）を用いた慢性関節炎の治療,,,,,https://saiseiiryo.mhlw.go.jp/published_plan/download/02C2512058/5/0
possible_missing,strong_msk,2,千葉県,医療法人社団南洲会 南洲会勝浦クリニック,勝浦市墨名485番地252,変形性関節症および関節腔の傷害を対象とした自家多血小板血漿（PRP）注入療法,0.656,P00145,医療法人社団実幸会 いらはら診療所,変形性関節症を対象とした自家多血小板血漿（PRP）注入療法,,,,,https://saiseiiryo.mhlw.go.jp/published_plan/download/01C2410045/5/0
possible_missing,strong_msk,2,千葉県,医療法人社団南洲会　南洲会勝浦クリニック,勝浦市墨名485番地252,自家滑膜幹細胞注射による変形性膝関節症治療,0.5467,P00150,医療法人鉄蕉会 亀田クリニック,自己脂肪由来間葉系幹細胞を用いた関節痛、変形性関節症治療,,,,,https://saiseiiryo.mhlw.go.jp/published_plan/download/02C2412045/5/0
possible_missing,strong_msk,2,千葉県,医療法人社団淳英会　おゆみの中央病院,千葉市緑区おゆみ野南六丁目４９番地９,多血小板血漿抽出液による関節症治療,0.5923,P00149,医療法人社団曙会 流山中央病院,自家多血小板血漿（PRP）を用いた慢性関節炎の治療,,,,,https://saiseiiryo.mhlw.go.jp/published_plan/download/02C2205006/5/0
possible_missing,strong_msk,2,千葉県,医療法人社団淳英会　Ｊメディカルおゆみの,"千葉市緑区おゆみ野三丁目16番地1
ゆみ～る鎌取ショッピングセンター５階",多血小板血漿抽出液による関節症治療,0.6844,P00141,医療法人社団 淳英会 Jメディカルおゆみの,自己脂肪組織由来幹細胞（ASCs）を用いた変形性関節症の治療,,,,,https://saiseiiryo.mhlw.go.jp/published_plan/download/03C2301025/5/0
possible_missing,strong_msk,2,千葉県,医療法人社団誠富会 成田整形外科,成田市橋賀台 1-15-2,多血小板血漿（Platelet-rich plasma：PRP）を用いた変形性関節症治療,0.6394,P00144,医療法人社団奏の杜整形外科,自家多血小板血漿（PRP）を用いた慢性関節炎の治療,,,,,https://saiseiiryo.mhlw.go.jp/published_plan/download/02C2503029/5/0
possible_missing,strong_msk,2,千葉県,医療法人社団誠馨会 千葉メディカルセンター,千葉市中央区南町1丁目7番1号,自家多血小板血漿（Platelet-rich plasma：PRP）を用いた慢性関節炎の治療（関節内組織）,0.5545,P00149,医療法人社団曙会 流山中央病院,自家多血小板血漿（PRP）を用いた慢性関節炎の治療,,,,,https://saiseiiryo.mhlw.go.jp/published_plan/download/02C2506050/5/0
possible_missing,strong_msk,2,千葉県,医療法人社団錦昌会 みどりのは 葉記念病院,千葉市緑区古市場町２０９番４,自家多血小板血漿（Platelet-rich plasma：PRP）を用いた慢性関節炎の治療（関節内組織）,0.6133,P00149,医療法人社団曙会 流山中央病院,自家多血小板血漿（PRP）を用いた慢性関節炎の治療,,,,,https://saiseiiryo.mhlw.go.jp/published_plan/download/01C2408009/5/0
possible_missing,strong_msk,2,千葉県,医療法人鉄蕉会　亀田クリニック,鴨川市東町 1344 番地,APS（Autologous Protein Solution）を用いた変形性関節症を起因とする慢性痛治療,0.7368,P00150,医療法人鉄蕉会 亀田クリニック,自己脂肪由来間葉系幹細胞を用いた関節痛、変形性関節症治療,,,,,https://saiseiiryo.mhlw.go.jp/published_plan/download/02C2603018/5/0
possible_missing,strong_msk,2,千葉県,医療法人鉄蕉会　亀田クリニック,鴨川市東町１３４４,多血小板血漿（ＰＲＰ）の関節内投与による半月板・関節軟骨の治療,0.6822,P00150,医療法人鉄蕉会 亀田クリニック,自己脂肪由来間葉系幹細胞を用いた関節痛、変形性関節症治療,,,,,https://saiseiiryo.mhlw.go.jp/published_plan/download/02C2605007/5/0
possible_missing,strong_msk,2,千葉県,千葉ニュータウン整形外科リハビリテーションクリニック,印西市中央北1丁目1 APOLLO PLANT MALL 2階,自家多血小板血漿（Platelet-rich plasma：PRP）を用いた慢性関節炎の治療（関節内組織）,0.5383,P00146,医療法人社団志高会 たてやま整形外科クリニック,自家多血小板血漿（PRP）を用いた慢性関節炎の治療,,,,,https://saiseiiryo.mhlw.go.jp/published_plan/download/01C2407086/5/0
possible_missing,strong_msk,2,千葉県,日本医科大学千葉北総病院,印西市鎌苅１７１５,変形性関節症に対する多血小板血漿抽出液（ＡＰＳ）関節内投与療法,0.5516,P00147,医療法人社団慈宏会 まさき整形外科,変形性関節症に対する多血小板血漿（PRP）関節内投与療法,,,,,https://saiseiiryo.mhlw.go.jp/published_plan/download/01C2310044/5/0
possible_missing,strong_msk,2,千葉県,柏の葉キャンパス整形外科,柏市中十余二397-1 中央182街区3,自家多血小板血漿（Platelet-Rich Plasma：PRP）を用いた慢性関節炎の治療（関節内組織）,0.5493,P00144,医療法人社団奏の杜整形外科,自家多血小板血漿（PRP）を用いた慢性関節炎の治療,,,,,https://saiseiiryo.mhlw.go.jp/published_plan/download/03C2410007/5/0
possible_missing,strong_msk,2,千葉県,社会医療法人社団蛍水会 名戸ヶ谷病院,柏市新柏二丁目1番1,自家多血小板血漿(Platelet rich plasma:PRP)を用いた関節機能改善治療,0.588,P00149,医療法人社団曙会 流山中央病院,自家多血小板血漿（PRP）を用いた慢性関節炎の治療,,,,,https://saiseiiryo.mhlw.go.jp/published_plan/download/02C2311048/5/0
possible_missing,strong_msk,2,千葉県,長浜クリニック,市川市若宮2-13-6,自家多血小板血漿（Platelet-rich plasma：PRP）を用いた慢性関節炎の治療（関節内組織）,0.5251,P00146,医療法人社団志高会 たてやま整形外科クリニック,自家多血小板血漿（PRP）を用いた慢性関節炎の治療,,,,,https://saiseiiryo.mhlw.go.jp/published_plan/download/02C2407017/5/0
possible_missing,strong_msk,2,千葉県,順天堂大学医学部附属浦安病院,浦安市富岡2-1-1,自己多血小板血漿（PRP）療法（関節炎・変形性関節症に対する）,0.3914,P00149,医療法人社団曙会 流山中央病院,自家多血小板血漿（PRP）を用いた慢性関節炎の治療,,,,,https://saiseiiryo.mhlw.go.jp/published_plan/download/02C2109023/5/0
possible_missing,strong_msk,2,東京都,AR-Ex尾山台整形外科,世田谷区等々力四丁目13番1号,⾃家多⾎⼩板⾎漿（Platelet-rich plasma：PRP）を⽤いた慢性関節炎ならびに関節内軟⾻・靭帯損傷の治療（関節内組織）,0.5675,P00268,東京整形外科,自家多血小板血漿（PRP）を用いた慢性関節炎の治療（関節内組織）,,,,,https://saiseiiryo.mhlw.go.jp/published_plan/download/01C2503073/5/0
possible_missing,strong_msk,2,東京都,AR-Ex尾山台整形外科,世田谷区等々力四丁目13番1号,⾃家多⾎⼩板⾎漿（Platelet-rich plasma：PRP）を⽤いた慢性関節障害に対する治療,0.5293,P00268,東京整形外科,自家多血小板血漿（PRP）を用いた慢性関節炎の治療（関節内組織）,,,,,https://saiseiiryo.mhlw.go.jp/published_plan/download/02C2512025/5/0
possible_missing,strong_msk,2,東京都,AR-Ex尾山台整形外科,世田谷区等々力四丁目13番1号,脂肪幹細胞を用いた慢性関節障害に対する治療,0.525,P00224,医療法人社団円徳 慶友整形外科脊椎関節病院,自己脂肪由来間葉系幹細胞を用いた変形性関節症に対する治療,,,,,https://saiseiiryo.mhlw.go.jp/published_plan/download/02C2512027/5/0
possible_missing,strong_msk,2,東京都,GINZA NOA CLINIC,中央区銀座5-4-6 ロイヤルクリスタル銀座3階,変形性関節症に対する自己脂肪由来幹細胞を用いた治療,0.66,P00179,一般社団法人 輝実会 青山レナセルクリニック,変形性関節症に対する自己脂肪由来幹細胞を用いた治療,,,,,https://saiseiiryo.mhlw.go.jp/published_plan/download/01C2505023/5/0
possible_missing,strong_msk,2,東京都,GINZA中央クリニック,中央区銀座7-8-8 6階,自己脂肪由来間葉系幹細胞を用いた変形性関節症治療,0.8292,P00237,TOKYOひまわりクリニック,自己脂肪由来間葉系幹細胞を用いた変形性関節症治療,,,,,https://saiseiiryo.mhlw.go.jp/published_plan/download/01C2501048/5/0|https://saiseiiryo.mhlw.go.jp/published_plan/download/01C2501048/5/1
possible_missing,strong_msk,2,東京都,GINZA中央クリニック,中央区銀座7-8-8 6階,変形性関節症に対する自己脂肪由来幹細胞を用いた治療,0.7975,P00179,一般社団法人 輝実会 青山レナセルクリニック,変形性関節症に対する自己脂肪由来幹細胞を用いた治療,,,,,https://saiseiiryo.mhlw.go.jp/published_plan/download/01C2506062/5/0
possible_missing,strong_msk,2,東京都,MediLotus clinic,港区麻布十番1丁目7－1　ヨーロッパハウス９階,自己脂肪由来幹細胞を用いた変形性関節症の治療,0.6733,P00240,医療法人社団 順清会 Total Cell Clinic TOKYO,自己脂肪由来間葉系幹細胞を用いた変形性膝関節症の治療,,,,,https://saiseiiryo.mhlw.go.jp/published_plan/download/01C2210035/5/0
possible_missing,strong_msk,2,東京都,N2クリニック四谷,新宿区左門町2-6 ワコービル5階,ヒト自己脂肪組織由来間葉系幹細胞の関節内投与による関節傷害の症状改善の治療,0.6422,P00263,慶愛クリニック,自家脂肪組織由来幹細胞（ASC）の投与による関節治療,,,,,https://saiseiiryo.mhlw.go.jp/published_plan/download/02C2504115/5/0|https://saiseiiryo.mhlw.go.jp/published_plan/download/02C2504115/5/1
possible_missing,strong_msk,2,東京都,NAG整形外科,港区白金台5-6-9 Wind Base白金５階,自己脂肪組織間葉系幹細胞（ADSC）を用いた関節治療,0.6383,P00158,北千束整形外科,自家脂肪組織由来の培養間葉系幹細胞を用いた変形性膝関節症の治療,,,,,https://saiseiiryo.mhlw.go.jp/published_plan/download/01C2304054/5/0
possible_missing,strong_msk,2,東京都,NAG整形外科,港区白金台5-6-9 Wind Base白金５階,多血小板血漿を用いた関節炎治療（第2種再生医療）,0.8067,P00289,葛西駅前あおぞら整形外科クリニック,多血小板血漿を用いた関節炎治療（第2種再生医療）,,,,,https://saiseiiryo.mhlw.go.jp/published_plan/download/01C2305019/5/0
possible_missing,strong_msk,2,東京都,SBC整形外科クリニック 西新宿本院,新宿区西新宿 7-21-3　西新宿大京ビル7階,自己脂肪組織由来幹細胞（ASCs）を用いた変形性関節症の治療,0.7857,P00280,目黒駅前ネスト整形外科,自己脂肪組織由来幹細胞（ASCs）を用いた変形性関節症の治療,,,,,https://saiseiiryo.mhlw.go.jp/published_plan/download/03C2508035/5/0|https://saiseiiryo.mhlw.go.jp/published_plan/download/03C2508035/5/1
possible_missing,strong_msk,2,東京都,TAO Clinic,調布市富士見町1丁目6-2 TAOビル2階,自家多血小板血漿（Platelet-Rich Plasma：PRP）を用いた慢性関節炎の治療（関節内組織）,0.6362,P00312,一般社団法人エンパシア IIT CLINIC,自家多血小板血漿（PRP）を用いた慢性関節炎の治療（関節内組織）,,,,,https://saiseiiryo.mhlw.go.jp/published_plan/download/01C2602017/5/0
possible_missing,strong_msk,2,東京都,TCB 東京中央美容外科・TCB スキンクリニック BSクリニック REGENE CLINIC 新宿三丁目院,新宿区新宿3-1-20　メットライフ新宿スクエア7F,自家脂肪由来幹細胞を用いた関節治療,0.5888,P00294,一般社団法人健瑞会 Abante Clinic 銀座,自家培養脂肪由来幹細胞を用いた関節疾患の治療,,,,,https://saiseiiryo.mhlw.go.jp/published_plan/download/02C2603063/5/0|https://saiseiiryo.mhlw.go.jp/published_plan/download/02C2603063/5/1
possible_missing,strong_msk,2,東京都,THE HUNDRED,中央区銀座4 丁⽬ 4-2 銀座松屋通り安⽥ビル 5-7 階,ヒト⾃⼰脂肪組織由来間葉系幹細胞を⽤いた関節疾患の治療,0.5143,P00294,一般社団法人健瑞会 Abante Clinic 銀座,自家培養脂肪由来幹細胞を用いた関節疾患の治療,,,,,https://saiseiiryo.mhlw.go.jp/published_plan/download/01C2509020/5/0|https://saiseiiryo.mhlw.go.jp/published_plan/download/01C2509020/5/1
possible_missing,strong_msk,2,東京都,THE HUNDRED,中央区銀座4丁目4番2号 銀座松屋通り安田ビル 5F,自己脂肪由来間葉系幹細胞を用いた腰痛治療,0.5259,P00241,医療法人社団 順清会 Total Cell Clinic TOKYO,自己脂肪由来間葉系幹細胞を用いた変形性関節症治療,,,,,https://saiseiiryo.mhlw.go.jp/published_plan/download/01C2511020/5/0
possible_missing,strong_msk,2,東京都,いたばし整形外科関節クリニック,板橋区板橋1丁目54-4 メディカルステーション板橋102,自己多血小板血漿(PRP)療法（治療対象：変形性関節症・外傷性関節炎）,0.6615,P00329,医療法人社団晴美会 麹町リバース今井整形外科クリニック,自己多血小板血漿（PRP）療法（治療対象：関節炎・変形性関節症）,,,,,https://saiseiiryo.mhlw.go.jp/published_plan/download/01C2605016/5/0
possible_missing,strong_msk,2,東京都,おかのクリニック,足立区西新井1-11-4,自家多血小板血漿（Platelet-rich plasma：PRP）を用いた疼痛治療（関節内組織）,0.5909,P00214,お茶の水セルクリニック,多血小板血漿（PRP）を用いた変形性関節症治療,,,,,https://saiseiiryo.mhlw.go.jp/published_plan/download/01C2205034/5/0
possible_missing,strong_msk,2,東京都,すみだ運動器リハビリテーションクリニック,墨田区横川1-1-10　SUMIDA PARK PLACEⅡ　1階,自家多血小板血漿（Platelet-rich plasma：PRP）を用いた慢性関節炎の治療（関節内組織）,0.5761,P00221,医療法人社団全心会 ぜんしん整形外科 立川スポーツリハビリクリニック,自家多血小板血漿（PRP）を用いた慢性関節炎の治療（関節内組織）,,,,,https://saiseiiryo.mhlw.go.jp/published_plan/download/01C2302048/5/0
possible_missing,strong_msk,2,東京都,つくる整形外科　祐天寺駅前スポーツクリニック,目黒区祐天寺2-14-20　祐天寺駅前ビル3階,自家多血小板血漿（Platelet-rich plasma：PRP）を用いた慢性関節炎の治療（関節内組織）,0.6396,P00221,医療法人社団全心会 ぜんしん整形外科 立川スポーツリハビリクリニック,自家多血小板血漿（PRP）を用いた慢性関節炎の治療（関節内組織）,,,,,https://saiseiiryo.mhlw.go.jp/published_plan/download/01C2211047/5/0
possible_missing,strong_msk,2,東京都,アットホーム表参道クリニック,港区北青山2-12-31 第3イノセビル2階及び地下1階,多血小板血漿（Platelet-rich plasma：PRP）を用いた整形外科疾患に対する組織修復,0.5457,P00228,医療法人社団明由会 今給黎整形外科クリニック,多血小板血漿（PRP）を用いた整形外科疾患に対する組織修復,,,,,https://saiseiiryo.mhlw.go.jp/published_plan/download/02C2009011/5/0|https://saiseiiryo.mhlw.go.jp/published_plan/download/02C2009011/5/1|https://saiseiiryo.mhlw.go.jp/published_plan/download/02C2009011/5/2
possible_missing,strong_msk,2,東京都,アレックス脊椎クリニック,世田谷区等々力四丁目13番1号,"自家多血小板血漿（Platelet-rich plasma：PRP）を用いた
脊椎由来疼痛の治療",0.458,P00214,お茶の水セルクリニック,多血小板血漿（PRP）を用いた変形性関節症治療,,,,,https://saiseiiryo.mhlw.go.jp/published_plan/download/01C2503082/5/0
possible_missing,strong_msk,2,東京都,ガーデンクリニック ザ・ホワイトデンタルクリニック 品川院,港区高輪4丁目24番58号 サマセット品川東京2階,自家多血小板血漿（Platelet-rich plasma：PRP）を用いた慢性関節炎の治療（関節内組織）,0.547,P00227,医療法人社団心愛会 麻布台ビューティセルクリニック,自家多血小板血漿（PRP）を用いた慢性関節炎の治療（関節内組織）,,,,,https://saiseiiryo.mhlw.go.jp/published_plan/download/03C2408009/5/0
possible_missing,strong_msk,2,東京都,コレージュクリニック　ザ・ペニンシュラ東京,千代田区有楽町1--8-1　ザ・ペニンシュラ東京　B1,自家脂肪由来間葉系幹細胞を用いた変形性膝関節症の治療,0.7193,P00173,アールイークリニック銀座,自家脂肪由来間葉系幹細胞を用いた変形性膝関節症治療,,,,,https://saiseiiryo.mhlw.go.jp/published_plan/download/01C2309047/5/0
possible_missing,strong_msk,2,東京都,プルミエールクリニック,千代田区九段南3-2-12 エルミタージュタワー,自己脂肪由来間葉系幹細胞を用いた変形性関節症に対する治療,0.7539,P00173,アールイークリニック銀座,自家脂肪由来間葉系幹細胞を用いた変形性膝関節症治療,,,,,https://saiseiiryo.mhlw.go.jp/published_plan/download/01C2503004/5/0
possible_missing,strong_msk,2,東京都,一般社団法人 未来医療センター　SENSHIN CLINIC,港区南青山3-1-30　PASONA SQUARE　3階,自家多血小板血漿（Platelet Rich Plasma）を用いた変形性関節症および関節炎治療,0.5732,P00312,一般社団法人エンパシア IIT CLINIC,自家多血小板血漿（PRP）を用いた慢性関節炎の治療（関節内組織）,,,,,https://saiseiiryo.mhlw.go.jp/published_plan/download/01C2601039/5/0
possible_missing,strong_msk,2,東京都,一般社団法人 未来医療センター　SENSHIN CLINIC,港区南青山3-1-30　PASONA SQUARE　3階,自家培養脂肪由来幹細胞を用いた変形性関節症治療,0.7017,P00294,一般社団法人健瑞会 Abante Clinic 銀座,自家培養脂肪由来幹細胞を用いた関節疾患の治療,,,,,https://saiseiiryo.mhlw.go.jp/published_plan/download/01C2602055/5/0|https://saiseiiryo.mhlw.go.jp/published_plan/download/01C2602055/5/1
possible_missing,strong_msk,2,東京都,一般社団法人N2 Cell Act N2クリニック本院,中央区銀座六丁目6番5号　HULIC& NewGINZANAMIKI6　11階,ヒト自己脂肪組織由来間葉系幹細胞の関節内投与による関節傷害の症状改善の治療,0.5737,P00220,医療法人社団スターセルアライアンス スタークリニック,自己皮膚脂肪組織由来間葉系幹細胞の関節内投与による変形性関節症治療,,,,,https://saiseiiryo.mhlw.go.jp/published_plan/download/02C2604009/5/0|https://saiseiiryo.mhlw.go.jp/published_plan/download/02C2604009/5/1
possible_missing,strong_msk,2,東京都,一般社団法人Orthofemme ゆりクリニック,港区芝5-31-15センチュリー三田ビル 6F,自家脂肪組織由来の培養間葉系幹細胞を用いた関節疾患の治療,0.601,P00294,一般社団法人健瑞会 Abante Clinic 銀座,自家培養脂肪由来幹細胞を用いた関節疾患の治療,,,,,https://saiseiiryo.mhlw.go.jp/published_plan/download/01C2307019/5/0
possible_missing,strong_msk,2,東京都,一般社団法人ReM medical ReM CLINIC Ginza,中央区銀座5丁目10番2号　GINZA MISS PARIS 2階,膝関節症に対する自己脂肪由来幹細胞による治療,0.7222,P00239,一般社団法人 The cell clinic,変形性膝関節症に対する自己脂肪由来間葉系幹細胞治療,,,,,https://saiseiiryo.mhlw.go.jp/published_plan/download/01C2605046/5/0
possible_missing,strong_msk,2,東京都,一般社団法人SOL　SOL整形外科世田谷スポーツクリニック,世田谷区中町４丁目１４-１１,多血小板血漿（Platelet-rich plasma：PRP）を用いた変形性関節症治療,0.6039,P00244,医療法人社団TSOC 東京スポーツ＆整形外科クリニック,多血小板血漿（PRP）を用いた変形性関節症治療,,,,,https://saiseiiryo.mhlw.go.jp/published_plan/download/01C2207036/5/0
possible_missing,strong_msk,2,東京都,一般社団法人エンパシア　IIT CLINIC,新宿区西新宿6-6-2 新宿国際ビルディング1F,自家培養脂肪由来幹細胞を用いた変形性関節症の治療,0.8185,P00312,一般社団法人エンパシア IIT CLINIC,自家多血小板血漿（PRP）を用いた慢性関節炎の治療（関節内組織）,,,,,https://saiseiiryo.mhlw.go.jp/published_plan/download/01C2504026/5/0
possible_missing,strong_msk,2,東京都,一般社団法人再健会 シン・整形外科 代々木上原,渋谷区西原３丁目７−８,多血小板血漿（PRP）による変形性関節症・関節炎・滑膜炎および半月板損傷治療,0.5321,P00236,白山リハビリ整形外科,多血小板血漿（PRP）による変形性関節症治療,,,,,https://saiseiiryo.mhlw.go.jp/published_plan/download/01C2603035/5/0|https://saiseiiryo.mhlw.go.jp/published_plan/download/01C2603035/5/1|https://saiseiiryo.mhlw.go.jp/published_plan/download/01C2603035/5/2
possible_missing,strong_msk,2,東京都,一般社団法人再生医療皮膚科研究会　Tokyo Beauty Master Clinic.,港区六本木7-8-8 ミクニ六本木ビル4階,変形性関節症に対するPRP（自家多血小板血漿）療法,0.5076,P00239,一般社団法人 The cell clinic,変形性膝関節症に対する自己脂肪由来間葉系幹細胞治療,,,,,https://saiseiiryo.mhlw.go.jp/published_plan/download/01C2601051/5/0
possible_missing,strong_msk,2,東京都,一般社団法人創生会 GINZA NOA CLINIC,中央区銀座5-4-6 ロイヤルクリスタル銀座3階,変形性関節症に対する自己脂肪由来幹細胞を用いた治療,0.8033,P00179,一般社団法人 輝実会 青山レナセルクリニック,変形性関節症に対する自己脂肪由来幹細胞を用いた治療,,,,,https://saiseiiryo.mhlw.go.jp/published_plan/download/02C2605056/5/0
possible_missing,strong_msk,2,東京都,一般社団法人天美会Tenvi Clinic Ginza,中央区銀座四丁目2番2号　地下一階　第1弥生ビルディング,変形性関節症に対する多血小板血漿（ＰＲＰ）関節内投与療法,0.72,P00250,医療法人社団幸神会 下北沢DOクリニック,変形性関節症に対する多血小板血漿（PRP）関節内投与療法,,,,,https://saiseiiryo.mhlw.go.jp/published_plan/download/01C2602050/5/0
possible_missing,strong_msk,2,東京都,一般社団法人循整会　世田谷人工関節・脊椎クリニック,世田谷区南烏山6-36-6,多血小板血漿抽出液による関節症治療,0.8237,P00252,医療法人社団慶優会 増本整形外科クリニック,多血小板血漿抽出液による関節症治療,,,,,https://saiseiiryo.mhlw.go.jp/published_plan/download/03C2108001/5/0
possible_missing,strong_msk,2,東京都,一般社団法人志鴻会　Ginza Phoenix Clinic,中央区京橋2-4-12第一生命キノテラス3F,変形性関節症に対する自己脂肪由来間葉系幹細胞による治療,0.7847,P00239,一般社団法人 The cell clinic,変形性膝関節症に対する自己脂肪由来間葉系幹細胞治療,,,,,https://saiseiiryo.mhlw.go.jp/published_plan/download/01C2602002/5/0
possible_missing,strong_msk,2,東京都,一般社団法人志鴻会　銀座鳳凰クリニック,"千代田区外神田4-14-1　秋葉原UDXビル
北ウィング6階",自己脂肪由来間葉系幹細胞を用いた変形性関節症治療,0.7975,P00237,TOKYOひまわりクリニック,自己脂肪由来間葉系幹細胞を用いた変形性関節症治療,,,,,https://saiseiiryo.mhlw.go.jp/published_plan/download/02C2512087/5/0
possible_missing,strong_msk,2,東京都,"一般社団法人日本オーラルヘルス協会
ミライズクリニック南青山","港区南青山6-10-18
Tri-Angle南青山1階",自家脂肪組織由来幹細胞（ASC）の投与による関節治療,0.7954,P00171,医療法人社団快晴会 すがも北口整形外科クリニック,自家脂肪組織由来幹細胞（ASC）の投与による関節治療,,,,,https://saiseiiryo.mhlw.go.jp/published_plan/download/02C2503061/5/0
possible_missing,strong_msk,2,東京都,"一般社団法人日本オーラルヘルス協会
ミライズクリニック南青山","港区南青山6-10-18
Tri-Angle南青山1階",自家脂肪組織由来幹細胞（ASC）の投与による顎関節症治療,0.6769,P00225,医療法人社団創明会 日本橋整形外科クリニック,自家脂肪組織由来幹細胞（ASC）の投与による変形性関節症治療,,,,,https://saiseiiryo.mhlw.go.jp/published_plan/download/02C2504013/5/0
possible_missing,strong_msk,2,東京都,一般社団法人日本オーラルヘルス協会ミライズクリニック南青山,港区南青山6-10-18　Tri-Angle南青山1階,自家培養軟骨細胞（ACC）を用いた移植による低侵襲膝関節軟骨再生治療,0.4569,P00313,一般社団法人健寿会 表参道イーグルクリニック,自己脂肪由来幹細胞を用いた変形性関節症の治療,,,,,https://saiseiiryo.mhlw.go.jp/published_plan/download/02C2310061/5/0
possible_missing,strong_msk,2,東京都,"一般社団法人智萊会
NU CLINIC",港区麻布台1-5-9-3階,自己脂肪由来幹細胞を用いた変形性関節症の治療,0.8221,P00313,一般社団法人健寿会 表参道イーグルクリニック,自己脂肪由来幹細胞を用いた変形性関節症の治療,,,,,https://saiseiiryo.mhlw.go.jp/published_plan/download/01C2509025/5/0
possible_missing,strong_msk,2,東京都,"一般社団法人未来医療センター
SENSHIN CLINIC","港区南青山3丁目1番30号
PASONA SQUARE 3階",自己脂肪由来幹細胞を用いた変形性関節症の治療,0.7883,P00313,一般社団法人健寿会 表参道イーグルクリニック,自己脂肪由来幹細胞を用いた変形性関節症の治療,,,,,https://saiseiiryo.mhlw.go.jp/published_plan/download/01C2506006/5/0
possible_missing,strong_msk,2,東京都,一般社団法人東京LAB 高輪ゲートウェイ駅前整形外科クリニック,港区高輪2丁目22番1号 THE LINKPILLAR2 5階,多血小板血漿（Platelet-rich plasma：PRP）を用いた関節痛治療,0.554,P00244,医療法人社団TSOC 東京スポーツ＆整形外科クリニック,多血小板血漿（PRP）を用いた変形性関節症治療,,,,,https://saiseiiryo.mhlw.go.jp/published_plan/download/01C2603033/5/0
possible_missing,strong_msk,2,東京都,一般社団法人東京リライフ　東京リライフクリニック,中央区銀座７丁目８番6号  TORAYA・Ginza・Building6～8階,自己脂肪由来幹細胞を用いた変形性関節症に対する治療,0.7404,P00313,一般社団法人健寿会 表参道イーグルクリニック,自己脂肪由来幹細胞を用いた変形性関節症の治療,,,,,https://saiseiiryo.mhlw.go.jp/published_plan/download/02C2602047/5/0
possible_missing,strong_msk,2,東京都,一般社団法人東京リライフ　東京リライフクリニック,中央区銀座７丁目８番6号  TORAYA・Ginza・Building6～8階,変形性関節症および関節腔の傷害を対象とした多血小板血漿Platelet Rich Plasma（PRP）注入療法,0.6327,P00320,医療法人社団KRMG 東京ヴェインクリニック,変形性関節症および関節腔の傷害を対象とした自家多血小板血漿（PRP）注入療法,,,,,https://saiseiiryo.mhlw.go.jp/published_plan/download/03C2603001/5/0
possible_missing,strong_msk,2,東京都,一般社団法人桃郷会 ライフケアクリニック東京銀座,中央区八重洲2-11-3 Line View 京橋2F,自家脂肪組織由来幹細胞（ASC）の投与による関節治療,0.813,P00171,医療法人社団快晴会 すがも北口整形外科クリニック,自家脂肪組織由来幹細胞（ASC）の投与による関節治療,,,,,https://saiseiiryo.mhlw.go.jp/published_plan/download/01C2510019/5/0
possible_missing,strong_msk,2,東京都,"一般社団法人雲動会 
あおぞらクリニック整形外科",板橋区板橋2丁目67-5　アクロスキューブ板橋3F,変形性関節症を対象とした自家多血小板血漿（PRP）注入療法,0.8153,P00167,医療法人社団中川整形外科,変形性関節症を対象とした自家多血小板血漿（PRP）注入療法,,,,,https://saiseiiryo.mhlw.go.jp/published_plan/download/01C2503018/5/0
possible_missing,strong_msk,2,東京都,一般社団法人雲動会 あおぞらクリニック整形外科,板橋区板橋2丁目67-5アクロスキューブ板橋3F,変形性関節症に対する自家培養脂肪由来幹細胞を用いた治療,0.7684,P00179,一般社団法人 輝実会 青山レナセルクリニック,変形性関節症に対する自己脂肪由来幹細胞を用いた治療,,,,,https://saiseiiryo.mhlw.go.jp/published_plan/download/01C2508095/5/0
possible_missing,strong_msk,2,東京都,一般社団法人ＲＫミライ　Rejoint Clinic Dr.K,港区新橋3丁目1番9号 301新橋 BUILDING 7階,自己脂肪由来間葉系幹細胞を用いた変形性関節症治療,0.8171,P00241,医療法人社団 順清会 Total Cell Clinic TOKYO,自己脂肪由来間葉系幹細胞を用いた変形性関節症治療,,,,,https://saiseiiryo.mhlw.go.jp/published_plan/download/01C2601047/5/0
possible_missing,strong_msk,2,東京都,三宿通り整形外科クリニック,世田谷区池尻1-7-5　三井ビル1階,自家多血小板血漿（Platelet-rich plasma：PRP）を用いた慢性関節炎の治療（関節内組織）,0.6567,P00249,医療法人社団平成会 たいら整形外科クリニック,自家多血小板血漿（PRP）を用いた慢性関節炎の治療（関節内組織）,,,,,https://saiseiiryo.mhlw.go.jp/published_plan/download/01C2308049/5/0
possible_missing,strong_msk,2,東京都,元浅草いけだクリニック,台東区元浅草４丁目７−２２,多血小板血漿（Platelet-rich plasma：PRP）を用いた関節内疾患に対する治療,0.5022,P00214,お茶の水セルクリニック,多血小板血漿（PRP）を用いた変形性関節症治療,,,,,https://saiseiiryo.mhlw.go.jp/published_plan/download/01C1905038/5/0
possible_missing,strong_msk,2,東京都,公益財団法人日産厚生会玉川病院,世田谷区瀬田四丁目８番１号,自己多血小板血漿(PRP)の投与による変形性関節症の治療,0.616,P00256,医療法人社団活寿会 東京ひざ関節症クリニック銀座院,多血小板血漿（PRP）の投与による変形性関節症治療,,,,,https://saiseiiryo.mhlw.go.jp/published_plan/download/01C2301064/5/0
possible_missing,strong_msk,2,東京都,北里大学北里研究所病院,港区白金五丁目９番１号,自己多血小板血漿（PRP）を用いた変形性関節症の治療,0.596,P00325,医療法人社団白鳳会 大角医院,多血小板血漿（PRP）を用いた変形性関節症治療,,,,,https://saiseiiryo.mhlw.go.jp/published_plan/download/02C2409010/5/0|https://saiseiiryo.mhlw.go.jp/published_plan/download/02C2409010/5/1
possible_missing,strong_msk,2,東京都,医療法人 全医会 東京腰痛クリニック,中央区銀座5-1-15 第一御幸ビル2階,自家脂肪組織由来の培養間葉系間質細胞を用いた椎間関節症の治療,0.65,P00164,医療法人社団三友会 高円寺整形外科,自家脂肪組織由来の培養間葉系間質細胞を用いた関節疾患の治療,,,,,https://saiseiiryo.mhlw.go.jp/published_plan/download/01C2509046/5/0
possible_missing,strong_msk,2,東京都,医療法人 全医会 東京腰痛クリニック,中央区銀座5-1-15 第一御幸ビル2階,自家脂肪組織由来の培養間葉系間質細胞を用いた関節疾患の治療,0.7975,P00164,医療法人社団三友会 高円寺整形外科,自家脂肪組織由来の培養間葉系間質細胞を用いた関節疾患の治療,,,,,https://saiseiiryo.mhlw.go.jp/published_plan/download/01C2601038/5/0
possible_missing,strong_msk,2,東京都,医療法人　保仁会　神谷整形外科・眼科,世田谷区弦巻1-35-20,多血小板血漿（Platelet-rich plasma：PRP）を用いた整形外科疾患に対する組織修復,0.64,P00228,医療法人社団明由会 今給黎整形外科クリニック,多血小板血漿（PRP）を用いた整形外科疾患に対する組織修復,,,,,https://saiseiiryo.mhlw.go.jp/published_plan/download/02C1907031/5/0|https://saiseiiryo.mhlw.go.jp/published_plan/download/02C1907031/5/1
possible_missing,broad_msk,2,東京都,医療法人　笑顔会　NexWel銀座ひざ関節症クリニック,中央区銀座7-8-13 Brown Place 5F,自己骨髄由来間葉系幹細胞を用いた脊髄損傷治療,0.592,P00333,医療法人社団ミッドタウンクリニック 東京ミッドタウンクリニック,自己脂肪由来間葉系幹細胞を用いた靭帯・腱損傷治療,,,,,https://saiseiiryo.mhlw.go.jp/published_plan/download/01C2011027/5/0
possible_missing,broad_msk,2,東京都,医療法人　笑顔会　NexWel銀座ひざ関節症クリニック,中央区銀座7-8-13 Brown Place 5F,自己脂肪由来間葉系幹細胞を用いた脊髄損傷治療,0.6418,P00333,医療法人社団ミッドタウンクリニック 東京ミッドタウンクリニック,自己脂肪由来間葉系幹細胞を用いた靭帯・腱損傷治療,,,,,https://saiseiiryo.mhlw.go.jp/published_plan/download/01C2012019/5/0
possible_missing,strong_msk,2,東京都,医療法人アレックス AR-Ex尾山台整形外科,世田谷区等々力4丁目13−1,自家脂肪組織由来の培養間葉系幹細胞を用いた関節疾患の治療,0.7261,P00164,医療法人社団三友会 高円寺整形外科,自家脂肪組織由来の培養間葉系間質細胞を用いた関節疾患の治療,,,,,https://saiseiiryo.mhlw.go.jp/published_plan/download/01C2309066/5/0
possible_missing,strong_msk,2,東京都,医療法人ネオポリス診療所 新宿皮フ科,新宿区新宿3-24-1 NEWNO・GS新宿10F,自家脂肪由来間葉系幹細胞を用いた腰痛の治療,0.5794,P00326,医療法人社団白慈会 白金坂の上診療所,自家培養脂肪由来幹細胞を用いた変形性関節症の治療,,,,,https://saiseiiryo.mhlw.go.jp/published_plan/download/01C2404039/5/0|https://saiseiiryo.mhlw.go.jp/published_plan/download/01C2404039/5/1|https://saiseiiryo.mhlw.go.jp/published_plan/download/01C2404039/5/2
possible_missing,strong_msk,2,東京都,医療法人ネオポリス診療所 新宿皮フ科,新宿区新宿3-24-1 NEWNO・GS新宿10F,自家脂肪由来間葉系幹細胞を用いた肩(回旋筋)腱板損傷の治療,0.5416,P00333,医療法人社団ミッドタウンクリニック 東京ミッドタウンクリニック,自己脂肪由来間葉系幹細胞を用いた靭帯・腱損傷治療,,,,,https://saiseiiryo.mhlw.go.jp/published_plan/download/01C2404043/5/0|https://saiseiiryo.mhlw.go.jp/published_plan/download/01C2404043/5/1|https://saiseiiryo.mhlw.go.jp/published_plan/download/01C2404043/5/2
possible_missing,strong_msk,2,東京都,医療法人ネオポリス診療所 新宿皮フ科,新宿区新宿3-24-1 NEWNO・GS新宿10F,自家脂肪由来間葉系幹細胞を用いたアトピー性皮膚炎および関節リウマチの治療,0.5358,P00326,医療法人社団白慈会 白金坂の上診療所,自家培養脂肪由来幹細胞を用いた変形性関節症の治療,,,,,https://saiseiiryo.mhlw.go.jp/published_plan/download/01C2408014/5/0|https://saiseiiryo.mhlw.go.jp/published_plan/download/01C2408014/5/1|https://saiseiiryo.mhlw.go.jp/published_plan/download/01C2408014/5/2
possible_missing,strong_msk,2,東京都,医療法人ネオポリス診療所　新宿皮フ科,新宿区新宿3-24-1 NEWNO・GS新宿10F,自家脂肪由来間葉系幹細胞を用いた変形性膝関節症の治療,0.674,P00326,医療法人社団白慈会 白金坂の上診療所,自家培養脂肪由来幹細胞を用いた変形性関節症の治療,,,,,https://saiseiiryo.mhlw.go.jp/published_plan/download/02C2311013/5/0|https://saiseiiryo.mhlw.go.jp/published_plan/download/02C2311013/5/1|https://saiseiiryo.mhlw.go.jp/published_plan/download/02C2311013/5/2|https://saiseiiryo.mhlw.go.jp/published_plan/download/02C2311013/5/3|https://saiseiiryo.mhlw.go.jp/published_plan/download/02C2311013/5/4
possible_missing,strong_msk,2,東京都,医療法人ネオポリス診療所銀座クリニック,中央区銀座１丁目13番１号ヒューリック銀座一丁目ビル４階５階,自家脂肪由来間葉系幹細胞を用いた変形性膝関節症の治療,0.71,P00260,医療法人美喜有会 リペアセルクリニック 東京院,自己脂肪由来幹細胞を用いた変形性関節症の治療,,,,,https://saiseiiryo.mhlw.go.jp/published_plan/download/02C2505006/5/0|https://saiseiiryo.mhlw.go.jp/published_plan/download/02C2505006/5/1|https://saiseiiryo.mhlw.go.jp/published_plan/download/02C2505006/5/2
possible_missing,strong_msk,2,東京都,医療法人ネオポリス診療所銀座クリニック,中央区銀座１丁目13番１号ヒューリック銀座一丁目ビル４階５階,自家脂肪由来間葉系幹細胞を用いた腰痛の治療,0.64,P00331,医療法人社団アヴェニュー アヴェニュー銀座クリニック,自己脂肪由来間葉系幹細胞を用いた関節痛、変形性関節症治療,,,,,https://saiseiiryo.mhlw.go.jp/published_plan/download/02C2505009/5/0|https://saiseiiryo.mhlw.go.jp/published_plan/download/02C2505009/5/1|https://saiseiiryo.mhlw.go.jp/published_plan/download/02C2505009/5/2
possible_missing,strong_msk,2,東京都,医療法人ネオポリス診療所銀座クリニック,中央区銀座１丁目13番１号ヒューリック銀座一丁目ビル４階５階,自家脂肪由来間葉系幹細胞を用いた肩(回旋筋)腱板損傷の治療,0.6096,P00333,医療法人社団ミッドタウンクリニック 東京ミッドタウンクリニック,自己脂肪由来間葉系幹細胞を用いた靭帯・腱損傷治療,,,,,https://saiseiiryo.mhlw.go.jp/published_plan/download/02C2505010/5/0|https://saiseiiryo.mhlw.go.jp/published_plan/download/02C2505010/5/1|https://saiseiiryo.mhlw.go.jp/published_plan/download/02C2505010/5/2
possible_missing,strong_msk,2,東京都,医療法人ネオポリス診療所銀座クリニック,中央区銀座１丁目13番１号ヒューリック銀座一丁目ビル４階５階,自家脂肪由来間葉系幹細胞を用いたアトピー性皮膚炎および関節リウマチの治療,0.5676,P00260,医療法人美喜有会 リペアセルクリニック 東京院,自己脂肪由来幹細胞を用いた変形性関節症の治療,,,,,https://saiseiiryo.mhlw.go.jp/published_plan/download/02C2505012/5/0|https://saiseiiryo.mhlw.go.jp/published_plan/download/02C2505012/5/1|https://saiseiiryo.mhlw.go.jp/published_plan/download/02C2505012/5/2
possible_missing,strong_msk,2,東京都,"医療法人京華会
CLINICA BellaForma","港区赤坂2丁目3-5
赤坂スターゲートプラザ16階",多血小板血漿を用いた変形性関節症の治療,0.76,P00246,医療法人社団和み會 東京長寿医学クリニック,多血小板血漿を用いた変形性関節症の治療,,,,,https://saiseiiryo.mhlw.go.jp/published_plan/download/02C2409026/5/0
possible_missing,strong_msk,2,東京都,医療法人京華会　CLINICA BellaForma,"港区赤坂2丁目3-5
赤坂スターゲートプラザ16階",自己脂肪由来幹細胞を用いた変形性関節症の治療,0.7758,P00275,医療法人社団青泉会 下北沢病院,自己脂肪由来幹細胞を用いた変形性関節症の治療,,,,,https://saiseiiryo.mhlw.go.jp/published_plan/download/02C2409025/5/0
possible_missing,strong_msk,2,東京都,医療法人京華会　CLINICA BellaForma,港区赤坂2丁目3-5　赤坂スターゲートプラザ16階,凍結保存された自己脂肪由来幹細胞を用いた変形性膝関節症の治療,0.6592,P00240,医療法人社団 順清会 Total Cell Clinic TOKYO,自己脂肪由来間葉系幹細胞を用いた変形性膝関節症の治療,,,,,https://saiseiiryo.mhlw.go.jp/published_plan/download/01C2604016/5/0
possible_missing,strong_msk,2,東京都,医療法人京華会　CLINICA BellaForma,港区赤坂2丁目3-5　赤坂スターゲートプラザ16階,自己脂肪由来幹細胞を用いた変形性膝関節症の治療,0.725,P00240,医療法人社団 順清会 Total Cell Clinic TOKYO,自己脂肪由来間葉系幹細胞を用いた変形性膝関節症の治療,,,,,https://saiseiiryo.mhlw.go.jp/published_plan/download/02C2607072/5/0
possible_missing,strong_msk,2,東京都,"医療法人元気会わかさクリニック
WA CLINIC GINZA",中央区銀座五丁目6-12,自家脂肪由来間葉系幹細胞を用いた変形性関節症治療,0.7219,P00241,医療法人社団 順清会 Total Cell Clinic TOKYO,自己脂肪由来間葉系幹細胞を用いた変形性関節症治療,,,,,https://saiseiiryo.mhlw.go.jp/published_plan/download/01C2507016/5/0|https://saiseiiryo.mhlw.go.jp/published_plan/download/01C2507016/5/1
possible_missing,strong_msk,2,東京都,医療法人慶春会　脳梗塞・脊髄損傷クリニック銀座院,東京都中央区銀座7-8-13　BrownPlace5F,自家多血小板血漿（Platelet-rich plasma：PRP）を用いた慢性関節炎の治療（関節内組織）,0.672,P00217,医療法人慶春会 脳梗塞・脊髄損傷クリニック銀座院,慢性関節炎に対する自己脂肪由来幹細胞を用いた治療,,,,,https://saiseiiryo.mhlw.go.jp/published_plan/download/02C2506078/5/0
possible_missing,strong_msk,2,東京都,医療法人社団 ICVS Tokyo Clinic V2,"千代田区紀尾井町4番１号
新紀尾井町ビル2Ｆ",慢性筋骨格系疼痛緩和を目的とした自己骨髄由来間葉系幹細胞治療（動脈投与）,0.7394,P00317,医療法人社団ICVS 東京クリニック,慢性筋骨格系疼痛の緩和を目的とした自己脂肪由来間葉系幹細胞治療（動脈投与）,,,,,https://saiseiiryo.mhlw.go.jp/published_plan/download/02C2508027/5/0
possible_missing,strong_msk,2,東京都,医療法人社団 ICVS Tokyo Clinic V2,"千代田区紀尾井町4番１号
新紀尾井町ビル2Ｆ",慢性筋骨格系疼痛緩和を目的とした自己骨髄由来間葉系幹細胞治療（局所投与）,0.707,P00317,医療法人社団ICVS 東京クリニック,慢性筋骨格系疼痛の緩和を目的とした自己脂肪由来間葉系幹細胞治療（動脈投与）,,,,,https://saiseiiryo.mhlw.go.jp/published_plan/download/02C2508046/5/0
possible_missing,strong_msk,2,東京都,医療法人社団 ICVS Tokyo Clinic V2,"千代田区紀尾井町4番１号　
新紀尾井町ビル2Ｆ",慢性筋骨格系疼痛の緩和を目的とした自己脂肪由来間葉系幹細胞治療（局所投与）,0.7969,P00259,医療法人社団珠光会 HASUMI免疫クリニック,慢性筋骨格系疼痛の緩和を目的とした自己脂肪由来間葉系幹細胞治療（局所投与）,,,,,https://saiseiiryo.mhlw.go.jp/published_plan/download/02C2605032/5/0
possible_missing,strong_msk,2,東京都,医療法人社団 三二会 番町診療所 表参道,渋谷区神宮前４丁目１１−６ 表参道千代田ビル地下1階,自己脂肪由来間葉系幹細胞を用いた整形外科疾患に対する組織修復,0.5522,P00172,医療法人社団慧愛会 Grace Earth Clinic,自己脂肪由来間葉系幹細胞を用いた変形性関節症に対する治療,,,,,https://saiseiiryo.mhlw.go.jp/published_plan/download/02C1909168/5/0|https://saiseiiryo.mhlw.go.jp/published_plan/download/02C1909168/5/1
possible_missing,strong_msk,2,東京都,医療法人社団 医生会　わせだ整形外科,狛江市東野川2-20-5-102,自家多血小板血漿（Platelet-rich plasma：PRP）を用いた慢性関節炎の治療（関節内組織）,0.6988,P00321,医療法人社団M-TAC 文京整形外科,自家多血小板血漿（PRP）を用いた慢性関節炎の治療（関節内組織）,,,,,https://saiseiiryo.mhlw.go.jp/published_plan/download/02C2511027/5/0
possible_missing,strong_msk,2,東京都,医療法人社団 大山整形外科診療所,八王子市大和田町３丁目８番７号,多血小板血漿（Platelet-rich plasma：PRP）を用いた変形性関節症治療,0.6497,P00278,医療法人社団高賢会 安田整形外科,自家多血小板血漿（PRP）を用いた変形性関節症に対する治療,,,,,https://saiseiiryo.mhlw.go.jp/published_plan/download/01C1911022/5/0
possible_missing,strong_msk,2,東京都,医療法人社団 山手クリニック,世田谷区代沢2-28-11,多血小板血漿（PRP）を用いた慢性関節炎の治療（関節内組織）,0.824,P00249,医療法人社団平成会 たいら整形外科クリニック,自家多血小板血漿（PRP）を用いた慢性関節炎の治療（関節内組織）,,,,,https://saiseiiryo.mhlw.go.jp/published_plan/download/01C2310059/5/0
possible_missing,strong_msk,2,東京都,医療法人社団 熊谷整形外科,墨田区業平2-14-9,ヒト自己脂肪組織由来間葉系幹細胞の関節内投与による関節傷害の症状改善の治療,0.6422,P00222,医療法人社団円徳 慶友整形外科脊椎関節病院,自家脂肪組織由来幹細胞（ASC）の投与による関節治療,,,,,https://saiseiiryo.mhlw.go.jp/published_plan/download/02C2608034/5/0|https://saiseiiryo.mhlw.go.jp/published_plan/download/02C2608034/5/1
possible_missing,broad_msk,2,東京都,医療法人社団 熊谷整形外科,墨田区業平2-14-9,ヒト自己脂肪組織由来間葉系幹細胞を用いた慢性疼痛緩和治療,0.668,P00164,医療法人社団三友会 高円寺整形外科,自家脂肪組織由来の培養間葉系間質細胞を用いた関節疾患の治療,,,,,https://saiseiiryo.mhlw.go.jp/published_plan/download/02C2608035/5/0|https://saiseiiryo.mhlw.go.jp/published_plan/download/02C2608035/5/1|https://saiseiiryo.mhlw.go.jp/published_plan/download/02C2608035/5/2|https://saiseiiryo.mhlw.go.jp/published_plan/download/02C2608035/5/3
possible_missing,strong_msk,2,東京都,医療法人社団 秀慈会 リバーシティすずき整形外科,"中央区佃1-11-8 
ピアウエストスクエア2階264号",多血小板血漿（Platelet-rich plasma：PRP）を用いた整形外科疾患に対する組織修復,0.6451,P00228,医療法人社団明由会 今給黎整形外科クリニック,多血小板血漿（PRP）を用いた整形外科疾患に対する組織修復,,,,,https://saiseiiryo.mhlw.go.jp/published_plan/download/02C1909204/5/0|https://saiseiiryo.mhlw.go.jp/published_plan/download/02C1909204/5/1|https://saiseiiryo.mhlw.go.jp/published_plan/download/02C1909204/5/2
possible_missing,strong_msk,2,東京都,医療法人社団 紀品会 クリニック宇津木流,東京都千代田区紀尾井町4-1　ホテルニューオータニ・ガーデンタワー9階　ビジネスコート2929号室,自家培養軟骨細胞を用いた皮膚陥凹変形の治療,0.6004,P00247,医療法人社団啓神会 M再生クリニック,自家脂肪由来幹細胞（ASC）を用いた変形性関節症治療,,,,,https://saiseiiryo.mhlw.go.jp/published_plan/download/02C2404006/5/0
possible_missing,strong_msk,2,東京都,医療法人社団 苑田会 苑田会人工関節センター病院,足立区保木間1-21-10,多血小板血漿（Platelet-rich plasma：PRP）を用いた関節痛治療,0.5703,P00165,医療法人社団下田緑眞会 世田谷北部病院,自家多血小板血漿（PRP）を用いた関節疾患の治療,,,,,https://saiseiiryo.mhlw.go.jp/published_plan/download/01C2411071/5/0
possible_missing,strong_msk,2,東京都,医療法人社団 苑田会 苑田会人工関節センター病院,足立区保木間1-21-10,変形性関節症に対する自己脂肪由来幹細胞を用いた治療,0.7438,P00179,一般社団法人 輝実会 青山レナセルクリニック,変形性関節症に対する自己脂肪由来幹細胞を用いた治療,,,,,https://saiseiiryo.mhlw.go.jp/published_plan/download/01C2510078/5/0
possible_missing,strong_msk,2,東京都,"医療法人社団 ＴＳＯＣ
東京スポーツ＆整形外科クリニック北参道","渋谷区千駄ヶ谷2丁目１番11号　
TSOC北参道ビル2階",多血小板血漿（Platelet-rich plasma：PRP）を用いた関節痛治療,0.8,P00244,医療法人社団TSOC 東京スポーツ＆整形外科クリニック,多血小板血漿（PRP）を用いた変形性関節症治療,,,,,https://saiseiiryo.mhlw.go.jp/published_plan/download/02C2511020/5/0
possible_missing,strong_msk,2,東京都,医療法人社団EXTUM MEDI-UM CLINIC,江東区高橋1-2メディカルスクエア清澄白河2・3階,自家脂肪組織由来幹細胞（ASC）の局所投与による関節治療,0.6604,P00222,医療法人社団円徳 慶友整形外科脊椎関節病院,自家脂肪組織由来幹細胞（ASC）の投与による関節治療,,,,,https://saiseiiryo.mhlw.go.jp/published_plan/download/01C2601015/5/0
possible_missing,strong_msk,2,東京都,医療法人社団EXTUM　MEDI-UM CLINIC,江東区高橋1-2メディカルスクエア清澄白河2・3階,自家脂肪組織由来幹細胞（ASC）の静脈内投与による慢性筋骨格性疼痛治療,0.5551,P00222,医療法人社団円徳 慶友整形外科脊椎関節病院,自家脂肪組織由来幹細胞（ASC）の投与による関節治療,,,,,https://saiseiiryo.mhlw.go.jp/published_plan/download/01C2510034/5/0
possible_missing,strong_msk,2,東京都,医療法人社団GRACE　チームメディカルクリニック,港区西新橋1丁目5-14 内幸町1ビル 1階・2階,自己脂肪組織由来間葉系幹細胞を用いた変形性関節症治療,0.7534,P00243,医療法人社団TSOC 東京スポーツ＆整形外科クリニック北参道,自己脂肪由来間葉系幹細胞を用いた変形性関節症治療,,,,,https://saiseiiryo.mhlw.go.jp/published_plan/download/01C2509059/5/0
possible_missing,strong_msk,2,東京都,医療法人社団GRACE　チームメディカルクリニック,港区西新橋1丁目5-14 内幸町1ビル 1階・2階,整形外科領域における外傷性疾患又は変性疾患による慢性疼痛緩和を目的とした自己脂肪組織由来間葉系幹細胞の静脈点滴治療,0.5741,P00317,医療法人社団ICVS 東京クリニック,慢性筋骨格系疼痛の緩和を目的とした自己脂肪由来間葉系幹細胞治療（動脈投与）,,,,,https://saiseiiryo.mhlw.go.jp/published_plan/download/01C2509060/5/0
possible_missing,strong_msk,2,東京都,医療法人社団HELENE ヘレネAOビルクリニック,港区北青山3-11-7 AOビル8F,変形性関節症の治療を対象とした自己脂肪由来間葉系幹細胞の関節内投与,0.5781,P00258,医療法人社団珠光会 HASUMI免疫クリニック,慢性筋骨格系疼痛の緩和を目的とした自己脂肪由来間葉系幹細胞治療（動脈投与）,,,,,https://saiseiiryo.mhlw.go.jp/published_plan/download/02C2604055/5/0
possible_missing,strong_msk,2,東京都,医療法人社団HELENE 表参道ヘレネクリニック,東京都港区南青山5-9-15 青山OHMOTOビル3F,変形性関節症に対する自己血PRPの関節内投与療法,0.7009,P00250,医療法人社団幸神会 下北沢DOクリニック,変形性関節症に対する多血小板血漿（PRP）関節内投与療法,,,,,https://saiseiiryo.mhlw.go.jp/published_plan/download/02C2601051/5/0
possible_missing,strong_msk,2,東京都,医療法人社団HELENE 表参道ヘレネクリニック,港区南青山5-9-15 青山OHMOTOビル3F,変形性関節症に対する自家間葉系幹細胞移植による治療,0.5513,P00239,一般社団法人 The cell clinic,変形性膝関節症に対する自己脂肪由来間葉系幹細胞治療,,,,,https://saiseiiryo.mhlw.go.jp/published_plan/download/02C2608014/5/0
possible_missing,strong_msk,2,東京都,"医療法人社団T.O.P.ドクターズ
東京国際クリニック","千代田区丸の内一丁目11番1号
パシフィックセンチュリープレイス丸の内9階",自己脂肪組織由来幹細胞（ASCs）を用いた変形性関節症の治療,0.7384,P00245,医療法人社団光美会 セルズクリニック銀座院,自己脂肪由来幹細胞を用いた変形性関節症の治療,,,,,https://saiseiiryo.mhlw.go.jp/published_plan/download/01C2509014/5/0
possible_missing,strong_msk,2,東京都,"医療法人社団TaaK
Akira International Clinic",港区西麻布3-17-22 モダンフォルム1階,自家脂肪組織由来幹細胞（ASC）の静脈内投与による慢性筋骨格系疼痛治療,0.66,P00174,スキンダクリニック,自家脂肪組織由来幹細胞（ASC）の静脈内投与による慢性筋骨格系疼痛治療,,,,,https://saiseiiryo.mhlw.go.jp/published_plan/download/01C2510080/5/0
possible_missing,strong_msk,2,東京都,医療法人社団　桜伸会　さくらクリニック,渋谷区渋谷1-16-9　渋谷ＫＩビル3階,慢性疼痛緩和を目的とした自家培養脂肪由来間葉系幹細胞の関節内投与による治療,0.6736,P00317,医療法人社団ICVS 東京クリニック,慢性筋骨格系疼痛の緩和を目的とした自己脂肪由来間葉系幹細胞治療（動脈投与）,,,,,https://saiseiiryo.mhlw.go.jp/published_plan/download/02C2606078/5/0|https://saiseiiryo.mhlw.go.jp/published_plan/download/02C2606078/5/1|https://saiseiiryo.mhlw.go.jp/published_plan/download/02C2606078/5/2
possible_missing,strong_msk,2,東京都,医療法人社団　正貴会　いくこ皮フ科クリニック,練馬区上石神井１丁目１４−４ エソール2F B,多血小板血漿（PRP）を用いた変形性関節症に対する疼痛緩和,0.6976,P00254,医療法人社団慶晃会 世田谷玉川整形外科内科クリニック,多血小板血漿（PRP）を用いた変形性関節症治療,,,,,https://saiseiiryo.mhlw.go.jp/published_plan/download/01C2601014/5/0
possible_missing,broad_msk,2,東京都,医療法人社団　熊谷整形外科,墨田区業平2丁目14－9　平ビル業平1階,自己脂肪由来間葉系幹細胞を用いた慢性疼痛に対する治療,0.752,P00224,医療法人社団円徳 慶友整形外科脊椎関節病院,自己脂肪由来間葉系幹細胞を用いた変形性関節症に対する治療,,,,,https://saiseiiryo.mhlw.go.jp/published_plan/download/03C2606021/5/0
possible_missing,strong_msk,2,東京都,医療法人社団　育楽会　あやせ駅前整形外科・内科,足立区綾瀬1-32-13 ハイネスアヤセ1階 A・B,多血小板血漿（Platelet-rich plasma：PRP）を用いた整形外科疾患に対する組織修復,0.6561,P00228,医療法人社団明由会 今給黎整形外科クリニック,多血小板血漿（PRP）を用いた整形外科疾患に対する組織修復,,,,,https://saiseiiryo.mhlw.go.jp/published_plan/download/02C1912017/5/0
possible_missing,strong_msk,2,東京都,医療法人社団　顕伊会　さい整形外科クリニック,葛飾区堀切3丁目35-10　ｙビル101,多血小板血漿（Platelet-rich plasma：PRP）を用いた整形外科疾患に対する治療,0.7114,P00228,医療法人社団明由会 今給黎整形外科クリニック,多血小板血漿（PRP）を用いた整形外科疾患に対する組織修復,,,,,https://saiseiiryo.mhlw.go.jp/published_plan/download/01C1907048/5/0
possible_missing,strong_msk,2,東京都,"医療法人社団スポーツメディカル
八王子スポーツ整形外科","八王子市中町5-1
八王子中町ビル3・4・6階",多血小板血漿（PRP）の投与による変形性関節症治療,0.7656,P00256,医療法人社団活寿会 東京ひざ関節症クリニック銀座院,多血小板血漿（PRP）の投与による変形性関節症治療,,,,,https://saiseiiryo.mhlw.go.jp/published_plan/download/02C2601092/5/0
possible_missing,strong_msk,2,東京都,"医療法人社団ナチュラルハーモニー
ナチュラルハーモニークリニック表参道",渋谷区神宮前6－25－14 神宮前メディアスクエアビル5 階,膝変形性関節症に対する自己脂肪由来幹細胞を用いた治療,0.6957,P00179,一般社団法人 輝実会 青山レナセルクリニック,変形性関節症に対する自己脂肪由来幹細胞を用いた治療,,,,,https://saiseiiryo.mhlw.go.jp/published_plan/download/02C2502063/5/0|https://saiseiiryo.mhlw.go.jp/published_plan/download/02C2502063/5/1
possible_missing,strong_msk,2,東京都,"医療法人社団ナチュラルハーモニー
ナチュラルハーモニークリニック表参道",渋谷区神宮前6-25-14　神宮前メディアスクエアビル5階,自己脂肪由来間葉系幹細胞を用いた関節周囲炎、変形性関節症治療,0.7437,P00331,医療法人社団アヴェニュー アヴェニュー銀座クリニック,自己脂肪由来間葉系幹細胞を用いた関節痛、変形性関節症治療,,,,,https://saiseiiryo.mhlw.go.jp/published_plan/download/02C2601056/5/0
possible_missing,strong_msk,2,東京都,医療法人社団ルネ ルネクリニック東京院,千代田区大手町一丁目1番3号大手センタービル14階,自己脂肪由来間葉系幹細胞を用いた腱、靭帯、筋肉などの軟部組織損傷に対する治療,0.656,P00333,医療法人社団ミッドタウンクリニック 東京ミッドタウンクリニック,自己脂肪由来間葉系幹細胞を用いた靭帯・腱損傷治療,,,,,https://saiseiiryo.mhlw.go.jp/published_plan/download/03C2604056/5/0
possible_missing,strong_msk,2,東京都,医療法人社団充幸会　髙見澤整形外科クリニック,小金井市梶野町五丁目11番5号パピスプラザ205号室,多血小板血漿（PRP）を用いた変形性関節症の疼痛緩和、変性修復,0.7404,P00254,医療法人社団慶晃会 世田谷玉川整形外科内科クリニック,多血小板血漿（PRP）を用いた変形性関節症治療,,,,,https://saiseiiryo.mhlw.go.jp/published_plan/download/01C2211043/5/0
possible_missing,strong_msk,2,東京都,医療法人社団博栄会　赤羽中央総合病院,北区志茂一丁目19番14号,多血小板血漿（Platelet-rich plasma：PRP）を用いた変形性関節症治療,0.6508,P00282,社会医療法人財団仁医会 牧田総合病院,多血小板血漿（PRP）を用いた変形性関節症治療,,,,,https://saiseiiryo.mhlw.go.jp/published_plan/download/02C2202019/5/0
possible_missing,strong_msk,2,東京都,医療法人社団同仁会診療所　Clinic Le GINZA,中央区銀座4丁目1番先 北数寄屋ビルB1F,整形外科疾患に伴う炎症の緩和を目的とした自己脂肪組織由来間葉系幹細胞の静脈点滴治療,0.5066,P00317,医療法人社団ICVS 東京クリニック,慢性筋骨格系疼痛の緩和を目的とした自己脂肪由来間葉系幹細胞治療（動脈投与）,,,,,https://saiseiiryo.mhlw.go.jp/published_plan/download/01C2503053/5/0
possible_missing,strong_msk,2,東京都,医療法人社団同仁会診療所　Clinic Le GINZA,中央区銀座4丁目1番先　北数寄屋ビルB1F,自己末梢血由来単核細胞の関節内投与による整形外科疾患の治療,0.4646,P00172,医療法人社団慧愛会 Grace Earth Clinic,自己脂肪由来間葉系幹細胞を用いた変形性関節症に対する治療,,,,,https://saiseiiryo.mhlw.go.jp/published_plan/download/01C2506055/5/0
possible_missing,strong_msk,2,東京都,医療法人社団善用会　講道館ビルクリニック,文京区春日1-16-30　講道館本館6階,自家多血小板血漿（Platelet-rich plasma：PRP）を用いた慢性関節炎の治療（関節内組織）,0.7103,P00227,医療法人社団心愛会 麻布台ビューティセルクリニック,自家多血小板血漿（PRP）を用いた慢性関節炎の治療（関節内組織）,,,,,https://saiseiiryo.mhlw.go.jp/published_plan/download/01C2603012/5/0
possible_missing,strong_msk,2,東京都,医療法人社団喜美会　自由が丘クリニック,目黒区八雲3-12-10 パークヴィラ2F,自家多血小板血漿（Platelet-Rich Plasma：PRP）を用いた慢性関節炎の治療（関節内組織）,0.6946,P00249,医療法人社団平成会 たいら整形外科クリニック,自家多血小板血漿（PRP）を用いた慢性関節炎の治療（関節内組織）,,,,,https://saiseiiryo.mhlw.go.jp/published_plan/download/01C2508073/5/0|https://saiseiiryo.mhlw.go.jp/published_plan/download/01C2508073/5/1
possible_missing,strong_msk,2,東京都,医療法人社団小﨑会　常盤台らいおん整形外科,板橋区常盤台１－４４－１－１０３,多血小板血漿（PRP）による変形性関節症治療,0.7773,P00236,白山リハビリ整形外科,多血小板血漿（PRP）による変形性関節症治療,,,,,https://saiseiiryo.mhlw.go.jp/published_plan/download/03C2305004/5/0|https://saiseiiryo.mhlw.go.jp/published_plan/download/03C2305004/5/1|https://saiseiiryo.mhlw.go.jp/published_plan/download/03C2305004/5/2
possible_missing,strong_msk,2,東京都,"医療法人社団幹葉会
南青山外苑前整形外科リハビリテーション科クリニック",港区南青山2丁目27-27　丸八青山ビル5F,自家多血小板血漿（Platelet-Rich Plasma：PRP）を用いた慢性関節炎の治療（関節内組織）,0.6905,P00221,医療法人社団全心会 ぜんしん整形外科 立川スポーツリハビリクリニック,自家多血小板血漿（PRP）を用いた慢性関節炎の治療（関節内組織）,,,,,https://saiseiiryo.mhlw.go.jp/published_plan/download/01C2509003/5/0
possible_missing,strong_msk,2,東京都,医療法人社団康静会　赤羽ウェルネスクリニック,北区赤羽2丁目15-10,多血小板血漿（Platelet-rich plasma：PRP）を用いた変形性関節症治療,0.6218,P00168,医療法人社団主正会 かわさきクリニック,関節腔への自己多血小板血漿（PRP）を用いた変形性関節症治療,,,,,https://saiseiiryo.mhlw.go.jp/published_plan/download/03C2305035/5/0
possible_missing,strong_msk,2,東京都,医療法人社団敬和慶友会 自由が丘くびと腰の整形外科関節のクリニック,"世田谷区奥沢5-20-22フレア3.6.9  2F,3F",自己多血小板血漿（Platelet-rich plasma：PRP）を用いた変形性関節症治療,0.6418,P00254,医療法人社団慶晃会 世田谷玉川整形外科内科クリニック,多血小板血漿（PRP）を用いた変形性関節症治療,,,,,https://saiseiiryo.mhlw.go.jp/published_plan/download/02C2410054/5/0
possible_missing,strong_msk,2,東京都,医療法人社団東京Dタワーホスピタル,東京都江東区豊洲６丁目４番２０号Dタワー豊洲 １階・3階～5階,変形性関節症に対する脂肪組織由来幹細胞移植治療,0.8288,P00229,医療法人社団東京Dタワーホスピタル,脂肪組織由来再生（幹）細胞を用いた変形性関節症に対する治療,,,,,https://saiseiiryo.mhlw.go.jp/published_plan/download/01C2511011/5/0
possible_missing,strong_msk,2,東京都,"医療法人社団松和会
池上総合病院",東京都大田区池上6-1-19,膝関節軟骨損傷に対する自己軟骨細胞シート移植,0.4064,P00233,医療法人財団荻窪病院,変形性関節症に対するPRP由来の自己タンパク質溶液（APS）を用いた治療,,,,,https://saiseiiryo.mhlw.go.jp/published_plan/download/02C2406003/5/0
possible_missing,strong_msk,2,東京都,医療法人社団松和会　池上総合病院,大田区池上六丁目１番１９号,自己多血小板血漿(PRP)の投与による変形性関節症の疼痛緩和を目的とした治療,0.6171,P00256,医療法人社団活寿会 東京ひざ関節症クリニック銀座院,多血小板血漿（PRP）の投与による変形性関節症治療,,,,,https://saiseiiryo.mhlw.go.jp/published_plan/download/01C2512021/5/0
possible_missing,strong_msk,2,東京都,"医療法人社団桜伸会
サンテクリニック","中央区銀座8-12-15
全国燃料会館ビル2F",自家培養脂肪由来幹細胞の関節内投与による治療,0.6779,P00171,医療法人社団快晴会 すがも北口整形外科クリニック,自家脂肪組織由来幹細胞（ASC）の投与による関節治療,,,,,https://saiseiiryo.mhlw.go.jp/published_plan/download/01C2406018/5/0
possible_missing,strong_msk,2,東京都,医療法人社団桜伸会　サンテクリニック,中央区銀座8-12-15　全国燃料会館2階,慢性疼痛緩和を目的とした自家培養脂肪由来間葉系幹細胞の関節内投与による治療,0.6736,P00317,医療法人社団ICVS 東京クリニック,慢性筋骨格系疼痛の緩和を目的とした自己脂肪由来間葉系幹細胞治療（動脈投与）,,,,,https://saiseiiryo.mhlw.go.jp/published_plan/download/02C2605071/5/0|https://saiseiiryo.mhlw.go.jp/published_plan/download/02C2605071/5/1
possible_missing,strong_msk,2,東京都,医療法人社団森羅　北砂2丁目だい整形外科,江東区北砂２丁目8-5　ルナパレス1F,自家多血小板血漿（Platelet-Rich Plasma：PRP）を用いた慢性関節炎の治療（関節内組織）,0.6752,P00321,医療法人社団M-TAC 文京整形外科,自家多血小板血漿（PRP）を用いた慢性関節炎の治療（関節内組織）,,,,,https://saiseiiryo.mhlw.go.jp/published_plan/download/01C2608003/5/0
possible_missing,strong_msk,2,東京都,医療法人社団正貴会　いくこ皮フ科クリニック,練馬区上石神井1丁目14番4号 エソール2階B号室,自己脂肪組織由来幹細胞（ASCs）を用いた変形性関節症の治療,0.7808,P00247,医療法人社団啓神会 M再生クリニック,自家脂肪由来幹細胞（ASC）を用いた変形性関節症治療,,,,,https://saiseiiryo.mhlw.go.jp/published_plan/download/01C2602025/5/0
possible_missing,strong_msk,2,東京都,"医療法人社団活寿会
東京ひざ関節症クリニック銀座院","中央区銀座5-3-12
壹番館ビル 7F",脂肪組織由来幹細胞（adipose-derived mesenchymal stem cell）の投与による関節治療,0.7392,P00256,医療法人社団活寿会 東京ひざ関節症クリニック銀座院,多血小板血漿（PRP）の投与による変形性関節症治療,,,,,https://saiseiiryo.mhlw.go.jp/published_plan/download/03C2510027/5/0
possible_missing,strong_msk,2,東京都,医療法人社団活寿会　東京ひざ関節症クリニック新宿院,新宿区西新宿1-4-11　宝ビル9F,脂肪組織由来幹細胞（adipose-derived mesenchymal stem cell）の投与による関節治療,0.5825,P00256,医療法人社団活寿会 東京ひざ関節症クリニック銀座院,多血小板血漿（PRP）の投与による変形性関節症治療,,,,,https://saiseiiryo.mhlw.go.jp/published_plan/download/02C2602018/5/0
possible_missing,strong_msk,2,東京都,医療法人社団癒合会　高輪和合クリニック,東京都港区高輪4丁目22番10号 小川商事ビル2階201号,自己多血小板血漿（PRP）による変形性関節症の治療,0.7476,P00170,医療法人社団快晴会 すがも北口整形外科クリニック,自家多血小板血漿（PRP）の投与による変形性関節症治療,,,,,https://saiseiiryo.mhlw.go.jp/published_plan/download/01C2407028/5/0
possible_missing,strong_msk,2,東京都,医療法人社団研裕会 紀尾井町プラザクリニック歯科・美容外科,千代田区紀尾井町3番12号紀尾井町ビル 2階,変形性膝関節症に対する自己脂肪由来間葉系幹細胞治療,0.7357,P00327,医療法人社団研裕会 紀尾井町プラザクリニック歯科・美容外科,多増殖因子血漿（PRGF）を用いた変形性関節症・関節炎治療,,,,,https://saiseiiryo.mhlw.go.jp/published_plan/download/01C2509061/5/0
possible_missing,strong_msk,2,東京都,医療法人社団福至会　SPES CLINIC TOKYO BAY 晴海中央医院,中央区晴海2-1-40 晴海プライムスクエア11F,自己脂肪由来幹細胞を用いた変形性関節症の治療,0.8098,P00275,医療法人社団青泉会 下北沢病院,自己脂肪由来幹細胞を用いた変形性関節症の治療,,,,,https://saiseiiryo.mhlw.go.jp/published_plan/download/02C2608020/5/0|https://saiseiiryo.mhlw.go.jp/published_plan/download/02C2608020/5/1
possible_missing,strong_msk,2,東京都,医療法人社団秀博会BTRアーツ銀座クリニック,港区新橋2-20-15 新橋駅前ビル1号館201,自己脂肪由来間葉系幹細胞を用いた変形性膝関節症治療,0.7978,P00331,医療法人社団アヴェニュー アヴェニュー銀座クリニック,自己脂肪由来間葉系幹細胞を用いた関節痛、変形性関節症治療,,,,,https://saiseiiryo.mhlw.go.jp/published_plan/download/02C2002036/5/0
possible_missing,strong_msk,2,東京都,"医療法人社団紘朗会
麻布皮フ科クリニック","港区南麻布4丁目14-6 
プレシャス18 6階","自家培養脂肪由来幹細胞を用いた筋肉、腱、靭帯、筋膜の損傷及び慢性炎症の治療
（関節外の軟部組織）",0.5818,P00247,医療法人社団啓神会 M再生クリニック,自家脂肪由来幹細胞（ASC）を用いた変形性関節症治療,,,,,https://saiseiiryo.mhlw.go.jp/published_plan/download/01C2503047/5/0
possible_missing,strong_msk,2,東京都,"医療法人社団紘朗会
麻布皮フ科クリニック","港区南麻布4丁目14-6 
プレシャス18 6階",自家多血小板血漿（Platelet-Rich Plasma：PRP）を用いた慢性関節炎の治療（関節内組織）,0.7103,P00227,医療法人社団心愛会 麻布台ビューティセルクリニック,自家多血小板血漿（PRP）を用いた慢性関節炎の治療（関節内組織）,,,,,https://saiseiiryo.mhlw.go.jp/published_plan/download/01C2505049/5/0
possible_missing,strong_msk,2,東京都,医療法人社団紘朗会　麻布皮フ科クリニック,"港区南麻布4丁目14-6 
プレシャス18 6階",自家培養脂肪由来幹細胞を用いた変形性関節症治療,0.7938,P00247,医療法人社団啓神会 M再生クリニック,自家脂肪由来幹細胞（ASC）を用いた変形性関節症治療,,,,,https://saiseiiryo.mhlw.go.jp/published_plan/download/01C2402046/5/0
possible_missing,strong_msk,2,東京都,医療法人社団菫会　目黒病院,目黒区中央町2-12-6,多血小板血漿（Platelet-rich plasma：PRP）を用いた変形性関節症治療,0.6736,P00325,医療法人社団白鳳会 大角医院,多血小板血漿（PRP）を用いた変形性関節症治療,,,,,https://saiseiiryo.mhlw.go.jp/published_plan/download/01C1906008/5/0
possible_missing,strong_msk,2,東京都,"医療法人社団誠心会
Re:Born Clinic 銀座院",中央区銀座1-15-4　銀座一丁目ビル10F,多血小板血漿を用いた変形性関節症の治療,0.78,P00246,医療法人社団和み會 東京長寿医学クリニック,多血小板血漿を用いた変形性関節症の治療,,,,,https://saiseiiryo.mhlw.go.jp/published_plan/download/02C2509040/5/0|https://saiseiiryo.mhlw.go.jp/published_plan/download/02C2509040/5/1|https://saiseiiryo.mhlw.go.jp/published_plan/download/02C2509040/5/2
possible_missing,strong_msk,2,東京都,"医療法人社団誠心会
Re:Born Clinic 銀座院",中央区銀座1-15-4　銀座一丁目ビル10F,自己脂肪由来幹細胞を用いた変形性関節症の治療（骨芽前駆細胞誘導Ver.）,0.6729,P00172,医療法人社団慧愛会 Grace Earth Clinic,自己脂肪由来間葉系幹細胞を用いた変形性関節症に対する治療,,,,,https://saiseiiryo.mhlw.go.jp/published_plan/download/02C2509048/5/0|https://saiseiiryo.mhlw.go.jp/published_plan/download/02C2509048/5/1|https://saiseiiryo.mhlw.go.jp/published_plan/download/02C2509048/5/2
possible_missing,strong_msk,2,東京都,"医療法人社団豊饒会
RDクリニック東京銀座","中央区銀座7-9-17
銀座ヤマトビル7F",多血小板血漿を用いた変形性関節症治療,0.7869,P00246,医療法人社団和み會 東京長寿医学クリニック,多血小板血漿を用いた変形性関節症の治療,,,,,https://saiseiiryo.mhlw.go.jp/published_plan/download/02C2501001/5/0|https://saiseiiryo.mhlw.go.jp/published_plan/download/02C2501001/5/1
possible_missing,strong_msk,2,東京都,医療法人社団豊饒会RDクリニック東京銀座,中央区銀座7-9-17　銀座ヤマトビル7F,自家脂肪由来幹細胞を用いた変形性関節症治療,0.8289,P00245,医療法人社団光美会 セルズクリニック銀座院,自己脂肪由来幹細胞を用いた変形性関節症の治療,,,,,https://saiseiiryo.mhlw.go.jp/published_plan/download/02C2512006/5/0|https://saiseiiryo.mhlw.go.jp/published_plan/download/02C2512006/5/1
possible_missing,strong_msk,2,東京都,"医療法人社団貴陽会
ラカンクリニック東京 麻布台","港区麻布台1丁目3番1号
麻布台ヒルズ森JPタワー4階",自己多血小板血漿(Platelet-Rich Plasma：PRP)を用いた変形性関節症の治療,0.6563,P00230,医療法人財団檜扇会 クリニック 東京虎ノ門COR,自己多血小板血漿（PRP）を用いた変形性関節症治療,,,,,https://saiseiiryo.mhlw.go.jp/published_plan/download/01C2507054/5/0
possible_missing,strong_msk,2,東京都,"医療法人社団進誠会
豪徳寺整形外科クリニック",世田谷区豪徳寺2丁目31-8ハイム和泉102,"自家多血小板血漿(Platelet-rich plasma:PRP)を用いた
慢性関節炎の治療(関節内組織)",0.759,P00249,医療法人社団平成会 たいら整形外科クリニック,自家多血小板血漿（PRP）を用いた慢性関節炎の治療（関節内組織）,,,,,https://saiseiiryo.mhlw.go.jp/published_plan/download/01C2409068/5/0
possible_missing,strong_msk,2,東京都,医療法人社団青和会　井上整形外科,台東区浅草四丁目41番6号,多血小板血漿（PRP）の投与による変形性関節症治療,0.8179,P00256,医療法人社団活寿会 東京ひざ関節症クリニック銀座院,多血小板血漿（PRP）の投与による変形性関節症治療,,,,,https://saiseiiryo.mhlw.go.jp/published_plan/download/02C2101009/5/0
possible_missing,strong_msk,2,東京都,医療法人鉄蕉会　亀田京橋クリニック,中央区京橋3丁目1番1号東京スクエアガーデン4階・6階,多血小板血漿（Platelet-rich plasma：PRP）を用いた関節内組織損傷に対する治療,0.5913,P00319,医療法人社団IHOC 稲城平尾整形外科クリニック,自家多血小板血漿（PRP）を用いた関節内組織損傷に対する鏡視下治療,,,,,https://saiseiiryo.mhlw.go.jp/published_plan/download/01C1904038/5/0
possible_missing,strong_msk,2,東京都,十条整形外科リハビリクリニック,北区十条仲原1-28-13 ラファエーラ十条 2階,多血小板血漿（PRP）による変形性関節症治療,0.8143,P00287,祐天寺整形外科クリニック,多血小板血漿（PRP）の投与による変形性関節症治療,,,,,https://saiseiiryo.mhlw.go.jp/published_plan/download/03C2305006/5/0|https://saiseiiryo.mhlw.go.jp/published_plan/download/03C2305006/5/1|https://saiseiiryo.mhlw.go.jp/published_plan/download/03C2305006/5/2
possible_missing,strong_msk,2,東京都,千歳船橋整形外科スポーツ・リハビリクリニック,世田谷区船橋1-9-21 マルエツ千歳船橋店3階,自家多血小板血漿（Platelet-Rich Plasma：PRP）を用いた慢性関節炎の治療（関節内組織）,0.706,P00221,医療法人社団全心会 ぜんしん整形外科 立川スポーツリハビリクリニック,自家多血小板血漿（PRP）を用いた慢性関節炎の治療（関節内組織）,,,,,https://saiseiiryo.mhlw.go.jp/published_plan/download/01C2504021/5/0
possible_missing,strong_msk,2,東京都,南新宿整形外科 リハビリテーションクリニック,東京都渋谷区代々木二丁目１６番７号　山葉ビルメディカルセンター４階,SVF（Stromal Vascular Fraction）を用いた関節痛、変形性関節症に対する疼痛改善を目的とした治療,0.4255,P00226,医療法人社団彩康会 十条整形外科リハビリクリニック,自家多血小板血漿（PRP）を用いた変形性関節症及び関節腔内の治療,,,,,https://saiseiiryo.mhlw.go.jp/published_plan/download/01C1906024/5/0
possible_missing,strong_msk,2,東京都,南新宿整形外科リハビリテーションクリニック,"渋谷区代々木二丁目１６番７号
山葉ビルメディカルセンター４階",自己脂肪由来間葉系幹細胞を用いた関節痛、変形性関節症治療,0.7975,P00213,お茶の水セルクリニック,自己脂肪由来間葉系幹細胞を用いた関節痛、変形性関節症治療,,,,,https://saiseiiryo.mhlw.go.jp/published_plan/download/01C1906016/5/0
possible_missing,strong_msk,2,東京都,南青山外苑前整形外科・リハビリテーション科クリニック,"港区南青山2丁目27-27
丸八青山ビル5F",自家多血小板血漿（Platelet-Rich Plasma：PRP）を用いた慢性関節炎の治療（関節内組織）,0.6245,P00221,医療法人社団全心会 ぜんしん整形外科 立川スポーツリハビリクリニック,自家多血小板血漿（PRP）を用いた慢性関節炎の治療（関節内組織）,,,,,https://saiseiiryo.mhlw.go.jp/published_plan/download/01C2503065/5/0
possible_missing,strong_msk,2,東京都,"地方独立行政法人東京都立病院機構
東京都立大久保病院",新宿区歌舞伎町2-44-1,変形性関節症を対象とした自家多血小板血漿（PRP）注入療法,0.7133,P00266,東京城南整形外科,変形性関節症を対象とした自家多血小板血漿（PRP）注入療法,,,,,https://saiseiiryo.mhlw.go.jp/published_plan/download/02C2601084/5/0
possible_missing,strong_msk,2,東京都,女性のための整形外科 かおるこHappyクリニック,千代田区内幸町1丁目1-1 帝国ホテル本館4階,変形性関節症および関節腔の傷害を対象とした自家多血小板血漿（PRP）注入療法,0.7578,P00320,医療法人社団KRMG 東京ヴェインクリニック,変形性関節症および関節腔の傷害を対象とした自家多血小板血漿（PRP）注入療法,,,,,https://saiseiiryo.mhlw.go.jp/published_plan/download/01C2302066/5/0|https://saiseiiryo.mhlw.go.jp/published_plan/download/01C2302066/5/1
possible_missing,strong_msk,2,東京都,学校法人藤田学園　藤田医科大学　羽田クリニック,大田区羽田空港1-1-4,多血小板血漿（PRP）による変形性関節症治療,0.6884,P00236,白山リハビリ整形外科,多血小板血漿（PRP）による変形性関節症治療,,,,,https://saiseiiryo.mhlw.go.jp/published_plan/download/03C2603036/5/0
possible_missing,strong_msk,2,東京都,学校法人藤田学園　藤田医科大学　羽田クリニック,大田区羽田空港1-1-4,自己脂肪由来幹細胞を用いた変形性関節症の治療,0.8102,P00245,医療法人社団光美会 セルズクリニック銀座院,自己脂肪由来幹細胞を用いた変形性関節症の治療,,,,,https://saiseiiryo.mhlw.go.jp/published_plan/download/03C2603037/5/0
possible_missing,strong_msk,2,東京都,学校法人藤田学園　藤田医科大学　羽田クリニック,大田区羽田空港1-1-4,自家培養軟骨細胞（ACC）を用いた移植による低侵襲膝関節軟骨再生治療,0.4421,P00247,医療法人社団啓神会 M再生クリニック,自家脂肪由来幹細胞（ASC）を用いた変形性関節症治療,,,,,https://saiseiiryo.mhlw.go.jp/published_plan/download/03C2603038/5/0
possible_missing,strong_msk,2,東京都,新橋DAYクリニック,港区新橋1-15-7 新橋NFビル6階,変形性関節症に対する自己脂肪由来間葉系幹細胞を用いた治療,0.675,P00179,一般社団法人 輝実会 青山レナセルクリニック,変形性関節症に対する自己脂肪由来幹細胞を用いた治療,,,,,https://saiseiiryo.mhlw.go.jp/published_plan/download/01C2602040/5/0
possible_missing,strong_msk,2,東京都,日本医科大学付属病院,文京区千駄木1-1-5,多血小板血漿（PRP）の投与による変形性関節症治療,0.7118,P00256,医療法人社団活寿会 東京ひざ関節症クリニック銀座院,多血小板血漿（PRP）の投与による変形性関節症治療,,,,,https://saiseiiryo.mhlw.go.jp/published_plan/download/03C2510006/5/0
possible_missing,strong_msk,2,東京都,日本大学医学部附属板橋病院,板橋区大谷口上町３０－１,自己多血小板血漿（Platelet rich plasma：PRP）を用いた変形性膝・肩関節、腰椎症に対する治療,0.5022,P00264,慶應義塾大学病院,自己多血小板血漿（PRP）を用いた関節内組織損傷に対する治療,,,,,https://saiseiiryo.mhlw.go.jp/published_plan/download/01C2203013/5/0
possible_missing,strong_msk,2,東京都,日本大学病院,千代田区神田駿河台１丁目６,自己多血小板血漿（PRP）による整形外科疾患に対する関節内治療,0.5855,P00264,慶應義塾大学病院,自己多血小板血漿（PRP）を用いた関節内組織損傷に対する治療,,,,,https://saiseiiryo.mhlw.go.jp/published_plan/download/01C2409023/5/0
possible_missing,strong_msk,2,東京都,日本橋えがわクリニック,中央区八重洲１－４－１０八重洲仲通りビル８F,自己脂肪組織由来幹細胞（ASCs）を用いた変形性関節症の治療,0.6761,P00175,センチュリークリニック東京,自己脂肪由来幹細胞を用いた変形性関節症の治療,,,,,https://saiseiiryo.mhlw.go.jp/published_plan/download/01C2506017/5/0|https://saiseiiryo.mhlw.go.jp/published_plan/download/01C2506017/5/1
possible_missing,strong_msk,2,東京都,日本橋人形町整形外科,東京都中央区日本橋人形町1−6−8 人形町大内ビル2階,自己多血小板血漿(PRP)療法（治療対象：外傷性関節炎・変形性関節症）,0.6987,P00322,医療法人社団井上 いのうえ整形外科,自己多血小板血漿（PRP）療法（治療対象：関節炎・変形性関節症）,,,,,https://saiseiiryo.mhlw.go.jp/published_plan/download/02C2512068/5/0|https://saiseiiryo.mhlw.go.jp/published_plan/download/02C2512068/5/1|https://saiseiiryo.mhlw.go.jp/published_plan/download/02C2512068/5/2
possible_missing,strong_msk,2,東京都,明大前整形外科クリニック,世田谷区松原1丁目38-25,⾃家多⾎⼩板⾎漿（Platelet-rich plasma：PRP）を⽤いた慢性関節炎ならびに関節内軟⾻・靭帯損傷の治療（関節内組織）,0.6005,P00249,医療法人社団平成会 たいら整形外科クリニック,自家多血小板血漿（PRP）を用いた慢性関節炎の治療（関節内組織）,,,,,https://saiseiiryo.mhlw.go.jp/published_plan/download/01C2503078/5/0
possible_missing,strong_msk,2,東京都,昭和医科大学江東豊洲病院,江東区豊洲5-1-38,多血小板血漿（Platelet-rich plasma：PRP）を用いた変形性関節症治療,0.4976,P00325,医療法人社団白鳳会 大角医院,多血小板血漿（PRP）を用いた変形性関節症治療,,,,,https://saiseiiryo.mhlw.go.jp/published_plan/download/02C2601034/5/0
possible_missing,strong_msk,2,東京都,東急株式会社東急病院,大田区北千束3丁目27番2号,自家多血小板血漿（Platelet-Rich-Plasma：PRP）による変形性関節症治療,0.4177,P00216,医療法人山本・前田記念会 前田病院,多血小板血漿（PRP）を用いた変形性関節症治療,,,,,https://saiseiiryo.mhlw.go.jp/published_plan/download/02C2302016/5/0|https://saiseiiryo.mhlw.go.jp/published_plan/download/02C2302016/5/1
possible_missing,strong_msk,2,東京都,東邦大学医療センター大森病院,大田区大森西6-11-1,自家多血小板血漿（Platelet-rich plasma：PRP）を用いた慢性関節炎の治療（関節内組織）,0.5273,P00281,社会医療法人社団東京巨樹の会 東京品川病院,自家多血小板血漿（PRP）を用いた慢性関節炎の治療（関節内組織）,,,,,https://saiseiiryo.mhlw.go.jp/published_plan/download/03C2412023/5/0
possible_missing,strong_msk,2,東京都,東邦大学医療センター大橋病院,目黒区大橋二丁目２２番３６号,自己多血小板血漿（Platelet-rich plasma: PRP）を用いた変形性関節症治療,0.5605,P00235,独立行政法人国立病院機構東京医療センター,多血小板血漿（PRP）を用いた変形性関節症治療,,,,,https://saiseiiryo.mhlw.go.jp/published_plan/download/03C2412024/5/0
possible_missing,strong_msk,2,東京都,横浜町田関節脊椎病院,町田市南つくし野３丁目１－２,多血小板血漿抽出液による関節症治療,0.66,P00315,三軒茶屋整形外科・スポーツクリニック,多血小板血漿抽出液による関節症治療,,,,,https://saiseiiryo.mhlw.go.jp/published_plan/download/01C2002036/5/0
possible_missing,strong_msk,2,東京都,江戸川区まつもと整形外科,江戸川区松本1-34-7 3F,自家多血小板血漿（PRP）の投与による変形性関節症治療,0.7857,P00170,医療法人社団快晴会 すがも北口整形外科クリニック,自家多血小板血漿（PRP）の投与による変形性関節症治療,,,,,https://saiseiiryo.mhlw.go.jp/published_plan/download/01C2603069/5/0
possible_missing,strong_msk,2,東京都,独立行政法人労働者健康安全機構　東京労災病院,大田区大森南４－１３－２１,多血小板血漿抽出液による関節症治療,0.7029,P00252,医療法人社団慶優会 増本整形外科クリニック,多血小板血漿抽出液による関節症治療,,,,,https://saiseiiryo.mhlw.go.jp/published_plan/download/02C2203008/5/0
possible_missing,strong_msk,2,東京都,独立行政法人国立病院機構村山医療センター,武蔵村山市学園２－３７－１,変形性関節症に対する多血小板血漿抽出液（APS）関節内投与療法,0.7081,P00234,独立行政法人国立病院機構東京医療センター,変形性関節症に対する自家脂肪組織由来幹細胞（ASC）の関節内注入療法,,,,,https://saiseiiryo.mhlw.go.jp/published_plan/download/03C2604028/5/0
possible_missing,strong_msk,2,東京都,白金高輪やまと整形外科,港区三田5-12-7 プラウドフラット白金高輪 1階,自家多血小板血漿（Platelet-Rich Plasma：PRP）を用いた慢性関節炎の治療（関節内組織）,0.6308,P00268,東京整形外科,自家多血小板血漿（PRP）を用いた慢性関節炎の治療（関節内組織）,,,,,https://saiseiiryo.mhlw.go.jp/published_plan/download/01C2508064/5/0|https://saiseiiryo.mhlw.go.jp/published_plan/download/01C2508064/5/1
possible_missing,strong_msk,2,東京都,目黒ひざ＆形成外科クリニック,品川区上大崎二丁目13番26号 メイプルトップビル6F,自己多血小板血漿（PRP）の投与による変形性関節症の治療,0.7965,P00287,祐天寺整形外科クリニック,多血小板血漿（PRP）の投与による変形性関節症治療,,,,,https://saiseiiryo.mhlw.go.jp/published_plan/download/01C2603059/5/0
possible_missing,strong_msk,2,東京都,表参道総合医療クリニック,渋谷区神宮前5丁目46-16 イル・チェントロ・セレーノ1階,自己脂肪由来幹細胞を用いた頚椎症・腰椎症の治療,0.6461,P00313,一般社団法人健寿会 表参道イーグルクリニック,自己脂肪由来幹細胞を用いた変形性関節症の治療,,,,,https://saiseiiryo.mhlw.go.jp/published_plan/download/01C2407094/5/0
possible_missing,strong_msk,2,東京都,表参道総合医療クリニック,渋谷区神宮前前5丁目46-16 イル・チェントロ・セレーノ1階,自家多血小板血漿（Platelet-rich plasma：PRP）を用いた脊椎由来疼痛の治療,0.4747,P00249,医療法人社団平成会 たいら整形外科クリニック,自家多血小板血漿（PRP）を用いた慢性関節炎の治療（関節内組織）,,,,,https://saiseiiryo.mhlw.go.jp/published_plan/download/01C2504035/5/0
possible_missing,strong_msk,2,東京都,表参道総合医療クリニック,"渋谷区神宮前前5丁目46-16 
イル・チェントロ・セレーノ1階",自家多血小板血漿（Platelet-Rich Plasma：PRP）を用いた慢性関節炎の治療（関節内組織）,0.6105,P00249,医療法人社団平成会 たいら整形外科クリニック,自家多血小板血漿（PRP）を用いた慢性関節炎の治療（関節内組織）,,,,,https://saiseiiryo.mhlw.go.jp/published_plan/download/01C2506021/5/0|https://saiseiiryo.mhlw.go.jp/published_plan/download/01C2506021/5/1
possible_missing,strong_msk,2,東京都,表参道総合医療クリニック,渋谷区神宮前5丁目46-16 イル・チェントロ・セレーノ1階,自己脂肪由来幹細胞を用いた関節疾患の治療,0.8311,P00169,医療法人社団心愛会 麻布台ビューティセルクリニック,自己脂肪由来幹細胞を用いた関節疾患の治療,,,,,https://saiseiiryo.mhlw.go.jp/published_plan/download/01C2506023/5/0|https://saiseiiryo.mhlw.go.jp/published_plan/download/01C2506023/5/1
possible_missing,strong_msk,2,東京都,豪徳寺整形外科クリニック,世田谷区豪徳寺2丁目31-8ハイム和泉102,自家多血小板血漿（Platelet-rich plasma：PRP）を用いた慢性関節炎の治療（関節内組織）,0.6638,P00249,医療法人社団平成会 たいら整形外科クリニック,自家多血小板血漿（PRP）を用いた慢性関節炎の治療（関節内組織）,,,,,https://saiseiiryo.mhlw.go.jp/published_plan/download/01C2406033/5/0
possible_missing,strong_msk,2,東京都,運動器クリニック市ヶ谷,千代田区五番町2番地9 ESCALIER五番町 1階,自己多血小板血漿(PRP)の投与による変形性関節症の疼痛緩和を目的とした治療,0.6279,P00287,祐天寺整形外科クリニック,多血小板血漿（PRP）の投与による変形性関節症治療,,,,,https://saiseiiryo.mhlw.go.jp/published_plan/download/01C2601001/5/0
possible_missing,strong_msk,2,東京都,都立大整形外科クリニック,"目黒区平町1丁目26-3
スミール都立大2F",⾃家多⾎⼩板⾎漿（Platelet-rich plasma：PRP）を⽤いた慢性関節炎ならびに関節内軟⾻・靭帯損傷の治療（関節内組織）,0.6005,P00249,医療法人社団平成会 たいら整形外科クリニック,自家多血小板血漿（PRP）を用いた慢性関節炎の治療（関節内組織）,,,,,https://saiseiiryo.mhlw.go.jp/published_plan/download/01C2503076/5/0
possible_missing,strong_msk,2,東京都,銀座ALIVIO clinic,"中央区銀座5-5-18 
銀座藤小西ビル4F",自家脂肪由来幹細胞を用いた変形性関節症治療,0.6615,P00241,医療法人社団 順清会 Total Cell Clinic TOKYO,自己脂肪由来間葉系幹細胞を用いた変形性関節症治療,,,,,https://saiseiiryo.mhlw.go.jp/published_plan/download/01C2411046/5/0
possible_missing,strong_msk,2,東京都,銀座YRクリニック,中央区銀座六丁目５番-１３号Ｃｓｓ Ｂｕｉｌｄｉｎｇ Ⅲ 7F,自家多血小板血漿(PRP)を用いた慢性関節炎治療,0.6888,P00214,お茶の水セルクリニック,多血小板血漿（PRP）を用いた変形性関節症治療,,,,,https://saiseiiryo.mhlw.go.jp/published_plan/download/03C2606016/5/0
possible_missing,strong_msk,2,東京都,銀座よしえクリニック都立大院,目黒区平町1-23-14EMON,自己脂肪組織由来間葉系幹細胞（ADSC）を用いた関節治療,0.6051,P00237,TOKYOひまわりクリニック,自己脂肪由来間葉系幹細胞を用いた変形性関節症治療,,,,,https://saiseiiryo.mhlw.go.jp/published_plan/download/03C2601047/5/0
possible_missing,strong_msk,2,東京都,銀座聖愛わクリニック,中央区銀座五丁目10番2号　GINZA MISS PARIS 10階,膝関節症に対する自己脂肪由来幹細胞による治療,0.6344,P00279,銀座YRクリニック,変形性関節症・腰痛症・末梢神経障害などの疼痛に対する自己脂肪由来間葉系幹細胞の静脈注射治療,,,,,https://saiseiiryo.mhlw.go.jp/published_plan/download/01C2602054/5/0
possible_missing,strong_msk,2,東京都,阿部整形外科クリニック,三鷹市野崎3-3-4-101,自家多血小板血漿（Platelet-rich plasma：PRP）を用いた慢性関節炎の治療（関節内組織）,0.6713,P00249,医療法人社団平成会 たいら整形外科クリニック,自家多血小板血漿（PRP）を用いた慢性関節炎の治療（関節内組織）,,,,,https://saiseiiryo.mhlw.go.jp/published_plan/download/02C2503035/5/0
possible_missing,strong_msk,2,東京都,青海100クリニック,東京都江東区青海2-4-32　タイム24ビル1階,関節周囲炎の緩和を目的とした自己脂肪由来間葉系間質細胞治療(局所投与),0.5657,P00259,医療法人社団珠光会 HASUMI免疫クリニック,慢性筋骨格系疼痛の緩和を目的とした自己脂肪由来間葉系幹細胞治療（局所投与）,,,,,https://saiseiiryo.mhlw.go.jp/published_plan/download/01C2508039/5/0
possible_missing,strong_msk,2,東京都,順天堂大学医学部附属練馬病院,練馬区高野台3−1−10,自家多血小板血漿(Platelet-rich plasma : PRP)を用いた関節内損傷に対する治療,0.5489,P00264,慶應義塾大学病院,自己多血小板血漿（PRP）を用いた関節内組織損傷に対する治療,,,,,https://saiseiiryo.mhlw.go.jp/published_plan/download/03C2308020/5/0
possible_missing,strong_msk,2,東京都,順天堂大学医学部附属順天堂医院,文京区本郷3-1-3,自家脂肪組織由来幹細胞（ASC）の投与による変形性関節症治療,0.6844,P00225,医療法人社団創明会 日本橋整形外科クリニック,自家脂肪組織由来幹細胞（ASC）の投与による変形性関節症治療,,,,,https://saiseiiryo.mhlw.go.jp/published_plan/download/03C2609013/5/0
possible_missing,strong_msk,2,東京都,順天堂大学医学部附属順天堂医院,文京区本郷3-1-3,自己多血小板血漿(PRP)療法（治療対象：関節炎・変形性関節症）,0.6884,P00322,医療法人社団井上 いのうえ整形外科,自己多血小板血漿（PRP）療法（治療対象：関節炎・変形性関節症）,,,,,https://saiseiiryo.mhlw.go.jp/published_plan/download/03C2609017/5/0
possible_missing,strong_msk,2,東京都,順天堂大学医学部附属順天堂東京江東高齢者医療センター,江東区新砂3-3-20,多血小板血漿（PRP）の投与による変形性関節症治療,0.7128,P00256,医療法人社団活寿会 東京ひざ関節症クリニック銀座院,多血小板血漿（PRP）の投与による変形性関節症治療,,,,,https://saiseiiryo.mhlw.go.jp/published_plan/download/03C2502002/5/0
possible_missing,strong_msk,2,神奈川県,Okuno Clinic.横浜 センター南,横浜市都筑区茅ヶ崎中央36-6　チサンイン横浜都筑2F,自家多血小板血漿（Platelet-rich plasma：PRP）を用いた慢性関節炎の治療（関節内組織）,0.3733,P00194,医療法人社団梅沢医院 梅沢整形外科,自家多血小板血漿（PRP）を用いた慢性関節炎の治療,,,,,https://saiseiiryo.mhlw.go.jp/published_plan/download/03C2607012/5/0
possible_missing,strong_msk,2,神奈川県,SBC整形外科クリニック横浜駅前院,"横浜市西区北幸1-4-1
横浜天理ビル11階",多血小板血漿（PRP）の投与による変形性関節症治療,0.8038,P00198,横浜整形外科クリニック,多血小板血漿（PRP）による変形性関節症治療,,,,,https://saiseiiryo.mhlw.go.jp/published_plan/download/03C2604033/5/0
possible_missing,strong_msk,2,神奈川県,YSA スポーツと医科学のクリニック 横浜関内,横浜市中区港町1-1-1BASEGATE横浜関内タワー8階,自家多血小板血漿（PRP）を用いた関節内組織損傷に対する治療,0.5555,P00190,医療法人社団 三朋会 嶺整形外科クリニック,多血小板血漿（PRP）を用いた整形外科疾患に対する治療,,,,,https://saiseiiryo.mhlw.go.jp/published_plan/download/01C2602018/5/0|https://saiseiiryo.mhlw.go.jp/published_plan/download/01C2602018/5/1
possible_missing,strong_msk,2,神奈川県,いしずえ整形外科,"横浜市戸塚区戸塚町99
ポルテさくら2F",多血小板血漿（PRP）の投与による変形性関節症治療,0.7062,P00198,横浜整形外科クリニック,多血小板血漿（PRP）による変形性関節症治療,,,,,https://saiseiiryo.mhlw.go.jp/published_plan/download/02C1910113/5/0
possible_missing,strong_msk,2,神奈川県,さこ整形外科・リハビリテーション科,秦野市大秦町2-16クリエイトエス・ディー秦野大秦町店2F,自家多血小板血漿（PRP）を用いた関節内組織損傷に対する治療,0.5273,P00194,医療法人社団梅沢医院 梅沢整形外科,自家多血小板血漿（PRP）を用いた慢性関節炎の治療,,,,,https://saiseiiryo.mhlw.go.jp/published_plan/download/01C2605011/5/0|https://saiseiiryo.mhlw.go.jp/published_plan/download/01C2605011/5/1
possible_missing,strong_msk,2,神奈川県,ふくむら整形外科,"横浜市戸塚区下倉田町１８６９－１　
横浜戸塚メディカルビル　3階",多血小板血漿（PRP）の投与による変形性関節症治療,0.7062,P00198,横浜整形外科クリニック,多血小板血漿（PRP）による変形性関節症治療,,,,,https://saiseiiryo.mhlw.go.jp/published_plan/download/01C2512039/5/0|https://saiseiiryo.mhlw.go.jp/published_plan/download/01C2512039/5/1
possible_missing,strong_msk,2,神奈川県,ほんだ整形外科クリニック,平塚市明石町1番23号 平塚明石ビル2・3階,自家多血小板血漿（Platelet-rich plasma：PRP）を用いた慢性関節炎の治療（関節内組織）,0.5819,P00198,横浜整形外科クリニック,多血小板血漿（PRP）による変形性関節症治療,,,,,https://saiseiiryo.mhlw.go.jp/published_plan/download/01C2105005/5/0
possible_missing,strong_msk,2,神奈川県,センター南ＧＯＴＯクリニック,横浜市都筑区茅ヶ崎中央１－２　センター南光ビル　４階,多血小板血漿抽出液による関節症治療,0.66,P00191,医療法人緑樹会 あおば整形外科,多血小板血漿抽出液による関節症治療,,,,,https://saiseiiryo.mhlw.go.jp/published_plan/download/01C1909033/5/0
possible_missing,strong_msk,2,神奈川県,ヴェルディクリニック,川崎市多摩区菅仙谷4-1-1　東京ヴェルディクラブハウス内,自家多血小板血漿（Platelet-rich plasma：PRP）を用いた慢性関節炎の治療（関節内組織）,0.4471,P00198,横浜整形外科クリニック,多血小板血漿（PRP）による変形性関節症治療,,,,,https://saiseiiryo.mhlw.go.jp/published_plan/download/01C2302050/5/0
possible_missing,strong_msk,2,神奈川県,一般社団法人SOL  SOL整形外科鷺沼スポーツクリニック,川崎市宮前区東有馬5-1-2メディカルプラザD2F 3F,多血小板血漿（Platelet-rich plasma：PRP）を用いた変形性関節症治療,0.5311,P00198,横浜整形外科クリニック,多血小板血漿（PRP）による変形性関節症治療,,,,,https://saiseiiryo.mhlw.go.jp/published_plan/download/01C2207035/5/0
possible_missing,strong_msk,2,神奈川県,三ツ沢SORA整形外科,横浜市神奈川区三ツ沢上町5-14グランシャリオ三ッ沢 1階,変形性関節症を対象とした自家多血小板血漿（PRP）注入療法,0.7551,P00202,湘南台まつえ整形外科・内科・リハビリテーションクリニック,変形性関節症を対象とした自家多血小板血漿（PRP）注入療法,,,,,https://saiseiiryo.mhlw.go.jp/published_plan/download/01C2602011/5/0
possible_missing,strong_msk,2,神奈川県,二階堂整形外科クリニック,茅ヶ崎市浜見平３番１号BRANCH茅ヶ崎２ー１階,自家多血小板血漿（PRP）を用いた慢性関節炎の治療（関節内組織）,0.671,P00198,横浜整形外科クリニック,多血小板血漿（PRP）による変形性関節症治療,,,,,https://saiseiiryo.mhlw.go.jp/published_plan/download/02C2506011/5/0
possible_missing,strong_msk,2,神奈川県,井土ヶ谷整形外科リハビリクリニック,横浜市南区井土ケ谷中町158　アクロスキューブ3F,多血小板血漿（PRP）による変形性関節症および半月板損傷治療,0.7495,P00198,横浜整形外科クリニック,多血小板血漿（PRP）による変形性関節症治療,,,,,https://saiseiiryo.mhlw.go.jp/published_plan/download/01C2410005/5/0|https://saiseiiryo.mhlw.go.jp/published_plan/download/01C2410005/5/1|https://saiseiiryo.mhlw.go.jp/published_plan/download/01C2410005/5/2
possible_missing,strong_msk,2,神奈川県,公立大学法人横浜市立大学附属病院,横浜市金沢区福浦3−9,自家多血小板血漿(Platelet-rich plasma:PRP)を用 いた関節内組織損傷に対する治療,0.3909,P00194,医療法人社団梅沢医院 梅沢整形外科,自家多血小板血漿（PRP）を用いた慢性関節炎の治療,,,,,https://saiseiiryo.mhlw.go.jp/published_plan/download/02C2411022/5/0|https://saiseiiryo.mhlw.go.jp/published_plan/download/02C2411022/5/1
possible_missing,strong_msk,2,神奈川県,内田宙司整形外科,横須賀市湘南国際村1-3-10,多増殖因子血漿（PRGF）を用いた変形性関節症・関節炎治療,0.5018,P00198,横浜整形外科クリニック,多血小板血漿（PRP）による変形性関節症治療,,,,,https://saiseiiryo.mhlw.go.jp/published_plan/download/01C2508047/5/0
possible_missing,strong_msk,2,神奈川県,"医療法人 よこはまTSC
横浜たまプラーザ運動器スポーツクリニック","横浜市青葉区美しが丘二丁目14番地９
MMPたまプラーザ１０１号室",変形性関節症および関節腔の傷害を対象とした自家多血小板血漿（PRP）注入療法,0.5881,P00202,湘南台まつえ整形外科・内科・リハビリテーションクリニック,変形性関節症を対象とした自家多血小板血漿（PRP）注入療法,,,,,https://saiseiiryo.mhlw.go.jp/published_plan/download/01C2303041/5/0|https://saiseiiryo.mhlw.go.jp/published_plan/download/01C2303041/5/1
possible_missing,strong_msk,2,神奈川県,医療法人　健進会　井上整形外科,座間市入谷西四丁目2番6号,変形性関節症および関節腔の傷害を対象とした自家多血小板血漿（PRP）注入療法,0.5703,P00202,湘南台まつえ整形外科・内科・リハビリテーションクリニック,変形性関節症を対象とした自家多血小板血漿（PRP）注入療法,,,,,https://saiseiiryo.mhlw.go.jp/published_plan/download/01C2305022/5/0
possible_missing,strong_msk,2,神奈川県,医療法人博桜会　たなべ整形外科　せぼね・骨粗しょう症クリニック,横浜市緑区十日市場町819-13,自家多血小板血漿（Platelet-rich plasma：PRP）を用いた腰痛症の治療,0.5246,P00190,医療法人社団 三朋会 嶺整形外科クリニック,多血小板血漿（PRP）を用いた整形外科疾患に対する治療,,,,,https://saiseiiryo.mhlw.go.jp/published_plan/download/01C2410057/5/0
possible_missing,strong_msk,2,神奈川県,医療法人博桜会　たなべ整形外科　せぼね・骨粗しょう症クリニック,横浜市緑区十日市場町819-13,自家多血小板血漿（Platelet-rich plasma：PRP）を用いた慢性関節炎の治療（関節内組織）,0.5333,P00194,医療法人社団梅沢医院 梅沢整形外科,自家多血小板血漿（PRP）を用いた慢性関節炎の治療,,,,,https://saiseiiryo.mhlw.go.jp/published_plan/download/01C2410058/5/0
possible_missing,strong_msk,2,神奈川県,医療法人徳洲会　湘南鎌倉人工関節センター,鎌倉市台5-4-17,多血小板血漿（PRP）の投与による変形性関節症治療,0.6903,P00205,済生会 横浜市東部病院,多血小板血漿（PRP）の投与による変形性関節症治療,,,,,https://saiseiiryo.mhlw.go.jp/published_plan/download/03C2604006/5/0|https://saiseiiryo.mhlw.go.jp/published_plan/download/03C2604006/5/1
possible_missing,strong_msk,2,神奈川県,医療法人愛仁会　太田総合病院,川崎市川崎区日進町1-50,多血小板血漿（Platelet-rich plasma：PRP）を用いた変形性関節症治療,0.4769,P00194,医療法人社団梅沢医院 梅沢整形外科,自家多血小板血漿（PRP）を用いた慢性関節炎の治療,,,,,https://saiseiiryo.mhlw.go.jp/published_plan/download/02C1912019/5/0
possible_missing,strong_msk,2,神奈川県,医療法人柿生会 渡辺クリニック,川崎市麻生区上麻生7-22-11,多血小板血漿（Platelet-rich plasma：PRP）を用いた整形外科疾患に対する治療,0.6784,P00190,医療法人社団 三朋会 嶺整形外科クリニック,多血小板血漿（PRP）を用いた整形外科疾患に対する治療,,,,,https://saiseiiryo.mhlw.go.jp/published_plan/download/02C2608038/5/0
possible_missing,strong_msk,2,神奈川県,医療法人横浜未来ヘルスケアシステム　戸塚共立第２病院,横浜市戸塚区吉田町579-1,自家多血小板血漿（Platelet-rich plasma：PRP）を用いた慢性関節炎の治療（関節内組織）,0.4807,P00194,医療法人社団梅沢医院 梅沢整形外科,自家多血小板血漿（PRP）を用いた慢性関節炎の治療,,,,,https://saiseiiryo.mhlw.go.jp/published_plan/download/02C2508002/5/0|https://saiseiiryo.mhlw.go.jp/published_plan/download/02C2508002/5/1
possible_missing,strong_msk,2,神奈川県,医療法人湘美会 SBC横浜駅前整形外科クリニック,横浜市西区北幸1丁目4－1横浜天理ビル11階,自己脂肪組織由来幹細胞（ASCs）を用いた変形性関節症の治療,0.7128,P00189,医療法人社団 千美会 ガーデンクリニック横浜院,自己脂肪由来幹細胞を用いた変形性関節症の治療,,,,,https://saiseiiryo.mhlw.go.jp/published_plan/download/02C2508038/5/0|https://saiseiiryo.mhlw.go.jp/published_plan/download/02C2508038/5/1|https://saiseiiryo.mhlw.go.jp/published_plan/download/02C2508038/5/2|https://saiseiiryo.mhlw.go.jp/published_plan/download/02C2508038/5/3
possible_missing,strong_msk,2,神奈川県,医療法人社団　総生会 麻生リハビリ総合病院,川崎市麻生区上麻生6-23-50,多血小板血漿（PRP）による変形性膝関節症治療,0.6305,P00205,済生会 横浜市東部病院,多血小板血漿（PRP）の投与による変形性関節症治療,,,,,https://saiseiiryo.mhlw.go.jp/published_plan/download/03C2305018/5/0|https://saiseiiryo.mhlw.go.jp/published_plan/download/03C2305018/5/1|https://saiseiiryo.mhlw.go.jp/published_plan/download/03C2305018/5/2
possible_missing,strong_msk,2,神奈川県,"医療法人社団アスクレピオス
ランドマーク横浜国際クリニック","横浜市西区みなとみらい2-2-1
ランドマークプラザ1階",変形性関節症に対する自己脂肪由来幹細胞を用いた治療,0.573,P00189,医療法人社団 千美会 ガーデンクリニック横浜院,自己脂肪由来幹細胞を用いた変形性関節症の治療,,,,,https://saiseiiryo.mhlw.go.jp/published_plan/download/01C2107014/5/0
possible_missing,strong_msk,2,神奈川県,医療法人社団三成会　新百合ヶ丘総合病院,川崎市麻生区古沢都古255,自家多血小板血漿（Platelet-rich plasma：PRP）を用いた慢性関節炎の治療（関節内組織）,0.5545,P00194,医療法人社団梅沢医院 梅沢整形外科,自家多血小板血漿（PRP）を用いた慢性関節炎の治療,,,,,https://saiseiiryo.mhlw.go.jp/published_plan/download/01C2408062/5/0
possible_missing,strong_msk,2,神奈川県,医療法人社団三穂会　三宅整形外科小児科クリニック,横須賀市浦賀5-2-3,変形性関節症に対する多血小板血漿（ＰＲＰ）関節内投与療法,0.8285,P00193,医療法人野球医学 ベースボール＆スポーツクリニック,変形性関節症に対する多血小板血漿（PRP）関節内投与療法,,,,,https://saiseiiryo.mhlw.go.jp/published_plan/download/01C2411084/5/0
possible_missing,strong_msk,2,神奈川県,"医療法人社団優洸会
相模大野整形・形成外科","相模原市南区相模大野3-11-5
KAJIYA第2ビル4F、5F",自家培養脂肪由来幹細胞を用いた変形性膝関節症治療,0.6874,P00195,医療法人社団正順会 イノルト整形外科 藤沢院,自己脂肪由来間葉系幹細胞を用いた関節痛、変形性関節症治療,,,,,https://saiseiiryo.mhlw.go.jp/published_plan/download/01C2303043/5/0|https://saiseiiryo.mhlw.go.jp/published_plan/download/01C2303043/5/1|https://saiseiiryo.mhlw.go.jp/published_plan/download/01C2303043/5/2
possible_missing,strong_msk,2,神奈川県,"医療法人社団優洸会
相模大野整形・形成外科","相模原市南区相模大野3-11-5
KAJIYA第2ビル4F、5F",多血小板血漿を用いた変形性関節症治療,0.6612,P00194,医療法人社団梅沢医院 梅沢整形外科,自家多血小板血漿（PRP）を用いた慢性関節炎の治療,,,,,https://saiseiiryo.mhlw.go.jp/published_plan/download/01C2303044/5/0
possible_missing,strong_msk,2,神奈川県,医療法人社団快晴会　田奈整形外科・外科,横浜市青葉区田奈町15-7 第二東ビル2階,自家多血小板血漿（PRP）の投与による変形性関節症治療,0.64,P00194,医療法人社団梅沢医院 梅沢整形外科,自家多血小板血漿（PRP）を用いた慢性関節炎の治療,,,,,https://saiseiiryo.mhlw.go.jp/published_plan/download/01C2009074/5/0
possible_missing,strong_msk,2,神奈川県,医療法人社団快晴会　田奈整形外科・外科,横浜市青葉区田奈町15-7 第二東ビル2階,自家脂肪組織由来幹細胞（ASC）の投与による関節治療,0.5252,P00195,医療法人社団正順会 イノルト整形外科 藤沢院,自己脂肪由来間葉系幹細胞を用いた関節痛、変形性関節症治療,,,,,https://saiseiiryo.mhlw.go.jp/published_plan/download/02C2504042/5/0
possible_missing,strong_msk,2,神奈川県,医療法人社団慈誠会　神人整形外科クリニック,"横浜市中区伊勢佐木町６－１４６
ストーク伊勢佐木六番館１Ｆ",多血小板血漿（PRP）による変形性膝関節症治療,0.8018,P00198,横浜整形外科クリニック,多血小板血漿（PRP）による変形性関節症治療,,,,,https://saiseiiryo.mhlw.go.jp/published_plan/download/03C2305019/5/0|https://saiseiiryo.mhlw.go.jp/published_plan/download/03C2305019/5/1|https://saiseiiryo.mhlw.go.jp/published_plan/download/03C2305019/5/2
possible_missing,strong_msk,2,神奈川県,医療法人社団明和会　亀田病院,横浜市西区御所山町77番地,関節炎・変形性関節症の自己多血小板血漿（PRP）治療法,0.4984,P00194,医療法人社団梅沢医院 梅沢整形外科,自家多血小板血漿（PRP）を用いた慢性関節炎の治療,,,,,https://saiseiiryo.mhlw.go.jp/published_plan/download/01C2103001/5/0
possible_missing,strong_msk,2,神奈川県,医療法人社団活寿会 横浜ひざ関節症クリニック,横浜市西区北幸1-1-8 エキニア横浜8F 802A,脂肪組織由来幹細胞（ASC）の投与による関節治療,0.5314,P00189,医療法人社団 千美会 ガーデンクリニック横浜院,自己脂肪由来幹細胞を用いた変形性関節症の治療,,,,,https://saiseiiryo.mhlw.go.jp/published_plan/download/02C2603036/5/0
possible_missing,strong_msk,2,神奈川県,"医療法人社団耀風会
仲野整形外科スポーツ・ウェルネスクリニック",藤沢市鵠沼神明5丁目14-15,自家多血小板血漿（Platelet-Rich Plasma：PRP）を用いた慢性関節炎の治療（関節内組織）,0.5689,P00194,医療法人社団梅沢医院 梅沢整形外科,自家多血小板血漿（PRP）を用いた慢性関節炎の治療,,,,,https://saiseiiryo.mhlw.go.jp/published_plan/download/01C2411083/5/0
possible_missing,strong_msk,2,神奈川県,医療法人社団豊葉会　ザ・ヨコハマフロント・ベイサイドクリニック,横浜市神奈川区鶴屋町1丁目41 ザ・ヨコハマフロント3階,自家多血小板血漿（Platelet-Rich Plasma：PRP）を用いた慢性関節炎の治療（関節内組織）,0.4933,P00194,医療法人社団梅沢医院 梅沢整形外科,自家多血小板血漿（PRP）を用いた慢性関節炎の治療,,,,,https://saiseiiryo.mhlw.go.jp/published_plan/download/01C2605036/5/0
possible_missing,strong_msk,2,神奈川県,医療法人順正会　横浜鶴ヶ峰病院付属予防医療クリニック,横浜市旭区鶴ヶ峰2-82-1 ココロットつるがみね5階,変形性膝関節症（OA）に対する多血小板血漿（自家PRP）治療,0.6104,P00193,医療法人野球医学 ベースボール＆スポーツクリニック,変形性関節症に対する多血小板血漿（PRP）関節内投与療法,,,,,https://saiseiiryo.mhlw.go.jp/published_plan/download/01C2006014/5/0
possible_missing,strong_msk,2,神奈川県,医療法人颯成会　さいとう整形クリニック,横須賀市吉井2丁目3番3号,自家多血小板血漿（Platelet-Rich Plasma：PRP）を用いた慢性関節炎の治療（関節内組織）,0.5286,P00194,医療法人社団梅沢医院 梅沢整形外科,自家多血小板血漿（PRP）を用いた慢性関節炎の治療,,,,,https://saiseiiryo.mhlw.go.jp/published_plan/download/01C2605035/5/0
possible_missing,strong_msk,2,神奈川県,原整形外科医院,横浜市南区弘明寺町268,多血小板血漿（PRP）による変形性膝関節症治療,0.7419,P00198,横浜整形外科クリニック,多血小板血漿（PRP）による変形性関節症治療,,,,,https://saiseiiryo.mhlw.go.jp/published_plan/download/03C2412021/5/0|https://saiseiiryo.mhlw.go.jp/published_plan/download/03C2412021/5/1|https://saiseiiryo.mhlw.go.jp/published_plan/download/03C2412021/5/2
possible_missing,strong_msk,2,神奈川県,吉野整形外科,横浜市神奈川区大口通56-5 大口メディカルセンター1F,自家多血小板血漿（PRP）を用いた関節内組織損傷に対する治療,0.5773,P00194,医療法人社団梅沢医院 梅沢整形外科,自家多血小板血漿（PRP）を用いた慢性関節炎の治療,,,,,https://saiseiiryo.mhlw.go.jp/published_plan/download/01C2606028/5/0|https://saiseiiryo.mhlw.go.jp/published_plan/download/01C2606028/5/1
possible_missing,strong_msk,2,神奈川県,山下公園スパインクリニック,横浜市中区山下町30-1　パークコート山下公園２階,自家多血小板血漿（PRP）を用いた変形性関節症及び関節腔内の治療,0.5641,P00198,横浜整形外科クリニック,多血小板血漿（PRP）による変形性関節症治療,,,,,https://saiseiiryo.mhlw.go.jp/published_plan/download/02C2602044/5/0
possible_missing,strong_msk,2,神奈川県,弘明寺整形外科リハビリテーションクリニック,横浜市南区六ツ川1-81 FHCビル3階,"自家多血小板血漿（Platelet-Rich Plasma：PRP）を用いた
慢性関節炎の治療（関節内組織）",0.5211,P00202,湘南台まつえ整形外科・内科・リハビリテーションクリニック,変形性関節症を対象とした自家多血小板血漿（PRP）注入療法,,,,,https://saiseiiryo.mhlw.go.jp/published_plan/download/01C2502023/5/0
possible_missing,strong_msk,2,神奈川県,横浜市立市民病院,横浜市神奈川区三ツ沢西町１番１号,自家多血小板血漿（Platelet-rich plasma :PRP）を用いた変形性関節症に対する治療,0.5244,P00205,済生会 横浜市東部病院,多血小板血漿（PRP）の投与による変形性関節症治療,,,,,https://saiseiiryo.mhlw.go.jp/published_plan/download/02C2606088/5/0
possible_missing,broad_msk,2,神奈川県,横濱松宮整形外科リハビリテーションクリニック,横浜市中区曙町2-19-1　曙町新井ビル1F,脊髄損傷、および難治性脊髄症に対する自己脂肪由来間葉系幹細胞の静脈投与治療,0.7748,P00201,横濱松宮整形外科リハビリテーションクリニック,自己脂肪由来間葉系幹細胞を用いた変形性関節症および関節軟骨病変に対する治療,,,,,https://saiseiiryo.mhlw.go.jp/published_plan/download/01C2603072/5/0
possible_missing,strong_msk,2,神奈川県,横須賀市立市民病院,横須賀市長坂1-3-2,多血小板血漿（PRP）を用いた変形性関節症の治療,0.6084,P00205,済生会 横浜市東部病院,多血小板血漿（PRP）の投与による変形性関節症治療,,,,,https://saiseiiryo.mhlw.go.jp/published_plan/download/03C2508002/5/0
possible_missing,strong_msk,2,神奈川県,池田整形外科 形成外科・美容外科,横浜市旭区本村町101番地第7パレス桜咲2階,変形性関節症を対象とした自家多血小板血漿（PRP）注入療法,0.77,P00202,湘南台まつえ整形外科・内科・リハビリテーションクリニック,変形性関節症を対象とした自家多血小板血漿（PRP）注入療法,,,,,https://saiseiiryo.mhlw.go.jp/published_plan/download/01C2512015/5/0
possible_missing,strong_msk,2,神奈川県,社会福祉法人聖隷福祉事業団　聖隷横浜病院,横浜市保土ケ谷区岩井町２１５,多血小板血漿抽出液による関節症治療,0.8311,P00204,社会医療法人財団互恵会 大船中央病院,多血小板血漿抽出液による関節症治療,,,,,https://saiseiiryo.mhlw.go.jp/published_plan/download/03C2210001/5/0
possible_missing,strong_msk,2,神奈川県,羽沢よこはま国大整形外科リウマチ科・関節鏡クリニック,横浜市神奈川区羽沢南2-44-7 HAZAAR 4階,自家多血小板血漿（PRP）を用いた変形性関節症及び関節腔内の治療,0.6008,P00198,横浜整形外科クリニック,多血小板血漿（PRP）による変形性関節症治療,,,,,https://saiseiiryo.mhlw.go.jp/published_plan/download/01C2503019/5/0
possible_missing,strong_msk,2,神奈川県,金沢八景整形外科,"横浜市金沢区六浦1-14-12
金沢八景国際コミュニティプラザ1階104号",自家多血小板血漿（Platelet-rich plasma：PRP）を用いた慢性関節炎の治療（関節内組織）,0.5567,P00194,医療法人社団梅沢医院 梅沢整形外科,自家多血小板血漿（PRP）を用いた慢性関節炎の治療,,,,,https://saiseiiryo.mhlw.go.jp/published_plan/download/01C2403006/5/0
possible_missing,strong_msk,2,神奈川県,開成くさやま整形外科リハビリクリニック,足柄上郡開成町みなみ4-5-7,自家多血小板血漿（Platelet-Rich Plasma：PRP）を用いた慢性関節炎の治療（関節内組織）,0.5016,P00198,横浜整形外科クリニック,多血小板血漿（PRP）による変形性関節症治療,,,,,https://saiseiiryo.mhlw.go.jp/published_plan/download/01C2504023/5/0
possible_missing,strong_msk,2,神奈川県,黒河内整形外科プラウドタワー相模大野クロスクリニック,相模原市南区相模大野4丁目4番3号201,変形性関節症を対象とした自家多血小板血漿（PRP）注入療法,0.8292,P00202,湘南台まつえ整形外科・内科・リハビリテーションクリニック,変形性関節症を対象とした自家多血小板血漿（PRP）注入療法,,,,,https://saiseiiryo.mhlw.go.jp/published_plan/download/01C2603054/5/0|https://saiseiiryo.mhlw.go.jp/published_plan/download/01C2603054/5/1
possible_missing,strong_msk,2,富山県,整形外科センター西能クリニック,富山市高田71番地1,自家多血小板血漿（Platelet-rich plasma：PRP）を用いた慢性関節炎の治療（関節内組織）,,,,,,,,,https://saiseiiryo.mhlw.go.jp/published_plan/download/02D2510001/5/0
possible_missing,strong_msk,2,石川県,医療法人社団浅ノ川　浅ノ川総合病院,金沢市小坂町中83番地,変形性関節症に対する多血小板血漿抽出液（ＡＰＳ）関節内投与療法,0.3874,P00626,医療法人EKOC 東金沢整形外科クリニック,変形性関節症及び関節腔を対象とした自家多血小板血漿注入療法,,,,,https://saiseiiryo.mhlw.go.jp/published_plan/download/02D2409020/5/0|https://saiseiiryo.mhlw.go.jp/published_plan/download/02D2409020/5/1
possible_missing,strong_msk,2,石川県,特定医療法人社団勝木会　やわたメディカルセンター,小松市八幡イ１２番地７,自家多血小板血漿（Platelet-rich plasma：PRP）を用いた変形性関節症治療,0.4884,P00628,医療法人社団みやた整形外科 みやた整形外科,自家多血小板血漿（PRP）を用いた慢性関節炎の治療（関節内組織）,,,,,https://saiseiiryo.mhlw.go.jp/published_plan/download/01D2408001/5/0
possible_missing,strong_msk,2,石川県,金沢泉が丘わたなべクリニック,金沢市泉野出町４丁目１－１１,変形性関節症に対する多血小板血漿（ＰＲＰ）関節内投与療法,0.4866,P00626,医療法人EKOC 東金沢整形外科クリニック,変形性関節症及び関節腔を対象とした自家多血小板血漿注入療法,,,,,https://saiseiiryo.mhlw.go.jp/published_plan/download/03D2512001/5/0
possible_missing,strong_msk,2,山梨県,みわペイン痛みのクリニック,甲州市塩山下塩後８９０番地１,多血小板血漿（PRP）による変形性関節症治療,,,,,,,,,https://saiseiiryo.mhlw.go.jp/published_plan/download/03C2305024/5/0|https://saiseiiryo.mhlw.go.jp/published_plan/download/03C2305024/5/1|https://saiseiiryo.mhlw.go.jp/published_plan/download/03C2305024/5/2
possible_missing,strong_msk,2,山梨県,市立甲府病院,甲府市増坪町３６６番地,多血小板血漿（PRP）の投与による変形性関節症治療,,,,,,,,,https://saiseiiryo.mhlw.go.jp/published_plan/download/03C2509002/5/0
possible_missing,strong_msk,2,山梨県,東甲府医院,甲府市桜井町299,変形性関節症に対する多血小板血漿（ＰＲＰ）関節内投与療法,,,,,,,,,https://saiseiiryo.mhlw.go.jp/published_plan/download/01C2411012/5/0
possible_missing,strong_msk,2,山梨県,独立行政法人地域医療機能推進機構　山梨病院,甲府市朝日三丁目１１-１６,多血小板血漿（Platelet-rich plasma：PRP）を用いた変形性関節症治療,,,,,,,,,https://saiseiiryo.mhlw.go.jp/published_plan/download/02C2605092/5/0
possible_missing,strong_msk,2,山梨県,社会医療法人加納岩　加納岩総合病院,山梨市上神内川１３０９番地,変形性関節症および関節腔の傷害を対象とした自家多血小板血漿（PRP）注入療法,,,,,,,,,https://saiseiiryo.mhlw.go.jp/published_plan/download/01C2405028/5/0
possible_missing,strong_msk,2,長野県,長野県立信州医療センター,須坂市大字須坂1332,自家多血小板血漿（Platelet-rich plasma：PRP）を用いた慢性関節炎の治療（関節内組織）,0.489,P00658,医療法人弘仁会 かもいクリニック,自家多血小板血漿（PRP）を用いた慢性関節炎の治療（関節内組織）,,,,,https://saiseiiryo.mhlw.go.jp/published_plan/download/03C2606029/5/0
possible_missing,strong_msk,2,岐阜県,公立学校共済組合 東海中央病院,各務原市蘇原東島町４丁目６番地２,自家多血小板血漿（Platelet-rich plasma：PRP）を用いた慢性関節炎の治療（関節内組織）,0.4238,P00665,Radiant Clinic,自家多血小板血漿（PRP）を用いた慢性関節炎の治療（関節内組織）,,,,,https://saiseiiryo.mhlw.go.jp/published_plan/download/03D2510002/5/0|https://saiseiiryo.mhlw.go.jp/published_plan/download/03D2510002/5/1
possible_missing,strong_msk,2,岐阜県,医療法人ごとう整形外科,岐阜市福光南町２２−１,多血小板血漿（Platelet-rich plasma：PRP）を用いた変形性関節症治療,0.7636,P00668,医療法人ごとう整形外科,自己脂肪由来間葉系幹細胞を用いた関節痛、変形性関節症治療,,,,,https://saiseiiryo.mhlw.go.jp/published_plan/download/01D2006003/5/0
possible_missing,strong_msk,2,岐阜県,岐阜大学医学部附属病院,岐阜市柳戸 1 番 1,多血小板血漿（Platelet-rich plasma：PRP）を用いた変形性関節症治療,0.3009,P00665,Radiant Clinic,自家多血小板血漿（PRP）を用いた慢性関節炎の治療（関節内組織）,,,,,https://saiseiiryo.mhlw.go.jp/published_plan/download/02D2503010/5/0
possible_missing,strong_msk,2,三重県,"医療法人KSOC
四日市膝肩スポーツの整形外科クリニック",四日市市生桑584-4,自家多血小板血漿（Platelet-Rich Plasma：PRP）を用いた慢性関節炎の治療（関節内組織）,,,,,,,,,https://saiseiiryo.mhlw.go.jp/published_plan/download/01D2504005/5/0
possible_missing,strong_msk,2,三重県,岩崎病院,津市一身田町333番地,自家多血小板血漿（Platelet-rich plasma：PRP）を用いた慢性関節炎の治療（関節内組織）,,,,,,,,,https://saiseiiryo.mhlw.go.jp/published_plan/download/03D2207002/5/0
possible_missing,strong_msk,2,三重県,浅野整形外科内科,伊賀市比土字上ノ代３１５８番地１,自己多血小板血漿（PRP）の投与による変形性関節症の治療,,,,,,,,,https://saiseiiryo.mhlw.go.jp/published_plan/download/01D2602001/5/0
possible_missing,strong_msk,2,三重県,社会福祉法人恩賜財団済生会松阪市民病院,松阪市殿町１５５０番地,多血小板血漿（PRP）を用いた変形性関節症治療,,,,,,,,,https://saiseiiryo.mhlw.go.jp/published_plan/download/03D2606017/5/0
possible_missing,strong_msk,2,三重県,花の道　こてら整形外科クリニック,津市高野尾町1897-74,変形性関節症に対する多血小板血漿（ＰＲＰ）関節内投与療法,,,,,,,,,https://saiseiiryo.mhlw.go.jp/published_plan/download/03D2503001/5/0
possible_missing,strong_msk,2,滋賀県,"一般社団法人スピナレピオス
淡海せぼねクリニック",近江八幡市出町233-2,自家多血小板血漿（Platelet-Rich Plasma：PRP）を用いた慢性関節炎の治療（関節内組織）,0.5705,P00366,医療法人翠蓮会 とがの整形外科クリニック,自家多血小板血漿（PRP）を用いた慢性関節炎の治療（関節内組織）,,,,,https://saiseiiryo.mhlw.go.jp/published_plan/download/01E2408020/5/0
possible_missing,strong_msk,2,滋賀県,東近江市立能登川病院,東近江市猪子町191,変形性関節症に対する多血小板血漿（ＰＲＰ）関節内投与療法,0.66,P00365,医療法人はたスポーツ整形クリニック,変形性関節症に対する多血小板血漿（PRP）関節内投与療法,,,,,https://saiseiiryo.mhlw.go.jp/published_plan/download/01E2405012/5/0
possible_missing,strong_msk,2,滋賀県,長浜赤十字病院,長浜市宮前町14番7号,多血小板血漿（Platelet-rich plasma：PRP）を用いた変形性関節症治療,0.4363,P00364,公立甲賀病院,自家多血小板血漿（PRP）を用いた慢性関節炎の治療（関節内組織）,,,,,https://saiseiiryo.mhlw.go.jp/published_plan/download/03E2607012/5/0
possible_missing,strong_msk,2,京都府,Clinique Haru Kyoto,京都市下京区烏丸通塩小路下る東塩小路町901番地 京都駅ビル内ホテルグランヴィア京都6階,変形性関節症に対する自己脂肪組織由来間葉系間質細胞投与療法,0.6087,P00368,一般社団法人日生会 CELL CLINIC KYOTO,変形性関節症に対する自己脂肪由来幹細胞を用いた治療,,,,,https://saiseiiryo.mhlw.go.jp/published_plan/download/01E2605013/5/0
possible_missing,strong_msk,2,京都府,Clinique Haru Kyoto,京都市下京区烏丸通塩小路下る東塩小路町901番地  京都駅ビル内 ホテルグランヴィア京都6階,整形外科領域における外傷性疾患又は変性疾患による慢性疼痛緩和を目的とした自己脂肪組織由来間葉系間質細胞の静脈点滴治療,0.4106,P00369,一般社団法人日生会 CELL CLINIC KYOTO,慢性疼痛に対する自己脂肪由来幹細胞による治療,,,,,https://saiseiiryo.mhlw.go.jp/published_plan/download/01E2605017/5/0
possible_missing,strong_msk,2,京都府,Clinique Haru Kyoto,京都市下京区烏丸通塩小路下る東塩小路町901番地 京都駅ビル内 ホテルグランヴィア京都6階,変形性関節症・関節炎に対する多血小板血漿(PRP)投与療法,0.4562,P00368,一般社団法人日生会 CELL CLINIC KYOTO,変形性関節症に対する自己脂肪由来幹細胞を用いた治療,,,,,https://saiseiiryo.mhlw.go.jp/published_plan/download/01E2605018/5/0|https://saiseiiryo.mhlw.go.jp/published_plan/download/01E2605018/5/1
possible_missing,strong_msk,2,京都府,医療法人藍整会　なか整形外科　京都西院リハビリテーションクリニック,京都市右京区西院高山寺町13　西院阪急ビル3F,多血小板血漿による関節症治療,0.5829,P00370,医療法人いちまる整形外科クリニック,多血小板血漿を用いた整形外科疾患に対する関節内治療,,,,,https://saiseiiryo.mhlw.go.jp/published_plan/download/03E2603014/5/0
possible_missing,strong_msk,2,京都府,医療法人財団康生会 たけだ膠原病リウマチクリニック,"京都市下京区東洞院通七条下る二丁目東塩小路町606-3 
三旺京都駅前ビル1階",自家脂肪組織由来の培養間葉系幹細胞を用いた変形性膝関節症の治療,0.693,P00781,医療法人社団 医献会 サーチュインクリニック京都院,自己脂肪組織由来幹細胞を用いた変形性関節症の治療,,,,,https://saiseiiryo.mhlw.go.jp/published_plan/download/03E2507006/5/0
possible_missing,strong_msk,2,京都府,医療法人財団康生会 たけだ膠原病リウマチクリニック,京都市下京区東洞院通七条下る二丁目東塩小路町606-3 三旺京都駅前ビル1階,自家多血小板血漿（Platelet-rich plasma：PRP）を用いた慢性関節炎の治療（関節内組織）,0.6213,P00782,医療法人社団千春会 千春会ハイパーサーミアクリニック,自家多血小板血漿（PRP）を用いた慢性関節炎の治療（関節内組織）,,,,,https://saiseiiryo.mhlw.go.jp/published_plan/download/03E2507007/5/0
possible_missing,strong_msk,2,大阪府,医療法人社団　彦星会　大阪中之島整形外科,大阪市北区中之島四丁目3番51号　NakanoshimaQross４階,自己脂肪由来幹細胞を用いた変形性関節症の治療,0.836,P00830,医療法人幸永会 RPT大阪クリニック,自己脂肪由来幹細胞を用いた変形性関節症の治療,,,,,https://saiseiiryo.mhlw.go.jp/published_plan/download/01E2312020/5/0
possible_missing,strong_msk,2,大阪府,AC PLUS CLINIC,"大阪市中央区北久宝寺町2丁目1番3号
日本細胞ビル3, 4, 5, 7階",自家脂肪組織由来幹細胞（ASC）の局所投与による関節治療,0.471,P00785,ReO CLINIC,変形性関節症に対する自己脂肪由来幹細胞を用いた治療,,,,,https://saiseiiryo.mhlw.go.jp/published_plan/download/01E2505021/5/0
possible_missing,strong_msk,2,大阪府,AC PLUS CLINIC,"大阪市中央区北久宝寺町2丁目1番3号
日本細胞ビル3, 4, 5, 7階",自家脂肪組織由来幹細胞（ASC）の静脈内投与による慢性筋骨格系疼痛治療,0.4511,P00388,医療法人香華会 Re:Born Clinic 大阪院,自己脂肪由来幹細胞を用いた慢性疼痛の治療,,,,,https://saiseiiryo.mhlw.go.jp/published_plan/download/01E2505022/5/0
possible_missing,strong_msk,2,大阪府,AC PLUS CLINIC,"大阪市中央区北久宝寺町2-1-3日本細胞ビル3,4,5,7階",自家脂肪組織由来幹細胞（ASC）の局所投与による関節治療,0.471,P00785,ReO CLINIC,変形性関節症に対する自己脂肪由来幹細胞を用いた治療,,,,,https://saiseiiryo.mhlw.go.jp/published_plan/download/01E2509011/5/0
possible_missing,strong_msk,2,大阪府,AC PLUS CLINIC,"大阪市中央区北久宝寺町2丁目1-3日本細胞ビル3,4,5,7階",自家脂肪組織由来幹細胞（ASC）の静脈内投与による慢性筋骨格系疼痛治療,0.4511,P00388,医療法人香華会 Re:Born Clinic 大阪院,自己脂肪由来幹細胞を用いた慢性疼痛の治療,,,,,https://saiseiiryo.mhlw.go.jp/published_plan/download/01E2510027/5/0
possible_missing,strong_msk,2,大阪府,CELL GRAND CLINIC,大阪市中央区西心斎橋２丁目3-2 御堂筋ミナミビル４階,変形性関節症に対する多血小板血漿（ＰＲＰ）関節内投与療法,0.66,P00791,ひらまつ整形外科 難波膝スポーツクリニック,変形性関節症に対する多血小板血漿（PRP）関節内投与療法,,,,,https://saiseiiryo.mhlw.go.jp/published_plan/download/01E2502004/5/0
possible_missing,strong_msk,2,大阪府,CELL GRAND CLINIC,大阪市中央区西心斎橋２丁目3-2 御堂筋ミナミビル４階,膝関節症に対する自己脂肪由来幹細胞による治療,0.6856,P00785,ReO CLINIC,変形性関節症に対する自己脂肪由来幹細胞を用いた治療,,,,,https://saiseiiryo.mhlw.go.jp/published_plan/download/01E2602015/5/0|https://saiseiiryo.mhlw.go.jp/published_plan/download/01E2602015/5/1
possible_missing,strong_msk,2,大阪府,医療法人Nクリニック,岸和田市別所町3-10-10,脂肪幹細胞を用いた変形性関節症に対する再生医療,0.7304,P00799,医療法人Nクリニック,多血小板血漿（PRP）の投与による変形性関節症治療,,,,,https://saiseiiryo.mhlw.go.jp/published_plan/download/02E2401006/5/0
possible_missing,strong_msk,2,大阪府,医療法人Nクリニック,岸和田市別所町3-10-10,脂肪由来間葉系間質細胞を用いた腱板、腱、靭帯、筋および周辺組織の治療,0.643,P00799,医療法人Nクリニック,多血小板血漿（PRP）の投与による変形性関節症治療,,,,,https://saiseiiryo.mhlw.go.jp/published_plan/download/01E2510014/5/0
possible_missing,strong_msk,2,大阪府,医療法人Nクリニック　本町Nクリニック,大阪市西区西本町一丁目４番１号オリックス本町ビル２階,脂肪幹細胞を用いた変形性関節症に対する再生医療,0.6307,P00832,医療法人社団千美会 ガーデンクリニック ザ・ホワイトデンタルクリニック大阪院,自己脂肪由来幹細胞を用いた変形性関節症の治療,,,,,https://saiseiiryo.mhlw.go.jp/published_plan/download/02E2508013/5/0
possible_missing,strong_msk,2,大阪府,医療法人Nクリニック　本町Nクリニック,大阪市西区西本町一丁目４番１号オリックス本町ビル２階,変形性関節症に対する多血小板血漿を用いた再生医療,0.5892,P00805,医療法人 厚心会 まつかわ整形外科クリニック,変形性関節症に対する多血小板血漿（PRP）関節内投与療法,,,,,https://saiseiiryo.mhlw.go.jp/published_plan/download/02E2508014/5/0
possible_missing,strong_msk,2,大阪府,医療法人Nクリニック　本町Nクリニック,大阪市西区西本町一丁目４番１号オリックス 本町ビル２階,脂肪由来間葉系間質細胞を用いた腱板、腱、靭帯、筋および周辺組織の治療,0.5255,P00831,医療法人社団医進会大阪小田クリニック,自己脂肪由来間葉系幹細胞を用いた変形性関節症治療,,,,,https://saiseiiryo.mhlw.go.jp/published_plan/download/01E2510012/5/0
possible_missing,strong_msk,2,大阪府,医療法人信生会 Rクリニック,"大阪市中央区南船場4丁目5番8号　
ラスターオン心斎橋ビル4階",膝関節症に対する自己脂肪由来幹細胞による治療,0.7432,P00807,医療法人 輝鳳会 新大阪クリニック,変形性関節症に対する自己脂肪由来幹細胞を用いた治療,,,,,https://saiseiiryo.mhlw.go.jp/published_plan/download/01E2606017/5/0|https://saiseiiryo.mhlw.go.jp/published_plan/download/01E2606017/5/1
possible_missing,strong_msk,2,大阪府,医療法人再生会　そばじまクリニック,"東大阪市荒本北2-2-6　クリニックコート東野1F,2F,3F",腱損傷に対する自家脂肪組織由来細胞群による疼痛緩和治療,0.7748,P00817,医療法人再生会そばじまクリニック ニューオータニ大阪院,変形性関節症に対する自家脂肪組織由来細胞群による疼痛緩和治療（ただし、手指及び脊柱を除く）,,,,,https://saiseiiryo.mhlw.go.jp/published_plan/download/01E2304028/5/0
possible_missing,strong_msk,2,大阪府,医療法人想千あわ整形外科クリニック,大阪市西区新町4-6-23　OASISクリニックモール2F,自家多血小板血漿（Platelet-rich plasma：PRP）を用いた慢性関節炎の治療（関節内組織）,0.7066,P00414,都島整形外科クリニック,自家多血小板血漿（PRP）を用いた慢性関節炎の治療（関節内組織）,,,,,https://saiseiiryo.mhlw.go.jp/published_plan/download/03E2404012/5/0
possible_missing,strong_msk,2,大阪府,医療法人新和会　朝田整形外科,河内長野市西之山町10-29,変形性関節症に対する多血小板血漿を用いた再生医療,0.6539,P00385,医療法人讃高会 枚方東整形外科病院,変形性関節症に対する多血小板血漿（PRP）関節内投与療法,,,,,https://saiseiiryo.mhlw.go.jp/published_plan/download/01E2302007/5/0
possible_missing,strong_msk,2,大阪府,医療法人桂礼会 小阪医院,東大阪市小阪本町一丁目9番13号,自家多血小板血漿（Platelet-rich plasma：PRP）を用いた慢性関節炎の治療（関節内組織）,0.6438,P00822,医療法人医進会 高石加茂病院,自家多血小板血漿（PRP）を用いた慢性関節炎の治療（関節内組織）,,,,,https://saiseiiryo.mhlw.go.jp/published_plan/download/01E2408019/5/0
possible_missing,strong_msk,2,大阪府,医療法人桜希会 東朋八尾健診クリニック,八尾市光町1丁目26番地 メルベーユ光町 101,変形性膝関節症に対する多血小板血漿関節内注射治療,0.6796,P00805,医療法人 厚心会 まつかわ整形外科クリニック,変形性関節症に対する多血小板血漿（PRP）関節内投与療法,,,,,https://saiseiiryo.mhlw.go.jp/published_plan/download/03E2405011/5/0
possible_missing,broad_msk,2,大阪府,"医療法人槻陽会
高槻整形外科・再生医療クリニック",⾼槻市城北町2丁⽬2-3 リュドール⾼槻4階,自己脂肪由来幹細胞を用いたフレイルおよびプレフレイルの治療（アンチエイジング療法）,0.5194,P00830,医療法人幸永会 RPT大阪クリニック,自己脂肪由来幹細胞を用いた変形性関節症の治療,,,,,https://saiseiiryo.mhlw.go.jp/published_plan/download/01E2603001/5/0|https://saiseiiryo.mhlw.go.jp/published_plan/download/01E2603001/5/1
possible_missing,strong_msk,2,大阪府,"医療法人槻陽会
高槻整形外科・再生医療クリニック",⾼槻市城北町2丁⽬2-3 リュドール⾼槻4階,自己脂肪由来幹細胞を用いた関節疾患の治療,0.7056,P00830,医療法人幸永会 RPT大阪クリニック,自己脂肪由来幹細胞を用いた変形性関節症の治療,,,,,https://saiseiiryo.mhlw.go.jp/published_plan/download/01E2603003/5/0|https://saiseiiryo.mhlw.go.jp/published_plan/download/01E2603003/5/1
possible_missing,strong_msk,2,大阪府,医療法人永仁会　千里ペインクリニック,豊中市少路1丁目7番18号 アマニカス1階,慢性疼痛症に対する自己脂肪由来幹細胞の関節腔内投与による治療,0.6212,P00807,医療法人 輝鳳会 新大阪クリニック,変形性関節症に対する自己脂肪由来幹細胞を用いた治療,,,,,https://saiseiiryo.mhlw.go.jp/published_plan/download/01E2501002/5/0
possible_missing,strong_msk,2,大阪府,医療法人生樹会　渡辺病院,大阪市西成区天下茶屋１丁目１５−１,変形性関節症を対象とした多血小板血漿Platelet Rich Plasma（PRP）注入療法,0.5203,P00385,医療法人讃高会 枚方東整形外科病院,変形性関節症に対する多血小板血漿（PRP）関節内投与療法,,,,,https://saiseiiryo.mhlw.go.jp/published_plan/download/01E2412014/5/0
possible_missing,strong_msk,2,大阪府,医療法人社団　彦星会　大阪中之島整形外科,大阪市北区中之島四丁目3番51号　NakanoshimaQross４階,自家培養軟骨細胞（ACC）を用いた移植による低侵襲膝関節軟骨再生治療,0.7368,P00833,医療法人社団彦星会 大阪中之島整形外科,自家多血小板血漿（PRP）の投与による変形性関節症治療,,,,,https://saiseiiryo.mhlw.go.jp/published_plan/download/01E2408024/5/0
possible_missing,strong_msk,2,大阪府,医療法人社団活寿会 活寿会記念クリニック中之島,"大阪市北区中之島4丁目3-51
Nakanoshima Qross 未来医療MEDセンター2階",自家脂肪組織由来幹細胞（ASC）の投与による関節治療,0.544,P00831,医療法人社団医進会大阪小田クリニック,自己脂肪由来間葉系幹細胞を用いた変形性関節症治療,,,,,https://saiseiiryo.mhlw.go.jp/published_plan/download/02E2602004/5/0
possible_missing,strong_msk,2,大阪府,医療法人社団美咲会 えびえ記念病院,大阪市福島区海老江二丁目１番３６号,変形性関節症および関節腔の傷害を対象とした自家多血小板血漿（PRP）注入療法,0.6119,P00384,医療法人誠幸会 わだ整形外科クリニック,変形性関節症及び関節腔を対象とした自家多血小板血漿注入療法,,,,,https://saiseiiryo.mhlw.go.jp/published_plan/download/02E2508017/5/0
possible_missing,strong_msk,2,大阪府,"医療法人良耕会
村尾診療所",岸和田市土生町2丁目15-51,自家多血小板血漿（Platelet-Rich Plasma：PRP）を用いた慢性関節炎の治療（関節内組織）,0.6946,P00827,医療法人慶春会 福永記念診療所,自家多血小板血漿（PRP）を用いた慢性関節炎の治療（関節内組織）,,,,,https://saiseiiryo.mhlw.go.jp/published_plan/download/01E2503001/5/0
possible_missing,strong_msk,2,大阪府,医療法人良花会 整形外科とくはらクリニック,大阪市鶴見区横堤三丁目6番40号 道端ビル,自家多血小板血漿(Platelet rich plasma:PRP)を用いた関節機能改善治療,0.5705,P00797,医療法人 井上クリニック,自己多血小板血漿（PRP）を用いた変形性関節症治療,,,,,https://saiseiiryo.mhlw.go.jp/published_plan/download/01E2004008/5/0
possible_missing,strong_msk,2,大阪府,吹田くわた内科・ペインクリニック,吹田市新芦屋下6-7吹田新芦屋クリニックビル3F,変形性関節症に対する多血小板血漿（ＰＲＰ）関節内投与療法,0.836,P00805,医療法人 厚心会 まつかわ整形外科クリニック,変形性関節症に対する多血小板血漿（PRP）関節内投与療法,,,,,https://saiseiiryo.mhlw.go.jp/published_plan/download/01E2505012/5/0|https://saiseiiryo.mhlw.go.jp/published_plan/download/01E2505012/5/1
possible_missing,strong_msk,2,大阪府,堂島ライフケアクリニック,"大阪市北区曽根崎新地１丁目3-16
京富ビル４04号室",自己脂肪由来幹細胞を用いた変形性関節症の治療,0.836,P00858,医療法人美喜有会 リペアセルクリニック,自己脂肪由来幹細胞を用いた変形性関節症の治療,,,,,https://saiseiiryo.mhlw.go.jp/published_plan/download/01E2409003/5/0
possible_missing,strong_msk,2,大阪府,大阪市立総合医療センター,大阪市都島区都島本通二丁目13番22号,自家多血小板血漿（Platelet-rich plasma：PRP）を用いた慢性関節炎の治療（関節内組織）,0.5118,P00386,医療法人酒井会 さかいペインクリニック,自家多血小板血漿（PRP）を用いた慢性関節炎の治療（関節内組織）,,,,,https://saiseiiryo.mhlw.go.jp/published_plan/download/03E2604001/5/0
possible_missing,strong_msk,2,大阪府,大阪梅田セルクリニック,"大阪市北区梅田1丁目11-4大阪駅前
第4ビル2F 34-2号室",多血小板血漿を用いた変形性関節症治療,0.7314,P00836,リセリングクリニック,自己多血小板血漿（PRP）を用いた変形性膝関節症治療,,,,,https://saiseiiryo.mhlw.go.jp/published_plan/download/02E2309002/5/0
possible_missing,strong_msk,2,大阪府,大阪梅田セルクリニック,"大阪市北区梅田1丁目11-4
大阪駅前第4ビル2F 34-2号室",自家培養脂肪由来幹細胞を用いた変形性膝関節症治療,0.7367,P00415,都島整形外科クリニック,自家培養脂肪由来幹細胞を用いた変形性関節症の治療,,,,,https://saiseiiryo.mhlw.go.jp/published_plan/download/02E2310001/5/0|https://saiseiiryo.mhlw.go.jp/published_plan/download/02E2310001/5/1
possible_missing,strong_msk,2,大阪府,大阪梅田セルクリニック,大阪市北区梅田1-11-4大阪駅前第4ビル2階34-2号室,自家脂肪組織由来幹細胞（ASC）の投与による関節治療,0.5687,P00784,ISクリニック,脂肪組織由来幹細胞（adipose-derived mesenchymal stem cell）の投与による関節治療,,,,,https://saiseiiryo.mhlw.go.jp/published_plan/download/02E2602002/5/0
possible_missing,strong_msk,2,大阪府,高槻整形外科・再生医療クリニック,⾼槻市城北町2-2-3 リュドール⾼槻４階,自己多血小板血漿(PRP)の投与による変形性関節症の治療,0.7721,P00799,医療法人Nクリニック,多血小板血漿（PRP）の投与による変形性関節症治療,,,,,https://saiseiiryo.mhlw.go.jp/published_plan/download/01E2604026/5/0
possible_missing,strong_msk,2,大阪府,ＣＡＳＡクリニック,大阪市中央区西心斎橋一丁目5番5号アーバンＢＬＤ心斎橋7階,変形性関節症に対する自己脂肪組織由来幹細胞を用いた治療,0.8171,P00814,一般社団法人澄佳会 松山淳記念クリニック,変形性関節症に対する自己脂肪組織由来幹細胞を用いた治療,,,,,https://saiseiiryo.mhlw.go.jp/published_plan/download/01E2508012/5/0|https://saiseiiryo.mhlw.go.jp/published_plan/download/01E2508012/5/1
possible_missing,strong_msk,2,兵庫県,SAクリニック,神戸市中央区元町通1丁目4番12号403号室,自家培養脂肪由来幹細胞を用いた関節系疾患に対する治療,0.6433,P00848,医療法人社団甲南回生 松本クリニック,自家培養脂肪由来幹細胞を用いた整形外科疾患に対する関節内治療,,,,,https://saiseiiryo.mhlw.go.jp/published_plan/download/01E2603017/5/0|https://saiseiiryo.mhlw.go.jp/published_plan/download/01E2603017/5/1
possible_missing,strong_msk,2,兵庫県,「夢」整形外科スポーツクリニック,姫路市大津区平松131,変形性関節症に対する自己滑膜由来培養間葉系幹細胞の関節内投与療法,0.6892,P00437,藤田整形外科 スポーツクリニック,慢性関節症に対する多血小板血漿（PRP）関節内投与療法,,,,,https://saiseiiryo.mhlw.go.jp/published_plan/download/01E2602008/5/0|https://saiseiiryo.mhlw.go.jp/published_plan/download/01E2602008/5/1
possible_missing,strong_msk,2,兵庫県,ささき整形外科リハビリクリニック,芦屋市海洋町6-1,自己脂肪由来幹細胞を用いた関節疾患の治療,0.6413,P00837,ふどう整形外科クリニック,自己脂肪由来間葉系幹細胞の関節内投与による整形外科疾患の治療,,,,,https://saiseiiryo.mhlw.go.jp/published_plan/download/01E2603008/5/0
possible_missing,strong_msk,2,兵庫県,ささき整形外科リハビリクリニック,芦屋市海洋町6-1,自家多血小板血漿（Platelet-Rich Plasma：PRP）を用いた慢性関節炎の治療（関節内組織）,0.7171,P00841,三輪整形外科クリニック,自家多血小板血漿（PRP）を用いた慢性関節炎の治療（関節内組織）,,,,,https://saiseiiryo.mhlw.go.jp/published_plan/download/01E2603009/5/0
possible_missing,strong_msk,2,兵庫県,たちはら整形外科・肩とスポーツのクリニック,明石市大蔵天神町5-16,自家多血小板血漿（Platelet-rich plasma：PRP）を用いた慢性関節炎の治療（関節内組織）,0.7506,P00854,芦屋整形外科スポーツクリニック,自家多血小板血漿（PRP）を用いた慢性関節炎の治療（関節内組織）,,,,,https://saiseiiryo.mhlw.go.jp/published_plan/download/01E2402024/5/0
possible_missing,strong_msk,2,兵庫県,医療法人財団　神戸海星病院,神戸市灘区篠原北町3丁目11番15号,多血小板血漿（PRP）の投与による変形性関節症治療,0.7203,P00844,医療法人社団 中神クリニック,多血小板血漿（PRP）による変形性膝関節症治療,,,,,https://saiseiiryo.mhlw.go.jp/published_plan/download/02E2504008/5/0|https://saiseiiryo.mhlw.go.jp/published_plan/download/02E2504008/5/1|https://saiseiiryo.mhlw.go.jp/published_plan/download/02E2504008/5/2|https://saiseiiryo.mhlw.go.jp/published_plan/download/02E2504008/5/3
possible_missing,strong_msk,2,和歌山県,社会医療法人黎明会　北出病院,御坊市湯川町財部728‐4,多血小板血漿（Platelet-rich plasma：PRP）を用いた変形性関節症治療,0.6289,P00459,医療法人たちばな会 西岡病院,多血小板血漿（PRP）を用いた変形性関節症治療,,,,,https://saiseiiryo.mhlw.go.jp/published_plan/download/02E2507042/5/0
possible_missing,strong_msk,2,和歌山県,社会医療法人黎明会　北出病院,御坊市湯川町財部728-4,自家培養脂肪由来幹細胞を用いた変形性膝関節症治療,0.6745,P00463,医療法人須佐病院,脂肪幹細胞を用いた変形性関節症に対する治療,,,,,https://saiseiiryo.mhlw.go.jp/published_plan/download/02E2509003/5/0|https://saiseiiryo.mhlw.go.jp/published_plan/download/02E2509003/5/1
possible_missing,strong_msk,2,和歌山県,社会医療法人黎明会　和歌山 健診クリニック・キタデ,和歌山市七番丁２６－１　モンティグレ ダイワロイネットホテル和歌山　２F,自家多血小板血漿（Platelet-Rich Plasma：PRP）を用いた慢性関節炎の治療（関節内組織）,0.6333,P00461,医療法人琉憲会 ナカイマ整形外科クリニック,自家多血小板血漿（PRP）を用いた慢性関節炎の治療（関節内組織）,,,,,https://saiseiiryo.mhlw.go.jp/published_plan/download/01E2509005/5/0
possible_missing,strong_msk,2,和歌山県,社会医療法人黎明会　和歌山 健診クリニック・キタデ,和歌山市七番丁26-1　モンティグレ（ダイワロイネットホテル和歌山）2階,自己脂肪由来間葉系幹細胞を用いた変形性関節症治療,0.5404,P00463,医療法人須佐病院,脂肪幹細胞を用いた変形性関節症に対する治療,,,,,https://saiseiiryo.mhlw.go.jp/published_plan/download/01E2511014/5/0
possible_missing,strong_msk,2,和歌山県,社会医療法人黎明会　和歌山 健診クリニック・キタデ,和歌山市七番丁26-1　モンティグレ（ダイワロイネットホテル和歌山）2階,自己脂肪由来間葉系幹細胞を用いた靭帯・腱損傷治療,0.3973,P00463,医療法人須佐病院,脂肪幹細胞を用いた変形性関節症に対する治療,,,,,https://saiseiiryo.mhlw.go.jp/published_plan/download/01E2511020/5/0
possible_missing,strong_msk,2,和歌山県,"社会福祉法人琴の浦リハビリテイションセンター　　
琴の浦リハビリテーションセンター附属病院",和歌山市毛見字馬瀬1451番地,変形性関節症および関節腔の傷害を対象とした自家多血小板血漿（PRP）注入療法,0.5114,P00460,医療法人優真会 やなせ整形外科,変形性関節症を対象とした自家多血小板血漿（PRP）注入療法,,,,,https://saiseiiryo.mhlw.go.jp/published_plan/download/01E2402018/5/0
possible_missing,strong_msk,2,岡山県,医療法人社団きびじ整形外科・内科・リハビリクリニック,総社市岡谷337番1,変形性関節症を対象とした自家多血小板血漿（PRP）注入療法,0.4227,P00474,あゆみ整形ハンドクリニック,自己多血小板血漿（PRP）の投与による変形性関節症の治療,,,,,https://saiseiiryo.mhlw.go.jp/published_plan/download/01F2601001/5/0
possible_missing,strong_msk,2,岡山県,医療法人社団河合会 新倉敷メディカルスクエア,倉敷市玉島1719,多血小板血漿（PRP）の投与による変形性関節症治療,0.5516,P00474,あゆみ整形ハンドクリニック,自己多血小板血漿（PRP）の投与による変形性関節症の治療,,,,,https://saiseiiryo.mhlw.go.jp/published_plan/download/02F1910016/5/0
possible_missing,strong_msk,2,山口県,医療法人社団季朋会 王司病院,下関市王司本町一丁目18番27号,自家脂肪組織由来幹細胞（ASC）の投与による関節治療,0.3469,P00497,医療法人社団 宇部興産中央病院,自家多血小板血漿（PRP）を用いた慢性関節炎の治療（関節内組織）,,,,,https://saiseiiryo.mhlw.go.jp/published_plan/download/02F2410003/5/0
possible_missing,strong_msk,2,山口県,医療法人社団季朋会 王司病院,下関市王司本町一丁目18番27号,自家多血小板血漿（PRP）の投与による変形性関節症治療,0.5989,P00497,医療法人社団 宇部興産中央病院,自家多血小板血漿（PRP）を用いた慢性関節炎の治療（関節内組織）,,,,,https://saiseiiryo.mhlw.go.jp/published_plan/download/02F2410006/5/0
possible_missing,strong_msk,2,愛媛県,住友別子病院,新居浜市王子町3番1号,自家多血小板血漿（Platelet-rich plasma：PRP）を用いた慢性関節炎の治療（関節内組織）,0.5495,P00524,医療法人 鎌野病院,自家多血小板血漿（PRP）を用いた慢性関節炎の治療（関節内組織）,,,,,https://saiseiiryo.mhlw.go.jp/published_plan/download/01F2212003/5/0
possible_missing,strong_msk,2,愛媛県,愛媛大学医学部附属病院,東温市志津川,多血小板血漿（Platelet-rich plasma：PRP）を用いた変形性関節症治療,0.4863,P00528,社会医療法人石川記念会 HITO病院,多血小板血漿（PRP）を用いた変形性関節症治療,,,,,https://saiseiiryo.mhlw.go.jp/published_plan/download/03F2604001/5/0
possible_missing,strong_msk,2,高知県,医療法人 高尚会 川田整形外科,土佐市高岡町甲920番地1,自家多血小板血漿（Platelet-rich plasma：PRP）を用いた慢性関節炎の治療（関節内組織）,0.3785,P00538,独立行政法人地域医療機能推進機構 高知西病院,多血小板血漿（PRP）を用いた変形性関節症治療,,,,,https://saiseiiryo.mhlw.go.jp/published_plan/download/01F2106008/5/0
possible_missing,strong_msk,2,高知県,芸西オルソクリニック,安芸郡芸西村和食甲1495-1,自家多血小板血漿（Platelet-rich plasma：PRP）を用いた慢性関節炎の治療（関節内組織）,0.3293,P00538,独立行政法人地域医療機能推進機構 高知西病院,多血小板血漿（PRP）を用いた変形性関節症治療,,,,,https://saiseiiryo.mhlw.go.jp/published_plan/download/01F2106010/5/0
possible_missing,strong_msk,2,福岡県,Tenjin Toya Clinic,福岡市中央区渡辺通五丁目24番32号　FPG links TENJIN MINAMI 5階,変形性関節症に対する脂肪組織由来幹細胞移植治療,0.4383,P00567,Re:Born Clinic 本院,自家多血小板血漿を用いた変形性関節症の治療,,,,,https://saiseiiryo.mhlw.go.jp/published_plan/download/01G2506020/5/0
possible_missing,strong_msk,2,福岡県,Tenjin Toya Clinic,福岡市中央区渡辺通五丁目24番32号　FPG links TENJIN MINAMI 5階,多血小板血漿（PRP）を用いた変形性関節症・関節炎治療,0.6827,P00567,Re:Born Clinic 本院,自家多血小板血漿を用いた変形性関節症の治療,,,,,https://saiseiiryo.mhlw.go.jp/published_plan/download/01G2508001/5/0
possible_missing,strong_msk,2,福岡県,Tenjin Toya Clinic,福岡市中央区渡辺通五丁目24番32号 FPG links TENJIN MINAMI 5階,変形性関節症に対する微小細断脂肪組織片を用いた疼痛緩和治療,0.4139,P00567,Re:Born Clinic 本院,自家多血小板血漿を用いた変形性関節症の治療,,,,,https://saiseiiryo.mhlw.go.jp/published_plan/download/01G2508005/5/0
possible_missing,strong_msk,2,福岡県,ガーデンクリニック 福岡院,福岡市中央区大名一丁目15番35号 247ビル5階,自家多血小板血漿（Platelet-rich plasma：PRP）を用いた慢性関節炎の治療（関節内組織）,0.8027,P00882,医療法人TSC タケダスポーツ・ビューティークリニック,自家多血小板血漿（Platelet-rich plasma：PRP）を用いた慢性関節炎の治療（関節内組織）,,,,,https://saiseiiryo.mhlw.go.jp/published_plan/download/03G2408001/5/0
possible_missing,strong_msk,2,福岡県,シンセルクリニック福岡院,福岡市博多区博多駅前２丁目５−９ 歯臓ビル 3F,自己脂肪由来幹細胞を用いた変形性関節症の治療,0.6969,P00553,うらはし整形外科クリニック,自家脂肪由来幹細胞を用いた変形性関節症治療,,,,,https://saiseiiryo.mhlw.go.jp/published_plan/download/01G2604009/5/0
possible_missing,strong_msk,2,福岡県,セルメディカルチームジャパン,"福岡市博多区博多駅前3丁目30-15
ライオンズマンション博多1階",脂肪組織由来再生（幹）細胞（ADRC)を用いた変形性関節症に対する治療,0.7247,P00547,医療法人再生会 セルメディカルチームジャパン,自家脂肪組織由来の培養間葉系幹細胞を用いた関節疾患の治療,,,,,https://saiseiiryo.mhlw.go.jp/published_plan/download/03G2411009/5/0
possible_missing,strong_msk,2,福岡県,ヴィヴィアン美容クリニック,福岡市中央区大名2-6-39 ジラソーレビル8F,自己脂肪由来幹細胞を用いた変形性関節症の治療,0.6902,P00553,うらはし整形外科クリニック,自家脂肪由来幹細胞を用いた変形性関節症治療,,,,,https://saiseiiryo.mhlw.go.jp/published_plan/download/02G2310004/5/0|https://saiseiiryo.mhlw.go.jp/published_plan/download/02G2310004/5/1
possible_missing,strong_msk,2,福岡県,"一般社団法人センチュリー再生医療機構
ザ センチュリークリニック",朝倉市板屋2番地1,脂肪組織由来再生(幹)細胞を含む間質血管細胞群(SVF)を用いた変形性関節症に対する治療(LipoCube版),0.4063,P00553,うらはし整形外科クリニック,自家脂肪由来幹細胞を用いた変形性関節症治療,,,,,https://saiseiiryo.mhlw.go.jp/published_plan/download/02G2604007/5/0
possible_missing,strong_msk,2,福岡県,"一般社団法人センチュリー再生医療機構 
ザ センチュリークリニック",朝倉市板屋2番地1,自己脂肪由来幹細胞を用いた変形性関節症の治療,0.66,P00565,Re:Born Clinic 本院,自己脂肪由来幹細胞を用いた変形性関節症の治療,,,,,https://saiseiiryo.mhlw.go.jp/published_plan/download/03G2603007/5/0
possible_missing,strong_msk,2,福岡県,医療法人 おおしま整形外科,朝倉市甘木2072-1,自己脂肪由来幹細胞を用いた変形性関節症の治療,0.6969,P00553,うらはし整形外科クリニック,自家脂肪由来幹細胞を用いた変形性関節症治療,,,,,https://saiseiiryo.mhlw.go.jp/published_plan/download/02G2201001/5/0
possible_missing,broad_msk,2,福岡県,医療法人 おおしま整形外科,朝倉市甘木2072-1,自己脂肪由来幹細胞を用いた慢性疼痛の治療,0.5858,P00553,うらはし整形外科クリニック,自家脂肪由来幹細胞を用いた変形性関節症治療,,,,,https://saiseiiryo.mhlw.go.jp/published_plan/download/02G2201004/5/0
possible_missing,strong_msk,2,福岡県,医療法人 同信会 福岡整形外科病院,福岡市南区柳河内2-10-50,多血小板血漿（PRP）の投与による変形性関節症治療,0.4712,P00570,櫛田学整形外科クリニック,自家多血小板血漿（PRP）を用いた慢性関節炎の治療,,,,,https://saiseiiryo.mhlw.go.jp/published_plan/download/02G2503005/5/0
possible_missing,strong_msk,2,福岡県,医療法人 桜康会 三宮整形外科医院,久留米市諏訪野町１７７５－２,変形性関節症に対する多血小板血漿（ＰＲＰ）関節内投与療法,0.6023,P00552,うらはし整形外科クリニック,変形性関節症に対する多血小板血漿（PRP）治療,,,,,https://saiseiiryo.mhlw.go.jp/published_plan/download/01G2302003/5/0
possible_missing,strong_msk,2,福岡県,医療法人Yanaga CLinic,"福岡市中央区天神1-2-12
メットライフ天神ビル3F",軟骨、骨の組織欠損、変形、又は低形成に対する自家培養軟骨細胞移植,0.257,P00566,Re:Born Clinic 本院,自己脂肪由来幹細胞と自己前骨分化誘導培養上清液を用いた変形性関節症の治療,,,,,https://saiseiiryo.mhlw.go.jp/published_plan/download/02G2002005/5/0
possible_missing,strong_msk,2,福岡県,医療法人　南川整形外科病院,福岡市西区姪の浜4丁目14-17,自家培養脂肪由来幹細胞を用いた変形性膝関節症治療,0.6635,P00553,うらはし整形外科クリニック,自家脂肪由来幹細胞を用いた変形性関節症治療,,,,,https://saiseiiryo.mhlw.go.jp/published_plan/download/01G2211003/5/0|https://saiseiiryo.mhlw.go.jp/published_plan/download/01G2211003/5/1|https://saiseiiryo.mhlw.go.jp/published_plan/download/01G2211003/5/2
possible_missing,strong_msk,2,福岡県,医療法人　同信会　福岡整形外科病院,福岡市南区柳河内2-10-50,自家滑膜幹細胞注射による変形性膝関節症治療,0.4724,P00553,うらはし整形外科クリニック,自家脂肪由来幹細胞を用いた変形性関節症治療,,,,,https://saiseiiryo.mhlw.go.jp/published_plan/download/02G2412004/5/0
possible_missing,strong_msk,2,福岡県,医療法人おおしま整形外科,朝倉市甘木2072-1,多血小板血漿を用いた変形性関節症の治療,0.5733,P00570,櫛田学整形外科クリニック,自家多血小板血漿（PRP）を用いた慢性関節炎の治療,,,,,https://saiseiiryo.mhlw.go.jp/published_plan/download/01G2103003/5/0
possible_missing,strong_msk,2,福岡県,医療法人かつの整形外科リハビリテーション科,福岡市西区福重4丁目7-6　2F,多血小板血漿（Platelet-rich plasma：PRP）を用いた整形外科疾患に対する治療,0.5109,P00882,医療法人TSC タケダスポーツ・ビューティークリニック,自家多血小板血漿（Platelet-rich plasma：PRP）を用いた慢性関節炎の治療（関節内組織）,,,,,https://saiseiiryo.mhlw.go.jp/published_plan/download/03G2101003/5/0|https://saiseiiryo.mhlw.go.jp/published_plan/download/03G2101003/5/1
possible_missing,strong_msk,2,福岡県,医療法人オアシス　福岡志恩病院,小郡市美鈴が丘一丁目５番３,多血小板血漿（PRP）を用いた変形性関節症の疼痛緩和,0.4667,P00568,ZERO100クリニック,自家多血小板血漿（PRP）を用いた変形性関節症の治療,,,,,https://saiseiiryo.mhlw.go.jp/published_plan/download/01G1909003/5/0
possible_missing,strong_msk,2,福岡県,医療法人一寿会西尾病院,直方市津田町9番38号,自家多血小板血漿（Platelet-rich plasma：PRP）を用いた慢性関節炎の治療（関節内組織）,0.7578,P00882,医療法人TSC タケダスポーツ・ビューティークリニック,自家多血小板血漿（Platelet-rich plasma：PRP）を用いた慢性関節炎の治療（関節内組織）,,,,,https://saiseiiryo.mhlw.go.jp/published_plan/download/01G2202004/5/0
possible_missing,strong_msk,2,福岡県,"医療法人博仁会
福岡リハ西都クリニック スポーツ・整形外科",福岡市西区北原2-8-13,変形性関節症および関節腔の傷害を対象とした自家多血小板血漿（PRP）注入療法,0.4469,P00552,うらはし整形外科クリニック,変形性関節症に対する多血小板血漿（PRP）治療,,,,,https://saiseiiryo.mhlw.go.jp/published_plan/download/01G2404010/5/0
possible_missing,strong_msk,2,福岡県,医療法人大獅会畠山整形外科スポーツクリニック,北九州市小倉北区上到津4-24-24,変形性関節症に対する多血小板血漿（ＰＲＰ）関節内投与療法,0.7029,P00552,うらはし整形外科クリニック,変形性関節症に対する多血小板血漿（PRP）治療,,,,,https://saiseiiryo.mhlw.go.jp/published_plan/download/01G2604001/5/0
possible_missing,strong_msk,2,福岡県,"医療法人斉良会
うらはし整形外科クリニック",北九州市八幡西区下上津役4-13-10,多血小板血漿を用いた変形性関節症の治療,0.7327,P00553,うらはし整形外科クリニック,自家脂肪由来幹細胞を用いた変形性関節症治療,,,,,https://saiseiiryo.mhlw.go.jp/published_plan/download/03G2401010/5/0
possible_missing,strong_msk,2,福岡県,"医療法人社団　天翠会
きよみず整形外科クリニック",北九州市小倉北区清水３−６−１６,多血小板血漿を用いた整形外科疾患に対する関節内治療,0.5596,P00570,櫛田学整形外科クリニック,自家多血小板血漿（PRP）を用いた慢性関節炎の治療,,,,,https://saiseiiryo.mhlw.go.jp/published_plan/download/03G2412004/5/0
possible_missing,strong_msk,2,福岡県,医療法人社団ウェルエイジング　Dクリニック福岡,福岡市中央区天神1-12-7　福岡ダイヤモンドビル9F,慢性関節炎に対する自己脂肪由来幹細胞を用いた治療,0.4742,P00553,うらはし整形外科クリニック,自家脂肪由来幹細胞を用いた変形性関節症治療,,,,,https://saiseiiryo.mhlw.go.jp/published_plan/download/03G2605015/5/0|https://saiseiiryo.mhlw.go.jp/published_plan/download/03G2605015/5/1
possible_missing,strong_msk,2,福岡県,医療法人社団サンセール会　SCクリニック福岡,福岡市東区松島6丁目14番12号,自家脂肪由来間葉系幹細胞を用いた変形性膝関節症の治療,0.6298,P00553,うらはし整形外科クリニック,自家脂肪由来幹細胞を用いた変形性関節症治療,,,,,https://saiseiiryo.mhlw.go.jp/published_plan/download/01G2002004/5/0|https://saiseiiryo.mhlw.go.jp/published_plan/download/01G2002004/5/1|https://saiseiiryo.mhlw.go.jp/published_plan/download/01G2002004/5/2|https://saiseiiryo.mhlw.go.jp/published_plan/download/01G2002004/5/3|https://saiseiiryo.mhlw.go.jp/published_plan/download/01G2002004/5/4
possible_missing,strong_msk,2,福岡県,"医療法人社団千美会
ガーデンクリニック 福岡院","福岡市中央区大名1-15-35
大名247ビル5F",自己脂肪由来幹細胞を用いた変形性関節症の治療,0.6851,P00565,Re:Born Clinic 本院,自己脂肪由来幹細胞を用いた変形性関節症の治療,,,,,https://saiseiiryo.mhlw.go.jp/published_plan/download/01G2110013/5/0
possible_missing,strong_msk,2,福岡県,"医療法人社団活寿会
福岡ひざ関節症クリニック",福岡市中央区天神三丁目16番24号 ハーツ天神7階,自家脂肪組織由来幹細胞（ASC）の投与による関節治療,0.453,P00553,うらはし整形外科クリニック,自家脂肪由来幹細胞を用いた変形性関節症治療,,,,,https://saiseiiryo.mhlw.go.jp/published_plan/download/02G2601006/5/0
possible_missing,strong_msk,2,福岡県,医療法人社団活寿会　福岡ひざ関節症クリニック,福岡市中央区天神三丁目16番24号 ハーツ天神7階,自家脂肪組織由来幹細胞（ASC）の局所投与による変形性関節症治療,0.5027,P00553,うらはし整形外科クリニック,自家脂肪由来幹細胞を用いた変形性関節症治療,,,,,https://saiseiiryo.mhlw.go.jp/published_plan/download/01G2606004/5/0
possible_missing,strong_msk,2,福岡県,医療法人福岡聖友会福岡セントフレンズクリニック,福岡市中央区地行浜2-2-3ヒルトン福岡シーホーク4F,自己脂肪組織由来間葉系幹細胞による変形性関節症治療,0.5118,P00553,うらはし整形外科クリニック,自家脂肪由来幹細胞を用いた変形性関節症治療,,,,,https://saiseiiryo.mhlw.go.jp/published_plan/download/02G2606005/5/0|https://saiseiiryo.mhlw.go.jp/published_plan/download/02G2606005/5/1
possible_missing,strong_msk,2,福岡県,医療法人秀英会　新庄整形外科医院,北九州市若松区東二島4-4-1,PRP（自家多血小板血漿抽出液）を用いた慢性関節炎の治療（関節内組織）,0.5452,P00570,櫛田学整形外科クリニック,自家多血小板血漿（PRP）を用いた慢性関節炎の治療,,,,,https://saiseiiryo.mhlw.go.jp/published_plan/download/03G2502010/5/0
possible_missing,strong_msk,2,福岡県,医療法人笑運舎　戸畑駅Fプラス整形外科,北九州市戸畑区汐井町1-1 戸畑駅2F,自家多血小板血漿（Platelet-Rich Plasma：PRP）を用いた慢性関節炎の治療（関節内組織）,0.7623,P00882,医療法人TSC タケダスポーツ・ビューティークリニック,自家多血小板血漿（Platelet-rich plasma：PRP）を用いた慢性関節炎の治療（関節内組織）,,,,,https://saiseiiryo.mhlw.go.jp/published_plan/download/01G2506018/5/0
possible_missing,strong_msk,2,福岡県,医療法人聖慈会福岡MSC医療クリニック,福岡市中央区天神2丁目4番11号 パシフィーク天神6階,自己脂肪組織由来間葉系幹細胞を用いた膝関節治療,0.5712,P00547,医療法人再生会 セルメディカルチームジャパン,自家脂肪組織由来の培養間葉系幹細胞を用いた関節疾患の治療,,,,,https://saiseiiryo.mhlw.go.jp/published_plan/download/03G2606003/5/0
possible_missing,strong_msk,2,福岡県,学校法人 国際志学園　ZERO100クリニック,北九州市小倉北区馬借1-1-2,変形性関節症に対する多血小板血漿（PRP）関節内投与療法,0.6388,P00568,ZERO100クリニック,自家多血小板血漿（PRP）を用いた変形性関節症の治療,,,,,https://saiseiiryo.mhlw.go.jp/published_plan/download/01G2603002/5/0
possible_missing,strong_msk,2,福岡県,後藤整形外科医院,福岡市中央区鳥飼１丁目５−４５鳥飼中央ビル１Ｆ,多血小板血漿抽出液による関節症治療,0.456,P00570,櫛田学整形外科クリニック,自家多血小板血漿（PRP）を用いた慢性関節炎の治療,,,,,https://saiseiiryo.mhlw.go.jp/published_plan/download/01G1908006/5/0
possible_missing,strong_msk,2,福岡県,産業医科大学若松病院,北九州市若松区浜町1-17-1,整形外科領域における多血小板血漿(PRP)療法,0.3849,P00552,うらはし整形外科クリニック,変形性関節症に対する多血小板血漿（PRP）治療,,,,,https://saiseiiryo.mhlw.go.jp/published_plan/download/03G2403003/5/0
possible_missing,strong_msk,2,福岡県,産業医科大学若松病院,北九州市若松区浜町1-17-1,自家滑膜幹細胞注射による変形性膝関節症治療,0.3849,P00553,うらはし整形外科クリニック,自家脂肪由来幹細胞を用いた変形性関節症治療,,,,,https://saiseiiryo.mhlw.go.jp/published_plan/download/01G2503002/5/0
possible_missing,strong_msk,2,福岡県,社会医療法人北九州病院　北九州総合病院,北九州市小倉北区東城野町１番１号,多血小板血漿抽出液による関節症治療,0.3517,P00567,Re:Born Clinic 本院,自家多血小板血漿を用いた変形性関節症の治療,,,,,https://saiseiiryo.mhlw.go.jp/published_plan/download/03G2509010/5/0
possible_missing,strong_msk,2,福岡県,社会医療法人財団池友会　新小文字病院,北九州市門司区大里新町２－５,変形性関節症に対する多血小板血漿（ＰＲＰ）関節内投与療法,0.4766,P00552,うらはし整形外科クリニック,変形性関節症に対する多血小板血漿（PRP）治療,,,,,https://saiseiiryo.mhlw.go.jp/published_plan/download/03G2401007/5/0
possible_missing,strong_msk,2,佐賀県,医療法人尽心会 百武整形外科・スポーツクリニック,佐賀市水ヶ江4丁目2番15号,多血小板血漿（PRP）の投与による変形性関節症治療,0.8395,P00576,百武整形外科・スポーツクリニック,多血小板血漿（PRP）を用いた変形性関節症治療,,,,,https://saiseiiryo.mhlw.go.jp/published_plan/download/02G2406002/5/0
possible_missing,strong_msk,2,長崎県,医療法人山口整形外科医院,長崎市中川1-8-3,自家多血小板血漿（Platelet-rich plasma：PRP）を用いた慢性関節炎の治療（関節内組織）,0.4978,P00578,医療法人増田整形外科,多血小板血漿抽出液による関節症治療,,,,,https://saiseiiryo.mhlw.go.jp/published_plan/download/01G2204002/5/0
possible_missing,strong_msk,2,長崎県,社会医療法人財団白十字会　佐世保中央病院,佐世保市大和町１５番地,多血小板血漿抽出液による関節症治療,0.7814,P00578,医療法人増田整形外科,多血小板血漿抽出液による関節症治療,,,,,https://saiseiiryo.mhlw.go.jp/published_plan/download/03G2305005/5/0
possible_missing,strong_msk,2,熊本県,リハビリテーションセンター熊本回生会病院,上益城郡嘉島町鯰１８８０,自己多血小板血漿（Platelet-Rich Plasma : PRP）を用いた変形性関節症および関節腔内の傷害治療,0.5173,P00587,熊本リハビリテーション病院,脂肪組織由来再生幹細胞（ADRCs）を用いた変形性膝関節症治療,,,,,https://saiseiiryo.mhlw.go.jp/published_plan/download/03G2303013/5/0
possible_missing,strong_msk,2,熊本県,一般社団法人天草郡市医師会立天草地域医療センター,天草市亀場町食場８５４番地１,APS（濃縮PRP：自家多血小板血漿)を用いた変形性関節症治療,0.2989,P00587,熊本リハビリテーション病院,脂肪組織由来再生幹細胞（ADRCs）を用いた変形性膝関節症治療,,,,,https://saiseiiryo.mhlw.go.jp/published_plan/download/03G2411014/5/0
possible_missing,strong_msk,2,熊本県,医療法人保田窪会　保田窪整形外科病院,熊本市東区保田窪５丁目７－２７,自己多血小板血漿（Platelet-rich plasma：PRP）を用いた整形外科領域における関節内治療,0.2478,P00587,熊本リハビリテーション病院,脂肪組織由来再生幹細胞（ADRCs）を用いた変形性膝関節症治療,,,,,https://saiseiiryo.mhlw.go.jp/published_plan/download/01G2506013/5/0
possible_missing,strong_msk,2,熊本県,医療法人相生会 にしくまもと病院,熊本市南区富合町古閑１０１２番地,多血小板血漿（Platelet-rich plasma：PRP）を用いた変形性関節症治療,0.3264,P00587,熊本リハビリテーション病院,脂肪組織由来再生幹細胞（ADRCs）を用いた変形性膝関節症治療,,,,,https://saiseiiryo.mhlw.go.jp/published_plan/download/03G2506005/5/0|https://saiseiiryo.mhlw.go.jp/published_plan/download/03G2506005/5/1
possible_missing,strong_msk,2,熊本県,熊本整形外科病院,熊本市中央区新屋敷1丁目17-1,多血小板血漿（Platelet-rich plasma：PRP）を用いた整形外科疾患に対する治療,0.3387,P00587,熊本リハビリテーション病院,脂肪組織由来再生幹細胞（ADRCs）を用いた変形性膝関節症治療,,,,,https://saiseiiryo.mhlw.go.jp/published_plan/download/02G2511006/5/0|https://saiseiiryo.mhlw.go.jp/published_plan/download/02G2511006/5/1
possible_missing,strong_msk,2,熊本県,"社会医療法人 令和会
熊本リハビリテーション病院",菊池郡菊陽町曲手760,変形性膝関節症に対する脂肪組織由来再生幹細胞(ADRCs)を用いた細胞治療,0.7619,P00587,熊本リハビリテーション病院,脂肪組織由来再生幹細胞（ADRCs）を用いた変形性膝関節症治療,,,,,https://saiseiiryo.mhlw.go.jp/published_plan/download/03G2506011/5/0
possible_missing,broad_msk,2,熊本県,社会医療法人 令和会　熊本リハビリテーション病院,菊池郡菊陽町曲手760,慢性疼痛に対する脂肪組織由来再生幹細胞(ADRCs)を用いた細胞治療,0.7808,P00587,熊本リハビリテーション病院,脂肪組織由来再生幹細胞（ADRCs）を用いた変形性膝関節症治療,,,,,https://saiseiiryo.mhlw.go.jp/published_plan/download/03G2506012/5/0
possible_missing,strong_msk,2,大分県,医療法人社団唱和会　明野中央病院,大分市明野東２丁目７番３３号,多血小板血漿抽出液による関節症治療,0.28,P00588,仙波整形外科,自家多血小板血漿（PRP）を用いた慢性関節炎の治療,,,,,https://saiseiiryo.mhlw.go.jp/published_plan/download/01G2212004/5/0
possible_missing,strong_msk,2,大分県,医療法人聡明会　児玉病院,別府市亀川四の湯町５番19号,変形性関節症に対する多血小板血漿（ＰＲＰ）関節内投与療法,0.2743,P00588,仙波整形外科,自家多血小板血漿（PRP）を用いた慢性関節炎の治療,,,,,https://saiseiiryo.mhlw.go.jp/published_plan/download/03G2608006/5/0
possible_missing,strong_msk,2,大分県,猿渡整形外科スポーツリハクリニック,大分市竹下2丁目126番地,変形性関節症及び関節腔を対象とした自家多血小板血漿(自家PRP）注入療法,0.3888,P00588,仙波整形外科,自家多血小板血漿（PRP）を用いた慢性関節炎の治療,,,,,https://saiseiiryo.mhlw.go.jp/published_plan/download/01G2010008/5/0|https://saiseiiryo.mhlw.go.jp/published_plan/download/01G2010008/5/1
possible_missing,strong_msk,2,宮崎県,くもん整形外科 スポーツ・骨関節クリニック,延岡市緑ヶ丘二丁目8番11号,自家多血小板血漿（Platelet-rich plasma：PRP）を用いた慢性関節炎の治療（関節内組織）,,,,,,,,,https://saiseiiryo.mhlw.go.jp/published_plan/download/01G2311002/5/0
possible_missing,strong_msk,2,宮崎県,医療法人社団光学堂　あたご整形外科,延岡市愛宕町3丁目161番地,多血小板血漿（PRP）の投与による変形性関節症治療,,,,,,,,,https://saiseiiryo.mhlw.go.jp/published_plan/download/03G2509016/5/0
possible_missing,strong_msk,2,宮崎県,医療法人社団橘会　橘病院,都城市中町15街区24号,多血小板血漿療法（関節内組織）,,,,,,,,,https://saiseiiryo.mhlw.go.jp/published_plan/download/02G2512001/5/0
possible_missing,strong_msk,2,宮崎県,坂田整形外科クリニック,宮崎市大塚町樋ノ口1981-1,自家多血小板血漿（Platelet-rich plasma：PRP）を用いた慢性関節炎の治療（関節内組織）,,,,,,,,,https://saiseiiryo.mhlw.go.jp/published_plan/download/01G2408007/5/0
possible_missing,strong_msk,2,宮崎県,整形外科　押領司病院,小林市細野１６２番地１,多血小板血漿抽出液による関節内治療,,,,,,,,,https://saiseiiryo.mhlw.go.jp/published_plan/download/01G2301005/5/0
possible_missing,strong_msk,2,鹿児島県,公益社団法人鹿児島共済会南風病院,鹿児島市長田町14-3,自家多血小板血漿（Platelet-rich plasma：PRP）を用いた慢性関節炎の治療（関節内組織）,0.5993,P00597,南風病院,自家多血小板血漿（PRP）を用いた慢性関節炎の治療,,,,,https://saiseiiryo.mhlw.go.jp/published_plan/download/02G2509002/5/0
possible_missing,strong_msk,2,鹿児島県,医療法人くすのき会　新門整形外科,薩摩川内市中郷１丁目８番１６号,変形性関節症に対する多血小板血漿（ＰＲＰ）関節内投与療法,0.2743,P00597,南風病院,自家多血小板血漿（PRP）を用いた慢性関節炎の治療,,,,,https://saiseiiryo.mhlw.go.jp/published_plan/download/02G2505018/5/0
possible_missing,strong_msk,2,鹿児島県,医療法人クオラ　クオラリハビリテーション病院あいら,姶良市西餅田２３００番地１,多血小板血漿抽出液による関節症治療,0.3429,P00597,南風病院,自家多血小板血漿（PRP）を用いた慢性関節炎の治療,,,,,https://saiseiiryo.mhlw.go.jp/published_plan/download/03G2504003/5/0
possible_missing,strong_msk,2,鹿児島県,医療法人七徳会 大井病院,姶良市加治木町本町141番地,自家多血小板血漿（PRP）を用いた関節内組織損傷に対する治療,0.5346,P00597,南風病院,自家多血小板血漿（PRP）を用いた慢性関節炎の治療,,,,,https://saiseiiryo.mhlw.go.jp/published_plan/download/01G2607001/5/0|https://saiseiiryo.mhlw.go.jp/published_plan/download/01G2607001/5/1
possible_missing,strong_msk,2,鹿児島県,医療法人吉祥会 吉井整形外科内科中央病院,出水市平和町336番地,自家多血小板血漿（Platelet-rich plasma：PRP）を用いた慢性関節炎の治療（関節内組織）,0.4499,P00597,南風病院,自家多血小板血漿（PRP）を用いた慢性関節炎の治療,,,,,https://saiseiiryo.mhlw.go.jp/published_plan/download/01G2406010/5/0
possible_missing,strong_msk,2,鹿児島県,医療法人明正会　今林整形外科病院,指宿市十町352-2,自家多血小板血漿（Platelet-rich plasma：PRP）を用いた慢性関節炎の治療（関節内組織）,0.466,P00597,南風病院,自家多血小板血漿（PRP）を用いた慢性関節炎の治療,,,,,https://saiseiiryo.mhlw.go.jp/published_plan/download/03G2412002/5/0
possible_missing,strong_msk,2,鹿児島県,医療法人術徳会　霧島整形外科クリニック,霧島市国分野口東８－３１,多血小板血漿による変形性関節症治療,0.308,P00597,南風病院,自家多血小板血漿（PRP）を用いた慢性関節炎の治療,,,,,https://saiseiiryo.mhlw.go.jp/published_plan/download/01G2106002/5/0
possible_missing,strong_msk,2,鹿児島県,天陽会中央クリニック,鹿児島市泉町16-1,自家多血小板血漿（Platelet-rich plasma：PRP）を用いた慢性関節炎の治療（関節内組織）,0.3733,P00597,南風病院,自家多血小板血漿（PRP）を用いた慢性関節炎の治療,,,,,https://saiseiiryo.mhlw.go.jp/published_plan/download/01G2110005/5/0
possible_missing,strong_msk,2,鹿児島県,恒心会おぐら病院,鹿屋市笠之原町２７番２２号,多血小板血漿抽出液による関節症治療,0.4267,P00597,南風病院,自家多血小板血漿（PRP）を用いた慢性関節炎の治療,,,,,https://saiseiiryo.mhlw.go.jp/published_plan/download/02G2506001/5/0
possible_missing,strong_msk,2,鹿児島県,霧島整形外科クリニック,霧島市国分野口東８－３１,自己脂肪由来幹細胞を用いた変形性関節症の治療,0.2738,P00597,南風病院,自家多血小板血漿（PRP）を用いた慢性関節炎の治療,,,,,https://saiseiiryo.mhlw.go.jp/published_plan/download/01G2107002/5/0
possible_missing,strong_msk,2,鹿児島県,鹿児島中央整形外科スポーツクリニック,鹿児島市中央町24番12号,自家多血小板血漿（Platelet-rich plasma：PRP）を用いた慢性関節炎の治療（関節内組織）,0.3733,P00597,南風病院,自家多血小板血漿（PRP）を用いた慢性関節炎の治療,,,,,https://saiseiiryo.mhlw.go.jp/published_plan/download/01G2308004/5/0
possible_missing,strong_msk,2,沖縄県,てだこ整形外科,浦添市前田3丁目13番28号　メディカルスクエアてだこ浦西 3F,自家脂肪組織由来幹細胞を用いた変形性関節症の治療,,,,,,,,,https://saiseiiryo.mhlw.go.jp/published_plan/download/02G2512002/5/0
possible_missing,broad_msk,2,沖縄県,てだこ整形外科,浦添市前田3丁目13番28号　メディカルスクエアてだこ浦西 3F,自家脂肪組織由来幹細胞を用いた慢性疼痛の治療,,,,,,,,,https://saiseiiryo.mhlw.go.jp/published_plan/download/01G2512005/5/0
possible_missing,strong_msk,2,沖縄県,ロクト整形Az,那覇市奥武山町46番地5階,自己多血小板血漿（Platelet-rich plasma：PRP）を用いた変形性膝関節症の治療,,,,,,,,,https://saiseiiryo.mhlw.go.jp/published_plan/download/01G2012010/5/0
possible_missing,strong_msk,2,沖縄県,一般社団法人国際和合医療学会　高輪アイランドクリニック,宮古島市平良下里535-5 　セレブラム 2F,自己多血小板血漿（PRP）による変形性関節症の治療,,,,,,,,,https://saiseiiryo.mhlw.go.jp/published_plan/download/01G2409009/5/0
possible_missing,strong_msk,2,沖縄県,医療法人八重瀬会　同仁病院,浦添市城間１－３７－１２,多血小板血漿抽出液による関節症治療,,,,,,,,,https://saiseiiryo.mhlw.go.jp/published_plan/download/02G2503012/5/0
possible_missing,strong_msk,2,沖縄県,医療法人徳洲会　南部徳洲会病院,島尻郡八重瀬町字外間171番地1,自己皮下脂肪由来再生（幹）細胞（ADRCs）を用いた変形性関節症治療,,,,,,,,,https://saiseiiryo.mhlw.go.jp/published_plan/download/02G2603005/5/0
possible_missing,strong_msk,2,沖縄県,当山美容形成外科,那覇市久茂地2-11-18　当山久茂地川医邸　4・5階,自己脂肪由来間葉系幹細胞を用いた関節痛、変形性関節症治療,,,,,,,,,https://saiseiiryo.mhlw.go.jp/published_plan/download/02G1911035/5/0
possible_missing,strong_msk,2,沖縄県,社会医療法人友愛会友愛医療センター,豊見城市与根50-212,関節内組織損傷に対する自家多血小板血漿注入療法,,,,,,,,,https://saiseiiryo.mhlw.go.jp/published_plan/download/01G2512009/5/0
possible_missing,strong_msk,3,北海道,NTT東日本札幌病院,札幌市中央区南1条西15丁目,自家多血小板血漿（Platelet-rich plasma：PRP）を用いた筋肉、腱、靭帯、筋膜の損傷及び慢性炎症の治療（関節外の軟部組織）,,,,,,,,,https://saiseiiryo.mhlw.go.jp/published_plan/download/02A2403004/5/0
possible_missing,strong_msk,3,北海道,五稜郭大村美容形成クリニック,函館市本町8-18,自己多血小板血漿を用いた先天性、外傷、老化などによる組織の変形、萎縮性疾患のための再生医療,,,,,,,,,https://saiseiiryo.mhlw.go.jp/published_plan/download/02A1910002/5/0|https://saiseiiryo.mhlw.go.jp/published_plan/download/02A1910002/5/1|https://saiseiiryo.mhlw.go.jp/published_plan/download/02A1910002/5/2|https://saiseiiryo.mhlw.go.jp/published_plan/download/02A1910002/5/3
possible_missing,strong_msk,3,北海道,医療法人hokule'a fクリニックさっぽろ,札幌市南区中ノ沢1丁目12番20号,自家多血小板血漿（Platelet-rich plasma：PRP）を用いた筋肉、腱、靭帯、筋膜の損傷及び慢性炎症の治療（関節外の軟部組織）,,,,,,,,,https://saiseiiryo.mhlw.go.jp/published_plan/download/01A2408003/5/0|https://saiseiiryo.mhlw.go.jp/published_plan/download/01A2408003/5/1
possible_missing,strong_msk,3,北海道,医療法人　新札幌整形外科病院,札幌市厚別区厚別中央1条6丁目2-8,靱帯・筋・腱の組織修復を目的とした多血小板血漿（ＰＲＰ）治療,,,,,,,,,https://saiseiiryo.mhlw.go.jp/published_plan/download/03A2501001/5/0
possible_missing,strong_msk,3,北海道,医療法人そえるて　奥山整形外科,旭川市緑が丘東3条1丁目12番33号,多血小板血漿を用いた整形外科領域（関節腔内への投与を除く）の治療,,,,,,,,,https://saiseiiryo.mhlw.go.jp/published_plan/download/01A2604002/5/0
possible_missing,strong_msk,3,北海道,医療法人スポキチ スポキチクリニック,札幌市北区新琴似1条12丁目6-3,自家多血小板血漿（Platelet-rich plasma：PRP）を用いた筋肉、腱、靭帯、筋膜の損傷及び慢性炎症の治療（関節外の軟部組織）,,,,,,,,,https://saiseiiryo.mhlw.go.jp/published_plan/download/01A2106002/5/0
possible_missing,strong_msk,3,北海道,医療法人悠康会　函館整形外科クリニック,函館市石川町2-115,"多血小板血漿（PRP, platelet rich plasma）の投与によるスポーツ外傷を含む筋、腱、靱帯損傷治療",,,,,,,,,https://saiseiiryo.mhlw.go.jp/published_plan/download/03A2210003/5/0|https://saiseiiryo.mhlw.go.jp/published_plan/download/03A2210003/5/1
possible_missing,strong_msk,3,北海道,医療法人社団 福亀会 札幌中央整形外科クリニック,札幌市中央区北1条西4丁目2-2札幌ノースプラザ3F,自家多血小板血漿を用いた整形外科領域（関節腔内への投与を除く）の治療,,,,,,,,,https://saiseiiryo.mhlw.go.jp/published_plan/download/01A2402004/5/0
possible_missing,strong_msk,3,北海道,医療法人社団GOZEN ごうだ整形外科,岩見沢市大和三条九丁目16番,自家多血小板血漿(Platelet Rich Plasma　PRP)を用いた腱付着部炎・腱障害・筋損傷・靭帯損傷(関節外に限る)に対する治療,,,,,,,,,https://saiseiiryo.mhlw.go.jp/published_plan/download/03A2109003/5/0
possible_missing,strong_msk,3,北海道,医療法人社団GOZEN 北7条ごうだ整形外科,札幌市中央区北七条西二十四丁目1番24号,自家多血小板血漿( Platelet Rich Plasma  PRP )を用いた 筋肉、腱、靭帯、筋膜の損傷及び慢性炎症の治療(関節外の軟部組織),,,,,,,,,https://saiseiiryo.mhlw.go.jp/published_plan/download/01A2107002/5/0
possible_missing,strong_msk,3,北海道,医療法人社団みつわ整形外科クリニック,札幌市豊平区平岸３条６丁目６番３０号,自家多血小板血漿（PRP:Platelet-Rich Plasma）を用いた靭帯・腱および腱付着部治療,,,,,,,,,https://saiseiiryo.mhlw.go.jp/published_plan/download/02A1908001/5/0
possible_missing,strong_msk,3,北海道,医療法人社団三慈会　釧路三慈会病院,釧路市幣舞町4-30,多血小板血漿(PRP)の投与によるスポーツ外傷を含む筋、腱、靱帯損傷治療,,,,,,,,,https://saiseiiryo.mhlw.go.jp/published_plan/download/02A2507002/5/0|https://saiseiiryo.mhlw.go.jp/published_plan/download/02A2507002/5/1
possible_missing,strong_msk,3,北海道,医療法人社団悠仁会羊ヶ丘病院,札幌市厚別区青葉町三丁目1番10号,自家多血小板血漿（Platelet-rich plasma：PRP）を用いた筋肉、腱、靭帯、筋膜の損傷及び慢性炎症の治療（関節外の軟部組織）,,,,,,,,,https://saiseiiryo.mhlw.go.jp/published_plan/download/03A2604001/5/0
possible_missing,strong_msk,3,北海道,医療法人社団松陽会 だい整形外科クリニック,札幌市西区二十四軒三条1丁目1番18号 メディカルスクエア二十四軒　1階,自家多血小板血漿（Platelet-rich plasma：PRP）を用いた筋肉、腱、靭帯、筋膜の損傷及び慢性炎症の治療（関節外の軟部組織）,,,,,,,,,https://saiseiiryo.mhlw.go.jp/published_plan/download/01A2409004/5/0
possible_missing,strong_msk,3,北海道,医療法人社団福亀会　福住整形外科クリニック,札幌市豊平区福住２条１丁目２−５　イトーヨーカドー福住店　福住メディカル６Ｆ,多血小板血漿を用いた整形外科領域（関節腔内への投与を除く）の治療,,,,,,,,,https://saiseiiryo.mhlw.go.jp/published_plan/download/02A2402002/5/0
possible_missing,strong_msk,3,北海道,医療法人美喜有会　リペアセルクリニック札幌院,札幌市中央区大通西5丁目10番ザイマックス札幌大通ビルB1,自家多血小板血漿を用いた筋腱炎・靭帯炎の治療,,,,,,,,,https://saiseiiryo.mhlw.go.jp/published_plan/download/02A2605014/5/0
possible_missing,strong_msk,3,北海道,小樽市立病院,小樽市若松1丁目1番1号,自家多血小板血漿（Platelet-rich plasma：PRP）を用いた筋肉、腱、靭帯、筋膜の損傷及び慢性炎症の治療（関節外の軟部組織）,,,,,,,,,https://saiseiiryo.mhlw.go.jp/published_plan/download/03A2508005/5/0
possible_missing,strong_msk,3,北海道,社会医療法人　朋仁会　整形外科　北新病院,札幌市東区北8条東4丁目1番5号,自家多血小板血漿（PRP：Platelet-Rich Plasma)を用いた靭帯・腱および腱付着部治療,,,,,,,,,https://saiseiiryo.mhlw.go.jp/published_plan/download/03A2503002/5/0
possible_missing,strong_msk,3,北海道,社会医療法人北斗　北斗病院,帯広市稲田町基線7番地5,多血小板血漿（Platelet Rich Plasma：PRP）の投与によるスポーツ外傷を含む筋、腱、靱帯損傷治療,,,,,,,,,https://saiseiiryo.mhlw.go.jp/published_plan/download/03A2601002/5/0|https://saiseiiryo.mhlw.go.jp/published_plan/download/03A2601002/5/1
possible_missing,strong_msk,3,北海道,社会医療法人松田整形外科記念病院,札幌市北区北18条西4丁目1番35号,自家多血小板血漿（Platelet-rich plasma：PRP）を用いた筋肉、腱、靭帯、筋膜の損傷及び慢性炎症の治療（関節外の軟部組織）,,,,,,,,,https://saiseiiryo.mhlw.go.jp/published_plan/download/03A2503006/5/0
possible_missing,strong_msk,3,青森県,医療法人なかざわ整形外科　なかざわスポーツクリニック,八戸市新井田字館下1番地,自家多血小板血漿（Platelet-rich plasma：PRP）を用いた筋肉、腱、靭帯、筋膜の損傷及び慢性炎症の治療（関節外の軟部組織）,,,,,,,,,https://saiseiiryo.mhlw.go.jp/published_plan/download/03B2601002/5/0
possible_missing,strong_msk,3,青森県,"医療法人健章会
あおもりベイクリニック","青森市長島1丁目6-6
CROSS TOWER A-BAY3F",自家多血小板血漿（Platelet-rich plasma：PRP）を用いた筋肉、腱、靭帯、筋膜の損傷及び慢性炎症の治療（関節外の軟部組織）,,,,,,,,,https://saiseiiryo.mhlw.go.jp/published_plan/download/01B2411001/5/0|https://saiseiiryo.mhlw.go.jp/published_plan/download/01B2411001/5/1
possible_missing,strong_msk,3,青森県,弘前大学医学部附属病院,弘前市本町５３,自家多血小板血漿(Platelet-rich plasma:PRP)を用いた腱付着部炎・腱障害・筋損傷・関節外靭帯損傷治療,,,,,,,,,https://saiseiiryo.mhlw.go.jp/published_plan/download/03B2607016/5/0
possible_missing,strong_msk,3,岩手県,いわてスポーツ・整形外科クリニック,盛岡市向中野字細谷地114番地,自家多血小板血漿(Platelet-rich plasma:PRP)を用いた筋肉、腱、靭帯、筋膜の損傷及び慢性炎症の治療（関節腔外に限る）,,,,,,,,,https://saiseiiryo.mhlw.go.jp/published_plan/download/01B2403004/5/0
possible_missing,strong_msk,3,岩手県,医療法人日新堂　八角医院,盛岡市好摩字夏間木101番地2,四肢の靭帯、筋腱付着部およびスポーツ傷害（筋・腱・靭帯）を対象とした多血小板血漿Platelet Rich Plasma（PRP）注入療法,,,,,,,,,https://saiseiiryo.mhlw.go.jp/published_plan/download/03B2604003/5/0
possible_missing,strong_msk,3,岩手県,盛岡ふじさわ整形外科クリニック,盛岡市本宮三丁目９番１３号,自家多血小板血漿（PRP）を用いた整形外科領域（関節腔内への投与を除く）の治療,,,,,,,,,https://saiseiiryo.mhlw.go.jp/published_plan/download/01B2407002/5/0
possible_missing,strong_msk,3,宮城県,JR仙台病院,仙台市青葉区五橋1丁目1-5,多血小板血漿(PRP)の投与によるスポーツ外傷を含む筋、腱、靱帯損傷治療,,,,,,,,,https://saiseiiryo.mhlw.go.jp/published_plan/download/03B2607018/5/0
possible_missing,strong_msk,3,宮城県,よだ形成外科クリニック,仙台市青葉区花京院1-1-6　Ever-i仙台駅前2F,自己多血小板血漿を用いた先天性、外傷、老化などによる組織の変形、萎縮性疾患のための再生医療,,,,,,,,,https://saiseiiryo.mhlw.go.jp/published_plan/download/03B2604007/5/0|https://saiseiiryo.mhlw.go.jp/published_plan/download/03B2604007/5/1
possible_missing,strong_msk,3,宮城県,医療法人小池クリニック整形外科,仙台市青葉区台原一丁目7番24号,自家多血小板血漿(Platelet Rich Plasma(PRP))を用いた関節外・関節周囲傷害（筋・腱・靭帯損傷等）に対する整形外科治療,,,,,,,,,https://saiseiiryo.mhlw.go.jp/published_plan/download/02B2012001/5/0
possible_missing,strong_msk,3,宮城県,医療法人社団佐藤整形外科医院,石巻市中央1 丁目13-17,多血小板血漿(PLATELET-RICH PLASMA：PRP)を用いた筋肉、腱、靭帯等の損傷及び慢性炎症の治療,,,,,,,,,https://saiseiiryo.mhlw.go.jp/published_plan/download/01B2409002/5/0
possible_missing,strong_msk,3,宮城県,宮城整形外科　スポーツ・ウェルネスクリニック,黒川郡大和町しあわせの杜8-11,自家多血小板血漿を用いた整形外科領域（関節腔内への投与を除く）の治療,,,,,,,,,https://saiseiiryo.mhlw.go.jp/published_plan/download/01B2411005/5/0
possible_missing,strong_msk,3,宮城県,独立行政法人地域医療機能推進機構仙台病院,仙台市泉区紫山2-1-1,多血小板血漿（Platelet-rich plasma : PRP)を用いた整形外科領域における軟部組織治療,,,,,,,,,https://saiseiiryo.mhlw.go.jp/published_plan/download/03B2507002/5/0
possible_missing,strong_msk,3,山形県,医療法人徳洲会　山形徳洲会病院,山形市清住町二丁目三番51号,自家多血小板血漿（PRP:Platelet Rich Plasma）を用いた靭帯、腱及び腱付着部の炎症、軟部組織損傷（肉離れ、靭帯損傷など）に対する治療,,,,,,,,,https://saiseiiryo.mhlw.go.jp/published_plan/download/02B2505003/5/0
possible_missing,strong_msk,3,山形県,国立大学法人山形大学医学部附属病院,山形市飯田西二丁目２番２号,自家多血小板血漿（Platelet-rich plasma：PRP）を用いた筋肉、腱、靭帯、筋膜の損傷及び慢性炎症の治療（関節外の軟部組織）,,,,,,,,,https://saiseiiryo.mhlw.go.jp/published_plan/download/03B2510001/5/0
possible_missing,strong_msk,3,山形県,志田整形外科医院,鶴岡市みどり町１８－５,自家多血小板血漿(Platelet-rich plasma:PRP)を用いた筋肉、腱、靭帯、筋膜の損傷及び慢性炎症の治療（関節腔外に限る）,,,,,,,,,https://saiseiiryo.mhlw.go.jp/published_plan/download/01B2403005/5/0
possible_missing,strong_msk,3,福島県,公立藤田総合病院,伊達郡国見町大字塚野目字三本木14,自家多血小板血漿（Platelet-rich plasma：PRP）を用いた筋肉、腱、靭帯、筋膜の損傷及び慢性炎症の治療（関節外の軟部組織）,,,,,,,,,https://saiseiiryo.mhlw.go.jp/published_plan/download/03B2502003/5/0
possible_missing,strong_msk,3,福島県,医療法人なこそ整形外科クリニック,いわき市勿来町窪田町通２－５７－１,自家多血小板血漿（PRP）を用いた筋、腱、靭帯損傷、肩腱板損傷に対する治療,,,,,,,,,https://saiseiiryo.mhlw.go.jp/published_plan/download/03B2103002/5/0
possible_missing,strong_msk,3,茨城県,すずらん整形＆ラボ,つくば市東平塚７２７－１,自家多血小板血漿(Platelet-rich plasma：PRP)を用いた筋肉、腱、靭帯、筋膜の損傷及び慢性炎症の治療（関節腔外に限る）,,,,,,,,,https://saiseiiryo.mhlw.go.jp/published_plan/download/01C2407019/5/0
possible_missing,strong_msk,3,茨城県,アントラーズスポーツクリニック,鹿嶋市神向寺後山26-2,四肢の靱帯、筋腱付着部およびスポーツ傷害（筋・腱・靭 帯）を対象とした自己多血小板血漿注入療法,,,,,,,,,https://saiseiiryo.mhlw.go.jp/published_plan/download/03C2311002/5/0|https://saiseiiryo.mhlw.go.jp/published_plan/download/03C2311002/5/1
possible_missing,strong_msk,3,茨城県,医療法人健佑会いちはら病院,つくば市大曽根3681,多血小板血漿(PRP)の投与によるスポーツ外傷を含む筋、腱、靱帯損傷治療,,,,,,,,,https://saiseiiryo.mhlw.go.jp/published_plan/download/02C2603010/5/0
possible_missing,strong_msk,3,茨城県,医療法人社団　筑波記念会　筑波記念病院,茨城県つくば市要1187-299,自家多血小板血漿（PRP）を用いた腱付着部炎・腱障害・筋損傷・靭帯損傷（関節外に限る）治療,,,,,,,,,https://saiseiiryo.mhlw.go.jp/published_plan/download/02C2408099/5/0
possible_missing,strong_msk,3,栃木県,医療法人　英心会　倉持整形外科・皮膚科美容皮膚科,宇都宮市屋板町405-1,自家多血小板血漿（PRP）を用いた筋腱付着部およびスポーツ傷害（筋・腱・靭帯）の治療,0.34,P00097,医療法人俊紅会 那須高原クリニック,四肢の靭帯、筋腱付着部およびスポーツ傷害を対象とした自家多血小板血漿（PRP）注入療法,,,,,https://saiseiiryo.mhlw.go.jp/published_plan/download/01C2504047/5/0
possible_missing,strong_msk,3,栃木県,医療法人恭友会　はせがわ整形外科クリニック,宇都宮市一条4-5-13,自己多血小板血漿（ＰＲＰ）を用いた整形外科治療,0.4464,P00097,医療法人俊紅会 那須高原クリニック,四肢の靭帯、筋腱付着部およびスポーツ傷害を対象とした自家多血小板血漿（PRP）注入療法,,,,,https://saiseiiryo.mhlw.go.jp/published_plan/download/02C2502053/5/0|https://saiseiiryo.mhlw.go.jp/published_plan/download/02C2502053/5/1|https://saiseiiryo.mhlw.go.jp/published_plan/download/02C2502053/5/2
possible_missing,strong_msk,3,栃木県,医療法人親仁会　佐藤病院,宇都宮市西3-1-11,多血小板血漿（PRP）を用いた筋、腱、靭帯への治療,0.3466,P00097,医療法人俊紅会 那須高原クリニック,四肢の靭帯、筋腱付着部およびスポーツ傷害を対象とした自家多血小板血漿（PRP）注入療法,,,,,https://saiseiiryo.mhlw.go.jp/published_plan/download/01C2307023/5/0|https://saiseiiryo.mhlw.go.jp/published_plan/download/01C2307023/5/1|https://saiseiiryo.mhlw.go.jp/published_plan/download/01C2307023/5/2
possible_missing,strong_msk,3,栃木県,"学校法人　獨協学園
獨協医科大学病院",下都賀郡壬生町大字北小林880,四肢の靭帯、筋腱付着部およびスポーツ傷害（筋・腱・靭帯）を対象とした自家多血小板血漿（PRP）注入療法,0.5883,P00097,医療法人俊紅会 那須高原クリニック,四肢の靭帯、筋腱付着部およびスポーツ傷害を対象とした自家多血小板血漿（PRP）注入療法,,,,,https://saiseiiryo.mhlw.go.jp/published_plan/download/02C2604078/5/0
possible_missing,strong_msk,3,群馬県,あさくらスポーツリハビリテーションクリニック,前橋市朝倉町２４９－１,下肢の靭帯、筋腱付着部およびスポーツ傷害（筋・腱・靭帯）を対象とした自家多血小板血漿(自家PRP)注入療法,0.5553,P00337,パーク整形外科クリニック,四肢の筋・腱・靱帯及びその付着部の傷害を対象とした自家多血小板血漿（PRP）注入療法,,,,,https://saiseiiryo.mhlw.go.jp/published_plan/download/01C2104018/5/0|https://saiseiiryo.mhlw.go.jp/published_plan/download/01C2104018/5/1|https://saiseiiryo.mhlw.go.jp/published_plan/download/01C2104018/5/2
possible_missing,strong_msk,3,群馬県,医療法人KOSSMOS会剣持整形外科,太田市東本町42-1,自家多血小板血漿（Platelet-rich plasma：PRP）を用いた筋肉、腱、靭帯、筋膜の損傷及び慢性炎症の治療（関節外の軟部組織）,0.5826,P00335,ぐんまスポーツ整形外科,自家多血小板血漿（PRP）を用いた筋肉、腱、靭帯、筋膜の損傷及び慢性炎症の治療（関節外の軟部組織）,,,,,https://saiseiiryo.mhlw.go.jp/published_plan/download/02C2503028/5/0
possible_missing,strong_msk,3,群馬県,医療法人山本整形外科医院,前橋市西片貝町1-200,四肢の靭帯、筋腱付着部およびスポーツ傷害（筋・腱・靭帯）を対象とした自家多血小板血漿（PRP）注入療法,0.5701,P00337,パーク整形外科クリニック,四肢の筋・腱・靱帯及びその付着部の傷害を対象とした自家多血小板血漿（PRP）注入療法,,,,,https://saiseiiryo.mhlw.go.jp/published_plan/download/01C2206015/5/0|https://saiseiiryo.mhlw.go.jp/published_plan/download/01C2206015/5/1
possible_missing,strong_msk,3,群馬県,医療法人社団善衆会　善衆会病院,前橋市笂井町54番地１,多血小板血漿（PRP）を用いた整形外科領域における軟部組織治療,0.2839,P00335,ぐんまスポーツ整形外科,自家多血小板血漿（PRP）を用いた筋肉、腱、靭帯、筋膜の損傷及び慢性炎症の治療（関節外の軟部組織）,,,,,https://saiseiiryo.mhlw.go.jp/published_plan/download/03C2407023/5/0
possible_missing,strong_msk,3,群馬県,医療法人秀躍会　もぎ整形外科クリニック,高崎市井野町800－11,四肢の靭帯、筋腱付着部およびスポーツ傷害（筋・腱・靭帯）を対象とした自家多血小板血漿（PRP）注入療法,0.6874,P00337,パーク整形外科クリニック,四肢の筋・腱・靱帯及びその付着部の傷害を対象とした自家多血小板血漿（PRP）注入療法,,,,,https://saiseiiryo.mhlw.go.jp/published_plan/download/01C2207023/5/0|https://saiseiiryo.mhlw.go.jp/published_plan/download/01C2207023/5/1|https://saiseiiryo.mhlw.go.jp/published_plan/download/01C2207023/5/2
possible_missing,strong_msk,3,群馬県,慶友整形外科クリニック,館林市羽附町1741,小白血球多血小板血漿（leukocyte poor PRP：LP-PRP）を用いた膝蓋腱炎、上腕骨外側顆炎、腱板炎、足底筋膜炎、靭帯損傷、腱鞘炎の修復,0.4432,P00337,パーク整形外科クリニック,四肢の筋・腱・靱帯及びその付着部の傷害を対象とした自家多血小板血漿（PRP）注入療法,,,,,https://saiseiiryo.mhlw.go.jp/published_plan/download/01C1910017/5/0
possible_missing,strong_msk,3,群馬県,慶友整形外科クリニック,館林市羽附町1741,高白血球多血小板血漿（leukocyte rich PRP：LR-PRP）を用いた膝蓋腱炎、上腕骨外側顆炎、腱板炎、足底筋膜炎、靭帯損傷、腱鞘炎の修復,0.4432,P00337,パーク整形外科クリニック,四肢の筋・腱・靱帯及びその付着部の傷害を対象とした自家多血小板血漿（PRP）注入療法,,,,,https://saiseiiryo.mhlw.go.jp/published_plan/download/02C2304008/5/0
possible_missing,strong_msk,3,群馬県,社会医療法人慶友会　慶友整形外科クリニック,館林市羽附町1741,自家多血小板血漿（Platelet-Rich Plasma：PRP）を用いた筋肉、腱、靭帯、筋膜の損傷及び慢性炎症の治療（関節外の軟部組織）,0.5747,P00335,ぐんまスポーツ整形外科,自家多血小板血漿（PRP）を用いた筋肉、腱、靭帯、筋膜の損傷及び慢性炎症の治療（関節外の軟部組織）,,,,,https://saiseiiryo.mhlw.go.jp/published_plan/download/01C2605018/5/0
possible_missing,strong_msk,3,埼玉県,UT整形外科　武蔵浦和,さいたま市南区白幡５丁目１８－１９　MID KUDOS TERRACE　3F,四肢の筋・腱・靱帯及びその付着部の傷害を対象とした自家多血小板血漿（PRP）注入療法,0.3108,P00135,根本外科整形外科,多血小板血漿を用いた整形外科領域（関節腔内への投与を除く）の治療,,,,,https://saiseiiryo.mhlw.go.jp/published_plan/download/02C2510041/5/0|https://saiseiiryo.mhlw.go.jp/published_plan/download/02C2510041/5/1
possible_missing,strong_msk,3,埼玉県,さいたま整形外科クリニック,さいたま市大宮区仲町1-35 大塚ビル3階,自家多血小板血漿（Platelet-Rich Plasma：PRP）を用いた筋肉、腱、靭帯、筋膜の損傷及び慢性炎症の治療（関節外の軟部組織）,0.5179,P00128,医療法人社団 鴻愛会 with Life クリニック 大宮駅前,自家多血小板血漿（PRP）を用いた筋肉、腱、靭帯、筋膜の損傷及び慢性炎症の治療,,,,,https://saiseiiryo.mhlw.go.jp/published_plan/download/01C2509053/5/0
possible_missing,strong_msk,3,埼玉県,ミューズシティクリニック,さいたま市南区別所7-2-1-204,自己多血小板血漿(PRP)を用いた筋・腱・靭帯の軟部組織再生療法,0.5077,P00132,埼玉整形外科スポーツクリニック,自家多血小板血漿を用いた筋腱付着部およびスポーツ傷害（筋・腱・靭帯）の治療,,,,,https://saiseiiryo.mhlw.go.jp/published_plan/download/01C2508068/5/0
possible_missing,strong_msk,3,埼玉県,"一般社団法人ARMS
ライオンズ整形外科クリニック",所沢市大字上山口2178番6,四肢の靭帯、筋腱付着部およびスポーツ傷害（筋・腱・靭帯）を対象とした自家多血小板血漿（PRP）注入療法,0.4794,P00132,埼玉整形外科スポーツクリニック,自家多血小板血漿を用いた筋腱付着部およびスポーツ傷害（筋・腱・靭帯）の治療,,,,,https://saiseiiryo.mhlw.go.jp/published_plan/download/03C2604009/5/0
possible_missing,strong_msk,3,埼玉県,伊奈整形外科・せぼねクリニック,北足立郡伊奈町中央1-107,四肢の筋・腱・靱帯及びその付着部の傷害を対象とした自家多血小板血漿（PRP）注入療法,0.4151,P00132,埼玉整形外科スポーツクリニック,自家多血小板血漿を用いた筋腱付着部およびスポーツ傷害（筋・腱・靭帯）の治療,,,,,https://saiseiiryo.mhlw.go.jp/published_plan/download/01C2606058/5/0|https://saiseiiryo.mhlw.go.jp/published_plan/download/01C2606058/5/1
possible_missing,strong_msk,3,埼玉県,医療法人　川久保病院,さいたま市浦和区東高砂町29-18,自己多血小板血漿（PRP)を用いた整形外科治療,0.7857,P00136,独立行政法人国立病院機構西埼玉中央病院,自己多血小板血漿（PRP）を用いた整形外科治療,,,,,https://saiseiiryo.mhlw.go.jp/published_plan/download/02C2001042/5/0
possible_missing,strong_msk,3,埼玉県,医療法人くろや整形外科医院,深谷市田中2643－8,四肢の靭帯、筋腱付着部およびスポーツ傷害（筋・腱・靭帯）を対象とした自家多血小板血漿（PRP）注入療法,0.4021,P00132,埼玉整形外科スポーツクリニック,自家多血小板血漿を用いた筋腱付着部およびスポーツ傷害（筋・腱・靭帯）の治療,,,,,https://saiseiiryo.mhlw.go.jp/published_plan/download/01C2309048/5/0
possible_missing,strong_msk,3,埼玉県,医療法人本庄福島病院 本庄総合病院,本庄市大字北堀1780番地,多血小板血漿(PRP)の投与によるスポーツ外傷を含む筋、腱、靱帯損傷治療,0.6382,P00129,医療法人社団iD さいたま新都心iD整形外科,自家多血小板血漿（PRP）の投与によるスポーツ外傷を含む筋、腱、靱帯損傷治療,,,,,https://saiseiiryo.mhlw.go.jp/published_plan/download/03C2405006/5/0|https://saiseiiryo.mhlw.go.jp/published_plan/download/03C2405006/5/1
possible_missing,strong_msk,3,埼玉県,医療法人社団スマイル＆ファイン いしがみ整形外科クリニック,川越市豊田町３丁目１１－２,多血小板血漿（PLATELET-RICH PLASMA：PRP）を用いた筋肉、腱、靭帯等の損傷及び慢性炎症の治療,0.5841,P00128,医療法人社団 鴻愛会 with Life クリニック 大宮駅前,自家多血小板血漿（PRP）を用いた筋肉、腱、靭帯、筋膜の損傷及び慢性炎症の治療,,,,,https://saiseiiryo.mhlw.go.jp/published_plan/download/01C2402038/5/0
possible_missing,strong_msk,3,埼玉県,医療法人社団南越谷病院,越谷市南越谷一丁目4番63号,自家多血小板血漿（Platelet-rich plasma：PRP）を用いた筋肉、腱、靭帯、筋膜の損傷及び慢性炎症の治療（関節外の軟部組織）,0.5478,P00128,医療法人社団 鴻愛会 with Life クリニック 大宮駅前,自家多血小板血漿（PRP）を用いた筋肉、腱、靭帯、筋膜の損傷及び慢性炎症の治療,,,,,https://saiseiiryo.mhlw.go.jp/published_plan/download/01C2102010/5/0
possible_missing,strong_msk,3,埼玉県,医療法人社団春陽会　大宮リビータ整形外科,さいたま市大宮区桜木町２丁目902番304,自己多血小板血漿（Platelet-rich plasma : PRP)を用いた整形外科領域における軟部組織治療,0.5284,P00138,医療法人社団順生会 はにゅう整形外科,自己多血小板血漿（PRP）を用いた筋・腱・靭帯等、損傷した運動器組織再生治療,,,,,https://saiseiiryo.mhlw.go.jp/published_plan/download/03C2509048/5/0
possible_missing,strong_msk,3,埼玉県,大宮はしもと整形外科,さいたま市中央区上落合8-3-32 島忠ホームズさいたま中央店　２階,整形外科領域の軟部組織に対する自家多血小板血漿療法,0.3585,P00135,根本外科整形外科,多血小板血漿を用いた整形外科領域（関節腔内への投与を除く）の治療,,,,,https://saiseiiryo.mhlw.go.jp/published_plan/download/01C1905028/5/0|https://saiseiiryo.mhlw.go.jp/published_plan/download/01C1905028/5/1|https://saiseiiryo.mhlw.go.jp/published_plan/download/01C1905028/5/2
possible_missing,strong_msk,3,埼玉県,東松山市立市民病院,東松山市大字松山2392番地,自己多血小板血漿（Platelet-rich plasma：PRP）を用いた整形外科領域における軟部組織治療,0.4303,P00136,独立行政法人国立病院機構西埼玉中央病院,自己多血小板血漿（PRP）を用いた整形外科治療,,,,,https://saiseiiryo.mhlw.go.jp/published_plan/download/03C2509039/5/0
possible_missing,strong_msk,3,埼玉県,社会医療法人新青会 川口工業総合病院,川口市青木1-18-15,自家多血小板血漿（PRP)を用いた腱付着部炎・腱障害・筋損傷・靭帯損傷（関節外に限る）治療,0.4291,P00138,医療法人社団順生会 はにゅう整形外科,自己多血小板血漿（PRP）を用いた筋・腱・靭帯等、損傷した運動器組織再生治療,,,,,https://saiseiiryo.mhlw.go.jp/published_plan/download/03C2604044/5/0
possible_missing,strong_msk,3,千葉県,しろやまいたみのクリニック,館山市長須賀字新工309-1,自己多血小板血漿(PRP)を用いた筋・腱・靭帯の損傷及び慢性炎症に対する治療,0.6536,P00154,医療法人社団志高会 たてやま整形外科クリニック,自家多血小板血漿（PRP）を用いた筋肉、腱、靭帯、筋膜の損傷及び慢性炎症の治療,,,,,https://saiseiiryo.mhlw.go.jp/published_plan/download/01C2502010/5/0
possible_missing,strong_msk,3,千葉県,ジェフユナイテッド株式会社　診療所,千葉県千葉市中央区川崎町1-38,自己多血小板血漿(PRP)を用いた整形外科的治療,0.3721,P00155,医療法人社団慈宏会 まさき整形外科,多血小板血漿を用いた整形外科領域（関節腔内への投与を除く）の治療,,,,,https://saiseiiryo.mhlw.go.jp/published_plan/download/02C2201001/5/0|https://saiseiiryo.mhlw.go.jp/published_plan/download/02C2201001/5/1|https://saiseiiryo.mhlw.go.jp/published_plan/download/02C2201001/5/2|https://saiseiiryo.mhlw.go.jp/published_plan/download/02C2201001/5/3
possible_missing,strong_msk,3,千葉県,医療法人平成博愛会　印西総合病院,印西市牧の台1-1-1,自家多血小板血漿(Platelet-rich plasma: PRP)を用いた筋肉、腱、靭帯、筋膜の損傷及び慢性炎症の治療（関節外の軟部組織）,0.524,P00154,医療法人社団志高会 たてやま整形外科クリニック,自家多血小板血漿（PRP）を用いた筋肉、腱、靭帯、筋膜の損傷及び慢性炎症の治療,,,,,https://saiseiiryo.mhlw.go.jp/published_plan/download/01C2307046/5/0
possible_missing,strong_msk,3,千葉県,医療法人社団　順徳会　下総中山整形外科クリニック,船橋市本中山2-10-1 ミレニティ中山4階,自己多血小板血漿(PRP)療法（治療対象：筋・腱・靭帯損傷）,0.6344,P00154,医療法人社団志高会 たてやま整形外科クリニック,自家多血小板血漿（PRP）を用いた筋肉、腱、靭帯、筋膜の損傷及び慢性炎症の治療,,,,,https://saiseiiryo.mhlw.go.jp/published_plan/download/02C2601087/5/0|https://saiseiiryo.mhlw.go.jp/published_plan/download/02C2601087/5/1|https://saiseiiryo.mhlw.go.jp/published_plan/download/02C2601087/5/2
possible_missing,strong_msk,3,千葉県,医療法人社団仁敬会　そがセントラルクリニック,千葉市中央区宮崎町561－1,多血小板血漿を用いた整形外科領域（関節腔内への投与を除く）の治療,0.8265,P00155,医療法人社団慈宏会 まさき整形外科,多血小板血漿を用いた整形外科領域（関節腔内への投与を除く）の治療,,,,,https://saiseiiryo.mhlw.go.jp/published_plan/download/01C2202018/5/0
possible_missing,strong_msk,3,千葉県,"医療法人社団千聡会
北原整形外科",習志野市本大久保３丁目９−２４,四肢の靭帯、筋腱付着部およびスポーツ傷害（筋・腱・靭帯）を対象とした自家多血小板血漿（PRP）注入療法,0.6221,P00153,医療法人社団実幸会 いらはら診療所,四肢の筋・腱・靱帯及びその付着部の傷害を対象とした自家多血小板血漿（PRP）注入療法,,,,,https://saiseiiryo.mhlw.go.jp/published_plan/download/02C2501012/5/0
possible_missing,strong_msk,3,千葉県,医療法人社団協友会　柏厚生総合病院,柏市篠籠田617番地,自己多血小板血漿（Platelet-rich plasma : PRP)を用いた整形外科領域における軟部組織治療,0.4864,P00156,医療法人社団明敬会 重城病院,多血小板血漿（PRP）を用いた四肢の靭帯、筋腱付着部、およびスポーツ障害の治療,,,,,https://saiseiiryo.mhlw.go.jp/published_plan/download/02C2601001/5/0
possible_missing,strong_msk,3,千葉県,医療法人社団南洲会 南洲会勝浦クリニック,勝浦市墨名485番地252,四肢の靭帯、筋腱付着部およびスポーツ傷害（筋・腱・靭帯）を対象とした自家多血小板血漿（PRP）注入療法,0.5994,P00153,医療法人社団実幸会 いらはら診療所,四肢の筋・腱・靱帯及びその付着部の傷害を対象とした自家多血小板血漿（PRP）注入療法,,,,,https://saiseiiryo.mhlw.go.jp/published_plan/download/01C2410046/5/0
possible_missing,strong_msk,3,千葉県,医療法人社団曙会 流山中央病院,流山市東初石二丁目１３２番地の２,自家多血小板血漿(Platelet-rich plasma:PRP)を用いた筋肉、腱、靭帯、筋膜の損傷及び慢性炎症の治療(関節外の軟部組織),0.5762,P00154,医療法人社団志高会 たてやま整形外科クリニック,自家多血小板血漿（PRP）を用いた筋肉、腱、靭帯、筋膜の損傷及び慢性炎症の治療,,,,,https://saiseiiryo.mhlw.go.jp/published_plan/download/01C2106043/5/0
possible_missing,strong_msk,3,千葉県,医療法人社団淳英会　おゆみの中央病院,千葉市緑区おゆみ野南六丁目49番地9,多血小板血漿を用いた靭帯・腱及び腱付着部の機能障害・疾患の治療,0.6315,P00156,医療法人社団明敬会 重城病院,多血小板血漿（PRP）を用いた四肢の靭帯、筋腱付着部、およびスポーツ障害の治療,,,,,https://saiseiiryo.mhlw.go.jp/published_plan/download/03C2206012/5/0
possible_missing,strong_msk,3,千葉県,医療法人社団淳英会　Ｊメディカルおゆみの,"千葉市緑区おゆみ野三丁目16番地1
ゆみ～る鎌取ショッピングセンター５階",多血小板血漿を用いた靭帯・腱及び腱付着部の機能障害・疾患の治療,0.56,P00156,医療法人社団明敬会 重城病院,多血小板血漿（PRP）を用いた四肢の靭帯、筋腱付着部、およびスポーツ障害の治療,,,,,https://saiseiiryo.mhlw.go.jp/published_plan/download/03C2301026/5/0
possible_missing,strong_msk,3,千葉県,医療法人社団煌和会 國分クリニック,千葉市中央区宮崎町235-8,自己多血小板血漿(PRP)を用いた筋・腱・靱帯損傷部の治癒促進を目的とした整形外科治療,0.6154,P00154,医療法人社団志高会 たてやま整形外科クリニック,自家多血小板血漿（PRP）を用いた筋肉、腱、靭帯、筋膜の損傷及び慢性炎症の治療,,,,,https://saiseiiryo.mhlw.go.jp/published_plan/download/01C2202006/5/0
possible_missing,strong_msk,3,千葉県,医療法人社団誠富会　成田整形外科,成田市橋賀台1-15-2,多血小板血漿（Platelet-rich plasma : PRP)を用いた整形外科領域における軟部組織治療,0.5741,P00155,医療法人社団慈宏会 まさき整形外科,多血小板血漿を用いた整形外科領域（関節腔内への投与を除く）の治療,,,,,https://saiseiiryo.mhlw.go.jp/published_plan/download/02C2503026/5/0
possible_missing,strong_msk,3,千葉県,医療法人社団誠馨会 千葉メディカルセンター,千葉市中央区南町1丁目7番1号,自家多血小板血漿(Platelet-rich plasma:PRP)を用いた筋肉、腱、靭帯、筋膜の損傷及び慢性炎症の治療(関節外軟部組織),0.5674,P00152,医療法人社団オルソプラス むらた整形外科,自家多血小板血漿（PRP）を用いた筋肉、腱、靭帯、筋膜の損傷及び慢性炎症の治療,,,,,https://saiseiiryo.mhlw.go.jp/published_plan/download/02C2506051/5/0
possible_missing,strong_msk,3,千葉県,医療法人社団錦昌会 みどりのは 葉記念病院,千葉市緑区古市場町２０９番４,自家多血小板血漿(Platelet-rich plasma：PRP)を用いた筋肉、腱、靭帯、筋膜の損傷及び慢性炎症の治療（関節腔外に限る）,0.5597,P00154,医療法人社団志高会 たてやま整形外科クリニック,自家多血小板血漿（PRP）を用いた筋肉、腱、靭帯、筋膜の損傷及び慢性炎症の治療,,,,,https://saiseiiryo.mhlw.go.jp/published_plan/download/01C2408008/5/0
possible_missing,strong_msk,3,千葉県,千葉ニュータウン整形外科リハビリテーションクリニック,印西市中央北1丁目1 APOLLO PLANT MALL 2階,自家多血小板血漿(Platelet-rich plasma：PRP)を用いた筋肉、腱、靭帯、筋膜の損傷及び慢性炎症の治療（関節腔外に限る）,0.5745,P00154,医療法人社団志高会 たてやま整形外科クリニック,自家多血小板血漿（PRP）を用いた筋肉、腱、靭帯、筋膜の損傷及び慢性炎症の治療,,,,,https://saiseiiryo.mhlw.go.jp/published_plan/download/01C2407085/5/0
possible_missing,strong_msk,3,千葉県,柏の葉キャンパス整形外科,柏市中十余二397-1 中央182街区3,自家多血小板血漿（Platelet-rich plasma：PRP）を用いた筋肉、腱、靭帯、筋膜の損傷及び慢性炎症の治療（関節外の軟部組織）,0.547,P00152,医療法人社団オルソプラス むらた整形外科,自家多血小板血漿（PRP）を用いた筋肉、腱、靭帯、筋膜の損傷及び慢性炎症の治療,,,,,https://saiseiiryo.mhlw.go.jp/published_plan/download/03C2410034/5/0
possible_missing,strong_msk,3,千葉県,柏はせがわ整形外科,柏市根戸４６７−１０３ メディカルプラザ北柏 2Ｆ,自己多血小板血漿（PRP)を用いた、筋・腱・靱帯への軟部組織再生療法,0.4635,P00152,医療法人社団オルソプラス むらた整形外科,自家多血小板血漿（PRP）を用いた筋肉、腱、靭帯、筋膜の損傷及び慢性炎症の治療,,,,,https://saiseiiryo.mhlw.go.jp/published_plan/download/01C2206026/5/0
possible_missing,strong_msk,3,千葉県,社会医療法人社団蛍水会 名戸ヶ谷病院,柏市新柏二丁目1番1,自家多血小板血漿(Platelet-rich plasma:PRP)を用いた関節機能治療(関節腔外に限る),0.4714,P00156,医療法人社団明敬会 重城病院,多血小板血漿（PRP）を用いた四肢の靭帯、筋腱付着部、およびスポーツ障害の治療,,,,,https://saiseiiryo.mhlw.go.jp/published_plan/download/02C2402051/5/0
possible_missing,strong_msk,3,千葉県,順天堂大学医学部附属浦安病院,浦安市富岡2-1-1,自己多血小板血漿（PRP）療法（筋・腱・靭帯の損傷に対する）,0.3549,P00152,医療法人社団オルソプラス むらた整形外科,自家多血小板血漿（PRP）を用いた筋肉、腱、靭帯、筋膜の損傷及び慢性炎症の治療,,,,,https://saiseiiryo.mhlw.go.jp/published_plan/download/02C2109024/5/0
possible_missing,strong_msk,3,東京都,NAG整形外科,港区白金台5-6-9 Wind Base白金５階,多血小板血漿を用いた関節炎治療,0.499,P00209,医療法人社団アーツメディック さかい整形外科,多血小板血漿（PRP）を用いた筋、腱、靭帯への治療,,,,,https://saiseiiryo.mhlw.go.jp/published_plan/download/01C2305018/5/0
possible_missing,strong_msk,3,東京都,おかのクリニック,足立区西新井1-11-4,自家多血小板血漿（Platelet-rich plasma：PRP）を用いた筋肉、腱、靭帯の損傷及び炎症の治療（関節外の軟部組織）,0.5829,P00182,三宿通り整形外科クリニック,自家多血小板血漿（PRP）を用いた筋肉、腱、靭帯、筋膜の損傷及び慢性炎症の治療,,,,,https://saiseiiryo.mhlw.go.jp/published_plan/download/01C2205035/5/0
possible_missing,strong_msk,3,東京都,お茶の水セルクリニック,千代田区神田駿河台4-1-1 ウエルトンビル2階,自己多血小板血漿(PRP)を用いた整形外科領域における軟部組織治療,0.66,P00296,公益財団法人日産厚生会 玉川病院,自己多血小板血漿（PRP）を用いた整形外科領域における軟部組織治療,,,,,https://saiseiiryo.mhlw.go.jp/published_plan/download/02C2502084/5/0
possible_missing,strong_msk,3,東京都,つくる整形外科　祐天寺駅前スポーツクリニック,目黒区祐天寺2-14-20　祐天寺駅前ビル3階,自家多血小板血漿（Platelet-rich plasma：PRP）を用いた筋肉、腱、靭帯、筋膜の損傷及び慢性炎症の治療（関節外の軟部組織）,0.638,P00182,三宿通り整形外科クリニック,自家多血小板血漿（PRP）を用いた筋肉、腱、靭帯、筋膜の損傷及び慢性炎症の治療,,,,,https://saiseiiryo.mhlw.go.jp/published_plan/download/01C2211048/5/0
possible_missing,strong_msk,3,東京都,モティーフ銀座クリニック,中央区銀座１丁目７－６　銀座河合ビル４階、９階,自己多血小板血漿（PRP）を用いた筋肉・腱・靱帯・筋膜の損傷及び慢性炎症の治療（関節外の軟部組織）,0.6723,P00307,ガーデンクリニック ザ・ホワイトデンタルクリニック 品川院,自家多血小板血漿（PRP）を用いた筋肉、腱、靭帯、筋膜の損傷及び慢性炎症の治療（関節外の軟部組織）,,,,,https://saiseiiryo.mhlw.go.jp/published_plan/download/01C2608022/5/0
possible_missing,strong_msk,3,東京都,一般社団法人Garden　KAI CLINIC T OKYO,中央区八重洲1丁目3-18 VORT東京八重洲maxim3階,自家多血小板フィブリンを用いた軟骨移植外鼻形成術,0.4034,P00304,RiCarna Clinic,自己多血小板血漿（PRP）を用いた筋・腱・靱帯損傷部の治癒促進を目的とした整形外科治療,,,,,https://saiseiiryo.mhlw.go.jp/published_plan/download/01C2511006/5/0|https://saiseiiryo.mhlw.go.jp/published_plan/download/01C2511006/5/1
possible_missing,strong_msk,3,東京都,一般社団法人MAY　武蔵野アトラスターズ整形外科スポーツクリニック,武蔵野市中町二丁目8番11号,自家多血小板血漿(PRP)を用いた筋・腱・靭帯等の軟部組織損傷治療,0.6456,P00301,一般社団法人SOL SOL整形外科世田谷スポーツクリニック,多血小板血漿（PRP）を用いた整形外科領域における軟部組織治療,,,,,https://saiseiiryo.mhlw.go.jp/published_plan/download/01C2506042/5/0
possible_missing,strong_msk,3,東京都,一般社団法人天美会Tenvi Clinic Ginza,中央区銀座四丁目2番2号　地下一階　第1弥生ビルディング,多血小板血漿を用いた整形外科領域（関節腔内への投与を除く）の治療,0.66,P00308,キヤンメディカルクリニック虎ノ門,多血小板血漿を用いた整形外科領域（関節腔内への投与を除く）の治療,,,,,https://saiseiiryo.mhlw.go.jp/published_plan/download/01C2602051/5/0
possible_missing,strong_msk,3,東京都,世田谷かくた整形外科　成城学園前院,世田谷区成城２－４０－９　成城サウスサイド１階,多血小板血漿を用いた整形外科領域（関節腔内への投与を除く）の治療,0.66,P00308,キヤンメディカルクリニック虎ノ門,多血小板血漿を用いた整形外科領域（関節腔内への投与を除く）の治療,,,,,https://saiseiiryo.mhlw.go.jp/published_plan/download/01C2303029/5/0
possible_missing,strong_msk,3,東京都,中尾形成外科,港区虎ノ門5-12-1 ワイコービル1階,自家PRFと超細分化肋軟骨 を用いた外鼻形成術,0.3646,P00302,AR-Ex尾山台整形外科,自家多血小板血漿（PRP）を用いた筋肉、腱、靭帯、筋膜の損傷及び慢性炎症の治療（関節外の軟部組織）,,,,,https://saiseiiryo.mhlw.go.jp/published_plan/download/01C2406025/5/0
possible_missing,strong_msk,3,東京都,予防からはじめる整形外科 T CLINIC Ichigaya,新宿区市谷仲之町3-45,自家多血小板血漿（Platelet-Rich Plasma：PRP）を用いた筋肉、腱、靭帯、筋膜の損傷及び慢性炎症の治療（関節外の軟部組織）,0.6323,P00306,TAO Clinic,自家多血小板血漿（PRP）を用いた筋肉、腱、靭帯、筋膜の損傷及び慢性炎症の治療（関節外の軟部組織）,,,,,https://saiseiiryo.mhlw.go.jp/published_plan/download/01C2504058/5/0
possible_missing,strong_msk,3,東京都,"医療法人社団 Health and Human Performance
MTXスポーツ・関節クリニック",千代田区麹町6-4-16 ESCALIER麹町2階,自家多血小板血漿(PRP)の投与によるスポーツ外傷を含む筋、腱、靱帯損傷治療,0.6282,P00305,SBC整形外科クリニック西新宿本院,多血小板血漿（PRP）の投与によるスポーツ外傷を含む筋、腱、靱帯損傷治療,,,,,https://saiseiiryo.mhlw.go.jp/published_plan/download/01C2401005/5/0
possible_missing,strong_msk,3,東京都,医療法人社団 秀慈会 リバーシティすずき整形外科,"中央区佃1-11-8 
ピアウエストスクエア2階264号",自己多血小板血漿(PRP)を用いた筋・腱・靱帯損傷部の治癒促進をはかる整形外科治療,0.6125,P00209,医療法人社団アーツメディック さかい整形外科,多血小板血漿（PRP）を用いた筋、腱、靭帯への治療,,,,,https://saiseiiryo.mhlw.go.jp/published_plan/download/02C2001038/5/0|https://saiseiiryo.mhlw.go.jp/published_plan/download/02C2001038/5/1
possible_missing,strong_msk,3,東京都,医療法人社団 ＴＳＯＣ 東京スポーツ＆整形外科クリニック北参道,"渋谷区千駄ヶ谷2丁目１番11号　
TSOC北参道ビル2階",自己多血小板血漿（Platelet-rich plasma : PRP)を用いた整形外科領域における軟部組織治療,0.6252,P00295,一般社団法人東京LAB 高輪ゲートウェイ駅前整形外科クリニック,多血小板血漿（PRP）を用いた整形外科領域における軟部組織治療,,,,,https://saiseiiryo.mhlw.go.jp/published_plan/download/02C2511038/5/0
possible_missing,strong_msk,3,東京都,"医療法人社団IHOC 
稲城平尾整形外科クリニック","稲城市平尾4丁目24-1
メディカルヴィレッジ",自家多血小板血漿（Platelet-Rich Plasma：PRP）を用いた筋肉、腱、靭帯、筋膜の損傷及び慢性炎症の治療（関節外の軟部組織）,0.6868,P00309,医療法人社団医生会 わせだ整形外科,自家多血小板血漿（PRP）を用いた筋肉、腱、靭帯、筋膜の損傷及び慢性炎症の治療（関節外の軟部組織）,,,,,https://saiseiiryo.mhlw.go.jp/published_plan/download/01C2503012/5/0
possible_missing,strong_msk,3,東京都,医療法人社団TSOC 東京スポーツ&整形外科クリニック,"豊島区上池袋4 丁目29-9 ＫITAIKE TERRACE（北池テラス）
2 階・地下1 階",多血小板血漿（Platelet-rich plasma : PRP)を用いた整形外科領域における軟部組織治療,0.6474,P00295,一般社団法人東京LAB 高輪ゲートウェイ駅前整形外科クリニック,多血小板血漿（PRP）を用いた整形外科領域における軟部組織治療,,,,,https://saiseiiryo.mhlw.go.jp/published_plan/download/02C2511037/5/0
possible_missing,strong_msk,3,東京都,医療法人社団VITA　池尻大橋せらクリニック,目黒区大橋2-22-42 No.R池尻大橋4F,自家多血小板血漿(Platelet-rich plasma:PRP)を用いた筋肉、腱、靭帯、筋膜の損傷及び慢性炎症の治療（関節腔外に限る）,0.5997,P00188,医療法人社団M-TAC 文京整形外科,自家多血小板血漿（PRP）を用いた筋肉、腱、靭帯、筋膜の損傷及び慢性炎症の治療,,,,,https://saiseiiryo.mhlw.go.jp/published_plan/download/01C2511030/5/0
possible_missing,strong_msk,3,東京都,医療法人社団　山手クリニック,世田谷区代沢2-28-11,創傷治療における多血小板血漿療法（PRP）による治療（筋、腱、皮膚への投与）,0.4468,P00186,医療法人社団ARen 大森整形外科,整形外科領域におけるPRP治療（血流部位への投与）,,,,,https://saiseiiryo.mhlw.go.jp/published_plan/download/02C2001131/5/0
possible_missing,strong_msk,3,東京都,医療法人社団　白鳳会　大角医院,練馬区上石神井４－３－２３,自己多血小板血漿(PRP)を用いた整形外科領域における軟部組織治療,0.7857,P00296,公益財団法人日産厚生会 玉川病院,自己多血小板血漿（PRP）を用いた整形外科領域における軟部組織治療,,,,,https://saiseiiryo.mhlw.go.jp/published_plan/download/02C2001010/5/0
possible_missing,broad_msk,3,東京都,"医療法人社団　苑田会
苑田会人工関節センター病院",足立区保木間1‐21‐10,多血小板血漿（Platelet-rich　plasma：PRP）を用いた組織修復,0.4068,P00310,社会医療法人社団東京巨樹の会 東京品川病院,自家多血小板血漿（PRP）を用いた筋肉、腱、靭帯、筋膜の損傷及び慢性炎症の治療（関節外の軟部組織）,,,,,https://saiseiiryo.mhlw.go.jp/published_plan/download/02C1905098/5/0|https://saiseiiryo.mhlw.go.jp/published_plan/download/02C1905098/5/1|https://saiseiiryo.mhlw.go.jp/published_plan/download/02C1905098/5/2|https://saiseiiryo.mhlw.go.jp/published_plan/download/02C1905098/5/3
possible_missing,strong_msk,3,東京都,医療法人社団ことのは　両国きたむら整形外科,墨田区両国3-19-5　シュタム両国ビル2階,自己多血小板血漿(PRP)を用いた筋・腱・靭帯等、損傷した運動器組織再生治療,0.6122,P00188,医療法人社団M-TAC 文京整形外科,自家多血小板血漿（PRP）を用いた筋肉、腱、靭帯、筋膜の損傷及び慢性炎症の治療,,,,,https://saiseiiryo.mhlw.go.jp/published_plan/download/02C2606060/5/0
possible_missing,strong_msk,3,東京都,医療法人社団しぜん会　まつだ整形外科・リウマチ科,練馬区中村北1-10-12メディカルポート2階,自己多血小板血漿(PRP)を用いた筋・腱・靭帯等の軟部組織治療,0.6713,P00209,医療法人社団アーツメディック さかい整形外科,多血小板血漿（PRP）を用いた筋、腱、靭帯への治療,,,,,https://saiseiiryo.mhlw.go.jp/published_plan/download/02C1912131/5/0|https://saiseiiryo.mhlw.go.jp/published_plan/download/02C1912131/5/1
possible_missing,strong_msk,3,東京都,"医療法人社団スポーツメディカル
八王子スポーツ整形外科",八王子市中町5-1 八王子中町ビル3・4・6階,多血小板血漿(PRP)の投与によるスポーツ外傷を含む筋、腱、靱帯損傷治療,0.7419,P00305,SBC整形外科クリニック西新宿本院,多血小板血漿（PRP）の投与によるスポーツ外傷を含む筋、腱、靱帯損傷治療,,,,,https://saiseiiryo.mhlw.go.jp/published_plan/download/02C2307023/5/0|https://saiseiiryo.mhlw.go.jp/published_plan/download/02C2307023/5/1
possible_missing,strong_msk,3,東京都,医療法人社団下田緑眞会 世田谷北部病院,世田谷区南烏山2丁目9-17,腱、筋、靭帯等、関節腔外の筋骨格支持組織に対するPRP治療,0.3382,P00186,医療法人社団ARen 大森整形外科,整形外科領域におけるPRP治療（血流部位への投与）,,,,,https://saiseiiryo.mhlw.go.jp/published_plan/download/02C2512023/5/0
possible_missing,strong_msk,3,東京都,医療法人社団中川整形外科,世田谷区用賀４－１３－８プリモメゾン用賀１Ｆ,四肢の筋・腱・靱帯及びその付着部の傷害を対象とした自家多血小板血漿（PRP）注入療法,0.8153,P00303,一般社団法人雲動会 あおぞらクリニック整形外科,四肢の筋・腱・靱帯及びその付着部の傷害を対象とした自家多血小板血漿（PRP）注入療法,,,,,https://saiseiiryo.mhlw.go.jp/published_plan/download/01C2504014/5/0
possible_missing,strong_msk,3,東京都,医療法人社団健翔会　豊島長崎クリニック,豊島区長崎4-25-15,自己多血小板血漿(PRP)を用いた筋・腱・靭帯等の軟部組織ペイン治療,0.6197,P00209,医療法人社団アーツメディック さかい整形外科,多血小板血漿（PRP）を用いた筋、腱、靭帯への治療,,,,,https://saiseiiryo.mhlw.go.jp/published_plan/download/02C1912115/5/0
possible_missing,strong_msk,3,東京都,医療法人社団充幸会　髙見澤整形外科クリニック,小金井市梶野町五丁目11番5号パピスプラザ205号室,多血小板血漿（PRP）を用いた筋、腱損傷の治療,0.7012,P00209,医療法人社団アーツメディック さかい整形外科,多血小板血漿（PRP）を用いた筋、腱、靭帯への治療,,,,,https://saiseiiryo.mhlw.go.jp/published_plan/download/01C2211044/5/0
possible_missing,strong_msk,3,東京都,"医療法人社団全心会
ぜんしん整形外科　立川スポーツリハビリクリニック",立川市曙町2-11-2 フロム中武7階,自家多血小板血漿（Platelet-Rich Plasma：PRP）を用いた筋肉、腱、靭帯、筋膜の損傷及び慢性炎症の治療（関節外の軟部組織）,0.6628,P00309,医療法人社団医生会 わせだ整形外科,自家多血小板血漿（PRP）を用いた筋肉、腱、靭帯、筋膜の損傷及び慢性炎症の治療（関節外の軟部組織）,,,,,https://saiseiiryo.mhlw.go.jp/published_plan/download/01C2409054/5/0
possible_missing,strong_msk,3,東京都,"医療法人社団円徳
慶友整形外科脊椎関節病院",足立区足立1-12-12　足立メディカルモール4F～8F,四肢の靭帯、筋腱付着部およびスポーツ傷害（筋・腱・靭帯）を対象とした自家多血小板血漿（PRP）注入療法,0.659,P00298,東京城南整形外科,四肢の靭帯、筋腱付着部およびスポーツ傷害を対象とした自家多血小板血漿（PRP）注入療法,,,,,https://saiseiiryo.mhlw.go.jp/published_plan/download/01C2309059/5/0
possible_missing,strong_msk,3,東京都,医療法人社団博栄会　赤羽中央総合病院,北区志茂一丁目19番14号,自己多血小板血漿(PRP)を用いた整形外科領域における軟部組織治療,0.7975,P00296,公益財団法人日産厚生会 玉川病院,自己多血小板血漿（PRP）を用いた整形外科領域における軟部組織治療,,,,,https://saiseiiryo.mhlw.go.jp/published_plan/download/03C2203019/5/0
possible_missing,strong_msk,3,東京都,医療法人社団喜美会　自由が丘クリニック,目黒区八雲3-12-10 パークヴィラ2F,自家多血小板血漿（Platelet-Rich Plasma：PRP）を用いた筋肉、腱、靭帯、筋膜の損傷及び慢性炎症の治療（関節外の軟部組織）,0.6424,P00309,医療法人社団医生会 わせだ整形外科,自家多血小板血漿（PRP）を用いた筋肉、腱、靭帯、筋膜の損傷及び慢性炎症の治療（関節外の軟部組織）,,,,,https://saiseiiryo.mhlw.go.jp/published_plan/download/01C2508074/5/0|https://saiseiiryo.mhlw.go.jp/published_plan/download/01C2508074/5/1
possible_missing,strong_msk,3,東京都,医療法人社団山本・前田記念会　前田病院,東久留米市中央町五丁目１３番３４号,自己多血小板血漿(PRP)を用いた整形外科領域における軟部組織治療,0.7975,P00296,公益財団法人日産厚生会 玉川病院,自己多血小板血漿（PRP）を用いた整形外科領域における軟部組織治療,,,,,https://saiseiiryo.mhlw.go.jp/published_plan/download/02C2206037/5/0
possible_missing,strong_msk,3,東京都,医療法人社団平成会　たいら整形外科クリニック,練馬区土支田2-29-19　1F,自家多血小板血漿（Platelet-rich plasma：PRP）を用いた筋肉、腱、靭帯、筋膜の損傷及び慢性炎症の治療（関節外の軟部組織）,0.7228,P00309,医療法人社団医生会 わせだ整形外科,自家多血小板血漿（PRP）を用いた筋肉、腱、靭帯、筋膜の損傷及び慢性炎症の治療（関節外の軟部組織）,,,,,https://saiseiiryo.mhlw.go.jp/published_plan/download/01C2210028/5/0
possible_missing,strong_msk,3,東京都,医療法人社団幸神会　下北沢DOクリニック,世田谷区北沢2-14-14,多血小板血漿を用いた整形外科領域（関節腔内への投与を除く）の治療,0.7857,P00308,キヤンメディカルクリニック虎ノ門,多血小板血漿を用いた整形外科領域（関節腔内への投与を除く）の治療,,,,,https://saiseiiryo.mhlw.go.jp/published_plan/download/01C2407032/5/0
possible_missing,strong_msk,3,東京都,"医療法人社団幹葉会
南青山外苑前整形外科リハビリテーション科クリニック","港区南青山2丁目27-27
丸八青山ビル5F",自家多血小板血漿（Platelet-Rich Plasma：PRP）を用いた筋肉、腱、靭帯、筋膜の損傷及び慢性炎症の治療（関節外の軟部組織）,0.6548,P00309,医療法人社団医生会 わせだ整形外科,自家多血小板血漿（PRP）を用いた筋肉、腱、靭帯、筋膜の損傷及び慢性炎症の治療（関節外の軟部組織）,,,,,https://saiseiiryo.mhlw.go.jp/published_plan/download/01C2503066/5/0
possible_missing,strong_msk,3,東京都,医療法人社団康静会　赤羽ウェルネスクリニック,北区赤羽2丁目15-10,多血小板血漿(Platelet-rich plasma：PRP)を用いた整形外科領域における軟部組織治療,0.5827,P00295,一般社団法人東京LAB 高輪ゲートウェイ駅前整形外科クリニック,多血小板血漿（PRP）を用いた整形外科領域における軟部組織治療,,,,,https://saiseiiryo.mhlw.go.jp/published_plan/download/02C2606097/5/0
possible_missing,strong_msk,3,東京都,医療法人社団彩康会　十条整形外科リハビリクリニック,北区十条仲原1-28-13　ラファエーラ十条２F,自家多血小板血漿（PRP）を用いた筋腱付着部およびスポーツ傷害（筋・腱・靭帯）の治療,0.5885,P00209,医療法人社団アーツメディック さかい整形外科,多血小板血漿（PRP）を用いた筋、腱、靭帯への治療,,,,,https://saiseiiryo.mhlw.go.jp/published_plan/download/01C2604065/5/0
possible_missing,strong_msk,3,東京都,"医療法人社団心愛会
麻布台ビューティセルクリニック",港区麻布台1-11-5 Village Azabudai 2F,自家多血小板血漿（Platelet-Rich Plasma：PRP）を用いた筋肉、腱、靭帯、筋膜の損傷及び慢性炎症の治療（関節外の軟部組織）,0.6152,P00309,医療法人社団医生会 わせだ整形外科,自家多血小板血漿（PRP）を用いた筋肉、腱、靭帯、筋膜の損傷及び慢性炎症の治療（関節外の軟部組織）,,,,,https://saiseiiryo.mhlw.go.jp/published_plan/download/01C2507025/5/0|https://saiseiiryo.mhlw.go.jp/published_plan/download/01C2507025/5/1
possible_missing,strong_msk,3,東京都,"医療法人社団快晴会
すがも北口整形外科クリニック",豊島区巣鴨2-3-10 森川第1ビル3階,自家多血小板血漿(PRP)の投与によるスポーツ外傷を含む筋、腱、靱帯損傷治療,0.741,P00305,SBC整形外科クリニック西新宿本院,多血小板血漿（PRP）の投与によるスポーツ外傷を含む筋、腱、靱帯損傷治療,,,,,https://saiseiiryo.mhlw.go.jp/published_plan/download/03C2207011/5/0
possible_missing,strong_msk,3,東京都,医療法人社団慶光会 大城クリニック,新宿区信濃町34 JR信濃町駅ビル2F,自己多血小板血漿(PRP)を用いた筋・腱・靭帯等の軟部組織再生治療,0.6383,P00209,医療法人社団アーツメディック さかい整形外科,多血小板血漿（PRP）を用いた筋、腱、靭帯への治療,,,,,https://saiseiiryo.mhlw.go.jp/published_plan/download/01C1911015/5/0
possible_missing,strong_msk,3,東京都,医療法人社団慶晃会 世田谷玉川 整形外科内科クリニック,世田谷区上野毛1-9-11玉川ビル,多血小板血漿(Platelet-rich plasma :PRP)を用いた整形外科領域における軟部組織修復治療,0.5991,P00301,一般社団法人SOL SOL整形外科世田谷スポーツクリニック,多血小板血漿（PRP）を用いた整形外科領域における軟部組織治療,,,,,https://saiseiiryo.mhlw.go.jp/published_plan/download/02C2510020/5/0|https://saiseiiryo.mhlw.go.jp/published_plan/download/02C2510020/5/1
possible_missing,strong_msk,3,東京都,医療法人社団慶永会　徳永整形外科,東京都世田谷区喜多見８丁目１８−１０　２F,四肢の靭帯、筋腱付着部およびスポーツ傷害（筋・腱・靭帯）を対象とした自家多血小板血漿（PRP）注入療法,0.6864,P00298,東京城南整形外科,四肢の靭帯、筋腱付着部およびスポーツ傷害を対象とした自家多血小板血漿（PRP）注入療法,,,,,https://saiseiiryo.mhlw.go.jp/published_plan/download/01C2206031/5/0|https://saiseiiryo.mhlw.go.jp/published_plan/download/01C2206031/5/1|https://saiseiiryo.mhlw.go.jp/published_plan/download/01C2206031/5/2
possible_missing,strong_msk,3,東京都,医療法人社団成煌会　瑞江整形外科,江戸川区瑞江4-45-1,自己多血小板血漿(PRP)を用いた筋・腱・靭帯等、損傷した運動器組織再生治療,0.6516,P00188,医療法人社団M-TAC 文京整形外科,自家多血小板血漿（PRP）を用いた筋肉、腱、靭帯、筋膜の損傷及び慢性炎症の治療,,,,,https://saiseiiryo.mhlw.go.jp/published_plan/download/01C1908039/5/0
possible_missing,strong_msk,3,東京都,医療法人社団敬和慶友会 自由が丘くびと腰の整形外科関節のクリニック,"世田谷区奥沢5-20-22 フレア3.6.9  2F,3F",自己多血小板血漿（Platelet-rich plasma : PRP)を用いた整形外科領域における軟部組織治療,0.5777,P00301,一般社団法人SOL SOL整形外科世田谷スポーツクリニック,多血小板血漿（PRP）を用いた整形外科領域における軟部組織治療,,,,,https://saiseiiryo.mhlw.go.jp/published_plan/download/02C2410056/5/0
possible_missing,strong_msk,3,東京都,医療法人社団晴美会　麹町リバース今井整形外科クリニック,千代田区麹町4-2-12-1F,自己多血小板血漿（PRP)を用いた、運動器組織再生療法（主に筋・腱・靱帯）,0.5573,P00209,医療法人社団アーツメディック さかい整形外科,多血小板血漿（PRP）を用いた筋、腱、靭帯への治療,,,,,https://saiseiiryo.mhlw.go.jp/published_plan/download/01C2309002/5/0
possible_missing,strong_msk,3,東京都,医療法人社団最匠会　光伸メディカルクリニック,新宿区北新宿二丁目21番1号新宿フロントタワー3階301区I・J・K室,自己多血小板血漿（PRP)を活用した、運動器周辺組織再生療法（主に筋・腱・靱帯）,0.5416,P00209,医療法人社団アーツメディック さかい整形外科,多血小板血漿（PRP）を用いた筋、腱、靭帯への治療,,,,,https://saiseiiryo.mhlw.go.jp/published_plan/download/01C2401012/5/0
possible_missing,strong_msk,3,東京都,医療法人社団松和会 池上総合病院,大田区池上六丁目１番１９号,「自己多血小板血漿（PRP）を用いた筋肉、腱、靭帯、筋膜（関節外の軟部組織）の治療」,0.6594,P00310,社会医療法人社団東京巨樹の会 東京品川病院,自家多血小板血漿（PRP）を用いた筋肉、腱、靭帯、筋膜の損傷及び慢性炎症の治療（関節外の軟部組織）,,,,,https://saiseiiryo.mhlw.go.jp/published_plan/download/01C2511037/5/0
possible_missing,strong_msk,3,東京都,医療法人社団森羅　北砂2丁目だい整形外科,江東区北砂２丁目8-5　ルナパレス1F,自家多血小板血漿（Platelet-Rich Plasma：PRP）を用いた筋肉、腱、靭帯、筋膜の損傷及び慢性炎症の治療（関節外の軟部組織）,0.7377,P00309,医療法人社団医生会 わせだ整形外科,自家多血小板血漿（PRP）を用いた筋肉、腱、靭帯、筋膜の損傷及び慢性炎症の治療（関節外の軟部組織）,,,,,https://saiseiiryo.mhlw.go.jp/published_plan/download/01C2608004/5/0
possible_missing,strong_msk,3,東京都,医療法人社団洪泳会 東京洪誠病院,足立区西新井栄町1-17-25,多血小板血漿(PRP)の投与によるスポーツ外傷を含む筋、腱、靱帯損傷治療,0.6875,P00305,SBC整形外科クリニック西新宿本院,多血小板血漿（PRP）の投与によるスポーツ外傷を含む筋、腱、靱帯損傷治療,,,,,https://saiseiiryo.mhlw.go.jp/published_plan/download/02C2507008/5/0|https://saiseiiryo.mhlw.go.jp/published_plan/download/02C2507008/5/1
possible_missing,strong_msk,3,東京都,医療法人社団熊野前医院　たいら整形外科,荒川区東尾久4-3-9,自家多血小板血漿（PRP）を用いた筋腱付着部およびスポーツ障害（筋・腱・靭帯）の治療,0.6412,P00209,医療法人社団アーツメディック さかい整形外科,多血小板血漿（PRP）を用いた筋、腱、靭帯への治療,,,,,https://saiseiiryo.mhlw.go.jp/published_plan/download/01C2503056/5/0
possible_missing,strong_msk,3,東京都,医療法人社団研裕会　紀尾井町プラザクリニック歯科・美容外科,千代田区紀尾井町3番12号　紀尾井町ビル　2階,多増殖因子血漿（PRGF）を用いた筋肉、腱、靭帯、筋膜の損傷及び慢性炎症の治療（関節腔外に限る）,0.6025,P00309,医療法人社団医生会 わせだ整形外科,自家多血小板血漿（PRP）を用いた筋肉、腱、靭帯、筋膜の損傷及び慢性炎症の治療（関節外の軟部組織）,,,,,https://saiseiiryo.mhlw.go.jp/published_plan/download/01C2505053/5/0
possible_missing,strong_msk,3,東京都,医療法人社団育生会　私のクリニック目白,豊島区目白1-4-1 ホテルメッツ目白1F,自己多血小板血漿（PRP)を用いた、関節周囲の痛みの治療,0.5701,P00209,医療法人社団アーツメディック さかい整形外科,多血小板血漿（PRP）を用いた筋、腱、靭帯への治療,,,,,https://saiseiiryo.mhlw.go.jp/published_plan/download/01C2005002/5/0
possible_missing,strong_msk,3,東京都,"医療法人社団舜成会　
西国立整形外科クリニック",立川市羽衣町 2-49-7,自己多血小板血漿（PRP）を用いた筋・腱・靭帯の損傷組織修復療法,0.6438,P00209,医療法人社団アーツメディック さかい整形外科,多血小板血漿（PRP）を用いた筋、腱、靭帯への治療,,,,,https://saiseiiryo.mhlw.go.jp/published_plan/download/01C2207058/5/0
possible_missing,strong_msk,3,東京都,医療法人社団菫会　目黒病院,目黒区中央町２-１２-６,自己多血小板血漿(PRP)を用いた整形外科領域における軟部組織治療,0.823,P00296,公益財団法人日産厚生会 玉川病院,自己多血小板血漿（PRP）を用いた整形外科領域における軟部組織治療,,,,,https://saiseiiryo.mhlw.go.jp/published_plan/download/01C1902050/5/0
possible_missing,strong_msk,3,東京都,"医療法人社団貴陽会
ラカンクリニック東京 麻布台","港区麻布台1丁目3番1号
麻布台ヒルズ森JPタワー4階",自己多血小板血漿(Platelet-Rich Plasma：PRP)を用いた筋損傷・腱障害・靭帯損傷(関節外に限る)の治療,0.4706,P00209,医療法人社団アーツメディック さかい整形外科,多血小板血漿（PRP）を用いた筋、腱、靭帯への治療,,,,,https://saiseiiryo.mhlw.go.jp/published_plan/download/01C2507055/5/0
possible_missing,strong_msk,3,東京都,"医療法人社団進誠会
豪徳寺整形外科クリニック",世田谷区豪徳寺2丁目31-8ハイム和泉102,自家多血小板血漿(Platelet-rich plasma:PRP)を用いた筋肉、腱、靭帯、筋膜の損傷及び慢性炎症の治療(関節腔外に限る),0.6719,P00309,医療法人社団医生会 わせだ整形外科,自家多血小板血漿（PRP）を用いた筋肉、腱、靭帯、筋膜の損傷及び慢性炎症の治療（関節外の軟部組織）,,,,,https://saiseiiryo.mhlw.go.jp/published_plan/download/01C2409070/5/0
possible_missing,strong_msk,3,東京都,医療法人社団青和会　井上整形外科,台東区浅草四丁目41番6号,多血小板血漿(PRP)の投与によるスポーツ外傷を含む筋、腱、靱帯損傷治療,0.77,P00305,SBC整形外科クリニック西新宿本院,多血小板血漿（PRP）の投与によるスポーツ外傷を含む筋、腱、靱帯損傷治療,,,,,https://saiseiiryo.mhlw.go.jp/published_plan/download/02C2101010/5/0|https://saiseiiryo.mhlw.go.jp/published_plan/download/02C2101010/5/1
possible_missing,strong_msk,3,東京都,医療法人社団顕伊会　さい整形外科クリニック,葛飾区堀切3丁目35-10 ｙビル101,多血小板血漿（Platelet-rich plasma：PRP）を用いた筋、腱、靭帯損傷、肩腱板損傷に対する治療,0.566,P00209,医療法人社団アーツメディック さかい整形外科,多血小板血漿（PRP）を用いた筋、腱、靭帯への治療,,,,,https://saiseiiryo.mhlw.go.jp/published_plan/download/01C1907070/5/0
possible_missing,strong_msk,3,東京都,"医療法人美喜有会
リペアセルクリニック 東京院","港区海岸一丁目16番1号 
ニューピア竹芝サウスタワー 3階",自家多血小板血漿を用いた筋腱炎・靭帯炎の治療,0.6,P00209,医療法人社団アーツメディック さかい整形外科,多血小板血漿（PRP）を用いた筋、腱、靭帯への治療,,,,,https://saiseiiryo.mhlw.go.jp/published_plan/download/02C2604069/5/0
possible_missing,strong_msk,3,東京都,医療法人財団　健貢会　東京クリニック,千代田区大手町二丁目2番1号　新大手町ビル1階,筋肉・腱・靭帯・筋膜の損傷及び慢性炎症に対する多血小板血漿（PRP）投与療法,0.4534,P00303,一般社団法人雲動会 あおぞらクリニック整形外科,四肢の筋・腱・靱帯及びその付着部の傷害を対象とした自家多血小板血漿（PRP）注入療法,,,,,https://saiseiiryo.mhlw.go.jp/published_plan/download/01C2407053/5/0
possible_missing,strong_msk,3,東京都,医療法人財団檜扇会 クリニック 東京虎ノ門ＣＯＲ,港区虎ノ門四丁目１番１７号　神谷町プライムプレイス２階,自己多血小板血漿（PRP)による捻挫、骨折治癒促進、靭帯損傷、腱鞘炎、アキレス腱炎の治療,0.4189,P00188,医療法人社団M-TAC 文京整形外科,自家多血小板血漿（PRP）を用いた筋肉、腱、靭帯、筋膜の損傷及び慢性炎症の治療,,,,,https://saiseiiryo.mhlw.go.jp/published_plan/download/02C2404036/5/0|https://saiseiiryo.mhlw.go.jp/published_plan/download/02C2404036/5/1|https://saiseiiryo.mhlw.go.jp/published_plan/download/02C2404036/5/2
possible_missing,strong_msk,3,東京都,十条整形外科リハビリクリニック,北区十条仲原1－28－13ラファエーラ十条2階,四肢の靭帯、筋腱付着部およびスポーツ傷害（筋・腱・靭帯）を対象とした自家多血小板血漿（PRP）注入療法,0.6864,P00298,東京城南整形外科,四肢の靭帯、筋腱付着部およびスポーツ傷害を対象とした自家多血小板血漿（PRP）注入療法,,,,,https://saiseiiryo.mhlw.go.jp/published_plan/download/01C2209017/5/0|https://saiseiiryo.mhlw.go.jp/published_plan/download/01C2209017/5/1
possible_missing,strong_msk,3,東京都,千歳船橋整形外科スポーツ・リハビリクリニック,東京都世田谷区船橋1-9-21 マルエツ千歳船橋店3階,自家多血小板血漿（Platelet-Rich Plasma：PRP）を用いた筋肉、腱、靭帯、筋膜の損傷及び慢性炎症の治療（関節外の軟部組織）,0.638,P00182,三宿通り整形外科クリニック,自家多血小板血漿（PRP）を用いた筋肉、腱、靭帯、筋膜の損傷及び慢性炎症の治療,,,,,https://saiseiiryo.mhlw.go.jp/published_plan/download/01C2504022/5/0
possible_missing,strong_msk,3,東京都,南新宿整形外科リハビリテーションクリニック,"渋谷区代々木二丁目１６番７号　
山葉ビルメディカルセンター４階",自己多血小板血漿（Platelet-rich plasma : PRP)を用いた整形外科領域における軟部組織治療,0.596,P00301,一般社団法人SOL SOL整形外科世田谷スポーツクリニック,多血小板血漿（PRP）を用いた整形外科領域における軟部組織治療,,,,,https://saiseiiryo.mhlw.go.jp/published_plan/download/01C2011007/5/0
possible_missing,strong_msk,3,東京都,女性のための整形外科かおるこHappyクリニック,東京都千代⽥区内幸町１丁⽬１−１ 本館4F 帝国ホテル,自己多血小板血漿(PRP)を用いた筋・腱・靱帯損傷部の治癒促進を目的とした整形外科治療,0.6838,P00304,RiCarna Clinic,自己多血小板血漿（PRP）を用いた筋・腱・靱帯損傷部の治癒促進を目的とした整形外科治療,,,,,https://saiseiiryo.mhlw.go.jp/published_plan/download/01C2106016/5/0
possible_missing,broad_msk,3,東京都,女性のための整形外科かおるこHappyクリニック,千代⽥区内幸町１丁⽬１−１本館4F 帝国ホテル,自己多血小板血漿(PRP)を用いた薄毛治療,0.5522,P00182,三宿通り整形外科クリニック,自家多血小板血漿（PRP）を用いた筋肉、腱、靭帯、筋膜の損傷及び慢性炎症の治療,,,,,https://saiseiiryo.mhlw.go.jp/published_plan/download/01C2112025/5/0
possible_missing,strong_msk,3,東京都,新柴又駅前広場クリニック,葛飾区柴又5丁目8-3 グランコート1階,四肢の筋・腱・靱帯及びその付着部の傷害を対象とした自家多血小板血漿（PRP）注入療法,0.7894,P00303,一般社団法人雲動会 あおぞらクリニック整形外科,四肢の筋・腱・靱帯及びその付着部の傷害を対象とした自家多血小板血漿（PRP）注入療法,,,,,https://saiseiiryo.mhlw.go.jp/published_plan/download/01C2510040/5/0
possible_missing,strong_msk,3,東京都,日本大学病院,千代田区神田駿河台１丁目６,自己多血小板血漿（PRP）による靭帯、腱、筋肉、筋膜の損傷及び炎症の治療,0.6189,P00299,慶應義塾大学病院,自己多血小板血漿（PRP）を用いた靭帯・腱・腱付着部・筋肉の損傷に対する治療,,,,,https://saiseiiryo.mhlw.go.jp/published_plan/download/01C2409024/5/0
possible_missing,strong_msk,3,東京都,日本橋えがわクリニック,中央区八重洲1－4－10 八重洲仲通りビル8階,自己多血小板血漿(PRP)を用いた筋・腱・靭帯損傷治療,0.6226,P00184,上石神井オチクリニック整形外科,自己多血小板血漿（PRP）療法（筋・腱・靭帯損傷）,,,,,https://saiseiiryo.mhlw.go.jp/published_plan/download/02C2503038/5/0
possible_missing,strong_msk,3,東京都,明大前整形外科クリニック,世田谷区松原1丁目38-25,⾃家多⾎⼩板⾎漿（Platelet-rich plasma：PRP）を⽤いた筋⾁、腱、靭帯、筋膜の損傷及び慢性炎症の治療（関節外の軟部組織）,0.7219,P00182,三宿通り整形外科クリニック,自家多血小板血漿（PRP）を用いた筋肉、腱、靭帯、筋膜の損傷及び慢性炎症の治療,,,,,https://saiseiiryo.mhlw.go.jp/published_plan/download/01C2503079/5/0
possible_missing,strong_msk,3,東京都,東京医科大学病院,新宿区西新宿6-7-1,スポーツ傷害（筋・腱・靭帯）を対象とした自己多血小板血漿注入療法,0.5438,P00298,東京城南整形外科,四肢の靭帯、筋腱付着部およびスポーツ傷害を対象とした自家多血小板血漿（PRP）注入療法,,,,,https://saiseiiryo.mhlw.go.jp/published_plan/download/03C2208002/5/0|https://saiseiiryo.mhlw.go.jp/published_plan/download/03C2208002/5/1
possible_missing,strong_msk,3,東京都,東京整形外科,調布市富士見町1-6-2 TAOビル3F,自家多血小板血漿（Platelet-rich plasma：PRP）を用いた筋肉、腱、靭帯、筋膜の損傷及び慢性炎症の治療（関節外の軟部組織）,0.6682,P00302,AR-Ex尾山台整形外科,自家多血小板血漿（PRP）を用いた筋肉、腱、靭帯、筋膜の損傷及び慢性炎症の治療（関節外の軟部組織）,,,,,https://saiseiiryo.mhlw.go.jp/published_plan/download/02C2309037/5/0
possible_missing,strong_msk,3,東京都,東京科学大学病院,文京区湯島一丁目5番45号,筋・腱・靭帯損傷・障害部へのPRP注射,0.325,P00298,東京城南整形外科,四肢の靭帯、筋腱付着部およびスポーツ傷害を対象とした自家多血小板血漿（PRP）注入療法,,,,,https://saiseiiryo.mhlw.go.jp/published_plan/download/03C2604023/5/0
possible_missing,strong_msk,3,東京都,東邦大学医療センター大森病院,大田区大森西6-11-1,自家多血小板血漿（Platelet-rich plasma：PRP）を用いた筋肉、腱、靭帯、筋膜の損傷及び慢性炎症の治療（関節外の軟部組織）,0.5647,P00310,社会医療法人社団東京巨樹の会 東京品川病院,自家多血小板血漿（PRP）を用いた筋肉、腱、靭帯、筋膜の損傷及び慢性炎症の治療（関節外の軟部組織）,,,,,https://saiseiiryo.mhlw.go.jp/published_plan/download/03C2412027/5/0
possible_missing,strong_msk,3,東京都,東邦大学医療センター大橋病院,目黒区大橋二丁目２２番３６号,自己多血小板血漿（Platelet-rich plasma:PRP）を用いた整形外科領域における筋肉、腱、靭帯などの軟部組織損傷に対する治療,0.4633,P00299,慶應義塾大学病院,自己多血小板血漿（PRP）を用いた靭帯・腱・腱付着部・筋肉の損傷に対する治療,,,,,https://saiseiiryo.mhlw.go.jp/published_plan/download/03C2412025/5/0
possible_missing,strong_msk,3,東京都,江戸川区まつもと整形外科,江戸川区松本1-34-7 3F,自家多血小板血漿（PRP）の投与によるスポーツ外傷を含む筋・腱・靱帯損傷治療,0.6644,P00305,SBC整形外科クリニック西新宿本院,多血小板血漿（PRP）の投与によるスポーツ外傷を含む筋、腱、靱帯損傷治療,,,,,https://saiseiiryo.mhlw.go.jp/published_plan/download/01C2603071/5/0
possible_missing,strong_msk,3,東京都,池尻大橋せらクリニック,東京都目黒区大橋2-22-42 No.R池尻大橋4F,自家多血小板血漿(Platelet-rich plasma:PRP)を用いた筋肉、腱、靭帯、筋膜の損傷及び慢性炎症の治療（関節腔外に限る）,0.5928,P00182,三宿通り整形外科クリニック,自家多血小板血漿（PRP）を用いた筋肉、腱、靭帯、筋膜の損傷及び慢性炎症の治療,,,,,https://saiseiiryo.mhlw.go.jp/published_plan/download/01C2403007/5/0
possible_missing,strong_msk,3,東京都,独立行政法人労働者健康安全機構　東京労災病院,大田区大森南４－１３－２１,多血小板血漿を用いた靭帯・筋・腱及び腱付着部の機能障害・疾患の治療,0.5505,P00183,三軒茶屋整形外科・スポーツクリニック,多血小板血漿を用いた靭帯・腱及び腱付着部の機能障害・疾患の治療,,,,,https://saiseiiryo.mhlw.go.jp/published_plan/download/01C2003033/5/0
possible_missing,strong_msk,3,東京都,白山リハビリ整形外科,文京区白山１丁目３３－１８　白山NTビル4階,自家多血小板血漿（PRP）を用いた筋腱付着部およびスポーツ傷害（筋・腱・靭帯）の治療,0.5254,P00302,AR-Ex尾山台整形外科,自家多血小板血漿（PRP）を用いた筋肉、腱、靭帯、筋膜の損傷及び慢性炎症の治療（関節外の軟部組織）,,,,,https://saiseiiryo.mhlw.go.jp/published_plan/download/01C2509004/5/0
possible_missing,strong_msk,3,東京都,白金高輪やまと整形外科,港区三田5-12-7 プラウドフラット白金高輪 1階,自家多血小板血漿（Platelet-Rich Plasma：PRP）を用いた筋肉、腱、靭帯、筋膜の損傷及び慢性炎症の治療（関節外の軟部組織）,0.6212,P00302,AR-Ex尾山台整形外科,自家多血小板血漿（PRP）を用いた筋肉、腱、靭帯、筋膜の損傷及び慢性炎症の治療（関節外の軟部組織）,,,,,https://saiseiiryo.mhlw.go.jp/published_plan/download/01C2508067/5/0|https://saiseiiryo.mhlw.go.jp/published_plan/download/01C2508067/5/1
possible_missing,strong_msk,3,東京都,目黒ひざ＆形成外科クリニック,品川区上大崎二丁目13番26号 メイプルトップビル6F,自己多血小板血漿（PRP）を用いた整形外科領域における軟部組織治療,0.709,P00301,一般社団法人SOL SOL整形外科世田谷スポーツクリニック,多血小板血漿（PRP）を用いた整形外科領域における軟部組織治療,,,,,https://saiseiiryo.mhlw.go.jp/published_plan/download/01C2603053/5/0
possible_missing,strong_msk,3,東京都,社会医療法人財団　仁医会　牧田総合病院,大田区西蒲田8丁目20番1号,多血小板血漿(Platelet-rich plasma :PRP)を用いた整形外科領域における軟部組織修復治療,0.5435,P00296,公益財団法人日産厚生会 玉川病院,自己多血小板血漿（PRP）を用いた整形外科領域における軟部組織治療,,,,,https://saiseiiryo.mhlw.go.jp/published_plan/download/02C2602063/5/0
possible_missing,strong_msk,3,東京都,"社会福祉法人　みどり福祉会
B&Jクリニック　お茶の水","千代田区神田駿河台2-1-47
廣瀬お茶の水ビル5F",自家多血小板血漿（PRP）を用いた筋腱付着部炎、筋腱炎、靭帯損傷（関節外に限る）治療,0.5107,P00182,三宿通り整形外科クリニック,自家多血小板血漿（PRP）を用いた筋肉、腱、靭帯、筋膜の損傷及び慢性炎症の治療,,,,,https://saiseiiryo.mhlw.go.jp/published_plan/download/02C1909198/5/0
possible_missing,strong_msk,3,東京都,社会福祉法人同愛記念病院財団 同愛記念病院,墨田区横網二丁目1番11号,自家多血小板血漿（Platelet-rich plasma：PRP）を用いた筋肉、腱、靭帯、筋膜の損傷及び慢性炎症の治療（関節外の軟部組織）,0.5932,P00310,社会医療法人社団東京巨樹の会 東京品川病院,自家多血小板血漿（PRP）を用いた筋肉、腱、靭帯、筋膜の損傷及び慢性炎症の治療（関節外の軟部組織）,,,,,https://saiseiiryo.mhlw.go.jp/published_plan/download/03C2502007/5/0
possible_missing,strong_msk,3,東京都,社会福祉法人賛育会　賛育会病院,墨田区太平3-20-2,自己多血小板血漿（PRP)を用いた、運動器組織再生療法（主に筋・腱・靱帯）,0.483,P00297,北里大学北里研究所病院,自己多血小板血漿（PRP）を用いた運動器軟部組織損傷の治療,,,,,https://saiseiiryo.mhlw.go.jp/published_plan/download/03C2506013/5/0
possible_missing,strong_msk,3,東京都,神谷整形外科・眼科,世田谷区弦巻1-35-20,自己多血小板血漿(PRP)を用いた整形療法,0.5745,P00184,上石神井オチクリニック整形外科,自己多血小板血漿（PRP）療法（筋・腱・靭帯損傷）,,,,,https://saiseiiryo.mhlw.go.jp/published_plan/download/02C1910144/5/0|https://saiseiiryo.mhlw.go.jp/published_plan/download/02C1910144/5/1
possible_missing,strong_msk,3,東京都,羽田内科医院,世田谷区豪徳寺1-46-20　鈴和ビル１F,自己多血小板血漿(PRP)を用いた筋・腱・靭帯損傷などに対するPRPの経皮的投与,0.4362,P00299,慶應義塾大学病院,自己多血小板血漿（PRP）を用いた靭帯・腱・腱付着部・筋肉の損傷に対する治療,,,,,https://saiseiiryo.mhlw.go.jp/published_plan/download/02C2111033/5/0
possible_missing,strong_msk,3,東京都,葛西駅前あおぞら整形外科クリニック,江戸川区中葛西5-42-8 須三ビル4,多血小板血漿を用いた関節炎治療（第３種再生医療）,0.524,P00182,三宿通り整形外科クリニック,自家多血小板血漿（PRP）を用いた筋肉、腱、靭帯、筋膜の損傷及び慢性炎症の治療,,,,,https://saiseiiryo.mhlw.go.jp/published_plan/download/01C2507072/5/0
possible_missing,strong_msk,3,東京都,運動器クリニック市ヶ谷,千代田区五番町2番地9 ESCALIER五番町 １階,自己多血小板血漿（PRP）を用いた整形外科領域における軟部組織治療,0.66,P00296,公益財団法人日産厚生会 玉川病院,自己多血小板血漿（PRP）を用いた整形外科領域における軟部組織治療,,,,,https://saiseiiryo.mhlw.go.jp/published_plan/download/01C2512048/5/0
possible_missing,strong_msk,3,東京都,都立大整形外科クリニック,"目黒区平町1丁目26-3
スミール都立大2F",⾃家多⾎⼩板⾎漿（Platelet-rich plasma：PRP）を⽤いた筋⾁、腱、靭帯、筋膜の損傷及び慢性炎症の治療（関節外の軟部組織）,0.7219,P00182,三宿通り整形外科クリニック,自家多血小板血漿（PRP）を用いた筋肉、腱、靭帯、筋膜の損傷及び慢性炎症の治療,,,,,https://saiseiiryo.mhlw.go.jp/published_plan/download/01C2503077/5/0
possible_missing,strong_msk,3,東京都,陽だまりクリニック 六本木院,"港区六本木6丁目1-26
六本木天城ビル 3F",PRP(多血小板血漿Platelet Rich Plasma)を用いて筋、腱、靭帯および筋-腱付着部損傷による疾患の治療を目的とした再生医療,0.5657,P00185,医療法人さくら会 銀座NANAクリニック,PRPを用いて筋、腱、靭帯および筋-腱付着部損傷による疾患の治療を目的とした再生医療,,,,,https://saiseiiryo.mhlw.go.jp/published_plan/download/01C2302046/5/0
possible_missing,strong_msk,3,東京都,順天堂大学医学部附属練馬病院,東京都練馬区高野台3−1−10,自家多血小板血漿(Platelet-rich plasma:PRP)を用いた腱付着部炎・腱障害・筋損傷・靭帯損傷(関節外に限る)治療,0.4746,P00299,慶應義塾大学病院,自己多血小板血漿（PRP）を用いた靭帯・腱・腱付着部・筋肉の損傷に対する治療,,,,,https://saiseiiryo.mhlw.go.jp/published_plan/download/03C2308021/5/0
possible_missing,strong_msk,3,東京都,順天堂大学医学部附属順天堂医院,文京区本郷3-1-3,自己多血小板血漿(PRP)療法（治療対象：筋・腱・靭帯・椎体周囲軟部組織の損傷）,0.4243,P00297,北里大学北里研究所病院,自己多血小板血漿（PRP）を用いた運動器軟部組織損傷の治療,,,,,https://saiseiiryo.mhlw.go.jp/published_plan/download/03C2609016/5/0|https://saiseiiryo.mhlw.go.jp/published_plan/download/03C2609016/5/1|https://saiseiiryo.mhlw.go.jp/published_plan/download/03C2609016/5/2
possible_missing,strong_msk,3,東京都,順天堂大学医学部附属順天堂東京江東高齢者医療センター,江東区新砂3-3-20,自己多血小板血漿(PRP)を用いた整形外科領域における軟部組織治療,0.66,P00296,公益財団法人日産厚生会 玉川病院,自己多血小板血漿（PRP）を用いた整形外科領域における軟部組織治療,,,,,https://saiseiiryo.mhlw.go.jp/published_plan/download/02C2604007/5/0
possible_missing,strong_msk,3,神奈川県,YSA スポーツと医科学のクリニック横浜関内,横浜市中区港町1丁目1番地 BASEGATE横浜関内 8F,四肢の筋・腱・靱帯及びその付着部の外傷・障害を対象とした自家多血小板血漿（PRP）注入療法,0.658,P00207,湘南台まつえ整形外科・内科・リハビリテーションクリニック,四肢の筋・腱・靱帯及びその付着部の傷害を対象とした自家多血小板血漿（PRP）注入療法,,,,,https://saiseiiryo.mhlw.go.jp/published_plan/download/01C2602021/5/0|https://saiseiiryo.mhlw.go.jp/published_plan/download/01C2602021/5/1
possible_missing,strong_msk,3,神奈川県,のぼりと整形外科診療所,川崎市多摩区登戸1854クリエイトS・D 川崎向ヶ丘遊園店 2階,"自己多血小板血漿(PRP)を用いた筋・腱・靱帯損傷部の
治癒促進を目的とした整形外科治療",0.4475,P00206,弘明寺整形外科リハビリテーションクリニック,自家多血小板血漿（PRP）を用いた筋肉、腱、靭帯、筋膜の損傷及び慢性炎症の治療,,,,,https://saiseiiryo.mhlw.go.jp/published_plan/download/01C2310010/5/0
possible_missing,strong_msk,3,神奈川県,ふくむら整形外科,"横浜市戸塚区下倉田町１８６９－１　
横浜戸塚メディカルビル　3階","多血小板血漿（PRP）を用いた筋肉、腱、靭帯、筋膜の損傷及び慢性炎症の治療（関節外の軟部組
織）",0.6057,P00206,弘明寺整形外科リハビリテーションクリニック,自家多血小板血漿（PRP）を用いた筋肉、腱、靭帯、筋膜の損傷及び慢性炎症の治療,,,,,https://saiseiiryo.mhlw.go.jp/published_plan/download/01C2512043/5/0|https://saiseiiryo.mhlw.go.jp/published_plan/download/01C2512043/5/1
possible_missing,strong_msk,3,神奈川県,エムズクリニック,横浜市鶴見区鶴見中央1丁目9−21 ニッコービルマーク2　1F,自己多血小板血漿（ＰＲＰ）を用いた筋・腱・靭帯の損傷組織修復療法,0.5491,P00206,弘明寺整形外科リハビリテーションクリニック,自家多血小板血漿（PRP）を用いた筋肉、腱、靭帯、筋膜の損傷及び慢性炎症の治療,,,,,https://saiseiiryo.mhlw.go.jp/published_plan/download/01C2108035/5/0
possible_missing,strong_msk,3,神奈川県,シン・整形外科 網島,横浜市港北区網島東１丁目７－１０　リンコー網島ビル,多血小板血漿（PRP）を用いた筋、腱、靭帯への治療,0.5287,P00206,弘明寺整形外科リハビリテーションクリニック,自家多血小板血漿（PRP）を用いた筋肉、腱、靭帯、筋膜の損傷及び慢性炎症の治療,,,,,https://saiseiiryo.mhlw.go.jp/published_plan/download/02C2409003/5/0|https://saiseiiryo.mhlw.go.jp/published_plan/download/02C2409003/5/1|https://saiseiiryo.mhlw.go.jp/published_plan/download/02C2409003/5/2
possible_missing,strong_msk,3,神奈川県,センター南ＧＯＴＯクリニック,浜市都筑区茅ヶ崎中央１－２　センター南光ビル　４階,多血小板血漿を用いた靭帯・腱及び腱付着部の機能障害・疾患の治療,0.4531,P00206,弘明寺整形外科リハビリテーションクリニック,自家多血小板血漿（PRP）を用いた筋肉、腱、靭帯、筋膜の損傷及び慢性炎症の治療,,,,,https://saiseiiryo.mhlw.go.jp/published_plan/download/01C1909034/5/0
possible_missing,strong_msk,3,神奈川県,ヴェルディクリニック,川崎市多摩区菅仙谷4-1-1　東京ヴェルディクラブハウス内,自家多血小板血漿（Platelet-rich plasma：PRP）を用いた筋肉、腱、靭帯、筋膜の損傷及び慢性炎症の治療（関節外の軟部組織）,0.547,P00206,弘明寺整形外科リハビリテーションクリニック,自家多血小板血漿（PRP）を用いた筋肉、腱、靭帯、筋膜の損傷及び慢性炎症の治療,,,,,https://saiseiiryo.mhlw.go.jp/published_plan/download/01C2302051/5/0
possible_missing,strong_msk,3,神奈川県,三ツ沢SORA整形外科,横浜市神奈川区三ツ沢上町5-14グランシャリオ三ッ沢 1階,四肢の筋・腱・靱帯及びその付着部の傷害を対象とした自家多血小板血漿（PRP）注入療法,0.7551,P00207,湘南台まつえ整形外科・内科・リハビリテーションクリニック,四肢の筋・腱・靱帯及びその付着部の傷害を対象とした自家多血小板血漿（PRP）注入療法,,,,,https://saiseiiryo.mhlw.go.jp/published_plan/download/01C2602012/5/0
possible_missing,strong_msk,3,神奈川県,二階堂整形外科クリニック,茅ヶ崎市浜見平３番１号BRANCH茅ヶ崎２－１階,自家多血小板血漿（PRP)を用いた筋肉、腱、靭帯、筋膜の損傷及び慢性炎症の治療（関節外の軟部組織）,0.7411,P00206,弘明寺整形外科リハビリテーションクリニック,自家多血小板血漿（PRP）を用いた筋肉、腱、靭帯、筋膜の損傷及び慢性炎症の治療,,,,,https://saiseiiryo.mhlw.go.jp/published_plan/download/01C2310016/5/0
possible_missing,strong_msk,3,神奈川県,"医療法人 よこはまTSC
横浜たまプラーザ運動器スポーツクリニック","横浜市青葉区美しが丘二丁目14番地９
MMPたまプラーザ１０１号室",四肢の靭帯、筋腱付着部およびスポーツ傷害（筋・腱・靭帯）を対象とした自家多血小板血漿（PRP）注入療法,0.5315,P00207,湘南台まつえ整形外科・内科・リハビリテーションクリニック,四肢の筋・腱・靱帯及びその付着部の傷害を対象とした自家多血小板血漿（PRP）注入療法,,,,,https://saiseiiryo.mhlw.go.jp/published_plan/download/01C2303050/5/0|https://saiseiiryo.mhlw.go.jp/published_plan/download/01C2303050/5/1
possible_missing,strong_msk,3,神奈川県,医療法人　健進会　井上整形外科,座間市入谷西四丁目2番6号,四肢の靭帯、筋腱付着部およびスポーツ傷害（筋・腱・靭帯）を対象とした自家多血小板血漿（PRP）注入療法,0.5137,P00207,湘南台まつえ整形外科・内科・リハビリテーションクリニック,四肢の筋・腱・靱帯及びその付着部の傷害を対象とした自家多血小板血漿（PRP）注入療法,,,,,https://saiseiiryo.mhlw.go.jp/published_plan/download/01C2305023/5/0
possible_missing,strong_msk,3,神奈川県,医療法人光耀会　菊地眼科クリニック,川崎市幸区下平間152-3,自己多血小板血漿(PRP)を用いた筋・腱・靭帯等の軟部組織再生治療,0.5306,P00625,一般社団法人SOL SOL整形外科鷺沼スポーツクリニック,多血小板血漿（PRP）を用いた整形外科領域における軟部組織治療,,,,,https://saiseiiryo.mhlw.go.jp/published_plan/download/03C2409021/5/0
possible_missing,strong_msk,3,神奈川県,医療法人宝円会　湘南つつじ整形外科,茅ヶ崎市萩園２３９３番地３　２F,自己多血小板血漿(PRP)を用いた筋肉、腱、靱帯、筋膜（関節外の軟部組織）の治療,0.4963,P00206,弘明寺整形外科リハビリテーションクリニック,自家多血小板血漿（PRP）を用いた筋肉、腱、靭帯、筋膜の損傷及び慢性炎症の治療,,,,,https://saiseiiryo.mhlw.go.jp/published_plan/download/01C2406054/5/0
possible_missing,strong_msk,3,神奈川県,医療法人徳洲会　湘南鎌倉総合病院,鎌倉市岡本1370番1,自家多血小板血漿（PRP:Platelet Rich Plasma）を用いた靭帯、腱及び腱付着部の炎症、筋挫傷に対する治療,0.2927,P00206,弘明寺整形外科リハビリテーションクリニック,自家多血小板血漿（PRP）を用いた筋肉、腱、靭帯、筋膜の損傷及び慢性炎症の治療,,,,,https://saiseiiryo.mhlw.go.jp/published_plan/download/03C2607029/5/0|https://saiseiiryo.mhlw.go.jp/published_plan/download/03C2607029/5/1
possible_missing,strong_msk,3,神奈川県,医療法人愛仁会　太田総合病院,川崎市川崎区日進町1-50,自己多血小板血漿(PRP)を用いた整形外科領域における軟部組織治療,0.5853,P00625,一般社団法人SOL SOL整形外科鷺沼スポーツクリニック,多血小板血漿（PRP）を用いた整形外科領域における軟部組織治療,,,,,https://saiseiiryo.mhlw.go.jp/published_plan/download/02C1910206/5/0
possible_missing,strong_msk,3,神奈川県,医療法人横浜未来ヘルスケアシステム　戸塚共立第２病院,横浜市戸塚区吉田町579-1,自家多血小板血漿（Platelet-rich plasma：PRP）を用いた筋肉、腱、靭帯、筋膜の損傷及び慢性炎症の治療（関節外の軟部組織）,0.4242,P00206,弘明寺整形外科リハビリテーションクリニック,自家多血小板血漿（PRP）を用いた筋肉、腱、靭帯、筋膜の損傷及び慢性炎症の治療,,,,,https://saiseiiryo.mhlw.go.jp/published_plan/download/02C2508001/5/0|https://saiseiiryo.mhlw.go.jp/published_plan/download/02C2508001/5/1
possible_missing,broad_msk,3,神奈川県,医療法人社団 快晴会　田奈整形外科・外科,横浜市青葉区田奈町15-7　第二東ビル2階,自己多血小板血漿(PRP)を用いた薄毛治療,0.47,P00625,一般社団法人SOL SOL整形外科鷺沼スポーツクリニック,多血小板血漿（PRP）を用いた整形外科領域における軟部組織治療,,,,,https://saiseiiryo.mhlw.go.jp/published_plan/download/01C2010033/5/0
possible_missing,strong_msk,3,神奈川県,医療法人社団　嘉徳会　かんクリニック　リウマチ・整形外科,逗子市久木4−2−5 ZEROビル1階・2階・3階,自己多血小板血漿(PRP)を用いた筋・腱・靭帯等の軟部組織治療,0.5008,P00625,一般社団法人SOL SOL整形外科鷺沼スポーツクリニック,多血小板血漿（PRP）を用いた整形外科領域における軟部組織治療,,,,,https://saiseiiryo.mhlw.go.jp/published_plan/download/01C1912052/5/0
possible_missing,strong_msk,3,神奈川県,医療法人社団　葵会　AOI国際病院,川崎市川崎区田町2-9-1,整形外科領域におけるPRP（多血小板血漿）療法,0.3093,P00625,一般社団法人SOL SOL整形外科鷺沼スポーツクリニック,多血小板血漿（PRP）を用いた整形外科領域における軟部組織治療,,,,,https://saiseiiryo.mhlw.go.jp/published_plan/download/02C2104005/5/0|https://saiseiiryo.mhlw.go.jp/published_plan/download/02C2104005/5/1
possible_missing,strong_msk,3,神奈川県,医療法人社団三成会　新百合ヶ丘総合病院,川崎市麻生区古沢都古255,自家多血小板血漿（Platelet-rich plasma：PRP）を用いた筋肉、腱、靭帯、筋膜の損傷及び慢性炎症の治療（関節外の軟部組織）,0.4051,P00206,弘明寺整形外科リハビリテーションクリニック,自家多血小板血漿（PRP）を用いた筋肉、腱、靭帯、筋膜の損傷及び慢性炎症の治療,,,,,https://saiseiiryo.mhlw.go.jp/published_plan/download/01C2408063/5/0
possible_missing,strong_msk,3,神奈川県,医療法人社団三穂会　三宅整形外科小児科クリニック,横須賀市浦賀5-2-3,多血小板血漿を用いた整形外科領域（関節腔内への投与を除く）の治療,0.5353,P00625,一般社団法人SOL SOL整形外科鷺沼スポーツクリニック,多血小板血漿（PRP）を用いた整形外科領域における軟部組織治療,,,,,https://saiseiiryo.mhlw.go.jp/published_plan/download/01C2411085/5/0
possible_missing,strong_msk,3,神奈川県,医療法人社団快晴会　田奈整形外科・外科,横浜市青葉区田奈町15-7 第二東ビル2階,自家多血小板血漿(PRP)の投与によるスポーツ外傷を含む筋、腱、靱帯損傷治療,0.3562,P00206,弘明寺整形外科リハビリテーションクリニック,自家多血小板血漿（PRP）を用いた筋肉、腱、靭帯、筋膜の損傷及び慢性炎症の治療,,,,,https://saiseiiryo.mhlw.go.jp/published_plan/download/01C2008023/5/0
possible_missing,strong_msk,3,神奈川県,医療法人社団明和会　亀田病院,横浜市西区御所山町77番地,自己多血小板血漿（PRP)を用いた、筋・腱・靭帯への軟部組織再生療法,0.3916,P00625,一般社団法人SOL SOL整形外科鷺沼スポーツクリニック,多血小板血漿（PRP）を用いた整形外科領域における軟部組織治療,,,,,https://saiseiiryo.mhlw.go.jp/published_plan/download/02C2604080/5/0|https://saiseiiryo.mhlw.go.jp/published_plan/download/02C2604080/5/1
possible_missing,strong_msk,3,神奈川県,医療法人社団栄親会　横浜整形外科クリニック,横浜市西区岡野二丁目5番18号2F,自己多血小板血漿（PRP)を用いた、筋・腱・靭帯の軟部組織再生療法,0.5596,P00625,一般社団法人SOL SOL整形外科鷺沼スポーツクリニック,多血小板血漿（PRP）を用いた整形外科領域における軟部組織治療,,,,,https://saiseiiryo.mhlw.go.jp/published_plan/download/03C2111004/5/0
possible_missing,broad_msk,3,神奈川県,医療法人社団梅沢医院　梅沢整形外科,横浜市旭区東希望が丘77-2,多血小板血漿を用いた再生医療,0.4093,P00625,一般社団法人SOL SOL整形外科鷺沼スポーツクリニック,多血小板血漿（PRP）を用いた整形外科領域における軟部組織治療,,,,,https://saiseiiryo.mhlw.go.jp/published_plan/download/02C1906040/5/0|https://saiseiiryo.mhlw.go.jp/published_plan/download/02C1906040/5/1
possible_missing,strong_msk,3,神奈川県,医療法人社団梅沢医院　梅沢整形外科,横浜市旭区東希望が丘77-2,自家多血小板血漿（Platelet-rich plasma：PRP）を用いた筋肉、腱、靭帯、筋膜の損傷及び慢性炎症の治療（関節外の軟部組織）,0.5002,P00206,弘明寺整形外科リハビリテーションクリニック,自家多血小板血漿（PRP）を用いた筋肉、腱、靭帯、筋膜の損傷及び慢性炎症の治療,,,,,https://saiseiiryo.mhlw.go.jp/published_plan/download/01C2209020/5/0
possible_missing,strong_msk,3,神奈川県,医療法人社団皆吉会プライムコーストみなとみらいクリニック,横浜市西区みなとみらい６丁目３−４　プライムコーストみなとみらい　２Ｆ,多血小板血漿を用いた整形外科領域（関節腔内への投与を除く）の治療,0.4697,P00625,一般社団法人SOL SOL整形外科鷺沼スポーツクリニック,多血小板血漿（PRP）を用いた整形外科領域における軟部組織治療,,,,,https://saiseiiryo.mhlw.go.jp/published_plan/download/03C2504061/5/0
possible_missing,strong_msk,3,神奈川県,医療法人社団総生会 麻生総合病院,川崎市麻生区上麻生６－２５－１,自己多血小板血漿（Platelet-rich plasma：PRP）を用いた、筋腱付着部炎・筋損傷・靭帯損傷の治癒促進,0.2767,P00206,弘明寺整形外科リハビリテーションクリニック,自家多血小板血漿（PRP）を用いた筋肉、腱、靭帯、筋膜の損傷及び慢性炎症の治療,,,,,https://saiseiiryo.mhlw.go.jp/published_plan/download/02C2001097/5/0|https://saiseiiryo.mhlw.go.jp/published_plan/download/02C2001097/5/1|https://saiseiiryo.mhlw.go.jp/published_plan/download/02C2001097/5/2
possible_missing,strong_msk,3,神奈川県,"医療法人社団耀風会
仲野整形外科スポーツ・ウェルネスクリニック",藤沢市鵠沼神明5丁目14-15,自家多血小板血漿（Platelet-rich plasma：PRP）を用いた筋肉、腱、靭帯、筋膜の損傷及び慢性炎症の治療（関節外の軟部組織）,0.5811,P00206,弘明寺整形外科リハビリテーションクリニック,自家多血小板血漿（PRP）を用いた筋肉、腱、靭帯、筋膜の損傷及び慢性炎症の治療,,,,,https://saiseiiryo.mhlw.go.jp/published_plan/download/01C2410043/5/0
possible_missing,strong_msk,3,神奈川県,医療法人社団豊葉会　ザ・ヨコハマフロント・ベイサイドクリニック,横浜市神奈川区鶴屋町1丁目41 ザ・ヨコハマフロント3階,自家多血小板血漿（Platelet-Rich Plasma：PRP）を用いた筋肉、腱、靭帯、筋膜の損傷及び慢性炎症の治療（関節外の軟部組織）,0.5308,P00206,弘明寺整形外科リハビリテーションクリニック,自家多血小板血漿（PRP）を用いた筋肉、腱、靭帯、筋膜の損傷及び慢性炎症の治療,,,,,https://saiseiiryo.mhlw.go.jp/published_plan/download/01C2605037/5/0
possible_missing,strong_msk,3,神奈川県,医療法人緑樹会　あおば整形外科,横浜市青葉区しらとり台１番地１２　グリーングラスビル,多血小板血漿を用いた靭帯・腱及び腱付着部の機能障害・疾患の治療,0.4028,P00206,弘明寺整形外科リハビリテーションクリニック,自家多血小板血漿（PRP）を用いた筋肉、腱、靭帯、筋膜の損傷及び慢性炎症の治療,,,,,https://saiseiiryo.mhlw.go.jp/published_plan/download/03C2310079/5/0
possible_missing,strong_msk,3,神奈川県,医療法人誠仁会　誠友クリニック,横浜市中区山下町224-2　パークポイント山下町　1F,多血小板血漿を用いた整形外科領域（関節腔内への投与を除く）の治療,0.4919,P00625,一般社団法人SOL SOL整形外科鷺沼スポーツクリニック,多血小板血漿（PRP）を用いた整形外科領域における軟部組織治療,,,,,https://saiseiiryo.mhlw.go.jp/published_plan/download/01C2405046/5/0
possible_missing,strong_msk,3,神奈川県,医療法人野球医学ベースボール＆スポーツクリニック,川崎市中原区小杉町2丁目228番地1パークシティ武蔵小杉ザガーデンタワーズウエスト１階W４,多血小板血漿を用いた整形外科領域（関節腔内への投与を除く）の治療,0.5315,P00625,一般社団法人SOL SOL整形外科鷺沼スポーツクリニック,多血小板血漿（PRP）を用いた整形外科領域における軟部組織治療,,,,,https://saiseiiryo.mhlw.go.jp/published_plan/download/01C2412055/5/0
possible_missing,strong_msk,3,神奈川県,吉野整形外科,横浜市神奈川区大口通56-5 大口メディカルセンター1F,四肢の筋・腱・靱帯及びその付着部の傷害を対象とした自家多血小板血漿（PRP）注入療法,0.77,P00207,湘南台まつえ整形外科・内科・リハビリテーションクリニック,四肢の筋・腱・靱帯及びその付着部の傷害を対象とした自家多血小板血漿（PRP）注入療法,,,,,https://saiseiiryo.mhlw.go.jp/published_plan/download/01C2606029/5/0|https://saiseiiryo.mhlw.go.jp/published_plan/download/01C2606029/5/1
possible_missing,strong_msk,3,神奈川県,国家公務員共済組合連合会　横浜南共済病院,神奈川県横浜市金沢区六浦東1-21-1,自家多血小板血漿（PRP）を用いた腱付着部炎・腱障害・筋損傷・靭帯損傷（関節外に限る）治療,0.3267,P00206,弘明寺整形外科リハビリテーションクリニック,自家多血小板血漿（PRP）を用いた筋肉、腱、靭帯、筋膜の損傷及び慢性炎症の治療,,,,,https://saiseiiryo.mhlw.go.jp/published_plan/download/02C2411039/5/0
possible_missing,strong_msk,3,神奈川県,小田原市立病院,小田原市久野46番地,多血小板血漿を用いた筋腱炎の治療（Arthrex社製）,0.3037,P00206,弘明寺整形外科リハビリテーションクリニック,自家多血小板血漿（PRP）を用いた筋肉、腱、靭帯、筋膜の損傷及び慢性炎症の治療,,,,,https://saiseiiryo.mhlw.go.jp/published_plan/download/02C2502024/5/0|https://saiseiiryo.mhlw.go.jp/published_plan/download/02C2502024/5/1
possible_missing,strong_msk,3,神奈川県,山下公園スパインクリニック,横浜市中区山下町30-1　パークコート山下公園２階,自家多血小板血漿（PRP）を用いた筋腱付着部およびスポーツ傷害（筋・腱・靭帯）の治療,0.5073,P00206,弘明寺整形外科リハビリテーションクリニック,自家多血小板血漿（PRP）を用いた筋肉、腱、靭帯、筋膜の損傷及び慢性炎症の治療,,,,,https://saiseiiryo.mhlw.go.jp/published_plan/download/02C2603016/5/0
possible_missing,strong_msk,3,神奈川県,横浜市立大学附属病院,横浜市金沢区福浦3−９,自家多血小板血漿(PRP)を用いた腱付着部炎・腱障害・筋損傷・靭帯損傷(関節外に限る)治療,0.3267,P00206,弘明寺整形外科リハビリテーションクリニック,自家多血小板血漿（PRP）を用いた筋肉、腱、靭帯、筋膜の損傷及び慢性炎症の治療,,,,,https://saiseiiryo.mhlw.go.jp/published_plan/download/02C2411019/5/0|https://saiseiiryo.mhlw.go.jp/published_plan/download/02C2411019/5/1
possible_missing,strong_msk,3,神奈川県,横浜駅前さいとう整形外科・スポーツクリニック,横浜市神奈川区鶴屋町2-11-8 第8安田ビル（メディカルスクエア鶴屋町）2F,自己多血小板血漿（PRP）を用いた整形外科領域における軟部組織治療,0.7797,P00625,一般社団法人SOL SOL整形外科鷺沼スポーツクリニック,多血小板血漿（PRP）を用いた整形外科領域における軟部組織治療,,,,,https://saiseiiryo.mhlw.go.jp/published_plan/download/01C2604046/5/0
possible_missing,strong_msk,3,神奈川県,横浜鶴ヶ峰病院付属予防医療クリニック,神奈川県横浜市旭区鶴ヶ峰2-82-1ココロットつるがみね5階,自家多血小板血漿（PRP）投与によるスポーツ外傷を含む筋肉、腱、靭帯損傷及び慢性炎症の治療(関節外の軟部組織）,0.4907,P00206,弘明寺整形外科リハビリテーションクリニック,自家多血小板血漿（PRP）を用いた筋肉、腱、靭帯、筋膜の損傷及び慢性炎症の治療,,,,,https://saiseiiryo.mhlw.go.jp/published_plan/download/01C2206044/5/0
possible_missing,strong_msk,3,神奈川県,横濱松宮整形外科リハビリテーションクリニック,横浜市中区曙町2-19-1　曙町新井ビル1F,多血小板血漿（PRP）を用いた筋腱付着部炎、筋腱炎、靭帯損傷（関節外に限る）治療,0.7143,P00206,弘明寺整形外科リハビリテーションクリニック,自家多血小板血漿（PRP）を用いた筋肉、腱、靭帯、筋膜の損傷及び慢性炎症の治療,,,,,https://saiseiiryo.mhlw.go.jp/published_plan/download/02C1911221/5/0
possible_missing,broad_msk,3,神奈川県,武蔵小杉整形外科,川崎市中原区小杉町1－403　武蔵小杉タワープレイス2階,自己多血小板血漿（Platelet Rich Plasma: PRP)を用いた結合組織修復療法,0.3566,P00625,一般社団法人SOL SOL整形外科鷺沼スポーツクリニック,多血小板血漿（PRP）を用いた整形外科領域における軟部組織治療,,,,,https://saiseiiryo.mhlw.go.jp/published_plan/download/02C1905075/5/0
possible_missing,strong_msk,3,神奈川県,池田整形外科 形成外科・美容外科,横浜市旭区本村町101番地第7パレス桜咲2階,四肢の筋・腱・靱帯及びその付着部の傷害を対象とした自家多血小板血漿（PRP）注入療法,0.77,P00207,湘南台まつえ整形外科・内科・リハビリテーションクリニック,四肢の筋・腱・靱帯及びその付着部の傷害を対象とした自家多血小板血漿（PRP）注入療法,,,,,https://saiseiiryo.mhlw.go.jp/published_plan/download/01C2512016/5/0
possible_missing,broad_msk,3,神奈川県,湘南台まつえ整形外科・内科・リハビリテーションクリニック,神奈川県藤沢市湘南台一丁目４番地２ピノスビル２F,PRP(多血小板血漿Platelet Rich Plasma)を用いた育毛を目的とした再生医療,0.6983,P00207,湘南台まつえ整形外科・内科・リハビリテーションクリニック,四肢の筋・腱・靱帯及びその付着部の傷害を対象とした自家多血小板血漿（PRP）注入療法,,,,,https://saiseiiryo.mhlw.go.jp/published_plan/download/01C2509009/5/0
possible_missing,strong_msk,3,神奈川県,特定医療法人 社団育成社 佐々木病院,横浜市鶴見区下末吉1-13-8,自己多血小板血漿(PRP)を用いた筋・腱・靭帯等の軟部組織整形外科的治療,0.3898,P00625,一般社団法人SOL SOL整形外科鷺沼スポーツクリニック,多血小板血漿（PRP）を用いた整形外科領域における軟部組織治療,,,,,https://saiseiiryo.mhlw.go.jp/published_plan/download/02C1911192/5/0
possible_missing,strong_msk,3,神奈川県,相模原協同病院,相模原市緑区橋本台4-3-1,多血小板血漿を用いた整形外科領域（関節腔内への投与を除く）の治療,0.3417,P00625,一般社団法人SOL SOL整形外科鷺沼スポーツクリニック,多血小板血漿（PRP）を用いた整形外科領域における軟部組織治療,,,,,https://saiseiiryo.mhlw.go.jp/published_plan/download/03C2412016/5/0
possible_missing,strong_msk,3,神奈川県,社会福祉法人恩賜財団済生会　横浜市東部病院,横浜市鶴見区下末吉三丁目６番１号,多血小板血漿(PRP)の投与によるスポーツ外傷を含む筋、腱、靱帯損傷治療,0.2949,P00625,一般社団法人SOL SOL整形外科鷺沼スポーツクリニック,多血小板血漿（PRP）を用いた整形外科領域における軟部組織治療,,,,,https://saiseiiryo.mhlw.go.jp/published_plan/download/02C2607021/5/0|https://saiseiiryo.mhlw.go.jp/published_plan/download/02C2607021/5/1
possible_missing,strong_msk,3,神奈川県,羽沢よこはま国大整形外科リウマチ科・関節鏡クリニック,神奈川県横浜市神奈川区羽沢南2-44-7 HAZAAR 4階,自家多血小板血漿（PRP）を用いた筋腱付着部およびスポーツ障害（筋・腱・靭帯）の治療,0.5433,P00206,弘明寺整形外科リハビリテーションクリニック,自家多血小板血漿（PRP）を用いた筋肉、腱、靭帯、筋膜の損傷及び慢性炎症の治療,,,,,https://saiseiiryo.mhlw.go.jp/published_plan/download/01C2504013/5/0
possible_missing,strong_msk,3,神奈川県,金沢八景整形外科,"横浜市金沢区六浦1-14-12
金沢八景国際コミュニティプラザ1階104号",自家多血小板血漿(Platelet-rich plasma:PRP)を用いた筋肉、腱、靭帯、筋膜の損傷及び慢性炎症の治療（関節腔外に限る）,0.5308,P00206,弘明寺整形外科リハビリテーションクリニック,自家多血小板血漿（PRP）を用いた筋肉、腱、靭帯、筋膜の損傷及び慢性炎症の治療,,,,,https://saiseiiryo.mhlw.go.jp/published_plan/download/01C2403005/5/0
possible_missing,strong_msk,3,神奈川県,開成くさやま整形外科リハビリクリニック,神奈川県足柄上郡開成町みなみ4-5-7,自家多血小板血漿（Platelet-Rich Plasma：PRP）を用いた筋肉、腱、靭帯、筋膜の損傷及び慢性炎症の治療（関節外の軟部組織）,0.6911,P00206,弘明寺整形外科リハビリテーションクリニック,自家多血小板血漿（PRP）を用いた筋肉、腱、靭帯、筋膜の損傷及び慢性炎症の治療,,,,,https://saiseiiryo.mhlw.go.jp/published_plan/download/01C2504024/5/0
possible_missing,strong_msk,3,神奈川県,黒河内整形外科プラウドタワー相模大野クロスクリニック,相模原市南区相模大野4丁目4番3号201,四肢の筋・腱・靱帯及びその付着部の傷害を対象とした自家多血小板血漿（PRP）注入療法,0.8292,P00207,湘南台まつえ整形外科・内科・リハビリテーションクリニック,四肢の筋・腱・靱帯及びその付着部の傷害を対象とした自家多血小板血漿（PRP）注入療法,,,,,https://saiseiiryo.mhlw.go.jp/published_plan/download/01C2604032/5/0|https://saiseiiryo.mhlw.go.jp/published_plan/download/01C2604032/5/1
possible_missing,strong_msk,3,富山県,整形外科センター西能クリニック,富山市高田71番地1,自家多血小板血漿(Platelet-rich plasma: PRP)を用いた筋肉、腱、靭帯、筋膜の損傷及び慢性炎症の治療（関節外の軟部組織）,,,,,,,,,https://saiseiiryo.mhlw.go.jp/published_plan/download/03D2206003/5/0
possible_missing,strong_msk,3,石川県,医療法人社団まえだクリニック　まえだ整形外科 骨・関節クリニック,金沢市直江東１丁目６０番地,自家多血小板血漿（Platelet-Rich Plasma：PRP）を用いた筋肉、腱、靭帯、筋膜の損傷及び慢性炎症の治療（関節外の軟部組織）,0.6408,P00629,医療法人社団みやた整形外科 みやた整形外科,自家多血小板血漿（PRP）を用いた筋肉、腱、靭帯、筋膜の損傷及び慢性炎症の治療（関節外の軟部組織）,,,,,https://saiseiiryo.mhlw.go.jp/published_plan/download/01D2601003/5/0|https://saiseiiryo.mhlw.go.jp/published_plan/download/01D2601003/5/1|https://saiseiiryo.mhlw.go.jp/published_plan/download/01D2601003/5/2
possible_missing,strong_msk,3,石川県,医療法人社団浅ノ川　浅ノ川総合病院,金沢市小坂町中83番地,多血小板血漿を用いた整形外科領域（関節腔内への投与を除く）の治療,0.66,P00632,金沢泉が丘わたなべクリニック,多血小板血漿を用いた整形外科領域（関節腔内への投与を除く）の治療,,,,,https://saiseiiryo.mhlw.go.jp/published_plan/download/02D2409021/5/0
possible_missing,strong_msk,3,山梨県,地方独立行政法人山梨県立病院機構　山梨県立中央病院,甲府市富士見1丁目1番1号,自己多血小板血漿(PRP)を用いた筋・腱・靭帯等の軟部組織再生治療,0.632,P00343,独立行政法人地域医療機能推進機構 山梨病院,自己多血小板血漿（PRP）を用いた整形外科領域における軟部組織治療,,,,,https://saiseiiryo.mhlw.go.jp/published_plan/download/03C2304027/5/0
possible_missing,strong_msk,3,山梨県,市立甲府病院,甲府市増坪町３６６番地,多血小板血漿(PRP)の投与によるスポーツ外傷を含む筋、腱、靱帯損傷治療,0.4568,P00342,東甲府医院,多血小板血漿を用いた整形外科領域（関節腔内への投与を除く）の治療,,,,,https://saiseiiryo.mhlw.go.jp/published_plan/download/03C2509003/5/0|https://saiseiiryo.mhlw.go.jp/published_plan/download/03C2509003/5/1
possible_missing,strong_msk,3,長野県,医療法人仁雄会　穂高病院,安曇野市穂高4634,自家多血小板血漿（PRP）を用いた筋腱付着部およびスポーツ傷害（筋・腱・靭帯）の治療,0.5908,P00748,社会医療法人恵仁会 くろさわ病院,自家多血小板血漿（PRP）を用いた筋肉、腱、靭帯、筋膜の損傷及び慢性炎症の治療（関節腔外に限る）,,,,,https://saiseiiryo.mhlw.go.jp/published_plan/download/01C2507003/5/0
possible_missing,strong_msk,3,長野県,長野整形外科クリニック,長野市吉田5丁目26-23,⾃家多⾎⼩板⾎漿（Platelet-rich plasma：PRP）を⽤いた筋⾁、腱、靭帯、筋膜の損傷及び慢性炎症の治療（関節外の軟部組織）,0.8055,P00746,佐久平整形外科クリニック,自家多血小板血漿（PRP）を用いた筋肉、腱、靭帯、筋膜の損傷及び慢性炎症の治療（関節外の軟部組織）,,,,,https://saiseiiryo.mhlw.go.jp/published_plan/download/01C2503072/5/0
possible_missing,strong_msk,3,岐阜県,医療法人社団 豊正会 大垣中央病院,大垣市見取町4丁目2番地,四肢の筋・腱・靱帯及びその付着部の傷害を対象とした自家多血小板血漿（PRP）注入療法,0.2965,P00351,朝日大学医科歯科医療センター,自己多血小板血漿（PRP）を用いた整形療法,,,,,https://saiseiiryo.mhlw.go.jp/published_plan/download/01D2605006/5/0|https://saiseiiryo.mhlw.go.jp/published_plan/download/01D2605006/5/1
possible_missing,strong_msk,3,静岡県,ばんどう整形外科・ファミリークリニック,掛川市成滝480-5,自家多血小板血漿（Platelet-Rich Plasma：PRP）を用いた筋肉、腱、靭帯、筋膜の損傷及び慢性炎症の治療（関節外の軟部組織）,0.5457,P00761,富士整形外科病院,自家多血小板血漿（PRP）を用いた筋肉、腱、靭帯、筋膜の損傷及び慢性炎症の治療（関節腔外に限る）,,,,,https://saiseiiryo.mhlw.go.jp/published_plan/download/01D2507005/5/0
possible_missing,strong_msk,3,静岡県,みしま痛み＆リハビリクリニック,三島市広小路町9番16号クボタビル1階,自己多血小板血漿(PRP)を用いた筋・腱・靭帯の損傷及び慢性炎症に対する治療,0.5224,P00764,錦野クリニック,多血小板血漿（PRP）を用いた整形外科疾患に対する治療（血流のある部位）,,,,,https://saiseiiryo.mhlw.go.jp/published_plan/download/01D2511004/5/0
possible_missing,strong_msk,3,静岡県,伊豆高原メディカル　たかやなぎ整形外科,伊東市八幡野1191-6,自家多血小板血漿（Platelet-rich plasma：PRP）を用いた筋肉、腱、靭帯、筋膜の損傷及び慢性炎症の治療（関節外の軟部組織）,0.5457,P00761,富士整形外科病院,自家多血小板血漿（PRP）を用いた筋肉、腱、靭帯、筋膜の損傷及び慢性炎症の治療（関節腔外に限る）,,,,,https://saiseiiryo.mhlw.go.jp/published_plan/download/02D2403002/5/0
possible_missing,strong_msk,3,静岡県,医療法人社団志隆　ふくだ整形外科リウマチ科,静岡市葵区昭府2丁目18-38,多血小板血漿を用いた整形外科領域（関節腔内への投与を除く）の治療,0.8033,P00756,医療法人社団明仁会 静岡リハビリペインクリニック,多血小板血漿を用いた整形外科領域（関節腔内への投与を除く）の治療,,,,,https://saiseiiryo.mhlw.go.jp/published_plan/download/01D2504008/5/0
possible_missing,strong_msk,3,静岡県,医療法人社団明徳会 十全記念病院,浜松市浜名区小松1700,多血小板血漿(PRP)の投与によるスポーツ外傷を含む筋、腱、靱帯損傷治療,0.7304,P00755,しずおか整形外科病院,多血小板血漿（PRP）の投与によるスポーツ外傷を含む筋、腱、靱帯損傷治療,,,,,https://saiseiiryo.mhlw.go.jp/published_plan/download/03D2510005/5/0|https://saiseiiryo.mhlw.go.jp/published_plan/download/03D2510005/5/1
possible_missing,strong_msk,3,静岡県,医療法人社団薫風会　かわぐち整形外科,富士市水戸島120-3,自己多血小板血漿(PRP)を用いた筋・腱・靭帯等、損傷した運動器組織再生治療,0.7592,P00759,かわぐち整形外科,多血小板血漿（PRP）を用いた筋・腱・靭帯損傷の治療,,,,,https://saiseiiryo.mhlw.go.jp/published_plan/download/01D2102006/5/0
possible_missing,strong_msk,3,愛知県,HIME CLINIC,名古屋市千種区仲田2丁目305-1　COULEURS GRAND 202,多血小板血漿（PRP）を用いた筋肉、腱、靭帯治療,0.3733,P00353,医療法人愛恵会 愛光整形外科,多血小板血漿を用いた筋・腱・靭帯損傷および手根管症候群の治療,,,,,https://saiseiiryo.mhlw.go.jp/published_plan/download/01D2603004/5/0|https://saiseiiryo.mhlw.go.jp/published_plan/download/01D2603004/5/1|https://saiseiiryo.mhlw.go.jp/published_plan/download/01D2603004/5/2
possible_missing,broad_msk,3,愛知県,ふくだ整形外科骨粗しょう症スポーツクリニック,刈谷市小垣江町北高根213-1,多血小板血漿（Platelet-rich plasma：PRP）を用いた育毛を目的とした再生医療,0.7441,P00766,ふくだ整形外科骨粗しょう症スポーツクリニック,多血小板血漿を用いた整形外科領域（関節腔内への投与を除く）の治療,,,,,https://saiseiiryo.mhlw.go.jp/published_plan/download/01D2603003/5/0
possible_missing,strong_msk,3,愛知県,医療法人財団 檜扇会 クリニック 名古屋ちくさヒルズ,名古屋市千種区千種二丁目24番2号 千種タワーヒルズ1階,自己多血小板血漿（PRP)による捻挫、骨折治癒促進、靭帯損傷、腱鞘炎、アキレス腱炎の治療,0.3942,P00356,医療法人桂名会 重工大須病院,多血小板血漿（PRP）の投与によるスポーツ外傷を含む筋、腱、靱帯損傷治療,,,,,https://saiseiiryo.mhlw.go.jp/published_plan/download/03D2505020/5/0
possible_missing,strong_msk,3,愛知県,名古屋麻酔科クリニック,名古屋市千種区丘上町2-49-4,自己多血小板血漿(PRP)を用いた筋・腱・靭帯の損傷、慢性炎症へのペイン治療,0.5998,P00768,リジェネレーションクリニック,自家多血小板血漿（PRP）を用いた筋肉、腱、靭帯、筋膜の損傷及び慢性炎症の治療（関節腔外に限る）,,,,,https://saiseiiryo.mhlw.go.jp/published_plan/download/01D2511003/5/0
possible_missing,strong_msk,3,愛知県,名鉄病院,名古屋市西区栄生2-26-11,自己多血小板血漿（PRP）を用いた筋・腱・靱帯の損傷および慢性障害の治療,0.6135,P00770,米田病院,自家多血小板血漿（PRP）を用いた筋肉、腱、靭帯、筋膜の損傷及び慢性炎症の治療（関節外の軟部組織）,,,,,https://saiseiiryo.mhlw.go.jp/published_plan/download/03D2205001/5/0
possible_missing,strong_msk,3,愛知県,春日井整形あさひ病院,春日井市下原町字村東2090番地,自己多血小板血漿(PRP)を用いた筋・腱・靭帯等の軟部組織治療,0.499,P00770,米田病院,自家多血小板血漿（PRP）を用いた筋肉、腱、靭帯、筋膜の損傷及び慢性炎症の治療（関節外の軟部組織）,,,,,https://saiseiiryo.mhlw.go.jp/published_plan/download/03D2506004/5/0|https://saiseiiryo.mhlw.go.jp/published_plan/download/03D2506004/5/1
possible_missing,strong_msk,3,愛知県,蒲郡市民病院,蒲郡市平田町向田１番地１,四肢の筋・腱・靱帯及びその付着部の傷害を対象とした自家多血小板血漿（PRP）注入療法,0.4234,P00355,医療法人健整会 みかわ整形外科,四肢の靭帯、筋腱付着部およびスポーツ傷害（筋・腱・靭帯）を対象とした自家多血小板血漿（PRP）注入療法,,,,,https://saiseiiryo.mhlw.go.jp/published_plan/download/01D2601004/5/0
possible_missing,strong_msk,3,愛知県,藤田医科大学病院,豊明市沓掛町田楽ケ窪1番地98,多血小板血漿（PRP）を用いた整形外科軟部組織疾患の治療,0.5165,P00770,米田病院,自家多血小板血漿（PRP）を用いた筋肉、腱、靭帯、筋膜の損傷及び慢性炎症の治療（関節外の軟部組織）,,,,,https://saiseiiryo.mhlw.go.jp/published_plan/download/02D2512003/5/0|https://saiseiiryo.mhlw.go.jp/published_plan/download/02D2512003/5/1
possible_missing,strong_msk,3,三重県,"医療法人KSOC
四日市膝肩スポーツの整形外科クリニック",四日市市生桑584-4,自家多血小板血漿（Platelet-Rich Plasma：PRP）を用いた筋肉、腱、靭帯、筋膜の損傷及び慢性炎症の治療（関節外の軟部組織）,0.3002,P00775,社会医療法人峰和会 鈴鹿回生病院,自己多血小板血漿（PRP）を用いた外傷後治癒促進、疼痛軽減治療,,,,,https://saiseiiryo.mhlw.go.jp/published_plan/download/01D2504006/5/0
possible_missing,strong_msk,3,三重県,岩崎病院,津市一身田町333番地,自家多血小板血漿(Platelet-rich plasma:PRP)を用いた筋肉、腱、靭帯、筋膜の損傷及び慢性炎症の治療（関節腔外に限る）,0.3115,P00775,社会医療法人峰和会 鈴鹿回生病院,自己多血小板血漿（PRP）を用いた外傷後治癒促進、疼痛軽減治療,,,,,https://saiseiiryo.mhlw.go.jp/published_plan/download/02D2306003/5/0
possible_missing,strong_msk,3,三重県,浅野整形外科内科,伊賀市比土字上ノ代３１５８番地１,自己多血小板血漿(PRP)を用いた筋肉、腱、靱帯（関節外の軟部組織）の治療,0.3417,P00775,社会医療法人峰和会 鈴鹿回生病院,自己多血小板血漿（PRP）を用いた外傷後治癒促進、疼痛軽減治療,,,,,https://saiseiiryo.mhlw.go.jp/published_plan/download/01D2510002/5/0
possible_missing,strong_msk,3,三重県,社会福祉法人恩賜財団済生会松阪市民病院,松阪市殿町１５５０番地,多血小板血漿(PRP)の投与によるスポーツ外傷を含む筋、腱、靱帯損傷治療,0.4238,P00775,社会医療法人峰和会 鈴鹿回生病院,自己多血小板血漿（PRP）を用いた外傷後治癒促進、疼痛軽減治療,,,,,https://saiseiiryo.mhlw.go.jp/published_plan/download/03D2606016/5/0
possible_missing,strong_msk,3,三重県,花の道　こてら整形外科クリニック,津市高野尾町1897-74,多血小板血漿を用いた整形外科領域（関節腔内への投与を除く）の治療,0.251,P00775,社会医療法人峰和会 鈴鹿回生病院,自己多血小板血漿（PRP）を用いた外傷後治癒促進、疼痛軽減治療,,,,,https://saiseiiryo.mhlw.go.jp/published_plan/download/01D2411002/5/0
possible_missing,strong_msk,3,滋賀県,"一般社団法人スピナレピオス
淡海せぼねクリニック",近江八幡市出町233-2,自家多血小板血漿（Platelet-rich plasma：PRP）を用いた筋肉、腱、靭帯、筋膜の損傷及び慢性炎症の治療（関節外の軟部組織）,0.6078,P00861,医療法人翠蓮会 とがの整形外科クリニック,自家多血小板血漿（PRP）を用いた筋肉、腱、靭帯、筋膜の損傷及び慢性炎症の治療（関節外の軟部組織）,,,,,https://saiseiiryo.mhlw.go.jp/published_plan/download/01E2408021/5/0
possible_missing,strong_msk,3,滋賀県,公立甲賀病院,甲賀市水口町松尾1256番地,自家多血小板血漿（Platelet-rich plasma：PRP）を用いた筋肉、腱、靭帯、筋膜の損傷及び慢性炎症の治療（関節外の軟部組織）,0.4612,P00861,医療法人翠蓮会 とがの整形外科クリニック,自家多血小板血漿（PRP）を用いた筋肉、腱、靭帯、筋膜の損傷及び慢性炎症の治療（関節外の軟部組織）,,,,,https://saiseiiryo.mhlw.go.jp/published_plan/download/01E2307012/5/0
possible_missing,strong_msk,3,滋賀県,医療法人はたスポーツ整形クリニック,守山市下之郷１－１５－８,多血小板血漿を用いた整形外科領域（関節腔内への投与を除く）の治療,0.66,P00367,東近江市立能登川病院,多血小板血漿を用いた整形外科領域（関節腔内への投与を除く）の治療,,,,,https://saiseiiryo.mhlw.go.jp/published_plan/download/02E2512024/5/0
possible_missing,strong_msk,3,滋賀県,田原整形外科,近江八幡市白鳥町48番地２,自家多血小板血漿(Platelet-rich plasma:PRP)を用いた筋肉、腱、靭帯、筋膜の損傷及び慢性炎症の治療（関節腔外に限る）,0.5511,P00861,医療法人翠蓮会 とがの整形外科クリニック,自家多血小板血漿（PRP）を用いた筋肉、腱、靭帯、筋膜の損傷及び慢性炎症の治療（関節外の軟部組織）,,,,,https://saiseiiryo.mhlw.go.jp/published_plan/download/01E2404003/5/0
possible_missing,strong_msk,3,京都府,S clinic Kyoto,京都市下京区高辻大宮町103大宮高辻ビル4階,関節周囲炎に対する自家多血小板血漿(PRP)を利用した軟組織の再生医療,,,,,,,,,https://saiseiiryo.mhlw.go.jp/published_plan/download/03E2210008/5/0
possible_missing,strong_msk,3,京都府,京都整形外科　肩スポーツクリニック,京都市南区西九条蔵王町13-5　TMSビル1F・2F,多血小板血漿を用いた整形外科領域（関節腔内への投与を除く）の治療,,,,,,,,,https://saiseiiryo.mhlw.go.jp/published_plan/download/01E2506008/5/0
possible_missing,strong_msk,3,京都府,医療法人いちまる整形外科クリニック,長岡京市長岡2丁目1番32 グランジェ長岡京1F,多血小板血漿を用いた整形外科疾患に対する組織修復治療,,,,,,,,,https://saiseiiryo.mhlw.go.jp/published_plan/download/01E2307004/5/0
possible_missing,strong_msk,3,京都府,医療法人京都翔医会 西京都病院,京都市西京区桂畑ヶ田町175番地,自家多血小板血漿（Platelet-Rich Plasma：PRP）を用いた筋肉、腱、靭帯、筋膜の損傷及び慢性炎症の治療（関節外の軟部組織）,,,,,,,,,https://saiseiiryo.mhlw.go.jp/published_plan/download/01E2506011/5/0
possible_missing,strong_msk,3,京都府,"医療法人社団千春会
千春会ハイパーサーミアクリニック",長岡京市神足2丁目3-1 バンビオ1番館7階,自家多血小板血漿（Platelet-Rich Plasma：PRP）を用いた筋肉、腱、靭帯、筋膜の損傷及び慢性炎症の治療（関節外の軟部組織）,,,,,,,,,https://saiseiiryo.mhlw.go.jp/published_plan/download/03E2601002/5/0
possible_missing,strong_msk,3,京都府,医療法人社団蒼樹会　山本整形外科,京都市伏見区竹田七瀬川町86-8,多血小板血漿を用いた整形外科領域（関節腔内への投与を除く）の治療,,,,,,,,,https://saiseiiryo.mhlw.go.jp/published_plan/download/01E2403019/5/0
possible_missing,strong_msk,3,京都府,医療法人社団親和会 京都木原病院,京都市南区西九条春日町5-1,四肢の筋・腱・靱帯及びその付着部の傷害を対象とした自家多血小板血漿（PRP）注入療法,,,,,,,,,https://saiseiiryo.mhlw.go.jp/published_plan/download/01E2605002/5/0|https://saiseiiryo.mhlw.go.jp/published_plan/download/01E2605002/5/1
possible_missing,strong_msk,3,京都府,医療法人社団貴順会吉川病院,京都市左京区聖護院山王町1番地,自家多血小板血漿（Platelet-rich plasma：PRP）を用いた筋肉、腱、靭帯、筋膜の損傷及び慢性炎症の治療（関節外の軟部組織）,,,,,,,,,https://saiseiiryo.mhlw.go.jp/published_plan/download/02E2306012/5/0
possible_missing,strong_msk,3,京都府,医療法人社団順和会　京都下鴨病院,京都市左京区下鴨東森ヶ前町17,多血小板血漿(PRP)の投与によるスポーツ外傷を含む筋、腱、靱帯損傷治療,,,,,,,,,https://saiseiiryo.mhlw.go.jp/published_plan/download/02E2407035/5/0|https://saiseiiryo.mhlw.go.jp/published_plan/download/02E2407035/5/1
possible_missing,strong_msk,3,京都府,医療法人藍整会　なか整形外科　京都西院リハビリテーションクリニック,京都市右京区西院高山寺町13　西院阪急ビル3F,多血小板血漿を用いた靭帯・腱及び腱付着部の機能障害・疾患の治療,,,,,,,,,https://saiseiiryo.mhlw.go.jp/published_plan/download/03E2603015/5/0
possible_missing,strong_msk,3,京都府,医療法人財団康生会 たけだ膠原病リウマチクリニック,京都市下京区東洞院通七条下る二丁目東塩小路町606-3 三旺京都駅前ビル1階,自家多血小板血漿(Platelet-rich plasma：PRP)を用いた筋肉、腱、靭帯、筋膜の損傷及び慢性炎症の治療（関節腔外に限る）,,,,,,,,,https://saiseiiryo.mhlw.go.jp/published_plan/download/03E2507008/5/0
possible_missing,strong_msk,3,大阪府,ONE CLINIC 梅田,大阪市北区堂山町18-2　若杉東梅田ビル5F,関節周囲炎に対する自家多血小板血漿(PRP)を利用した軟組織の再生医療,0.3878,P00866,社会医療法人ONE FLAG おおさかグローバル整形外科病院,自己多血小板血漿（PRP）を用いた整形外科領域における軟部組織治療,,,,,https://saiseiiryo.mhlw.go.jp/published_plan/download/01E2112013/5/0
possible_missing,strong_msk,3,大阪府,しらい痛みのクリニック,八尾市安中町4-3-17ウエルシア八尾安中店2F,自己多血小板血漿(PRP)を用いた筋・腱・靭帯の損傷および慢性炎症に対する治療,0.6073,P00419,都島整形外科クリニック,自家多血小板血漿（PRP）を用いた筋肉、腱、靭帯、筋膜の損傷及び慢性炎症の治療（関節外の軟部組織）,,,,,https://saiseiiryo.mhlw.go.jp/published_plan/download/01E2511022/5/0
possible_missing,strong_msk,3,大阪府,つねとう痛みのクリニック,"大阪市住吉区長居西2丁目11番18号
WELKAMTY長居西Bldg 2階",自己多血小板血漿(PRP)を用いた用いた筋・腱・靭帯の損傷及び慢性炎症に対する治療,0.6024,P00419,都島整形外科クリニック,自家多血小板血漿（PRP）を用いた筋肉、腱、靭帯、筋膜の損傷及び慢性炎症の治療（関節外の軟部組織）,,,,,https://saiseiiryo.mhlw.go.jp/published_plan/download/01E2505003/5/0
possible_missing,strong_msk,3,大阪府,はせがわ整形外科運動器エコークリニック,大阪市平野区長吉出戸5丁目2-13,自家多血小板血漿（Platelet-Rich Plasma：PRP）を用いた筋肉、腱、靭帯、筋膜の損傷及び慢性炎症の治療（関節外の軟部組織）,0.7252,P00419,都島整形外科クリニック,自家多血小板血漿（PRP）を用いた筋肉、腱、靭帯、筋膜の損傷及び慢性炎症の治療（関節外の軟部組織）,,,,,https://saiseiiryo.mhlw.go.jp/published_plan/download/01E2511002/5/0
possible_missing,strong_msk,3,大阪府,まつうら整形・肩肘スポーツクリニック,堺市西区鳳東町6丁 637-1 2F,自家多血小板血漿（Platelet-Rich Plasma：PRP）を用いた筋肉、腱、靭帯、筋膜の損傷及び慢性炎症の治療（関節外の軟部組織）,0.6812,P00419,都島整形外科クリニック,自家多血小板血漿（PRP）を用いた筋肉、腱、靭帯、筋膜の損傷及び慢性炎症の治療（関節外の軟部組織）,,,,,https://saiseiiryo.mhlw.go.jp/published_plan/download/03E2512005/5/0
possible_missing,strong_msk,3,大阪府,ルナペインクリニック,東大阪市長堂1丁目5-6 布施駅前セントラルビル2階,自己多血小板血漿（PRP)を用いた、運動器組織再生療法（主に筋・腱・靱帯）,0.5513,P00869,社会医療法人 大阪国際メディカル＆サイエンスセンター 大阪警察病院,自己多血小板血漿（PRP）を用いた運動器組織再生療法（主に靱帯・腱付着部炎、筋・腱・靱帯損傷）,,,,,https://saiseiiryo.mhlw.go.jp/published_plan/download/01E2403004/5/0
possible_missing,strong_msk,3,大阪府,一般社団法人澄佳会 松山淳記念クリニック,大阪市北区芝田2-7-18 ルーシッドスクエア梅田2F,多血小板血漿を用いた整形外科疾患に対する組織修復治療,0.5683,P00862,医療法人いずみ会 阪堺病院,多血小板血漿（PRP）を用いた整形外科疾患に対する治療,,,,,https://saiseiiryo.mhlw.go.jp/published_plan/download/01E2508030/5/0
possible_missing,strong_msk,3,大阪府,一般社団法人隆起会　おおたき整形外科,大阪市都島区毛馬町二丁目10番33号,自己多血小板血漿(PRP)療法（治療対象：筋・腱・靭帯損傷）,0.4456,P00866,社会医療法人ONE FLAG おおさかグローバル整形外科病院,自己多血小板血漿（PRP）を用いた整形外科領域における軟部組織治療,,,,,https://saiseiiryo.mhlw.go.jp/published_plan/download/01E2604018/5/0
possible_missing,strong_msk,3,大阪府,医療法人 きど整形外科クリニック,吹田市桃山台二丁目２番２号,自己多血小板血漿（PRP）を用いた筋肉、腱、靭帯、筋膜（関節外の軟部組織）の治療,0.7377,P00419,都島整形外科クリニック,自家多血小板血漿（PRP）を用いた筋肉、腱、靭帯、筋膜の損傷及び慢性炎症の治療（関節外の軟部組織）,,,,,https://saiseiiryo.mhlw.go.jp/published_plan/download/01E2506022/5/0
possible_missing,strong_msk,3,大阪府,医療法人 凉庵会 整形外科 吉田クリニック,大阪市阿倍野区阪南町2-20-16,多血小板血漿(PRP)の投与によるスポーツ外傷を含む筋、腱、靱帯損傷治療,0.5629,P00865,医療法人荒巻会 あらまき整形外科クリニック,多血小板血漿（PRP）を用いた腱板、筋、腱および周辺組織の再生医療,,,,,https://saiseiiryo.mhlw.go.jp/published_plan/download/03E2603007/5/0|https://saiseiiryo.mhlw.go.jp/published_plan/download/03E2603007/5/1
possible_missing,strong_msk,3,大阪府,医療法人Nクリニック,岸和田市別所町3-10-10,多血小板血漿（PRP）の投与によるスポーツ外傷を含む筋、腱、靱帯損傷治療,0.5027,P00865,医療法人荒巻会 あらまき整形外科クリニック,多血小板血漿（PRP）を用いた腱板、筋、腱および周辺組織の再生医療,,,,,https://saiseiiryo.mhlw.go.jp/published_plan/download/02E2308012/5/0|https://saiseiiryo.mhlw.go.jp/published_plan/download/02E2308012/5/1
possible_missing,strong_msk,3,大阪府,医療法人Nクリニック　本町Nクリニック,大阪市西区西本町一丁目４番１号オリックス本町ビル２階,多血小板血漿を用いた腱板、筋、腱および周辺組織の治療,0.6945,P00865,医療法人荒巻会 あらまき整形外科クリニック,多血小板血漿（PRP）を用いた腱板、筋、腱および周辺組織の再生医療,,,,,https://saiseiiryo.mhlw.go.jp/published_plan/download/02E2508015/5/0
possible_missing,strong_msk,3,大阪府,医療法人一幸会 いっしん整形外科,大阪市平野区喜連東五丁目16番22号,自家多血小板血漿（Platelet-rich plasma：PRP）を用いた筋肉、腱、靭帯、筋膜の損傷及び慢性炎症の治療（関節外の軟部組織）,0.6078,P00867,社会医療法人報恩会 長吉総合病院,自家多血小板血漿（PRP）を用いた筋肉、腱、靭帯、筋膜の損傷及び慢性炎症の治療（関節外の軟部組織）,,,,,https://saiseiiryo.mhlw.go.jp/published_plan/download/01E2104018/5/0
possible_missing,strong_msk,3,大阪府,医療法人光明会　もりあきクリニック,箕面市船場西3-8-11ＣＯＭプラザ１Ｆ,自己多血小板血漿（PRP)を用いた、筋・腱・靱帯の軟部組織再生療法,0.6863,P00865,医療法人荒巻会 あらまき整形外科クリニック,多血小板血漿（PRP）を用いた腱板、筋、腱および周辺組織の再生医療,,,,,https://saiseiiryo.mhlw.go.jp/published_plan/download/01E2307007/5/0|https://saiseiiryo.mhlw.go.jp/published_plan/download/01E2307007/5/1
possible_missing,strong_msk,3,大阪府,医療法人医誠会　医誠会国際総合病院,大阪市北区南扇町4−14,自己多血小板血漿(Platelet-rich plasma：PRP)を用いた整形外科領域における軟部組織治療,0.554,P00866,社会医療法人ONE FLAG おおさかグローバル整形外科病院,自己多血小板血漿（PRP）を用いた整形外科領域における軟部組織治療,,,,,https://saiseiiryo.mhlw.go.jp/published_plan/download/02E2508010/5/0
possible_missing,strong_msk,3,大阪府,医療法人医進会　高石加茂病院,高石市西取石3丁目23番17号,自家多血小板血漿（Platelet-Rich Plasma：PRP）を用いた筋肉、腱、靭帯、筋膜の損傷及び慢性炎症の治療（関節外の軟部組織）,0.6812,P00867,社会医療法人報恩会 長吉総合病院,自家多血小板血漿（PRP）を用いた筋肉、腱、靭帯、筋膜の損傷及び慢性炎症の治療（関節外の軟部組織）,,,,,https://saiseiiryo.mhlw.go.jp/published_plan/download/01E2603014/5/0
possible_missing,strong_msk,3,大阪府,医療法人恒晴会　心斎橋ペインクリニック,大阪市中央区西心斎橋一丁目４番５号御堂筋ビル8階,筋・腱・靭帯の損傷および慢性炎症に対する自家多血小板血漿注入療法,0.4054,P00864,医療法人良花会 整形外科とくはらクリニック,自家多血小板血漿（PRP）を用いた関節機能治療（関節腔外に限る）,,,,,https://saiseiiryo.mhlw.go.jp/published_plan/download/01E2302002/5/0|https://saiseiiryo.mhlw.go.jp/published_plan/download/01E2302002/5/1|https://saiseiiryo.mhlw.go.jp/published_plan/download/01E2302002/5/2
possible_missing,strong_msk,3,大阪府,医療法人桂礼会 小阪医院,東大阪市小阪本町一丁目9番13号,自家多血小板血漿(Platelet-rich plasma：PRP)を用いた筋肉、腱、靭帯、筋膜の損傷及び慢性炎症の治療（関節腔外に限る）,0.6134,P00867,社会医療法人報恩会 長吉総合病院,自家多血小板血漿（PRP）を用いた筋肉、腱、靭帯、筋膜の損傷及び慢性炎症の治療（関節外の軟部組織）,,,,,https://saiseiiryo.mhlw.go.jp/published_plan/download/01E2408018/5/0
possible_missing,strong_msk,3,大阪府,医療法人槻陽会　高槻整形外科・再生医療クリニック,⾼槻市城北町2-2-3 リュドール⾼槻４階,自己多血小板血漿（PRP）を用いた筋肉、腱、靭帯、筋膜など関節外の軟部組織治療,0.6674,P00419,都島整形外科クリニック,自家多血小板血漿（PRP）を用いた筋肉、腱、靭帯、筋膜の損傷及び慢性炎症の治療（関節外の軟部組織）,,,,,https://saiseiiryo.mhlw.go.jp/published_plan/download/01E2604023/5/0
possible_missing,strong_msk,3,大阪府,医療法人社団彦星会　岩橋クリニック,吹田市山手町２丁目6-6,多血小板血漿(PRP)の投与によるスポーツ外傷を含む筋、腱、靱帯損傷治療,0.4831,P00865,医療法人荒巻会 あらまき整形外科クリニック,多血小板血漿（PRP）を用いた腱板、筋、腱および周辺組織の再生医療,,,,,https://saiseiiryo.mhlw.go.jp/published_plan/download/03E2005003/5/0
possible_missing,strong_msk,3,大阪府,医療法人社団美咲会 えびえ記念病院,大阪市福島区海老江二丁目１番３６号,四肢の靭帯、筋腱付着部およびスポーツ傷害（筋・腱・靭帯）を対象とした自家多血小板血漿（PRP）注入療法,0.3823,P00862,医療法人いずみ会 阪堺病院,多血小板血漿（PRP）を用いた整形外科疾患に対する治療,,,,,https://saiseiiryo.mhlw.go.jp/published_plan/download/02E2603004/5/0|https://saiseiiryo.mhlw.go.jp/published_plan/download/02E2603004/5/1
possible_missing,strong_msk,3,大阪府,医療法人神明会　印どうメディカルクリニック,箕面市白島1-15-5,四肢の靭帯、筋腱付着部、体幹、腰部およびスポーツ傷害（筋・腱・靭帯）を対象とした自己多血小板血漿注入療法,0.3427,P00864,医療法人良花会 整形外科とくはらクリニック,自家多血小板血漿（PRP）を用いた関節機能治療（関節腔外に限る）,,,,,https://saiseiiryo.mhlw.go.jp/published_plan/download/01E2111002/5/0|https://saiseiiryo.mhlw.go.jp/published_plan/download/01E2111002/5/1|https://saiseiiryo.mhlw.go.jp/published_plan/download/01E2111002/5/2
possible_missing,strong_msk,3,大阪府,"医療法人美喜有会
リペアセルクリニック","大阪市福島区福島1-1-51
堂島クロスウォーク404C",自家多血小板血漿を用いた筋腱炎・靭帯炎の治療,0.5516,P00864,医療法人良花会 整形外科とくはらクリニック,自家多血小板血漿（PRP）を用いた関節機能治療（関節腔外に限る）,,,,,https://saiseiiryo.mhlw.go.jp/published_plan/download/02E2603029/5/0
possible_missing,strong_msk,3,大阪府,"医療法人良耕会
村尾診療所",岸和田市土生町2丁目15-51,自家多血小板血漿（Platelet-Rich Plasma：PRP）を用いた筋肉、腱、靭帯、筋膜の損傷及び慢性炎症の治療（関節外の軟部組織）,0.6241,P00867,社会医療法人報恩会 長吉総合病院,自家多血小板血漿（PRP）を用いた筋肉、腱、靭帯、筋膜の損傷及び慢性炎症の治療（関節外の軟部組織）,,,,,https://saiseiiryo.mhlw.go.jp/published_plan/download/01E2503002/5/0
possible_missing,strong_msk,3,大阪府,医療法人誠幸会　わだ整形外科クリニック,枚方市長尾元町二丁目１番２１号,四肢の靭帯、筋腱付着部およびスポーツ傷害（筋・腱・靭帯）を対象とした自家多血小板血漿(自家PRP)注入療法,0.5058,P00864,医療法人良花会 整形外科とくはらクリニック,自家多血小板血漿（PRP）を用いた関節機能治療（関節腔外に限る）,,,,,https://saiseiiryo.mhlw.go.jp/published_plan/download/01E2111019/5/0|https://saiseiiryo.mhlw.go.jp/published_plan/download/01E2111019/5/1|https://saiseiiryo.mhlw.go.jp/published_plan/download/01E2111019/5/2
possible_missing,strong_msk,3,大阪府,医療法人酒井会　さかいペインクリニック,柏原市上市1-2-2　アゼリア柏原416,自家多血小板血漿(Platelet-rich plasma:PRP)を用いた筋肉、腱、靭帯、筋膜の損傷及び慢性炎症の治療（関節腔外に限る）,0.562,P00419,都島整形外科クリニック,自家多血小板血漿（PRP）を用いた筋肉、腱、靭帯、筋膜の損傷及び慢性炎症の治療（関節外の軟部組織）,,,,,https://saiseiiryo.mhlw.go.jp/published_plan/download/01E2403006/5/0
possible_missing,strong_msk,3,大阪府,吹田くわた内科・ペインクリニック,吹田市新芦屋下6-7吹田新芦屋クリニックビル3F,多血小板血漿を用いた整形外科領域（関節腔内への投与を除く）の治療,0.792,P00863,医療法人健裕会 よこい整形外科 健康スポーツクリニック,多血小板血漿を用いた整形外科領域（関節腔内への投与を除く）の治療,,,,,https://saiseiiryo.mhlw.go.jp/published_plan/download/01E2505013/5/0|https://saiseiiryo.mhlw.go.jp/published_plan/download/01E2505013/5/1
possible_missing,strong_msk,3,大阪府,大阪市立総合医療センター,大阪市都島区都島本通二丁目13番22号,自家多血小板血漿(Platelet-rich plasma:PRP)を用いた関節機能治療(関節腔外に限る),0.4788,P00864,医療法人良花会 整形外科とくはらクリニック,自家多血小板血漿（PRP）を用いた関節機能治療（関節腔外に限る）,,,,,https://saiseiiryo.mhlw.go.jp/published_plan/download/03E2604002/5/0
possible_missing,strong_msk,3,大阪府,市立岸和田市民病院,岸和田市額原町1001番地,多血小板血漿（Platelet-rich plasma : PRP)を用いた整形外科領域における軟部組織治療,0.464,P00866,社会医療法人ONE FLAG おおさかグローバル整形外科病院,自己多血小板血漿（PRP）を用いた整形外科領域における軟部組織治療,,,,,https://saiseiiryo.mhlw.go.jp/published_plan/download/02E2508002/5/0
possible_missing,strong_msk,3,大阪府,枚方市駅前やました整形外科リハビリテーションクリニック,枚方市新町1-1-8　HIRAKATA　WOVEN301,自家多血小板血漿（Platelet-Rich Plasma：PRP）を用いた筋肉、腱、靭帯、筋膜の損傷及び慢性炎症の治療（関節外の軟部組織）,0.6696,P00419,都島整形外科クリニック,自家多血小板血漿（PRP）を用いた筋肉、腱、靭帯、筋膜の損傷及び慢性炎症の治療（関節外の軟部組織）,,,,,https://saiseiiryo.mhlw.go.jp/published_plan/download/01E2508022/5/0
possible_missing,strong_msk,3,大阪府,森ノ宮医療大学附属　大阪ベイクリニック,大阪市住之江区南港北1-26-16,多血小板血漿を用いた靭帯・腱及び腱付着部の機能障害・疾患の治療,0.7187,P00416,医療法人協和会 協和会病院,多血小板血漿を用いた靭帯・腱及び腱付着部の機能障害・疾患の治療,,,,,https://saiseiiryo.mhlw.go.jp/published_plan/download/02E2509009/5/0
possible_missing,strong_msk,3,大阪府,運動器ケア しまだ病院,羽曳野市樫山100-1,自己多血小板血漿（Platelet-rich plasma：PRP）を用いた整形外科領域における軟部組織治療,0.4803,P00866,社会医療法人ONE FLAG おおさかグローバル整形外科病院,自己多血小板血漿（PRP）を用いた整形外科領域における軟部組織治療,,,,,https://saiseiiryo.mhlw.go.jp/published_plan/download/02E2411002/5/0
possible_missing,strong_msk,3,兵庫県,きぬがさクリニック,姫路市駅前町241フェスタビル5F,多血小板血漿を用いた再生医療(先天性、外傷、老化などによる明らかな組織の変形、萎縮の治療),0.454,P00444,あまのペインクリニック,自己多血小板血漿（PRP）を用いた筋・腱・靭帯等の軟部組織治療,,,,,https://saiseiiryo.mhlw.go.jp/published_plan/download/01E2010028/5/0
possible_missing,strong_msk,3,兵庫県,ささき整形外科リハビリクリニック,芦屋市海洋町6-1,自家多血小板血漿（Platelet-Rich Plasma：PRP）を用いた筋肉、腱、靭帯、筋膜の損傷及び慢性炎症の治療（関節外の軟部組織）,0.6412,P00442,医療法人社団S＆J しばはら整形外科スポーツ関節クリニック,自家多血小板血漿（PRP）を用いた筋肉、腱、靭帯、筋膜の損傷及び慢性炎症の治療（関節外の軟部組織）,,,,,https://saiseiiryo.mhlw.go.jp/published_plan/download/01E2603010/5/0
possible_missing,strong_msk,3,兵庫県,たちはら整形外科・肩とスポーツのクリニック,明石市大蔵天神町5-16,自家多血小板血漿(Platelet-rich plasma:PRP)を用いた筋肉、腱、靭帯、筋膜の損傷及び慢性炎症の治療（関節腔外に限る）,0.6853,P00442,医療法人社団S＆J しばはら整形外科スポーツ関節クリニック,自家多血小板血漿（PRP）を用いた筋肉、腱、靭帯、筋膜の損傷及び慢性炎症の治療（関節外の軟部組織）,,,,,https://saiseiiryo.mhlw.go.jp/published_plan/download/01E2402021/5/0
possible_missing,strong_msk,3,兵庫県,三輪整形外科クリニック,"神戸市垂水区舞多聞西五丁目１番３号　
ノアすこやかプラザ舞多聞クリニックモール１０２号室",自家多血小板血漿(Platelet-rich plasma:PRP)を用いた筋肉、腱、靭帯、筋膜の損傷及び慢性炎症の治療(関節腔外に限る),0.6134,P00442,医療法人社団S＆J しばはら整形外科スポーツ関節クリニック,自家多血小板血漿（PRP）を用いた筋肉、腱、靭帯、筋膜の損傷及び慢性炎症の治療（関節外の軟部組織）,,,,,https://saiseiiryo.mhlw.go.jp/published_plan/download/01E2101022/5/0
possible_missing,strong_msk,3,兵庫県,兵庫県立リハビリテーション中央病院,神戸市西区曙町1070,自家多血小板血漿(Platelet-rich plasma：PRP)を用いた筋・腱・靭帯損傷に対する治療,0.399,P00446,かみはらペインクリニック,自己多血小板血漿（PRP）を用いた筋・腱・靭帯の損傷及び慢性炎症に対する治療,,,,,https://saiseiiryo.mhlw.go.jp/published_plan/download/03E2509015/5/0
possible_missing,strong_msk,3,兵庫県,医療法人　研樹会　神戸ルミヴィアクリニック,"兵庫県兵庫県神戸市中央区北長狭通4-6-15
リンズエムディ神戸元町5F",多血小板血漿（Platelet-rich plasma：PRP）を用いた筋肉、腱、靭帯、筋膜の損傷及び慢性炎症の治療（関節外の軟部組織）,0.6165,P00442,医療法人社団S＆J しばはら整形外科スポーツ関節クリニック,自家多血小板血漿（PRP）を用いた筋肉、腱、靭帯、筋膜の損傷及び慢性炎症の治療（関節外の軟部組織）,,,,,https://saiseiiryo.mhlw.go.jp/published_plan/download/03E2607007/5/0
possible_missing,strong_msk,3,兵庫県,医療法人社団さいとう整形外科,神戸市西区桜が丘中町４丁目９−７,多血小板血漿を用いた整形外科領域（関節腔内への投与を除く）の治療,0.836,P00441,医療法人社団佳和会 中山クリニック,多血小板血漿を用いた整形外科領域（関節腔内への投与を除く）の治療,,,,,https://saiseiiryo.mhlw.go.jp/published_plan/download/03E2404005/5/0
possible_missing,strong_msk,3,兵庫県,医療法人社団大室整形外科　脊椎・関節クリニック,姫路市中地371,自家多血小板血漿（Platelet-Rich Plasma：PRP）を用いた筋肉、腱、靭帯、筋膜の損傷及び慢性炎症の治療（関節外の軟部組織）,0.7665,P00442,医療法人社団S＆J しばはら整形外科スポーツ関節クリニック,自家多血小板血漿（PRP）を用いた筋肉、腱、靭帯、筋膜の損傷及び慢性炎症の治療（関節外の軟部組織）,,,,,https://saiseiiryo.mhlw.go.jp/published_plan/download/01E2503026/5/0
possible_missing,strong_msk,3,兵庫県,医療法人社団慶愛会　森口整形外科,伊丹市鈴原町１丁目９号３番,多血小板血漿を用いた靭帯・腱及び腱付着部の機能障害・疾患の治療,0.4728,P00442,医療法人社団S＆J しばはら整形外科スポーツ関節クリニック,自家多血小板血漿（PRP）を用いた筋肉、腱、靭帯、筋膜の損傷及び慢性炎症の治療（関節外の軟部組織）,,,,,https://saiseiiryo.mhlw.go.jp/published_plan/download/01E1909025/5/0
possible_missing,strong_msk,3,兵庫県,医療法人社団成道会　ひろクリニック,神戸市中央区京町70番　松岡ビルディング２F・３F,多血小板血漿（Platelet-rich plasma：PRP）を用いた筋、筋腱付着部、靭帯修復,0.4877,P00441,医療法人社団佳和会 中山クリニック,多血小板血漿を用いた整形外科領域（関節腔内への投与を除く）の治療,,,,,https://saiseiiryo.mhlw.go.jp/published_plan/download/02E2302006/5/0
possible_missing,strong_msk,3,兵庫県,医療法人社団武部整形外科リハビリテーション,尼崎市浜田町五丁目28番地,自家多血小板血漿（Platelet-rich plasma：PRP）を用いた筋肉、腱、靭帯、筋膜の損傷及び慢性炎症の治療（関節外の軟部組織）,0.6587,P00442,医療法人社団S＆J しばはら整形外科スポーツ関節クリニック,自家多血小板血漿（PRP）を用いた筋肉、腱、靭帯、筋膜の損傷及び慢性炎症の治療（関節外の軟部組織）,,,,,https://saiseiiryo.mhlw.go.jp/published_plan/download/01E2109006/5/0
possible_missing,strong_msk,3,兵庫県,医療法人財団　神戸海星病院,神戸市灘区篠原北町3丁目11番15号,多血小板血漿（PRP）の投与によるスポーツ外傷を含む筋、腱、靭帯損傷治療,0.6583,P00440,医療法人社団リハケア会 西川整形外科リハビリクリニック,多血小板血漿（PRP）の投与によるスポーツ外傷を含む筋、腱、靱帯損傷治療,,,,,https://saiseiiryo.mhlw.go.jp/published_plan/download/02E2504009/5/0|https://saiseiiryo.mhlw.go.jp/published_plan/download/02E2504009/5/1
possible_missing,strong_msk,3,兵庫県,増本整形外科クリニック,兵庫県西宮市学文殿町１丁目８番２０号,多血小板血漿を用いた整形外科領域（関節腔内への投与を除く）の治療,0.823,P00441,医療法人社団佳和会 中山クリニック,多血小板血漿を用いた整形外科領域（関節腔内への投与を除く）の治療,,,,,https://saiseiiryo.mhlw.go.jp/published_plan/download/01E2605011/5/0
possible_missing,strong_msk,3,兵庫県,特定医療法人誠仁会　大久保病院,明石市大久保町大窪2095番の１,自己多血小板血漿(PRP)を用いた筋・腱・靭帯等の軟部組織治療,0.66,P00444,あまのペインクリニック,自己多血小板血漿（PRP）を用いた筋・腱・靭帯等の軟部組織治療,,,,,https://saiseiiryo.mhlw.go.jp/published_plan/download/02E1906017/5/0|https://saiseiiryo.mhlw.go.jp/published_plan/download/02E1906017/5/1
possible_missing,strong_msk,3,兵庫県,芦屋整形外科スポーツクリニック,芦屋市大原町28番1号 パルティ芦屋1階,自家多血小板血漿(Platelet-rich plasma:PRP)を用いた筋肉、腱、靭帯、筋膜の損傷及び慢性炎症の治療(関節腔外に限る),0.6763,P00442,医療法人社団S＆J しばはら整形外科スポーツ関節クリニック,自家多血小板血漿（PRP）を用いた筋肉、腱、靭帯、筋膜の損傷及び慢性炎症の治療（関節外の軟部組織）,,,,,https://saiseiiryo.mhlw.go.jp/published_plan/download/01E2005009/5/0
possible_missing,strong_msk,3,兵庫県,芦屋整形外科スポーツクリニック,芦屋市大原町28番1号 パルティ芦屋1階,自家多血小板血漿（Platelet-Rich Plasma：PRP）を用いた筋肉、腱、靭帯、筋膜の損傷及び慢性炎症の治療（関節外の軟部組織）,0.7272,P00442,医療法人社団S＆J しばはら整形外科スポーツ関節クリニック,自家多血小板血漿（PRP）を用いた筋肉、腱、靭帯、筋膜の損傷及び慢性炎症の治療（関節外の軟部組織）,,,,,https://saiseiiryo.mhlw.go.jp/published_plan/download/01E2508016/5/0
possible_missing,strong_msk,3,兵庫県,藤田整形外科 スポーツクリニック,神戸市須磨区磯馴町3丁目2番20号,多血小板血漿（PRP）を用いた整形外科領域（関節腔内への投与を除く）の治療,0.6753,P00441,医療法人社団佳和会 中山クリニック,多血小板血漿を用いた整形外科領域（関節腔内への投与を除く）の治療,,,,,https://saiseiiryo.mhlw.go.jp/published_plan/download/01E2506024/5/0
possible_missing,strong_msk,3,奈良県,医療法人ポイントワン　ならやまと整形外科スポーツクリニック,北葛城郡上牧町上牧3413-1,四肢の靭帯、筋腱付着部およびスポーツ傷害（筋・腱・靭帯）を対象とした自家多血小板血漿（PRP）注入療法,0.3203,P00455,医療法人興生会 吉本整形外科・外科病院,自家多血小板血漿（PRP）を用いた筋肉、腱、靭帯、筋膜の損傷及び慢性炎症の治療（関節腔外）,,,,,https://saiseiiryo.mhlw.go.jp/published_plan/download/01E2303002/5/0|https://saiseiiryo.mhlw.go.jp/published_plan/download/01E2303002/5/1
possible_missing,strong_msk,3,奈良県,社会福祉法人　恩賜財団済生会奈良病院,奈良市八条4丁目643番地,多血小板血漿(Platelet-rich plasma：PRP)を用いた整形外科領域における軟部組織治療,0.5132,P00456,社会医療法人 松本快生会 西奈良中央病院,多血小板血漿を用いた整形外科領域（関節腔内への投与を除く）の治療,,,,,https://saiseiiryo.mhlw.go.jp/published_plan/download/01E2102010/5/0
possible_missing,strong_msk,3,奈良県,近畿大学奈良病院,生駒市乙田町１２４８-１,多血小板血漿（PRP）を用いた腱板、筋、腱および周辺組織の治療,0.3978,P00455,医療法人興生会 吉本整形外科・外科病院,自家多血小板血漿（PRP）を用いた筋肉、腱、靭帯、筋膜の損傷及び慢性炎症の治療（関節腔外）,,,,,https://saiseiiryo.mhlw.go.jp/published_plan/download/01E2203003/5/0
possible_missing,strong_msk,3,和歌山県,伏虎リハビリテーション病院,和歌山市畑屋敷東ノ丁１番,自己多血小板血漿(PRP)を用いた整形外科領域における軟部組織治療,0.7019,P00466,海南医療センター,自己多血小板血漿（PRP）を用いた整形外科領域における軟部組織治療,,,,,https://saiseiiryo.mhlw.go.jp/published_plan/download/02E2405011/5/0
possible_missing,strong_msk,3,和歌山県,医療法人優真会 やなせ整形外科,和歌山市次郎丸167番地の2,四肢の筋・腱・靱帯及びその付着部の傷害を対象とした自家多血小板血漿（PRP）注入療法,0.2586,P00466,海南医療センター,自己多血小板血漿（PRP）を用いた整形外科領域における軟部組織治療,,,,,https://saiseiiryo.mhlw.go.jp/published_plan/download/01E2503008/5/0
possible_missing,strong_msk,3,和歌山県,医療法人琉憲会　ナカイマ整形外科クリニック,岩出市金池389-1,自家多血小板血漿（Platelet-rich plasma：PRP）を用いた筋肉、腱、靭帯、筋膜の損傷及び慢性炎症の治療（関節外の軟部組織）,0.2967,P00466,海南医療センター,自己多血小板血漿（PRP）を用いた整形外科領域における軟部組織治療,,,,,https://saiseiiryo.mhlw.go.jp/published_plan/download/02E2407030/5/0
possible_missing,strong_msk,3,和歌山県,社会医療法人黎明会　北出病院,御坊市湯川町財部728‐4,自己多血小板血漿（Platelet-rich plasma：PRP）を用いた整形外科領域における軟部組織治療,0.5178,P00466,海南医療センター,自己多血小板血漿（PRP）を用いた整形外科領域における軟部組織治療,,,,,https://saiseiiryo.mhlw.go.jp/published_plan/download/02E2507043/5/0
possible_missing,strong_msk,3,和歌山県,社会医療法人黎明会　和歌山 健診クリニック・キタデ,和歌山市七番丁２６－１　モンティグレ ダイワロイネットホテル和歌山　２F,自家多血小板血漿（Platelet-Rich Plasma：PRP）を用いた筋肉、腱、靭帯、筋膜の損傷及び慢性炎症の治療（関節外の軟部組織）,0.3218,P00466,海南医療センター,自己多血小板血漿（PRP）を用いた整形外科領域における軟部組織治療,,,,,https://saiseiiryo.mhlw.go.jp/published_plan/download/01E2509006/5/0
possible_missing,strong_msk,3,和歌山県,"社会福祉法人琴の浦リハビリテイションセンター　　
琴の浦リハビリテーションセンター附属病院",和歌山市毛見字馬瀬1451番地,四肢の靭帯、筋腱付着部およびスポーツ傷害（筋・腱・靭帯）を対象とした自家多血小板血漿（PRP）注入療法,0.2347,P00466,海南医療センター,自己多血小板血漿（PRP）を用いた整形外科領域における軟部組織治療,,,,,https://saiseiiryo.mhlw.go.jp/published_plan/download/01E2402019/5/0
possible_missing,strong_msk,3,鳥取県,鳥取大学医学部附属病院,米子市西町36番地1,自己多血小板血漿（Platelet-rich plasma：PRP）を用いた整形外科領域における軟部組織治療,0.3752,P00471,医療法人育生会 高島病院,多血小板血漿を用いた整形外科領域（関節腔内への投与を除く）の治療,,,,,https://saiseiiryo.mhlw.go.jp/published_plan/download/03F2509001/5/0
possible_missing,strong_msk,3,岡山県,医療法人社団きびじ整形外科・内科・リハビリクリニック,総社市岡谷337番1,四肢の筋・腱・靱帯及びその付着部の傷害を対象とした自家多血小板血漿（PRP）注入療法,0.3638,P00477,あゆみ整形ハンドクリニック,自己多血小板血漿（PRP）を用いた筋肉、腱、靭帯、筋膜（関節外の軟部組織）の治療,,,,,https://saiseiiryo.mhlw.go.jp/published_plan/download/01F2601002/5/0
possible_missing,strong_msk,3,岡山県,医療法人社団河合会 新倉敷メディカルスクエア,倉敷市玉島1719,多血小板血漿(PRP)の投与によるスポーツ外傷を含む筋、腱、靱帯損傷治療,0.3375,P00480,社会医療法人光生病院,自家多血小板血漿（PRP）を用いた関節機能治療（関節腔外に限る）,,,,,https://saiseiiryo.mhlw.go.jp/published_plan/download/02F1907018/5/0|https://saiseiiryo.mhlw.go.jp/published_plan/download/02F1907018/5/1
possible_missing,strong_msk,3,広島県,医療法人かたひざこしのクリニック 福山かた・ひざ・こしのクリニック,福山市神辺町大字新湯野74-18,自家多血小板血漿（Platelet-rich plasma：PRP）を用いた筋肉、腱、靭帯、筋膜の損傷及び慢性炎症の治療（関節外の軟部組織）,0.5472,P00495,医療法人社団 日本鋼管福山病院,自家多血小板血漿（PRP）を用いた筋肉、腱、靭帯、筋膜の損傷及び慢性炎症の治療（関節外）,,,,,https://saiseiiryo.mhlw.go.jp/published_plan/download/01F2108003/5/0
possible_missing,strong_msk,3,広島県,医療法人エム・エム会　マッターホルンリハビリテーション病院,呉市中通一丁目５番２５号,多血小板血漿を用いた靭帯・腱及び腱付着部の機能障害・疾患の治療,0.8164,P00496,医療法人社団まりも会 ヒロシマ平松病院,多血小板血漿を用いた靭帯・腱及び腱付着部の機能障害・疾患の治療,,,,,https://saiseiiryo.mhlw.go.jp/published_plan/download/03F2304004/5/0
possible_missing,strong_msk,3,広島県,医療法人龍樹会　池田整形外科リハビリテーションクリニック,広島市東区戸坂大上４丁目29番13号,"自己多血小板血漿（Platelet-rich plasma：PRP）を用いた
整形外科領域における軟部組織治療",0.4015,P00494,医療法人昭和 原田整形外科病院,自家多血小板血漿（PRP）を用いた筋肉、腱、靭帯、筋膜の損傷及び慢性炎症の治療（関節外）,,,,,https://saiseiiryo.mhlw.go.jp/published_plan/download/01F2310002/5/0
possible_missing,strong_msk,3,広島県,大田クリニック整形外科,広島市中区富士見町4-27,自家多血小板血漿（Platelet-Rich Plasma：PRP）を用いた筋肉、腱、靭帯、筋膜の損傷及び慢性炎症の治療（関節外の軟部組織）,0.6032,P00494,医療法人昭和 原田整形外科病院,自家多血小板血漿（PRP）を用いた筋肉、腱、靭帯、筋膜の損傷及び慢性炎症の治療（関節外）,,,,,https://saiseiiryo.mhlw.go.jp/published_plan/download/01F2505004/5/0
possible_missing,strong_msk,3,広島県,寛田クリニック,広島市南区稲荷町3-20 トーレ稲荷町,自家多血小板血漿(Platelet-rich plasma:PRP)を用いた関節機能改善治療(関節腔外に限る),0.3054,P00494,医療法人昭和 原田整形外科病院,自家多血小板血漿（PRP）を用いた筋肉、腱、靭帯、筋膜の損傷及び慢性炎症の治療（関節外）,,,,,https://saiseiiryo.mhlw.go.jp/published_plan/download/02F2502002/5/0
possible_missing,strong_msk,3,広島県,広島大学病院,広島市南区霞一丁目２番３号,自家多血小板血漿（PRP）を用いた腱付着部炎、腱炎、靭帯損傷（関節外に限る）治療,0.4508,P00494,医療法人昭和 原田整形外科病院,自家多血小板血漿（PRP）を用いた筋肉、腱、靭帯、筋膜の損傷及び慢性炎症の治療（関節外）,,,,,https://saiseiiryo.mhlw.go.jp/published_plan/download/02F2604002/5/0
possible_missing,strong_msk,3,広島県,社会医療法人里仁会　興生総合病院,三原市円一町2丁目5番1号,自己多血小板血漿(PRP)を用いた整形外科領域における軟部組織治療,0.4456,P00494,医療法人昭和 原田整形外科病院,自家多血小板血漿（PRP）を用いた筋肉、腱、靭帯、筋膜の損傷及び慢性炎症の治療（関節外）,,,,,https://saiseiiryo.mhlw.go.jp/published_plan/download/03F2511004/5/0
possible_missing,strong_msk,3,山口県,森山整形クリニック,下関市幡生本町２−２,四肢の靭帯、筋腱付着部およびスポーツ傷害（筋・腱・靭帯）を対象とした自家多血小板血漿（PRP）注入療法,0.1723,P00504,医療法人社団季朋会 王司病院,自家多血小板血漿（PRP）の投与によるスポーツ外傷を含む筋、腱、靱帯損傷治療,,,,,https://saiseiiryo.mhlw.go.jp/published_plan/download/01F2305003/5/0
possible_missing,strong_msk,3,香川県,医療法人弘仁会　三条整形外科スポーツクリニック,高松市三条町482番地1,自己多血小板血漿（ＰＲＰ）を用いた整形外科療法,0.5224,P00875,医療法人社団研宣会 広瀬病院,自己多血小板血漿（PRP）を用いた運動器の修復・再生促進療法,,,,,https://saiseiiryo.mhlw.go.jp/published_plan/download/03F2505004/5/0
possible_missing,strong_msk,3,香川県,香川県厚生農業協同組合連合会　屋島総合病院,高松市屋島西町2105番17,自家多血小板血漿（Platelet-rich plasma：PRP）を用いた筋肉、腱、靭帯、筋膜の損傷及び慢性炎症の治療（関節外の軟部組織）,0.286,P00875,医療法人社団研宣会 広瀬病院,自己多血小板血漿（PRP）を用いた運動器の修復・再生促進療法,,,,,https://saiseiiryo.mhlw.go.jp/published_plan/download/03F2309003/5/0
possible_missing,strong_msk,3,香川県,高松南整形外科スポーツクリニック,高松市三名町65番,自家多血小板血漿（Platelet-rich plasma：PRP）を用いた筋肉、腱、靭帯、筋膜の損傷及び慢性炎症の治療（関節外の軟部組織）,0.3243,P00520,医療法人社団 永井整形外科医院,多血小板血漿（PRP）の投与によるスポーツ外傷を含む筋、腱、靱帯損傷治療,,,,,https://saiseiiryo.mhlw.go.jp/published_plan/download/01F2203002/5/0
possible_missing,strong_msk,3,愛媛県,住友別子病院,新居浜市王子町3番1号,自家多血小板血漿（Platelet-rich plasma：PRP）を用いた筋肉、腱、靭帯、筋膜の損傷及び慢性炎症の治療（関節外の軟部組織）,0.5529,P00531,医療法人 鎌野病院,自家多血小板血漿（PRP）を用いた筋肉、腱、靭帯、筋膜の損傷及び慢性炎症の治療（関節外）,,,,,https://saiseiiryo.mhlw.go.jp/published_plan/download/01F2212004/5/0
possible_missing,strong_msk,3,愛媛県,愛媛大学医学部附属病院,東温市志津川,自己多血小板血漿(PRP)を用いた整形外科領域における軟部組織治療,0.7543,P00535,社会医療法人石川記念会 HITO病院,自己多血小板血漿（PRP）を用いた整形外科領域における軟部組織治療,,,,,https://saiseiiryo.mhlw.go.jp/published_plan/download/03F2604002/5/0
possible_missing,strong_msk,3,高知県,医療法人 高尚会 川田整形外科,土佐市高岡町甲920番地1,自家多血小板血漿（Platelet-rich plasma：PRP）を用いた筋肉、腱、靭帯、筋膜の損傷及び慢性炎症の治療（関節外の軟部組織）,0.2896,P00544,高知大学医学部附属病院,多血小板血漿（PRP）を用いた筋腱付着部炎・筋炎・筋損傷・靭帯損傷の治癒促進,,,,,https://saiseiiryo.mhlw.go.jp/published_plan/download/01F2106009/5/0
possible_missing,strong_msk,3,高知県,医療法人緑風会　海里マリン病院,高知市仁井田１６１７－５,多血小板血漿を用いた靭帯・腱及び腱付着部の機能障害・疾患の治療,0.3946,P00544,高知大学医学部附属病院,多血小板血漿（PRP）を用いた筋腱付着部炎・筋炎・筋損傷・靭帯損傷の治癒促進,,,,,https://saiseiiryo.mhlw.go.jp/published_plan/download/03F2505002/5/0
possible_missing,strong_msk,3,高知県,芸西オルソクリニック,安芸郡芸西村和食甲1495-1,自家多血小板血漿(Platelet-rich  plasma:PRP)を用いた筋肉、腱、靭帯、筋膜の損傷及び慢性炎症の治療（関節腔外に限る）,0.309,P00542,細木病院,自家多血小板血漿（PRP）を用いた関節機能治療（関節腔外に限る）,,,,,https://saiseiiryo.mhlw.go.jp/published_plan/download/01F2106011/5/0
possible_missing,strong_msk,3,福岡県,Tenjin Toya Clinic,福岡市中央区渡辺通五丁目24番32号　FPG links TENJIN MINAMI 5階,多血小板血漿（PRP）を用いた筋肉、腱、靭帯、筋膜の損傷及び慢性炎症の治療（関節腔外に限る）,0.4683,P00885,医療法人HMC ブレインメディカルクリニック博多,自家多血小板血漿（Platelet-rich plasma：PRP）を用いた筋肉、腱、靭帯、筋膜の損傷及び慢性炎症の治療（関節腔外に限る）,,,,,https://saiseiiryo.mhlw.go.jp/published_plan/download/01G2508002/5/0
possible_missing,strong_msk,3,福岡県,とも整形外科スポーツクリニック,福岡市博多区豊1丁目4番32号,自家多血小板血漿(PRP)を用いた腱付着部炎・腱障害・筋 損傷・靭帯損傷(関節腔外に限る)治療,0.608,P00554,うらはし整形外科クリニック,自家多血小板血漿（PRP）を用いた整形外科領域治療,,,,,https://saiseiiryo.mhlw.go.jp/published_plan/download/01G1906001/5/0
possible_missing,strong_msk,3,福岡県,ガーデンクリニック 福岡院,福岡市中央区大名一丁目15番35号 247ビル5階,自家多血小板血漿（Platelet-rich plasma：PRP）を用いた筋肉、腱、靭帯、筋膜の損傷及び慢性炎症の治療（関節外の軟部組織）,0.6685,P00885,医療法人HMC ブレインメディカルクリニック博多,自家多血小板血漿（Platelet-rich plasma：PRP）を用いた筋肉、腱、靭帯、筋膜の損傷及び慢性炎症の治療（関節腔外に限る）,,,,,https://saiseiiryo.mhlw.go.jp/published_plan/download/01G2105006/5/0
possible_missing,strong_msk,3,福岡県,医療法人 同信会 福岡整形外科病院,福岡市南区柳河内2-10-50,多血小板血漿(PRP)の投与によるスポーツ外傷を含む筋、腱、靱帯損傷治療,0.4089,P00575,医療法人 前川整形外科医院 前川整形外科スポーツクリニック,多血小板血漿を用いた整形外科領域（関節腔への投与を除く）の治療,,,,,https://saiseiiryo.mhlw.go.jp/published_plan/download/02G2504004/5/0|https://saiseiiryo.mhlw.go.jp/published_plan/download/02G2504004/5/1
possible_missing,strong_msk,3,福岡県,医療法人 桜康会 三宮整形外科医院,久留米市諏訪野町１７７５－２,多血小板血漿を用いた整形外科領域（関節腔内への投与を除く）の治療,0.76,P00575,医療法人 前川整形外科医院 前川整形外科スポーツクリニック,多血小板血漿を用いた整形外科領域（関節腔への投与を除く）の治療,,,,,https://saiseiiryo.mhlw.go.jp/published_plan/download/01G2302004/5/0
possible_missing,strong_msk,3,福岡県,医療法人NEO まなべ整形外科クリニック,福岡市西区愛宕4丁目14-22,自家多血小板血漿（Platelet-Rich Plasma：PRP）を用いた筋肉、腱、靭帯、筋膜の損傷及び慢性炎症の治療（関節外の軟部組織）,0.7062,P00885,医療法人HMC ブレインメディカルクリニック博多,自家多血小板血漿（Platelet-rich plasma：PRP）を用いた筋肉、腱、靭帯、筋膜の損傷及び慢性炎症の治療（関節腔外に限る）,,,,,https://saiseiiryo.mhlw.go.jp/published_plan/download/01G2505004/5/0
possible_missing,strong_msk,3,福岡県,医療法人かつの整形外科・リハビリテーション科,福岡市西区福重4丁目7-6　2F,多血小板血漿（Platelet-rich plasma：PRP）を用いた筋、腱、靭帯損傷、肩腱板損傷に対する治療,0.5082,P00885,医療法人HMC ブレインメディカルクリニック博多,自家多血小板血漿（Platelet-rich plasma：PRP）を用いた筋肉、腱、靭帯、筋膜の損傷及び慢性炎症の治療（関節腔外に限る）,,,,,https://saiseiiryo.mhlw.go.jp/published_plan/download/03G2101004/5/0|https://saiseiiryo.mhlw.go.jp/published_plan/download/03G2101004/5/1
possible_missing,strong_msk,3,福岡県,医療法人オアシス　福岡志恩病院,小郡市美鈴が丘一丁目５番３,多血小板血漿(PRP)の投与によるスポーツ外傷を含む筋、腱、靱帯損傷治療,0.3276,P00575,医療法人 前川整形外科医院 前川整形外科スポーツクリニック,多血小板血漿を用いた整形外科領域（関節腔への投与を除く）の治療,,,,,https://saiseiiryo.mhlw.go.jp/published_plan/download/01G1909002/5/0
possible_missing,strong_msk,3,福岡県,医療法人一寿会西尾病院,直方市津田町9番38号,自家多血小板血漿（Platelet-rich plasma：PRP）を用いた筋肉、腱、靭帯、筋膜の損傷及び慢性炎症の治療（関節外の軟部組織）,0.6212,P00885,医療法人HMC ブレインメディカルクリニック博多,自家多血小板血漿（Platelet-rich plasma：PRP）を用いた筋肉、腱、靭帯、筋膜の損傷及び慢性炎症の治療（関節腔外に限る）,,,,,https://saiseiiryo.mhlw.go.jp/published_plan/download/01G2011006/5/0
possible_missing,broad_msk,3,福岡県,医療法人前川整形外科医院,北九州市八幡西区浅川学園台3-10-8,多血小板血漿(platelet rich plasma)治療,0.4837,P00575,医療法人 前川整形外科医院 前川整形外科スポーツクリニック,多血小板血漿を用いた整形外科領域（関節腔への投与を除く）の治療,,,,,https://saiseiiryo.mhlw.go.jp/published_plan/download/02G1904001/5/0
possible_missing,strong_msk,3,福岡県,"医療法人博仁会
福岡リハ西都クリニック スポーツ・整形外科",福岡市西区北原2-8-13,四肢の靭帯、筋腱付着部およびスポーツ傷害（筋・腱・靭帯）を対象とした自家多血小板血漿（PRP）注入療法,0.3893,P00883,医療法人TSC タケダスポーツ・ビューティークリニック,損傷軟部組織に対する自己多血小板血漿（PRP）療法,,,,,https://saiseiiryo.mhlw.go.jp/published_plan/download/01G2404011/5/0
possible_missing,strong_msk,3,福岡県,医療法人松口整形外科クリニック,福岡市早良区西新4丁目9-35　真栄ビル3F,自家多血小板血漿（Platelet-rich plasma：PRP）を用いた筋肉、腱、靭帯、筋膜の損傷及び慢性炎症の治療（関節外の軟部組織）,0.7261,P00885,医療法人HMC ブレインメディカルクリニック博多,自家多血小板血漿（Platelet-rich plasma：PRP）を用いた筋肉、腱、靭帯、筋膜の損傷及び慢性炎症の治療（関節腔外に限る）,,,,,https://saiseiiryo.mhlw.go.jp/published_plan/download/03G2605022/5/0
possible_missing,strong_msk,3,福岡県,"医療法人社団　天翠会
きよみず整形外科クリニック",北九州市小倉北区清水３−６−１６,多血小板血漿を用いた整形外科疾患に対する組織修復治療,0.592,P00554,うらはし整形外科クリニック,自家多血小板血漿（PRP）を用いた整形外科領域治療,,,,,https://saiseiiryo.mhlw.go.jp/published_plan/download/03G2508013/5/0
possible_missing,strong_msk,3,福岡県,医療法人秀英会　新庄整形外科医院,北九州市若松区東二島4-4-1,PRP（自家多血小板血漿抽出液)を用いた筋肉、腱、靭帯、筋膜の損傷及び慢性炎症の治療（関節外の軟部組織）,0.4588,P00885,医療法人HMC ブレインメディカルクリニック博多,自家多血小板血漿（Platelet-rich plasma：PRP）を用いた筋肉、腱、靭帯、筋膜の損傷及び慢性炎症の治療（関節腔外に限る）,,,,,https://saiseiiryo.mhlw.go.jp/published_plan/download/03G2502011/5/0
possible_missing,strong_msk,3,福岡県,医療法人笑運舎　戸畑駅Fプラス整形外科,北九州市戸畑区汐井町1-1 戸畑駅2F,自家多血小板血漿（Platelet-Rich Plasma：PRP）を用いた筋肉、腱、靭帯、筋膜の損傷及び慢性炎症の治療（関節外の軟部組織）,0.6035,P00885,医療法人HMC ブレインメディカルクリニック博多,自家多血小板血漿（Platelet-rich plasma：PRP）を用いた筋肉、腱、靭帯、筋膜の損傷及び慢性炎症の治療（関節腔外に限る）,,,,,https://saiseiiryo.mhlw.go.jp/published_plan/download/01G2506019/5/0
possible_missing,strong_msk,3,福岡県,医療法人鷹ノ羽会　村上外科病院,田川市魚町１２番５号,自己血由来多血小板血漿を用いた靱帯付着部炎および腱炎の治療,0.4013,P00575,医療法人 前川整形外科医院 前川整形外科スポーツクリニック,多血小板血漿を用いた整形外科領域（関節腔への投与を除く）の治療,,,,,https://saiseiiryo.mhlw.go.jp/published_plan/download/02G1907028/5/0|https://saiseiiryo.mhlw.go.jp/published_plan/download/02G1907028/5/1|https://saiseiiryo.mhlw.go.jp/published_plan/download/02G1907028/5/2
possible_missing,strong_msk,3,福岡県,松股会OZUMIクリニック,北九州市小倉南区長行東2-14-11,先天性、外傷、老化などによる組織の変形、萎縮性疾患に対する多血小板血漿を用いた再生医療,0.3648,P00554,うらはし整形外科クリニック,自家多血小板血漿（PRP）を用いた整形外科領域治療,,,,,https://saiseiiryo.mhlw.go.jp/published_plan/download/02G2503002/5/0|https://saiseiiryo.mhlw.go.jp/published_plan/download/02G2503002/5/1
possible_missing,strong_msk,3,福岡県,櫛田学整形外科クリニック,糸島市波多江268番4,自家多血小板血漿（Platelet-rich plasma：PRP）を用いた筋肉、腱、靭帯、筋膜の損傷及び慢性炎症の治療（関節外の軟部組織）,0.6434,P00885,医療法人HMC ブレインメディカルクリニック博多,自家多血小板血漿（Platelet-rich plasma：PRP）を用いた筋肉、腱、靭帯、筋膜の損傷及び慢性炎症の治療（関節腔外に限る）,,,,,https://saiseiiryo.mhlw.go.jp/published_plan/download/01G2108002/5/0
possible_missing,strong_msk,3,福岡県,産業医科大学若松病院,北九州市若松区浜町1-17-1,整形外科領域における多血小板血漿(PRP)療法,0.3561,P00883,医療法人TSC タケダスポーツ・ビューティークリニック,損傷軟部組織に対する自己多血小板血漿（PRP）療法,,,,,https://saiseiiryo.mhlw.go.jp/published_plan/download/03G2403004/5/0
possible_missing,strong_msk,3,福岡県,社会医療法人北九州病院　北九州総合病院,北九州市小倉北区東城野町１番１号,多血小板血漿を用いた靭帯・腱及び腱付着部の機能障害・疾患の治療,0.3681,P00575,医療法人 前川整形外科医院 前川整形外科スポーツクリニック,多血小板血漿を用いた整形外科領域（関節腔への投与を除く）の治療,,,,,https://saiseiiryo.mhlw.go.jp/published_plan/download/03G2509011/5/0
possible_missing,strong_msk,3,福岡県,社会医療法人財団池友会　新小文字病院,北九州市門司区大里新町２－５,多血小板血漿を用いた整形外科領域（関節腔内への投与を除く）の治療,0.6505,P00575,医療法人 前川整形外科医院 前川整形外科スポーツクリニック,多血小板血漿を用いた整形外科領域（関節腔への投与を除く）の治療,,,,,https://saiseiiryo.mhlw.go.jp/published_plan/download/03G2401006/5/0
possible_missing,strong_msk,3,佐賀県,医療法人仁栄会　さかえまち整形外科,佐賀市駅前中央1-4-17コムボックス佐賀駅前2F,自己多血小板血漿(PRP)を用いた、筋・腱・靭帯の軟部組織再生療法,,,,,,,,,https://saiseiiryo.mhlw.go.jp/published_plan/download/01G2108005/5/0
possible_missing,strong_msk,3,佐賀県,医療法人尽心会 百武整形外科・スポーツクリニック,佐賀市水ヶ江4丁目2番15号,多血小板血漿(PRP)の投与によるスポーツ外傷を含む筋、腱、靱帯損傷治療,,,,,,,,,https://saiseiiryo.mhlw.go.jp/published_plan/download/02G2406003/5/0|https://saiseiiryo.mhlw.go.jp/published_plan/download/02G2406003/5/1
possible_missing,strong_msk,3,佐賀県,地方独立行政法人佐賀県医療センター好生館,佐賀市嘉瀬町大字中原４００番地,自己多血小板血漿(PRP)を用いた筋肉、腱、靭帯、筋膜（関節外の軟部組織）の治療,,,,,,,,,https://saiseiiryo.mhlw.go.jp/published_plan/download/01G2403006/5/0
possible_missing,strong_msk,3,長崎県,チカラ整形外科スポーツリウマチクリニック,諫早市新道町68-1,自家多血小板血漿（Platelet-rich plasma：PRP）を用いた筋肉、腱、靭帯、筋膜の損傷及び慢性炎症の治療（関節外の軟部組織）,,,,,,,,,https://saiseiiryo.mhlw.go.jp/published_plan/download/01G2311007/5/0
possible_missing,strong_msk,3,長崎県,医療法人増田整形外科,佐世保市高砂町４－２１,多血小板血漿を用いた靭帯・腱及び腱付着部の機能障害・疾患の治療,,,,,,,,,https://saiseiiryo.mhlw.go.jp/published_plan/download/01G1906006/5/0
possible_missing,strong_msk,3,長崎県,医療法人愛健会　愛健医院,佐世保市上本山町1059番地,関節周囲炎に対する自家多血小板血漿(PRP)を利用した軟組織の再生医療,,,,,,,,,https://saiseiiryo.mhlw.go.jp/published_plan/download/01G2201008/5/0
possible_missing,strong_msk,3,熊本県,医療法人　回生会 リハビリテーションセンター　熊本回生会病院,上益城郡嘉島町鯰1880,自己多血小板血漿（PRP）を用いた整形外科治療,0.3849,P00894,保田窪整形外科病院,自己多血小板血漿（Platelet-rich plasma：PRP）を用いた整形外科領域における軟部組織治療,,,,,https://saiseiiryo.mhlw.go.jp/published_plan/download/02G2308003/5/0
possible_missing,strong_msk,3,熊本県,医療法人相生会 にしくまもと病院,熊本市南区富合町古閑１０１２番地,自己多血小板血漿(Platelet-rich plasma：PRP)を用いた整形外科領域における軟部組織治療,0.7333,P00894,保田窪整形外科病院,自己多血小板血漿（Platelet-rich plasma：PRP）を用いた整形外科領域における軟部組織治療,,,,,https://saiseiiryo.mhlw.go.jp/published_plan/download/03G2506006/5/0|https://saiseiiryo.mhlw.go.jp/published_plan/download/03G2506006/5/1
possible_missing,strong_msk,3,熊本県,熊本整形外科病院,熊本市中央区新屋敷1丁目17-1,多血小板血漿（Platelet-rich plasma：PRP）を用いた筋、腱、靭帯損傷、肩腱板損傷に対する治療,0.7147,P00894,保田窪整形外科病院,自己多血小板血漿（Platelet-rich plasma：PRP）を用いた整形外科領域における軟部組織治療,,,,,https://saiseiiryo.mhlw.go.jp/published_plan/download/02G2511005/5/0|https://saiseiiryo.mhlw.go.jp/published_plan/download/02G2511005/5/1|https://saiseiiryo.mhlw.go.jp/published_plan/download/02G2511005/5/2
possible_missing,strong_msk,3,大分県,医療法人恵愛会 中村病院,別府市秋葉町8番24号,多血小板血漿(PRP)の投与によるスポーツ外傷を含む筋、腱、靱帯損傷治療,,,,,,,,,https://saiseiiryo.mhlw.go.jp/published_plan/download/02G1911002/5/0|https://saiseiiryo.mhlw.go.jp/published_plan/download/02G1911002/5/1
possible_missing,strong_msk,3,大分県,医療法人社団唱和会　明野中央病院,大分市明野東２丁目７番３３号,多血小板血漿を用いた靭帯・腱及び腱付着部の機能障害・疾患の治療,,,,,,,,,https://saiseiiryo.mhlw.go.jp/published_plan/download/01G2212005/5/0
possible_missing,strong_msk,3,大分県,医療法人聡明会　児玉病院,別府市亀川四の湯町５番19号,多血小板血漿を用いた整形外科領域（関節腔内への投与を除く）の治療,,,,,,,,,https://saiseiiryo.mhlw.go.jp/published_plan/download/03G2608005/5/0
possible_missing,strong_msk,3,大分県,猿渡整形外科スポーツリハクリニック,大分市竹下2丁目126番地,四肢の靭帯、筋腱付着部およびスポーツ傷害（筋・腱・靭帯）を対象とした自家多血小板血漿(自家PRP)注入療法,,,,,,,,,https://saiseiiryo.mhlw.go.jp/published_plan/download/01G2010001/5/0
possible_missing,strong_msk,3,宮崎県,Mスポーツ整形外科クリニック,宮崎市太田４丁目２-１６,多血小板血漿を用いた靭帯・腱及び腱付着部の機能障害・疾患の治療,,,,,,,,,https://saiseiiryo.mhlw.go.jp/published_plan/download/01G1906013/5/0
possible_missing,strong_msk,3,宮崎県,くもん整形外科 スポーツ・骨関節クリニック,延岡市緑ヶ丘二丁目8番11号,自家多血小板血漿（Platelet-rich plasma：PRP）を用いた筋肉、腱、靭帯、筋膜の損傷及び慢性炎症の治療（関節外の軟部組織）,,,,,,,,,https://saiseiiryo.mhlw.go.jp/published_plan/download/01G2404003/5/0
possible_missing,strong_msk,3,宮崎県,医療法人社団光学堂　あたご整形外科,延岡市愛宕町3丁目161番地,多血小板血漿(PRP)の投与によるスポーツ外傷を含む筋、腱、靱帯損傷治療,,,,,,,,,https://saiseiiryo.mhlw.go.jp/published_plan/download/03G2509017/5/0|https://saiseiiryo.mhlw.go.jp/published_plan/download/03G2509017/5/1
possible_missing,strong_msk,3,宮崎県,医療法人社団明和会　かい外科整形外科スポーツ・リハビリテーションクリニック,日向市財光寺160,自己多血小板血漿（PRP)を用いた、筋・腱・靱帯の軟部組織再生治療,,,,,,,,,https://saiseiiryo.mhlw.go.jp/published_plan/download/01G2301002/5/0
possible_missing,strong_msk,3,宮崎県,医療法人社団橘会　橘病院,都城市中町15街区24号,多血小板血漿療法（関節外の軟部組織）,,,,,,,,,https://saiseiiryo.mhlw.go.jp/published_plan/download/02G2512003/5/0
possible_missing,strong_msk,3,宮崎県,坂田整形外科クリニック,宮崎市大塚町樋ノ口1981-1,自家多血小板血漿(Platelet-rich plasma：PRP)を用いた筋肉、腱、靭帯、筋膜の損傷及び慢性炎症の治療（関節腔外に限る）,,,,,,,,,https://saiseiiryo.mhlw.go.jp/published_plan/download/01G2408006/5/0
possible_missing,strong_msk,3,宮崎県,整形外科　押領司病院,小林市細野１６２番地１,多血小板血漿を用いた整形外科領域（関節腔内への投与を除く）の治療,,,,,,,,,https://saiseiiryo.mhlw.go.jp/published_plan/download/01G2301006/5/0
possible_missing,strong_msk,3,鹿児島県,公益社団法人鹿児島共済会南風病院,鹿児島市長田町14-3,自家多血小板血漿（Platelet-rich plasma：PRP）を用いた筋肉、腱、靭帯、筋膜の損傷及び慢性炎症の治療（関節外の軟部組織）,0.6938,P00901,天陽会中央クリニック,自家多血小板血漿（Platelet-rich plasma：PRP）を用いた筋肉、腱、靭帯、筋膜の損傷及び慢性炎症の治療（関節外の軟部組織）,,,,,https://saiseiiryo.mhlw.go.jp/published_plan/download/03G2502001/5/0
possible_missing,strong_msk,3,鹿児島県,医療法人　慈圭会　八反丸リハビリテーション病院,鹿児島市下竜尾町3番28号,"自己多血小板血漿(PRP)を用いた筋・腱・靱帯等の軟部組織
再生治療",0.3336,P00901,天陽会中央クリニック,自家多血小板血漿（Platelet-rich plasma：PRP）を用いた筋肉、腱、靭帯、筋膜の損傷及び慢性炎症の治療（関節外の軟部組織）,,,,,https://saiseiiryo.mhlw.go.jp/published_plan/download/02G2405005/5/0
possible_missing,strong_msk,3,鹿児島県,医療法人くすのき会　新門整形外科,薩摩川内市中郷１丁目８番１６号,多血小板血漿を用いた整形外科領域（関節腔内への投与を除く）の治療,0.2094,P00901,天陽会中央クリニック,自家多血小板血漿（Platelet-rich plasma：PRP）を用いた筋肉、腱、靭帯、筋膜の損傷及び慢性炎症の治療（関節外の軟部組織）,,,,,https://saiseiiryo.mhlw.go.jp/published_plan/download/02G2505019/5/0
possible_missing,strong_msk,3,鹿児島県,医療法人クオラ　クオラリハビリテーション病院あいら,姶良市西餅田２３００番地１,多血小板血漿を用いた靭帯・腱及び腱付着部の機能障害・疾患の治療,0.2657,P00901,天陽会中央クリニック,自家多血小板血漿（Platelet-rich plasma：PRP）を用いた筋肉、腱、靭帯、筋膜の損傷及び慢性炎症の治療（関節外の軟部組織）,,,,,https://saiseiiryo.mhlw.go.jp/published_plan/download/03G2504002/5/0
possible_missing,strong_msk,3,鹿児島県,医療法人七徳会 大井病院,姶良市加治木町本町141番地,四肢の筋・腱・靱帯及びその付着部の傷害を対象とした自家多血小板血漿（PRP）注入療法,0.179,P00901,天陽会中央クリニック,自家多血小板血漿（Platelet-rich plasma：PRP）を用いた筋肉、腱、靭帯、筋膜の損傷及び慢性炎症の治療（関節外の軟部組織）,,,,,https://saiseiiryo.mhlw.go.jp/published_plan/download/01G2607002/5/0|https://saiseiiryo.mhlw.go.jp/published_plan/download/01G2607002/5/1
possible_missing,strong_msk,3,鹿児島県,医療法人吉祥会　吉井整形外科内科中央病院,出水市平和町336番地,自家多血小板血漿(Platelet-rich plasma:PRP)を用いた筋 肉、腱、靭帯、筋膜の損傷及び慢性炎症の治療(関節腔外に 限る),0.6087,P00901,天陽会中央クリニック,自家多血小板血漿（Platelet-rich plasma：PRP）を用いた筋肉、腱、靭帯、筋膜の損傷及び慢性炎症の治療（関節外の軟部組織）,,,,,https://saiseiiryo.mhlw.go.jp/published_plan/download/01G2404012/5/0
possible_missing,strong_msk,3,鹿児島県,医療法人明正会　今林整形外科病院,指宿市十町352-2,自家多血小板血漿（Platelet-rich plasma：PRP）を用いた筋肉、腱、靭帯、筋膜の損傷及び慢性炎症の治療（関節外の軟部組織）,0.6952,P00901,天陽会中央クリニック,自家多血小板血漿（Platelet-rich plasma：PRP）を用いた筋肉、腱、靭帯、筋膜の損傷及び慢性炎症の治療（関節外の軟部組織）,,,,,https://saiseiiryo.mhlw.go.jp/published_plan/download/03G2412003/5/0|https://saiseiiryo.mhlw.go.jp/published_plan/download/03G2412003/5/1
possible_missing,strong_msk,3,鹿児島県,医療法人術徳会　霧島整形外科クリニック,霧島市国分野口東８－３１,多血小板血漿を用いた靭帯・腱及び腱付着部の機能障害・疾患の治療,0.4025,P00901,天陽会中央クリニック,自家多血小板血漿（Platelet-rich plasma：PRP）を用いた筋肉、腱、靭帯、筋膜の損傷及び慢性炎症の治療（関節外の軟部組織）,,,,,https://saiseiiryo.mhlw.go.jp/published_plan/download/01G2106003/5/0
possible_missing,strong_msk,3,沖縄県,ロクト整形Az,那覇市奥武山町46番地5階,自己多血小板血漿（PRP)を用いた、筋・腱・靭帯の軟部組織再生療法,,,,,,,,,https://saiseiiryo.mhlw.go.jp/published_plan/download/02G2605001/5/0
possible_missing,strong_msk,3,沖縄県,医療法人八重瀬会　同仁病院,浦添市城間１－３７－１２,多血小板血漿を用いた靭帯・腱及び腱付着部の機能障害・疾患の治療,,,,,,,,,https://saiseiiryo.mhlw.go.jp/published_plan/download/02G2503013/5/0
possible_missing,strong_msk,3,沖縄県,医療法人形成会 当山美容形成外科,那覇市久茂地2-11-18 当山久茂地川医邸　4・5階,自己多血小板血漿(PRP)を用いた筋・腱・靭帯等の整形外科的軟部組織再生治療,,,,,,,,,https://saiseiiryo.mhlw.go.jp/published_plan/download/02G2001025/5/0
possible_missing,strong_msk,3,沖縄県,社会医療法人友愛会友愛医療センター,沖縄県豊見城市字与根50番地212,靭帯・筋肉・腱・腱付着部に対する自家多血小板血漿（PRP）注入療法,,,,,,,,,https://saiseiiryo.mhlw.go.jp/published_plan/download/02G2602005/5/0|https://saiseiiryo.mhlw.go.jp/published_plan/download/02G2602005/5/1
alias_or_wording_candidate,strong_msk,2,茨城県,すずらん整形＆ラボ,つくば市東平塚７２７－１,自家多血小板血漿（Platelet-rich plasma：PRP）を用いた慢性関節炎の治療（関節内組織）,,,,,0.9838,P00084,すずらん整形＆ラボ,自家多血小板血漿（PRP）を用いた慢性関節炎の治療（関節内組織）,https://saiseiiryo.mhlw.go.jp/published_plan/download/01C2407018/5/0
alias_or_wording_candidate,strong_msk,2,栃木県,医療法人健寿会　小山整形外科内科クリニック,栃木県小山市雨ケ谷824番地18,多血小板血漿（Platelet-rich plasma：PRP）を用いた整形外科疾患に対する組織修復,,,,,0.98,P00091,医療法人健寿会 小山整形外科内科クリニック,多血小板血漿（PRP）を用いた整形外科疾患に対する組織修復,https://saiseiiryo.mhlw.go.jp/published_plan/download/02C1908009/5/0
alias_or_wording_candidate,strong_msk,2,埼玉県,さいたま整形外科クリニック,さいたま市大宮区仲町1-35 大塚ビル3階,⾃家多⾎⼩板⾎漿（Platelet-rich plasma：PRP）を⽤いた慢性関節障害に対する治療,,,,,0.98,P00107,さいたま整形外科クリニック,自家多血小板血漿（PRP）を用いた慢性関節障害に対する治療,https://saiseiiryo.mhlw.go.jp/published_plan/download/02C2512030/5/0
alias_or_wording_candidate,strong_msk,2,埼玉県,医療法人くろや整形外科医院,深谷市田中2643－8,変形性関節症および関節腔の傷害を対象とした自家多血小板血漿（PRP）注入療法,,,,,0.9308,P00110,医療法人彰友会 小林整形外科,変形性関節症および関節腔の傷害を対象とした自家多血小板血漿（PRP）注入療法,https://saiseiiryo.mhlw.go.jp/published_plan/download/01C2309046/5/0
alias_or_wording_candidate,strong_msk,2,埼玉県,"医療法人社団nagomi会
健康スポーツクリニック",熊谷市弥藤吾122-1,自家脂肪組織由来幹細胞（ASC）の投与による関節治療,,,,,0.8671,P00122,医療法人社団鷲明会 かすかべ整形外科・内科 ほまれクリニック,自家脂肪組織由来幹細胞（ASC）の投与による関節治療,https://saiseiiryo.mhlw.go.jp/published_plan/download/02C2408121/5/0
alias_or_wording_candidate,strong_msk,2,埼玉県,医療法人社団愛友会　三郷中央総合病院,三郷市中央四丁目5番地1,多血小板血漿（Platelet-rich plasma：PRP）を用いた変形性関節症治療,,,,,0.952,P00113,医療法人社団愛友会 三郷中央総合病院,多血小板血漿（PRP）を用いた変形性関節症治療,https://saiseiiryo.mhlw.go.jp/published_plan/download/03C2412018/5/0
alias_or_wording_candidate,strong_msk,2,埼玉県,医療法人社団慶辰会新越谷駅前えがわ整形外科クリニック,越谷市南越谷1-22-8 TMビル 2F/3F,多血小板血漿（Platelet-rich plasma：PRP）を用いた変形性関節症治療,,,,,0.952,P00114,医療法人社団慶辰会 新越谷駅前えがわ整形外科クリニック,多血小板血漿（PRP）を用いた変形性関節症治療,https://saiseiiryo.mhlw.go.jp/published_plan/download/01C2012028/5/0
alias_or_wording_candidate,strong_msk,2,埼玉県,医療法人社団春陽会 大宮リビータ整形外科,さいたま市大宮区桜木町２丁目902番304,多血小板血漿（Platelet-rich plasma:PRP）を用いた関節痛治療,,,,,0.9333,P00115,医療法人社団春陽会 大宮リビータ整形外科,多血小板血漿（PRP）を用いた関節痛治療,https://saiseiiryo.mhlw.go.jp/published_plan/download/03C2509046/5/0
alias_or_wording_candidate,strong_msk,2,埼玉県,医療法人社団武蔵野会　TMGあさか医療センター,朝霞市溝沼1340-1,多血小板血漿（Platelet-rich plasma：PRP）を用いた変形性関節症治療,,,,,0.952,P00117,医療法人社団武蔵野会 TMGあさか医療センター,多血小板血漿（PRP）を用いた変形性関節症治療,https://saiseiiryo.mhlw.go.jp/published_plan/download/03C2407109/5/0
alias_or_wording_candidate,strong_msk,2,千葉県,医療法人平成博愛会　印西総合病院,印西市牧の台1-1-1,自家多血小板血漿（Platelet-rich plasma：PRP）を用いた慢性関節炎の治療（関節内組織）,,,,,0.9333,P00139,医療法人平成博愛会 印西総合病院,自家多血小板血漿（PRP）を用いた慢性関節炎の治療,https://saiseiiryo.mhlw.go.jp/published_plan/download/01C2307045/5/0
alias_or_wording_candidate,strong_msk,2,千葉県,医療法人成春会　北習志野花輪病院,船橋市習志野台２丁目７１番１０号,関節炎・変形性関節症を対象とした自己多血小板血漿(Platelet-rich plasma:PRP)療法,,,,,0.9838,P00140,医療法人成春会 北習志野花輪病院,関節炎・変形性関節症を対象とした自己多血小板血漿（PRP）療法,https://saiseiiryo.mhlw.go.jp/published_plan/download/02C2512026/5/0|https://saiseiiryo.mhlw.go.jp/published_plan/download/02C2512026/5/1
alias_or_wording_candidate,strong_msk,2,千葉県,医療法人社団奏の杜整形外科,習志野市谷津七丁目7番1号 Loharu津田沼402A,自家多血小板血漿（Platelet-rich plasma：PRP）を用いた慢性関節炎の治療（関節内組織）,,,,,0.9333,P00144,医療法人社団奏の杜整形外科,自家多血小板血漿（PRP）を用いた慢性関節炎の治療,https://saiseiiryo.mhlw.go.jp/published_plan/download/01C2102007/5/0
alias_or_wording_candidate,strong_msk,2,千葉県,医療法人社団志高会たてやま整形外科クリニック,館山市安布里229,自家多血小板血漿（Platelet-rich plasma：PRP）を用いた慢性関節炎の治療（関節内組織）,,,,,0.9333,P00146,医療法人社団志高会 たてやま整形外科クリニック,自家多血小板血漿（PRP）を用いた慢性関節炎の治療,https://saiseiiryo.mhlw.go.jp/published_plan/download/01C2312002/5/0
alias_or_wording_candidate,strong_msk,2,千葉県,医療法人社団曙会 流山中央病院,流山市東初石二丁目１３２番地の２,自家多血小板血漿（Platelet-rich plasma：PRP）を用いた慢性関節炎の治療（関節内組織）,,,,,0.9333,P00149,医療法人社団曙会 流山中央病院,自家多血小板血漿（PRP）を用いた慢性関節炎の治療,https://saiseiiryo.mhlw.go.jp/published_plan/download/01C2108006/5/0
alias_or_wording_candidate,strong_msk,2,東京都,SBC整形外科クリニック西新宿本院,"新宿区西新宿7-21-3
西新宿大京ビル7F",多血小板血漿（PRP）の投与による変形性関節症治療,,,,,0.9331,P00287,祐天寺整形外科クリニック,多血小板血漿（PRP）の投与による変形性関節症治療,https://saiseiiryo.mhlw.go.jp/published_plan/download/01C2510013/5/0
alias_or_wording_candidate,strong_msk,2,東京都,お茶の水セルクリニック,千代田区神田駿河台4-1-1ウェルトンビル2階,多血小板血漿（Platelet-rich plasma：PRP）を用いた変形性関節症治療,,,,,0.952,P00214,お茶の水セルクリニック,多血小板血漿（PRP）を用いた変形性関節症治療,https://saiseiiryo.mhlw.go.jp/published_plan/download/02C2606017/5/0
alias_or_wording_candidate,strong_msk,2,東京都,アヴェニューセルクリニック,港区南青山3－18－16　ル・ボワビル3階,自己脂肪由来間葉系幹細胞を用いた関節痛、変形性関節症治療,,,,,0.9167,P00213,お茶の水セルクリニック,自己脂肪由来間葉系幹細胞を用いた関節痛、変形性関節症治療,https://saiseiiryo.mhlw.go.jp/published_plan/download/02C2606015/5/0|https://saiseiiryo.mhlw.go.jp/published_plan/download/02C2606015/5/1|https://saiseiiryo.mhlw.go.jp/published_plan/download/02C2606015/5/2
alias_or_wording_candidate,strong_msk,2,東京都,アヴェニューセルクリニック,港区南青山3－18－16　ル・ボワビル3階,自己脂肪由来間葉系幹細胞を用いた靭帯・腱損傷治療,,,,,0.9167,P00215,お茶の水セルクリニック,自己脂肪由来間葉系幹細胞を用いた靭帯・腱損傷治療,https://saiseiiryo.mhlw.go.jp/published_plan/download/02C2606022/5/0|https://saiseiiryo.mhlw.go.jp/published_plan/download/02C2606022/5/1|https://saiseiiryo.mhlw.go.jp/published_plan/download/02C2606022/5/2
alias_or_wording_candidate,strong_msk,2,東京都,アヴェニュー銀座クリニック,中央区銀座2丁目5-11　V88ビルディング8F,自己脂肪由来間葉系幹細胞を用いた関節痛、変形性関節症治療,,,,,1.0,P00331,医療法人社団アヴェニュー アヴェニュー銀座クリニック,自己脂肪由来間葉系幹細胞を用いた関節痛、変形性関節症治療,https://saiseiiryo.mhlw.go.jp/published_plan/download/02C2606021/5/0
alias_or_wording_candidate,strong_msk,2,東京都,"一般社団法人N2 Cell Act
N2クリニック本院","中央区銀座6丁目6番5号
HULIC&New　GINZA NAMIKI6　11F",自己脂肪由来幹細胞を用いた変形性関節症の治療,,,,,0.8751,P00313,一般社団法人健寿会 表参道イーグルクリニック,自己脂肪由来幹細胞を用いた変形性関節症の治療,https://saiseiiryo.mhlw.go.jp/published_plan/download/01C2411030/5/0
alias_or_wording_candidate,strong_msk,2,東京都,一般社団法人エンパシア　IIT CLINIC,新宿区西新宿6-6-2 新宿国際ビルディング1F,自家多血小板血漿（Platelet-Rich Plasma：PRP）を用いた慢性関節炎の治療（関節内組織）,,,,,0.9838,P00312,一般社団法人エンパシア IIT CLINIC,自家多血小板血漿（PRP）を用いた慢性関節炎の治療（関節内組織）,https://saiseiiryo.mhlw.go.jp/published_plan/download/01C2504027/5/0
alias_or_wording_candidate,strong_msk,2,東京都,一般社団法人厚生会　元麻布ヒルズメディカルクリニック,"港区元麻布 1 丁目 3－3
元麻布ヒルズフォレストテラスウエスト B1",変形性関節症に対する自己脂肪由来幹細胞を用いた治療,,,,,0.9142,P00179,一般社団法人 輝実会 青山レナセルクリニック,変形性関節症に対する自己脂肪由来幹細胞を用いた治療,https://saiseiiryo.mhlw.go.jp/published_plan/download/02C2505033/5/0|https://saiseiiryo.mhlw.go.jp/published_plan/download/02C2505033/5/1
alias_or_wording_candidate,strong_msk,2,東京都,一般社団法人日本オーラルヘルス協会ミライズクリニック南青山,港区南青山6-10-18　Tri-Angle南青山1階,自己脂肪由来幹細胞を用いた変形性関節症の治療,,,,,0.8888,P00313,一般社団法人健寿会 表参道イーグルクリニック,自己脂肪由来幹細胞を用いた変形性関節症の治療,https://saiseiiryo.mhlw.go.jp/published_plan/download/02C2310060/5/0
alias_or_wording_candidate,strong_msk,2,東京都,予防からはじめる整形外科 T CLINIC Ichigaya,新宿区市谷仲之町3-45,自家多血小板血漿（Platelet-Rich Plasma：PRP）を用いた慢性関節炎の治療（関節内組織）,,,,,0.9838,P00291,予防からはじめる整形外科 T CLINIC Ichigaya,自家多血小板血漿（PRP）を用いた慢性関節炎の治療（関節内組織）,https://saiseiiryo.mhlw.go.jp/published_plan/download/01C2504057/5/0
alias_or_wording_candidate,strong_msk,2,東京都,仙川整形外科,調布市仙川町3-2-4ウィステリア仙川1階A,脂肪由来SVF (非培養）による変形性関節症（膝関節・股関節・肘関節・肩関節）の治療,,,,,1.0,P00292,仙川整形外科,脂肪由来SVF（非培養）による変形性関節症の治療,https://saiseiiryo.mhlw.go.jp/published_plan/download/01C2003049/5/0
alias_or_wording_candidate,strong_msk,2,東京都,仙川整形外科,調布市仙川町3-2-4 ウィステリア仙川１階A,多血小板血漿（Platelet-rich plasma：PRP）を用いた整形外科疾患に対する組織修復,,,,,0.98,P00293,仙川整形外科,多血小板血漿（PRP）を用いた整形外科疾患に対する組織修復,https://saiseiiryo.mhlw.go.jp/published_plan/download/02C2103009/5/0
alias_or_wording_candidate,strong_msk,2,東京都,医療法人　輝鳳会　池袋クリニック,豊島区南池袋1－25－11　第15野萩ビル７階,変形性関節症に対する自己脂肪由来幹細胞を用いた治療,,,,,0.8929,P00179,一般社団法人 輝実会 青山レナセルクリニック,変形性関節症に対する自己脂肪由来幹細胞を用いた治療,https://saiseiiryo.mhlw.go.jp/published_plan/download/02C2602025/5/0|https://saiseiiryo.mhlw.go.jp/published_plan/download/02C2602025/5/1
alias_or_wording_candidate,strong_msk,2,東京都,医療法人ひまわり会 TOKYOひまわりクリニック,中央区銀座７丁目８番８号 isgBUILDING8F,自己脂肪由来幹細胞を用いた変形性関節症の治療Ver.2,,,,,0.8534,P00237,TOKYOひまわりクリニック,自己脂肪由来間葉系幹細胞を用いた変形性関節症治療,https://saiseiiryo.mhlw.go.jp/published_plan/download/01C2303024/5/0
alias_or_wording_candidate,strong_msk,2,東京都,医療法人優美会 クリニック 渋谷,渋谷区渋谷1-23-18渋谷ワールドイーストビル10階,自己脂肪由来間葉系幹細胞を用いた靭帯・腱損傷治療,,,,,0.84,P00333,医療法人社団ミッドタウンクリニック 東京ミッドタウンクリニック,自己脂肪由来間葉系幹細胞を用いた靭帯・腱損傷治療,https://saiseiiryo.mhlw.go.jp/published_plan/download/03C2606023/5/0
alias_or_wording_candidate,strong_msk,2,東京都,医療法人優美会　クリニック 渋谷,"渋谷区渋谷一丁目23番18 
渋谷ワールドイーストビル 10階",自己脂肪由来幹細胞を用いた変形性関節症の治療,,,,,0.9447,P00245,医療法人社団光美会 セルズクリニック銀座院,自己脂肪由来幹細胞を用いた変形性関節症の治療,https://saiseiiryo.mhlw.go.jp/published_plan/download/02C2604018/5/0
alias_or_wording_candidate,strong_msk,2,東京都,医療法人山本・前田記念会　前田病院,東久留米市中央町五丁目１３番３４号,多血小板血漿（Platelet-rich plasma：PRP）を用いた変形性関節症治療,,,,,0.952,P00216,医療法人山本・前田記念会 前田病院,多血小板血漿（PRP）を用いた変形性関節症治療,https://saiseiiryo.mhlw.go.jp/published_plan/download/02C2206047/5/0
alias_or_wording_candidate,strong_msk,2,東京都,医療法人社団 ICVS Tokyo Clinic V2,"千代田区紀尾井町4番１号　
新紀尾井町ビル2Ｆ",慢性筋骨格系疼痛の緩和を目的とした自己脂肪由来間葉系幹細胞治療（動脈投与）,,,,,0.88,P00317,医療法人社団ICVS 東京クリニック,慢性筋骨格系疼痛の緩和を目的とした自己脂肪由来間葉系幹細胞治療（動脈投与）,https://saiseiiryo.mhlw.go.jp/published_plan/download/02C2605078/5/0
alias_or_wording_candidate,strong_msk,2,東京都,"医療法人社団 千美会
ガーデンクリニック
ザ・ホワイトデンタルクリニック品川院","港区高輪4-24-58
サマセット品川東京2F",自己脂肪由来幹細胞を用いた変形性関節症の治療,,,,,0.884,P00245,医療法人社団光美会 セルズクリニック銀座院,自己脂肪由来幹細胞を用いた変形性関節症の治療,https://saiseiiryo.mhlw.go.jp/published_plan/download/01C2110051/5/0
alias_or_wording_candidate,strong_msk,2,東京都,医療法人社団 珠光会 HASUMI免疫クリニック,千代田区紀尾井町４-１ ニューオータニガーデンコート１F,慢性筋骨格系疼痛緩和を目的とした自己骨髄由来間葉系幹細胞治療（局所投与）,,,,,1.0,P00258,医療法人社団珠光会 HASUMI免疫クリニック,慢性筋骨格系疼痛の緩和を目的とした自己脂肪由来間葉系幹細胞治療（動脈投与）,https://saiseiiryo.mhlw.go.jp/published_plan/download/02C2607062/5/0
alias_or_wording_candidate,strong_msk,2,東京都,医療法人社団 珠光会 HASUMI免疫クリニック,千代田区紀尾井町４-１ ニューオータニガーデンコート１F,慢性筋骨格系疼痛緩和を目的とした自己骨髄由来間葉系幹細胞治療（動脈投与）,,,,,1.0,P00258,医療法人社団珠光会 HASUMI免疫クリニック,慢性筋骨格系疼痛の緩和を目的とした自己脂肪由来間葉系幹細胞治療（動脈投与）,https://saiseiiryo.mhlw.go.jp/published_plan/download/02C2607063/5/0
alias_or_wording_candidate,strong_msk,2,東京都,医療法人社団 盛心会 タカラクリニック,品川区東五反田2-3-2 タイセイビル9F,自己脂肪由来間葉系幹細胞を用いた変形性関節症治療,,,,,0.8704,P00243,医療法人社団TSOC 東京スポーツ＆整形外科クリニック北参道,自己脂肪由来間葉系幹細胞を用いた変形性関節症治療,https://saiseiiryo.mhlw.go.jp/published_plan/download/02C1905014/5/0|https://saiseiiryo.mhlw.go.jp/published_plan/download/02C1905014/5/1
alias_or_wording_candidate,strong_msk,2,東京都,医療法人社団ICVS 東京クリニック,千代田区紀尾井町4-1 新紀尾井町ビル4Ｆ,慢性筋骨格系疼痛緩和を目的とした自己骨髄由来間葉系幹細胞治療（動脈投与）,,,,,1.0,P00317,医療法人社団ICVS 東京クリニック,慢性筋骨格系疼痛の緩和を目的とした自己脂肪由来間葉系幹細胞治療（動脈投与）,https://saiseiiryo.mhlw.go.jp/published_plan/download/02C2506086/5/0
alias_or_wording_candidate,strong_msk,2,東京都,医療法人社団ICVS 東京クリニック,千代田区紀尾井町4-1 新紀尾井町ビル4Ｆ,慢性筋骨格系疼痛の緩和を目的とした自己骨髄由来間葉系幹細胞治療（局所投与）,,,,,1.0,P00317,医療法人社団ICVS 東京クリニック,慢性筋骨格系疼痛の緩和を目的とした自己脂肪由来間葉系幹細胞治療（動脈投与）,https://saiseiiryo.mhlw.go.jp/published_plan/download/02C2508047/5/0
alias_or_wording_candidate,strong_msk,2,東京都,医療法人社団ICVS 東京クリニック,千代田区紀尾井町4-1 新紀尾井町ビル4Ｆ,慢性筋骨格系疼痛の緩和を目的とした自己脂肪由来間葉系幹細胞治療（局所投与）,,,,,1.0,P00317,医療法人社団ICVS 東京クリニック,慢性筋骨格系疼痛の緩和を目的とした自己脂肪由来間葉系幹細胞治療（動脈投与）,https://saiseiiryo.mhlw.go.jp/published_plan/download/02C2605033/5/0
alias_or_wording_candidate,strong_msk,2,東京都,"医療法人社団IHOC
稲城平尾整形外科クリニック","稲城市平尾4丁目24-1
メディカルヴィレッジ",自家多血小板血漿（Platelet-Rich Plasma：PRP）を用いた慢性関節炎の治療（関節内組織）,,,,,0.9838,P00318,医療法人社団IHOC 稲城平尾整形外科クリニック,自家多血小板血漿（PRP）を用いた慢性関節炎の治療（関節内組織）,https://saiseiiryo.mhlw.go.jp/published_plan/download/01C2503011/5/0
alias_or_wording_candidate,strong_msk,2,東京都,"医療法人社団IHOC 
稲城平尾整形外科クリニック","稲城市平尾4-24-1
メディカルヴィレッジ",自家多血小板血漿（Platelet-Rich Plasma：PRP）を用いた関節内組織損傷に対する鏡視下治療,,,,,0.994,P00319,医療法人社団IHOC 稲城平尾整形外科クリニック,自家多血小板血漿（PRP）を用いた関節内組織損傷に対する鏡視下治療,https://saiseiiryo.mhlw.go.jp/published_plan/download/01C2503013/5/0
alias_or_wording_candidate,strong_msk,2,東京都,"医療法人社団M-TAC
文京整形外科","文京区千石1-27-8
千石ビル3階","自家多血小板血漿（Platelet-Rich Plasma：PRP）を用いた
慢性関節炎の治療（関節内組織）",,,,,0.9838,P00321,医療法人社団M-TAC 文京整形外科,自家多血小板血漿（PRP）を用いた慢性関節炎の治療（関節内組織）,https://saiseiiryo.mhlw.go.jp/published_plan/download/01C2503016/5/0
alias_or_wording_candidate,strong_msk,2,東京都,"医療法人社団OSSO FORTE
東十条整形外科",北区王子5丁目1番40号2階13号室,変形性関節症および関節腔の傷害を対象とした自家多血小板血漿（PRP）注入療法,,,,,0.8978,P00255,医療法人社団慶永会 徳永整形外科,変形性関節症および関節腔の傷害を対象とした自家多血小板血漿（PRP）注入療法,https://saiseiiryo.mhlw.go.jp/published_plan/download/01C2307055/5/0
alias_or_wording_candidate,strong_msk,2,東京都,医療法人社団TSOC　東京スポーツ＆整形外科クリニック,"豊島区上池袋4丁目29-9 KITAIKE TERRACE（北池テラス）
2 階・地下1 階",多血小板血漿（Platelet-rich plasma：PRP）を用いた変形性関節症治療,,,,,0.952,P00244,医療法人社団TSOC 東京スポーツ＆整形外科クリニック,多血小板血漿（PRP）を用いた変形性関節症治療,https://saiseiiryo.mhlw.go.jp/published_plan/download/02C2511021/5/0
alias_or_wording_candidate,strong_msk,2,東京都,医療法人社団　三友会　高円寺整形外科,東京都杉並区高円寺北2-11-5　インフィニティービル,自家脂肪組織由来の培養間葉系幹細胞を用いた変形性膝関節症の治療,,,,,1.0,P00164,医療法人社団三友会 高円寺整形外科,自家脂肪組織由来の培養間葉系間質細胞を用いた関節疾患の治療,https://saiseiiryo.mhlw.go.jp/published_plan/download/02C2203026/5/0
alias_or_wording_candidate,strong_msk,2,東京都,医療法人社団　景星会　大塚北口診療所,"豊島区北大塚2丁目6番12号
KSK大塚医療ビル",多血小板血漿（Platelet-rich plasma：PRP）を用いた整形外科疾患に対する治療,,,,,0.9718,P00328,医療法人社団景星会 大塚北口診療所,多血小板血漿（PRP）を用いた整形外科疾患に対する治療,https://saiseiiryo.mhlw.go.jp/published_plan/download/01C2112032/5/0
alias_or_wording_candidate,strong_msk,2,東京都,医療法人社団　済真会　永山整形外科,多摩市乞田1426-4階,変形性関節症および関節腔の傷害を対象とした自家多血小板血漿（PRP）注入療法,,,,,1.0,P00255,医療法人社団慶永会 徳永整形外科,変形性関節症および関節腔の傷害を対象とした自家多血小板血漿（PRP）注入療法,https://saiseiiryo.mhlw.go.jp/published_plan/download/01C2212040/5/0|https://saiseiiryo.mhlw.go.jp/published_plan/download/01C2212040/5/1
alias_or_wording_candidate,strong_msk,2,東京都,医療法人社団アーツメディック　さかい整形外科,練馬区栄町３４番７号　クイーンズコート１階１０２号室,変形性関節症および関節腔の傷害を対象とした自家多血小板血漿（PRP）注入療法,,,,,0.9044,P00255,医療法人社団慶永会 徳永整形外科,変形性関節症および関節腔の傷害を対象とした自家多血小板血漿（PRP）注入療法,https://saiseiiryo.mhlw.go.jp/published_plan/download/03C2305010/5/0|https://saiseiiryo.mhlw.go.jp/published_plan/download/03C2305010/5/1|https://saiseiiryo.mhlw.go.jp/published_plan/download/03C2305010/5/2|https://saiseiiryo.mhlw.go.jp/published_plan/download/03C2305010/5/3|https://saiseiiryo.mhlw.go.jp/published_plan/download/03C2305010/5/4|https://saiseiiryo.mhlw.go.jp/published_plan/download/03C2305010/5/5|https://saiseiiryo.mhlw.go.jp/published_plan/download/03C2305010/5/6|https://saiseiiryo.mhlw.go.jp/published_plan/download/03C2305010/5/7
alias_or_wording_candidate,strong_msk,2,東京都,医療法人社団ウェルエイジング　Dクリニック東京,"千代田区丸の内1-11-1
パシフィックセンチュリープレイス丸の内10F",慢性関節炎に対する自己脂肪由来幹細胞を用いた治療,,,,,0.84,P00217,医療法人慶春会 脳梗塞・脊髄損傷クリニック銀座院,慢性関節炎に対する自己脂肪由来幹細胞を用いた治療,https://saiseiiryo.mhlw.go.jp/published_plan/download/03C2605008/5/0|https://saiseiiryo.mhlw.go.jp/published_plan/download/03C2605008/5/1|https://saiseiiryo.mhlw.go.jp/published_plan/download/03C2605008/5/2|https://saiseiiryo.mhlw.go.jp/published_plan/download/03C2605008/5/3|https://saiseiiryo.mhlw.go.jp/published_plan/download/03C2605008/5/4
alias_or_wording_candidate,strong_msk,2,東京都,医療法人社団サザナミ　きむらてつや整形外科内科,目黒区自由が丘2-14-18グレースアート1F,多血小板血漿（Platelet-rich plasma：PRP）を用いた変形性関節症治療,,,,,0.952,P00218,医療法人社団サザナミ きむらてつや整形外科内科,多血小板血漿（PRP）を用いた変形性関節症治療,https://saiseiiryo.mhlw.go.jp/published_plan/download/01C2306010/5/0
alias_or_wording_candidate,strong_msk,2,東京都,"医療法人社団スターセルアライアンス
スタークリニック",港区海岸3-26-1　バーク芝浦11Ｆ,四肢スポーツ障害（筋腱靭帯障害)に対する、脂肪組織由来間葉系幹細胞 (Adipose Derived stem/ stromal Cells : ASCs)による治療,,,,,0.9578,P00219,医療法人社団スターセルアライアンス スタークリニック,四肢スポーツ障害（筋腱靭帯障害）に対する脂肪組織由来間葉系幹細胞（ASC）による治療,https://saiseiiryo.mhlw.go.jp/published_plan/download/02C2607018/5/0|https://saiseiiryo.mhlw.go.jp/published_plan/download/02C2607018/5/1|https://saiseiiryo.mhlw.go.jp/published_plan/download/02C2607018/5/2
alias_or_wording_candidate,strong_msk,2,東京都,医療法人社団ルネ ルネクリニック東京院,千代田区大手町一丁目1番3号大手センタービル14階,変形性関節症に対する自己脂肪由来幹細胞を用いた治療,,,,,0.8453,P00179,一般社団法人 輝実会 青山レナセルクリニック,変形性関節症に対する自己脂肪由来幹細胞を用いた治療,https://saiseiiryo.mhlw.go.jp/published_plan/download/03C2604054/5/0
alias_or_wording_candidate,strong_msk,2,東京都,医療法人社団下田緑眞会 世田谷北部病院,世田谷区南烏山2丁目9-17,自家多血小板血漿（Platelet-Rich Plasma：PRP）を用いた関節疾患の治療,,,,,0.9574,P00165,医療法人社団下田緑眞会 世田谷北部病院,自家多血小板血漿（PRP）を用いた関節疾患の治療,https://saiseiiryo.mhlw.go.jp/published_plan/download/02C2512022/5/0
alias_or_wording_candidate,strong_msk,2,東京都,医療法人社団下田緑眞会　世田谷北部病院,世田谷区南烏山2丁目9-17,自家脂肪組織由来の培養間葉系間質細胞と自家多血小板血漿（Platelet-Rich Plasma：PRP）を用いた関節疾患の治療,,,,,0.9617,P00166,医療法人社団下田緑眞会 世田谷北部病院,自家脂肪組織由来の培養間葉系間質細胞とPRPを用いた関節疾患の治療,https://saiseiiryo.mhlw.go.jp/published_plan/download/02C2512024/5/0
alias_or_wording_candidate,strong_msk,2,東京都,医療法人社団光美会 ルーチェクリニック銀座院,"中央区銀座3-3-13
阪急阪神銀座ビル7階",自己脂肪由来幹細胞を用いた変形性関節症の治療,,,,,1.0,P00245,医療法人社団光美会 セルズクリニック銀座院,自己脂肪由来幹細胞を用いた変形性関節症の治療,https://saiseiiryo.mhlw.go.jp/published_plan/download/03C2407058/5/0
alias_or_wording_candidate,strong_msk,2,東京都,"医療法人社団全心会
ぜんしん整形外科　立川スポーツリハビリクリニック",立川市曙町2-11-2 フロム中武7階,自家多血小板血漿（Platelet-Rich Plasma：PRP）を用いた慢性関節炎の治療（関節内組織）,,,,,0.9838,P00221,医療法人社団全心会 ぜんしん整形外科 立川スポーツリハビリクリニック,自家多血小板血漿（PRP）を用いた慢性関節炎の治療（関節内組織）,https://saiseiiryo.mhlw.go.jp/published_plan/download/01C2409053/5/0
alias_or_wording_candidate,broad_msk,2,東京都,"医療法人社団円徳
慶友整形外科脊椎関節病院","足立区足立1-12-12　
足立メディカルモール",自己脂肪由来間葉系幹細胞を用いた慢性疼痛に対する治療,,,,,1.0,P00224,医療法人社団円徳 慶友整形外科脊椎関節病院,自己脂肪由来間葉系幹細胞を用いた変形性関節症に対する治療,https://saiseiiryo.mhlw.go.jp/published_plan/download/01C2409061/5/0
alias_or_wording_candidate,broad_msk,2,東京都,医療法人社団円徳　慶友整形外科脊椎関節病院,"東京都足立区足立1-12-12
足立メディカルモール4階〜8階",慢性疼痛に対する自家脂肪由来間葉系幹細胞による治療,,,,,0.88,P00222,医療法人社団円徳 慶友整形外科脊椎関節病院,自家脂肪組織由来幹細胞（ASC）の投与による関節治療,https://saiseiiryo.mhlw.go.jp/published_plan/download/01C2312020/5/0|https://saiseiiryo.mhlw.go.jp/published_plan/download/01C2312020/5/1
alias_or_wording_candidate,strong_msk,2,東京都,医療法人社団医献会　辻クリニック,千代田区麹町6-6-1　長尾ビル8階,自己脂肪由来幹細胞を用いた変形性関節症の治療,,,,,0.9617,P00245,医療法人社団光美会 セルズクリニック銀座院,自己脂肪由来幹細胞を用いた変形性関節症の治療,https://saiseiiryo.mhlw.go.jp/published_plan/download/02C1911105/5/0|https://saiseiiryo.mhlw.go.jp/published_plan/download/02C1911105/5/1
alias_or_wording_candidate,strong_msk,2,東京都,医療法人社団医進会 銀座小田クリニック,中央区銀座2-6-12 大倉本館11F,自己脂肪由来間葉系幹細胞を用いた変形性関節症治療,,,,,0.866,P00243,医療法人社団TSOC 東京スポーツ＆整形外科クリニック北参道,自己脂肪由来間葉系幹細胞を用いた変形性関節症治療,https://saiseiiryo.mhlw.go.jp/published_plan/download/03C2309040/5/0|https://saiseiiryo.mhlw.go.jp/published_plan/download/03C2309040/5/1
alias_or_wording_candidate,strong_msk,2,東京都,"医療法人社団千美会
ガーデンクリニック 池袋院",豊島区南池袋2-26-6　島倉ビル4F,自己脂肪由来幹細胞を用いた変形性関節症の治療,,,,,0.9605,P00245,医療法人社団光美会 セルズクリニック銀座院,自己脂肪由来幹細胞を用いた変形性関節症の治療,https://saiseiiryo.mhlw.go.jp/published_plan/download/01C2110046/5/0
alias_or_wording_candidate,strong_msk,2,東京都,"医療法人社団千美会
美容外科・歯科 ガーデンクリニック新宿院","新宿区新宿3-33-10
新宿モリエールビル5F",自己脂肪由来幹細胞を用いた変形性関節症の治療,,,,,0.9221,P00245,医療法人社団光美会 セルズクリニック銀座院,自己脂肪由来幹細胞を用いた変形性関節症の治療,https://saiseiiryo.mhlw.go.jp/published_plan/download/01C2110047/5/0
alias_or_wording_candidate,strong_msk,2,東京都,医療法人社団和み會　東京長寿医学クリニック,中央区銀座8丁目8-1 第7セントラルビル3階,自己脂肪由来幹細胞を用いた変形性関節症の治療,,,,,0.9151,P00246,医療法人社団和み會 東京長寿医学クリニック,多血小板血漿を用いた変形性関節症の治療,https://saiseiiryo.mhlw.go.jp/published_plan/download/03C2606046/5/0
alias_or_wording_candidate,strong_msk,2,東京都,医療法人社団啓神会　M再生クリニック,杉並区下高井戸5-4-10,変形性関節症に対する自己脂肪由来幹細胞を用いた治療,,,,,0.88,P00247,医療法人社団啓神会 M再生クリニック,自家脂肪由来幹細胞（ASC）を用いた変形性関節症治療,https://saiseiiryo.mhlw.go.jp/published_plan/download/03C2410030/5/0
alias_or_wording_candidate,strong_msk,2,東京都,医療法人社団喜美会　自由が丘クリニック,目黒区八雲3丁目12-10 パークヴィラ2階,自家培養脂肪由来幹細胞を用いた変形性関節症の治療,,,,,0.8587,P00323,医療法人社団俊和会 寺田病院,自家培養脂肪由来幹細胞を用いた変形性関節症の治療,https://saiseiiryo.mhlw.go.jp/published_plan/download/01C2603057/5/0|https://saiseiiryo.mhlw.go.jp/published_plan/download/01C2603057/5/1
alias_or_wording_candidate,strong_msk,2,東京都,医療法人社団平成会　たいら整形外科クリニック,練馬区土支田2-29-19　1F,自家多血小板血漿（Platelet-rich plasma：PRP）を用いた慢性関節炎の治療（関節内組織）,,,,,0.9838,P00249,医療法人社団平成会 たいら整形外科クリニック,自家多血小板血漿（PRP）を用いた慢性関節炎の治療（関節内組織）,https://saiseiiryo.mhlw.go.jp/published_plan/download/01C2210027/5/0
alias_or_wording_candidate,strong_msk,2,東京都,"医療法人社団心愛会
麻布台ビューティセルクリニック",港区麻布台1-11-5 Village Azabudai 2F,自己脂肪由来幹細胞を用いた筋肉増大の治療,,,,,1.0,P00169,医療法人社団心愛会 麻布台ビューティセルクリニック,自己脂肪由来幹細胞を用いた関節疾患の治療,https://saiseiiryo.mhlw.go.jp/published_plan/download/01C2504031/5/0|https://saiseiiryo.mhlw.go.jp/published_plan/download/01C2504031/5/1
alias_or_wording_candidate,strong_msk,2,東京都,"医療法人社団心愛会
麻布台ビューティセルクリニック",港区麻布台1-11-5 Village Azabudai 2F,自家多血小板血漿（Platelet-Rich Plasma：PRP）を用いた慢性関節炎の治療（関節内組織）,,,,,0.9838,P00227,医療法人社団心愛会 麻布台ビューティセルクリニック,自家多血小板血漿（PRP）を用いた慢性関節炎の治療（関節内組織）,https://saiseiiryo.mhlw.go.jp/published_plan/download/01C2507026/5/0|https://saiseiiryo.mhlw.go.jp/published_plan/download/01C2507026/5/1
alias_or_wording_candidate,strong_msk,2,東京都,医療法人社団慶晃会 世田谷玉川整形外科内科クリニック,世田谷区上野毛1-9-11玉川ビル,多血小板血漿（Platelet-rich plasma：PRP）を用いた変形性関節症治療,,,,,0.952,P00254,医療法人社団慶晃会 世田谷玉川整形外科内科クリニック,多血小板血漿（PRP）を用いた変形性関節症治療,https://saiseiiryo.mhlw.go.jp/published_plan/download/02C2510019/5/0|https://saiseiiryo.mhlw.go.jp/published_plan/download/02C2510019/5/1
alias_or_wording_candidate,strong_msk,2,東京都,医療法人社団敬和慶友会 自由が丘くびと腰の整形外科関節のクリニック,"世田谷区奥沢5-20-22　フレア3.6.9  2F,3F",自己脂肪由来間葉系幹細胞を用いた変形性関節症治療,,,,,0.8764,P00243,医療法人社団TSOC 東京スポーツ＆整形外科クリニック北参道,自己脂肪由来間葉系幹細胞を用いた変形性関節症治療,https://saiseiiryo.mhlw.go.jp/published_plan/download/02C2410055/5/0
alias_or_wording_candidate,strong_msk,2,東京都,医療法人社団明由会　今給黎整形外科クリニック,東京都三鷹市下連雀6-2-16　アトラス吉祥寺メディカルコート1階,多血小板血漿（Platelet-rich plasma：PRP）を用いた整形外科疾患に対する組織修復,,,,,0.98,P00228,医療法人社団明由会 今給黎整形外科クリニック,多血小板血漿（PRP）を用いた整形外科疾患に対する組織修復,https://saiseiiryo.mhlw.go.jp/published_plan/download/02C1911224/5/0
alias_or_wording_candidate,strong_msk,2,東京都,医療法人社団松徳会 松倉クリニック,"渋谷区神宮前4-11-6 
表参道千代田ビル9F",自己脂肪由来幹細胞を用いた変形性関節症の治療,,,,,0.9533,P00245,医療法人社団光美会 セルズクリニック銀座院,自己脂肪由来幹細胞を用いた変形性関節症の治療,https://saiseiiryo.mhlw.go.jp/published_plan/download/01C2405036/5/0
alias_or_wording_candidate,strong_msk,2,東京都,医療法人社団洪泳会 東京洪誠病院,足立区西新井栄町一丁目１７番２５号,多血小板血漿（PRP）の投与による変形性関節症治療,,,,,0.8856,P00256,医療法人社団活寿会 東京ひざ関節症クリニック銀座院,多血小板血漿（PRP）の投与による変形性関節症治療,https://saiseiiryo.mhlw.go.jp/published_plan/download/02C2507007/5/0
alias_or_wording_candidate,strong_msk,2,東京都,医療法人社団白鳳会　大角医院,練馬区上石神井4-3-23,多血小板血漿（Platelet-rich plasma：PRP）を用いた変形性関節症治療,,,,,0.952,P00325,医療法人社団白鳳会 大角医院,多血小板血漿（PRP）を用いた変形性関節症治療,https://saiseiiryo.mhlw.go.jp/published_plan/download/01C1903021/5/0
alias_or_wording_candidate,strong_msk,2,東京都,医療法人社団秀慈会　リバーシティすずき整形外科,中央区佃1-11-8 リバーシティ21 ピアウエストスクエア2階,多血小板血漿抽出液による関節症治療,,,,,0.8905,P00252,医療法人社団慶優会 増本整形外科クリニック,多血小板血漿抽出液による関節症治療,https://saiseiiryo.mhlw.go.jp/published_plan/download/02C2001047/5/0
alias_or_wording_candidate,strong_msk,2,東京都,医療法人社団良徳会　RCクリニック,渋谷区神宮前三丁目42番2号　VORT外苑前Ⅲ地下１階,自己脂肪組織由来幹細胞を用いた変形性関節症治療,,,,,0.9147,P00231,医療法人財団檜扇会 クリニック 東京虎ノ門COR,自己脂肪組織由来幹細胞を用いた変形性関節症治療,https://saiseiiryo.mhlw.go.jp/published_plan/download/01C2006008/5/0|https://saiseiiryo.mhlw.go.jp/published_plan/download/01C2006008/5/1
alias_or_wording_candidate,strong_msk,2,東京都,医療法人社団色空会　お茶の水整形外科機能リハビリテーションクリニック,千代田区神田駿河台4-1-2 ステラお茶の水ビル2階3階4階5階,自己多血小板血漿(PRP)療法（治療対象：関節炎・変形性関節症）,,,,,0.8986,P00329,医療法人社団晴美会 麹町リバース今井整形外科クリニック,自己多血小板血漿（PRP）療法（治療対象：関節炎・変形性関節症）,https://saiseiiryo.mhlw.go.jp/published_plan/download/01C2602027/5/0
alias_or_wording_candidate,strong_msk,2,東京都,医療法人社団裕健会 神田クリニック,"千代田区内神田2-4-1
神田メディカルビル 2F-8F",自己脂肪由来幹細胞を用いた変形性関節症の治療,,,,,0.9533,P00245,医療法人社団光美会 セルズクリニック銀座院,自己脂肪由来幹細胞を用いた変形性関節症の治療,https://saiseiiryo.mhlw.go.jp/published_plan/download/02C2601007/5/0
alias_or_wording_candidate,strong_msk,2,東京都,医療法人社団裕健会 神田駅東口クリニック,"千代田区鍛冶町2-8-6
メディカルプライム神田 2F",自己脂肪由来幹細胞を用いた変形性関節症の治療,,,,,0.9308,P00245,医療法人社団光美会 セルズクリニック銀座院,自己脂肪由来幹細胞を用いた変形性関節症の治療,https://saiseiiryo.mhlw.go.jp/published_plan/download/02C2407061/5/0
alias_or_wording_candidate,strong_msk,2,東京都,"医療法人社団誠心会
Re:Born Clinic 銀座院",中央区銀座1-15-4　銀座一丁目ビル10F,自己脂肪由来幹細胞を用いた変形性関節症の治療,,,,,0.86,P00245,医療法人社団光美会 セルズクリニック銀座院,自己脂肪由来幹細胞を用いた変形性関節症の治療,https://saiseiiryo.mhlw.go.jp/published_plan/download/02C2509032/5/0|https://saiseiiryo.mhlw.go.jp/published_plan/download/02C2509032/5/1|https://saiseiiryo.mhlw.go.jp/published_plan/download/02C2509032/5/2
alias_or_wording_candidate,strong_msk,2,東京都,"医療法人社団貴陽会
ラカンクリニック東京 麻布台","港区麻布台1丁目3番1号
麻布台ヒルズ森JPタワー4階",自己脂肪由来幹細胞を用いた変形性関節症の治療,,,,,0.9114,P00245,医療法人社団光美会 セルズクリニック銀座院,自己脂肪由来幹細胞を用いた変形性関節症の治療,https://saiseiiryo.mhlw.go.jp/published_plan/download/01C2509044/5/0
alias_or_wording_candidate,strong_msk,2,東京都,医療法人社団順公会　佐藤整形外科,江戸川区中葛西5-41-16 フローラル中葛西5　101号室,自己多血小板血漿(PRP)療法（治療対象：外傷性関節炎・変形性関節症）,,,,,1.0,P00276,医療法人社団順公会 佐藤整形外科,自己多血小板血漿（PRP）療法（外傷性関節炎・変形性関節症）,https://saiseiiryo.mhlw.go.jp/published_plan/download/02C2512064/5/0|https://saiseiiryo.mhlw.go.jp/published_plan/download/02C2512064/5/1|https://saiseiiryo.mhlw.go.jp/published_plan/download/02C2512064/5/2
alias_or_wording_candidate,strong_msk,2,東京都,医療法人社団順永会　目黒さこだ整形外科,目黒区目黒3-10-13 大鳥エステートビル3F,自己多血小板血漿(PRP)療法（治療対象：外傷後関節炎・変形性関節症）,,,,,1.0,P00277,医療法人社団順永会 目黒さこだ整形外科,自己多血小板血漿（PRP）療法（外傷後関節炎・変形性関節症）,https://saiseiiryo.mhlw.go.jp/published_plan/download/01C2603045/5/0
alias_or_wording_candidate,strong_msk,2,東京都,医療法人美健会ルネスクリニック日本橋,"中央区日本橋室町3-3-1
ETS室町ビル3階",慢性筋骨格系疼痛の緩和を目的とした自己脂肪由来間葉系幹細胞治療（局所投与）,,,,,0.88,P00259,医療法人社団珠光会 HASUMI免疫クリニック,慢性筋骨格系疼痛の緩和を目的とした自己脂肪由来間葉系幹細胞治療（局所投与）,https://saiseiiryo.mhlw.go.jp/published_plan/download/02C2507026/5/0
alias_or_wording_candidate,strong_msk,2,東京都,医療法人財団檜扇会 クリニック 東京虎ノ門ＣＯＲ,港区虎ノ門四丁目1番17号　神谷町プライムプレイス2階,変形性腰椎症に対する自己多血小板血漿（PRP）治療,,,,,0.8909,P00232,医療法人財団檜扇会 クリニック 東京虎ノ門COR,自己多血小板血漿（PRP）による腱板病変の治療,https://saiseiiryo.mhlw.go.jp/published_plan/download/02C2404031/5/0|https://saiseiiryo.mhlw.go.jp/published_plan/download/02C2404031/5/1|https://saiseiiryo.mhlw.go.jp/published_plan/download/02C2404031/5/2
alias_or_wording_candidate,strong_msk,2,東京都,医療法人輝鳳会　池袋クリニック,豊島区南池袋1-25-1　第15野萩ビル7階,多血小板血漿（PRP）を用いた変形性関節症治療,,,,,0.8856,P00254,医療法人社団慶晃会 世田谷玉川整形外科内科クリニック,多血小板血漿（PRP）を用いた変形性関節症治療,https://saiseiiryo.mhlw.go.jp/published_plan/download/03C2601008/5/0|https://saiseiiryo.mhlw.go.jp/published_plan/download/03C2601008/5/1
alias_or_wording_candidate,strong_msk,2,東京都,小石川整形外科,文京区小石川1-5-1 パークコート文京小石川 ザ タワー3F,自家脂肪組織由来の培養間葉系幹細胞を用いた変形性膝関節症の治療,,,,,0.9114,P00158,北千束整形外科,自家脂肪組織由来の培養間葉系幹細胞を用いた変形性膝関節症の治療,https://saiseiiryo.mhlw.go.jp/published_plan/download/02C2306054/5/0
alias_or_wording_candidate,strong_msk,2,東京都,幹細胞クリニック東京,中央区銀座５丁目９−１５ 銀座清月堂ビル ５F,自己脂肪由来間葉系幹細胞を用いた変形性関節症治療,,,,,0.8433,P00237,TOKYOひまわりクリニック,自己脂肪由来間葉系幹細胞を用いた変形性関節症治療,https://saiseiiryo.mhlw.go.jp/published_plan/download/01C2601013/5/0|https://saiseiiryo.mhlw.go.jp/published_plan/download/01C2601013/5/1|https://saiseiiryo.mhlw.go.jp/published_plan/download/01C2601013/5/2
alias_or_wording_candidate,strong_msk,2,東京都,東京ミッドタウンクリニック,港区赤坂9-7-1 ミッドタウン・タワー6F,自己脂肪由来間葉系幹細胞を用いた関節痛、変形性関節症治療,,,,,0.976,P00332,医療法人社団ミッドタウンクリニック 東京ミッドタウンクリニック,自己脂肪由来間葉系幹細胞を用いた関節痛、変形性関節症治療,https://saiseiiryo.mhlw.go.jp/published_plan/download/02C2403054/5/0
alias_or_wording_candidate,strong_msk,2,東京都,東京ミッドタウンクリニック,港区赤坂9-7-1 ミッドタウン・タワー6F,自己脂肪由来間葉系幹細胞を用いた靭帯・腱損傷治療,,,,,0.976,P00333,医療法人社団ミッドタウンクリニック 東京ミッドタウンクリニック,自己脂肪由来間葉系幹細胞を用いた靭帯・腱損傷治療,https://saiseiiryo.mhlw.go.jp/published_plan/download/02C2403056/5/0
alias_or_wording_candidate,strong_msk,2,東京都,東京医科大学病院,新宿区西新宿6-7-1,スポーツ傷害(関節)及び変形性膝関節症を対象とした自己多血小板血漿注入療法,,,,,1.0,P00311,東京医科大学病院,スポーツ傷害（関節）及び変形性膝関節症を対象とした自己多血小板血漿注入療法（PRP療法、関節内）,https://saiseiiryo.mhlw.go.jp/published_plan/download/03C2208001/5/0|https://saiseiiryo.mhlw.go.jp/published_plan/download/03C2208001/5/1
alias_or_wording_candidate,strong_msk,2,東京都,東京整形外科,調布市富士見町1-6-2 TAOビル3F,自家多血小板血漿（Platelet-rich plasma：PRP）を用いた慢性関節炎の治療（関節内組織）,,,,,0.9838,P00268,東京整形外科,自家多血小板血漿（PRP）を用いた慢性関節炎の治療（関節内組織）,https://saiseiiryo.mhlw.go.jp/published_plan/download/02C2309035/5/0
alias_or_wording_candidate,strong_msk,2,東京都,東京銀座ウェルネス＆エイジングクリニック,中央区銀座１－１４－４　プレリー銀座ビル２階、６階,変形性膝関節症に対する多血小板血漿（Platelet-Rich-Plasma：PRP）関節内投与療法,,,,,0.98,P00272,東京銀座ウェルネス＆エイジングクリニック,変形性膝関節症に対する多血小板血漿（PRP）関節内投与療法,https://saiseiiryo.mhlw.go.jp/published_plan/download/01C2108015/5/0
alias_or_wording_candidate,strong_msk,2,東京都,東京銀座国際醫院,中央区銀座一丁目１４―４ プレリー銀座２階,変形性膝関節症に対する自己骨髄由来間葉系幹細胞を含む骨髄濃縮液（Bone-Marrow-Aspiration-Concentration：BMAC）の関節内投与療法,,,,,0.9647,P00273,東京銀座国際醫院,変形性膝関節症に対する自己骨髄由来間葉系幹細胞を含む骨髄濃縮液（BMAC）の関節内投与療法,https://saiseiiryo.mhlw.go.jp/published_plan/download/01C2002030/5/0
alias_or_wording_candidate,strong_msk,2,東京都,東京銀座国際醫院,中央区銀座一丁目１４―４ プレリー銀座 ２階,変形性膝関節症に対する多血小板血漿（Platelet-Rich-Plasma：PRP）関節内投与療法,,,,,0.98,P00274,東京銀座国際醫院,変形性膝関節症に対する多血小板血漿（PRP）関節内投与療法,https://saiseiiryo.mhlw.go.jp/published_plan/download/01C2002032/5/0
alias_or_wording_candidate,strong_msk,2,東京都,独立行政法人国立病院機構東京医療センター,目黒区東が丘2-5-1,変形性関節症に対する自家脂肪組織由来幹細胞（Adipose-derived mesenchymal Stem Cell：ASC）の関節内注入療法,,,,,0.9295,P00234,独立行政法人国立病院機構東京医療センター,変形性関節症に対する自家脂肪組織由来幹細胞（ASC）の関節内注入療法,https://saiseiiryo.mhlw.go.jp/published_plan/download/03C2603058/5/0
alias_or_wording_candidate,strong_msk,2,東京都,独立行政法人国立病院機構東京医療センター,目黒区東が丘２丁目５－１,多血小板血漿（Platelet-rich plasma：PRP）を用いた変形性関節症治療,,,,,0.952,P00235,独立行政法人国立病院機構東京医療センター,多血小板血漿（PRP）を用いた変形性関節症治療,https://saiseiiryo.mhlw.go.jp/published_plan/download/03C2603059/5/0
alias_or_wording_candidate,strong_msk,2,東京都,"社会医療法人社団東京巨樹の会
東京品川病院",品川区東大井6丁目3-22,"自家多血小板血漿（Platelet-Rich Plasma：PRP）を用いた
慢性関節炎の治療（関節内組織）",,,,,0.9838,P00281,社会医療法人社団東京巨樹の会 東京品川病院,自家多血小板血漿（PRP）を用いた慢性関節炎の治療（関節内組織）,https://saiseiiryo.mhlw.go.jp/published_plan/download/03C2604050/5/0|https://saiseiiryo.mhlw.go.jp/published_plan/download/03C2604050/5/1|https://saiseiiryo.mhlw.go.jp/published_plan/download/03C2604050/5/2
alias_or_wording_candidate,strong_msk,2,東京都,社会医療法人財団　仁医会　牧田総合病院,大田区西蒲田8丁目20番1号,多血小板血漿（Platelet-rich plasma：PRP）を用いた変形性関節症治療,,,,,0.952,P00282,社会医療法人財団仁医会 牧田総合病院,多血小板血漿（PRP）を用いた変形性関節症治療,https://saiseiiryo.mhlw.go.jp/published_plan/download/02C2602049/5/0
alias_or_wording_candidate,strong_msk,2,東京都,社会福祉法人みどり福祉会　　　　　　　　　　　　              　B&Jクリニックお茶の水,"千代田区神田駿河台2-1-47　　　　　　　　　　           　
廣瀬お茶の水ビル5階",自家多血小板血漿（Platelet-rich plasma：PRP）を用いた関節内組織損傷に対する治療,,,,,0.9838,P00283,社会福祉法人みどり福祉会 B&Jクリニックお茶の水,自家多血小板血漿（PRP）を用いた関節内組織損傷に対する治療,https://saiseiiryo.mhlw.go.jp/published_plan/download/02C1912136/5/0
alias_or_wording_candidate,strong_msk,2,東京都,社会福祉法人同愛記念病院財団 同愛記念病院,墨田区横網二丁目1番11号,自家多血小板血漿（Platelet-rich plasma：PRP）を用いた慢性関節炎の治療（関節内組織）,,,,,0.9838,P00284,社会福祉法人同愛記念病院財団 同愛記念病院,自家多血小板血漿（PRP）を用いた慢性関節炎の治療（関節内組織）,https://saiseiiryo.mhlw.go.jp/published_plan/download/03C2502006/5/0
alias_or_wording_candidate,strong_msk,2,東京都,社会福祉法人白十字会　東京白十字病院,東村山市諏訪町2-26-1,多血小板血漿（Platelet-rich plasma：PRP）を用いた変形性関節症治療,,,,,0.952,P00285,社会福祉法人白十字会 東京白十字病院,多血小板血漿（PRP）を用いた変形性関節症治療,https://saiseiiryo.mhlw.go.jp/published_plan/download/03C2510039/5/0
alias_or_wording_candidate,strong_msk,2,東京都,西新宿整形外科クリニック,"新宿区西新宿7-21-3
西新宿大京ビル7F",多血小板血漿（PRP）の投与による変形性関節症治療,,,,,0.99,P00287,祐天寺整形外科クリニック,多血小板血漿（PRP）の投与による変形性関節症治療,https://saiseiiryo.mhlw.go.jp/published_plan/download/03C2410026/5/0
alias_or_wording_candidate,strong_msk,2,東京都,銀座YRクリニック,中央区銀座六丁目５番-１３号Ｃｓｓ Ｂｕｉｌｄｉｎｇ Ⅲ 7F,自己脂肪由来間葉系幹細胞を用いた変形性関節症治療,,,,,0.8896,P00237,TOKYOひまわりクリニック,自己脂肪由来間葉系幹細胞を用いた変形性関節症治療,https://saiseiiryo.mhlw.go.jp/published_plan/download/03C2606011/5/0
alias_or_wording_candidate,strong_msk,2,東京都,銀座YRクリニック,中央区銀座六丁目５番-１３号Ｃｓｓ Ｂｕｉｌｄｉｎｇ Ⅲ 7F,変形性関節症・腰痛症・末梢神経障害などの疼痛に対する自己脂肪由来間葉系幹細胞を用いた静脈注射治療,,,,,1.0,P00279,銀座YRクリニック,変形性関節症・腰痛症・末梢神経障害などの疼痛に対する自己脂肪由来間葉系幹細胞の静脈注射治療,https://saiseiiryo.mhlw.go.jp/published_plan/download/03C2606012/5/0
alias_or_wording_candidate,strong_msk,2,神奈川県,シン・整形外科 網島,横浜市港北区網島東１丁目７－１０　リンコー網島ビル,多血小板血漿（PRP）による変形性関節症治療,,,,,0.8453,P00198,横浜整形外科クリニック,多血小板血漿（PRP）による変形性関節症治療,https://saiseiiryo.mhlw.go.jp/published_plan/download/02C2409002/5/0|https://saiseiiryo.mhlw.go.jp/published_plan/download/02C2409002/5/1|https://saiseiiryo.mhlw.go.jp/published_plan/download/02C2409002/5/2
alias_or_wording_candidate,strong_msk,2,神奈川県,"医療法人社団　三朋会
嶺整形外科クリニック","横浜市鶴見区鶴見中央１－６－８
ドメスティックプラザ鶴見中央２F",多血小板血漿（Platelet-rich plasma：PRP）を用いた整形外科疾患に対する治療,,,,,0.9718,P00190,医療法人社団 三朋会 嶺整形外科クリニック,多血小板血漿（PRP）を用いた整形外科疾患に対する治療,https://saiseiiryo.mhlw.go.jp/published_plan/download/01C2001039/5/0
alias_or_wording_candidate,strong_msk,2,神奈川県,医療法人社団梅沢医院　梅沢整形外科,横浜市旭区東希望が丘77-2,自家多血小板血漿（Platelet-rich plasma：PRP）を用いた慢性関節炎の治療（関節内組織）,,,,,0.9333,P00194,医療法人社団梅沢医院 梅沢整形外科,自家多血小板血漿（PRP）を用いた慢性関節炎の治療,https://saiseiiryo.mhlw.go.jp/published_plan/download/01C2209019/5/0
alias_or_wording_candidate,strong_msk,2,神奈川県,医療法人社団正順会　イノルト整形外科　藤沢院　痛みと骨粗鬆症クリニック,藤沢市鵠沼橘１丁目１−１ 第２外岡ビル ３階,自己脂肪由来間葉系幹細胞を用いた関節痛、変形性関節症治療,,,,,1.0,P00195,医療法人社団正順会 イノルト整形外科 藤沢院,自己脂肪由来間葉系幹細胞を用いた関節痛、変形性関節症治療,https://saiseiiryo.mhlw.go.jp/published_plan/download/01C2406022/5/0
alias_or_wording_candidate,strong_msk,2,神奈川県,医療法人社団皆吉会プライムコーストみなとみらいクリニック,横浜市西区みなとみらい６丁目３−４　プライムコーストみなとみらい　２Ｆ,変形性関節症に対する多血小板血漿（ＰＲＰ）関節内投与療法,,,,,0.8462,P00193,医療法人野球医学 ベースボール＆スポーツクリニック,変形性関節症に対する多血小板血漿（PRP）関節内投与療法,https://saiseiiryo.mhlw.go.jp/published_plan/download/03C2504060/5/0
alias_or_wording_candidate,strong_msk,2,神奈川県,横濱松宮整形外科リハビリテーションクリニック,横浜市中区曙町2-19-1 曙町新井ビル1F,変形性関節症、関節症、関節内軟骨損傷、半月板損傷に対する多血小板血漿（Platelet-rich plasma：PRP）注射による治療,,,,,0.977,P00200,横濱松宮整形外科リハビリテーションクリニック,変形性関節症、関節症、関節内軟骨損傷、半月板損傷に対するPRP注射による治療,https://saiseiiryo.mhlw.go.jp/published_plan/download/02C1912004/5/0
alias_or_wording_candidate,strong_msk,2,神奈川県,社会福祉法人恩賜財団済生会　横浜市東部病院,横浜市鶴見区下末吉三丁目６番１号,多血小板血漿（PRP）の投与による変形性関節症治療,,,,,1.0,P00205,済生会 横浜市東部病院,多血小板血漿（PRP）の投与による変形性関節症治療,https://saiseiiryo.mhlw.go.jp/published_plan/download/02C2607020/5/0
alias_or_wording_candidate,strong_msk,2,神奈川県,藤沢整形外科クリニック,藤沢市藤沢６１０－１　２Ｆ,多血小板血漿（PRP）による変形性関節症治療,,,,,1.0,P00198,横浜整形外科クリニック,多血小板血漿（PRP）による変形性関節症治療,https://saiseiiryo.mhlw.go.jp/published_plan/download/03C2305022/5/0|https://saiseiiryo.mhlw.go.jp/published_plan/download/03C2305022/5/1|https://saiseiiryo.mhlw.go.jp/published_plan/download/03C2305022/5/2
alias_or_wording_candidate,strong_msk,2,新潟県,医療法人社団KOSMI こん整形外科クリニック,新潟市中央区紫竹山2-4-30,変形性関節症に対する多血小板血漿（ＰＲＰ）関節内投与療法,,,,,0.939,P00637,医療法人社団ibis こばり坂クリニック,変形性関節症に対する多血小板血漿（PRP）関節内投与療法,https://saiseiiryo.mhlw.go.jp/published_plan/download/01C2512013/5/0
alias_or_wording_candidate,strong_msk,2,新潟県,医療法人社団間庭整形外科医院,新潟市東区山木戸8丁目9-37,自家多血小板血漿（Platelet-Rich Plasma：PRP）を用いた慢性関節炎の治療（関節内組織）,,,,,0.9838,P00640,医療法人社団間庭整形外科医院,自家多血小板血漿（PRP）を用いた慢性関節炎の治療（関節内組織）,https://saiseiiryo.mhlw.go.jp/published_plan/download/01C2511050/5/0
alias_or_wording_candidate,strong_msk,2,石川県,医療法人社団まえだクリニック　まえだ整形外科 骨・関節クリニック,金沢市直江東１丁目６０番地,自家多血小板血漿（Platelet-Rich Plasma：PRP）を用いた慢性関節炎の治療（関節内組織）,,,,,0.9838,P00618,医療法人社団まえだクリニック まえだ整形外科 骨・関節クリニック,自家多血小板血漿（PRP）を用いた慢性関節炎の治療（関節内組織）,https://saiseiiryo.mhlw.go.jp/published_plan/download/01D2601002/5/0|https://saiseiiryo.mhlw.go.jp/published_plan/download/01D2601002/5/1|https://saiseiiryo.mhlw.go.jp/published_plan/download/01D2601002/5/2
alias_or_wording_candidate,strong_msk,2,石川県,"医療法人社団みやた整形外科
みやた整形外科",白山市新田町217番地1,"自家多血小板血漿（Platelet-Rich Plasma：PRP）を用いた
慢性関節炎の治療（関節内組織）",,,,,0.9838,P00628,医療法人社団みやた整形外科 みやた整形外科,自家多血小板血漿（PRP）を用いた慢性関節炎の治療（関節内組織）,https://saiseiiryo.mhlw.go.jp/published_plan/download/01D2503001/5/0
alias_or_wording_candidate,strong_msk,2,石川県,金沢医科大学病院,河北郡内灘町大学一丁目1番地,自家脂肪組織由来微小細断脂肪組織片（Micro-Fragmented Adipose Tissue:MFAT）を用いた変形性膝関節症に対する治療,,,,,0.9692,P00630,金沢医科大学病院,自家脂肪組織由来微小細断脂肪組織片（MFAT）を用いた変形性膝関節症に対する治療,https://saiseiiryo.mhlw.go.jp/published_plan/download/02D2605004/5/0
alias_or_wording_candidate,strong_msk,2,福井県,医療法人 博俊会 春江病院,坂井市春江町針原第65号7番地,自家多血小板血漿（Platelet-rich plasma：PRP）を用いた慢性関節炎の治療（関節内組織）,,,,,0.9838,P00642,医療法人 博俊会 春江病院,自家多血小板血漿（PRP）を用いた慢性関節炎の治療（関節内組織）,https://saiseiiryo.mhlw.go.jp/published_plan/download/01E2602003/5/0
alias_or_wording_candidate,strong_msk,2,福井県,医療法人Eternabloom　さくら通り整形外科クリニック,福井市日之出4-11-17,自家多血小板血漿（Platelet-Rich Plasma：PRP）を用いた慢性関節炎の治療（関節内組織）,,,,,0.9838,P00643,医療法人Eternabloom さくら通り整形外科クリニック,自家多血小板血漿（PRP）を用いた慢性関節炎の治療（関節内組織）,https://saiseiiryo.mhlw.go.jp/published_plan/download/01E2604005/5/0
alias_or_wording_candidate,strong_msk,2,福井県,Ｍクリニック,福井市石盛1-1816,自家多血小板血漿（Platelet-rich plasma：PRP）を用いた慢性関節炎の治療（関節内組織）,,,,,0.9838,P00646,Ｍクリニック,自家多血小板血漿（PRP）を用いた慢性関節炎の治療（関節内組織）,https://saiseiiryo.mhlw.go.jp/published_plan/download/01E2510006/5/0
alias_or_wording_candidate,strong_msk,2,長野県,佐久市立国保浅間総合病院,佐久市岩村田1862-1,多血小板血漿（Platelet-rich plasma：PRP）を用いた変形性関節症治療,,,,,0.952,P00655,佐久市立国保浅間総合病院,多血小板血漿（PRP）を用いた変形性関節症治療,https://saiseiiryo.mhlw.go.jp/published_plan/download/03C2504072/5/0
alias_or_wording_candidate,strong_msk,2,長野県,佐久平整形外科クリニック,佐久市岩村田1311番地7,⾃家多⾎⼩板⾎漿（Platelet-rich plasma：PRP）を⽤いた慢性関節炎ならびに関節内軟⾻・靭帯損傷の治療（関節内組織）,,,,,1.0,P00656,佐久平整形外科クリニック,自家多血小板血漿（PRP）を用いた慢性関節炎ならびに関節内軟骨・靭帯損傷の治療（関節内組織）,https://saiseiiryo.mhlw.go.jp/published_plan/download/01C2503067/5/0
alias_or_wording_candidate,strong_msk,2,長野県,医療法人弘仁会　かもいクリニック,塩尻市広丘高出2199-2,自家多血小板血漿（Platelet-rich plasma：PRP）を用いた慢性関節炎の治療（関節内組織）,,,,,0.9838,P00658,医療法人弘仁会 かもいクリニック,自家多血小板血漿（PRP）を用いた慢性関節炎の治療（関節内組織）,https://saiseiiryo.mhlw.go.jp/published_plan/download/01C2210029/5/0
alias_or_wording_candidate,strong_msk,2,長野県,社会医療法人恵仁会 くろさわ病院,佐久市中込1丁目17番地８,自家多血小板血漿（Platelet-rich plasma：PRP）を用いた慢性関節炎の治療（関節内組織）,,,,,0.9838,P00663,社会医療法人恵仁会 くろさわ病院,自家多血小板血漿（PRP）を用いた慢性関節炎の治療（関節内組織）,https://saiseiiryo.mhlw.go.jp/published_plan/download/01C2408007/5/0
alias_or_wording_candidate,strong_msk,2,長野県,社会医療法人栗山会飯田病院,飯田市大通一丁目15番地,多血小板血漿（Platelet-rich plasma：PRP）を用いた変形性関節症治療,,,,,0.952,P00664,社会医療法人栗山会飯田病院,多血小板血漿（PRP）を用いた変形性関節症治療,https://saiseiiryo.mhlw.go.jp/published_plan/download/01C2104001/5/0
alias_or_wording_candidate,strong_msk,2,長野県,長野整形外科クリニック,長野市吉田5丁目26-23,⾃家多⾎⼩板⾎漿（Platelet-rich plasma：PRP）を⽤いた慢性関節炎ならびに関節内軟⾻・靭帯損傷の治療（関節内組織）,,,,,1.0,P00362,長野整形外科クリニック,自家多血小板血漿（PRP）を用いた慢性関節炎ならびに関節内軟骨・靭帯損傷の治療（関節内組織）,https://saiseiiryo.mhlw.go.jp/published_plan/download/01C2503071/5/0
alias_or_wording_candidate,strong_msk,2,長野県,"長野県厚生農業協同組合連合会
長野松代総合病院",長野市松代町松代183,変形性関節症および関節腔の傷害を対象とした自家多血小板血漿（PRP）注入療法,,,,,0.9447,P00358,長野松代総合病院,変形性関節症および関節腔の傷害を対象とした自家多血小板血漿（PRP）注入療法,https://saiseiiryo.mhlw.go.jp/published_plan/download/01C2310035/5/0
alias_or_wording_candidate,strong_msk,2,岐阜県,Radiant Clinic,多治見市本町1丁目122番地　プラティ多治見3F,自家多血小板血漿（Platelet-Rich Plasma：PRP）を用いた慢性関節炎の治療（関節内組織）,,,,,0.9838,P00665,Radiant Clinic,自家多血小板血漿（PRP）を用いた慢性関節炎の治療（関節内組織）,https://saiseiiryo.mhlw.go.jp/published_plan/download/01D2506001/5/0
alias_or_wording_candidate,strong_msk,2,岐阜県,多治見スマートクリニック,多治見市住吉町七丁目27番地23街区27番,多血小板血漿(Platelet-rich plasma:PRP)を用いた整形外科疾患に対する組織修復,,,,,0.98,P00670,多治見スマートクリニック,多血小板血漿（PRP）を用いた整形外科疾患に対する組織修復,https://saiseiiryo.mhlw.go.jp/published_plan/download/01D2311005/5/0
alias_or_wording_candidate,strong_msk,2,岐阜県,森整形外科リハビリクリニック,岐阜市西改田川向137番地1,自家多血小板血漿（Platelet-rich plasma：PRP）を用いた慢性関節炎の治療（関節内組織）,,,,,0.9838,P00671,森整形外科リハビリクリニック,自家多血小板血漿（PRP）を用いた慢性関節炎の治療（関節内組織）,https://saiseiiryo.mhlw.go.jp/published_plan/download/01D2109002/5/0
alias_or_wording_candidate,strong_msk,2,静岡県,ばんどう整形外科・ファミリークリニック,掛川市成滝480-5,自家多血小板血漿（Platelet-Rich Plasma：PRP）を用いた慢性関節炎の治療（関節内組織）,,,,,0.9838,P00675,ばんどう整形外科・ファミリークリニック,自家多血小板血漿（PRP）を用いた慢性関節炎の治療（関節内組織）,https://saiseiiryo.mhlw.go.jp/published_plan/download/01D2507004/5/0
alias_or_wording_candidate,strong_msk,2,静岡県,伊豆高原メディカル　たかやなぎ整形外科,伊東市八幡野1191-6,自家多血小板血漿（Platelet-rich plasma：PRP）を用いた慢性関節炎の治療（関節内組織）,,,,,0.9838,P00677,伊豆高原メディカル たかやなぎ整形外科,自家多血小板血漿（PRP）を用いた慢性関節炎の治療（関節内組織）,https://saiseiiryo.mhlw.go.jp/published_plan/download/02D2403001/5/0
alias_or_wording_candidate,strong_msk,2,静岡県,医療法人社団志隆　ふくだ整形外科リウマチ科,静岡市葵区昭府2丁目18-38,変形性関節症に対する多血小板血漿（ＰＲＰ）関節内投与療法,,,,,0.9188,P00681,医療法人社団浜本整形外科医院,変形性関節症に対する多血小板血漿（PRP）関節内投与療法,https://saiseiiryo.mhlw.go.jp/published_plan/download/01D2504007/5/0
alias_or_wording_candidate,strong_msk,2,静岡県,富士整形外科病院,富士市錦町1丁目4-23,自家多血小板血漿(Platelet-rich plasma:PRP)を用いた慢性関節炎の治療(関節内組織),,,,,0.9838,P00687,富士整形外科病院,自家多血小板血漿（PRP）を用いた慢性関節炎の治療（関節内組織）,https://saiseiiryo.mhlw.go.jp/published_plan/download/02D2510006/5/0
alias_or_wording_candidate,strong_msk,2,静岡県,錦野クリニック,藤枝市青葉町２丁目１－４７,多血小板血漿（Platelet-rich plasma：PRP）を用いた整形外科疾患に対する治療,,,,,0.9718,P00690,錦野クリニック,多血小板血漿（PRP）を用いた整形外科疾患に対する治療,https://saiseiiryo.mhlw.go.jp/published_plan/download/01D1903003/5/0
alias_or_wording_candidate,strong_msk,2,静岡県,順天堂大学医学部附属　静岡病院,伊豆の国市長岡１１２９,多血小板血漿（Platelet-rich plasma：PRP）を用いた変形性関節症治療,,,,,0.952,P00691,順天堂大学医学部附属 静岡病院,多血小板血漿（PRP）を用いた変形性関節症治療,https://saiseiiryo.mhlw.go.jp/published_plan/download/03D2607002/5/0
alias_or_wording_candidate,strong_msk,2,愛知県,あいせい紀年病院,名古屋市南区曽池町四丁目28番地,自家多血小板血漿（Platelet-rich plasma：PRP）を用いた慢性関節炎の治療（関節内組織）,,,,,0.9838,P00695,あいせい紀年病院,自家多血小板血漿（PRP）を用いた慢性関節炎の治療（関節内組織）,https://saiseiiryo.mhlw.go.jp/published_plan/download/03D2606001/5/0
alias_or_wording_candidate,strong_msk,2,愛知県,おかざき足の血管外科・痛みのクリニック,岡崎市羽根西1丁目6-4,自家多血小板血漿（Platelet-rich plasma：PRP）を用いた疼痛治療（関節内組織）,,,,,0.9673,P00696,おかざき足の血管外科・痛みのクリニック,自家多血小板血漿（PRP）を用いた疼痛治療（関節内組織）,https://saiseiiryo.mhlw.go.jp/published_plan/download/01D2205007/5/0
alias_or_wording_candidate,strong_msk,2,愛知県,ふくの森リハビリ整形外科,小牧市北外山1192番,自家多血小板血漿（Platelet-rich plasma：PRP）を用いた慢性関節炎の治療（関節内組織）,,,,,0.9838,P00698,ふくの森リハビリ整形外科,自家多血小板血漿（PRP）を用いた慢性関節炎の治療（関節内組織）,https://saiseiiryo.mhlw.go.jp/published_plan/download/01D2404006/5/0
alias_or_wording_candidate,strong_msk,2,愛知県,リジェネレーションクリニック,名古屋市中区丸の内２丁目16-8フレア丸の内３階,自家多血小板血漿（Platelet-rich plasma：PRP）を用いた慢性関節炎の治療（関節内組織）,,,,,0.9838,P00700,リジェネレーションクリニック,自家多血小板血漿（PRP）を用いた慢性関節炎の治療（関節内組織）,https://saiseiiryo.mhlw.go.jp/published_plan/download/01D2404005/5/0
alias_or_wording_candidate,broad_msk,2,愛知県,伊藤整形・内科　あいちスポーツ人工関節クリニック,丹羽郡扶桑町大字高雄字郷東41,培養自家脂肪組織由来の間葉系間質細胞を用いた慢性疼痛の治療,,,,,0.9726,P00701,伊藤整形・内科 あいちスポーツ人工関節クリニック,自家脂肪組織由来の培養間葉系幹細胞を用いた関節疾患の治療,https://saiseiiryo.mhlw.go.jp/published_plan/download/01D2512001/5/0
alias_or_wording_candidate,strong_msk,2,愛知県,医療法人社団交和会 リブラささしまメディカルクリニック,名古屋市中村区平池町4丁目60-12　グローバルゲート5F,自家多血小板血漿（Platelet-rich plasma：PRP）を用いた慢性関節炎の治療（関節内組織）,,,,,0.9838,P00714,医療法人社団交和会 リブラささしまメディカルクリニック,自家多血小板血漿（PRP）を用いた慢性関節炎の治療（関節内組織）,https://saiseiiryo.mhlw.go.jp/published_plan/download/03D2606014/5/0
alias_or_wording_candidate,strong_msk,2,愛知県,医療法人社団福祉会 高須病院,西尾市一色町赤羽上郷中113番地1,自家多血小板血漿(Platelet rich plasma:PRP)を用いた関節機能改善治療,,,,,0.9625,P00717,医療法人社団福祉会 高須病院,自家多血小板血漿（PRP）を用いた関節機能改善治療,https://saiseiiryo.mhlw.go.jp/published_plan/download/01D2408010/5/0
alias_or_wording_candidate,strong_msk,2,愛知県,"医療法人絢南会　　
かすがい関節・スポーツ整形外科いたみのクリニック",春日井市大手町4-7-1,変形性関節症および関節腔の傷害を対象とした自家多血小板血漿（PRP）注入療法,,,,,0.86,P00706,医療法人健整会 みかわ整形外科,変形性関節症および関節腔の傷害を対象とした自家多血小板血漿（PRP）注入療法,https://saiseiiryo.mhlw.go.jp/published_plan/download/01D2401001/5/0
alias_or_wording_candidate,strong_msk,2,愛知県,医療法人蜂友会　はちや整形外科病院,名古屋市千種区末盛通二丁目4番地,多血小板血漿（Platelet-rich plasma：PRP）を用いた整形外科疾患に対する組織修復,,,,,0.98,P00623,医療法人蜂友会 はちや整形外科病院,多血小板血漿（PRP）を用いた整形外科疾患に対する組織修復,https://saiseiiryo.mhlw.go.jp/published_plan/download/03D2605008/5/0|https://saiseiiryo.mhlw.go.jp/published_plan/download/03D2605008/5/1
alias_or_wording_candidate,strong_msk,2,愛知県,医療法人財団 檜扇会 クリニック 名古屋ちくさヒルズ,名古屋市千種区千種二丁目24番2号 千種タワーヒルズ1階,自己多血小板血漿(Platelet-rich plasma：PRP)由来の自己蛋白溶液(Autologous Protein Solution：APS)を用いた変形性関節症治療,,,,,0.8858,P00636,医療法人財団檜扇会 クリニック 名古屋ちくさヒルズ,自己多血小板血漿由来の自己蛋白溶液（APS）を用いた変形性関節症治療,https://saiseiiryo.mhlw.go.jp/published_plan/download/03D2505015/5/0
alias_or_wording_candidate,strong_msk,2,愛知県,医療法人ＳｍａｒｔＣｌｉｎｉｃ　小牧スマートクリニック,小牧市新町１丁目７８番地　スギドラッグ 小牧新町店２F,多血小板血漿(Platelet-rich plasma:PRP)を用いた整形外 科疾患に対する組織修復,,,,,0.98,P00721,医療法人ＳｍａｒｔＣｌｉｎｉｃ 小牧スマートクリニック,多血小板血漿（PRP）を用いた整形外科疾患に対する組織修復,https://saiseiiryo.mhlw.go.jp/published_plan/download/01D2505006/5/0
alias_or_wording_candidate,strong_msk,2,愛知県,瀬戸にしな整形外科クリニック,瀬戸市西茨町48,自家多血小板血漿（Platelet-rich plasma：PRP）を用いた慢性関節炎の治療（関節内組織）,,,,,0.9838,P00724,瀬戸にしな整形外科クリニック,自家多血小板血漿（PRP）を用いた慢性関節炎の治療（関節内組織）,https://saiseiiryo.mhlw.go.jp/published_plan/download/01D2111003/5/0
alias_or_wording_candidate,strong_msk,2,愛知県,米田病院,名古屋市西区枇杷島1-11-5,自家多血小板血漿（Platelet-rich plasma：PRP）を用いた慢性関節炎の治療（関節内組織）,,,,,0.9838,P00725,米田病院,自家多血小板血漿（PRP）を用いた慢性関節炎の治療（関節内組織）,https://saiseiiryo.mhlw.go.jp/published_plan/download/03D2604004/5/0
alias_or_wording_candidate,strong_msk,2,滋賀県,公立甲賀病院,甲賀市水口町松尾1256番地,自家多血小板血漿（Platelet-rich plasma：PRP）を用いた慢性関節炎の治療（関節内組織）,,,,,0.9838,P00364,公立甲賀病院,自家多血小板血漿（PRP）を用いた慢性関節炎の治療（関節内組織）,https://saiseiiryo.mhlw.go.jp/published_plan/download/01E2307011/5/0
alias_or_wording_candidate,strong_msk,2,滋賀県,医療法人翠蓮会　とがの整形外科クリニック,守山市金森町603-1,自家多血小板血漿（Platelet-rich plasma：PRP）を用いた慢性関節炎の治療（関節内組織）,,,,,0.9838,P00366,医療法人翠蓮会 とがの整形外科クリニック,自家多血小板血漿（PRP）を用いた慢性関節炎の治療（関節内組織）,https://saiseiiryo.mhlw.go.jp/published_plan/download/01E2412010/5/0
alias_or_wording_candidate,strong_msk,2,京都府,医療法人京都翔医会 西京都病院,京都市西京区桂畑ヶ田町175番地,自家多血小板血漿（Platelet-Rich Plasma：PRP）を用いた慢性関節炎の治療（関節内組織）,,,,,0.9838,P00372,医療法人京都翔医会 西京都病院,自家多血小板血漿（PRP）を用いた慢性関節炎の治療（関節内組織）,https://saiseiiryo.mhlw.go.jp/published_plan/download/01E2506010/5/0
alias_or_wording_candidate,strong_msk,2,京都府,"医療法人社団千春会
千春会ハイパーサーミアクリニック",長岡京市神足2丁目3-1 バンビオ1番館7階,自家多血小板血漿（Platelet-Rich Plasma：PRP）を用いた慢性関節炎の治療（関節内組織）,,,,,0.9838,P00782,医療法人社団千春会 千春会ハイパーサーミアクリニック,自家多血小板血漿（PRP）を用いた慢性関節炎の治療（関節内組織）,https://saiseiiryo.mhlw.go.jp/published_plan/download/03E2601001/5/0
alias_or_wording_candidate,strong_msk,2,京都府,医療法人社団康静会　伏見ウェルネスクリニック,京都市伏見区京町４丁目１７０−１くれたけビル3階,多血小板血漿（Platelet-rich plasma：PRP）を用いた変形性膝関節症治療,,,,,0.9574,P00783,医療法人社団康静会 伏見ウェルネスクリニック,多血小板血漿（PRP）を用いた変形性膝関節症治療,https://saiseiiryo.mhlw.go.jp/published_plan/download/02E2404016/5/0
alias_or_wording_candidate,strong_msk,2,京都府,医療法人社団貴順会吉川病院,京都市左京区聖護院山王町1番地,自家多血小板血漿（Platelet-rich plasma：PRP）を用いた慢性関節炎の治療（関節内組織）,,,,,0.9838,P00778,医療法人社団貴順会 吉川病院,自家多血小板血漿（PRP）を用いた慢性関節炎の治療（関節内組織）,https://saiseiiryo.mhlw.go.jp/published_plan/download/02E2307009/5/0
alias_or_wording_candidate,strong_msk,2,京都府,医療法人財団佐々木会　深江形成整形外科医院,京都市下京区新町通四条下る四条町348番地,自己脂肪由来幹細胞を用いた変形性関節症の治療,,,,,0.8631,P00375,医療法人双樹会桂西口整形外科クリニック,自己脂肪由来幹細胞を用いた変形性関節症の治療,https://saiseiiryo.mhlw.go.jp/published_plan/download/03E2407009/5/0
alias_or_wording_candidate,broad_msk,2,京都府,医療法人財団佐々木会　深江形成整形外科医院,京都市下京区新町通四条下る四条町348番地,自己脂肪由来幹細胞を用いた慢性疼痛の治療,,,,,0.8631,P00374,医療法人双樹会桂西口整形外科クリニック,自己脂肪由来幹細胞を用いた慢性疼痛の治療,https://saiseiiryo.mhlw.go.jp/published_plan/download/02E2505009/5/0
alias_or_wording_candidate,strong_msk,2,大阪府,CELL GRAND CLINIC,"大阪市中央区西心斎橋2丁目3-2
御堂筋ミナミビル 4階",自己脂肪由来幹細胞を用いた変形性関節症の治療,,,,,0.8741,P00389,医療法人香華会 Re:Born Clinic 大阪院,自己脂肪由来幹細胞を用いた変形性関節症の治療,https://saiseiiryo.mhlw.go.jp/published_plan/download/01E2412017/5/0
alias_or_wording_candidate,strong_msk,2,大阪府,きむら整形外科　南堀江クリニック,大阪市西区南堀江2丁目4番4号　EDGE南堀江 301,変形性関節症に対する多血小板血漿（ＰＲＰ）関節内投与療法,,,,,0.9114,P00791,ひらまつ整形外科 難波膝スポーツクリニック,変形性関節症に対する多血小板血漿（PRP）関節内投与療法,https://saiseiiryo.mhlw.go.jp/published_plan/download/01E2601007/5/0
alias_or_wording_candidate,strong_msk,2,大阪府,たけうち整形外科リウマチ科,吹田市津雲台５丁目11-1-1 つくもゲート３階,多血小板血漿（Platelet-rich plasma：PRP）を用いた変形性関節症治療,,,,,0.952,P00789,たけうち整形外科リウマチ科,多血小板血漿（PRP）を用いた変形性関節症治療,https://saiseiiryo.mhlw.go.jp/published_plan/download/01E2101003/5/0
alias_or_wording_candidate,strong_msk,2,大阪府,はせがわ整形外科運動器エコークリニック,大阪市平野区長吉出戸5丁目2-13,自家多血小板血漿（Platelet-Rich Plasma：PRP）を用いた慢性関節炎の治療（関節内組織）,,,,,0.9838,P00790,はせがわ整形外科運動器エコークリニック,自家多血小板血漿（PRP）を用いた慢性関節炎の治療（関節内組織）,https://saiseiiryo.mhlw.go.jp/published_plan/download/01E2511001/5/0
alias_or_wording_candidate,strong_msk,2,大阪府,まつうら整形・肩肘スポーツクリニック,堺市西区鳳東町6丁 637-1 2F,自家多血小板血漿（Platelet-Rich Plasma：PRP）を用いた慢性関節炎の治療（関節内組織）,,,,,0.9838,P00792,まつうら整形・肩肘スポーツクリニック,自家多血小板血漿（PRP）を用いた慢性関節炎の治療（関節内組織）,https://saiseiiryo.mhlw.go.jp/published_plan/download/03E2512006/5/0
alias_or_wording_candidate,strong_msk,2,大阪府,シンセルクリニック,"大阪市中央区心斎橋1-9-15
大京心斎橋ビル303号室",自己脂肪由来幹細胞を用いた変形性関節症の治療,,,,,0.8881,P00858,医療法人美喜有会 リペアセルクリニック,自己脂肪由来幹細胞を用いた変形性関節症の治療,https://saiseiiryo.mhlw.go.jp/published_plan/download/02E2601002/5/0
alias_or_wording_candidate,strong_msk,2,大阪府,リセリングクリニック,大阪市北区天満橋1-8-40帝国ホテルプラザ2階,自己骨髄由来間葉系幹細胞を用いた変形性膝関節症治療,,,,,1.0,P00835,リセリングクリニック,自己脂肪組織由来間葉系幹細胞を用いた変形性膝関節症治療,https://saiseiiryo.mhlw.go.jp/published_plan/download/03E2506014/5/0
alias_or_wording_candidate,strong_msk,2,大阪府,医療法人　Nクリニック,岸和田市別所町3-10-10,多血小板血漿を用いた難治性の骨髄異常陰影を有する変形性関節症の治療,,,,,0.88,P00799,医療法人Nクリニック,多血小板血漿（PRP）の投与による変形性関節症治療,https://saiseiiryo.mhlw.go.jp/published_plan/download/01E2604003/5/0
alias_or_wording_candidate,strong_msk,2,大阪府,医療法人　再生会　そばじまクリニック,"東大阪市荒本北2-2-6　クリニックコート東野1F,2F,3F",多血小板血漿（Platelet-rich plasma:PRP）を用いた関節内組織修復並びに創傷治癒（関節内投与）K-Version,,,,,1.0,P00801,医療法人 再生会 そばじまクリニック,多血小板血漿（PRP）を用いた関節内組織修復並びに創傷治癒（関節内投与）K-Version,https://saiseiiryo.mhlw.go.jp/published_plan/download/03E2103014/5/0|https://saiseiiryo.mhlw.go.jp/published_plan/download/03E2103014/5/1
alias_or_wording_candidate,strong_msk,2,大阪府,医療法人いずみ会　阪堺病院,堺市堺区大浜北町１丁８−８,多血小板血漿（Platelet-rich plasma：PRP）を用いた関節疾患及びスポーツ障害に関する治療,,,,,0.994,P00855,医療法人いずみ会 阪堺病院,多血小板血漿（PRP）を用いた関節疾患及びスポーツ障害に関する治療,https://saiseiiryo.mhlw.go.jp/published_plan/download/03E2305033/5/0|https://saiseiiryo.mhlw.go.jp/published_plan/download/03E2305033/5/1
alias_or_wording_candidate,strong_msk,2,大阪府,医療法人一幸会 いっしん整形外科,大阪市平野区喜連東五丁目16番22号,自家多血小板血漿（Platelet-rich plasma：PRP）を用いた慢性関節炎の治療（関節内組織）,,,,,0.9838,P00808,医療法人一幸会 いっしん整形外科,自家多血小板血漿（PRP）を用いた慢性関節炎の治療（関節内組織）,https://saiseiiryo.mhlw.go.jp/published_plan/download/01E2105009/5/0
alias_or_wording_candidate,strong_msk,2,大阪府,医療法人健爽会　ReO Clinic,大阪市中央区南船場2丁目5番17号,自己脂肪由来幹細胞を用いた変形性関節症の治療,,,,,0.9842,P00389,医療法人香華会 Re:Born Clinic 大阪院,自己脂肪由来幹細胞を用いた変形性関節症の治療,https://saiseiiryo.mhlw.go.jp/published_plan/download/01E2510034/5/0|https://saiseiiryo.mhlw.go.jp/published_plan/download/01E2510034/5/1
alias_or_wording_candidate,strong_msk,2,大阪府,"医療法人光明会
もりあきクリニック","箕面市船場西三丁目８番１１号
COMプラザ１Ｆ",自己脂肪由来幹細胞を用いた変形性関節症の治療,,,,,0.9267,P00830,医療法人幸永会 RPT大阪クリニック,自己脂肪由来幹細胞を用いた変形性関節症の治療,https://saiseiiryo.mhlw.go.jp/published_plan/download/02E2606021/5/0
alias_or_wording_candidate,strong_msk,2,大阪府,医療法人再生会  そばじまクリニック　ニューオータニ大阪院,大阪府大阪市中央区城見1-4-1  ホテルニューオータニ大阪　626・627号室,自己皮下脂肪組織由幹細胞（ADSCs）を用いた変形性関節症に対する細胞移植治療（ただし、脊柱は除く）,,,,,0.9853,P00815,医療法人再生会 そばじまクリニックニューオータニ大阪院,皮下脂肪組織由来幹細胞凝集塊を用いた変形性関節症に対する細胞移植治療,https://saiseiiryo.mhlw.go.jp/published_plan/download/03E2409028/5/0
alias_or_wording_candidate,strong_msk,2,大阪府,医療法人再生会　そばじまクリニック,"東大阪市荒本北2-2-6　クリニックコート東野1F,２F,３F",変形性関節症に対する自家脂肪組織由来細胞群による疼痛緩和治療（ただし、手指及び脊柱を除く）,,,,,1.0,P00817,医療法人再生会そばじまクリニック ニューオータニ大阪院,変形性関節症に対する自家脂肪組織由来細胞群による疼痛緩和治療（ただし、手指及び脊柱を除く）,https://saiseiiryo.mhlw.go.jp/published_plan/download/03E2103018/5/0
alias_or_wording_candidate,strong_msk,2,大阪府,医療法人再生会そばじまクリニック　ニューオータニ大阪院,大阪市中央区城見１－４－１　ホテルニューオータニ大阪　626・627号室,自己多血小板血漿（Platelet Rich Plasma: PRP）を用いた変形性関節症治療,,,,,0.9625,P00816,医療法人再生会そばじまクリニック ニューオータニ大阪院,自己多血小板血漿（PRP）を用いた変形性関節症治療,https://saiseiiryo.mhlw.go.jp/published_plan/download/03E2409029/5/0
alias_or_wording_candidate,strong_msk,2,大阪府,医療法人医誠会　医誠会国際総合病院,大阪市北区南扇町4−14,多血小板血漿（Platelet-rich plasma：PRP）を用いた変形性関節症治療,,,,,0.952,P00820,医療法人医誠会 医誠会国際総合病院,多血小板血漿（PRP）を用いた変形性関節症治療,https://saiseiiryo.mhlw.go.jp/published_plan/download/02E2312028/5/0
alias_or_wording_candidate,strong_msk,2,大阪府,医療法人医進会　高石加茂病院,高石市西取石3丁目23番17号,自家多血小板血漿（Platelet-Rich Plasma：PRP）を用いた慢性関節炎の治療（関節内組織）,,,,,0.9838,P00822,医療法人医進会 高石加茂病院,自家多血小板血漿（PRP）を用いた慢性関節炎の治療（関節内組織）,https://saiseiiryo.mhlw.go.jp/published_plan/download/01E2603013/5/0
alias_or_wording_candidate,strong_msk,2,大阪府,医療法人協和会　協和会病院,吹田市岸部北１丁目２４番１号,多血小板血漿抽出液による関節症治療,,,,,0.8881,P00825,医療法人啓信会 大阪整形外科病院,多血小板血漿抽出液による関節症治療,https://saiseiiryo.mhlw.go.jp/published_plan/download/03E2603012/5/0
alias_or_wording_candidate,strong_msk,2,大阪府,医療法人天野整形外科,大阪市東住吉区駒川４丁目１−５,変形性関節症に対する多血小板血漿（ＰＲＰ）関節内投与療法,,,,,0.9308,P00385,医療法人讃高会 枚方東整形外科病院,変形性関節症に対する多血小板血漿（PRP）関節内投与療法,https://saiseiiryo.mhlw.go.jp/published_plan/download/01E2310023/5/0
alias_or_wording_candidate,strong_msk,2,大阪府,医療法人慶春会　福永記念診療所,大阪市城東区中央1-9-33 泉秀園城東ビル2F,自家多血小板血漿（Platelet-rich plasma：PRP）を用いた慢性関節炎の治療（関節内組織）,,,,,0.9838,P00827,医療法人慶春会 福永記念診療所,自家多血小板血漿（PRP）を用いた慢性関節炎の治療（関節内組織）,https://saiseiiryo.mhlw.go.jp/published_plan/download/02E2506021/5/0|https://saiseiiryo.mhlw.go.jp/published_plan/download/02E2506021/5/1
alias_or_wording_candidate,strong_msk,2,大阪府,医療法人春秋会　城山病院,羽曳野市はびきの２丁目８番１号,変形性関節症に対する多血小板血漿（ＰＲＰ）関節内投与療法,,,,,0.8881,P00385,医療法人讃高会 枚方東整形外科病院,変形性関節症に対する多血小板血漿（PRP）関節内投与療法,https://saiseiiryo.mhlw.go.jp/published_plan/download/02E2510002/5/0
alias_or_wording_candidate,strong_msk,2,大阪府,医療法人朝雲会　あさぐも整形外科クリニック,和泉市いぶき野５―１―２　 ｐｉｖｏ和泉中央２Ｆ,多血小板血漿抽出液による関節症治療,,,,,0.9,P00809,医療法人井上会 井上整形外科,多血小板血漿抽出液による関節症治療,https://saiseiiryo.mhlw.go.jp/published_plan/download/01E1904021/5/0
alias_or_wording_candidate,strong_msk,2,大阪府,医療法人村上整形外科,大阪市旭区大宮３丁目１１−６,変形性関節症に対する多血小板血漿（ＰＲＰ）関節内投与療法,,,,,0.9308,P00385,医療法人讃高会 枚方東整形外科病院,変形性関節症に対する多血小板血漿（PRP）関節内投与療法,https://saiseiiryo.mhlw.go.jp/published_plan/download/01E2308018/5/0
alias_or_wording_candidate,strong_msk,2,大阪府,医療法人桜希会 東朋八尾健診クリニック,"八尾市光町1丁目26番地
メルベーユ光町101",自己脂肪由来幹細胞を用いた変形性関節症の治療,,,,,0.9114,P00830,医療法人幸永会 RPT大阪クリニック,自己脂肪由来幹細胞を用いた変形性関節症の治療,https://saiseiiryo.mhlw.go.jp/published_plan/download/02E2407022/5/0
alias_or_wording_candidate,strong_msk,2,大阪府,医療法人梅花林　HORIE R.Pクリニック,大阪市西区北堀江１丁目３−１３ STAR HILLS,自己脂肪由来幹細胞を用いた変形性関節症の治療,,,,,0.9289,P00830,医療法人幸永会 RPT大阪クリニック,自己脂肪由来幹細胞を用いた変形性関節症の治療,https://saiseiiryo.mhlw.go.jp/published_plan/download/02E2508006/5/0
alias_or_wording_candidate,strong_msk,2,大阪府,医療法人社団彦星会　岩橋クリニック,吹田市山手町2丁目6-6,多血小板血漿（PRP）の投与による変形性関節症治療,,,,,0.9646,P00799,医療法人Nクリニック,多血小板血漿（PRP）の投与による変形性関節症治療,https://saiseiiryo.mhlw.go.jp/published_plan/download/03E2005002/5/0
alias_or_wording_candidate,strong_msk,2,大阪府,医療法人社団日生会　リバースセルクリニック,大阪市北区曽根崎新地1-4-20 桜橋IMビル７F,変形性関節症に対する多血小板血漿（ＰＲＰ）関節内投与療法,,,,,0.88,P00805,医療法人 厚心会 まつかわ整形外科クリニック,変形性関節症に対する多血小板血漿（PRP）関節内投与療法,https://saiseiiryo.mhlw.go.jp/published_plan/download/03E2602012/5/0|https://saiseiiryo.mhlw.go.jp/published_plan/download/03E2602012/5/1
alias_or_wording_candidate,strong_msk,2,大阪府,"医療法人美喜有会
リペアセルクリニック","大阪市福島区福島1-1-51
堂島クロスウォーク404C",自家多血小板血漿を用いた変形性関節症の治療,,,,,0.9247,P00858,医療法人美喜有会 リペアセルクリニック,自己脂肪由来幹細胞を用いた変形性関節症の治療,https://saiseiiryo.mhlw.go.jp/published_plan/download/02E2603028/5/0
alias_or_wording_candidate,strong_msk,2,大阪府,"医療法人美喜有会
リペアセルクリニック","大阪市福島区福島1-1-51
堂島クロスウォーク404C",自己脂肪由来幹細胞と自己前骨芽細胞分化誘導上清液を用いた変形性関節症の治療,,,,,0.9776,P00858,医療法人美喜有会 リペアセルクリニック,自己脂肪由来幹細胞を用いた変形性関節症の治療,https://saiseiiryo.mhlw.go.jp/published_plan/download/02E2603032/5/0
alias_or_wording_candidate,strong_msk,2,大阪府,医療法人蒼優会　NLC野中腰痛クリニック,大阪市東淀川区西淡路１丁目1-35　IMC国際医療センタービル3F-7F,自家多血小板血漿（Platelet-rich plasma：PRP）を用いた脊椎由来疼痛治療,,,,,0.9625,P00383,医療法人蒼優会 NLC野中腰痛クリニック,自家多血小板血漿（PRP）を用いた脊椎由来疼痛治療,https://saiseiiryo.mhlw.go.jp/published_plan/download/01E2312014/5/0
alias_or_wording_candidate,strong_msk,2,大阪府,医療法人酒井会　さかいペインクリニック,柏原市上市1-2-2　アゼリア柏原416,自家多血小板血漿（Platelet-rich plasma：PRP）を用いた慢性関節炎の治療（関節内組織）,,,,,0.9838,P00386,医療法人酒井会 さかいペインクリニック,自家多血小板血漿（PRP）を用いた慢性関節炎の治療（関節内組織）,https://saiseiiryo.mhlw.go.jp/published_plan/download/01E2403005/5/0
alias_or_wording_candidate,strong_msk,2,大阪府,医療法人高遼会　高遼会病院,大阪市平野区平野本町4丁目15-6,自己由来多血小板血漿（PRP）を用いた変形性膝関節症への治療,,,,,0.9,P00393,医療法人高遼会 高遼会病院,自己脂肪組織由来幹細胞（ASCs）を用いた変形性関節症の治療,https://saiseiiryo.mhlw.go.jp/published_plan/download/03E2305037/5/0|https://saiseiiryo.mhlw.go.jp/published_plan/download/03E2305037/5/1|https://saiseiiryo.mhlw.go.jp/published_plan/download/03E2305037/5/2
alias_or_wording_candidate,strong_msk,2,大阪府,大阪ヘルスケアクリニック,大阪市北区本庄東1丁目22番1号,自己脂肪由来幹細胞を用いた変形性関節症の治療,,,,,0.8724,P00830,医療法人幸永会 RPT大阪クリニック,自己脂肪由来幹細胞を用いた変形性関節症の治療,https://saiseiiryo.mhlw.go.jp/published_plan/download/03E2406016/5/0
alias_or_wording_candidate,strong_msk,2,大阪府,市立岸和田市民病院,岸和田市額原町1001番地,多血小板血漿（Platelet-rich plasma：PRP）を用いた変形性関節症治療,,,,,0.952,P00396,市立岸和田市民病院,多血小板血漿（PRP）を用いた変形性関節症治療,https://saiseiiryo.mhlw.go.jp/published_plan/download/02E2508001/5/0
alias_or_wording_candidate,strong_msk,2,大阪府,枚方市駅前やました整形外科リハビリテーションクリニック,枚方市新町1-1-8　HIRAKATA　WOVEN301,自家多血小板血漿（Platelet-Rich Plasma：PRP）を用いた慢性関節炎の治療（関節内組織）,,,,,0.9838,P00400,枚方市駅前やました整形外科リハビリテーションクリニック,自家多血小板血漿（PRP）を用いた慢性関節炎の治療（関節内組織）,https://saiseiiryo.mhlw.go.jp/published_plan/download/01E2508021/5/0
alias_or_wording_candidate,strong_msk,2,大阪府,"社会医療法人　ＯＮＥ ＦＬＡＧ
おおさかグローバル整形外科病院",大阪市城東区関目 6 丁目 15 番 30 号,多血小板血漿（Platelet rich plasma PRP ）を用いた 変形性関節症治療,,,,,0.952,P00405,社会医療法人 ONE FLAG おおさかグローバル整形外科病院,多血小板血漿（PRP）を用いた変形性関節症治療,https://saiseiiryo.mhlw.go.jp/published_plan/download/03E2502007/5/0
alias_or_wording_candidate,strong_msk,2,大阪府,社会医療法人報恩会　長吉総合病院,大阪市平野区長吉長原1-2-34,自家多血小板血漿（Platelet-rich plasma：PRP）を用いた慢性関節炎の治療（関節内組織）,,,,,0.9838,P00407,社会医療法人報恩会 長吉総合病院,自家多血小板血漿（PRP）を用いた慢性関節炎の治療（関節内組織）,https://saiseiiryo.mhlw.go.jp/published_plan/download/03E2603010/5/0
alias_or_wording_candidate,strong_msk,2,大阪府,社会医療法人寿会 富永病院,大阪市浪速区湊町1-4-48,自家多血小板血漿（Platelet-rich plasma：PRP）を用いた関節症の治療（関節内組織）,,,,,0.976,P00409,社会医療法人寿会 富永病院,自家多血小板血漿（PRP）を用いた関節症の治療（関節内組織）,https://saiseiiryo.mhlw.go.jp/published_plan/download/02E2604016/5/0
alias_or_wording_candidate,strong_msk,2,大阪府,社会医療法人愛仁会高槻病院,高槻市古曽部町1-3-13,変形性関節症(膝、股関節、足関節等)、四肢スポーツ障害（筋腱靭帯半月板障害）、偽関節・遷延治癒骨折などの整形外科疾患に対する、脂肪組織由来再生(幹)細胞(Adipose Derived Regenerative Cells: ADRCs)による治療,,,,,0.9091,P00857,社会医療法人愛仁会 高槻病院,変形性関節症、四肢スポーツ障害、偽関節・遷延治癒骨折等に対する脂肪組織由来再生幹細胞（ADRCs）による治療,https://saiseiiryo.mhlw.go.jp/published_plan/download/02E2509002/5/0
alias_or_wording_candidate,strong_msk,2,大阪府,運動器ケア　しまだ病院,羽曳野市樫山100-1,多血小板血漿（Platelet-rich plasma：PRP）を用いた変形性関節症治療,,,,,0.952,P00413,運動器ケア しまだ病院,多血小板血漿（PRP）を用いた変形性関節症治療,https://saiseiiryo.mhlw.go.jp/published_plan/download/02E2411001/5/0
alias_or_wording_candidate,strong_msk,2,大阪府,都島整形外科クリニック,大阪市都島区都島本通1-7-9 クレールビル3階,自家多血小板血漿（Platelet-Rich Plasma：PRP）を用いた慢性関節炎の治療（関節内組織）,,,,,0.9838,P00414,都島整形外科クリニック,自家多血小板血漿（PRP）を用いた慢性関節炎の治療（関節内組織）,https://saiseiiryo.mhlw.go.jp/published_plan/download/01E2504028/5/0
alias_or_wording_candidate,strong_msk,2,兵庫県,「夢」整形外科スポーツクリニック,姫路市大津区平松131,変形性関節症を対象とした自家多血小板血漿（PRP）注入療法,,,,,0.9768,P00852,木本整形外科クリニック,変形性関節症を対象とした自家多血小板血漿（PRP）注入療法,https://saiseiiryo.mhlw.go.jp/published_plan/download/01E2601009/5/0
alias_or_wording_candidate,strong_msk,2,兵庫県,かいと整形外科リハビリクリニック,尼崎市長洲西通1丁目4-15,変形性関節症を対象とした自家多血小板血漿（PRP）注入療法,,,,,0.9533,P00852,木本整形外科クリニック,変形性関節症を対象とした自家多血小板血漿（PRP）注入療法,https://saiseiiryo.mhlw.go.jp/published_plan/download/01E2604001/5/0|https://saiseiiryo.mhlw.go.jp/published_plan/download/01E2604001/5/1
alias_or_wording_candidate,strong_msk,2,兵庫県,三輪整形外科クリニック,神戸市垂水区舞多聞西5-1-3-102,自家多血小板血漿（Platelet-rich plasma　PRP）を用いた慢性関節炎の治療（関節内組織）,,,,,0.9838,P00841,三輪整形外科クリニック,自家多血小板血漿（PRP）を用いた慢性関節炎の治療（関節内組織）,https://saiseiiryo.mhlw.go.jp/published_plan/download/01E2212025/5/0
alias_or_wording_candidate,strong_msk,2,兵庫県,兵庫県立リハビリテーション中央病院,神戸市西区曙町1070,自己多血小板血漿（Platelet Rich Plasma: PRP）を用いた変形性関節症治療,,,,,0.9625,P00420,兵庫県立リハビリテーション中央病院,自己多血小板血漿（PRP）を用いた変形性関節症治療,https://saiseiiryo.mhlw.go.jp/published_plan/download/03E2507022/5/0
alias_or_wording_candidate,strong_msk,2,兵庫県,医療法人社団S＆J　しばはら整形外科スポーツ関節クリニック,明石市魚住町錦が丘4-5-1駅前NSビル2階,自家多血小板血漿（Platelet-Rich Plasma：PRP）を用いた慢性関節炎の治療（関節内組織）,,,,,0.9838,P00843,医療法人社団S＆J しばはら整形外科スポーツ関節クリニック,自家多血小板血漿（PRP）を用いた慢性関節炎の治療（関節内組織）,https://saiseiiryo.mhlw.go.jp/published_plan/download/01E2509001/5/0
alias_or_wording_candidate,strong_msk,2,兵庫県,"医療法人社団リハケア会
西川整形外科リハビリクリニック",尼崎市武庫之荘本町1丁目1-4,多血小板血漿（PRP）の投与による変形性関節症治療,,,,,0.88,P00425,医療法人社団リハケア会 西川整形外科リハビリクリニック,脂肪組織由来幹細胞（ASC）の投与による変形性関節症治療,https://saiseiiryo.mhlw.go.jp/published_plan/download/03E2402001/5/0
alias_or_wording_candidate,strong_msk,2,兵庫県,医療法人社団大室整形外科　脊椎・関節クリニック,姫路市中地371,自家多血小板血漿（Platelet-Rich Plasma：PRP）を用いた慢性関節炎の治療（関節内組織）,,,,,0.9838,P00429,医療法人社団大室整形外科 脊椎・関節クリニック,自家多血小板血漿（PRP）を用いた慢性関節炎の治療（関節内組織）,https://saiseiiryo.mhlw.go.jp/published_plan/download/01E2503024/5/0
alias_or_wording_candidate,strong_msk,2,兵庫県,医療法人社団大室整形外科　脊椎・関節クリニック,姫路市中地371,自家多血小板血漿（Platelet-rich plasma：PRP）を用いた脊椎由来疼痛の治療,,,,,0.9673,P00430,医療法人社団大室整形外科 脊椎・関節クリニック,自家多血小板血漿（PRP）を用いた脊椎由来疼痛の治療,https://saiseiiryo.mhlw.go.jp/published_plan/download/01E2503025/5/0
alias_or_wording_candidate,strong_msk,2,兵庫県,医療法人社団弘道会　第２西原クリニック,伊丹市野間8-5-10,自家脂肪由来間葉系幹細胞を用いた関節リウマチおよびアトピー性皮膚炎の治療,,,,,0.88,P00432,医療法人社団弘道会 第2西原クリニック,自己脂肪由来幹細胞を用いた慢性疼痛の治療,https://saiseiiryo.mhlw.go.jp/published_plan/download/01E2311008/5/0|https://saiseiiryo.mhlw.go.jp/published_plan/download/01E2311008/5/1|https://saiseiiryo.mhlw.go.jp/published_plan/download/01E2311008/5/2|https://saiseiiryo.mhlw.go.jp/published_plan/download/01E2311008/5/3|https://saiseiiryo.mhlw.go.jp/published_plan/download/01E2311008/5/4
alias_or_wording_candidate,strong_msk,2,兵庫県,医療法人社団成道会　神戸関節症クリニック,神戸市中央区京町70 松岡ビル3F,多血小板血漿（Platelet-rich Plasma: PRP）由来自己タンパク溶液（Autolog ous Protein Solution: APS）の投与による軟骨損傷および変形性関節症治療,,,,,0.8969,P00434,医療法人社団成道会 神戸関節症クリニック,PRP由来自己タンパク溶液（APS）の投与による軟骨損傷および変形性関節症治療,https://saiseiiryo.mhlw.go.jp/published_plan/download/01E2211007/5/0
alias_or_wording_candidate,strong_msk,2,兵庫県,医療法人社団武部整形外科リハビリテーション,尼崎市浜田町五丁目28番地,自家多血小板血漿（Platelet-rich plasma：PRP）を用いた慢性関節炎の治療（関節内組織）,,,,,0.9838,P00435,医療法人社団武部整形外科リハビリテーション,自家多血小板血漿（PRP）を用いた慢性関節炎の治療（関節内組織）,https://saiseiiryo.mhlw.go.jp/published_plan/download/01E2110023/5/0
alias_or_wording_candidate,strong_msk,2,兵庫県,医療法人社団高遼会　整形外科たかひろクリニック,西宮市瓦林町20番11号,多血小板血漿（Platelet-rich plasma：PRP）を用いた変形性関節症治療,,,,,0.952,P00436,医療法人社団高遼会 整形外科たかひろクリニック,多血小板血漿（PRP）を用いた変形性関節症治療,https://saiseiiryo.mhlw.go.jp/published_plan/download/01E2101025/5/0
alias_or_wording_candidate,strong_msk,2,兵庫県,芦屋整形外科スポーツクリニック,芦屋市大原町28番1号 パルティ芦屋1階,自家多血小板血漿（Platelet-rich plasma：PRP）を用いた慢性関節炎の治療（関節内組織）,,,,,0.9838,P00854,芦屋整形外科スポーツクリニック,自家多血小板血漿（PRP）を用いた慢性関節炎の治療（関節内組織）,https://saiseiiryo.mhlw.go.jp/published_plan/download/01E2101016/5/0
alias_or_wording_candidate,strong_msk,2,兵庫県,芦屋整形外科スポーツクリニック,芦屋市大原町28番1号 パルティ芦屋1階,自家多血小板血漿（Platelet-rich plasma：PRP）を用いた慢性関節炎の治療（関節内組織）,,,,,0.9838,P00854,芦屋整形外科スポーツクリニック,自家多血小板血漿（PRP）を用いた慢性関節炎の治療（関節内組織）,https://saiseiiryo.mhlw.go.jp/published_plan/download/01E2508015/5/0
alias_or_wording_candidate,strong_msk,2,奈良県,医療法人新生会 総合病院 高の原中央病院,奈良市右京1丁目3-３,自家多血小板血漿（Platelet-Rich Plasma：PRP）を用いた慢性関節炎の治療（関節内組織）,,,,,0.9838,P00449,医療法人新生会 総合病院 高の原中央病院,自家多血小板血漿（PRP）を用いた慢性関節炎の治療（関節内組織）,https://saiseiiryo.mhlw.go.jp/published_plan/download/01E2510030/5/0
alias_or_wording_candidate,strong_msk,2,奈良県,医療法人興生会　吉本整形外科・外科病院,葛城市疋田676番地１,自家多血小板血漿（Platelet-rich plasma：PRP）を用いた慢性関節炎の治療（関節内組織）,,,,,0.9838,P00450,医療法人興生会 吉本整形外科・外科病院,自家多血小板血漿（PRP）を用いた慢性関節炎の治療（関節内組織）,https://saiseiiryo.mhlw.go.jp/published_plan/download/01E2407015/5/0
alias_or_wording_candidate,strong_msk,2,奈良県,社会福祉法人　恩賜財団済生会奈良病院,奈良市八条4丁目643番地,多血小板血漿（Platelet-rich plasma：PRP）を用いた変形性関節症治療,,,,,0.952,P00453,社会福祉法人 恩賜財団済生会奈良病院,多血小板血漿（PRP）を用いた変形性関節症治療,https://saiseiiryo.mhlw.go.jp/published_plan/download/01E2104001/5/0
alias_or_wording_candidate,strong_msk,2,和歌山県,医療法人たちばな会　西岡病院,有田郡有田川町大字小島278番地1,多血小板血漿（Platelet-rich plasma：PRP）を用いた変形性関節症治療,,,,,0.952,P00459,医療法人たちばな会 西岡病院,多血小板血漿（PRP）を用いた変形性関節症治療,https://saiseiiryo.mhlw.go.jp/published_plan/download/02E2511003/5/0
alias_or_wording_candidate,strong_msk,2,和歌山県,医療法人琉憲会　ナカイマ整形外科クリニック,岩出市金池389-1,自家多血小板血漿（Platelet-rich plasma：PRP）を用いた慢性関節炎の治療（関節内組織）,,,,,0.9838,P00461,医療法人琉憲会 ナカイマ整形外科クリニック,自家多血小板血漿（PRP）を用いた慢性関節炎の治療（関節内組織）,https://saiseiiryo.mhlw.go.jp/published_plan/download/02E2407029/5/0
alias_or_wording_candidate,strong_msk,2,和歌山県,医療法人須佐病院,和歌山市吹屋町4丁目30番地,自家多血小板血漿（Platelet-Rich Plasma：PRP）を用いた変形性関節症の治療,,,,,0.9673,P00462,医療法人須佐病院,自家多血小板血漿（PRP）を用いた変形性関節症の治療,https://saiseiiryo.mhlw.go.jp/published_plan/download/01E2407018/5/0
alias_or_wording_candidate,strong_msk,2,和歌山県,海南医療センター,海南市日方１５２２−１,多血小板血漿（Platelet-rich plasma：PRP）を用いた変形性関節症治療,,,,,0.952,P00465,海南医療センター,多血小板血漿（PRP）を用いた変形性関節症治療,https://saiseiiryo.mhlw.go.jp/published_plan/download/03E2603008/5/0
alias_or_wording_candidate,strong_msk,2,鳥取県,鳥取大学医学部附属病院,米子市西町36番地1,多血小板血漿（Platelet-rich plasma：PRP）を用いた変形性関節症治療,,,,,0.952,P00470,鳥取大学医学部附属病院,多血小板血漿（PRP）を用いた変形性関節症治療,https://saiseiiryo.mhlw.go.jp/published_plan/download/03F2509002/5/0
alias_or_wording_candidate,strong_msk,2,広島県,医療法人かたひざこしのクリニック 福山かた・ひざ・こしのクリニック,福山市神辺町大字新湯野74-18,自家多血小板血漿（Platelet-rich plasma：PRP）を用いた関節炎の治療（関節内組織）,,,,,0.976,P00482,医療法人かたひざこしのクリニック 福山かた・ひざ・こしのクリニック,自家多血小板血漿（PRP）を用いた関節炎の治療（関節内組織）,https://saiseiiryo.mhlw.go.jp/published_plan/download/01F2108002/5/0
alias_or_wording_candidate,strong_msk,2,広島県,医療法人昭和 原田整形外科病院,広島市安佐南区上安2丁目15-27原田 昭,自家多血小板血漿（Platelet-Rich Plasma：PRP）を用いた慢性関節炎の治療（関節内組織）,,,,,0.9838,P00484,医療法人昭和 原田整形外科病院,自家多血小板血漿（PRP）を用いた慢性関節炎の治療（関節内組織）,https://saiseiiryo.mhlw.go.jp/published_plan/download/01F2604005/5/0
alias_or_wording_candidate,strong_msk,2,広島県,医療法人社団成和会　うたのはら整形外科クリニック,東広島市西条町寺家5284-1,自家多血小板血漿（Platelet-rich plasma：PRP）を用いた慢性関節炎の治療（関節内組織）,,,,,0.9838,P00486,医療法人社団成和会 うたのはら整形外科クリニック,自家多血小板血漿（PRP）を用いた慢性関節炎の治療（関節内組織）,https://saiseiiryo.mhlw.go.jp/published_plan/download/01F2212005/5/0
alias_or_wording_candidate,strong_msk,2,広島県,医療法人龍樹会　池田整形外科リハビリテーションクリニック,広島市東区戸坂大上4丁目29番13号,多血小板血漿(platelet-rich plasma:PRP)を用いた変形性関節症治療,,,,,0.952,P00488,医療法人龍樹会 池田整形外科リハビリテーションクリニック,多血小板血漿（PRP）を用いた変形性関節症治療,https://saiseiiryo.mhlw.go.jp/published_plan/download/01F2309003/5/0
alias_or_wording_candidate,strong_msk,2,広島県,大田クリニック整形外科,広島市中区富士見町4-27,自家多血小板血漿（Platelet-Rich Plasma：PRP）を用いた慢性関節炎の治療（関節内組織）,,,,,0.9838,P00489,大田クリニック整形外科,自家多血小板血漿（PRP）を用いた慢性関節炎の治療（関節内組織）,https://saiseiiryo.mhlw.go.jp/published_plan/download/01F2505003/5/0
alias_or_wording_candidate,strong_msk,2,広島県,寛田クリニック,広島市南区稲荷町3番20号 トーレ稲荷町,自家多血小板血漿(Platelet rich plasma:PRP)を用いた関節機能改善治療,,,,,0.9625,P00490,寛田クリニック,自家多血小板血漿（PRP）を用いた関節機能改善治療,https://saiseiiryo.mhlw.go.jp/published_plan/download/02F2509001/5/0
alias_or_wording_candidate,strong_msk,2,広島県,広島大学病院,広島市南区霞一丁目２番３号,自家多血小板血漿（Platelet-rich plasma：PRP）を用いた関節内組織損傷に対する治療,,,,,0.9838,P00491,広島大学病院,自家多血小板血漿（PRP）を用いた関節内組織損傷に対する治療,https://saiseiiryo.mhlw.go.jp/published_plan/download/02F2604001/5/0
alias_or_wording_candidate,strong_msk,2,広島県,社会医療法人里仁会　興生総合病院,三原市円一町2丁目5番1号,多血小板血漿（Platelet-rich plasma：PRP）を用いた変形性関節症治療,,,,,0.952,P00493,社会医療法人里仁会 興生総合病院,多血小板血漿（PRP）を用いた変形性関節症治療,https://saiseiiryo.mhlw.go.jp/published_plan/download/03F2511003/5/0
alias_or_wording_candidate,strong_msk,2,山口県,医療法人社団　宇部興産中央病院,宇部市大字西岐波750番地,自家多血小板血漿（Platelet-rich plasma：PRP）を用いた慢性関節炎の治療（関節内組織）,,,,,0.9838,P00497,医療法人社団 宇部興産中央病院,自家多血小板血漿（PRP）を用いた慢性関節炎の治療（関節内組織）,https://saiseiiryo.mhlw.go.jp/published_plan/download/01F2206003/5/0
alias_or_wording_candidate,strong_msk,2,山口県,山口県厚生農業協同組合連合会　小郡第一総合病院,山口市小郡中央通8番11号,多血小板血漿（Platelet-rich plasma：PRP）を用いた変形性関節症治療,,,,,0.952,P00501,山口県厚生農業協同組合連合会 小郡第一総合病院,多血小板血漿（PRP）を用いた変形性関節症治療,https://saiseiiryo.mhlw.go.jp/published_plan/download/03F2602001/5/0
alias_or_wording_candidate,strong_msk,2,香川県,医療法人弘仁会　三条整形外科スポーツクリニック,高松市三条町482-1,自家多血小板血漿（Platelet-rich plasma：PRP）を用いた整形外科手術（骨・関節内組織）,,,,,0.98,P00511,医療法人弘仁会 三条整形外科スポーツクリニック,自家多血小板血漿（PRP）を用いた整形外科手術（骨・関節内組織）,https://saiseiiryo.mhlw.go.jp/published_plan/download/01F2207002/5/0
alias_or_wording_candidate,strong_msk,2,香川県,医療法人弘仁会　三条整形外科スポーツクリニック,高松市三条町482-1,自家多血小板血漿（Platelet-rich plasma：PRP）を用いた慢性関節炎の治療（関節内組織）,,,,,0.9838,P00512,医療法人弘仁会 三条整形外科スポーツクリニック,自家多血小板血漿（PRP）を用いた慢性関節炎の治療（関節内組織）,https://saiseiiryo.mhlw.go.jp/published_plan/download/01F2207003/5/0
alias_or_wording_candidate,strong_msk,2,香川県,社会医療法人財団 大樹会 総合病院 回生病院,坂出市室町三丁目5番28号,多血小板血漿（Platelet-rich plasma：PRP）を用いた関節痛、変形性関節症治療,,,,,0.9673,P00516,社会医療法人財団 大樹会 総合病院 回生病院,多血小板血漿（PRP）を用いた関節痛、変形性関節症治療,https://saiseiiryo.mhlw.go.jp/published_plan/download/03F2403002/5/0
alias_or_wording_candidate,strong_msk,2,香川県,香川県厚生農業協同組合連合会屋島総合病院,高松市屋島西町2105番17,自家多血小板血漿（Platelet-rich plasma：PRP）を用いた慢性関節炎の治療（関節内組織）,,,,,0.9838,P00518,香川県厚生農業協同組合連合会 屋島総合病院,自家多血小板血漿（PRP）を用いた慢性関節炎の治療（関節内組織）,https://saiseiiryo.mhlw.go.jp/published_plan/download/03F2309004/5/0
alias_or_wording_candidate,strong_msk,2,香川県,高松南整形外科スポーツクリニック,高松市三名町65番,自家多血小板血漿（Platelet-rich plasma：PRP）を用いた慢性関節炎の治療（関節内組織）,,,,,0.9838,P00519,高松南整形外科スポーツクリニック,自家多血小板血漿（PRP）を用いた慢性関節炎の治療（関節内組織）,https://saiseiiryo.mhlw.go.jp/published_plan/download/01F2203001/5/0
alias_or_wording_candidate,strong_msk,2,愛媛県,医療法人　丸石整形外科医院,松山市東石井3丁目7－1,自家多血小板血漿（Platelet-Rich Plasma：PRP）を用いた慢性関節炎の治療（関節内組織）,,,,,0.9838,P00523,医療法人 丸石整形外科医院,自家多血小板血漿（PRP）を用いた慢性関節炎の治療（関節内組織）,https://saiseiiryo.mhlw.go.jp/published_plan/download/01F2508003/5/0
alias_or_wording_candidate,strong_msk,2,愛媛県,医療法人　鎌野病院,宇和島市広小路2-49,自家多血小板血漿（Platelet-rich plasma：PRP）を用いた慢性関節炎の治療（関節内組織）,,,,,0.9838,P00524,医療法人 鎌野病院,自家多血小板血漿（PRP）を用いた慢性関節炎の治療（関節内組織）,https://saiseiiryo.mhlw.go.jp/published_plan/download/03F2606001/5/0
alias_or_wording_candidate,strong_msk,2,愛媛県,"医療法人大野醫院
おおの整形外科内科医院",松山市土居田町424-1,"自家多血小板血漿（Platelet-Rich Plasma：PRP）を用いた
慢性関節炎の治療（関節内組織）",,,,,0.9838,P00525,医療法人大野醫院 おおの整形外科内科医院,自家多血小板血漿（PRP）を用いた慢性関節炎の治療（関節内組織）,https://saiseiiryo.mhlw.go.jp/published_plan/download/01F2501001/5/0
alias_or_wording_candidate,strong_msk,2,愛媛県,社会医療法人石川記念会　HITO病院,四国中央市上分町788番地1,多血小板血漿（Platelet-rich plasma：PRP）を用いた変形性関節症治療,,,,,0.952,P00528,社会医療法人石川記念会 HITO病院,多血小板血漿（PRP）を用いた変形性関節症治療,https://saiseiiryo.mhlw.go.jp/published_plan/download/03F2405001/5/0
alias_or_wording_candidate,strong_msk,2,高知県,独立行政法人地域医療機能推進機構　高知西病院,高知市神田317-12,多血小板血漿（Platelet-rich plasma：PRP）を用いた変形性関節症治療,,,,,0.952,P00538,独立行政法人地域医療機能推進機構 高知西病院,多血小板血漿（PRP）を用いた変形性関節症治療,https://saiseiiryo.mhlw.go.jp/published_plan/download/03F2603001/5/0
alias_or_wording_candidate,strong_msk,2,高知県,細木病院,高知市大膳町37番地,自家多血小板血漿(Platelet-rich plasma:PRP)を用いた関節機能改善治療,,,,,0.9625,P00540,細木病院,自家多血小板血漿（PRP）を用いた関節機能改善治療,https://saiseiiryo.mhlw.go.jp/published_plan/download/03F2207002/5/0
alias_or_wording_candidate,strong_msk,2,福岡県,とも整形外科スポーツクリニック,福岡市博多区豊1丁目4番32号,自家多血小板血漿（Platelet-rich plasma：PRP）を用いた慢性関節炎の治療（関節内組織）,,,,,0.858,P00882,医療法人TSC タケダスポーツ・ビューティークリニック,自家多血小板血漿（Platelet-rich plasma：PRP）を用いた慢性関節炎の治療（関節内組織）,https://saiseiiryo.mhlw.go.jp/published_plan/download/01G2001007/5/0
alias_or_wording_candidate,strong_msk,2,福岡県,医療法人HMC　ブレインメディカルクリニック博多,福岡市博多区堅粕4丁目26-7,自家多血小板血漿（Platelet-rich plasma：PRP）を用いた慢性関節炎の治療（関節内組織）,,,,,0.8617,P00882,医療法人TSC タケダスポーツ・ビューティークリニック,自家多血小板血漿（Platelet-rich plasma：PRP）を用いた慢性関節炎の治療（関節内組織）,https://saiseiiryo.mhlw.go.jp/published_plan/download/01G2408005/5/0
alias_or_wording_candidate,strong_msk,2,福岡県,医療法人NEO まなべ整形外科クリニック,福岡市西区愛宕4丁目14-22,自家多血小板血漿（Platelet-Rich Plasma：PRP）を用いた慢性関節炎の治療（関節内組織）,,,,,0.84,P00882,医療法人TSC タケダスポーツ・ビューティークリニック,自家多血小板血漿（Platelet-rich plasma：PRP）を用いた慢性関節炎の治療（関節内組織）,https://saiseiiryo.mhlw.go.jp/published_plan/download/01G2505003/5/0
alias_or_wording_candidate,strong_msk,2,福岡県,医療法人再生会 セルメディカルチームジャパン,福岡市博多区博多駅前3丁目30-15 ライオンズマンション博多1階,自己脂肪組織由来間葉系幹細胞による関節症治療,,,,,0.9408,P00547,医療法人再生会 セルメディカルチームジャパン,自家脂肪組織由来の培養間葉系幹細胞を用いた関節疾患の治療,https://saiseiiryo.mhlw.go.jp/published_plan/download/01G2403010/5/0
alias_or_wording_candidate,strong_msk,2,福岡県,"医療法人斉良会　　　　　　　　　
うらはし整形外科クリニック",北九州市八幡西区下上津役4-13-10,自己脂肪由来幹細胞を用いた変形性関節症の治療,,,,,0.9176,P00553,うらはし整形外科クリニック,自家脂肪由来幹細胞を用いた変形性関節症治療,https://saiseiiryo.mhlw.go.jp/published_plan/download/03G2406014/5/0
alias_or_wording_candidate,strong_msk,2,福岡県,医療法人松口整形外科クリニック,福岡市早良区西新4丁目9-35　真栄ビル3F,自家多血小板血漿（Platelet-rich plasma：PRP）を用いた慢性関節炎の治療（関節内組織）,,,,,0.858,P00882,医療法人TSC タケダスポーツ・ビューティークリニック,自家多血小板血漿（Platelet-rich plasma：PRP）を用いた慢性関節炎の治療（関節内組織）,https://saiseiiryo.mhlw.go.jp/published_plan/download/03G2604003/5/0
alias_or_wording_candidate,strong_msk,2,福岡県,"医療法人香華会
Re:Born Clinic 本院",福岡市東区香椎照葉3-4-10,自己脂肪由来幹細胞を用いた変形性関節症の治療,,,,,1.0,P00565,Re:Born Clinic 本院,自己脂肪由来幹細胞を用いた変形性関節症の治療,https://saiseiiryo.mhlw.go.jp/published_plan/download/03G2508016/5/0|https://saiseiiryo.mhlw.go.jp/published_plan/download/03G2508016/5/1|https://saiseiiryo.mhlw.go.jp/published_plan/download/03G2508016/5/2
alias_or_wording_candidate,strong_msk,2,福岡県,"医療法人香華会
Re:Born Clinic 本院",福岡市東区香椎照葉3-4-10,自己脂肪由来幹細胞と自己前骨芽細胞分化誘導上清液を用いた変形性関節症の治療,,,,,0.9236,P00566,Re:Born Clinic 本院,自己脂肪由来幹細胞と自己前骨分化誘導培養上清液を用いた変形性関節症の治療,https://saiseiiryo.mhlw.go.jp/published_plan/download/03G2508026/5/0|https://saiseiiryo.mhlw.go.jp/published_plan/download/03G2508026/5/1|https://saiseiiryo.mhlw.go.jp/published_plan/download/03G2508026/5/2
alias_or_wording_candidate,strong_msk,2,福岡県,"医療法人香華会
Re:Born Clinic 本院",福岡市東区香椎照葉3-4-10,多血小板血漿を用いた変形性関節症の治療,,,,,0.934,P00567,Re:Born Clinic 本院,自家多血小板血漿を用いた変形性関節症の治療,https://saiseiiryo.mhlw.go.jp/published_plan/download/03G2509014/5/0|https://saiseiiryo.mhlw.go.jp/published_plan/download/03G2509014/5/1|https://saiseiiryo.mhlw.go.jp/published_plan/download/03G2509014/5/2
alias_or_wording_candidate,strong_msk,2,福岡県,櫛田学整形外科クリニック,糸島市波多江268番4,自家多血小板血漿（Platelet-rich plasma：PRP）を用いた慢性関節炎の治療（関節内組織）,,,,,0.9333,P00570,櫛田学整形外科クリニック,自家多血小板血漿（PRP）を用いた慢性関節炎の治療,https://saiseiiryo.mhlw.go.jp/published_plan/download/01G2107003/5/0
alias_or_wording_candidate,strong_msk,2,佐賀県,地方独立行政法人佐賀県医療センター好生館,佐賀市嘉瀬町大字中原４００番地,自己多血小板血漿(PRP)を用いた慢性関節炎の治療,,,,,0.9157,P00577,佐賀県医療センター好生館,自家多血小板血漿（PRP）を用いた慢性関節炎の治療,https://saiseiiryo.mhlw.go.jp/published_plan/download/01G2403007/5/0
alias_or_wording_candidate,strong_msk,2,大分県,仙波整形外科,大分市二又町1丁目3番27号,自家多血小板血漿（Platelet-rich plasma：PRP）を用いた慢性関節炎の治療（関節内組織）,,,,,0.9333,P00588,仙波整形外科,自家多血小板血漿（PRP）を用いた慢性関節炎の治療,https://saiseiiryo.mhlw.go.jp/published_plan/download/01G2101005/5/0
alias_or_wording_candidate,strong_msk,3,栃木県,医療法人一燈会 かみもとスポーツクリニック,佐野市高萩町1315－8,四肢の靭帯、筋腱付着部およびスポーツ傷害（筋・腱・靭帯）を対象とした自家多血小板血漿（PRP）注入療法,,,,,1.0,P00096,医療法人一燈会 かみもとスポーツクリニック,四肢の靭帯、筋腱付着部およびスポーツ傷害を対象とした自家多血小板血漿（PRP）注入療法,https://saiseiiryo.mhlw.go.jp/published_plan/download/01C2302004/5/0|https://saiseiiryo.mhlw.go.jp/published_plan/download/01C2302004/5/1
alias_or_wording_candidate,strong_msk,3,栃木県,医療法人俊紅会　那須高原クリニック,那須塩原市唐杉31-2,四肢の靭帯、筋腱付着部およびスポーツ傷害（筋・腱・靭帯）を対象とした自家多血小板血漿（PRP）注入療法,,,,,1.0,P00097,医療法人俊紅会 那須高原クリニック,四肢の靭帯、筋腱付着部およびスポーツ傷害を対象とした自家多血小板血漿（PRP）注入療法,https://saiseiiryo.mhlw.go.jp/published_plan/download/01C2309055/5/0
alias_or_wording_candidate,strong_msk,3,群馬県,ぐんまスポーツ整形外科,前橋市宮地町57-2,自家多血小板血漿（Platelet-rich plasma：PRP）を用いた筋肉、腱、靭帯、筋膜の損傷及び慢性炎症の治療（関節外の軟部組織）,,,,,1.0,P00335,ぐんまスポーツ整形外科,自家多血小板血漿（PRP）を用いた筋肉、腱、靭帯、筋膜の損傷及び慢性炎症の治療（関節外の軟部組織）,https://saiseiiryo.mhlw.go.jp/published_plan/download/01C2203028/5/0
alias_or_wording_candidate,strong_msk,3,埼玉県,医療法人社団 鴻愛会 with Life クリニック 大宮駅前,さいたま市大宮区桜木町1丁目133番地2　メインKビル 2階3階4階,自家多血小板血漿（Platelet-Rich Plasma：PRP）を用いた筋肉、腱、靭帯、筋膜の損傷及び慢性炎症の治療（関節外の軟部組織）,,,,,0.9651,P00128,医療法人社団 鴻愛会 with Life クリニック 大宮駅前,自家多血小板血漿（PRP）を用いた筋肉、腱、靭帯、筋膜の損傷及び慢性炎症の治療,https://saiseiiryo.mhlw.go.jp/published_plan/download/01C2506019/5/0
alias_or_wording_candidate,strong_msk,3,埼玉県,医療法人社団　宏志会　豊岡第一病院,入間市大字黒須1369-3,整形外科領域における多血小板血漿（Platelet-rich plasma：PRP）を用いた関節外靭帯損傷、腱付着部炎および筋断裂の修復,,,,,0.9856,P00131,医療法人社団 宏志会 豊岡第一病院,整形外科領域におけるPRPを用いた関節外靭帯損傷、腱付着部炎および筋断裂の修復,https://saiseiiryo.mhlw.go.jp/published_plan/download/03C2002011/5/0
alias_or_wording_candidate,strong_msk,3,千葉県,"医療法人社団オルソプラス
むらた整形外科",八千代市大和田新田99,自家多血小板血漿（Platelet-rich plasma：PRP）を用いた筋肉、腱、靭帯、筋膜の損傷及び慢性炎症の治療（関節外の軟部組織）,,,,,0.9651,P00152,医療法人社団オルソプラス むらた整形外科,自家多血小板血漿（PRP）を用いた筋肉、腱、靭帯、筋膜の損傷及び慢性炎症の治療,https://saiseiiryo.mhlw.go.jp/published_plan/download/01C2409052/5/0
alias_or_wording_candidate,strong_msk,3,千葉県,医療法人社団志高会たてやま整形外科クリニック,館山市安布里229,自家多血小板血漿（Platelet-rich plasma：PRP）を用いた筋肉、腱、靭帯、筋膜の損傷及び慢性炎症の治療（関節外の軟部組織）,,,,,0.9651,P00154,医療法人社団志高会 たてやま整形外科クリニック,自家多血小板血漿（PRP）を用いた筋肉、腱、靭帯、筋膜の損傷及び慢性炎症の治療,https://saiseiiryo.mhlw.go.jp/published_plan/download/01C2312003/5/0
alias_or_wording_candidate,strong_msk,3,千葉県,医療法人社団明敬会重城病院,木更津市万石341-1,多血小板血漿(PRP)を用いた四肢の靭帯、筋腱付着部、およびスポーツ障害（関節内を除く）の治療,,,,,1.0,P00156,医療法人社団明敬会 重城病院,多血小板血漿（PRP）を用いた四肢の靭帯、筋腱付着部、およびスポーツ障害の治療,https://saiseiiryo.mhlw.go.jp/published_plan/download/03C2207034/5/0
alias_or_wording_candidate,strong_msk,3,東京都,AR-Ex尾山台整形外科,世田谷区等々力四丁目13番1号,"自家多血小板血漿（Platelet-rich plasma：PRP）を用いた
筋肉、腱、靭帯、筋膜の損傷及び慢性炎症の治療（関節外の軟部組織）",,,,,1.0,P00302,AR-Ex尾山台整形外科,自家多血小板血漿（PRP）を用いた筋肉、腱、靭帯、筋膜の損傷及び慢性炎症の治療（関節外の軟部組織）,https://saiseiiryo.mhlw.go.jp/published_plan/download/01C2503075/5/0
alias_or_wording_candidate,strong_msk,3,東京都,TAO Clinic,調布市富士見町1丁目6-2 TAOビル2階,自家多血小板血漿（Platelet-Rich Plasma：PRP）を用いた筋肉、腱、靭帯、筋膜の損傷及び慢性炎症の治療（関節外の軟部組織）,,,,,1.0,P00306,TAO Clinic,自家多血小板血漿（PRP）を用いた筋肉、腱、靭帯、筋膜の損傷及び慢性炎症の治療（関節外の軟部組織）,https://saiseiiryo.mhlw.go.jp/published_plan/download/01C2602015/5/0
alias_or_wording_candidate,strong_msk,3,東京都,ガーデンクリニック ザ・ホワイトデンタルクリニック 品川院,港区高輪4丁目24番58号 サマセット品川東京2階,自家多血小板血漿（Platelet-rich plasma：PRP）を用いた筋肉、腱、靭帯、筋膜の損傷及び慢性炎症の治療（関節外の軟部組織）,,,,,1.0,P00307,ガーデンクリニック ザ・ホワイトデンタルクリニック 品川院,自家多血小板血漿（PRP）を用いた筋肉、腱、靭帯、筋膜の損傷及び慢性炎症の治療（関節外の軟部組織）,https://saiseiiryo.mhlw.go.jp/published_plan/download/03C2110022/5/0
alias_or_wording_candidate,strong_msk,3,東京都,"トウキョウ　メディカル　エンド　サージカ
ル　クリニック",港区芝公園3-4-30　32芝公園ビル2F,多血小板血漿（Platelet Rich Plasma)を使用した靭帯・腱および腱付着部の炎症治療、組織修復による疼痛改善治療,,,,,1.0,P00180,トウキョウ メディカル エンド サージカル クリニック,多血小板血漿（PRP）を使用した靭帯・腱および腱付着部の炎症治療、組織修復による疼痛改善治療,https://saiseiiryo.mhlw.go.jp/published_plan/download/02C1912182/5/0|https://saiseiiryo.mhlw.go.jp/published_plan/download/02C1912182/5/1
alias_or_wording_candidate,strong_msk,3,東京都,一般社団法人SOL　SOL整形外科世田谷スポーツクリニック,世田谷区中町４丁目１４-１１,多血小板血漿（Platelet-rich plasma : PRP)を用いた整形外科領域における軟部組織治療,,,,,0.9874,P00301,一般社団法人SOL SOL整形外科世田谷スポーツクリニック,多血小板血漿（PRP）を用いた整形外科領域における軟部組織治療,https://saiseiiryo.mhlw.go.jp/published_plan/download/01C2206037/5/0
alias_or_wording_candidate,strong_msk,3,東京都,一般社団法人東京LAB 高輪ゲートウェイ駅前整形外科クリニック,港区高輪2丁目22番1号 THE LINKPILLAR2 5階,多血小板血漿（Platelet-rich plasma : PRP)を用いた整形外科領域における軟部組織治療,,,,,0.9874,P00295,一般社団法人東京LAB 高輪ゲートウェイ駅前整形外科クリニック,多血小板血漿（PRP）を用いた整形外科領域における軟部組織治療,https://saiseiiryo.mhlw.go.jp/published_plan/download/01C2601048/5/0
alias_or_wording_candidate,strong_msk,3,東京都,一般社団法人東京リライフ　東京リライフクリニック,中央区銀座７丁目８番6号  TORAYA・Ginza・Building6～8階,四肢の筋・腱・靱帯及びその付着部の傷害を対象とした多血小板血漿Platelet Rich Plasma（PRP）注入療法,,,,,0.96,P00181,一般社団法人東京リライフ 東京リライフクリニック,四肢の筋・腱・靱帯及びその付着部の傷害を対象としたPRP注入療法,https://saiseiiryo.mhlw.go.jp/published_plan/download/03C2603002/5/0
alias_or_wording_candidate,strong_msk,3,東京都,三宿通り整形外科クリニック,世田谷区池尻1-7-5　三井ビル1階,自家多血小板血漿（Platelet-rich plasma：PRP）を用いた筋肉、腱、靭帯、筋膜の損傷及び慢性炎症の治療（関節外の軟部組織）,,,,,0.9651,P00182,三宿通り整形外科クリニック,自家多血小板血漿（PRP）を用いた筋肉、腱、靭帯、筋膜の損傷及び慢性炎症の治療,https://saiseiiryo.mhlw.go.jp/published_plan/download/01C2308050/5/0
alias_or_wording_candidate,strong_msk,3,東京都,上石神井オチクリニック整形外科,練馬区上石神井2丁目1-16上石神井メディカルビレッジB棟2階,自己多血小板血漿(PRP)療法（治療対象：筋・腱・靭帯損傷）,,,,,1.0,P00184,上石神井オチクリニック整形外科,自己多血小板血漿（PRP）療法（筋・腱・靭帯損傷）,https://saiseiiryo.mhlw.go.jp/published_plan/download/02C2601090/5/0
alias_or_wording_candidate,strong_msk,3,東京都,"医療法人さくら会
銀座NANAクリニック","中央区銀座七丁目６番２号
石井ビル５階",PRP(多血小板血漿Platelet Rich Plasma)を用いて筋、腱、靭帯および筋-腱付着部損傷による疾患の治療を目的とした再生医療,,,,,0.9882,P00185,医療法人さくら会 銀座NANAクリニック,PRPを用いて筋、腱、靭帯および筋-腱付着部損傷による疾患の治療を目的とした再生医療,https://saiseiiryo.mhlw.go.jp/published_plan/download/01C2307044/5/0
alias_or_wording_candidate,strong_msk,3,東京都,医療法人社団 医生会　わせだ整形外科,狛江市東野川2-20-5-102,自家多血小板血漿（Platelet-rich plasma：PRP）を用いた筋肉、腱、靭帯、筋膜の損傷及び慢性炎症の治療（関節外の軟部組織）,,,,,1.0,P00309,医療法人社団医生会 わせだ整形外科,自家多血小板血漿（PRP）を用いた筋肉、腱、靭帯、筋膜の損傷及び慢性炎症の治療（関節外の軟部組織）,https://saiseiiryo.mhlw.go.jp/published_plan/download/02C2606061/5/0
alias_or_wording_candidate,strong_msk,3,東京都,医療法人社団ARen　大森整形外科,大田区大森北１−２−２ 福和ビル４階,整形外科領域におけるPRP（多血小板血漿）治療（血流部位への投与）,,,,,1.0,P00186,医療法人社団ARen 大森整形外科,整形外科領域におけるPRP治療（血流部位への投与）,https://saiseiiryo.mhlw.go.jp/published_plan/download/03C2309035/5/0
alias_or_wording_candidate,strong_msk,3,東京都,医療法人社団BODHI Dr.KAKUKOスポーツクリニック,渋谷区猿楽町９−８　アーバンパーク代官山Ⅱ１１１号,自己多血小板血漿（PRP）療法を用いた腱炎、腱付着部炎（アキレス腱炎、肩関節腱板炎、上腕骨外側上顆炎）に対する整形療法,,,,,0.9867,P00187,医療法人社団BODHI Dr.KAKUKOスポーツクリニック,自己多血小板血漿（PRP）療法を用いた腱炎、腱付着部炎に対する整形療法,https://saiseiiryo.mhlw.go.jp/published_plan/download/01C1912059/5/0
alias_or_wording_candidate,strong_msk,3,東京都,"医療法人社団M-TAC
文京整形外科","文京区千石1-27-8
千石ビル3階",自家多血小板血漿（Platelet-Rich Plasma：PRP）を用いた筋肉、腱、靭帯、筋膜の損傷及び慢性炎症の治療（関節外の軟部組織）,,,,,0.9651,P00188,医療法人社団M-TAC 文京整形外科,自家多血小板血漿（PRP）を用いた筋肉、腱、靭帯、筋膜の損傷及び慢性炎症の治療,https://saiseiiryo.mhlw.go.jp/published_plan/download/01C2503017/5/0
alias_or_wording_candidate,strong_msk,3,東京都,医療法人社団小﨑会　常盤台らいおん整形外科,板橋区常盤台１－４４－１－１０３,多血小板血漿（PRP）を用いた筋、腱、靭帯への治療,,,,,0.8961,P00209,医療法人社団アーツメディック さかい整形外科,多血小板血漿（PRP）を用いた筋、腱、靭帯への治療,https://saiseiiryo.mhlw.go.jp/published_plan/download/03C2305005/5/0|https://saiseiiryo.mhlw.go.jp/published_plan/download/03C2305005/5/1|https://saiseiiryo.mhlw.go.jp/published_plan/download/03C2305005/5/2
alias_or_wording_candidate,strong_msk,3,東京都,医療法人社団慶優会　増本整形外科クリニック,杉並区荻窪５−３０−１７,多血小板血漿を用いた靭帯・腱及び腱付着部の機能障害・疾患の治療,,,,,0.8741,P00183,三軒茶屋整形外科・スポーツクリニック,多血小板血漿を用いた靭帯・腱及び腱付着部の機能障害・疾患の治療,https://saiseiiryo.mhlw.go.jp/published_plan/download/03C2405010/5/0
alias_or_wording_candidate,strong_msk,3,東京都,医療法人社団高賢会　安田整形外科,大田区蒲田4丁目18番10号,自家多血小板血漿（PRP）を用いた筋肉、腱、靭帯、筋膜の損傷及び慢性炎症の治療（関節外の軟部組織）,,,,,0.9723,P00309,医療法人社団医生会 わせだ整形外科,自家多血小板血漿（PRP）を用いた筋肉、腱、靭帯、筋膜の損傷及び慢性炎症の治療（関節外の軟部組織）,https://saiseiiryo.mhlw.go.jp/published_plan/download/03C2310050/5/0
alias_or_wording_candidate,strong_msk,3,東京都,東京城南整形外科,目黒区自由が丘2-22-22　シフォンコート自由が丘1・2階,四肢の筋・腱・靱帯及びその付着部の傷害を対象とした自家多血小板血漿（PRP）注入療法,,,,,1.0,P00298,東京城南整形外科,四肢の靭帯、筋腱付着部およびスポーツ傷害を対象とした自家多血小板血漿（PRP）注入療法,https://saiseiiryo.mhlw.go.jp/published_plan/download/02C2603015/5/0
alias_or_wording_candidate,strong_msk,3,東京都,"社会医療法人社団東京巨樹の会
東京品川病院",品川区東大井6丁目3-22,自家多血小板血漿（Platelet-Rich Plasma：PRP）を用いた筋肉、腱、靭帯、筋膜の損傷及び慢性炎症の治療（関節外の軟部組織）,,,,,1.0,P00310,社会医療法人社団東京巨樹の会 東京品川病院,自家多血小板血漿（PRP）を用いた筋肉、腱、靭帯、筋膜の損傷及び慢性炎症の治療（関節外の軟部組織）,https://saiseiiryo.mhlw.go.jp/published_plan/download/03C2604051/5/0|https://saiseiiryo.mhlw.go.jp/published_plan/download/03C2604051/5/1|https://saiseiiryo.mhlw.go.jp/published_plan/download/03C2604051/5/2
alias_or_wording_candidate,strong_msk,3,東京都,祐天寺整形外科クリニック,"目黒区祐天寺2-8-16
祐天寺K･I･Tビル2階",多血小板血漿(PRP)の投与によるスポーツ外傷を含む筋、腱、靱帯損傷治療,,,,,0.9331,P00305,SBC整形外科クリニック西新宿本院,多血小板血漿（PRP）の投与によるスポーツ外傷を含む筋、腱、靱帯損傷治療,https://saiseiiryo.mhlw.go.jp/published_plan/download/03C2310002/5/0|https://saiseiiryo.mhlw.go.jp/published_plan/download/03C2310002/5/1
alias_or_wording_candidate,strong_msk,3,神奈川県,さこ整形外科・リハビリテーション科,秦野市大秦町2-16クリエイトエス・ディー秦野大秦町店2F,四肢の筋・腱・靱帯及びその付着部の傷害を対象とした自家多血小板血漿（PRP）注入療法,,,,,0.9324,P00207,湘南台まつえ整形外科・内科・リハビリテーションクリニック,四肢の筋・腱・靱帯及びその付着部の傷害を対象とした自家多血小板血漿（PRP）注入療法,https://saiseiiryo.mhlw.go.jp/published_plan/download/01C2605012/5/0|https://saiseiiryo.mhlw.go.jp/published_plan/download/01C2605012/5/1
alias_or_wording_candidate,strong_msk,3,神奈川県,一般社団法人SOL　SOL整形外科鷺沼スポーツクリニック,川崎市宮前区東有馬5-1-2メディカルプラザD2F 3F,多血小板血漿（Platelet-rich plasma : PRP)を用いた整形外科領域における軟部組織治療,,,,,0.9874,P00625,一般社団法人SOL SOL整形外科鷺沼スポーツクリニック,多血小板血漿（PRP）を用いた整形外科領域における軟部組織治療,https://saiseiiryo.mhlw.go.jp/published_plan/download/01C2206039/5/0
alias_or_wording_candidate,strong_msk,3,神奈川県,弘明寺整形外科リハビリテーションクリニック,横浜市南区六ツ川1-81 FHCビル3階,自家多血小板血漿（Platelet-Rich Plasma：PRP）を用いた筋肉、腱、靭帯、筋膜の損傷及び慢性炎症の治療（関節外の軟部組織）,,,,,0.9651,P00206,弘明寺整形外科リハビリテーションクリニック,自家多血小板血漿（PRP）を用いた筋肉、腱、靭帯、筋膜の損傷及び慢性炎症の治療,https://saiseiiryo.mhlw.go.jp/published_plan/download/01C2502024/5/0
alias_or_wording_candidate,strong_msk,3,新潟県,医療法人社団おおたに整形外科クリニック,三条市一ノ門2-1-7,自家多血小板血漿（PRP）を用いた筋腱付着部およびスポーツ傷害（筋・腱・靭帯）の治療,,,,,0.8894,P00737,医療法人社団おおたに整形外科クリニック,多血小板血漿（PRP）の投与によるスポーツ外傷を含む筋、腱、靱帯損傷治療,https://saiseiiryo.mhlw.go.jp/published_plan/download/01C2605008/5/0
alias_or_wording_candidate,strong_msk,3,新潟県,医療法人社団間庭整形外科医院,新潟市東区山木戸8丁目9-37,自家多血小板血漿（Platelet-Rich Plasma：PRP）を用いた筋肉、腱、靭帯、筋膜の損傷及び慢性炎症の治療（関節外の軟部組織）,,,,,1.0,P00338,医療法人社団間庭整形外科医院,自家多血小板血漿（PRP）を用いた筋肉、腱、靭帯、筋膜の損傷及び慢性炎症の治療（関節外の軟部組織）,https://saiseiiryo.mhlw.go.jp/published_plan/download/01C2511051/5/0
alias_or_wording_candidate,strong_msk,3,石川県,医療法人EKOC 東金沢整形外科クリニック,石川県金沢市三池栄町323,四肢の靭帯、筋腱付着部およびスポーツ傷害(筋・腱・靭帯)を対象とした自家多血小板血漿(自家PRP)注入療法,,,,,1.0,P00739,医療法人EKOC 東金沢整形外科クリニック,四肢の靭帯、筋腱付着部およびスポーツ傷害（筋・腱・靭帯）を対象とした自家多血小板血漿（PRP）注入療法,https://saiseiiryo.mhlw.go.jp/published_plan/download/01D2407009/5/0|https://saiseiiryo.mhlw.go.jp/published_plan/download/01D2407009/5/1|https://saiseiiryo.mhlw.go.jp/published_plan/download/01D2407009/5/2
alias_or_wording_candidate,strong_msk,3,石川県,"医療法人社団みやた整形外科
みやた整形外科",白山市新田町217番地1,自家多血小板血漿（Platelet-Rich Plasma：PRP）を用いた筋肉、腱、靭帯、筋膜の損傷及び慢性炎症の治療（関節外の軟部組織）,,,,,1.0,P00629,医療法人社団みやた整形外科 みやた整形外科,自家多血小板血漿（PRP）を用いた筋肉、腱、靭帯、筋膜の損傷及び慢性炎症の治療（関節外の軟部組織）,https://saiseiiryo.mhlw.go.jp/published_plan/download/01D2503002/5/0
alias_or_wording_candidate,strong_msk,3,石川県,特定医療法人社団勝木会　やわたメディカルセンター,小松市八幡イ１２番地７,自家多血小板血漿（Platelet-rich plasma：PRP）を用いた筋肉、腱、靭帯、筋膜の損傷及び慢性炎症の治療（関節外の軟部組織）,,,,,1.0,P00340,特定医療法人社団勝木会 やわたメディカルセンター,自家多血小板血漿（PRP）を用いた筋肉、腱、靭帯、筋膜の損傷及び慢性炎症の治療（関節外の軟部組織）,https://saiseiiryo.mhlw.go.jp/published_plan/download/01D2405007/5/0
alias_or_wording_candidate,strong_msk,3,福井県,医療法人Eternabloom　さくら通り整形外科クリニック,福井市日之出4-11-17,自家多血小板血漿（Platelet-Rich Plasma：PRP）を用いた筋肉、腱、靭帯、筋膜の損傷及び慢性炎症の治療（関節外の軟部組織）,,,,,1.0,P00740,医療法人Eternabloom さくら通り整形外科クリニック,自家多血小板血漿（PRP）を用いた筋肉、腱、靭帯、筋膜の損傷及び慢性炎症の治療（関節外の軟部組織）,https://saiseiiryo.mhlw.go.jp/published_plan/download/01E2604006/5/0
alias_or_wording_candidate,strong_msk,3,福井県,春江病院,坂井市春江町針原第65号7番地,自家多血小板血漿（Platelet-rich plasma：PRP）を用いた筋肉、腱、靭帯、筋膜の損傷及び慢性炎症の治療（関節外の軟部組織）,,,,,1.0,P00341,春江病院,自家多血小板血漿（PRP）を用いた筋肉、腱、靭帯、筋膜の損傷及び慢性炎症の治療（関節外の軟部組織）,https://saiseiiryo.mhlw.go.jp/published_plan/download/03E2511007/5/0
alias_or_wording_candidate,strong_msk,3,長野県,佐久平整形外科クリニック,佐久市岩村田1311番地7,自家多血小板血漿（Platelet-Rich Plasma：PRP）を用いた筋肉、腱、靭帯、筋膜の損傷及び慢性炎症の治療（関節外の軟部組織）,,,,,1.0,P00746,佐久平整形外科クリニック,自家多血小板血漿（PRP）を用いた筋肉、腱、靭帯、筋膜の損傷及び慢性炎症の治療（関節外の軟部組織）,https://saiseiiryo.mhlw.go.jp/published_plan/download/01C2503068/5/0
alias_or_wording_candidate,strong_msk,3,長野県,医療法人弘仁会　かもいクリニック,塩尻市広丘高出2199-2,自家多血小板血漿（Platelet-rich plasma：PRP）を用いた筋肉、腱、靭帯、筋膜の損傷及び慢性炎症の治療（関節外の軟部組織）,,,,,1.0,P00346,医療法人弘仁会 かもいクリニック,自家多血小板血漿（PRP）を用いた筋肉、腱、靭帯、筋膜の損傷及び慢性炎症の治療（関節外の軟部組織）,https://saiseiiryo.mhlw.go.jp/published_plan/download/01C2210030/5/0
alias_or_wording_candidate,strong_msk,3,長野県,社会医療法人恵仁会 くろさわ病院,佐久市中込1丁目17番地８,自家多血小板血漿(Platelet-rich plasma：PRP)を用いた筋肉、腱、靭帯、筋膜の損傷及び慢性炎症の治療（関節腔外に限る）,,,,,1.0,P00748,社会医療法人恵仁会 くろさわ病院,自家多血小板血漿（PRP）を用いた筋肉、腱、靭帯、筋膜の損傷及び慢性炎症の治療（関節腔外に限る）,https://saiseiiryo.mhlw.go.jp/published_plan/download/01C2408006/5/0
alias_or_wording_candidate,strong_msk,3,長野県,長野県立信州医療センター,須坂市大字須坂1332,自家多血小板血漿（Platelet-rich plasma：PRP）を用いた筋肉、腱、靭帯、筋膜の損傷及び慢性炎症の治療（関節外の軟部組織）,,,,,1.0,P00750,長野県立信州医療センター,自家多血小板血漿（PRP）を用いた筋肉、腱、靭帯、筋膜の損傷及び慢性炎症の治療（関節外の軟部組織）,https://saiseiiryo.mhlw.go.jp/published_plan/download/03C2606030/5/0
alias_or_wording_candidate,strong_msk,3,岐阜県,Radiant Clinic,多治見市本町1丁目122番地　プラティ多治見3F,自家多血小板血漿（Platelet-Rich Plasma：PRP）を用いた筋肉、腱、靭帯、筋膜の損傷及び慢性炎症の治療（関節外の軟部組織）,,,,,1.0,P00751,Radiant Clinic,自家多血小板血漿（PRP）を用いた筋肉、腱、靭帯、筋膜の損傷及び慢性炎症の治療（関節外の軟部組織）,https://saiseiiryo.mhlw.go.jp/published_plan/download/01D2506002/5/0
alias_or_wording_candidate,strong_msk,3,岐阜県,公立学校共済組合 東海中央病院,各務原市蘇原東島町４丁目６番地２,自家多血小板血漿（Platelet-rich plasma：PRP）を用いた筋肉、腱、靭帯、筋膜の損傷及び慢性炎症の治療（関節外の軟部組織）,,,,,1.0,P00752,公立学校共済組合 東海中央病院,自家多血小板血漿（PRP）を用いた筋肉、腱、靭帯、筋膜の損傷及び慢性炎症の治療（関節外の軟部組織）,https://saiseiiryo.mhlw.go.jp/published_plan/download/03D2509003/5/0|https://saiseiiryo.mhlw.go.jp/published_plan/download/03D2509003/5/1
alias_or_wording_candidate,strong_msk,3,岐阜県,森整形外科リハビリクリニック,岐阜市西改田川向137番地1,自家多血小板血漿（Platelet-rich plasma：PRP）を用いた筋肉、腱、靭帯、筋膜の損傷及び慢性炎症の治療（関節外の軟部組織）,,,,,1.0,P00753,森整形外科リハビリクリニック,自家多血小板血漿（PRP）を用いた筋肉、腱、靭帯、筋膜の損傷及び慢性炎症の治療（関節外の軟部組織）,https://saiseiiryo.mhlw.go.jp/published_plan/download/01D2109003/5/0
alias_or_wording_candidate,strong_msk,3,静岡県,富士整形外科病院,富士市錦町1丁目4-23,自家多血小板血漿(Platelet-rich plasma:PRP)を用いた筋肉、腱、靭帯、筋膜の損傷及び慢性炎症の治療（関節腔外に限る）,,,,,1.0,P00761,富士整形外科病院,自家多血小板血漿（PRP）を用いた筋肉、腱、靭帯、筋膜の損傷及び慢性炎症の治療（関節腔外に限る）,https://saiseiiryo.mhlw.go.jp/published_plan/download/02D2510005/5/0
alias_or_wording_candidate,strong_msk,3,静岡県,錦野クリニック,藤枝市青葉町2丁目1－47,多血小板血漿（Platelet-rich plasma：PRP）を用いた整形外科疾患に対する治療（血流のある部位）,,,,,0.9971,P00764,錦野クリニック,多血小板血漿（PRP）を用いた整形外科疾患に対する治療（血流のある部位）,https://saiseiiryo.mhlw.go.jp/published_plan/download/01D1903004/5/0
alias_or_wording_candidate,strong_msk,3,愛知県,リジェネレーションクリニック,名古屋市中区丸の内２丁目16-8フレア丸の内３階,自家多血小板血漿(Platelet-rich plasma:PRP)を用いた筋肉、腱、靭帯、筋膜の損傷及び慢性炎症の治療（関節腔外に限る）,,,,,1.0,P00768,リジェネレーションクリニック,自家多血小板血漿（PRP）を用いた筋肉、腱、靭帯、筋膜の損傷及び慢性炎症の治療（関節腔外に限る）,https://saiseiiryo.mhlw.go.jp/published_plan/download/01D2404004/5/0
alias_or_wording_candidate,strong_msk,3,愛知県,医療法人紫雪会　えさき整形外科リウマチ科,名古屋市南区鶴田一丁目7番26号,多血小板血漿(PRP)の投与によるスポーツ外傷を含む筋、腱、靱帯損傷治療,,,,,0.9028,P00354,医療法人 豊田整形外科,多血小板血漿（PRP）の投与によるスポーツ外傷を含む筋、腱、靱帯損傷治療,https://saiseiiryo.mhlw.go.jp/published_plan/download/01D1907003/5/0|https://saiseiiryo.mhlw.go.jp/published_plan/download/01D1907003/5/1
alias_or_wording_candidate,strong_msk,3,愛知県,"医療法人絢南会　　
かすがい関節・スポーツ整形外科いたみのクリニック",春日井市大手町4-7-1,四肢の靭帯、筋腱付着部およびスポーツ傷害（筋・腱・靭帯）を対象とした自家多血小板血漿（PRP）注入療法,,,,,0.86,P00355,医療法人健整会 みかわ整形外科,四肢の靭帯、筋腱付着部およびスポーツ傷害（筋・腱・靭帯）を対象とした自家多血小板血漿（PRP）注入療法,https://saiseiiryo.mhlw.go.jp/published_plan/download/01D2401002/5/0
alias_or_wording_candidate,strong_msk,3,愛知県,水谷整形外科・内科クリニック,名古屋市熱田区金山町一丁目６番３号,自己多血小板血漿（PRP）を用いた整形外科領域における軟部組織治療,,,,,0.8863,P00769,伊藤整形・内科 あいちスポーツ人工関節クリニック,自己多血小板血漿（PRP）を用いた整形外科領域における軟部組織治療,https://saiseiiryo.mhlw.go.jp/published_plan/download/01D2401004/5/0
alias_or_wording_candidate,strong_msk,3,愛知県,米田病院,名古屋市西区枇杷島1-11-5,自家多血小板血漿（Platelet-rich plasma：PRP）を用いた筋肉、腱、靭帯、筋膜の損傷及び慢性炎症の治療（関節外の軟部組織）,,,,,1.0,P00770,米田病院,自家多血小板血漿（PRP）を用いた筋肉、腱、靭帯、筋膜の損傷及び慢性炎症の治療（関節外の軟部組織）,https://saiseiiryo.mhlw.go.jp/published_plan/download/03D2604005/5/0
alias_or_wording_candidate,strong_msk,3,滋賀県,医療法人翠蓮会 とがの整形外科クリニック,守山市金森町603-1,自家多血小板血漿（Platelet-rich plasma：PRP）を用いた筋肉、腱、靭帯、筋膜の損傷及び慢性炎症の治療（関節外の軟部組織）,,,,,1.0,P00861,医療法人翠蓮会 とがの整形外科クリニック,自家多血小板血漿（PRP）を用いた筋肉、腱、靭帯、筋膜の損傷及び慢性炎症の治療（関節外の軟部組織）,https://saiseiiryo.mhlw.go.jp/published_plan/download/01E2412027/5/0
alias_or_wording_candidate,strong_msk,3,大阪府,ひらまつ整形外科　難波膝スポーツクリニック,大阪市浪速区敷津東2-6-19 そうごうメディカルモールなんば南２階,多血小板血漿を用いた整形外科領域（関節腔内への投与を除く）の治療,,,,,0.9142,P00863,医療法人健裕会 よこい整形外科 健康スポーツクリニック,多血小板血漿を用いた整形外科領域（関節腔内への投与を除く）の治療,https://saiseiiryo.mhlw.go.jp/published_plan/download/01E2605009/5/0
alias_or_wording_candidate,strong_msk,3,大阪府,アスレティックス整形外科肩膝スポーツクリニック,八尾市北久宝寺1丁目１－７,多血小板血漿を用いた整形外科領域（関節腔内への投与を除く）の治療,,,,,0.8983,P00863,医療法人健裕会 よこい整形外科 健康スポーツクリニック,多血小板血漿を用いた整形外科領域（関節腔内への投与を除く）の治療,https://saiseiiryo.mhlw.go.jp/published_plan/download/01E2511017/5/0
alias_or_wording_candidate,strong_msk,3,大阪府,医療法人　厚心会　まつかわ整形外科クリニック,堺市西区鳳南町3丁199-116,多血小板血漿を用いた整形外科領域（関節腔内への投与を除く）の治療,,,,,0.9338,P00863,医療法人健裕会 よこい整形外科 健康スポーツクリニック,多血小板血漿を用いた整形外科領域（関節腔内への投与を除く）の治療,https://saiseiiryo.mhlw.go.jp/published_plan/download/01E2504019/5/0
alias_or_wording_candidate,strong_msk,3,大阪府,医療法人　翔寿会　こんどう整形外科クリニック,大阪市住吉区我孫子東2-4-29,多血小板血漿を用いた整形外科領域（関節腔内への投与を除く）の治療,,,,,0.9533,P00863,医療法人健裕会 よこい整形外科 健康スポーツクリニック,多血小板血漿を用いた整形外科領域（関節腔内への投与を除く）の治療,https://saiseiiryo.mhlw.go.jp/published_plan/download/01E2411018/5/0
alias_or_wording_candidate,strong_msk,3,大阪府,医療法人いずみ会　阪堺病院,堺市堺区大浜北町１丁８−８,多血小板血漿（Platelet-rich plasma：PRP）を用いた整形外科疾患に対する治療,,,,,0.9718,P00862,医療法人いずみ会 阪堺病院,多血小板血漿（PRP）を用いた整形外科疾患に対する治療,https://saiseiiryo.mhlw.go.jp/published_plan/download/03E2105004/5/0|https://saiseiiryo.mhlw.go.jp/published_plan/download/03E2105004/5/1
alias_or_wording_candidate,strong_msk,3,大阪府,医療法人亮星会　ほしやま整形外科医院,大阪市北区梅田１−８−１６ヒルトンプラザイースト５階,多血小板血漿を用いた整形外科領域（関節腔内への投与を除く）の治療,,,,,0.8486,P00863,医療法人健裕会 よこい整形外科 健康スポーツクリニック,多血小板血漿を用いた整形外科領域（関節腔内への投与を除く）の治療,https://saiseiiryo.mhlw.go.jp/published_plan/download/02E2606005/5/0
alias_or_wording_candidate,strong_msk,3,大阪府,医療法人啓信会　大阪整形外科病院,大阪市福島区大開四丁目３番６１号,多血小板血漿を用いた靭帯・腱及び腱付着部の機能障害・疾患の治療,,,,,0.8881,P00416,医療法人協和会 協和会病院,多血小板血漿を用いた靭帯・腱及び腱付着部の機能障害・疾患の治療,https://saiseiiryo.mhlw.go.jp/published_plan/download/02E2205013/5/0
alias_or_wording_candidate,strong_msk,3,大阪府,医療法人天野整形外科,大阪市東住吉区駒川４丁目１−５,多血小板血漿を用いた整形外科領域（関節腔内への投与を除く）の治療,,,,,0.8611,P00863,医療法人健裕会 よこい整形外科 健康スポーツクリニック,多血小板血漿を用いた整形外科領域（関節腔内への投与を除く）の治療,https://saiseiiryo.mhlw.go.jp/published_plan/download/01E2310024/5/0
alias_or_wording_candidate,strong_msk,3,大阪府,医療法人村上整形外科,大阪市旭区大宮３丁目１１−６,多血小板血漿を用いた整形外科領域（関節腔内への投与を除く）の治療,,,,,0.8611,P00863,医療法人健裕会 よこい整形外科 健康スポーツクリニック,多血小板血漿を用いた整形外科領域（関節腔内への投与を除く）の治療,https://saiseiiryo.mhlw.go.jp/published_plan/download/01E2308019/5/0
alias_or_wording_candidate,strong_msk,3,大阪府,医療法人社団彦星会　大阪中之島整形外科,大阪市北区中之島四丁目３番51号　Nakanoshima Qross４階,多血小板血漿を用いた整形外科領域（関節腔内への投与を除く）の治療,,,,,0.8442,P00863,医療法人健裕会 よこい整形外科 健康スポーツクリニック,多血小板血漿を用いた整形外科領域（関節腔内への投与を除く）の治療,https://saiseiiryo.mhlw.go.jp/published_plan/download/01E2411001/5/0
alias_or_wording_candidate,strong_msk,3,大阪府,医療法人社団日生会　リバースセルクリニック,大阪市北区曽根崎新地1-4-20 桜橋IMビル７F,多血小板血漿を用いた整形外科領域（関節腔内への投与を除く）の治療,,,,,0.8751,P00863,医療法人健裕会 よこい整形外科 健康スポーツクリニック,多血小板血漿を用いた整形外科領域（関節腔内への投与を除く）の治療,https://saiseiiryo.mhlw.go.jp/published_plan/download/03E2602011/5/0|https://saiseiiryo.mhlw.go.jp/published_plan/download/03E2602011/5/1
alias_or_wording_candidate,strong_msk,3,大阪府,医療法人良花会 整形外科とくはらクリニック,大阪市鶴見区横堤三丁目6番40号 道端ビル,自家多血小板血漿(Platelet-rich plasma:PRP)を用いた関節機能治療(関節腔外に限る),,,,,0.9838,P00864,医療法人良花会 整形外科とくはらクリニック,自家多血小板血漿（PRP）を用いた関節機能治療（関節腔外に限る）,https://saiseiiryo.mhlw.go.jp/published_plan/download/01E2004009/5/0
alias_or_wording_candidate,strong_msk,3,大阪府,医療法人讃高会　枚方東整形外科病院,枚方市津田西町１－３７－８,多血小板血漿を用いた整形外科領域（関節腔内への投与を除く）の治療,,,,,0.8532,P00863,医療法人健裕会 よこい整形外科 健康スポーツクリニック,多血小板血漿を用いた整形外科領域（関節腔内への投与を除く）の治療,https://saiseiiryo.mhlw.go.jp/published_plan/download/02E2507045/5/0
alias_or_wording_candidate,strong_msk,3,大阪府,"社会医療法人　ＯＮＥ ＦＬＡＧ
おおさかグローバル整形外科病院",大阪市城東区関目6丁目15番30号,自己多血小板血漿（Platelet-rich plasma：PRP）を用いた整形外科領域における軟部組織治療,,,,,0.994,P00866,社会医療法人ONE FLAG おおさかグローバル整形外科病院,自己多血小板血漿（PRP）を用いた整形外科領域における軟部組織治療,https://saiseiiryo.mhlw.go.jp/published_plan/download/03E2502009/5/0
alias_or_wording_candidate,strong_msk,3,大阪府,社会医療法人報恩会　長吉総合病院,大阪市平野区長吉長原1-2-34,自家多血小板血漿（Platelet-rich plasma：PRP）を用いた筋肉、腱、靭帯、筋膜の損傷及び慢性炎症の治療（関節外の軟部組織）,,,,,1.0,P00867,社会医療法人報恩会 長吉総合病院,自家多血小板血漿（PRP）を用いた筋肉、腱、靭帯、筋膜の損傷及び慢性炎症の治療（関節外の軟部組織）,https://saiseiiryo.mhlw.go.jp/published_plan/download/03E2603011/5/0
alias_or_wording_candidate,strong_msk,3,大阪府,都島整形外科クリニック,大阪市都島区都島本通1-7-9 クレールビル3階,自家多血小板血漿（Platelet-Rich Plasma：PRP）を用いた筋肉、腱、靭帯、筋膜の損傷及び慢性炎症の治療（関節外の軟部組織）,,,,,1.0,P00419,都島整形外科クリニック,自家多血小板血漿（PRP）を用いた筋肉、腱、靭帯、筋膜の損傷及び慢性炎症の治療（関節外の軟部組織）,https://saiseiiryo.mhlw.go.jp/published_plan/download/01E2504030/5/0
alias_or_wording_candidate,strong_msk,3,兵庫県,かみはらペインクリニック,三田市貴志141-1,自己多血小板血漿(PRP)を用いた用いた筋・腱・靭帯の損傷及び慢性炎症に対する治療,,,,,1.0,P00446,かみはらペインクリニック,自己多血小板血漿（PRP）を用いた筋・腱・靭帯の損傷及び慢性炎症に対する治療,https://saiseiiryo.mhlw.go.jp/published_plan/download/01E2412007/5/0
alias_or_wording_candidate,strong_msk,3,兵庫県,やす整形外科クリニック,明石市和坂12-16　カトレアビル,多血小板血漿(PRP)の投与によるスポーツ外傷を含む筋、腱、靱帯損傷治療,,,,,0.8741,P00440,医療法人社団リハケア会 西川整形外科リハビリクリニック,多血小板血漿（PRP）の投与によるスポーツ外傷を含む筋、腱、靱帯損傷治療,https://saiseiiryo.mhlw.go.jp/published_plan/download/03E2409010/5/0|https://saiseiiryo.mhlw.go.jp/published_plan/download/03E2409010/5/1
alias_or_wording_candidate,strong_msk,3,兵庫県,医療法人社団S＆J　しばはら整形外科スポーツ関節クリニック,明石市魚住町錦が丘4-5-1駅前NSビル2階,自家多血小板血漿（Platelet-Rich Plasma：PRP）を用いた筋肉、腱、靭帯、筋膜の損傷及び慢性炎症の治療（関節外の軟部組織）,,,,,1.0,P00442,医療法人社団S＆J しばはら整形外科スポーツ関節クリニック,自家多血小板血漿（PRP）を用いた筋肉、腱、靭帯、筋膜の損傷及び慢性炎症の治療（関節外の軟部組織）,https://saiseiiryo.mhlw.go.jp/published_plan/download/01E2509002/5/0
alias_or_wording_candidate,strong_msk,3,兵庫県,医療法人社団　髙倉整形外科クリニック,神戸市灘区徳井町5-4-21,多血小板血漿を用いた整形外科領域（関節腔内への投与を除く）の治療,,,,,0.9533,P00441,医療法人社団佳和会 中山クリニック,多血小板血漿を用いた整形外科領域（関節腔内への投与を除く）の治療,https://saiseiiryo.mhlw.go.jp/published_plan/download/01E2407013/5/0
alias_or_wording_candidate,strong_msk,3,兵庫県,医療法人社団大雄会　大井クリニック,西宮市名次町５－２４,多血小板血漿を用いた整形外科領域（関節腔内への投与を除く）の治療,,,,,0.99,P00441,医療法人社団佳和会 中山クリニック,多血小板血漿を用いた整形外科領域（関節腔内への投与を除く）の治療,https://saiseiiryo.mhlw.go.jp/published_plan/download/01E2303011/5/0
alias_or_wording_candidate,strong_msk,3,兵庫県,木本整形外科クリニック,宝塚市中山五月台2-3-7,四肢の筋・腱・靱帯及びその付着部の傷害を対象とした自家多血小板血漿（PRP）注入療法,,,,,0.9768,P00443,「夢」整形外科スポーツクリニック,四肢の筋・腱・靱帯及びその付着部の傷害を対象とした自家多血小板血漿（PRP）注入療法,https://saiseiiryo.mhlw.go.jp/published_plan/download/01E2511015/5/0
alias_or_wording_candidate,strong_msk,3,奈良県,医療法人新生会 総合病院 高の原中央病院,奈良市右京1丁目3-３,自家多血小板血漿（Platelet-Rich Plasma：PRP）を用いた筋肉、腱、靭帯、筋膜の損傷及び慢性炎症の治療（関節外の軟部組織）,,,,,1.0,P00871,医療法人新生会 総合病院 高の原中央病院,自家多血小板血漿（PRP）を用いた筋肉、腱、靭帯、筋膜の損傷及び慢性炎症の治療（関節外の軟部組織）,https://saiseiiryo.mhlw.go.jp/published_plan/download/01E2510031/5/0
alias_or_wording_candidate,strong_msk,3,奈良県,医療法人興生会　吉本整形外科・外科病院,葛城市疋田676番地１,自家多血小板血漿(Platelet-rich plasma：PRP)を用いた筋肉、腱、靭帯、筋膜の損傷及び慢性炎症の治療（関節腔外に限る）,,,,,1.0,P00870,医療法人興生会 吉本整形外科・外科病院,自家多血小板血漿（PRP）を用いた筋肉、腱、靭帯、筋膜の損傷及び慢性炎症の治療（関節腔外に限る）,https://saiseiiryo.mhlw.go.jp/published_plan/download/01E2407016/5/0
alias_or_wording_candidate,strong_msk,3,鳥取県,医療法人YSOC　米子南整形外科クリニック,米子市道笑町４丁目122番地2,多血小板血漿を用いた整形外科領域（関節腔内への投与を除く）の治療,,,,,0.8863,P00874,医療法人社団かわぐちクリニック,多血小板血漿を用いた整形外科領域（関節腔内への投与を除く）の治療,https://saiseiiryo.mhlw.go.jp/published_plan/download/01F2604004/5/0
alias_or_wording_candidate,strong_msk,3,岡山県,社会医療法人光生病院,岡山市北区厚生町三丁目8番35号,自家多血小板血漿(Platelet-rich plasma:PRP)を用いた関節機能治療(関節腔外に限る),,,,,0.9838,P00480,社会医療法人光生病院,自家多血小板血漿（PRP）を用いた関節機能治療（関節腔外に限る）,https://saiseiiryo.mhlw.go.jp/published_plan/download/03F2511005/5/0
alias_or_wording_candidate,strong_msk,3,広島県,医療法人昭和 原田整形外科病院,広島市安佐南区上安2丁目15-27,自家多血小板血漿（Platelet-Rich Plasma：PRP）を用いた筋肉、腱、靭帯、筋膜の損傷及び慢性炎症の治療（関節外の軟部組織）,,,,,0.9872,P00494,医療法人昭和 原田整形外科病院,自家多血小板血漿（PRP）を用いた筋肉、腱、靭帯、筋膜の損傷及び慢性炎症の治療（関節外）,https://saiseiiryo.mhlw.go.jp/published_plan/download/01F2604006/5/0
alias_or_wording_candidate,strong_msk,3,広島県,医療法人社団　日本鋼管福山病院,福山市大門町津之下１８４４番地,自家多血小板血漿(Platelet-rich plasma：PRP)を用いた筋肉、腱、靭帯、筋膜の損傷及び慢性炎症の治療(関節外の軟部組織),,,,,0.9872,P00495,医療法人社団 日本鋼管福山病院,自家多血小板血漿（PRP）を用いた筋肉、腱、靭帯、筋膜の損傷及び慢性炎症の治療（関節外）,https://saiseiiryo.mhlw.go.jp/published_plan/download/03F2506005/5/0
alias_or_wording_candidate,strong_msk,3,山口県,医療法人社団　宇部興産中央病院,宇部市大字西岐波750番地,難治性スポーツ障害等におけるPRP（多血小板血漿 Platelet Rich Plasma）を用いた再生医療,,,,,0.9384,P00503,医療法人社団 宇部興産中央病院,難治性スポーツ障害等におけるPRPを用いた再生医療,https://saiseiiryo.mhlw.go.jp/published_plan/download/03F2208001/5/0|https://saiseiiryo.mhlw.go.jp/published_plan/download/03F2208001/5/1
alias_or_wording_candidate,broad_msk,3,香川県,医療法人社団　まえだ整形外科外科医院,坂出市室町３丁目1-13,多血小板血漿(自家)を用いた肌の再生医療,,,,,0.84,P00521,医療法人社団 まえだ整形外科外科医院,多血小板血漿を用いた整形外科領域（関節腔内への投与を除く）の治療,https://saiseiiryo.mhlw.go.jp/published_plan/download/02F2211001/5/0
alias_or_wording_candidate,strong_msk,3,愛媛県,医療法人　丸石整形外科医院,愛媛県松山市東石井3丁目7－1,自家多血小板血漿（Platelet-Rich Plasma：PRP）を用いた筋肉、腱、靭帯、筋膜の損傷及び慢性炎症の治療（関節外の軟部組織）,,,,,0.9872,P00530,医療法人 丸石整形外科医院,自家多血小板血漿（PRP）を用いた筋肉、腱、靭帯、筋膜の損傷及び慢性炎症の治療（関節外）,https://saiseiiryo.mhlw.go.jp/published_plan/download/01F2508004/5/0
alias_or_wording_candidate,strong_msk,3,愛媛県,医療法人　鎌野病院,宇和島市広小路2-49,自家多血小板血漿（Platelet-rich plasma：PRP）を用いた筋肉、腱、靭帯、筋膜の損傷及び慢性炎症の治療（関節外の軟部組織）,,,,,0.9872,P00531,医療法人 鎌野病院,自家多血小板血漿（PRP）を用いた筋肉、腱、靭帯、筋膜の損傷及び慢性炎症の治療（関節外）,https://saiseiiryo.mhlw.go.jp/published_plan/download/03F2606002/5/0
alias_or_wording_candidate,strong_msk,3,愛媛県,"医療法人大野醫院
おおの整形外科内科医院",松山市土居田町424-1,自家多血小板血漿（Platelet-Rich Plasma：PRP）を用いた筋肉、腱、靭帯、筋膜の損傷及び慢性炎症の治療（関節外の軟部組織）,,,,,1.0,P00877,医療法人大野醫院 おおの整形外科内科医院,自家多血小板血漿（PRP）を用いた筋肉、腱、靭帯、筋膜の損傷及び慢性炎症の治療（関節外の軟部組織）,https://saiseiiryo.mhlw.go.jp/published_plan/download/01F2501002/5/0
alias_or_wording_candidate,strong_msk,3,愛媛県,社会医療法人石川記念会　HITO病院,四国中央市上分町788番地1,自己多血小板血漿（Platelet-rich plasma：PRP）を用いた整形外科領域における軟部組織治療,,,,,0.994,P00535,社会医療法人石川記念会 HITO病院,自己多血小板血漿（PRP）を用いた整形外科領域における軟部組織治療,https://saiseiiryo.mhlw.go.jp/published_plan/download/03F2405002/5/0
alias_or_wording_candidate,strong_msk,3,高知県,細木病院,高知市大膳町37番地,自家多血小板血漿（Platelet-rich plasma：PRP）を用いた関節機能治療（関節腔外に限る）,,,,,0.9838,P00542,細木病院,自家多血小板血漿（PRP）を用いた関節機能治療（関節腔外に限る）,https://saiseiiryo.mhlw.go.jp/published_plan/download/03F2207001/5/0
alias_or_wording_candidate,strong_msk,3,高知県,高知大学医学部附属病院,南国市岡豊町小蓮185-1,多血小板血漿（Platelet-rich plasma: PRP）を用いた、筋腱付着部炎・筋炎・筋損傷・靭帯損傷の治癒促進,,,,,1.0,P00544,高知大学医学部附属病院,多血小板血漿（PRP）を用いた筋腱付着部炎・筋炎・筋損傷・靭帯損傷の治癒促進,https://saiseiiryo.mhlw.go.jp/published_plan/download/02F2605002/5/0
alias_or_wording_candidate,strong_msk,3,福岡県,医療法人大獅会畠山整形外科スポーツクリニック,北九州市小倉北区上到津4-24-24,多血小板血漿を用いた整形外科領域（関節腔内への投与を除く）の治療,,,,,0.8558,P00575,医療法人 前川整形外科医院 前川整形外科スポーツクリニック,多血小板血漿を用いた整形外科領域（関節腔への投与を除く）の治療,https://saiseiiryo.mhlw.go.jp/published_plan/download/01G2604002/5/0
alias_or_wording_candidate,strong_msk,3,福岡県,医療法人斉良会うらはし整形外科クリニック,北九州市八幡西区下上津役４丁目13-10,自己多血小板血漿(PRP)を用いた整形外科注入療法,,,,,0.8593,P00554,うらはし整形外科クリニック,自家多血小板血漿（PRP）を用いた整形外科領域治療,https://saiseiiryo.mhlw.go.jp/published_plan/download/03G2104001/5/0
alias_or_wording_candidate,strong_msk,3,熊本県,医療法人保田窪会　保田窪整形外科病院,熊本市東区保田窪５丁目７－２７,自己多血小板血漿（Platelet-rich plasma：PRP）を用いた整形外科領域における軟部組織治療,,,,,1.0,P00894,保田窪整形外科病院,自己多血小板血漿（Platelet-rich plasma：PRP）を用いた整形外科領域における軟部組織治療,https://saiseiiryo.mhlw.go.jp/published_plan/download/01G2506014/5/0|https://saiseiiryo.mhlw.go.jp/published_plan/download/01G2506014/5/1
alias_or_wording_candidate,strong_msk,3,鹿児島県,鹿児島中央整形外科スポーツクリニック,鹿児島市中央町24番12号,自家多血小板血漿（Platelet-rich plasma：PRP）を用いた筋肉、腱、靭帯、筋膜の損傷及び慢性炎症の治療（関節外の軟部組織）,,,,,0.88,P00901,天陽会中央クリニック,自家多血小板血漿（Platelet-rich plasma：PRP）を用いた筋肉、腱、靭帯、筋膜の損傷及び慢性炎症の治療（関節外の軟部組織）,https://saiseiiryo.mhlw.go.jp/published_plan/download/01G2308005/5/0
