plan_id,mhlw_plan_code,v41_lane,facility_id,region,prefecture,facility,address,category,treatment,treatment_class,status,match_score,document_url,amount,tax,unit,products,makers,score,page,excerpt,qc_reason,error
V41_01E2605013,01E2605013,A,V41F298D5BDD7C,近畿,京都府,Clinique Haru Kyoto,京都市下京区烏丸通塩小路下る東塩小路町901番地 京都駅ビル内ホテルグランヴィア京都6階,第二種,変形性関節症に対する自己脂肪組織由来間葉系間質細胞投与療法,脂肪由来幹細胞,QC,1.0,https://saiseiiryo.mhlw.go.jp/published_plan/download/01E2605013/5/0,1430000,税込,1部位,,,6,10,"血液検査:14,300 円(注:3,300 円の初診料も込みの金額です) 【施術料(税込)】 1部位 : 1,430,000 円 2部位 : 2,090,000 円 【細胞保管料(税込)】",price candidates remain ambiguous,
V41_01E2605013,01E2605013,A,V41F298D5BDD7C,近畿,京都府,Clinique Haru Kyoto,京都市下京区烏丸通塩小路下る東塩小路町901番地 京都駅ビル内ホテルグランヴィア京都6階,第二種,変形性関節症に対する自己脂肪組織由来間葉系間質細胞投与療法,脂肪由来幹細胞,QC,1.0,https://saiseiiryo.mhlw.go.jp/published_plan/download/01E2605013/5/0,2090000,税込,1部位,,,5,10,"【施術料(税込)】 1部位 : 1,430,000 円 2部位 : 2,090,000 円 【細胞保管料(税込)】 年間保管料:110,000 円(1 年毎更新)",price candidates remain ambiguous,
V41_01E2605013,01E2605013,A,V41F298D5BDD7C,近畿,京都府,Clinique Haru Kyoto,京都市下京区烏丸通塩小路下る東塩小路町901番地 京都駅ビル内ホテルグランヴィア京都6階,第二種,変形性関節症に対する自己脂肪組織由来間葉系間質細胞投与療法,脂肪由来幹細胞,QC,1.0,https://saiseiiryo.mhlw.go.jp/published_plan/download/01E2605013/5/0,3300,税込,1部位,,,-5,10,"【診察料+血液検査(税込)】 診察料 : 3,300 円(診察のみの場合) 血液検査:14,300 円(注:3,300 円の初診料も込みの金額です) 【施術料(税込)】 1部位 : 1,430,000 円",price candidates remain ambiguous,
V41_01E2605013,01E2605013,A,V41F298D5BDD7C,近畿,京都府,Clinique Haru Kyoto,京都市下京区烏丸通塩小路下る東塩小路町901番地 京都駅ビル内ホテルグランヴィア京都6階,第二種,変形性関節症に対する自己脂肪組織由来間葉系間質細胞投与療法,脂肪由来幹細胞,QC,1.0,https://saiseiiryo.mhlw.go.jp/published_plan/download/01E2605013/5/0,14300,税込,1部位,,,-5,10,"【診察料+血液検査(税込)】 診察料 : 3,300 円(診察のみの場合) 血液検査:14,300 円(注:3,300 円の初診料も込みの金額です) 【施術料(税込)】 1部位 : 1,430,000 円",price candidates remain ambiguous,
V41_01E2605013,01E2605013,A,V41F298D5BDD7C,近畿,京都府,Clinique Haru Kyoto,京都市下京区烏丸通塩小路下る東塩小路町901番地 京都駅ビル内ホテルグランヴィア京都6階,第二種,変形性関節症に対する自己脂肪組織由来間葉系間質細胞投与療法,脂肪由来幹細胞,QC,1.0,https://saiseiiryo.mhlw.go.jp/published_plan/download/01E2605013/5/0,3300,税込,,,,-6,10,"す。 【診察料+血液検査(税込)】 診察料 : 3,300 円(診察のみの場合) 血液検査:14,300 円(注:3,300 円の初診料も込みの金額です) 【施術料(税込)】",price candidates remain ambiguous,
V41_01E2605013,01E2605013,A,V41F298D5BDD7C,近畿,京都府,Clinique Haru Kyoto,京都市下京区烏丸通塩小路下る東塩小路町901番地 京都駅ビル内ホテルグランヴィア京都6階,第二種,変形性関節症に対する自己脂肪組織由来間葉系間質細胞投与療法,脂肪由来幹細胞,QC,1.0,https://saiseiiryo.mhlw.go.jp/published_plan/download/01E2605013/5/0,110000,税込,,,,-9,10,"2部位 : 2,090,000 円 【細胞保管料(税込)】 年間保管料:110,000 円(1 年毎更新)",price candidates remain ambiguous,
V41_01E2605017,01E2605017,C,V41F298D5BDD7C,近畿,京都府,Clinique Haru Kyoto,京都市下京区烏丸通塩小路下る東塩小路町901番地  京都駅ビル内 ホテルグランヴィア京都6階,第二種,整形外科領域における外傷性疾患又は変性疾患による慢性疼痛緩和を目的とした自己脂肪組織由来間葉系間質細胞の静脈点滴治療,脂肪由来幹細胞,AUTO,1.0,https://saiseiiryo.mhlw.go.jp/published_plan/download/01E2605017/5/0,110000,税込,2 回,,,8,13,"2 回目以降:1,650,000 円 【細胞保管費用(税込)】 年間保管費用:110,000 円(1 年毎任意更新) ※上記費用につきましては組織採取日までに全額ご入金ください。 ※【細胞保管費用】に関しましては1年毎、任意更新、となります。",line-level medium price context,
V41_01E2605018,01E2605018,B,V41F298D5BDD7C,近畿,京都府,Clinique Haru Kyoto,京都市下京区烏丸通塩小路下る東塩小路町901番地 京都駅ビル内 ホテルグランヴィア京都6階,第二種,変形性関節症・関節炎に対する多血小板血漿(PRP)投与療法,PRP,QC,1.0,https://saiseiiryo.mhlw.go.jp/published_plan/download/01E2605018/5/0,49500,税込,1 回,,,5,9,"診察料 : 3,300 円(診察のみの場合) 【施術料】 1 回:49,500 円(税込)",price candidates remain ambiguous,
V41_01E2605018,01E2605018,B,V41F298D5BDD7C,近畿,京都府,Clinique Haru Kyoto,京都市下京区烏丸通塩小路下る東塩小路町901番地 京都駅ビル内 ホテルグランヴィア京都6階,第二種,変形性関節症・関節炎に対する多血小板血漿(PRP)投与療法,PRP,QC,1.0,https://saiseiiryo.mhlw.go.jp/published_plan/download/01E2605018/5/0,3300,税込,1 回,,,-6,9,"します。 【診察料+血液検査(税込)】 診察料 : 3,300 円(診察のみの場合) 【施術料】 1 回:49,500 円(税込)",price candidates remain ambiguous,
V41_03E2210008,03E2210008,D,V41F2814EACDE2,近畿,京都府,S clinic Kyoto,京都市下京区高辻大宮町103大宮高辻ビル4階,第三種,関節周囲炎に対する自家多血小板血漿(PRP)を利用した軟組織の再生医療,PRP,AUTO,1.0,https://saiseiiryo.mhlw.go.jp/published_plan/download/03E2210008/5/0,100000,税別,,,,8,,"、皮下出血斑、神経損傷、感染が極めてまれに起きることがあります。 4.他の治療法との比較 PRP を使用する代わりに、動物由来の材料や人工的に作られた材料を用いる方法もありますが、PRPを使用す る方が感染やアレルギーの危険性が低くなります。 5.費用について PRPを使用した治療 100,000円(税抜き) 6.治療への同意と撤回 PRP を使用した治療に対する同意は、患者様の自由な判断に基づくものであり、いつでも自由に同意を撤回す ることができます。PRP を使用した治療に同意しなかったり、同意を撤回したりしても、決して不利益にはな らず、患者様の自由な判断で、本院の治療を継続されることができます。治療中に疑問を持った場",,
V41_01E2307004,01E2307004,A,V41FCF3E4213B5,近畿,京都府,医療法人いちまる整形外科クリニック,長岡京市長岡2丁目1番32 グランジェ長岡京1F,第三種,多血小板血漿を用いた整形外科疾患に対する組織修復治療,PRP,AUTO,1.0,https://saiseiiryo.mhlw.go.jp/published_plan/download/01E2307004/5/0,55000,不明,,,,13,9,"PRP 投与料金: ・治療前診断料 11,000 円 ・PRP 療法実施費用 55,000 円 *キャンセル規定について ・治療当日の診察前",line-level strong price context,
V41_01E2506011,01E2506011,B,V41F5062DFC89F,近畿,京都府,医療法人京都翔医会 西京都病院,京都市西京区桂畑ヶ田町175番地,第三種,自家多血小板血漿（Platelet-Rich Plasma：PRP）を用いた筋肉、腱、靭帯、筋膜の損傷及び慢性炎症の治療（関節外の軟部組織）,PRP,QC,1.0,https://saiseiiryo.mhlw.go.jp/published_plan/download/01E2506011/5/0,99000,不明,,ACP|Angel,Arthrex,6,12,"ACP-PRP ダブルショット 40 億個 99,000 円 HD-PRP(Angel の場合)を両ひざなど2 部位に投与する場合の費用は 治療の種類",price candidates remain ambiguous,
V41_01E2506011,01E2506011,B,V41F5062DFC89F,近畿,京都府,医療法人京都翔医会 西京都病院,京都市西京区桂畑ヶ田町175番地,第三種,自家多血小板血漿（Platelet-Rich Plasma：PRP）を用いた筋肉、腱、靭帯、筋膜の損傷及び慢性炎症の治療（関節外の軟部組織）,PRP,QC,1.0,https://saiseiiryo.mhlw.go.jp/published_plan/download/01E2506011/5/0,330000,不明,,ACP|Angel,Arthrex,6,12,"HD-PRP(Angel の場合) 150 億個 330,000 円 ACP-PRP は効果を高めるため、2 倍量1 度に投与することが可能です。その場合の 費用は以下の通りです。",price candidates remain ambiguous,
V41_01E2506011,01E2506011,B,V41F5062DFC89F,近畿,京都府,医療法人京都翔医会 西京都病院,京都市西京区桂畑ヶ田町175番地,第三種,自家多血小板血漿（Platelet-Rich Plasma：PRP）を用いた筋肉、腱、靭帯、筋膜の損傷及び慢性炎症の治療（関節外の軟部組織）,PRP,QC,1.0,https://saiseiiryo.mhlw.go.jp/published_plan/download/01E2506011/5/0,55000,不明,,ACP MAX|ACP,Arthrex,2,12,"ACP-PRP 20 億個 55,000 円 HD-PRP(ACP MAX の場合) 90 億個",price candidates remain ambiguous,
V41_01E2506011,01E2506011,B,V41F5062DFC89F,近畿,京都府,医療法人京都翔医会 西京都病院,京都市西京区桂畑ヶ田町175番地,第三種,自家多血小板血漿（Platelet-Rich Plasma：PRP）を用いた筋肉、腱、靭帯、筋膜の損傷及び慢性炎症の治療（関節外の軟部組織）,PRP,QC,1.0,https://saiseiiryo.mhlw.go.jp/published_plan/download/01E2506011/5/0,209000,不明,,ACP MAX|ACP|Angel,Arthrex,2,12,"HD-PRP(ACP MAX の場合) 90 億個 209,000 円 HD-PRP(Angel の場合) 150 億個",price candidates remain ambiguous,
V41_01E2506011,01E2506011,B,V41F5062DFC89F,近畿,京都府,医療法人京都翔医会 西京都病院,京都市西京区桂畑ヶ田町175番地,第三種,自家多血小板血漿（Platelet-Rich Plasma：PRP）を用いた筋肉、腱、靭帯、筋膜の損傷及び慢性炎症の治療（関節外の軟部組織）,PRP,QC,1.0,https://saiseiiryo.mhlw.go.jp/published_plan/download/01E2506011/5/0,385000,不明,,,,2,12,"HD-PRP(2 部位) 150 億個 385,000 円 治療終了後も定期的な受診をお願いしております。 本治療は医療費控除の対象となる可能性があります。詳細は国税庁や税理士にご確",price candidates remain ambiguous,
V41_03E2601002,03E2601002,C,V41FC3F967088F,近畿,京都府,"医療法人社団千春会
千春会ハイパーサーミアクリニック",長岡京市神足2丁目3-1 バンビオ1番館7階,第三種,自家多血小板血漿（Platelet-Rich Plasma：PRP）を用いた筋肉、腱、靭帯、筋膜の損傷及び慢性炎症の治療（関節外の軟部組織）,PRP,QC,1.0,https://saiseiiryo.mhlw.go.jp/published_plan/download/03E2601002/5/0,704000,不明,1回,Angel,Arthrex,5,7,"1回 374,000 円 Angel 1回 704,000 円 (3) 採血を開始してからのキャンセルについては、キャンセル費用をいただ きます。",price candidates remain ambiguous,
V41_03E2601002,03E2601002,C,V41FC3F967088F,近畿,京都府,"医療法人社団千春会
千春会ハイパーサーミアクリニック",長岡京市神足2丁目3-1 バンビオ1番館7階,第三種,自家多血小板血漿（Platelet-Rich Plasma：PRP）を用いた筋肉、腱、靭帯、筋膜の損傷及び慢性炎症の治療（関節外の軟部組織）,PRP,QC,1.0,https://saiseiiryo.mhlw.go.jp/published_plan/download/03E2601002/5/0,88000,不明,片側,ACP MAX|ACP,Arthrex,4,7,"PRP 片側 ACP 1回(1部位) 88,000 円 ACP MAX 1回(1部位) 187,000 円",price candidates remain ambiguous,
V41_03E2601002,03E2601002,C,V41FC3F967088F,近畿,京都府,"医療法人社団千春会
千春会ハイパーサーミアクリニック",長岡京市神足2丁目3-1 バンビオ1番館7階,第三種,自家多血小板血漿（Platelet-Rich Plasma：PRP）を用いた筋肉、腱、靭帯、筋膜の損傷及び慢性炎症の治療（関節外の軟部組織）,PRP,QC,1.0,https://saiseiiryo.mhlw.go.jp/published_plan/download/03E2601002/5/0,187000,不明,1回(1部位),ACP MAX|ACP|Angel,Arthrex,4,7,"1回(1部位) 88,000 円 ACP MAX 1回(1部位) 187,000 円 Angel 1回(1部位) 352,000 円",price candidates remain ambiguous,
V41_03E2601002,03E2601002,C,V41FC3F967088F,近畿,京都府,"医療法人社団千春会
千春会ハイパーサーミアクリニック",長岡京市神足2丁目3-1 バンビオ1番館7階,第三種,自家多血小板血漿（Platelet-Rich Plasma：PRP）を用いた筋肉、腱、靭帯、筋膜の損傷及び慢性炎症の治療（関節外の軟部組織）,PRP,QC,1.0,https://saiseiiryo.mhlw.go.jp/published_plan/download/03E2601002/5/0,352000,不明,1回(1部位),ACP MAX|ACP|Angel,Arthrex,4,7,"1回(1部位) 187,000 円 Angel 1回(1部位) 352,000 円 PRP 両側 ACP MAX",price candidates remain ambiguous,
V41_03E2601002,03E2601002,C,V41FC3F967088F,近畿,京都府,"医療法人社団千春会
千春会ハイパーサーミアクリニック",長岡京市神足2丁目3-1 バンビオ1番館7階,第三種,自家多血小板血漿（Platelet-Rich Plasma：PRP）を用いた筋肉、腱、靭帯、筋膜の損傷及び慢性炎症の治療（関節外の軟部組織）,PRP,QC,1.0,https://saiseiiryo.mhlw.go.jp/published_plan/download/03E2601002/5/0,374000,不明,両側,ACP MAX|ACP|Angel,Arthrex,4,7,"PRP 両側 ACP MAX 1回 374,000 円 Angel 1回 704,000 円",price candidates remain ambiguous,
V41_01E2403019,01E2403019,D,V41FE5FC338D8F,近畿,京都府,医療法人社団蒼樹会　山本整形外科,京都市伏見区竹田七瀬川町86-8,第三種,多血小板血漿を用いた整形外科領域（関節腔内への投与を除く）の治療,PRP,QC,1.0,https://saiseiiryo.mhlw.go.jp/published_plan/download/01E2403019/5/0,5000,税込,1回,,,8,3,"細胞の提供に際して費用は発生しません。 治療の提供に際しては、本治療は公的保険の対象ではありませんので、当院所定の施術料として1回16 5,000円(税込)の金額をお支払いいただきます。 ※患者様の症状、投与場所や投与量、その他の事情等により治療費が変動する場合があります。 なお、細胞の採取後や加工後に同意を撤回された場合など、同意を撤回される時点までに費用が発生し",price candidates remain ambiguous,
V41_01E2605002,01E2605002,A,V41F76A2E48646,近畿,京都府,医療法人社団親和会 京都木原病院,京都市南区西九条春日町5-1,第三種,四肢の筋・腱・靱帯及びその付着部の傷害を対象とした自家多血小板血漿（PRP）注入療法,PRP,AUTO,1.0,https://saiseiiryo.mhlw.go.jp/published_plan/download/01E2605002/5/0,80000,不明,1回,GPS|MyCells|Condensia,Zimmer Biomet|MyCells系|京セラ,8,,しんりょう ではなく自由 じゆう 診療 しんりょう のため、他 ほか の治療費 ちりょうひ が高額 こうがく になることがあります。 【1回 かい 当たり あ た り の治療費 ちりょうひ (税 ぜい 別 べつ )】 ) ・Mycells PRP キットを用いた もちいた 治療 ちりょう :8万円 まんえん ・Condensia PRP調製 ちょうせい キットを用いた もちいた 治療 ちりょう :8万円 まんえん ・GPS III L-PRP分離 ぶんり ・抽出 ちゅうしゅつ キットを用いた もちいた 治療 ちりょう :16万円 まんえん 治療 ちりょう を数回 すうかい 行 おこな うことがあります。一回あたりの治,,
V41_01E2605002,01E2605002,A,V41F76A2E48646,近畿,京都府,医療法人社団親和会 京都木原病院,京都市南区西九条春日町5-1,第三種,四肢の筋・腱・靱帯及びその付着部の傷害を対象とした自家多血小板血漿（PRP）注入療法,PRP,AUTO,1.0,https://saiseiiryo.mhlw.go.jp/published_plan/download/01E2605002/5/0,160000,不明,一回,GPS|Condensia,Zimmer Biomet|京セラ,8,,ls PRP キットを用いた もちいた 治療 ちりょう :8万円 まんえん ・Condensia PRP調製 ちょうせい キットを用いた もちいた 治療 ちりょう :8万円 まんえん ・GPS III L-PRP分離 ぶんり ・抽出 ちゅうしゅつ キットを用いた もちいた 治療 ちりょう :16万円 まんえん 治療 ちりょう を数回 すうかい 行 おこな うことがあります。一回あたりの治療費 ちりょうひ が割引 わりびき されることがあります。 5.個人 こじん 情報 じょうほう 保護 ほ ご について あなたの個人 こじん 情報 じょうほう は法律 ほうりつ に基 もと づいて厳 きび しく保護 ほ ご ・管理 かん,,
V41_02E2306012,02E2306012,B,V41F6F203D8D1C,近畿,京都府,医療法人社団貴順会吉川病院,京都市左京区聖護院山王町1番地,第三種,自家多血小板血漿（Platelet-rich plasma：PRP）を用いた筋肉、腱、靭帯、筋膜の損傷及び慢性炎症の治療（関節外の軟部組織）,PRP,AUTO,1.0,https://saiseiiryo.mhlw.go.jp/published_plan/download/02E2306012/5/0,33000,税込,1 回,,,9,,"康保険を使用することはできません。 (2) 本治療にかかる費用は、以下のとおりです。なお、費用は、1 回の治療に伴 う診査、PRP 作製のための採血にかかる費用、PRP 作製費用、注入にかか る費用の総額となります。左右両側に投与する場合は、2 回分です。 PRP 療法1回(1 部位) 33,000 円(消費税込) 11. 試料等の保存及び廃棄の方法 患者様から採取した血液と作製したPRP は、患者様ご自身の治療のみに 使用します。ただし、症例検討や学会発表を目的として、血液やPRP の測 定を行い、データを取得することがあります。 血液およびPRP は微量で全量を使用するため、保管はしません。治療に 用いない血",,
V41_02E2407035,02E2407035,C,V41FEE0559004F,近畿,京都府,医療法人社団順和会　京都下鴨病院,京都市左京区下鴨東森ヶ前町17,第三種,多血小板血漿(PRP)の投与によるスポーツ外傷を含む筋、腱、靱帯損傷治療,PRP,AUTO,1.0,https://saiseiiryo.mhlw.go.jp/published_plan/download/02E2407035/5/0,40000,税別,,GPS|Condensia,Zimmer Biomet|京セラ,8,,"た施術および製造にかかった費用をお支払いいただ きます。 ・採血前に治療をとりやめた場合、費用のお支払いはございません。 ・採血後から投与までに治療をとりやめた場合、とりやめまでにかかった実費相当の費 用として、GPSIII キット使用時は80,000 円(税抜)を、condensia 使用時は40,000 円 (税抜)をお支払いいただきます。 また治療を行った後は、健康管理のために必要に応じて適切な検査を受けていただき、 医学的に問題がないかを確認させていただきます。 13. 個人情報の保護について 「個人情報の保護に関する法律」に基づき、当院には、個人情報取扱実施規程がありま す。この規程に基づき、患者さまの氏名や病気のこ",,
V41_02E2407035,02E2407035,C,V41FEE0559004F,近畿,京都府,医療法人社団順和会　京都下鴨病院,京都市左京区下鴨東森ヶ前町17,第三種,多血小板血漿(PRP)の投与によるスポーツ外傷を含む筋、腱、靱帯損傷治療,PRP,AUTO,1.0,https://saiseiiryo.mhlw.go.jp/published_plan/download/02E2407035/5/0,50000,税別,1 回,GPS|Condensia,Zimmer Biomet|京セラ,8,,"治療にかかる費用について この治療は公的保険の対象ではありませんので、当病院所定の下記の施術料をお支払い いただきます。 ・ PRP を用いた治療(GPSIII キット使用)における施術料 100,000 円(税抜) ・ PRP を用いた治療(condensia 使用)における施術料 50,000 円(税抜) ご不明な点は医師・スタッフにお尋ねください。なお1 回の施術あたりの費用は、患部 の状態を確認した医師の判断、およびそれに応じたPRP 投与量等により変更となる場 合がございます。 第3 種 多血小板血漿(PRP)の投与によるスポーツ外傷を含む筋、腱、靱帯損傷治 療の説明文・同意文書 6 11. その他",,
V41_02E2407035,02E2407035,C,V41FEE0559004F,近畿,京都府,医療法人社団順和会　京都下鴨病院,京都市左京区下鴨東森ヶ前町17,第三種,多血小板血漿(PRP)の投与によるスポーツ外傷を含む筋、腱、靱帯損傷治療,PRP,AUTO,1.0,https://saiseiiryo.mhlw.go.jp/published_plan/download/02E2407035/5/0,80000,税別,,GPS|Condensia,Zimmer Biomet|京セラ,8,,"本治療をとりやめた場合 には、とりやめた時点までに発生した施術および製造にかかった費用をお支払いいただ きます。 ・採血前に治療をとりやめた場合、費用のお支払いはございません。 ・採血後から投与までに治療をとりやめた場合、とりやめまでにかかった実費相当の費 用として、GPSIII キット使用時は80,000 円(税抜)を、condensia 使用時は40,000 円 (税抜)をお支払いいただきます。 また治療を行った後は、健康管理のために必要に応じて適切な検査を受けていただき、 医学的に問題がないかを確認させていただきます。 13. 個人情報の保護について 「個人情報の保護に関する法律」に基づき、当院には、個人情報取扱実施規程",,
V41_02E2407035,02E2407035,C,V41FEE0559004F,近畿,京都府,医療法人社団順和会　京都下鴨病院,京都市左京区下鴨東森ヶ前町17,第三種,多血小板血漿(PRP)の投与によるスポーツ外傷を含む筋、腱、靱帯損傷治療,PRP,AUTO,1.0,https://saiseiiryo.mhlw.go.jp/published_plan/download/02E2407035/5/0,100000,税別,1 回,GPS|Condensia,Zimmer Biomet|京セラ,8,,"llar Tendinopathy. Vol. 39, No. 6, 2011 より 10. 治療にかかる費用について この治療は公的保険の対象ではありませんので、当病院所定の下記の施術料をお支払い いただきます。 ・ PRP を用いた治療(GPSIII キット使用)における施術料 100,000 円(税抜) ・ PRP を用いた治療(condensia 使用)における施術料 50,000 円(税抜) ご不明な点は医師・スタッフにお尋ねください。なお1 回の施術あたりの費用は、患部 の状態を確認した医師の判断、およびそれに応じたPRP 投与量等により変更となる場 合がございます。 第3 種 多血小板血漿(PRP)の投",,
V41_03E2603014,03E2603014,D,V41FE04D46B809,近畿,京都府,医療法人藍整会　なか整形外科　京都西院リハビリテーションクリニック,京都市右京区西院高山寺町13　西院阪急ビル3F,第二種,多血小板血漿による関節症治療,PRP,AUTO,1.0,https://saiseiiryo.mhlw.go.jp/published_plan/download/03E2603014/5/0,55000,税込,,,,9,2,"連絡先:075-950-5839 12.費用について この治療は公的保険の対象ではありませんので、当院所定の施術料として55,000円(税込)をお支払 いいただきます。 ※患者様の症状、その他の事情等により治療費が変動する場合があります。",line-level strong price context,
V41_03E2603015,03E2603015,A,V41FE04D46B809,近畿,京都府,医療法人藍整会　なか整形外科　京都西院リハビリテーションクリニック,京都市右京区西院高山寺町13　西院阪急ビル3F,第三種,多血小板血漿を用いた靭帯・腱及び腱付着部の機能障害・疾患の治療,PRP,AUTO,1.0,https://saiseiiryo.mhlw.go.jp/published_plan/download/03E2603015/5/0,33000,税込,,,,9,2,"連絡先:075-950-5839 12.費用について この治療は公的保険の対象ではありませんので、当院所定の施術料として33,000円(税込)をお支払い いただきます。 ※患者様の症状、その他の事情等により治療費が変動する場合があります。",line-level strong price context,
V41_02E2505009,02E2505009,C,V41FF6B5A563C7,近畿,京都府,医療法人財団佐々木会　深江形成整形外科医院,京都市下京区新町通四条下る四条町348番地,第二種,自己脂肪由来幹細胞を用いた慢性疼痛の治療,脂肪由来幹細胞,AUTO,1.0,https://saiseiiryo.mhlw.go.jp/published_plan/download/02E2505009/5/0,3300000,税込,1回,,,9,5,"本治療にかかる費用は、 1億個までの場合:1回分 2,750,000円(税込) 2億個までの場合:1回分 3,300,000円(税込) 同意を撤回された場合など、同意を撤回される時点までに発生した 費用(診察料、検査費、脂肪採取費、輸送費、加工費等)について",line-level strong price context,
V41_03E2407009,03E2407009,B,V41FF6B5A563C7,近畿,京都府,医療法人財団佐々木会　深江形成整形外科医院,京都市下京区新町通四条下る四条町348番地,第二種,自己脂肪由来幹細胞を用いた変形性関節症の治療,脂肪由来幹細胞,AUTO,1.0,https://saiseiiryo.mhlw.go.jp/published_plan/download/03E2407009/5/0,1650000,税込,,,,8,,"させていただきます。 再生医療事務局 電話番号:075-351-3245 12.費用について 本治療は保険適用外であるため、治療にかかる費用全額をご自分で ご負担いただきます。その他、本治療を受けるために必要となった 旅費、交通費などの全ての費用もご自分でご負担いただきます。 本治療にかかる費用は¥1,650,000円(税込)となっております。 なお、脂肪の採取後や、細胞加工物の製造後に同意を撤回された場 合など、同意を撤回される時点までに費用が発生している場合は、 発生した費用についてはあなたにご負担いただきますのでご了承く ださい。 13.他の治療法の有無、本治療法との比較について 変形性関節症の治療法には保存療法と手術療法の2つの方法があり ます",,
V41_03E2507006,03E2507006,B,V41FE5F303E2B0,近畿,京都府,医療法人財団康生会 たけだ膠原病リウマチクリニック,"京都市下京区東洞院通七条下る二丁目東塩小路町606-3 
三旺京都駅前ビル1階",第二種,自家脂肪組織由来の培養間葉系幹細胞を用いた変形性膝関節症の治療,脂肪由来幹細胞,QC,1.0,https://saiseiiryo.mhlw.go.jp/published_plan/download/03E2507006/5/0,,,,,,,,,no price found after text/OCR pass,RuntimeError: Tesseract process timeout
V41_03E2507007,03E2507007,D,V41FE5F303E2B0,近畿,京都府,医療法人財団康生会 たけだ膠原病リウマチクリニック,京都市下京区東洞院通七条下る二丁目東塩小路町606-3 三旺京都駅前ビル1階,第二種,自家多血小板血漿（Platelet-rich plasma：PRP）を用いた慢性関節炎の治療（関節内組織）,PRP,AUTO,1.0,https://saiseiiryo.mhlw.go.jp/published_plan/download/03E2507007/5/0,55000,税込,2 回分,,,9,,"診療であり、健康保険を使用することはできません。 (2) 本治療にかかる費用は、以下のとおりです。なお、費用は、治療に伴う診査、PRP 調製 のための採血にかかる費用、PRP 調製費用、注入にかかる費用の総額となります。左右 両側に投与する場合は、2 回分です。 (関節)PRP1 回・1 部位:\ 55,000 円(税込) 3 回セット 150,000 円(税込) 11. 試料等の保存及び廃棄の方法 患者様から採取した血液と作製したPRP は、患者様ご自身の治療のみに使用します。た だし、症例検討や学会発表を目的として、血液やPRP の測定を行い、データを取得するこ とがあります。 血液およびPRP は微量で全量を使用するため、保管はしません。治療",,
V41_03E2507007,03E2507007,D,V41FE5F303E2B0,近畿,京都府,医療法人財団康生会 たけだ膠原病リウマチクリニック,京都市下京区東洞院通七条下る二丁目東塩小路町606-3 三旺京都駅前ビル1階,第二種,自家多血小板血漿（Platelet-rich plasma：PRP）を用いた慢性関節炎の治療（関節内組織）,PRP,AUTO,1.0,https://saiseiiryo.mhlw.go.jp/published_plan/download/03E2507007/5/0,150000,税込,2 回分,,,9,,"ません。 (2) 本治療にかかる費用は、以下のとおりです。なお、費用は、治療に伴う診査、PRP 調製 のための採血にかかる費用、PRP 調製費用、注入にかかる費用の総額となります。左右 両側に投与する場合は、2 回分です。 (関節)PRP1 回・1 部位:\ 55,000 円(税込) 3 回セット 150,000 円(税込) 11. 試料等の保存及び廃棄の方法 患者様から採取した血液と作製したPRP は、患者様ご自身の治療のみに使用します。た だし、症例検討や学会発表を目的として、血液やPRP の測定を行い、データを取得するこ とがあります。 血液およびPRP は微量で全量を使用するため、保管はしません。治療に用いない血液ま たはPRP が生じた場合",,
V41_03E2507008,03E2507008,A,V41FE5F303E2B0,近畿,京都府,医療法人財団康生会 たけだ膠原病リウマチクリニック,京都市下京区東洞院通七条下る二丁目東塩小路町606-3 三旺京都駅前ビル1階,第三種,自家多血小板血漿(Platelet-rich plasma：PRP)を用いた筋肉、腱、靭帯、筋膜の損傷及び慢性炎症の治療（関節腔外に限る）,PRP,AUTO,1.0,https://saiseiiryo.mhlw.go.jp/published_plan/download/03E2507008/5/0,50000,税込,2 回分,,,9,,"診療であり、健康保険を使用することはできません。 (2) 本治療にかかる費用は、以下のとおりです。なお、費用は、治療に伴う診査、PRP 調製 のための採血にかかる費用、PRP 調製費用、注入にかかる費用の総額となります。左右 両側に投与する場合は、2 回分です。 (筋腱)PRP1 回・1 部位:\ 50,000 円(税込) 3 回セット 135,000 円(税込) 11. 試料等の保存及び廃棄の方法 患者様から採取した血液と作製したPRP は、患者様ご自身の治療のみに使用します。た だし、症例検討や学会発表を目的として、血液やPRP の測定を行い、データを取得するこ とがあります。 血液およびPRP は微量で全量を使用するため、保管はしません。治療",,
V41_03E2507008,03E2507008,A,V41FE5F303E2B0,近畿,京都府,医療法人財団康生会 たけだ膠原病リウマチクリニック,京都市下京区東洞院通七条下る二丁目東塩小路町606-3 三旺京都駅前ビル1階,第三種,自家多血小板血漿(Platelet-rich plasma：PRP)を用いた筋肉、腱、靭帯、筋膜の損傷及び慢性炎症の治療（関節腔外に限る）,PRP,AUTO,1.0,https://saiseiiryo.mhlw.go.jp/published_plan/download/03E2507008/5/0,135000,税込,2 回分,,,9,,"ません。 (2) 本治療にかかる費用は、以下のとおりです。なお、費用は、治療に伴う診査、PRP 調製 のための採血にかかる費用、PRP 調製費用、注入にかかる費用の総額となります。左右 両側に投与する場合は、2 回分です。 (筋腱)PRP1 回・1 部位:\ 50,000 円(税込) 3 回セット 135,000 円(税込) 11. 試料等の保存及び廃棄の方法 患者様から採取した血液と作製したPRP は、患者様ご自身の治療のみに使用します。た だし、症例検討や学会発表を目的として、血液やPRP の測定を行い、データを取得するこ とがあります。 血液およびPRP は微量で全量を使用するため、保管はしません。治療に用いない血液ま たはPRP が生じた場合",,
V41_01G2108005,01G2108005,C,V41FA84AA2260D,九州沖縄,佐賀県,医療法人仁栄会　さかえまち整形外科,佐賀市駅前中央1-4-17コムボックス佐賀駅前2F,第三種,自己多血小板血漿(PRP)を用いた、筋・腱・靭帯の軟部組織再生療法,PRP,QC,1.0,https://saiseiiryo.mhlw.go.jp/published_plan/download/01G2108005/5/0,40000,税別,,,,4,1,"スモールスピッツ:約 10mlの場合 1 本あたり 30,000 円 (税抜価格) ラージスピッツ :約 20mlの場合 1 本あたり 40,000 円 (税抜価格) です。 □ 細胞提供者と受領者(施術対象者)は同一人のため、細胞提供者",price candidates remain ambiguous,
V41_01G2403006,01G2403006,D,V41FB801F6755A,九州沖縄,佐賀県,地方独立行政法人佐賀県医療センター好生館,佐賀市嘉瀬町大字中原４００番地,第三種,自己多血小板血漿(PRP)を用いた筋肉、腱、靭帯、筋膜（関節外の軟部組織）の治療,PRP,AUTO,1.0,https://saiseiiryo.mhlw.go.jp/published_plan/download/01G2403006/5/0,100000,税別,1回,GPS,Zimmer Biomet,9,,"が、逆に ステロイド剤の副作用で重篤な感染症の誘発・骨粗鬆症の増悪・薬剤離脱困難等が生じてし まう可能性があります。 治療にかかる費用について この治療は公的保険の対象ではありませんので、当館にて施術料をお支払いいただきます。 ・PRP 療法 GPSIIIシステム使用 1回 100,000円(税別) ※患者さまの症状により施術料が変わる場合は別途、ご説明いたします。 その他治療についての注意事項 患者さまの体調が良くない場合や、採取した血液の状態によっては、PRP を分離できないこ とがあります。 その際には、再度採血をさせていただく場合があります。 ま",,
V41_01E2603017,01E2603017,A,V41F40626ADF30,近畿,兵庫県,SAクリニック,神戸市中央区元町通1丁目4番12号403号室,第二種,自家培養脂肪由来幹細胞を用いた関節系疾患に対する治療,脂肪由来幹細胞,QC,1.0,https://saiseiiryo.mhlw.go.jp/published_plan/download/01E2603017/5/0,10000,不明,,,,2,4,"けんさりょう : 10,000 円 脂肪 しぼう",price candidates remain ambiguous,
V41_01E2603017,01E2603017,A,V41F40626ADF30,近畿,兵庫県,SAクリニック,神戸市中央区元町通1丁目4番12号403号室,第二種,自家培養脂肪由来幹細胞を用いた関節系疾患に対する治療,脂肪由来幹細胞,QC,1.0,https://saiseiiryo.mhlw.go.jp/published_plan/download/01E2603017/5/0,1200000,不明,,,,2,4,"せんまん cell): 1,200,000円 えん 脂肪",price candidates remain ambiguous,
V41_01E2603017,01E2603017,A,V41F40626ADF30,近畿,兵庫県,SAクリニック,神戸市中央区元町通1丁目4番12号403号室,第二種,自家培養脂肪由来幹細胞を用いた関節系疾患に対する治療,脂肪由来幹細胞,QC,1.0,https://saiseiiryo.mhlw.go.jp/published_plan/download/01E2603017/5/0,1350000,不明,,,,2,4,"せんまん cell): 1,350,000円 えん 脂肪",price candidates remain ambiguous,
V41_01E2603017,01E2603017,A,V41F40626ADF30,近畿,兵庫県,SAクリニック,神戸市中央区元町通1丁目4番12号403号室,第二種,自家培養脂肪由来幹細胞を用いた関節系疾患に対する治療,脂肪由来幹細胞,QC,1.0,https://saiseiiryo.mhlw.go.jp/published_plan/download/01E2603017/5/0,1800000,不明,,,,2,4,"めやす :1億cell): 1,800,000円 えん 脂肪",price candidates remain ambiguous,
V41_01E2603017,01E2603017,A,V41F40626ADF30,近畿,兵庫県,SAクリニック,神戸市中央区元町通1丁目4番12号403号室,第二種,自家培養脂肪由来幹細胞を用いた関節系疾患に対する治療,脂肪由来幹細胞,QC,1.0,https://saiseiiryo.mhlw.go.jp/published_plan/download/01E2603017/5/0,3000,不明,,,,0,4,"りょう : 3,000 円 血液 けつえき",price candidates remain ambiguous,
V41_01E2603017,01E2603017,A,V41F40626ADF30,近畿,兵庫県,SAクリニック,神戸市中央区元町通1丁目4番12号403号室,第二種,自家培養脂肪由来幹細胞を用いた関節系疾患に対する治療,脂肪由来幹細胞,QC,1.0,https://saiseiiryo.mhlw.go.jp/published_plan/download/01E2603017/5/0,2200000,不明,,,,0,4,"おく cell) : 2,200,000円 えん 症状",price candidates remain ambiguous,
V41_01E2601009,01E2601009,C,V41F5F285A66EF,近畿,兵庫県,「夢」整形外科スポーツクリニック,姫路市大津区平松131,第二種,変形性関節症を対象とした自家多血小板血漿（PRP）注入療法,PRP,AUTO,1.0,https://saiseiiryo.mhlw.go.jp/published_plan/download/01E2601009/5/0,30000,税込,1 回,Condensia,京セラ,9,,"由診療です。そのため、患者様の費用負担が 他の治療よりも高額になることがあります。当院において実施される本治療および本治 療に必要な検査などの費用は全額自己負担となります。 PRP 治療の提供価格(京セラCondensia システム使用) 一般:1 回40,000 円(税込) 学生:1 回30,000 円(税込) ※患者様の症状によっては、治療を数回行うことがあります。治療前、または治療後の 状態から担当医師が判断し、患者様にお伝えしご相談させて頂きます。 ※治療内容・回数により1回あたりの費用が減額される場合がございます。施術する前 に詳細な説明をいたしますので、ご納得いただいた上で施術をお受けいただけますよ うお願い申し上げ",,
V41_01E2601009,01E2601009,C,V41F5F285A66EF,近畿,兵庫県,「夢」整形外科スポーツクリニック,姫路市大津区平松131,第二種,変形性関節症を対象とした自家多血小板血漿（PRP）注入療法,PRP,AUTO,1.0,https://saiseiiryo.mhlw.go.jp/published_plan/download/01E2601009/5/0,40000,税込,1 回,Condensia,京セラ,9,,"この治療は、健康保険が適用されない自由診療です。そのため、患者様の費用負担が 他の治療よりも高額になることがあります。当院において実施される本治療および本治 療に必要な検査などの費用は全額自己負担となります。 PRP 治療の提供価格(京セラCondensia システム使用) 一般:1 回40,000 円(税込) 学生:1 回30,000 円(税込) ※患者様の症状によっては、治療を数回行うことがあります。治療前、または治療後の 状態から担当医師が判断し、患者様にお伝えしご相談させて頂きます。 ※治療内容・回数により1回あたりの費用が減額される場合がございます。施術する前 に詳細な説明をいたしますので、ご納得いただいた上で施術",,
V41_01E2601009,01E2601009,C,V41F5F285A66EF,近畿,兵庫県,「夢」整形外科スポーツクリニック,姫路市大津区平松131,第二種,変形性関節症を対象とした自家多血小板血漿（PRP）注入療法,PRP,AUTO,1.0,https://saiseiiryo.mhlw.go.jp/published_plan/download/01E2601009/5/0,15000,不明,,,,-8,,"受けた後に同意されない場合でも、一切不利益を受けることはありません。 また同様に、治療を受けることに同意した場合であっても、投与までの間でしたらい つでも取りやめることができます。その場合、その後の治療について一切不利益は受け ません。(ただし下記のキャンセル料は申し受けます) 採血後~加工前 15,000 円 加工後~投与前 全額 もしこの治療を受けることに同意しない場合も、最適と考えられる治療を実施できる ように患者様の治療に最善を尽くします。 ただし、治療を行った後は、健康管理のために必要に応じて適切な検査を受けていた だき、医学的に問題がないかを確認させていただきます。 11. 試料等の保管及び廃棄の方法について",,
V41_01E2602008,01E2602008,B,V41F5F285A66EF,近畿,兵庫県,「夢」整形外科スポーツクリニック,姫路市大津区平松131,第二種,変形性関節症に対する自己滑膜由来培養間葉系幹細胞の関節内投与療法,滑膜幹細胞,AUTO,1.0,https://saiseiiryo.mhlw.go.jp/published_plan/download/01E2602008/5/0,789000,税込,1回,,,9,,"適用外ですので、治療にかかる費用全額をご自分でご負担いただきます。その他、本治 療を受けるために必要となった宿泊費・交通費などの全ての費用もご自分でご負担いただきます。 治療に必要な費用は検体採取費用・局所麻酔料・培養費用・細胞保管料・関節内投与料・鎮痛剤・抗 生物質などを含めて、幹細胞1 億個:789,000 円/回(税込)となっております。症状やMRI 等の画像 診断結果により投与量(細胞数)が異なります。 また、1回の検体採取で1〜4回の投与分の細胞培養が可能です(採取した検体や細胞の状況により異 なります)。なお、患者様ごとに投与量、投与回数と投与回数に応じたトータル費用(概算)を説明 しますので、必ず担当医の説明を受けてください。2 回",,
V41_01E2604001,01E2604001,D,V41FD49D6B3BD7,近畿,兵庫県,かいと整形外科リハビリクリニック,尼崎市長洲西通1丁目4-15,第二種,変形性関節症を対象とした自家多血小板血漿（PRP）注入療法,PRP,AUTO,1.0,https://saiseiiryo.mhlw.go.jp/published_plan/download/01E2604001/5/0,55000,税込,1 回,Condensia,京セラ,9,,"されない自由診療です。そのため、患者様の費用負担が 他の治療よりも高額になることがあります。当院において実施される本治療および本治 療に必要な検査などの費用は全額自己負担となります。 血液分離専用容器キットによる提供価格 PRP:(京セラCondensia システム)使用 ・・・・・1 回55,000 円(税込) ※患者様の症状によっては、治療を数回行うことがあります。治療前、または治療後の 状態から担当医師が判断し、患者様にお伝えしご相談させて頂きます。 ※治療内容・回数により1回あたりの費用が減額される場合がございます。施術する前 に詳細な説明をいたしますので、ご納得いただいた上で施術をお受けいただけますよ うお願い申し上げま",,
V41_01E2603008,01E2603008,C,V41F3888E7D4F3,近畿,兵庫県,ささき整形外科リハビリクリニック,芦屋市海洋町6-1,第二種,自己脂肪由来幹細胞を用いた関節疾患の治療,脂肪由来幹細胞,QC,1.0,https://saiseiiryo.mhlw.go.jp/published_plan/download/01E2603008/5/0,1000000,税別,1 回,,,5,6,"治療費用(税別)*2 1 約3,000 万個×1 回分 100 万円 2 約5,000 万個×1 回分 110 万円",price candidates remain ambiguous,
V41_01E2603008,01E2603008,C,V41F3888E7D4F3,近畿,兵庫県,ささき整形外科リハビリクリニック,芦屋市海洋町6-1,第二種,自己脂肪由来幹細胞を用いた関節疾患の治療,脂肪由来幹細胞,QC,1.0,https://saiseiiryo.mhlw.go.jp/published_plan/download/01E2603008/5/0,20000,不明,,,,3,7,細胞投与後 1 2 万円 20 万円 80 万円,price candidates remain ambiguous,
V41_01E2603008,01E2603008,C,V41F3888E7D4F3,近畿,兵庫県,ささき整形外科リハビリクリニック,芦屋市海洋町6-1,第二種,自己脂肪由来幹細胞を用いた関節疾患の治療,脂肪由来幹細胞,QC,1.0,https://saiseiiryo.mhlw.go.jp/published_plan/download/01E2603008/5/0,2000000,不明,3 回分,,,3,6,"150 万円 4 約3,000 万個×3 回分 200 万円 5 約2 億個×1 回分(1 関節) 230 万円",price candidates remain ambiguous,
V41_01E2603008,01E2603008,C,V41F3888E7D4F3,近畿,兵庫県,ささき整形外科リハビリクリニック,芦屋市海洋町6-1,第二種,自己脂肪由来幹細胞を用いた関節疾患の治療,脂肪由来幹細胞,QC,1.0,https://saiseiiryo.mhlw.go.jp/published_plan/download/01E2603008/5/0,2300000,不明,1 回,,,3,6,200 万円 5 約2 億個×1 回分(1 関節) 230 万円 6 約1 億個×2 回分(2 関節) 230 万円,price candidates remain ambiguous,
V41_01E2603008,01E2603008,C,V41F3888E7D4F3,近畿,兵庫県,ささき整形外科リハビリクリニック,芦屋市海洋町6-1,第二種,自己脂肪由来幹細胞を用いた関節疾患の治療,脂肪由来幹細胞,QC,1.0,https://saiseiiryo.mhlw.go.jp/published_plan/download/01E2603008/5/0,2300000,不明,2 回分,,,3,6,230 万円 6 約1 億個×2 回分(2 関節) 230 万円 7 約1 億個×2 回分 250 万円,price candidates remain ambiguous,
V41_01E2603008,01E2603008,C,V41F3888E7D4F3,近畿,兵庫県,ささき整形外科リハビリクリニック,芦屋市海洋町6-1,第二種,自己脂肪由来幹細胞を用いた関節疾患の治療,脂肪由来幹細胞,QC,1.0,https://saiseiiryo.mhlw.go.jp/published_plan/download/01E2603008/5/0,2500000,不明,2 回分,,,3,6,230 万円 7 約1 億個×2 回分 250 万円 *投与細胞数は患部の状態や患者様のご希望などを考慮して決定します。 なお、脂肪組織の採取の施術開始後や細胞加工の開始後、あるいは3 回投与の場合に1 回,price candidates remain ambiguous,
V41_01E2603008,01E2603008,C,V41F3888E7D4F3,近畿,兵庫県,ささき整形外科リハビリクリニック,芦屋市海洋町6-1,第二種,自己脂肪由来幹細胞を用いた関節疾患の治療,脂肪由来幹細胞,QC,1.0,https://saiseiiryo.mhlw.go.jp/published_plan/download/01E2603008/5/0,1100000,不明,1 回,,,1,6,"100 万円 2 約5,000 万個×1 回分 110 万円 3 約1 億個×1 回分 150 万円",price candidates remain ambiguous,
V41_01E2603008,01E2603008,C,V41F3888E7D4F3,近畿,兵庫県,ささき整形外科リハビリクリニック,芦屋市海洋町6-1,第二種,自己脂肪由来幹細胞を用いた関節疾患の治療,脂肪由来幹細胞,QC,1.0,https://saiseiiryo.mhlw.go.jp/published_plan/download/01E2603008/5/0,1500000,不明,1 回,,,1,6,"110 万円 3 約1 億個×1 回分 150 万円 4 約3,000 万個×3 回分 200 万円",price candidates remain ambiguous,
V41_01E2603008,01E2603008,C,V41F3888E7D4F3,近畿,兵庫県,ささき整形外科リハビリクリニック,芦屋市海洋町6-1,第二種,自己脂肪由来幹細胞を用いた関節疾患の治療,脂肪由来幹細胞,QC,1.0,https://saiseiiryo.mhlw.go.jp/published_plan/download/01E2603008/5/0,200000,不明,,,,0,7,1 2 万円 20 万円 80 万円 100 万円,price candidates remain ambiguous,
V41_01E2603008,01E2603008,C,V41F3888E7D4F3,近畿,兵庫県,ささき整形外科リハビリクリニック,芦屋市海洋町6-1,第二種,自己脂肪由来幹細胞を用いた関節疾患の治療,脂肪由来幹細胞,QC,1.0,https://saiseiiryo.mhlw.go.jp/published_plan/download/01E2603008/5/0,800000,不明,,,,0,7,2 万円 20 万円 80 万円 100 万円 2,price candidates remain ambiguous,
V41_01E2603008,01E2603008,C,V41F3888E7D4F3,近畿,兵庫県,ささき整形外科リハビリクリニック,芦屋市海洋町6-1,第二種,自己脂肪由来幹細胞を用いた関節疾患の治療,脂肪由来幹細胞,QC,1.0,https://saiseiiryo.mhlw.go.jp/published_plan/download/01E2603008/5/0,900000,不明,,,,0,7,2 万円 20 万円 90 万円 110 万円 3,price candidates remain ambiguous,
V41_01E2603008,01E2603008,C,V41F3888E7D4F3,近畿,兵庫県,ささき整形外科リハビリクリニック,芦屋市海洋町6-1,第二種,自己脂肪由来幹細胞を用いた関節疾患の治療,脂肪由来幹細胞,QC,1.0,https://saiseiiryo.mhlw.go.jp/published_plan/download/01E2603008/5/0,1000000,不明,,,,0,7,20 万円 80 万円 100 万円 2 2 万円,price candidates remain ambiguous,
V41_01E2603008,01E2603008,C,V41F3888E7D4F3,近畿,兵庫県,ささき整形外科リハビリクリニック,芦屋市海洋町6-1,第二種,自己脂肪由来幹細胞を用いた関節疾患の治療,脂肪由来幹細胞,QC,1.0,https://saiseiiryo.mhlw.go.jp/published_plan/download/01E2603008/5/0,1100000,不明,,,,0,7,20 万円 90 万円 110 万円 3 2 万円,price candidates remain ambiguous,
V41_01E2603008,01E2603008,C,V41F3888E7D4F3,近畿,兵庫県,ささき整形外科リハビリクリニック,芦屋市海洋町6-1,第二種,自己脂肪由来幹細胞を用いた関節疾患の治療,脂肪由来幹細胞,QC,1.0,https://saiseiiryo.mhlw.go.jp/published_plan/download/01E2603008/5/0,1200000,不明,,,,0,7,2 万円 20 万円 120 万円 150 万円 4,price candidates remain ambiguous,
V41_01E2603008,01E2603008,C,V41F3888E7D4F3,近畿,兵庫県,ささき整形外科リハビリクリニック,芦屋市海洋町6-1,第二種,自己脂肪由来幹細胞を用いた関節疾患の治療,脂肪由来幹細胞,QC,1.0,https://saiseiiryo.mhlw.go.jp/published_plan/download/01E2603008/5/0,1500000,不明,,,,0,7,20 万円 120 万円 150 万円 4 2 万円,price candidates remain ambiguous,
V41_01E2603008,01E2603008,C,V41F3888E7D4F3,近畿,兵庫県,ささき整形外科リハビリクリニック,芦屋市海洋町6-1,第二種,自己脂肪由来幹細胞を用いた関節疾患の治療,脂肪由来幹細胞,QC,1.0,https://saiseiiryo.mhlw.go.jp/published_plan/download/01E2603008/5/0,1600000,不明,,,,0,7,2 万円 20 万円 160 万円 200 万円 5,price candidates remain ambiguous,
V41_01E2603009,01E2603009,A,V41F3888E7D4F3,近畿,兵庫県,ささき整形外科リハビリクリニック,芦屋市海洋町6-1,第二種,自家多血小板血漿（Platelet-Rich Plasma：PRP）を用いた慢性関節炎の治療（関節内組織）,PRP,QC,1.0,https://saiseiiryo.mhlw.go.jp/published_plan/download/01E2603009/5/0,50000,税込,,ACP|Condensia,Arthrex|京セラ,6,8,"費用(税込み) ACP-PRP 50,000 円 Condensia 45,000 円",price candidates remain ambiguous,
V41_01E2603009,01E2603009,A,V41F3888E7D4F3,近畿,兵庫県,ささき整形外科リハビリクリニック,芦屋市海洋町6-1,第二種,自家多血小板血漿（Platelet-Rich Plasma：PRP）を用いた慢性関節炎の治療（関節内組織）,PRP,QC,1.0,https://saiseiiryo.mhlw.go.jp/published_plan/download/01E2603009/5/0,330000,不明,,APS,Zimmer Biomet,5,8,"149,600 円 APS 330,000 円 • 採血開始後のキャンセルは、材料等が既に使用されているため、費用全額を申し受",price candidates remain ambiguous,
V41_01E2603009,01E2603009,A,V41F3888E7D4F3,近畿,兵庫県,ささき整形外科リハビリクリニック,芦屋市海洋町6-1,第二種,自家多血小板血漿（Platelet-Rich Plasma：PRP）を用いた慢性関節炎の治療（関節内組織）,PRP,QC,1.0,https://saiseiiryo.mhlw.go.jp/published_plan/download/01E2603009/5/0,45000,不明,,GPS|Condensia,Zimmer Biomet|京セラ,2,8,"50,000 円 Condensia 45,000 円 GPSIII 110,000 円",price candidates remain ambiguous,
V41_01E2603009,01E2603009,A,V41F3888E7D4F3,近畿,兵庫県,ささき整形外科リハビリクリニック,芦屋市海洋町6-1,第二種,自家多血小板血漿（Platelet-Rich Plasma：PRP）を用いた慢性関節炎の治療（関節内組織）,PRP,QC,1.0,https://saiseiiryo.mhlw.go.jp/published_plan/download/01E2603009/5/0,110000,不明,,ACP MAX|ACP|GPS,Arthrex|Zimmer Biomet,2,8,"45,000 円 GPSIII 110,000 円 HD-PRP(ACP MAX 使用) 149,600 円",price candidates remain ambiguous,
V41_01E2603009,01E2603009,A,V41F3888E7D4F3,近畿,兵庫県,ささき整形外科リハビリクリニック,芦屋市海洋町6-1,第二種,自家多血小板血漿（Platelet-Rich Plasma：PRP）を用いた慢性関節炎の治療（関節内組織）,PRP,QC,1.0,https://saiseiiryo.mhlw.go.jp/published_plan/download/01E2603009/5/0,149600,不明,,ACP MAX|ACP|APS,Arthrex|Zimmer Biomet,2,8,"110,000 円 HD-PRP(ACP MAX 使用) 149,600 円 APS 330,000 円",price candidates remain ambiguous,
V41_01E2603010,01E2603010,B,V41F3888E7D4F3,近畿,兵庫県,ささき整形外科リハビリクリニック,芦屋市海洋町6-1,第三種,自家多血小板血漿（Platelet-Rich Plasma：PRP）を用いた筋肉、腱、靭帯、筋膜の損傷及び慢性炎症の治療（関節外の軟部組織）,PRP,QC,1.0,https://saiseiiryo.mhlw.go.jp/published_plan/download/01E2603010/5/0,50000,税込,,ACP|Condensia,Arthrex|京セラ,6,8,"費用(税込み) ACP-PRP 50,000 円 Condensia 45,000 円",price candidates remain ambiguous,
V41_01E2603010,01E2603010,B,V41F3888E7D4F3,近畿,兵庫県,ささき整形外科リハビリクリニック,芦屋市海洋町6-1,第三種,自家多血小板血漿（Platelet-Rich Plasma：PRP）を用いた筋肉、腱、靭帯、筋膜の損傷及び慢性炎症の治療（関節外の軟部組織）,PRP,QC,1.0,https://saiseiiryo.mhlw.go.jp/published_plan/download/01E2603010/5/0,330000,不明,,APS,Zimmer Biomet,5,8,"149,600 円 APS 330,000 円 • 採血開始後のキャンセルは、材料等が既に使用されているため、費用全額を申し受",price candidates remain ambiguous,
V41_01E2603010,01E2603010,B,V41F3888E7D4F3,近畿,兵庫県,ささき整形外科リハビリクリニック,芦屋市海洋町6-1,第三種,自家多血小板血漿（Platelet-Rich Plasma：PRP）を用いた筋肉、腱、靭帯、筋膜の損傷及び慢性炎症の治療（関節外の軟部組織）,PRP,QC,1.0,https://saiseiiryo.mhlw.go.jp/published_plan/download/01E2603010/5/0,45000,不明,,GPS|Condensia,Zimmer Biomet|京セラ,2,8,"50,000 円 Condensia 45,000 円 GPSIII 110,000 円",price candidates remain ambiguous,
V41_01E2603010,01E2603010,B,V41F3888E7D4F3,近畿,兵庫県,ささき整形外科リハビリクリニック,芦屋市海洋町6-1,第三種,自家多血小板血漿（Platelet-Rich Plasma：PRP）を用いた筋肉、腱、靭帯、筋膜の損傷及び慢性炎症の治療（関節外の軟部組織）,PRP,QC,1.0,https://saiseiiryo.mhlw.go.jp/published_plan/download/01E2603010/5/0,110000,不明,,ACP MAX|ACP|GPS,Arthrex|Zimmer Biomet,2,8,"45,000 円 GPSIII 110,000 円 HD-PRP(ACP MAX 使用) 149,600 円",price candidates remain ambiguous,
V41_01E2603010,01E2603010,B,V41F3888E7D4F3,近畿,兵庫県,ささき整形外科リハビリクリニック,芦屋市海洋町6-1,第三種,自家多血小板血漿（Platelet-Rich Plasma：PRP）を用いた筋肉、腱、靭帯、筋膜の損傷及び慢性炎症の治療（関節外の軟部組織）,PRP,QC,1.0,https://saiseiiryo.mhlw.go.jp/published_plan/download/01E2603010/5/0,149600,不明,,ACP MAX|ACP|APS,Arthrex|Zimmer Biomet,2,8,"110,000 円 HD-PRP(ACP MAX 使用) 149,600 円 APS 330,000 円",price candidates remain ambiguous,
V41_01E2402021,01E2402021,A,V41FB46E02318B,近畿,兵庫県,たちはら整形外科・肩とスポーツのクリニック,明石市大蔵天神町5-16,第三種,自家多血小板血漿(Platelet-rich plasma:PRP)を用いた筋肉、腱、靭帯、筋膜の損傷及び慢性炎症の治療（関節腔外に限る）,PRP,AUTO,1.0,https://saiseiiryo.mhlw.go.jp/published_plan/download/01E2402021/5/0,50000,税別,1回,,,9,,"治療費用 (1) 本治療は、すべて自費診療であり、健康保険を使用することはできません。 (2) 本治療にかかる費用は、以下のとおりです。なお、費用は、治療に伴う診査、自家PRP 調製のための採血にかかる費用、自家PRP 調製費用、注入にかかる費用の総額となりま す。 PRP 療法1回 5万円 消費税別 11. 試料等の保存及び廃棄の方法 この治療にて採取した血液は、患者様ご自身の治療のみに使用します。ただし,症 例検討や学会発表を目的として,患者様より採取した血液及び調整した細胞加工物 (自家PRP)の測定を行い,データを取得することがあります。 採血した血液の状態により治療に用いなかった血液が発生した場合は",,
V41_01E2402024,01E2402024,D,V41FB46E02318B,近畿,兵庫県,たちはら整形外科・肩とスポーツのクリニック,明石市大蔵天神町5-16,第二種,自家多血小板血漿（Platelet-rich plasma：PRP）を用いた慢性関節炎の治療（関節内組織）,PRP,AUTO,1.0,https://saiseiiryo.mhlw.go.jp/published_plan/download/01E2402024/5/0,250000,税込,2 回分,,,9,,"用することはできませ ん。 (2) 本治療にかかる費用は、以下のとおりです。なお、費用は、治療に伴う診 査、PRP 調製のための採血にかかる費用、PRP 調製費用、注入にかかる費 用の総額となります。左右両側に投与する場合は、2 回分です。 PRP 1 回分(1 部位) 250,000 円(税込) PRP 2 回分(2 部位同時) 300,000 円(税込) 11. 試料等の保存及び廃棄の方法 患者様から採取した血液と作製したPRP は、患者様ご自身の治療のみ に使用します。ただし、症例検討や学会発表を目的として、血液やPRP の測定を行い、データを取得することがあります。 血液およびPR",,
V41_01E2402024,01E2402024,D,V41FB46E02318B,近畿,兵庫県,たちはら整形外科・肩とスポーツのクリニック,明石市大蔵天神町5-16,第二種,自家多血小板血漿（Platelet-rich plasma：PRP）を用いた慢性関節炎の治療（関節内組織）,PRP,AUTO,1.0,https://saiseiiryo.mhlw.go.jp/published_plan/download/01E2402024/5/0,300000,税込,2 回分,,,9,,"お、費用は、治療に伴う診 査、PRP 調製のための採血にかかる費用、PRP 調製費用、注入にかかる費 用の総額となります。左右両側に投与する場合は、2 回分です。 PRP 1 回分(1 部位) 250,000 円(税込) PRP 2 回分(2 部位同時) 300,000 円(税込) 11. 試料等の保存及び廃棄の方法 患者様から採取した血液と作製したPRP は、患者様ご自身の治療のみ に使用します。ただし、症例検討や学会発表を目的として、血液やPRP の測定を行い、データを取得することがあります。 血液およびPRP は微量で全量を使用するため、保管はしません。治療 に用いない血液またはPRP",,
V41_03E2409010,03E2409010,B,V41F4050181104,近畿,兵庫県,やす整形外科クリニック,明石市和坂12-16　カトレアビル,第三種,多血小板血漿(PRP)の投与によるスポーツ外傷を含む筋、腱、靱帯損傷治療,PRP,AUTO,1.0,https://saiseiiryo.mhlw.go.jp/published_plan/download/03E2409010/5/0,90000,税別,1 回,,,8,,"外傷を含む筋、腱、靱帯損傷治 療の説明文・同意文書 6 10. 治療にかかる費用について この治療は公的保険の対象ではありませんので、当病院所定の下記の施術料をお支払い いただきます。 ・PRP を用いた治療における施術料 90,000 円(税別) ご不明な点は医師・スタッフにお尋ねください。なお1 回の施術あたりの費用は、患部 の状態を確認した医師の判断、およびそれに応じたPRP 投与量等により変更となる場 合がございます。 11. その他治療についての注意事項 患者様の体調が良くない場合や、採取した血液の状態",,
V41_01E2101022,01E2101022,C,V41F61563E6EA1,近畿,兵庫県,三輪整形外科クリニック,"神戸市垂水区舞多聞西五丁目１番３号　
ノアすこやかプラザ舞多聞クリニックモール１０２号室",第三種,自家多血小板血漿(Platelet-rich plasma:PRP)を用いた筋肉、腱、靭帯、筋膜の損傷及び慢性炎症の治療(関節腔外に限る),PRP,AUTO,1.0,https://saiseiiryo.mhlw.go.jp/published_plan/download/01E2101022/5/0,30000,税別,1回,,,9,,"健康保険を使用することはできません。 (2) 本治療にかかる費用は、以下のとおりです。なお、費用は、治療に伴う診査、 自家PRP 作製のための採血にかかる費用、自家PRP 作製費用、注入にかか る費用の総額となります。 PRP 療法1回 4 万円(消費税別) ※同一部位2 回目以降は1 回3 万円(消費税別) 11. 試料等の保存及び廃棄の方法 この治療にて採取した血液は、患者様ご自身の治療のみに使用します。 採血した血液の状態により治療に用いなかった血液が発生した場合は、 適切に処理し、すべて廃棄します。 なお,この治療は、細胞提供者と再生医療等を受ける者と同一であり、採取し た細胞は微量で培養工程を伴わず、",,
V41_01E2101022,01E2101022,C,V41F61563E6EA1,近畿,兵庫県,三輪整形外科クリニック,"神戸市垂水区舞多聞西五丁目１番３号　
ノアすこやかプラザ舞多聞クリニックモール１０２号室",第三種,自家多血小板血漿(Platelet-rich plasma:PRP)を用いた筋肉、腱、靭帯、筋膜の損傷及び慢性炎症の治療(関節腔外に限る),PRP,AUTO,1.0,https://saiseiiryo.mhlw.go.jp/published_plan/download/01E2101022/5/0,40000,税別,1回,,,9,,"療費用 (1) 本治療は、すべて自費診療であり、健康保険を使用することはできません。 (2) 本治療にかかる費用は、以下のとおりです。なお、費用は、治療に伴う診査、 自家PRP 作製のための採血にかかる費用、自家PRP 作製費用、注入にかか る費用の総額となります。 PRP 療法1回 4 万円(消費税別) ※同一部位2 回目以降は1 回3 万円(消費税別) 11. 試料等の保存及び廃棄の方法 この治療にて採取した血液は、患者様ご自身の治療のみに使用します。 採血した血液の状態により治療に用いなかった血液が発生した場合は、 適切に処理し、すべて廃棄します。 なお,この治療は、細胞提供者と再生医療等を受ける者",,
V41_03E2509015,03E2509015,D,V41FDA9F8D246C,近畿,兵庫県,兵庫県立リハビリテーション中央病院,神戸市西区曙町1070,第三種,自家多血小板血漿(Platelet-rich plasma：PRP)を用いた筋・腱・靭帯損傷に対する治療,PRP,AUTO,1.0,https://saiseiiryo.mhlw.go.jp/published_plan/download/03E2509015/5/0,70000,税込,,,,8,,"れ、痛み、内出血などは一時的ですが、症状の強い場合にはご 相談ください。 ・効果の持続期間は個人差があります。 ・その他、PRPそのものによる副作用は現在のところ報告されてい ません。 【治療にかかる費用】 本治療は保険適用となっていないため、患者さんご本人の負担とな ります。 治療費は1か所につき70,000円(税込み)です。 治療の開始後、患者さんの個人的な事情及び金銭等に関する問題に 関しては、一切責任を負いかねますのでご了承ください。 【同意撤回について】 この治療に関して同意した後、患者さんの意志で同意を撤回するこ とができます。 同意を撤回することで患者さんに不利益が生じることはありませ ん。ただし、施術後の撤回についてはこれには該",,
V41_03E2607007,03E2607007,A,V41F795D2C68D4,近畿,兵庫県,医療法人　研樹会　神戸ルミヴィアクリニック,"兵庫県兵庫県神戸市中央区北長狭通4-6-15
リンズエムディ神戸元町5F",第三種,多血小板血漿（Platelet-rich plasma：PRP）を用いた筋肉、腱、靭帯、筋膜の損傷及び慢性炎症の治療（関節外の軟部組織）,PRP,AUTO,1.0,https://saiseiiryo.mhlw.go.jp/published_plan/download/03E2607007/5/0,77000,税込,,APS|GPS|Condensia,Zimmer Biomet|京セラ,8,,"窓口部署:事務 連絡先:078-335-6015 14.費用について 細胞の提供に際して費用は発生しません。 治療の提供に際しては、本治療は公的保険の対象ではありませんので、当院所定の施術料として以下の金額 (税込)をお支払いいただきます。 1Condensiaシステム 77,000 円 2GPSIIIシステム 220,000 円 3APS キット 330,000 円 ※患者様の症状、その他の事情等により治療費が変動する場合があります。 なお、細胞の採取後や加工後に同意を撤回された場合など、同意を撤回される時点までに費用が発生してい る場合は、発生した費用については患者様にご負担いただき",,
V41_03E2607007,03E2607007,A,V41F795D2C68D4,近畿,兵庫県,医療法人　研樹会　神戸ルミヴィアクリニック,"兵庫県兵庫県神戸市中央区北長狭通4-6-15
リンズエムディ神戸元町5F",第三種,多血小板血漿（Platelet-rich plasma：PRP）を用いた筋肉、腱、靭帯、筋膜の損傷及び慢性炎症の治療（関節外の軟部組織）,PRP,AUTO,1.0,https://saiseiiryo.mhlw.go.jp/published_plan/download/03E2607007/5/0,220000,税込,,APS|GPS|Condensia,Zimmer Biomet|京セラ,8,,"14.費用について 細胞の提供に際して費用は発生しません。 治療の提供に際しては、本治療は公的保険の対象ではありませんので、当院所定の施術料として以下の金額 (税込)をお支払いいただきます。 1Condensiaシステム 77,000 円 2GPSIIIシステム 220,000 円 3APS キット 330,000 円 ※患者様の症状、その他の事情等により治療費が変動する場合があります。 なお、細胞の採取後や加工後に同意を撤回された場合など、同意を撤回される時点までに費用が発生してい る場合は、発生した費用については患者様にご負担いただきますのでご了承ください。 15.他の治療法の有",,
V41_03E2607007,03E2607007,A,V41F795D2C68D4,近畿,兵庫県,医療法人　研樹会　神戸ルミヴィアクリニック,"兵庫県兵庫県神戸市中央区北長狭通4-6-15
リンズエムディ神戸元町5F",第三種,多血小板血漿（Platelet-rich plasma：PRP）を用いた筋肉、腱、靭帯、筋膜の損傷及び慢性炎症の治療（関節外の軟部組織）,PRP,AUTO,1.0,https://saiseiiryo.mhlw.go.jp/published_plan/download/03E2607007/5/0,330000,税込,,APS|GPS|Condensia,Zimmer Biomet|京セラ,8,,"用は発生しません。 治療の提供に際しては、本治療は公的保険の対象ではありませんので、当院所定の施術料として以下の金額 (税込)をお支払いいただきます。 1Condensiaシステム 77,000 円 2GPSIIIシステム 220,000 円 3APS キット 330,000 円 ※患者様の症状、その他の事情等により治療費が変動する場合があります。 なお、細胞の採取後や加工後に同意を撤回された場合など、同意を撤回される時点までに費用が発生してい る場合は、発生した費用については患者様にご負担いただきますのでご了承ください。 15.他の治療法の有無、本治療法との比較について 靭帯・腱及び腱付着部",,
V41_01E2407013,01E2407013,B,V41FB8659C42C9,近畿,兵庫県,医療法人社団　髙倉整形外科クリニック,神戸市灘区徳井町5-4-21,第三種,多血小板血漿を用いた整形外科領域（関節腔内への投与を除く）の治療,PRP,AUTO,1.0,https://saiseiiryo.mhlw.go.jp/published_plan/download/01E2407013/5/0,88000,税込,,ACP|APS|GPS|Condensia,Arthrex|Zimmer Biomet|京セラ,8,,"窓口部署:看護部 連絡先:078-851-1053 14.費用について 細胞の提供に際して費用は発生しません。 治療の提供に際しては、本治療は公的保険の対象ではありませんので、当院所定の施術料とし て以下の金額をお支払いいただきます(全て税込)。 1Condensiaシステム:88,000 円 2ACP ダブルシリンジ:99,000 円 3GPSIIIシステム:110,000 円 4GPSIIIシステム及びAPSキット:308,000 円 ※患者様の症状、その他の事情等により治療費が変動する場合があります。 なお、細胞の採取後や加工後に同意を撤回された場合など、同意を撤回される時点までに費用 が発生している場合は",,
V41_01E2407013,01E2407013,B,V41FB8659C42C9,近畿,兵庫県,医療法人社団　髙倉整形外科クリニック,神戸市灘区徳井町5-4-21,第三種,多血小板血漿を用いた整形外科領域（関節腔内への投与を除く）の治療,PRP,AUTO,1.0,https://saiseiiryo.mhlw.go.jp/published_plan/download/01E2407013/5/0,99000,税込,,ACP|APS|GPS|Condensia,Arthrex|Zimmer Biomet|京セラ,8,,"-1053 14.費用について 細胞の提供に際して費用は発生しません。 治療の提供に際しては、本治療は公的保険の対象ではありませんので、当院所定の施術料とし て以下の金額をお支払いいただきます(全て税込)。 1Condensiaシステム:88,000 円 2ACP ダブルシリンジ:99,000 円 3GPSIIIシステム:110,000 円 4GPSIIIシステム及びAPSキット:308,000 円 ※患者様の症状、その他の事情等により治療費が変動する場合があります。 なお、細胞の採取後や加工後に同意を撤回された場合など、同意を撤回される時点までに費用 が発生している場合は、発生した費用については患者様にご負担いただき",,
V41_01E2407013,01E2407013,B,V41FB8659C42C9,近畿,兵庫県,医療法人社団　髙倉整形外科クリニック,神戸市灘区徳井町5-4-21,第三種,多血小板血漿を用いた整形外科領域（関節腔内への投与を除く）の治療,PRP,AUTO,1.0,https://saiseiiryo.mhlw.go.jp/published_plan/download/01E2407013/5/0,110000,税込,,ACP|APS|GPS|Condensia,Arthrex|Zimmer Biomet|京セラ,8,,"の提供に際して費用は発生しません。 治療の提供に際しては、本治療は公的保険の対象ではありませんので、当院所定の施術料とし て以下の金額をお支払いいただきます(全て税込)。 1Condensiaシステム:88,000 円 2ACP ダブルシリンジ:99,000 円 3GPSIIIシステム:110,000 円 4GPSIIIシステム及びAPSキット:308,000 円 ※患者様の症状、その他の事情等により治療費が変動する場合があります。 なお、細胞の採取後や加工後に同意を撤回された場合など、同意を撤回される時点までに費用 が発生している場合は、発生した費用については患者様にご負担いただきますのでご了承くださ い。 15.他の",,
V41_01E2407013,01E2407013,B,V41FB8659C42C9,近畿,兵庫県,医療法人社団　髙倉整形外科クリニック,神戸市灘区徳井町5-4-21,第三種,多血小板血漿を用いた整形外科領域（関節腔内への投与を除く）の治療,PRP,AUTO,1.0,https://saiseiiryo.mhlw.go.jp/published_plan/download/01E2407013/5/0,308000,税込,,ACP|APS|GPS|Condensia,Arthrex|Zimmer Biomet|京セラ,8,,"治療は公的保険の対象ではありませんので、当院所定の施術料とし て以下の金額をお支払いいただきます(全て税込)。 1Condensiaシステム:88,000 円 2ACP ダブルシリンジ:99,000 円 3GPSIIIシステム:110,000 円 4GPSIIIシステム及びAPSキット:308,000 円 ※患者様の症状、その他の事情等により治療費が変動する場合があります。 なお、細胞の採取後や加工後に同意を撤回された場合など、同意を撤回される時点までに費用 が発生している場合は、発生した費用については患者様にご負担いただきますのでご了承くださ い。 15.他の治療法の有無、本治療法との比較について 靭帯・腱及び腱付着部",,
V41_03E2404005,03E2404005,C,V41F4EE36EF8BB,近畿,兵庫県,医療法人社団さいとう整形外科,神戸市西区桜が丘中町４丁目９−７,第三種,多血小板血漿を用いた整形外科領域（関節腔内への投与を除く）の治療,PRP,AUTO,1.0,https://saiseiiryo.mhlw.go.jp/published_plan/download/03E2404005/5/0,75000,税込,,GPS|Condensia,Zimmer Biomet|京セラ,8,,"ていただきます。 窓口(担当部門:理事長) 電話番号:078-995-7377 14.費用について 細胞の提供に際して費用は発生しません。 治療の提供に際しては、本治療は公的保険の対象ではありませんので、当院所定の以下の施術料をお支 払いいただきます。 ・コンデンシアシステム使用 75,000円(税込) ・GPSIIIシステム使用 110,000円(税込) ※患者様の症状、その他の事情等により治療費が変動する場合があります。 なお、細胞の採取後や加工後に同意を撤回された場合など、同意を撤回される時点までに費用が発生し ている場合は、発生した費用については患者様にご負担いただきますのでご了承ください。 15.他の",,
V41_03E2404005,03E2404005,C,V41F4EE36EF8BB,近畿,兵庫県,医療法人社団さいとう整形外科,神戸市西区桜が丘中町４丁目９−７,第三種,多血小板血漿を用いた整形外科領域（関節腔内への投与を除く）の治療,PRP,AUTO,1.0,https://saiseiiryo.mhlw.go.jp/published_plan/download/03E2404005/5/0,110000,税込,,GPS|Condensia,Zimmer Biomet|京セラ,8,,"号:078-995-7377 14.費用について 細胞の提供に際して費用は発生しません。 治療の提供に際しては、本治療は公的保険の対象ではありませんので、当院所定の以下の施術料をお支 払いいただきます。 ・コンデンシアシステム使用 75,000円(税込) ・GPSIIIシステム使用 110,000円(税込) ※患者様の症状、その他の事情等により治療費が変動する場合があります。 なお、細胞の採取後や加工後に同意を撤回された場合など、同意を撤回される時点までに費用が発生し ている場合は、発生した費用については患者様にご負担いただきますのでご了承ください。 15.他の治療法の有無、本治療法との比較について 靭帯・腱及び腱",,
V41_03E2402001,03E2402001,D,V41F7176357132,近畿,兵庫県,"医療法人社団リハケア会
西川整形外科リハビリクリニック",尼崎市武庫之荘本町1丁目1-4,第二種,多血小板血漿（PRP）の投与による変形性関節症治療,PRP,AUTO,1.0,https://saiseiiryo.mhlw.go.jp/published_plan/download/03E2402001/5/0,55000,税込,1回,APS|GPS|MyCells,Zimmer Biomet|MyCells系,9,,"全 には否定できない 品質管理された安全性の高いものだが、アレルギー反応などの可能 性を完全には否定できない 11. 治療にかかる費用について この治療は公的保険の対象ではありませんので、当院の所定の施術 料をお支払いいただきます。 ・PRPを用いた治療(Mycells®キット使用)における施術料 55,000 円(税込) ・PRPを用いた治療(GPSIIIキット使用)における施術料 110,000円 (税込) ・濃縮PRPを用いた治療(APSキット使用)における施術料 330,000円(税込) ご不明な点は医師・スタッフにお尋ねください。なお1回の施術あ たりの費用は、患部の状態を確認した医師の判断、PRPの遠心回数 等により変更となる場合がござ",,
V41_03E2402001,03E2402001,D,V41F7176357132,近畿,兵庫県,"医療法人社団リハケア会
西川整形外科リハビリクリニック",尼崎市武庫之荘本町1丁目1-4,第二種,多血小板血漿（PRP）の投与による変形性関節症治療,PRP,AUTO,1.0,https://saiseiiryo.mhlw.go.jp/published_plan/download/03E2402001/5/0,110000,税込,1回,APS|GPS|MyCells,Zimmer Biomet|MyCells系,9,,"完全には否定できない 11. 治療にかかる費用について この治療は公的保険の対象ではありませんので、当院の所定の施術 料をお支払いいただきます。 ・PRPを用いた治療(Mycells®キット使用)における施術料 55,000 円(税込) ・PRPを用いた治療(GPSIIIキット使用)における施術料 110,000円 (税込) ・濃縮PRPを用いた治療(APSキット使用)における施術料 330,000円(税込) ご不明な点は医師・スタッフにお尋ねください。なお1回の施術あ たりの費用は、患部の状態を確認した医師の判断、PRPの遠心回数 等により変更となる場合がございます。 12. その他治療についての注意事 項",,
V41_03E2402001,03E2402001,D,V41F7176357132,近畿,兵庫県,"医療法人社団リハケア会
西川整形外科リハビリクリニック",尼崎市武庫之荘本町1丁目1-4,第二種,多血小板血漿（PRP）の投与による変形性関節症治療,PRP,AUTO,1.0,https://saiseiiryo.mhlw.go.jp/published_plan/download/03E2402001/5/0,330000,税込,1回,APS|GPS|MyCells,Zimmer Biomet|MyCells系,9,,"ませんので、当院の所定の施術 料をお支払いいただきます。 ・PRPを用いた治療(Mycells®キット使用)における施術料 55,000 円(税込) ・PRPを用いた治療(GPSIIIキット使用)における施術料 110,000円 (税込) ・濃縮PRPを用いた治療(APSキット使用)における施術料 330,000円(税込) ご不明な点は医師・スタッフにお尋ねください。なお1回の施術あ たりの費用は、患部の状態を確認した医師の判断、PRPの遠心回数 等により変更となる場合がございます。 12. その他治療についての注意事 項 患者様の体調が良くない場合や、採取した血液の状態によっては",,
V41_01E2503026,01E2503026,A,V41F893E703F8F,近畿,兵庫県,医療法人社団大室整形外科　脊椎・関節クリニック,姫路市中地371,第三種,自家多血小板血漿（Platelet-Rich Plasma：PRP）を用いた筋肉、腱、靭帯、筋膜の損傷及び慢性炎症の治療（関節外の軟部組織）,PRP,QC,1.0,https://saiseiiryo.mhlw.go.jp/published_plan/download/01E2503026/5/0,55000,税込,,ACP MAX|ACP,Arthrex,6,8,"費用(税込み) ACP-PRP 55,000 円 ACP MAX 198,000 円",price candidates remain ambiguous,
V41_01E2503026,01E2503026,A,V41F893E703F8F,近畿,兵庫県,医療法人社団大室整形外科　脊椎・関節クリニック,姫路市中地371,第三種,自家多血小板血漿（Platelet-Rich Plasma：PRP）を用いた筋肉、腱、靭帯、筋膜の損傷及び慢性炎症の治療（関節外の軟部組織）,PRP,QC,1.0,https://saiseiiryo.mhlw.go.jp/published_plan/download/01E2503026/5/0,154000,不明,,ACP MAX|ACP,Arthrex,2,8,"198,000 円 ACP-PRP+Medicalfitness 「tobe~.」* 154,000 円 ACP MAX+ Medical fitness 「tobe~.」* 297,000 円",price candidates remain ambiguous,
V41_01E2503026,01E2503026,A,V41F893E703F8F,近畿,兵庫県,医療法人社団大室整形外科　脊椎・関節クリニック,姫路市中地371,第三種,自家多血小板血漿（Platelet-Rich Plasma：PRP）を用いた筋肉、腱、靭帯、筋膜の損傷及び慢性炎症の治療（関節外の軟部組織）,PRP,QC,1.0,https://saiseiiryo.mhlw.go.jp/published_plan/download/01E2503026/5/0,198000,不明,,ACP MAX|ACP,Arthrex,2,8,"55,000 円 ACP MAX 198,000 円 ACP-PRP+Medicalfitness 「tobe~.」* 154,000 円",price candidates remain ambiguous,
V41_01E2503026,01E2503026,A,V41F893E703F8F,近畿,兵庫県,医療法人社団大室整形外科　脊椎・関節クリニック,姫路市中地371,第三種,自家多血小板血漿（Platelet-Rich Plasma：PRP）を用いた筋肉、腱、靭帯、筋膜の損傷及び慢性炎症の治療（関節外の軟部組織）,PRP,QC,1.0,https://saiseiiryo.mhlw.go.jp/published_plan/download/01E2503026/5/0,297000,不明,,ACP MAX|ACP,Arthrex,2,8,"154,000 円 ACP MAX+ Medical fitness 「tobe~.」* 297,000 円",price candidates remain ambiguous,
V41_01E2303011,01E2303011,B,V41F6A6AB60075,近畿,兵庫県,医療法人社団大雄会　大井クリニック,西宮市名次町５－２４,第三種,多血小板血漿を用いた整形外科領域（関節腔内への投与を除く）の治療,PRP,AUTO,1.0,https://saiseiiryo.mhlw.go.jp/published_plan/download/01E2303011/5/0,110000,税込,,GPS|Zimmer,Zimmer Biomet,8,,"絡先:0798-73-7000 14.費用について 細胞の提供に際して費用は発生しません。 治療の提供に際しては、本治療は公的保険の対象ではありませんので、当院所定の施術料として以下の金額 をお支払いいただきます。 ・ZIMMER BIOMET 製 GPS®IIIシステム使用 110,000円(税込) ※患者様の症状、その他の事情等により治療費が変動する場合があります。 なお、細胞の採取後や加工後に同意を撤回された場合など、同意を撤回される時点までに費用が発生している 場合は、発生した費用については患者様にご負担いただきますのでご了承ください。 15.他の治療法の有無、本治療法との比較について 靭帯・腱及び腱付",,
V41_01E1909025,01E1909025,C,V41F238D9643BD,近畿,兵庫県,医療法人社団慶愛会　森口整形外科,伊丹市鈴原町１丁目９号３番,第三種,多血小板血漿を用いた靭帯・腱及び腱付着部の機能障害・疾患の治療,PRP,AUTO,1.0,https://saiseiiryo.mhlw.go.jp/published_plan/download/01E1909025/5/0,100000,不明,,GPS|Zimmer,Zimmer Biomet,7,,"う医師、管理者(院長)へと報告して対応させていただきます。 窓口部署:医療事務 連絡先:072-775-3388 12.費用について この治療は公的保険の対象ではありませんので、当院所定の施術料をお支払いいただきます。 ・ZIMMER BIOMET 製 GPS®IIIシステム使用 100,000円 ※患者様の症状、その他の事情等により治療費が変動する場合があります。 なお、細胞の採取後や加工後に同意を撤回された場合など、同意を撤回される時点までに費用が発生し ている場合は、発生した費用については患者様にご負担いただきますのでご了承ください。 13.他の治療法の有無、本治療法との比較について 靭帯・腱及び腱付着部の機",,
V41_02E2302006,02E2302006,D,V41F68786D41F6,近畿,兵庫県,医療法人社団成道会　ひろクリニック,神戸市中央区京町70番　松岡ビルディング２F・３F,第三種,多血小板血漿（Platelet-rich plasma：PRP）を用いた筋、筋腱付着部、靭帯修復,PRP,AUTO,1.0,https://saiseiiryo.mhlw.go.jp/published_plan/download/02E2302006/5/0,90000,不明,,GPS|Zimmer,Zimmer Biomet,7,,"4 治療にかかる費用について この治療は公的保険の対象ではありませんので、当クリニック所定の施術料をお支払いいただきます。 ・ZIMMER BIOMET 製 GPS®IIIシステム使用 90,000 円 施術後、患者様の個人的な事情及び金銭等に関する問題に関しては一切の責を負いかねますので ご了承ください。 その他 ・当クリニックはチームで医療を行っております。担当医のほかに医師・看護師など複数の医療スタッフが 必要な処置を担当することがありますので、あらかじめご了承ください。 ・患者様から取得した試料(患者様",,
V41_01E2109006,01E2109006,A,V41F429604CEAE,近畿,兵庫県,医療法人社団武部整形外科リハビリテーション,尼崎市浜田町五丁目28番地,第三種,自家多血小板血漿（Platelet-rich plasma：PRP）を用いた筋肉、腱、靭帯、筋膜の損傷及び慢性炎症の治療（関節外の軟部組織）,PRP,AUTO,1.0,https://saiseiiryo.mhlw.go.jp/published_plan/download/01E2109006/5/0,33000,税込,2 回分,,,9,,"健康保険を使用することはできません。 (2) 本治療にかかる費用は、以下のとおりです。なお、費用は、治療に伴う診査、 PRP 作製のための採血にかかる費用、PRP 作製費用、注入にかかる費用の 総額となります。左右両側に投与する場合は、2 回分です。 PRP 療法1回(1 部位) 33,000 円(消費税込) 11. 試料等の保存及び廃棄の方法 患者様から採取した血液と作製したPRP は、患者様ご自身の治療のみに 使用します。ただし、症例検討や学会発表を目的として、血液やPRP の測 定を行い、データを取得することがあります。 血液およびPRP は微量で全量を使用するため、保管はしません。治療に 用いない血",,
V41_02E2504009,02E2504009,B,V41F7580AEDEF9,近畿,兵庫県,医療法人財団　神戸海星病院,神戸市灘区篠原北町3丁目11番15号,第三種,多血小板血漿（PRP）の投与によるスポーツ外傷を含む筋、腱、靭帯損傷治療,PRP,AUTO,1.0,https://saiseiiryo.mhlw.go.jp/published_plan/download/02E2504009/5/0,90000,税込,,,,8,,"x 20 / / 神戸海星病院 院長殿 ID 患者名 様に対する施術 1.病名: 2.実施内容: 多血小板血漿(PRP)の投与によるスポーツ外傷を含む 筋、腱、靱帯損傷治療 施術料金 110,000 円(税込)※学生は90,000 円(税込) 3.実施予定日: 施術にあたり、下記事項を説明いたしました。 □ はじめに □ 1. PRP 治療とは □ 2. PRP に含まれる主な成長因子とその働き □ 3. 治療の目的 □ 4. 治療の長所・メリットについて □ 5. 治療の短所・デメリットについて □ 6. 治療を受けるための条件 □ 7.",,
V41_02E2504009,02E2504009,B,V41F7580AEDEF9,近畿,兵庫県,医療法人財団　神戸海星病院,神戸市灘区篠原北町3丁目11番15号,第三種,多血小板血漿（PRP）の投与によるスポーツ外傷を含む筋、腱、靭帯損傷治療,PRP,AUTO,1.0,https://saiseiiryo.mhlw.go.jp/published_plan/download/02E2504009/5/0,110000,税込,,,,8,,"P 治療 同意書 整形xxxxxx 20 / / 神戸海星病院 院長殿 ID 患者名 様に対する施術 1.病名: 2.実施内容: 多血小板血漿(PRP)の投与によるスポーツ外傷を含む 筋、腱、靱帯損傷治療 施術料金 110,000 円(税込)※学生は90,000 円(税込) 3.実施予定日: 施術にあたり、下記事項を説明いたしました。 □ はじめに □ 1. PRP 治療とは □ 2. PRP に含まれる主な成長因子とその働き □ 3. 治療の目的 □ 4. 治療の長所・メリットについて □ 5. 治療の短所・デメリットについて □ 6. 治",,
V41_01E2605011,01E2605011,C,V41F116094477C,近畿,兵庫県,増本整形外科クリニック,兵庫県西宮市学文殿町１丁目８番２０号,第三種,多血小板血漿を用いた整形外科領域（関節腔内への投与を除く）の治療,PRP,AUTO,1.0,https://saiseiiryo.mhlw.go.jp/published_plan/download/01E2605011/5/0,110000,税込,,,,8,4,"細胞の提供に際して費用は発生しません。 治療の提供に際しては、本治療は公的保険の対象ではありませんので、当院所定の施術料として110,000円 (税込)をお支払いいただきます。 ※患者様の症状、その他の事情等により治療費が変動する場合があります。",line-level medium price context,
V41_01E2511015,01E2511015,D,V41F8D08F26B66,近畿,兵庫県,木本整形外科クリニック,宝塚市中山五月台2-3-7,第三種,四肢の筋・腱・靱帯及びその付着部の傷害を対象とした自家多血小板血漿（PRP）注入療法,PRP,AUTO,1.0,https://saiseiiryo.mhlw.go.jp/published_plan/download/01E2511015/5/0,44000,税込,1 回,,,9,,"かる費用について この治療は、健康保険が適用されない自由診療です。そのため、患者様の費用負担が 他の治療よりも高額になることがあります。当院において実施される本治療および本治 療に必要な検査などの費用は全額自己負担となります。 血液分離専用容器キットによる提供価格 PRP 治療:1 回44,000 円(税込) ※患者様の症状によっては、治療を数回行うことがあります。治療前、または治療 後の状態から担当医師が判断し、患者様にお伝えしご相談させて頂きます。 ※治療内容・回数により1回あたりの費用が減額される場合がございます。施術する 前に詳細な説明をいたしますので、ご納得いただいた上で施術いただきますようお願 い申し上げます。",,
V41_01E2511015,01E2511015,D,V41F8D08F26B66,近畿,兵庫県,木本整形外科クリニック,宝塚市中山五月台2-3-7,第三種,四肢の筋・腱・靱帯及びその付着部の傷害を対象とした自家多血小板血漿（PRP）注入療法,PRP,AUTO,1.0,https://saiseiiryo.mhlw.go.jp/published_plan/download/01E2511015/5/0,5500,税込,,,,-7,,"受けた後に同意されない場合でも、一切不利益を受けることはありません。 また同様に、治療を受けることに同意した場合であっても、投与までの間でしたらい つでも取りやめることができます。その場合、その後の治療について一切不利益は受け ません。(ただし下記のキャンセル料は申し受けます) 採血後~加工前 5,500 円(税込) 加工後~投与前 全額 もしこの治療を受けることに同意しない場合も、最適と考えられる治療を実施できる ように患者様の治療に最善を尽くします。 ただし、治療を行った後は、健康管理のために必要に応じて適切な検査を受けていた だき、医学的に問題がないかを確認させていただきます。 11. 試料等の保管及び廃棄の方法につ",,
V41_02E1906017,02E1906017,A,V41F39A975C95D,近畿,兵庫県,特定医療法人誠仁会　大久保病院,明石市大久保町大窪2095番の１,第三種,自己多血小板血漿(PRP)を用いた筋・腱・靭帯等の軟部組織治療,PRP,AUTO,1.0,https://saiseiiryo.mhlw.go.jp/published_plan/download/02E1906017/5/0,28000,不明,,,,7,,"法を受けることを拒否すること又は同意 を撤回することにより不利益な取扱いを受けることはないことを 知っています。もし、治療期間中に疑問を持った場合には、医師に 電話および診察で尋ねることができます。 治療費 私は、PRP療法を行うにあたり、以下の治療費を支払います。 治療費PRP 1mlあたり 28,000円 守秘義務 私の医学的情報は法律で要求される期間、秘密を守って保存される ことを理解します。ただし、私個人を特定できないような情報は、 私の許可がなくても、教育や研究に使用してもかまいません。 この書類の理解 私は以上の処置とそれに伴う利点、危険性について完全な情報の提 供を受けたことを確認します。決定まで十分な時間をかけ、決定は 私の",,
V41_01E2005009,01E2005009,D,V41F3D4758D0BE,近畿,兵庫県,芦屋整形外科スポーツクリニック,芦屋市大原町28番1号 パルティ芦屋1階,第三種,自家多血小板血漿(Platelet-rich plasma:PRP)を用いた筋肉、腱、靭帯、筋膜の損傷及び慢性炎症の治療(関節腔外に限る),PRP,AUTO,1.0,https://saiseiiryo.mhlw.go.jp/published_plan/download/01E2005009/5/0,40000,税別,1回,,,9,,"療費用 (1) 本治療は、すべて自費診療であり、健康保険を使用することはできません。 (2) 本治療にかかる費用は、以下のとおりです。なお、費用は、治療に伴う診査、 自家PRP 作製のための採血にかかる費用、自家PRP 作製費用、注入にかかる 費用の総額となります。 PRP 療法1回 4 万円 消費税別 11. 試料等の保存及び廃棄の方法 この治療にて採取した血液は、患者様ご自身の治療のみに使用します。 採血した血液の状態により治療に用いなかった血液が発生した場合は、 適切に処理し、すべて廃棄します。 なお,この治療は、細胞提供者と再生医療等を受ける者と同一であり、採取し た細胞は微量で培養工程を伴わず、短",,
V41_01E2508015,01E2508015,C,V41F3D4758D0BE,近畿,兵庫県,芦屋整形外科スポーツクリニック,芦屋市大原町28番1号 パルティ芦屋1階,第二種,自家多血小板血漿（Platelet-rich plasma：PRP）を用いた慢性関節炎の治療（関節内組織）,PRP,QC,1.0,https://saiseiiryo.mhlw.go.jp/published_plan/download/01E2508015/5/0,350000,不明,両側,Angel,Arthrex,6,10,"HD-PRP(Angel 両側) 150億個 350,000円 ※上記には、採血・調製・注入の技術料が含まれます。 ※採血開始後のキャンセルは、材料等が既に使用されているため、費用全額を申し受けます。",price candidates remain ambiguous,
V41_01E2508015,01E2508015,C,V41F3D4758D0BE,近畿,兵庫県,芦屋整形外科スポーツクリニック,芦屋市大原町28番1号 パルティ芦屋1階,第二種,自家多血小板血漿（Platelet-rich plasma：PRP）を用いた慢性関節炎の治療（関節内組織）,PRP,QC,1.0,https://saiseiiryo.mhlw.go.jp/published_plan/download/01E2508015/5/0,160000,不明,片側,ACP MAX|ACP|Angel,Arthrex,3,10,"HD-PRP(ACP MAX) 90億個 160,000円 HD-PRP(Angel 片側) 150億個",price candidates remain ambiguous,
V41_01E2508015,01E2508015,C,V41F3D4758D0BE,近畿,兵庫県,芦屋整形外科スポーツクリニック,芦屋市大原町28番1号 パルティ芦屋1階,第二種,自家多血小板血漿（Platelet-rich plasma：PRP）を用いた慢性関節炎の治療（関節内組織）,PRP,QC,1.0,https://saiseiiryo.mhlw.go.jp/published_plan/download/01E2508015/5/0,250000,不明,片側,Angel,Arthrex,3,10,"HD-PRP(Angel 片側) 150億個 250,000円 HD-PRP(Angel 両側) 150億個",price candidates remain ambiguous,
V41_01E2508015,01E2508015,C,V41F3D4758D0BE,近畿,兵庫県,芦屋整形外科スポーツクリニック,芦屋市大原町28番1号 パルティ芦屋1階,第二種,自家多血小板血漿（Platelet-rich plasma：PRP）を用いた慢性関節炎の治療（関節内組織）,PRP,QC,1.0,https://saiseiiryo.mhlw.go.jp/published_plan/download/01E2508015/5/0,50000,不明,,ACP MAX|ACP,Arthrex,2,10,"ACP-PRP(通常) 20億個 50,000円 HD-PRP(ACP MAX) 90億個",price candidates remain ambiguous,
V41_01E2508016,01E2508016,B,V41F3D4758D0BE,近畿,兵庫県,芦屋整形外科スポーツクリニック,芦屋市大原町28番1号 パルティ芦屋1階,第三種,自家多血小板血漿（Platelet-Rich Plasma：PRP）を用いた筋肉、腱、靭帯、筋膜の損傷及び慢性炎症の治療（関節外の軟部組織）,PRP,QC,1.0,https://saiseiiryo.mhlw.go.jp/published_plan/download/01E2508016/5/0,350000,不明,両側,Angel,Arthrex,6,10,"HD-PRP(Angel 両側) 150億個 350,000円 ※上記には、採血・調製・注入の技術料が含まれます。 ※採血開始後のキャンセルは、材料等が既に使用されているため、費用全額を申し受けます。",price candidates remain ambiguous,
V41_01E2508016,01E2508016,B,V41F3D4758D0BE,近畿,兵庫県,芦屋整形外科スポーツクリニック,芦屋市大原町28番1号 パルティ芦屋1階,第三種,自家多血小板血漿（Platelet-Rich Plasma：PRP）を用いた筋肉、腱、靭帯、筋膜の損傷及び慢性炎症の治療（関節外の軟部組織）,PRP,QC,1.0,https://saiseiiryo.mhlw.go.jp/published_plan/download/01E2508016/5/0,160000,不明,片側,ACP MAX|ACP|Angel,Arthrex,3,10,"HD-PRP(ACP MAX) 90億個 160,000円 HD-PRP(Angel 片側) 150億個",price candidates remain ambiguous,
V41_01E2508016,01E2508016,B,V41F3D4758D0BE,近畿,兵庫県,芦屋整形外科スポーツクリニック,芦屋市大原町28番1号 パルティ芦屋1階,第三種,自家多血小板血漿（Platelet-Rich Plasma：PRP）を用いた筋肉、腱、靭帯、筋膜の損傷及び慢性炎症の治療（関節外の軟部組織）,PRP,QC,1.0,https://saiseiiryo.mhlw.go.jp/published_plan/download/01E2508016/5/0,250000,不明,片側,Angel,Arthrex,3,10,"HD-PRP(Angel 片側) 150億個 250,000円 HD-PRP(Angel 両側) 150億個",price candidates remain ambiguous,
V41_01E2508016,01E2508016,B,V41F3D4758D0BE,近畿,兵庫県,芦屋整形外科スポーツクリニック,芦屋市大原町28番1号 パルティ芦屋1階,第三種,自家多血小板血漿（Platelet-Rich Plasma：PRP）を用いた筋肉、腱、靭帯、筋膜の損傷及び慢性炎症の治療（関節外の軟部組織）,PRP,QC,1.0,https://saiseiiryo.mhlw.go.jp/published_plan/download/01E2508016/5/0,50000,不明,,ACP MAX|ACP,Arthrex,2,10,"ACP-PRP(通常) 20億個 50,000円 HD-PRP(ACP MAX) 90億個",price candidates remain ambiguous,
V41_01E2506024,01E2506024,A,V41FCBEA5E9FE2,近畿,兵庫県,藤田整形外科 スポーツクリニック,神戸市須磨区磯馴町3丁目2番20号,第三種,多血小板血漿（PRP）を用いた整形外科領域（関節腔内への投与を除く）の治療,PRP,AUTO,1.0,https://saiseiiryo.mhlw.go.jp/published_plan/download/01E2506024/5/0,27500,税込,2 回分,,,9,,"ることはできません。 (2) 本治療にかかる費用は、以下のとおりです。なお、費用は、治療に伴う診査、 PRP 作製のための採血にかかる費用、PRP 作製費用、注入にかかる費用の 総額となります。左右両側に投与する場合は、2 回分です。 PRP 療法1回(1 部位) 27,500 円(税込) 11. 試料等の保存及び廃棄の方法 患者様から採取した血液と作製したPRP は、患者様ご自身の治療のみに 使用します。ただし、症例検討や学会発表を目的として、血液やPRP の測 定を行い、データを取得することがあります。 6 血液およびPRP は微量で全量を使用するため、保管はしません。治療に 用いない血液ま",,
V41_01A2603002,01A2603002,B,V41FB9390600CD,北海道,北海道,医療法人社団再星会　ひざのセルクリニック札幌院,札幌市中央区南1条西１６丁目１番２４５　レーベンビル４F,第二種,自己脂肪由来幹細胞を用いた慢性疼痛の治療,脂肪由来幹細胞,AUTO,1.0,https://saiseiiryo.mhlw.go.jp/published_plan/download/01A2603002/5/0,2200000,税込,,,,7,4,14.費用について 治療の提供に際しては、本治療は公的保険の対象ではありませんので、当院所定の施術料として 220 万円(税込)をお支払いいただきます。 ※患者様の症状、その他の事情等により治療費が変動する場合があります。 なお、脂肪の採取前後や、細胞加工物の製造後に同意を撤回された場合など、同意を撤回される時,line-level medium price context,
V41_02A2605003,02A2605003,C,V41FF1E3B23F7D,北海道,北海道,"医療法人美喜有会
リペアセルクリニック札幌院","札幌市中央区大通西5丁目10番
ザイマックス札幌大通ビルB1",第二種,自己脂肪由来幹細胞と自己前骨分化誘導培養上清液を用いた変形性関節症の治療,脂肪由来幹細胞,AUTO,1.0,https://saiseiiryo.mhlw.go.jp/published_plan/download/02A2605003/5/0,1870000,税込,1回,,,9,,"管理者 (院長)へと報告し対応します。 再生医療事務局 電話番号:011-232-3030 13.費用について 本治療は保険適用外であるため、治療にかかる費用全額をお支払い いただきます。 その他、本治療を受けるために必要となった旅費、交通費などの全 ての費用も同様です。 本治療にかかる費用は1回 1,870,000円(税込)です。 同意を撤回された場合など、同意を撤回される時点までに発生した 費用(治療費等)については、ご負担いただきますのでご了承くだ さい。 14.他の治療法の有無、本治療法との比較について 変形性関節症の治療法には保存療法と手術療法の2つの方法があり ます。 薬物投与、装具装着、リハビリテーションなどの保存療法で効果が ない場合は",,
V41_01A2312001,01A2312001,A,V41F862857859B,北海道,北海道,札幌ひざのセルクリニック,札幌市中央区南1条西１６丁目１番２４５　レーベンビル４F,第二種,自己脂肪由来幹細胞を用いた変形性関節症の治療,脂肪由来幹細胞,QC,1.0,https://saiseiiryo.mhlw.go.jp/published_plan/download/01A2312001/5/0,,,,,,,,,no price found after text/OCR pass,Document fetched but no price candidate
V41_01A2312002,01A2312002,B,V41F862857859B,北海道,北海道,札幌ひざのセルクリニック,札幌市中央区南1条西１６丁目１番２４５　レーベンビル４F,第二種,自己脂肪由来幹細胞を用いた慢性疼痛の治療,脂肪由来幹細胞,QC,1.0,https://saiseiiryo.mhlw.go.jp/published_plan/download/01A2312002/5/0,,,,,,,,,no price found after text/OCR pass,Document fetched but no price candidate
V41_01A2312003,01A2312003,D,V41F862857859B,北海道,北海道,札幌ひざのセルクリニック,札幌市中央区南1条西１６丁目１番２４５　レーベンビル４F,第二種,変形性関節症に対する自家多血小板血漿（ＰＲＰ）関節内投与療法,PRP,AUTO,1.0,https://saiseiiryo.mhlw.go.jp/published_plan/download/01A2312003/5/0,165000,税込,,,,8,3,"14.費用について 細胞の提供に際して費用は発生しません。 治療の提供に際しては、本治療は公的保険の対象ではありませんので、当院所定の施術料として165,000円 (税込)をお支払いいただきます。 ※患者様の症状、その他の事情等により治療費が変動する場合があります。",line-level medium price context,
V41_03A2505002,03A2505002,C,V41F36AC21EE08,北海道,北海道,"社会医療法人　孝仁会　
釧路孝仁会記念病院",釧路市愛国191番212,第二種,自己脂肪（組織）由来再生（幹）細胞を用いた変形性膝関節症の治療,その他MSK,QC,1.0,https://saiseiiryo.mhlw.go.jp/published_plan/download/03A2505002/5/0,,,,,,,,,no price found after text/OCR pass,Document fetched but no price candidate
V41_03A2505012,03A2505012,D,V41F36AC21EE08,北海道,北海道,"社会医療法人孝仁会
釧路孝仁会記念病院",釧路市愛国191番212,第二種,膝関節における軟骨欠損（外傷性軟骨損傷・離断性骨軟骨炎・早期変形性膝関節症）を対象とした自家滑膜間葉系幹細胞由来三次元人工組織（自家gMSC®1-A）移植,滑膜幹細胞,QC,1.0,https://saiseiiryo.mhlw.go.jp/published_plan/download/03A2505012/5/0,2650000,税込,,,,1,8,検査 けんさ 265万円 まんえん 税込みを,price candidates remain ambiguous,
V41_01C2502010,01C2502010,A,V41FFB0DB7E7A5,関東,千葉県,しろやまいたみのクリニック,館山市長須賀字新工309-1,第三種,自己多血小板血漿(PRP)を用いた筋・腱・靭帯の損傷及び慢性炎症に対する治療,PRP,QC,1.0,https://saiseiiryo.mhlw.go.jp/published_plan/download/01C2502010/5/0,33000,税込,,,,5,5,"≪治療費用≫ □治療費は、 スモールスピッツ1本(採血約10cc)あたり 33,000円(税込) ラージスピッツ 1本(採血約20cc)あたり 66,000円 (税込)です。",price candidates remain ambiguous,
V41_01C2502010,01C2502010,A,V41FFB0DB7E7A5,関東,千葉県,しろやまいたみのクリニック,館山市長須賀字新工309-1,第三種,自己多血小板血漿(PRP)を用いた筋・腱・靭帯の損傷及び慢性炎症に対する治療,PRP,QC,1.0,https://saiseiiryo.mhlw.go.jp/published_plan/download/01C2502010/5/0,66000,税込,,,,4,5,"□治療費は、 スモールスピッツ1本(採血約10cc)あたり 33,000円(税込) ラージスピッツ 1本(採血約20cc)あたり 66,000円 (税込)です。",price candidates remain ambiguous,
V41_02C2201001,02C2201001,B,V41F3BF8F7985E,関東,千葉県,ジェフユナイテッド株式会社　診療所,千葉県千葉市中央区川崎町1-38,第三種,自己多血小板血漿(PRP)を用いた整形外科的治療,PRP,AUTO,1.0,https://saiseiiryo.mhlw.go.jp/published_plan/download/02C2201001/5/0,20000,税別,1回,,,9,,"て 個人情報の保護に関する法律及び当院が定める患者個人情報保護に 関する指針に基づき、診療録に記載されている患者個人情報や診療 情報は厳重に管理されます。 □ 治療にかかる費用について わが国ではPRP療法は現時点で保険診療として認められていないた め、自費診療となります。当院では、1回の治療につき20,000円 (税抜)ご負担いただきます。 □ その他について 本治療は、「自己多血小板血漿(PRP)を用いた整形外科的治療」 (計画番号: PC3150663)という名称で、特定非営利活動法人 日本 アンチエイジング医療協会 認定再生医療等委員会(認定番号: NB3150019)における審査の後、厚生労働大臣に再生医療等提供計 画を提出し、受理され",,
V41_01C2307046,01C2307046,C,V41F420560E2C5,関東,千葉県,医療法人平成博愛会　印西総合病院,印西市牧の台1-1-1,第三種,自家多血小板血漿(Platelet-rich plasma: PRP)を用いた筋肉、腱、靭帯、筋膜の損傷及び慢性炎症の治療（関節外の軟部組織）,PRP,QC,1.0,https://saiseiiryo.mhlw.go.jp/published_plan/download/01C2307046/5/0,55000,税込,1 回,ACP|GPS,Arthrex|Zimmer Biomet,6,6,"費用(PRP 1 回・税込) ACP 55,000 円 GPSIII 110,000 円",price candidates remain ambiguous,
V41_01C2307046,01C2307046,C,V41F420560E2C5,関東,千葉県,医療法人平成博愛会　印西総合病院,印西市牧の台1-1-1,第三種,自家多血小板血漿(Platelet-rich plasma: PRP)を用いた筋肉、腱、靭帯、筋膜の損傷及び慢性炎症の治療（関節外の軟部組織）,PRP,QC,1.0,https://saiseiiryo.mhlw.go.jp/published_plan/download/01C2307046/5/0,110000,不明,,GPS,Zimmer Biomet,5,6,"55,000 円 GPSIII 110,000 円 (3) 採血を開始してからキャンセルされた場合は、費用の全額をご負担いた だきます。",price candidates remain ambiguous,
V41_02C2601085,02C2601085,B,V41F5C961B1A36,関東,千葉県,医療法人社団　順徳会　下総中山整形外科クリニック,船橋市本中山2-10-1 ミレニティ中山4階,第二種,自己脂肪組織由来幹細胞（ASCs）を用いた変形性関節症の治療,脂肪由来幹細胞,QC,1.0,https://saiseiiryo.mhlw.go.jp/published_plan/download/02C2601085/5/0,,,,,,,,,no price found after text/OCR pass,Document fetched but no price candidate
V41_02C2601086,02C2601086,A,V41F5C961B1A36,関東,千葉県,医療法人社団　順徳会　下総中山整形外科クリニック,船橋市本中山2-10-1 ミレニティ中山4階,第二種,自己多血小板血漿(PRP)療法（治療対象：関節炎・変形性関節症）,PRP,QC,1.0,https://saiseiiryo.mhlw.go.jp/published_plan/download/02C2601086/5/0,,,,,,,,,no price found after text/OCR pass,Document fetched but no price candidate
V41_02C2601087,02C2601087,D,V41F5C961B1A36,関東,千葉県,医療法人社団　順徳会　下総中山整形外科クリニック,船橋市本中山2-10-1 ミレニティ中山4階,第三種,自己多血小板血漿(PRP)療法（治療対象：筋・腱・靭帯損傷）,PRP,QC,1.0,https://saiseiiryo.mhlw.go.jp/published_plan/download/02C2601087/5/0,,,,,,,,,no price found after text/OCR pass,Document fetched but no price candidate
V41_01C2409051,01C2409051,C,V41F86A7684487,関東,千葉県,"医療法人社団オルソプラス
むらた整形外科",八千代市大和田新田99,第二種,"自家多血小板血漿（Platelet-Rich Plasma：PRP）を用いた慢性関節炎の治療
（関節内組織）",PRP,AUTO,1.0,https://saiseiiryo.mhlw.go.jp/published_plan/download/01C2409051/5/0,55000,税込,1 回(1 部位),,,10,7,"査、PRP 調製のための採血にかかる費用、PRP 調製費用、注入にかかる費 用の総額となります。 PRP 1 回(1 部位) 55,000 円(税込) (3) 採血を開始してからのキャンセルについては、キャンセル費用をいただ きます。",line-level strong price context,
V41_01C2202017,01C2202017,D,V41FF881483FE2,関東,千葉県,医療法人社団仁敬会　そがセントラルクリニック,千葉市中央区宮崎町561－1,第二種,変形性関節症に対する多血小板血漿（ＰＲＰ）関節内投与療法,PRP,AUTO,1.0,https://saiseiiryo.mhlw.go.jp/published_plan/download/01C2202017/5/0,190000,税込,,,,9,3,治療の提供に際しては、本治療は公的保険の対象ではありませんので、当院所定の施術料として血液検査 費1万円(税込)及び治療費19万円(税込)をお支払いいただきます。 ※患者様の症状、その他の事情等により治療費が変動する場合があります。 なお、細胞の採取後や加工後に同意を撤回された場合など、同意を撤回される時点までに費用が発生してい,line-level strong price context,
V41_01C2202018,01C2202018,A,V41FF881483FE2,関東,千葉県,医療法人社団仁敬会　そがセントラルクリニック,千葉市中央区宮崎町561－1,第三種,多血小板血漿を用いた整形外科領域（関節腔内への投与を除く）の治療,PRP,AUTO,1.0,https://saiseiiryo.mhlw.go.jp/published_plan/download/01C2202018/5/0,190000,税込,,,,9,2,細胞の提供に際して費用は発生しません。 治療の提供に際しては、本治療は公的保険の対象ではありませんので、当院所定の施術料として血液検 査費1蔓延(税込)及び治療費19万円(税込)をお支払いいただきます。,line-level strong price context,
V41_01C2110055,01C2110055,B,V41F0EA12DEF17,関東,千葉県,"医療法人社団千美会
ガーデンクリニック船橋院","船橋市本町4-40-23
サドヤサザンテラス702",第二種,自己脂肪由来幹細胞を用いた変形性関節症の治療,脂肪由来幹細胞,AUTO,1.0,https://saiseiiryo.mhlw.go.jp/published_plan/download/01C2110055/5/0,1280000,税別,1回,,,9,,せていただきます。 再生医療事務局 電話番号:03-5985-6921 12.費用について 本治療は保険適用外であるため、治療にかかる費用全額をご自分で ご負担いただきます。その他、本治療を受けるために必要となった 旅費、交通費などの全ての費用もご自分でご負担いただきます。本 治療にかかる費用は1回128万円(税別)となっております。 なお、脂肪の採取後や、細胞加工物の製造後に同意を撤回された場 合など、同意を撤回される時点までに費用が発生している場合は、 発生した費用についてはあなたにご負担いただきますのでご了承く ださい。 13.他の治療法の有無、本治療法との比較について 変形性関節症の治療法には保存療法と手術療法の2つの方法があり ま,,
V41_02C2501012,02C2501012,C,V41F7005827876,関東,千葉県,"医療法人社団千聡会
北原整形外科",習志野市本大久保３丁目９−２４,第三種,四肢の靭帯、筋腱付着部およびスポーツ傷害（筋・腱・靭帯）を対象とした自家多血小板血漿（PRP）注入療法,PRP,AUTO,1.0,https://saiseiiryo.mhlw.go.jp/published_plan/download/02C2501012/5/0,77000,税込,1 回(1キット使用),,,7,,"かかる費用について この治療は、健康保険が適用されない自由診療です。そのため、患者様の費用負担が 他の治療よりも高額になることがあります。当院において実施される本治療および本治 療に必要な検査などの費用は全額自己負担となります。 血液分離専用容器キットによる施術料1 回(1キット使用) 77,000 円(税込) ※患者様の症状によっては、治療を数回行うことがあります。治療前、または治療 後の状態から担当医師が判断し、患者様にお伝えしご相談させて頂きます。 ※治療内容・回数により1回あたりの費用が減額される場合がございます。施術する 前に詳細な説明をいたしますので、ご納得いただいた上で施術いただきますようお願 い申し上げます。",,
V41_02C2501012,02C2501012,C,V41F7005827876,関東,千葉県,"医療法人社団千聡会
北原整形外科",習志野市本大久保３丁目９−２４,第三種,四肢の靭帯、筋腱付着部およびスポーツ傷害（筋・腱・靭帯）を対象とした自家多血小板血漿（PRP）注入療法,PRP,AUTO,1.0,https://saiseiiryo.mhlw.go.jp/published_plan/download/02C2501012/5/0,50000,不明,,,,-6,,"ない場合でも、一切不利益を受けることはありません。 また同様に、治療を受けることに同意した場合であっても、投与までの間でしたらい つでも取りやめることができます。この場合でも、一切不利益を受けません。 (採血等にかかる実費等はご負担いただきます。 : 採血後またはPRP 加工後の キャンセル料 50,000 円 ) もしこの治療を受けることに同意しない場合も、最適と考えられる治療を実施できる ように患者様の治療に最善を尽くします。 ただし、治療を行った後は、健康管理のために必要に応じて適切な検査を受けていた だき、医学的に問題がないかを確認させていただきます。 11. 試料等の保管及び廃棄の方法について この治療にて患者様より採",,
V41_02C2501013,02C2501013,D,V41F7005827876,関東,千葉県,"医療法人社団千聡会
北原整形外科",習志野市本大久保３丁目９−２４,第二種,変形性関節症および関節腔の傷害を対象とした自家多血小板血漿（PRP）注入療法,PRP,AUTO,1.0,https://saiseiiryo.mhlw.go.jp/published_plan/download/02C2501013/5/0,77000,税込,1 回(1キット使用),,,7,,"かかる費用について この治療は、健康保険が適用されない自由診療です。そのため、患者様の費用負担が 他の治療よりも高額になることがあります。当院において実施される本治療および本治 療に必要な検査などの費用は全額自己負担となります。 血液分離専用容器キットによる施術料1 回(1キット使用) 77,000 円(税込) ※患者様の症状によっては、治療を数回行うことがあります。治療前、または治療後 の状態から担当医師が判断し、患者様にお伝えしご相談させて頂きます。 ※治療内容・回数により1回あたりの費用が減額される場合がございます。施術する 前に詳細な説明をいたしますので、ご納得いただいた上で施術いただきますようお願 い申し上げます。",,
V41_02C2501013,02C2501013,D,V41F7005827876,関東,千葉県,"医療法人社団千聡会
北原整形外科",習志野市本大久保３丁目９−２４,第二種,変形性関節症および関節腔の傷害を対象とした自家多血小板血漿（PRP）注入療法,PRP,AUTO,1.0,https://saiseiiryo.mhlw.go.jp/published_plan/download/02C2501013/5/0,50000,不明,,,,-6,,"ください。 説明を受けた後に同意されない場合でも、一切不利益を受けることはありません。 また同様に、治療を受けることに同意した場合であっても、投与までの間でしたらい つでも取りやめることができます。 (採血等にかかる実費等はご負担いただきます。 : 採血後またはPRP 加工後の キャンセル料 50,000 円 ) もしこの治療を受けることに同意しない場合も、最適と考えられる治療を実施できる ように患者様の治療に最善を尽くします。 ただし、治療を行った後は、健康管理のために必要に応じて適切な検査を受けていた だき、医学的に問題がないかを確認させていただきます。 11. 試料等の保管及び廃棄の方法について この治療にて患者様より採",,
V41_02C2512058,02C2512058,A,V41F367B1E5EEF,関東,千葉県,医療法人社団協友会　柏厚生総合病院,柏市篠籠田617番地,第二種,多血小板血漿（Platelet-rich plasma：PRP）を用いた関節痛治療,PRP,AUTO,1.0,https://saiseiiryo.mhlw.go.jp/published_plan/download/02C2512058/5/0,185000,税別,,APS|GPS,Zimmer Biomet,8,,"ただくことがありますが、個人情報を用いることは なく、その管理と守秘は徹底いたします。 治療にかかる費用について この治療は公的保険の対象ではありませんので、当院の所定の施術料をお支払いいただきます。 ・治療費: GPSIIIシステム: 185,000 円(税抜) APSキット: 240,000円(税抜) 症状などにより治療費は変動する可能性がございます。 また、治療に必要な医薬品(痛み止め・抗生剤等)や処置に応じて、該当の治療費以外に別途費用 が発生する場合がございます。 詳細やご不明な点は医師またはスタッフにお尋ね下さい。 施術後、患者様の個人的な事情及び金銭等に関",,
V41_02C2512058,02C2512058,A,V41F367B1E5EEF,関東,千葉県,医療法人社団協友会　柏厚生総合病院,柏市篠籠田617番地,第二種,多血小板血漿（Platelet-rich plasma：PRP）を用いた関節痛治療,PRP,AUTO,1.0,https://saiseiiryo.mhlw.go.jp/published_plan/download/02C2512058/5/0,240000,税別,,APS|GPS,Zimmer Biomet,8,,"なく、その管理と守秘は徹底いたします。 治療にかかる費用について この治療は公的保険の対象ではありませんので、当院の所定の施術料をお支払いいただきます。 ・治療費: GPSIIIシステム: 185,000 円(税抜) APSキット: 240,000円(税抜) 症状などにより治療費は変動する可能性がございます。 また、治療に必要な医薬品(痛み止め・抗生剤等)や処置に応じて、該当の治療費以外に別途費用 が発生する場合がございます。 詳細やご不明な点は医師またはスタッフにお尋ね下さい。 施術後、患者様の個人的な事情及び金銭等に関する問題に関しては一切の責を負いかねますので",,
V41_02C2601001,02C2601001,B,V41F367B1E5EEF,関東,千葉県,医療法人社団協友会　柏厚生総合病院,柏市篠籠田617番地,第三種,自己多血小板血漿（Platelet-rich plasma : PRP)を用いた整形外科領域における軟部組織治療,PRP,AUTO,1.0,https://saiseiiryo.mhlw.go.jp/published_plan/download/02C2601001/5/0,185000,税別,,APS|GPS,Zimmer Biomet,8,,"ただくことがありますが、個人情報を 用いることはなく、その管理と守秘は徹底いたします。 治療にかかる費用について この治療は公的保険の対象ではありませんので、当院所定の施術料をお支払いいただきま す。 ・治療費: GPSIIIシステム: 185,000円(税抜) APSキット: 240,000円(税抜) 症状などにより治療費は変動する可能性がございます。 詳細やご不明な点は医師またはスタッフにお尋ね下さい。 施術後、患者様の個人的な事情及び金銭等に関する問題に関しては一切の責を負いかねます のでご了承ください。 6 本治療の実施体制",,
V41_02C2601001,02C2601001,B,V41F367B1E5EEF,関東,千葉県,医療法人社団協友会　柏厚生総合病院,柏市篠籠田617番地,第三種,自己多血小板血漿（Platelet-rich plasma : PRP)を用いた整形外科領域における軟部組織治療,PRP,AUTO,1.0,https://saiseiiryo.mhlw.go.jp/published_plan/download/02C2601001/5/0,240000,税別,,APS|GPS,Zimmer Biomet,8,,"とはなく、その管理と守秘は徹底いたします。 治療にかかる費用について この治療は公的保険の対象ではありませんので、当院所定の施術料をお支払いいただきま す。 ・治療費: GPSIIIシステム: 185,000円(税抜) APSキット: 240,000円(税抜) 症状などにより治療費は変動する可能性がございます。 詳細やご不明な点は医師またはスタッフにお尋ね下さい。 施術後、患者様の個人的な事情及び金銭等に関する問題に関しては一切の責を負いかねます のでご了承ください。 6 本治療の実施体制 本治療は",,
V41_01C2410046,01C2410046,C,V41FA67B1D3993,関東,千葉県,医療法人社団南洲会 南洲会勝浦クリニック,勝浦市墨名485番地252,第三種,四肢の靭帯、筋腱付着部およびスポーツ傷害（筋・腱・靭帯）を対象とした自家多血小板血漿（PRP）注入療法,PRP,AUTO,1.0,https://saiseiiryo.mhlw.go.jp/published_plan/download/01C2410046/5/0,77000,税込,,GPS,Zimmer Biomet,12,6,"※事前に血液検査を行ない、治療の可否を判断いたします。血液検査の結果、治療不 可となった場合には、事前血液検査に対する費用4,400 円(税込)がかかります。 3 種GPSIII:採血後~投与前 77,000 円(税込) ※事前に血液検査を行ない、治療の可否を判断いたします。血液検査の結果、治療不 可となった場合には、事前血液検査に対する費用8,800 円(税込)がかかります。も",line-level strong price context,
V41_01C2410046,01C2410046,C,V41FA67B1D3993,関東,千葉県,医療法人社団南洲会 南洲会勝浦クリニック,勝浦市墨名485番地252,第三種,四肢の靭帯、筋腱付着部およびスポーツ傷害（筋・腱・靭帯）を対象とした自家多血小板血漿（PRP）注入療法,PRP,AUTO,1.0,https://saiseiiryo.mhlw.go.jp/published_plan/download/01C2410046/5/0,25300,税込,1 回,GPS|MyCells,Zimmer Biomet|MyCells系,10,5,"療に必要な検査などの費用は全額自己負担となります。 血液分離専用容器キットによる提供価格 各1 回: PRP:(Mycells PRP キット)使用 ・・・・・・・・・・1 本25,300 円(税込)、 2 本50,600 円(税込) PRP(GPSIII) (ジンマー・バイオメット GPSIII PRP キット)使用 ・・・・・・・",line-level strong price context,
V41_01C2410046,01C2410046,C,V41FA67B1D3993,関東,千葉県,医療法人社団南洲会 南洲会勝浦クリニック,勝浦市墨名485番地252,第三種,四肢の靭帯、筋腱付着部およびスポーツ傷害（筋・腱・靭帯）を対象とした自家多血小板血漿（PRP）注入療法,PRP,AUTO,1.0,https://saiseiiryo.mhlw.go.jp/published_plan/download/01C2410046/5/0,181500,税込,1回,GPS,Zimmer Biomet,9,5,"2 本50,600 円(税込) PRP(GPSIII) (ジンマー・バイオメット GPSIII PRP キット)使用 ・・・・・・・ 1回181,500 円(税込) ※本費用には、PRP の製造費用および投与費用、及び投与から1、3、6 ヶ月後の検 診費用が含まれます。",line-level strong price context,
V41_01C2106043,01C2106043,D,V41FD905F404DE,関東,千葉県,医療法人社団曙会 流山中央病院,流山市東初石二丁目１３２番地の２,第三種,自家多血小板血漿(Platelet-rich plasma:PRP)を用いた筋肉、腱、靭帯、筋膜の損傷及び慢性炎症の治療(関節外の軟部組織),PRP,AUTO,1.0,https://saiseiiryo.mhlw.go.jp/published_plan/download/01C2106043/5/0,32000,税込,2 回分,,,9,,"用することはできません。 (2) 本治療にかかる費用は、以下のとおりです。なお、費用は、治療に伴う診査、 PRP 作製のための採血にかかる費用、PRP 作製費用、注入にかかる費用の 総額となります。左右両側に投与する場合は、2 回分です。 PRP 療法1回(1 部位) 32,000 円(税込) 11. 試料等の保存及び廃棄の方法 患者様から採取した血液と作製したPRP は、患者様ご自身の治療のみに 使用します。ただし、症例検討や学会発表を目的として、血液やPRP の測 定を行い、データを取得することがあります。 血液およびPRP は微量で全量を使用するため、保管はしません。治療に 用いない血液または",,
V41_01C2306039,01C2306039,A,V41FFD3F4C623B,関東,千葉県,医療法人社団淳英会　おゆみの中央病院,千葉市緑区おゆみ野南六丁目 49 番地 9,第二種,自己脂肪由来間葉系幹細胞を用いた関節痛、変形性関節症治療,脂肪由来幹細胞,QC,1.0,https://saiseiiryo.mhlw.go.jp/published_plan/download/01C2306039/5/0,930400,税込,2回,,,5,5,"血液感染症検査・診察:17,600円(税込) □再診・施行費用 単回(片足) 930,400 円(税込) 2回(両足同日施行の場合)1,390,400円(税込) □アフターケア検診費用は、上記の再診・施行費用に含まれています。",price candidates remain ambiguous,
V41_01C2306039,01C2306039,A,V41FFD3F4C623B,関東,千葉県,医療法人社団淳英会　おゆみの中央病院,千葉市緑区おゆみ野南六丁目 49 番地 9,第二種,自己脂肪由来間葉系幹細胞を用いた関節痛、変形性関節症治療,脂肪由来幹細胞,QC,1.0,https://saiseiiryo.mhlw.go.jp/published_plan/download/01C2306039/5/0,948000,税込,2回,,,5,5,"15.費用について(施行費用等) 【総額】 ■単回(片足) 948,000 円(税込) ■2回(両足同日施行の場合)1,408,000円(税込) (内訳)",price candidates remain ambiguous,
V41_01C2306039,01C2306039,A,V41FFD3F4C623B,関東,千葉県,医療法人社団淳英会　おゆみの中央病院,千葉市緑区おゆみ野南六丁目 49 番地 9,第二種,自己脂肪由来間葉系幹細胞を用いた関節痛、変形性関節症治療,脂肪由来幹細胞,QC,1.0,https://saiseiiryo.mhlw.go.jp/published_plan/download/01C2306039/5/0,1390400,税込,2回,,,5,5,"□再診・施行費用 単回(片足) 930,400 円(税込) 2回(両足同日施行の場合)1,390,400円(税込) □アフターケア検診費用は、上記の再診・施行費用に含まれています。 【キャンセル費用について】",price candidates remain ambiguous,
V41_01C2306039,01C2306039,A,V41FFD3F4C623B,関東,千葉県,医療法人社団淳英会　おゆみの中央病院,千葉市緑区おゆみ野南六丁目 49 番地 9,第二種,自己脂肪由来間葉系幹細胞を用いた関節痛、変形性関節症治療,脂肪由来幹細胞,QC,1.0,https://saiseiiryo.mhlw.go.jp/published_plan/download/01C2306039/5/0,1408000,税込,2回,,,2,5,"【総額】 ■単回(片足) 948,000 円(税込) ■2回(両足同日施行の場合)1,408,000円(税込) (内訳) □初回(又は、直近の血液感染症検査から6ヵ月以上間隔が空いた場合)",price candidates remain ambiguous,
V41_01C2306039,01C2306039,A,V41FFD3F4C623B,関東,千葉県,医療法人社団淳英会　おゆみの中央病院,千葉市緑区おゆみ野南六丁目 49 番地 9,第二種,自己脂肪由来間葉系幹細胞を用いた関節痛、変形性関節症治療,脂肪由来幹細胞,QC,1.0,https://saiseiiryo.mhlw.go.jp/published_plan/download/01C2306039/5/0,17600,税込,,,,-5,5,"(内訳) □初回(又は、直近の血液感染症検査から6ヵ月以上間隔が空いた場合) 血液感染症検査・診察:17,600円(税込) □再診・施行費用 単回(片足) 930,400 円(税込)",price candidates remain ambiguous,
V41_02C2205006,02C2205006,D,V41FFD3F4C623B,関東,千葉県,医療法人社団淳英会　おゆみの中央病院,千葉市緑区おゆみ野南六丁目４９番地９,第二種,多血小板血漿抽出液による関節症治療,APS/PRP,AUTO,1.0,https://saiseiiryo.mhlw.go.jp/published_plan/download/02C2205006/5/0,330000,税込,,APS|MyCells,Zimmer Biomet|MyCells系,10,3,"15.費用について(施行費用等) PRP 精製キットごとの治療費は下記の通りです。 (1)APS キット 330,000円(税込) ※血液感染症検査・診察:17,600円(税込)は上記金額に含まれます。 (2)Mycells キット",line-level strong price context,
V41_03C2206012,03C2206012,C,V41FFD3F4C623B,関東,千葉県,医療法人社団淳英会　おゆみの中央病院,千葉市緑区おゆみ野南六丁目49番地9,第三種,多血小板血漿を用いた靭帯・腱及び腱付着部の機能障害・疾患の治療,PRP,AUTO,1.0,https://saiseiiryo.mhlw.go.jp/published_plan/download/03C2206012/5/0,132000,税込,,GPS,Zimmer Biomet,10,4,"13.費用について PRP精製キットごとの治療費は下記の通りです。 I)GPSIIIキット 132,000円(税込) ※血液感染症検査・診察:17,600円(税込)は上記金額に含まれま す。",line-level strong price context,
V41_03C2301025,03C2301025,B,V41F6C5FD611B2,関東,千葉県,医療法人社団淳英会　Ｊメディカルおゆみの,"千葉市緑区おゆみ野三丁目16番地1
ゆみ～る鎌取ショッピングセンター５階",第二種,多血小板血漿抽出液による関節症治療,APS/PRP,AUTO,1.0,https://saiseiiryo.mhlw.go.jp/published_plan/download/03C2301025/5/0,330000,税込,,APS|MyCells,Zimmer Biomet|MyCells系,10,3,"15.費用について(施行費用等) PRP 精製キットごとの治療費は下記の通りです。 (1)APS キット 330,000円(税込) ※血液感染症検査・診察:17,600円(税込)は上記金額に含まれます。 (2)Mycells キット",line-level strong price context,
V41_03C2301026,03C2301026,A,V41F6C5FD611B2,関東,千葉県,医療法人社団淳英会　Ｊメディカルおゆみの,"千葉市緑区おゆみ野三丁目16番地1
ゆみ～る鎌取ショッピングセンター５階",第三種,多血小板血漿を用いた靭帯・腱及び腱付着部の機能障害・疾患の治療,PRP,AUTO,1.0,https://saiseiiryo.mhlw.go.jp/published_plan/download/03C2301026/5/0,132000,税込,,GPS|MyCells,Zimmer Biomet|MyCells系,10,3,"13.費用について PRP精製キットごとの治療費は下記の通りです。 I)GPSIIIキット 132,000 円(税込) ※血液感染症検査・診察:17,600 円(税込)は上記金額に含まれます。 II)Mycellsキット",line-level strong price context,
V41_01C2202006,01C2202006,B,V41FA393308BAF,関東,千葉県,医療法人社団煌和会 國分クリニック,千葉市中央区宮崎町235-8,第三種,自己多血小板血漿(PRP)を用いた筋・腱・靱帯損傷部の治癒促進を目的とした整形外科治療,PRP,AUTO,1.0,https://saiseiiryo.mhlw.go.jp/published_plan/download/01C2202006/5/0,30000,税込,一部位,,,13,1,"□ 血小板活性を促すためにアドレナリン含有リドカインを少量加え る場合があります。 □ 治療費は、一部位につき30,000円 (税込)です。 □ 細胞提供者と受領者(施術対象者)は同一人のため、細胞提供者 の選択は行いません。",line-level strong price context,
V41_02C2503029,02C2503029,D,V41F27087552D8,関東,千葉県,医療法人社団誠富会 成田整形外科,成田市橋賀台 1-15-2,第二種,多血小板血漿（Platelet-rich plasma：PRP）を用いた変形性関節症治療,PRP,AUTO,1.0,https://saiseiiryo.mhlw.go.jp/published_plan/download/02C2503029/5/0,27000,税別,,,,9,4,"治療にかかる費用について この治療は公的保険の対象ではありませんので、当院の所定の施術料をお支払いいただきます。 ・治療費:27,000円(税抜)",line-level strong price context,
V41_02C2503026,02C2503026,C,V41F27087552D8,関東,千葉県,医療法人社団誠富会　成田整形外科,成田市橋賀台1-15-2,第三種,多血小板血漿（Platelet-rich plasma : PRP)を用いた整形外科領域における軟部組織治療,PRP,AUTO,1.0,https://saiseiiryo.mhlw.go.jp/published_plan/download/02C2503026/5/0,27000,税別,,,,9,5,"この治療は公的保険の対象ではありませんので、当院所定の施術料をお支払いいただきま す。 ・治療費:27,000 円(税抜) 症状などにより治療費は変動する可能性がございます。 詳細やご不明な点は医師またはスタッフにお尋ね下さい。",line-level strong price context,
V41_02C2506050,02C2506050,A,V41F824564D0F7,関東,千葉県,医療法人社団誠馨会 千葉メディカルセンター,千葉市中央区南町1丁目7番1号,第二種,自家多血小板血漿（Platelet-rich plasma：PRP）を用いた慢性関節炎の治療（関節内組織）,PRP,AUTO,1.0,https://saiseiiryo.mhlw.go.jp/published_plan/download/02C2506050/5/0,40000,税別,両側,,,11,7,"う診査、PRP 調製のための採血、PRP 調製、注入にかかる費用の総額とな ります。左右両側に投与する場合は、2 回分です。 PRP 1 回(1 部位) 40,000 円(税別) (3) キット開封後にキャンセルされた場合は、費用の全額をご負担いただき ます。",line-level strong price context,
V41_02C2506051,02C2506051,B,V41F824564D0F7,関東,千葉県,医療法人社団誠馨会 千葉メディカルセンター,千葉市中央区南町1丁目7番1号,第三種,自家多血小板血漿(Platelet-rich plasma:PRP)を用いた筋肉、腱、靭帯、筋膜の損傷及び慢性炎症の治療(関節外軟部組織),PRP,AUTO,1.0,https://saiseiiryo.mhlw.go.jp/published_plan/download/02C2506051/5/0,50000,税別,両側,,,12,6,"う診査、PRP 調製のための採血にかかる費用、PRP 調製費用、注入にかか る費用の総額となります。左右両側に投与する場合は、2 回分です。 PRP 1回(1 部位) 50,000 円(税別) (3) キット開封後にキャンセルされた場合は、費用の全額をご負担いただき ます。",line-level strong price context,
V41_01C2408008,01C2408008,D,V41FB922571E87,関東,千葉県,医療法人社団錦昌会 みどりのは 葉記念病院,千葉市緑区古市場町２０９番４,第三種,自家多血小板血漿(Platelet-rich plasma：PRP)を用いた筋肉、腱、靭帯、筋膜の損傷及び慢性炎症の治療（関節腔外に限る）,PRP,AUTO,1.0,https://saiseiiryo.mhlw.go.jp/published_plan/download/01C2408008/5/0,60000,税込,,ACP,Arthrex,8,,"治療は、すべて自費診療であり、健康保険を使用することはできません。 (2) 本治療にかかる費用は、以下のとおりです。なお、費用は、治療に伴う診査、自家PRP 調製のための採血にかかる費用、自家PRP 調製費用、注入にかかる費用の総額となりま す。 PRP 療法(ACP:腰、関節など):税込 60,000 円 消費税別 11. 試料等の保存及び廃棄の方法 患者様から採取した血液と作製したPRP は、患者様ご自身の治療のみに使用します。 ただし、症例検討や学会発表を目的として、血液やPRP の測定を行い、データを取得 することがあります。 血液およびPRP は微量で全量を使用するため、保管はしません。治療に用いない血 液またはP",,
V41_01C2408009,01C2408009,C,V41FB922571E87,関東,千葉県,医療法人社団錦昌会 みどりのは 葉記念病院,千葉市緑区古市場町２０９番４,第二種,自家多血小板血漿（Platelet-rich plasma：PRP）を用いた慢性関節炎の治療（関節内組織）,PRP,AUTO,1.0,https://saiseiiryo.mhlw.go.jp/published_plan/download/01C2408009/5/0,60000,税込,2 回分,ACP,Arthrex,9,,"険を使用することはできません。 (2) 本治療にかかる費用は、以下のとおりです。なお、費用は、治療に伴う診査、PRP 調 製のための採血にかかる費用、PRP 調製費用、注入にかかる費用の総額となります。 左右両側に投与する場合は、2 回分です。 PRP 療法(ACP:腰、関節など):税込 60,000 円 消費税別 11. 試料等の保存及び廃棄の方法 患者様から採取した血液と作製したPRP は、患者様ご自身の治療のみに使用しま す。ただし、症例検討や学会発表を目的として、血液やPRP の測定を行い、データ を取得することがあります。 血液およびPRP は微量で全量を使用するため、保管はしません。治療に用いない 血液またはP",,
V41_02C2603018,02C2603018,A,V41FAE801257E4,関東,千葉県,医療法人鉄蕉会　亀田クリニック,鴨川市東町 1344 番地,第二種,APS（Autologous Protein Solution）を用いた変形性関節症を起因とする慢性痛治療,APS,AUTO,1.0,https://saiseiiryo.mhlw.go.jp/published_plan/download/02C2603018/5/0,220000,不明,,APS,Zimmer Biomet,7,,でも、PRP を投与する前までであれ ば患者さまのご意思で同意を取り下げ、この治療を中止することができます。も しあなたが、同意を取り下げられても、不利な扱いを受けたりすることは一切あ りません。 なお、本治療のための採血を実施した後に患者さまのご都合により治療を中 止した場合は、全費用の2/3(22 万円)の金額を患者さまに請求させて頂き ます。ご了承のほどお願いいたします。 同意の撤回の後、再度本治療を希望される場合には、改めて説明を受け、同意 することで本治療を受けることができます。 10.治療にかかる費用について (1) 「APS(Autologous Protein Solution)を用いた変形性関節症を起因と する慢,,
V41_02C2603018,02C2603018,A,V41FAE801257E4,関東,千葉県,医療法人鉄蕉会　亀田クリニック,鴨川市東町 1344 番地,第二種,APS（Autologous Protein Solution）を用いた変形性関節症を起因とする慢性痛治療,APS,AUTO,1.0,https://saiseiiryo.mhlw.go.jp/published_plan/download/02C2603018/5/0,2000,税別,,,,6,,"がばらつく可能性がある。 医薬品として承認されており、 品質は安定している。 アレルギー 反応 自家移植のため、 極めて低い。 品質管理された安全性の高い ものだが、アレルギー反応など の可能性を完全には否定でき ない。 費用 300,000 円(税抜) (当院の場合) 保険適用:2000 円前後/回 (膝関節内投与の場合) ※アルツ関節注25mg 添付文書より 【他の治療法により予期される利益および不利益】 半月板部分切除術や修復術、骨軟骨柱移植によって同様の効果を得ることが できると考えられます。確実に損傷した繊維軟骨や関節軟骨を再生させられる などのメリットもありますが、侵襲を伴うため回復まで時間がかかり、手",,
V41_02C2603018,02C2603018,A,V41FAE801257E4,関東,千葉県,医療法人鉄蕉会　亀田クリニック,鴨川市東町 1344 番地,第二種,APS（Autologous Protein Solution）を用いた変形性関節症を起因とする慢性痛治療,APS,AUTO,1.0,https://saiseiiryo.mhlw.go.jp/published_plan/download/02C2603018/5/0,300000,税別,,,,6,,"患者さま自身の血液から製造 するため、患者さんごとに品質 がばらつく可能性がある。 医薬品として承認されており、 品質は安定している。 アレルギー 反応 自家移植のため、 極めて低い。 品質管理された安全性の高い ものだが、アレルギー反応など の可能性を完全には否定でき ない。 費用 300,000 円(税抜) (当院の場合) 保険適用:2000 円前後/回 (膝関節内投与の場合) ※アルツ関節注25mg 添付文書より 【他の治療法により予期される利益および不利益】 半月板部分切除術や修復術、骨軟骨柱移植によって同様の効果を得ることが できると考えられます。確実に損傷した繊維軟骨や関節軟骨を再生させられる などのメリット",,
V41_02C2603018,02C2603018,A,V41FAE801257E4,関東,千葉県,医療法人鉄蕉会　亀田クリニック,鴨川市東町 1344 番地,第二種,APS（Autologous Protein Solution）を用いた変形性関節症を起因とする慢性痛治療,APS,AUTO,1.0,https://saiseiiryo.mhlw.go.jp/published_plan/download/02C2603018/5/0,300000,税別,1回,APS,Zimmer Biomet,1,,"保険を使用することはで きません。 (2) 「APS(Autologous Protein Solution)を用いた変形性関節症を起因と する慢性痛治療」は、治療に伴う診査、自家PRP 調製のための採血にかか る費用、自家PRP 調製費用、注入の総額となります。 (3) 費用は、注射1回あたり300,000 円(税別)となります。 (4) 両側に投与する場合はPRP 注射2回分の料金となります。 11.健康被害が発生した際の処置と補償等について (1) この治療において健康被害が発生した場合には、当法人が開設する医療 機関にて医療を提供します。 (2) この治療において健康被害が発生した場合には、加入している医師賠償 責任保険で補償",,
V41_02C2605007,02C2605007,B,V41FDB418B1DF5,関東,千葉県,医療法人鉄蕉会　亀田クリニック,鴨川市東町１３４４,第二種,多血小板血漿（ＰＲＰ）の関節内投与による半月板・関節軟骨の治療,PRP,AUTO,1.0,https://saiseiiryo.mhlw.go.jp/published_plan/download/02C2605007/5/0,20000,税別,1回,,,13,7,"関節軟骨の治療」は、治療に伴う診査、自家PRP 調製のための採血にかか る費用、自家PRP 調製費用、注入の総額となります。 (3) 費用は、注射1回あたり 20,000円(税別)となります。 (4) 両側に投与する場合はPRP 注射2回分の料金となります。 11.健康被害が発生した際の処置と補償等について",line-level strong price context,
V41_01C2407085,01C2407085,D,V41FCE17B3048C,関東,千葉県,千葉ニュータウン整形外科リハビリテーションクリニック,印西市中央北1丁目1 APOLLO PLANT MALL 2階,第三種,自家多血小板血漿(Platelet-rich plasma：PRP)を用いた筋肉、腱、靭帯、筋膜の損傷及び慢性炎症の治療（関節腔外に限る）,PRP,AUTO,1.0,https://saiseiiryo.mhlw.go.jp/published_plan/download/01C2407085/5/0,50000,税別,1回,,,9,,治療費用 (1) 本治療は、すべて自費診療であり、健康保険を使用することはできません。 (2) 本治療にかかる費用は、以下のとおりです。なお、費用は、治療に伴う診査、自家PRP 調製のための採血にかかる費用、自家PRP 調製費用、注入にかかる費用の総額となりま す。 PRP 療法1回 5万円 消費税別 11. 試料等の保存及び廃棄の方法 患者様から採取した血液と作製したPRP は、患者様ご自身の治療のみに使用します。た だし、症例検討や学会発表を目的として、血液やPRP の測定を行い、データを取得するこ とがあります。 血液およびPRP は微量で全量を使用するため、保管はしません。治療に用いない血液ま たはP,,
V41_01C2407086,01C2407086,C,V41FCE17B3048C,関東,千葉県,千葉ニュータウン整形外科リハビリテーションクリニック,印西市中央北1丁目1 APOLLO PLANT MALL 2階,第二種,自家多血小板血漿（Platelet-rich plasma：PRP）を用いた慢性関節炎の治療（関節内組織）,PRP,AUTO,1.0,https://saiseiiryo.mhlw.go.jp/published_plan/download/01C2407086/5/0,50000,税別,2 回分,,,9,,康保険を使用することはできません。 (2) 本治療にかかる費用は、以下のとおりです。なお、費用は、治療に伴う診査、PRP 調製 のための採血にかかる費用、PRP 調製費用、注入にかかる費用の総額となります。左右 両側に投与する場合は、2 回分です。 PRP 1 回(1 部位) 5 万円(消費税別) PRP 2 回分(2 部位同時) 9 万円(消費税別) 11. 試料等の保存及び廃棄の方法 患者様から採取した血液と作製したPRP は、患者様ご自身の治療のみに使用します。た だし、症例検討や学会発表を目的として、血液やPRP の測定を行い、データを取得するこ とがあります。 血液およびPRP,,
V41_01C2407086,01C2407086,C,V41FCE17B3048C,関東,千葉県,千葉ニュータウン整形外科リハビリテーションクリニック,印西市中央北1丁目1 APOLLO PLANT MALL 2階,第二種,自家多血小板血漿（Platelet-rich plasma：PRP）を用いた慢性関節炎の治療（関節内組織）,PRP,AUTO,1.0,https://saiseiiryo.mhlw.go.jp/published_plan/download/01C2407086/5/0,90000,税別,2 回分,,,9,,下のとおりです。なお、費用は、治療に伴う診査、PRP 調製 のための採血にかかる費用、PRP 調製費用、注入にかかる費用の総額となります。左右 両側に投与する場合は、2 回分です。 PRP 1 回(1 部位) 5 万円(消費税別) PRP 2 回分(2 部位同時) 9 万円(消費税別) 11. 試料等の保存及び廃棄の方法 患者様から採取した血液と作製したPRP は、患者様ご自身の治療のみに使用します。た だし、症例検討や学会発表を目的として、血液やPRP の測定を行い、データを取得するこ とがあります。 血液およびPRP は微量で全量を使用するため、保管はしません。治療に用いない血液ま たは,,
V41_01C2310044,01C2310044,A,V41F9372FF520F,関東,千葉県,日本医科大学千葉北総病院,印西市鎌苅１７１５,第二種,変形性関節症に対する多血小板血漿抽出液（ＡＰＳ）関節内投与療法,APS/PRP,QC,1.0,https://saiseiiryo.mhlw.go.jp/published_plan/download/01C2310044/5/0,400000,税込,,,,6,,"療を行う医師、管理者(院長)へと報告して対応させていただきます。 窓口部署:庶務課 連絡先:0476-99-1111(内線:5022) 14.費用について 細胞の提供に際して費用は発生しません。 治療の提供に際しては、本治療は公的保険の対象ではありませんので、当院所定の施術料として400,000 円(税込)をお支払いいただきます。 ※患者様の症状、その他の事情等により治療費が変動する場合があります。 なお、細胞の採取後や加工後に同意を撤回された場合など、同意を撤回される時点までに費用が発生している 場合は、発生した費用については患者様にご負担いただきますのでご了承ください。 15.他の治療法の有無、本治療法との比較につ",no price found after text/OCR pass,No price found after refined text/OCR pass
V41_03C2410007,03C2410007,B,V41FA5331664CD,関東,千葉県,柏の葉キャンパス整形外科,柏市中十余二397-1 中央182街区3,第二種,自家多血小板血漿（Platelet-Rich Plasma：PRP）を用いた慢性関節炎の治療（関節内組織）,PRP,AUTO,1.0,https://saiseiiryo.mhlw.go.jp/published_plan/download/03C2410007/5/0,55000,税込,1 回(1 部位),,,10,7,"査、PRP 調製のための採血にかかる費用、PRP 調製費用、注入にかかる費 用の総額となります。 PRP 1 回(1 部位) 55,000 円(税込) (3) 採血を開始してからのキャンセルについては、キャンセル費用をいただ きます。",line-level strong price context,
V41_03C2410034,03C2410034,C,V41FA5331664CD,関東,千葉県,柏の葉キャンパス整形外科,柏市中十余二397-1 中央182街区3,第三種,自家多血小板血漿（Platelet-rich plasma：PRP）を用いた筋肉、腱、靭帯、筋膜の損傷及び慢性炎症の治療（関節外の軟部組織）,PRP,AUTO,1.0,https://saiseiiryo.mhlw.go.jp/published_plan/download/03C2410034/5/0,55000,税込,両側,,,12,6,"査、PRP 作製のための採血にかかる費用、PRP 作製費用、注入にかかる費 用の総額となります。左右両側に投与する場合は、2 回分です。 PRP 1回(1 部位) 55,000 円(税込) (3) 採血を開始してからのキャンセルについては、キャンセル費用をいただ きます。",line-level strong price context,
V41_01C2206026,01C2206026,D,V41F1876BC8706,関東,千葉県,柏はせがわ整形外科,柏市根戸４６７−１０３ メディカルプラザ北柏 2Ｆ,第三種,自己多血小板血漿（PRP)を用いた、筋・腱・靱帯への軟部組織再生療法,PRP,AUTO,1.0,https://saiseiiryo.mhlw.go.jp/published_plan/download/01C2206026/5/0,30800,税込,,,,10,1,"る場合があります。 □ 本治療にかかる費用は以下の通りです。 PRP 1ml/採血量 約10ml =30,800円(消費税込) PRP 2ml/採血量 約20ml =52,800円(消費税込) □ 細胞提供者と受領者(施術対象者)は同一人のため、細胞提供者",line-level strong price context,
V41_01C2206026,01C2206026,D,V41F1876BC8706,関東,千葉県,柏はせがわ整形外科,柏市根戸４６７−１０３ メディカルプラザ北柏 2Ｆ,第三種,自己多血小板血漿（PRP)を用いた、筋・腱・靱帯への軟部組織再生療法,PRP,AUTO,1.0,https://saiseiiryo.mhlw.go.jp/published_plan/download/01C2206026/5/0,52800,税込,,,,10,1,"□ 本治療にかかる費用は以下の通りです。 PRP 1ml/採血量 約10ml =30,800円(消費税込) PRP 2ml/採血量 約20ml =52,800円(消費税込) □ 細胞提供者と受領者(施術対象者)は同一人のため、細胞提供者 の選択は行いません。",line-level strong price context,
V41_02C2311048,02C2311048,A,V41F6BA7FEB040,関東,千葉県,社会医療法人社団蛍水会 名戸ヶ谷病院,柏市新柏二丁目1番1,第二種,自家多血小板血漿(Platelet rich plasma:PRP)を用いた関節機能改善治療,PRP,QC,1.0,https://saiseiiryo.mhlw.go.jp/published_plan/download/02C2311048/5/0,,,,,,,,,no price found after rescue text/OCR pass,Rescue completed; OCR page timeouts=0
V41_02C2402051,02C2402051,B,V41F6BA7FEB040,関東,千葉県,社会医療法人社団蛍水会 名戸ヶ谷病院,柏市新柏二丁目1番1,第三種,自家多血小板血漿(Platelet-rich plasma:PRP)を用いた関節機能治療(関節腔外に限る),PRP,QC,1.0,https://saiseiiryo.mhlw.go.jp/published_plan/download/02C2402051/5/0,,,,,,,,,no price found after rescue text/OCR pass,Rescue completed; OCR page timeouts=0
V41_02C2407017,02C2407017,C,V41F90D6881D79,関東,千葉県,長浜クリニック,市川市若宮2-13-6,第二種,自家多血小板血漿（Platelet-rich plasma：PRP）を用いた慢性関節炎の治療（関節内組織）,PRP,QC,1.0,https://saiseiiryo.mhlw.go.jp/published_plan/download/02C2407017/5/0,77000,税込,1 回,ACP|Condensia,Arthrex|京セラ,6,7,"費用(税込) ACP(1 回・1 部位) 38,500~77,000 円 Condensia(1 回・1 部位) 33,000~88,000 円",price candidates remain ambiguous,
V41_02C2407017,02C2407017,C,V41F90D6881D79,関東,千葉県,長浜クリニック,市川市若宮2-13-6,第二種,自家多血小板血漿（Platelet-rich plasma：PRP）を用いた慢性関節炎の治療（関節内組織）,PRP,QC,1.0,https://saiseiiryo.mhlw.go.jp/published_plan/download/02C2407017/5/0,88000,不明,1 回,Condensia,京セラ,3,7,"38,500~77,000 円 Condensia(1 回・1 部位) 33,000~88,000 円 ※ 投与する部位や患部の状態により金額が異なります。学生割引ありま す。詳細は医師にご確認ください。",price candidates remain ambiguous,
V41_02C2109023,02C2109023,A,V41F1A19E07084,関東,千葉県,順天堂大学医学部附属浦安病院,浦安市富岡2-1-1,第二種,自己多血小板血漿（PRP）療法（関節炎・変形性関節症に対する）,PRP,AUTO,1.0,https://saiseiiryo.mhlw.go.jp/published_plan/download/02C2109023/5/0,30000,税別,1回,,,9,,"うに患者様の治 療に最善を尽くします。 治療費用 本治療は、すべて自費診療であり、健康保険を使用することはでき ません。 本治療にかかる費用は、以下のとおりです。なお、費用は、治療に 伴う診察、自己PRP調製のための採血にかかる費用、自己PRP調製 費用、注入の総額となります。 PRP療法1回 30000円 消費税別 試料等の保存及び廃棄の方法 この治療にて採取した血液は、患者様ご自身の治療のみに使用しま す。ただし,症例検討や学会発表を目的として,患者様より採取し た血液及び調整した細胞加工物(自己PRP)の測定を行い,データ を取得することがあります。 採血した血液の状態により治療に用いなかった血液が発生した場合 は、適切に処理し、",,
V41_02C2109024,02C2109024,D,V41F1A19E07084,関東,千葉県,順天堂大学医学部附属浦安病院,浦安市富岡2-1-1,第三種,自己多血小板血漿（PRP）療法（筋・腱・靭帯の損傷に対する）,PRP,AUTO,1.0,https://saiseiiryo.mhlw.go.jp/published_plan/download/02C2109024/5/0,60000,税別,1回,,,9,,"に患者様の治 療に最善を尽くします。 治療費用 本治療は、すべて自費診療であり、健康保険を使用することはでき ません。 本治療にかかる費用は、以下のとおりです。なお、費用は、治療に 伴う診察、自己PRP調製のための採血にかかる費用、自己PRP調製 費用、注入の総額となります。 PRP療法1回 60000円 消費税別 試料等の保存及び廃棄の方法 この治療にて採取した血液は、患者様ご自身の治療のみに使用しま す。ただし,症例検討や学会発表を目的として,患者様より採取し た血液及び調整した細胞加工物(自己PRP)の測定を行い,データ を取得することがあります。 採血した血液の状態により治療に用いなかった血液が発生した場合 は、適切に処理し、",,
V41_02E2405011,02E2405011,B,V41FC23E1E6312,近畿,和歌山県,伏虎リハビリテーション病院,和歌山市畑屋敷東ノ丁１番,第三種,自己多血小板血漿(PRP)を用いた整形外科領域における軟部組織治療,PRP,AUTO,1.0,https://saiseiiryo.mhlw.go.jp/published_plan/download/02E2405011/5/0,100000,税別,1 回,GPS,Zimmer Biomet,8,,"逆に ステロイド剤の副作用で重篤な感染症の誘発・骨粗鬆症の増悪・薬剤離脱困難等が生じてし まう可能性があります。 治療にかかる費用について この治療は公的保険の対象ではありませんので、当施設にて施術料をお支払いいただきます。 ・PRP 療法 GPSIIIシステム使用 1 回 100,000円(税抜) ※患者さまの症状により施術料が変わる場合は別途、ご説明いたします。 その他治療についての注意事項 患者さまの体調が良くない場合や、採取した血液の状態によっては、PRP を分離できないこ とがあります。 その際には、再度採血をさせていただく場合があります。 ま",,
V41_01E2503008,01E2503008,C,V41FCDBF276F14,近畿,和歌山県,医療法人優真会 やなせ整形外科,和歌山市次郎丸167番地の2,第三種,四肢の筋・腱・靱帯及びその付着部の傷害を対象とした自家多血小板血漿（PRP）注入療法,PRP,AUTO,1.0,https://saiseiiryo.mhlw.go.jp/published_plan/download/01E2503008/5/0,30000,税込,1 回,Condensia,京セラ,9,,"がご使用できない自由診療です。そのため、患者様の費用負担が他 の治療よりも高額になることがあります。当院において実施される本治療および本治療に必 要な検査などの費用は全額自己負担となります。 血液分離専用容器キットによる施術料1 回: 3種:PRP【京セラ コンデンシアキット 使用】 1回30,000 円(税込) ※患者様の症状によっては、治療を数回行うことがあります。治療前、または治 療後の状態から担当医師が判断し、患者様にお伝えしご相談させて頂きます。 ※治療内容・回数により1回あたりの費用が減額される場合がございます。施術する前に 詳細な説明をいたしますので、ご納得いただいた上で施術いただきますようお願い申し 上げます。 ご",,
V41_02E2407030,02E2407030,D,V41FAB23EC7735,近畿,和歌山県,医療法人琉憲会　ナカイマ整形外科クリニック,岩出市金池389-1,第三種,自家多血小板血漿（Platelet-rich plasma：PRP）を用いた筋肉、腱、靭帯、筋膜の損傷及び慢性炎症の治療（関節外の軟部組織）,PRP,AUTO,1.0,https://saiseiiryo.mhlw.go.jp/published_plan/download/02E2407030/5/0,55000,税込,両側,,,12,6,"査、PRP 作製のための採血にかかる費用、PRP 作製費用、注入にかかる費 用の総額となります。左右両側に投与する場合は、2 回分です。 PRP 1 回分(1 部位) 55,000 円(税込) (3) 採血を開始してからキャンセルされた場合は、費用の全額をご負担いた だきます。",line-level strong price context,
V41_02E2507042,02E2507042,A,V41F7F26367FC7,近畿,和歌山県,社会医療法人黎明会　北出病院,御坊市湯川町財部728‐4,第二種,多血小板血漿（Platelet-rich plasma：PRP）を用いた変形性関節症治療,PRP,QC,1.0,https://saiseiiryo.mhlw.go.jp/published_plan/download/02E2507042/5/0,2000,税別,,,,1,4,"可能性 自家移植のため、極めて低い。 反応などの可能性を完全 には大定できない。 保険適用 : 2000 円前後回 oa 120, 000 円 (Bit) 180, 000 円 (税抜 ARE O Ee) 詳細やご不明な点は医師・スタッフまでお気軽にお尋ねください。",rescue price candidates remain ambiguous,
V41_02E2507043,02E2507043,C,V41F7F26367FC7,近畿,和歌山県,社会医療法人黎明会　北出病院,御坊市湯川町財部728‐4,第三種,自己多血小板血漿（Platelet-rich plasma：PRP）を用いた整形外科領域における軟部組織治療,PRP,QC,1.0,https://saiseiiryo.mhlw.go.jp/published_plan/download/02E2507043/5/0,,,,,,,,,no price found after rescue text/OCR pass,Rescue completed; OCR page timeouts=0
V41_02E2509003,02E2509003,B,V41F7F26367FC7,近畿,和歌山県,社会医療法人黎明会　北出病院,御坊市湯川町財部728-4,第二種,自家培養脂肪由来幹細胞を用いた変形性膝関節症治療,脂肪由来幹細胞,QC,1.0,https://saiseiiryo.mhlw.go.jp/published_plan/download/02E2509003/5/0,660000,不明,1回,,,1,,"1回目金額 880,000円 2回目金額 660,000円 1回目金額 1,210,000円 2回目金額 880,000円 1回目金額 1,320,000円 2回目金額 0円 1回目金額 1,760,000円 2回目金額 0円 初回から両 膝2回投与 を決めてい る 2億個×1回培養 1回ごと 片膝2回 5000万個×2回 培養 1回ごと 両膝2回 1億個×2回培養 初回から片 膝2回投与 を決",no price found after text/OCR pass,RuntimeError: Tesseract process timeout
V41_02E2509003,02E2509003,B,V41F7F26367FC7,近畿,和歌山県,社会医療法人黎明会　北出病院,御坊市湯川町財部728-4,第二種,自家培養脂肪由来幹細胞を用いた変形性膝関節症治療,脂肪由来幹細胞,QC,1.0,https://saiseiiryo.mhlw.go.jp/published_plan/download/02E2509003/5/0,880000,不明,1回,,,1,,"1回目金額 880,000円 2回目金額 660,000円 1回目金額 1,210,000円 2回目金額 880,000円 1回目金額 1,320,000円 2回目金額 0円 1回目金額 1,760,000円 2回目金額 0円 初回から両 膝2回投与 を決めてい る 2億個×1回培養 1回ごと 片膝2回 5000万個×2回 培養 1回ごと 両膝2回 1億個×2回培養",no price found after text/OCR pass,RuntimeError: Tesseract process timeout
V41_02E2509003,02E2509003,B,V41F7F26367FC7,近畿,和歌山県,社会医療法人黎明会　北出病院,御坊市湯川町財部728-4,第二種,自家培養脂肪由来幹細胞を用いた変形性膝関節症治療,脂肪由来幹細胞,QC,1.0,https://saiseiiryo.mhlw.go.jp/published_plan/download/02E2509003/5/0,1210000,不明,1回,,,1,,"1回目金額 880,000円 2回目金額 660,000円 1回目金額 1,210,000円 2回目金額 880,000円 1回目金額 1,320,000円 2回目金額 0円 1回目金額 1,760,000円 2回目金額 0円 初回から両 膝2回投与 を決めてい る 2億個×1回培養 1回ごと 片膝2回 5000万個×2回 培養 1回ごと 両膝2回 1億個×2回培養 初回から片 膝2回投与 を決めてい る 1億個×1回培養",no price found after text/OCR pass,RuntimeError: Tesseract process timeout
V41_02E2509003,02E2509003,B,V41F7F26367FC7,近畿,和歌山県,社会医療法人黎明会　北出病院,御坊市湯川町財部728-4,第二種,自家培養脂肪由来幹細胞を用いた変形性膝関節症治療,脂肪由来幹細胞,QC,1.0,https://saiseiiryo.mhlw.go.jp/published_plan/download/02E2509003/5/0,1320000,不明,1回,,,1,,"1回目金額 880,000円 2回目金額 660,000円 1回目金額 1,210,000円 2回目金額 880,000円 1回目金額 1,320,000円 2回目金額 0円 1回目金額 1,760,000円 2回目金額 0円 初回から両 膝2回投与 を決めてい る 2億個×1回培養 1回ごと 片膝2回 5000万個×2回 培養 1回ごと 両膝2回 1億個×2回培養 初回から片 膝2回投与 を決めてい る 1億個×1回培養",no price found after text/OCR pass,RuntimeError: Tesseract process timeout
V41_02E2509003,02E2509003,B,V41F7F26367FC7,近畿,和歌山県,社会医療法人黎明会　北出病院,御坊市湯川町財部728-4,第二種,自家培養脂肪由来幹細胞を用いた変形性膝関節症治療,脂肪由来幹細胞,QC,1.0,https://saiseiiryo.mhlw.go.jp/published_plan/download/02E2509003/5/0,1760000,不明,1回,,,1,,"1回目金額 880,000円 2回目金額 660,000円 1回目金額 1,210,000円 2回目金額 880,000円 1回目金額 1,320,000円 2回目金額 0円 1回目金額 1,760,000円 2回目金額 0円 初回から両 膝2回投与 を決めてい る 2億個×1回培養 1回ごと 片膝2回 5000万個×2回 培養 1回ごと 両膝2回 1億個×2回培養 初回から片 膝2回投与 を決めてい る 1億個×1回培養",no price found after text/OCR pass,RuntimeError: Tesseract process timeout
V41_01E2509005,01E2509005,D,V41F0133944684,近畿,和歌山県,社会医療法人黎明会　和歌山 健診クリニック・キタデ,和歌山市七番丁２６－１　モンティグレ ダイワロイネットホテル和歌山　２F,第二種,自家多血小板血漿（Platelet-Rich Plasma：PRP）を用いた慢性関節炎の治療（関節内組織）,PRP,QC,1.0,https://saiseiiryo.mhlw.go.jp/published_plan/download/01E2509005/5/0,352000,不明,,ACP MAX|ACP,Arthrex,3,8,"HD-PRP(ACP MAX の場合) 198,000 円 352,000 円 ― また、ACP-PRP は効果を高めるため、2 倍量1 度に投与することが可能です。",price candidates remain ambiguous,
V41_01E2509005,01E2509005,D,V41F0133944684,近畿,和歌山県,社会医療法人黎明会　和歌山 健診クリニック・キタデ,和歌山市七番丁２６－１　モンティグレ ダイワロイネットホテル和歌山　２F,第二種,自家多血小板血漿（Platelet-Rich Plasma：PRP）を用いた慢性関節炎の治療（関節内組織）,PRP,QC,1.0,https://saiseiiryo.mhlw.go.jp/published_plan/download/01E2509005/5/0,55000,不明,,ACP,Arthrex,2,8,"3本セット ACP-PRP 55,000 円 99,000 円 132,000 円",price candidates remain ambiguous,
V41_01E2509005,01E2509005,D,V41F0133944684,近畿,和歌山県,社会医療法人黎明会　和歌山 健診クリニック・キタデ,和歌山市七番丁２６－１　モンティグレ ダイワロイネットホテル和歌山　２F,第二種,自家多血小板血漿（Platelet-Rich Plasma：PRP）を用いた慢性関節炎の治療（関節内組織）,PRP,QC,1.0,https://saiseiiryo.mhlw.go.jp/published_plan/download/01E2509005/5/0,99000,不明,,ACP MAX|ACP,Arthrex,2,8,"ACP-PRP 55,000 円 99,000 円 132,000 円 HD-PRP(ACP MAX の場合)",price candidates remain ambiguous,
V41_01E2509005,01E2509005,D,V41F0133944684,近畿,和歌山県,社会医療法人黎明会　和歌山 健診クリニック・キタデ,和歌山市七番丁２６－１　モンティグレ ダイワロイネットホテル和歌山　２F,第二種,自家多血小板血漿（Platelet-Rich Plasma：PRP）を用いた慢性関節炎の治療（関節内組織）,PRP,QC,1.0,https://saiseiiryo.mhlw.go.jp/published_plan/download/01E2509005/5/0,132000,不明,,ACP MAX|ACP,Arthrex,2,8,"55,000 円 99,000 円 132,000 円 HD-PRP(ACP MAX の場合) 198,000 円",price candidates remain ambiguous,
V41_01E2509005,01E2509005,D,V41F0133944684,近畿,和歌山県,社会医療法人黎明会　和歌山 健診クリニック・キタデ,和歌山市七番丁２６－１　モンティグレ ダイワロイネットホテル和歌山　２F,第二種,自家多血小板血漿（Platelet-Rich Plasma：PRP）を用いた慢性関節炎の治療（関節内組織）,PRP,QC,1.0,https://saiseiiryo.mhlw.go.jp/published_plan/download/01E2509005/5/0,187000,不明,,ACP,Arthrex,2,8,"ACP-PRP ダブルショット 99,000 円 187,000 円 253,000 円 •",price candidates remain ambiguous,
V41_01E2509005,01E2509005,D,V41F0133944684,近畿,和歌山県,社会医療法人黎明会　和歌山 健診クリニック・キタデ,和歌山市七番丁２６－１　モンティグレ ダイワロイネットホテル和歌山　２F,第二種,自家多血小板血漿（Platelet-Rich Plasma：PRP）を用いた慢性関節炎の治療（関節内組織）,PRP,QC,1.0,https://saiseiiryo.mhlw.go.jp/published_plan/download/01E2509005/5/0,198000,不明,,ACP MAX|ACP,Arthrex,2,8,"132,000 円 HD-PRP(ACP MAX の場合) 198,000 円 352,000 円 ―",price candidates remain ambiguous,
V41_01E2509005,01E2509005,D,V41F0133944684,近畿,和歌山県,社会医療法人黎明会　和歌山 健診クリニック・キタデ,和歌山市七番丁２６－１　モンティグレ ダイワロイネットホテル和歌山　２F,第二種,自家多血小板血漿（Platelet-Rich Plasma：PRP）を用いた慢性関節炎の治療（関節内組織）,PRP,QC,1.0,https://saiseiiryo.mhlw.go.jp/published_plan/download/01E2509005/5/0,253000,不明,,,,0,8,"99,000 円 187,000 円 253,000 円 • 治療終了後も定期的な受診が必要です。",price candidates remain ambiguous,
V41_01E2509006,01E2509006,A,V41F0133944684,近畿,和歌山県,社会医療法人黎明会　和歌山 健診クリニック・キタデ,和歌山市七番丁２６－１　モンティグレ ダイワロイネットホテル和歌山　２F,第三種,自家多血小板血漿（Platelet-Rich Plasma：PRP）を用いた筋肉、腱、靭帯、筋膜の損傷及び慢性炎症の治療（関節外の軟部組織）,PRP,QC,1.0,https://saiseiiryo.mhlw.go.jp/published_plan/download/01E2509006/5/0,352000,不明,,ACP MAX|ACP,Arthrex,3,8,"HD-PRP(ACP MAX の場合) 198,000 円 352,000 円 ― また、ACP-PRP は効果を高めるため、2 倍量1 度に投与することが可能です。",price candidates remain ambiguous,
V41_01E2509006,01E2509006,A,V41F0133944684,近畿,和歌山県,社会医療法人黎明会　和歌山 健診クリニック・キタデ,和歌山市七番丁２６－１　モンティグレ ダイワロイネットホテル和歌山　２F,第三種,自家多血小板血漿（Platelet-Rich Plasma：PRP）を用いた筋肉、腱、靭帯、筋膜の損傷及び慢性炎症の治療（関節外の軟部組織）,PRP,QC,1.0,https://saiseiiryo.mhlw.go.jp/published_plan/download/01E2509006/5/0,55000,不明,,ACP,Arthrex,2,8,"3本セット ACP-PRP 55,000 円 99,000 円 132,000 円",price candidates remain ambiguous,
V41_01E2509006,01E2509006,A,V41F0133944684,近畿,和歌山県,社会医療法人黎明会　和歌山 健診クリニック・キタデ,和歌山市七番丁２６－１　モンティグレ ダイワロイネットホテル和歌山　２F,第三種,自家多血小板血漿（Platelet-Rich Plasma：PRP）を用いた筋肉、腱、靭帯、筋膜の損傷及び慢性炎症の治療（関節外の軟部組織）,PRP,QC,1.0,https://saiseiiryo.mhlw.go.jp/published_plan/download/01E2509006/5/0,99000,不明,,ACP MAX|ACP,Arthrex,2,8,"ACP-PRP 55,000 円 99,000 円 132,000 円 HD-PRP(ACP MAX の場合)",price candidates remain ambiguous,
V41_01E2509006,01E2509006,A,V41F0133944684,近畿,和歌山県,社会医療法人黎明会　和歌山 健診クリニック・キタデ,和歌山市七番丁２６－１　モンティグレ ダイワロイネットホテル和歌山　２F,第三種,自家多血小板血漿（Platelet-Rich Plasma：PRP）を用いた筋肉、腱、靭帯、筋膜の損傷及び慢性炎症の治療（関節外の軟部組織）,PRP,QC,1.0,https://saiseiiryo.mhlw.go.jp/published_plan/download/01E2509006/5/0,132000,不明,,ACP MAX|ACP,Arthrex,2,8,"55,000 円 99,000 円 132,000 円 HD-PRP(ACP MAX の場合) 198,000 円",price candidates remain ambiguous,
V41_01E2509006,01E2509006,A,V41F0133944684,近畿,和歌山県,社会医療法人黎明会　和歌山 健診クリニック・キタデ,和歌山市七番丁２６－１　モンティグレ ダイワロイネットホテル和歌山　２F,第三種,自家多血小板血漿（Platelet-Rich Plasma：PRP）を用いた筋肉、腱、靭帯、筋膜の損傷及び慢性炎症の治療（関節外の軟部組織）,PRP,QC,1.0,https://saiseiiryo.mhlw.go.jp/published_plan/download/01E2509006/5/0,187000,不明,,ACP,Arthrex,2,8,"ACP-PRP ダブルショット 99,000 円 187,000 円 253,000 円 •",price candidates remain ambiguous,
V41_01E2509006,01E2509006,A,V41F0133944684,近畿,和歌山県,社会医療法人黎明会　和歌山 健診クリニック・キタデ,和歌山市七番丁２６－１　モンティグレ ダイワロイネットホテル和歌山　２F,第三種,自家多血小板血漿（Platelet-Rich Plasma：PRP）を用いた筋肉、腱、靭帯、筋膜の損傷及び慢性炎症の治療（関節外の軟部組織）,PRP,QC,1.0,https://saiseiiryo.mhlw.go.jp/published_plan/download/01E2509006/5/0,198000,不明,,ACP MAX|ACP,Arthrex,2,8,"132,000 円 HD-PRP(ACP MAX の場合) 198,000 円 352,000 円 ―",price candidates remain ambiguous,
V41_01E2509006,01E2509006,A,V41F0133944684,近畿,和歌山県,社会医療法人黎明会　和歌山 健診クリニック・キタデ,和歌山市七番丁２６－１　モンティグレ ダイワロイネットホテル和歌山　２F,第三種,自家多血小板血漿（Platelet-Rich Plasma：PRP）を用いた筋肉、腱、靭帯、筋膜の損傷及び慢性炎症の治療（関節外の軟部組織）,PRP,QC,1.0,https://saiseiiryo.mhlw.go.jp/published_plan/download/01E2509006/5/0,253000,不明,,,,0,8,"99,000 円 187,000 円 253,000 円 • 治療終了後も定期的な受診が必要です。",price candidates remain ambiguous,
V41_01E2511014,01E2511014,B,V41FE796813418,近畿,和歌山県,社会医療法人黎明会　和歌山 健診クリニック・キタデ,和歌山市七番丁26-1　モンティグレ（ダイワロイネットホテル和歌山）2階,第二種,自己脂肪由来間葉系幹細胞を用いた変形性関節症治療,脂肪由来幹細胞,AUTO,1.0,https://saiseiiryo.mhlw.go.jp/published_plan/download/01E2511014/5/0,1300000,税別,,,,11,6,本治療は保険適用外であるため、治療にかかる費用全額をご自分でご負担いただきます。その 他、本治療を受けるために必要となった旅費、交通費などの全ての費用もご自分でご負担いただ きます。実際に必要となる費用については今回の治療は130 万円(税抜)となります。 なお、脂肪の採取後や、細胞加工物の製造開始後に同意を撤回された場合など、同意を撤回さ れる時点までに費用が発生している場合は、発生した費用についてはあなたにご負担いただきま,line-level strong price context,
V41_01E2511020,01E2511020,C,V41FE796813418,近畿,和歌山県,社会医療法人黎明会　和歌山 健診クリニック・キタデ,和歌山市七番丁26-1　モンティグレ（ダイワロイネットホテル和歌山）2階,第二種,自己脂肪由来間葉系幹細胞を用いた靭帯・腱損傷治療,脂肪由来幹細胞,AUTO,1.0,https://saiseiiryo.mhlw.go.jp/published_plan/download/01E2511020/5/0,1300000,税別,,,,11,6,1_07_説明同意文書 6 / 9 きます。実際に必要となる費用については今回の治療は 130 万円(税抜)となります。 なお、脂肪の採取後や、細胞加工物の製造開始後に同意を撤回された場合など、同意を撤回さ れる時点までに費用が発生している場合は、発生した費用についてはあなたにご負担いただきま,line-level strong price context,
V41_01E2402018,01E2402018,A,V41FA0C29AA01E,近畿,和歌山県,"社会福祉法人琴の浦リハビリテイションセンター　　
琴の浦リハビリテーションセンター附属病院",和歌山市毛見字馬瀬1451番地,第二種,変形性関節症および関節腔の傷害を対象とした自家多血小板血漿（PRP）注入療法,PRP,AUTO,1.0,https://saiseiiryo.mhlw.go.jp/published_plan/download/01E2402018/5/0,330000,税込,1 回,APS|PEAK,Zimmer Biomet|PEAK系,9,,"トによる施術料1 回: PRP(PEAK) (ジョンソン・エンド・ジョンソン PEAK PRP キット) 使 用 ・・・・・・・165,000 円(税込) PRP(APS) (ジンマー・バイオメット APS – Autologous Protein Solution キット)使用 ・・・・・・・330,000 円(税込) ※患者様の症状によっては、治療を数回行うことがあります。治療前、または治療後 の状態から担当医師が判断し、患者様にお伝えしご相談させて頂きます。 ※治療内容・回数により1回あたりの費用が減額される場合がございます。施術する 前に詳細な説明をいたしますので、ご納得いただいた上で施術をお受けいただけますよ うお願い申し上げま",,
V41_01E2402018,01E2402018,A,V41FA0C29AA01E,近畿,和歌山県,"社会福祉法人琴の浦リハビリテイションセンター　　
琴の浦リハビリテーションセンター附属病院",和歌山市毛見字馬瀬1451番地,第二種,変形性関節症および関節腔の傷害を対象とした自家多血小板血漿（PRP）注入療法,PRP,AUTO,1.0,https://saiseiiryo.mhlw.go.jp/published_plan/download/01E2402018/5/0,165000,税込,1 回,APS|PEAK,Zimmer Biomet|PEAK系,8,,"費用負担が 他の治療よりも高額になることがあります。当院において実施される本治療および本治 療に必要な検査などの費用は全額自己負担となります。 血液分離専用容器キットによる施術料1 回: PRP(PEAK) (ジョンソン・エンド・ジョンソン PEAK PRP キット) 使 用 ・・・・・・・165,000 円(税込) PRP(APS) (ジンマー・バイオメット APS – Autologous Protein Solution キット)使用 ・・・・・・・330,000 円(税込) ※患者様の症状によっては、治療を数回行うことがあります。治療前、または治療後 の状態から担当医師が判断し、患者様にお伝えしご相談させて頂きます。 ※治療",,
V41_01E2402018,01E2402018,A,V41FA0C29AA01E,近畿,和歌山県,"社会福祉法人琴の浦リハビリテイションセンター　　
琴の浦リハビリテーションセンター附属病院",和歌山市毛見字馬瀬1451番地,第二種,変形性関節症および関節腔の傷害を対象とした自家多血小板血漿（PRP）注入療法,PRP,AUTO,1.0,https://saiseiiryo.mhlw.go.jp/published_plan/download/01E2402018/5/0,33000,税込,,,,-2,,"由な意思でお決めください。説 明を受けた後に同意されない場合でも、一切不利益を受けることはありません。 また同様に、治療を受けることに同意した場合であっても、投与までの間でしたらい つでも取りやめることができます。その場合、その後の治療については一切不利益は受 けません。 [キャンセル料 採血後:33,000 円(税込)、加工後:提供価格の100 %] もしこの治療を受けることに同意しない場合も、最適と考えられる治療を実施できる ように患者様の治療に最善を尽くします。 ただし、治療を行った後は、健康管理のために必要に応じて適切な検査を受けていた だき、医学的に問題がないかを確認させていただきます。 11. 試料等の保管及び廃棄の方法につ",,
V41_01E2402019,01E2402019,D,V41FA0C29AA01E,近畿,和歌山県,"社会福祉法人琴の浦リハビリテイションセンター　　
琴の浦リハビリテーションセンター附属病院",和歌山市毛見字馬瀬1451番地,第三種,四肢の靭帯、筋腱付着部およびスポーツ傷害（筋・腱・靭帯）を対象とした自家多血小板血漿（PRP）注入療法,PRP,AUTO,1.0,https://saiseiiryo.mhlw.go.jp/published_plan/download/01E2402019/5/0,110000,税込,1 回,GPS|PEAK,Zimmer Biomet|PEAK系,9,,"の費用負担が 他の治療よりも高額になることがあります。当院において実施される本治療および本治 療に必要な検査などの費用は全額自己負担となります。 血液分離専用容器キットによる施術料1 回: PRP(GPSIII) (ジンマー・バイオメット GPSIII PRP キット)使用 ・・・・・・・ 110,000 円(税込) PRP(PEAK) (ジョンソン・エンド・ジョンソン PEAK PRP キット)使用 ・・・・・・・ 110,000 円(税込) ※患者様の症状によっては、治療を数回行うことがあります。治療前、または治 療後の状態から担当医師が判断し、患者様にお伝えしご相談させて頂きます。 ※治療内容・回数により1回あたりの費用が減",,
V41_01E2402019,01E2402019,D,V41FA0C29AA01E,近畿,和歌山県,"社会福祉法人琴の浦リハビリテイションセンター　　
琴の浦リハビリテーションセンター附属病院",和歌山市毛見字馬瀬1451番地,第三種,四肢の靭帯、筋腱付着部およびスポーツ傷害（筋・腱・靭帯）を対象とした自家多血小板血漿（PRP）注入療法,PRP,AUTO,1.0,https://saiseiiryo.mhlw.go.jp/published_plan/download/01E2402019/5/0,33000,税込,,,,-2,,"由な意思でお決めください。説 明を受けた後に同意されない場合でも、一切不利益を受けることはありません。 また同様に、治療を受けることに同意した場合であっても、投与までの間でしたらい つでも取りやめることができます。その場合、その後の治療については一切不利益は受 けません。 [キャンセル料 採血後:33,000 円(税込)、加工後:提供価格の100 %] もしこの治療を受けることに同意しない場合も、最適と考えられる治療を実施できる ように患者様の治療に最善を尽くします。 ただし、治療を行った後は、健康管理のために必要に応じて適切な検査を受けていた だき、医学的に問題がないかを確認させていただきます。 11. 試料等の保管及び廃棄の方法につ",,
V41_01C2501014,01C2501014,C,V41F792727709A,関東,埼玉県,UT整形外科　武蔵浦和,さいたま市南区白幡５丁目１８－１９　MID KUDOS TERRACE　3F,第二種,変形性関節症に対する自家培養脂肪由来幹細胞を用いた治療,脂肪由来幹細胞,QC,1.0,https://saiseiiryo.mhlw.go.jp/published_plan/download/01C2501014/5/0,,,,,,,,,no price found after text/OCR pass,Document fetched but no price candidate
V41_02C2510040,02C2510040,D,V41F792727709A,関東,埼玉県,UT整形外科　武蔵浦和,さいたま市南区白幡５丁目１８－１９　MID KUDOS TERRACE　3F,第二種,変形性関節症を対象とした自家多血小板血漿（PRP）注入療法,PRP,AUTO,1.0,https://saiseiiryo.mhlw.go.jp/published_plan/download/02C2510040/5/0,33000,税込,,APS,Zimmer Biomet,9,5,"されることがあります。 採血後のキャンセルの場合のキャンセル料 京セラ:採血後~投与前:1 本につき33,000 円(税込) 2 種APS:採血後~加工前 5,500 円(税込) 加工後~投与前 220,000 円(税込)",line-level strong price context,
V41_02C2510040,02C2510040,D,V41F792727709A,関東,埼玉県,UT整形外科　武蔵浦和,さいたま市南区白幡５丁目１８－１９　MID KUDOS TERRACE　3F,第二種,変形性関節症を対象とした自家多血小板血漿（PRP）注入療法,PRP,AUTO,1.0,https://saiseiiryo.mhlw.go.jp/published_plan/download/02C2510040/5/0,220000,税込,,APS,Zimmer Biomet,9,5,"京セラ:採血後~投与前:1 本につき33,000 円(税込) 2 種APS:採血後~加工前 5,500 円(税込) 加工後~投与前 220,000 円(税込) 5.個人 こじん",line-level strong price context,
V41_02C2510041,02C2510041,B,V41F792727709A,関東,埼玉県,UT整形外科　武蔵浦和,さいたま市南区白幡５丁目１８－１９　MID KUDOS TERRACE　3F,第三種,四肢の筋・腱・靱帯及びその付着部の傷害を対象とした自家多血小板血漿（PRP）注入療法,PRP,AUTO,1.0,https://saiseiiryo.mhlw.go.jp/published_plan/download/02C2510041/5/0,66000,税込,1 回,Condensia,京セラ,10,5,"血液分離専用容器キットによる提供価格 各1 回: カウンセリング料・初診料:3,000 円(税込) PRP:(京セラCondensia システム)使用 ・・・・・・・・1 回66,000 円(税込) ※患者様の症状によっては、治療を数回行うことがあります。治療前、または治療後 の状態から担当医師が判断し、患者様にお伝えしご相談させて頂きます。",line-level strong price context,
V41_02C2510041,02C2510041,B,V41F792727709A,関東,埼玉県,UT整形外科　武蔵浦和,さいたま市南区白幡５丁目１８－１９　MID KUDOS TERRACE　3F,第三種,四肢の筋・腱・靱帯及びその付着部の傷害を対象とした自家多血小板血漿（PRP）注入療法,PRP,AUTO,1.0,https://saiseiiryo.mhlw.go.jp/published_plan/download/02C2510041/5/0,33000,税込,,,,9,6,"つでも取りやめることができます。その場合、その後の治療について一切不利益は受け ません。(ただし下記のキャンセル料は申し受けます) 京セラ:採血後~投与前:1 本につき33,000 円(税込) もしこの治療を受けることに同意しない場合も、最適と考えられる治療を実施できる ように患者様の治療に最善を尽くします。",line-level strong price context,
V41_01C2509053,01C2509053,A,V41F533B893B49,関東,埼玉県,さいたま整形外科クリニック,さいたま市大宮区仲町1-35 大塚ビル3階,第三種,自家多血小板血漿（Platelet-Rich Plasma：PRP）を用いた筋肉、腱、靭帯、筋膜の損傷及び慢性炎症の治療（関節外の軟部組織）,PRP,QC,1.0,https://saiseiiryo.mhlw.go.jp/published_plan/download/01C2509053/5/0,50000,税別,1 回(1 部位),ACP,Arthrex,6,7,"費用(税別) ACP 1 回(1 部位) 50,000 円 ACP(学割) 1 回(1 部位) 35,000 円",price candidates remain ambiguous,
V41_01C2509053,01C2509053,A,V41F533B893B49,関東,埼玉県,さいたま整形外科クリニック,さいたま市大宮区仲町1-35 大塚ビル3階,第三種,自家多血小板血漿（Platelet-Rich Plasma：PRP）を用いた筋肉、腱、靭帯、筋膜の損傷及び慢性炎症の治療（関節外の軟部組織）,PRP,QC,1.0,https://saiseiiryo.mhlw.go.jp/published_plan/download/01C2509053/5/0,150000,不明,1 回(1 部位),ACP MAX|ACP,Arthrex,5,7,"1 回(1 部位) 95,000 円 ACP MAX 1 回(1 部位) 150,000 円 (3) 採血を開始してからのキャンセルについては、キャンセル費用をいただ きます。",price candidates remain ambiguous,
V41_01C2509053,01C2509053,A,V41F533B893B49,関東,埼玉県,さいたま整形外科クリニック,さいたま市大宮区仲町1-35 大塚ビル3階,第三種,自家多血小板血漿（Platelet-Rich Plasma：PRP）を用いた筋肉、腱、靭帯、筋膜の損傷及び慢性炎症の治療（関節外の軟部組織）,PRP,QC,1.0,https://saiseiiryo.mhlw.go.jp/published_plan/download/01C2509053/5/0,35000,不明,1 回(1 部位),ACP,Arthrex,2,7,"1 回(1 部位) 50,000 円 ACP(学割) 1 回(1 部位) 35,000 円 ACP ダブルショット 1 回(1 部位) 95,000 円",price candidates remain ambiguous,
V41_01C2509053,01C2509053,A,V41F533B893B49,関東,埼玉県,さいたま整形外科クリニック,さいたま市大宮区仲町1-35 大塚ビル3階,第三種,自家多血小板血漿（Platelet-Rich Plasma：PRP）を用いた筋肉、腱、靭帯、筋膜の損傷及び慢性炎症の治療（関節外の軟部組織）,PRP,QC,1.0,https://saiseiiryo.mhlw.go.jp/published_plan/download/01C2509053/5/0,95000,不明,1 回(1 部位),ACP MAX|ACP,Arthrex,2,7,"1 回(1 部位) 35,000 円 ACP ダブルショット 1 回(1 部位) 95,000 円 ACP MAX 1 回(1 部位) 150,000 円",price candidates remain ambiguous,
V41_01C2508068,01C2508068,B,V41FB53520C338,関東,埼玉県,ミューズシティクリニック,さいたま市南区別所7-2-1-204,第三種,自己多血小板血漿(PRP)を用いた筋・腱・靭帯の軟部組織再生療法,PRP,AUTO,1.0,https://saiseiiryo.mhlw.go.jp/published_plan/download/01C2508068/5/0,30000,税込,,,,10,1,"る場合があります。 □ 本治療にかかる費用は以下の通りです。 PRP 1ml/採血量 約10ml =30,000円(消費税込) PRP 2ml/採血量 約20ml =50,000円(消費税込) □ 細胞提供者と受領者(施術対象者)は同一人のため、細胞提供者",line-level strong price context,
V41_01C2508068,01C2508068,B,V41FB53520C338,関東,埼玉県,ミューズシティクリニック,さいたま市南区別所7-2-1-204,第三種,自己多血小板血漿(PRP)を用いた筋・腱・靭帯の軟部組織再生療法,PRP,AUTO,1.0,https://saiseiiryo.mhlw.go.jp/published_plan/download/01C2508068/5/0,50000,税込,,,,10,1,"□ 本治療にかかる費用は以下の通りです。 PRP 1ml/採血量 約10ml =30,000円(消費税込) PRP 2ml/採血量 約20ml =50,000円(消費税込) □ 細胞提供者と受領者(施術対象者)は同一人のため、細胞提供者 の選択は行いません。",line-level strong price context,
V41_01C2606058,01C2606058,C,V41FEF8B2EF031,関東,埼玉県,伊奈整形外科・せぼねクリニック,北足立郡伊奈町中央1-107,第三種,四肢の筋・腱・靱帯及びその付着部の傷害を対象とした自家多血小板血漿（PRP）注入療法,PRP,AUTO,1.0,https://saiseiiryo.mhlw.go.jp/published_plan/download/01C2606058/5/0,28500,税込,1 回,Condensia,京セラ,9,,"がご使用できない自由診療です。そのため、患者様の費用負担が他 の治療よりも高額になることがあります。当院において実施される本治療および本治療に必 要な検査などの費用は全額自己負担となります。 血液分離専用容器キットによる施術料1 回: 3種:PRP【京セラ コンデンシアキット 使用】 1回28,500 円(税込) ※患者様の症状によっては、治療を数回行うことがあります。治療前、または治 療後の状態から担当医師が判断し、患者様にお伝えしご相談させて頂きます。 ※治療内容・回数により1回あたりの費用が減額される場合がございます。施術する前に 詳細な説明をいたしますので、ご納得いただいた上で施術いただきますようお願い申し 上げます。",,
V41_01C2606058,01C2606058,C,V41FEF8B2EF031,関東,埼玉県,伊奈整形外科・せぼねクリニック,北足立郡伊奈町中央1-107,第三種,四肢の筋・腱・靱帯及びその付着部の傷害を対象とした自家多血小板血漿（PRP）注入療法,PRP,AUTO,1.0,https://saiseiiryo.mhlw.go.jp/published_plan/download/01C2606058/5/0,10000,不明,,,,-8,,"を 受けた後に同意されない場合でも、一切不利益を受けることはありません。 また同様に、治療を受けることに同意した場合であっても、投与までの間でしたら、いつ でも取りやめることができます。この場合でも、一切不利益を受けません。 ただし、キャンセル料はご負担いただきます。 (採血後のキャンセル料 10,000 円 加工後のキャンセル料 15,000 円) もしこの治療を受けることに同意されない場合も、最適と考えられる治療を実施できるよ うに患者様の治療に最善を尽くします。 ただし、治療を行った後は、健康管理・アフターフォローのために必要に応じて適切な検 査を受けていただき、医学的に問題がないかを確認させていただきます。 11. 試",,
V41_01C2606058,01C2606058,C,V41FEF8B2EF031,関東,埼玉県,伊奈整形外科・せぼねクリニック,北足立郡伊奈町中央1-107,第三種,四肢の筋・腱・靱帯及びその付着部の傷害を対象とした自家多血小板血漿（PRP）注入療法,PRP,AUTO,1.0,https://saiseiiryo.mhlw.go.jp/published_plan/download/01C2606058/5/0,15000,不明,,,,-8,,"不利益を受けることはありません。 また同様に、治療を受けることに同意した場合であっても、投与までの間でしたら、いつ でも取りやめることができます。この場合でも、一切不利益を受けません。 ただし、キャンセル料はご負担いただきます。 (採血後のキャンセル料 10,000 円 加工後のキャンセル料 15,000 円) もしこの治療を受けることに同意されない場合も、最適と考えられる治療を実施できるよ うに患者様の治療に最善を尽くします。 ただし、治療を行った後は、健康管理・アフターフォローのために必要に応じて適切な検 査を受けていただき、医学的に問題がないかを確認させていただきます。 11. 試料等の保管及び廃棄の方法について",,
V41_02C2001042,02C2001042,D,V41FCFF9E4141A,関東,埼玉県,医療法人　川久保病院,さいたま市浦和区東高砂町29-18,第三種,自己多血小板血漿（PRP)を用いた整形外科治療,PRP,AUTO,1.0,https://saiseiiryo.mhlw.go.jp/published_plan/download/02C2001042/5/0,20000,税込,,,,8,,の肘の 静脈から採血します。 □血小板活性を保つためにアドレナリン含有リドカインを少量加え ます。 □PRP注入後、腫れや内出血が起こることがあります。 □施術後にホットタオルで加温します。 □他の治療法との比較;ヒアルロン酸注射や光線治療法とは機序が 異なり、類似する方法はありません。 □治療費は2万円(消費税込)です。 PRPの治療効果 □PRP注入は、アキレス腱炎、膝蓋腱炎、足底腱膜炎等の治癒促進の効 果が期待できます。又、完全にシワ・タルミを改善するものではな く、個人の自然治癒力を利用しているため、徐々に改善するが、そ の治療効果に個人差があること及び治療効果を保証するものではあ りません。また、治癒促進やシワ・タルミの程度によ,,
V41_03C2607036,03C2607036,A,V41F4C2EF63423,関東,埼玉県,"医療法人元志会
川越TACA川越下肢静脈瘤膝関節クリニック","川越市脇田本町8-1
U_PLACE　MEDICITY　６階",第二種,多血小板血漿を用いた整形外科疾患に対する関節内治療,PRP,AUTO,1.0,https://saiseiiryo.mhlw.go.jp/published_plan/download/03C2607036/5/0,100000,税別,,,,8,,と(同意の撤回)ができます。同意を 撤回された場合でも、適切な治療を受けることができますので、患者さんに特に 不利益が生じることはありません。 11. 患者さんの費用負担について 本治療は保険適用されていないために、全額自費診療となり費用は以下の通 りです。PRP を投与する費用をすべて含み、片膝10 万円(税抜)モニター5 万 円(税抜)になります。 12. 担当医師及び相談窓口 以下の担当医師が、あなたを担当致しますので、いつでもご相談ください。 この治療について知りたいことや、ご心配なことがありましたら、遠慮なく担 当医師にご相談下さい。 ●担当医師 :志村一馬 《緊急対応 / 相談窓口》 本治療への、ご意見、ご質問、苦情な,,
V41_03C2411029,03C2411029,B,V41FF5494CC345,関東,埼玉県,医療法人元気会　わかさクリニック,所沢市若狭4-2468-31,第二種,自家脂肪由来間葉系幹細胞を用いた変形性関節症治療,脂肪由来幹細胞,QC,1.0,https://saiseiiryo.mhlw.go.jp/published_plan/download/03C2411029/5/0,11000,不明,1 回,,,6,6,"2,200,000 円 細胞保管費用(1 か月あたり) 11,000 円 ※ 投与回数にかかわらず、1 回投与あたりの費用です。 (4) 治療をキャンセルされた場合は、キャンセル費用をいただきます。",price candidates remain ambiguous,
V41_03C2411029,03C2411029,B,V41FF5494CC345,関東,埼玉県,医療法人元気会　わかさクリニック,所沢市若狭4-2468-31,第二種,自家脂肪由来間葉系幹細胞を用いた変形性関節症治療,脂肪由来幹細胞,QC,1.0,https://saiseiiryo.mhlw.go.jp/published_plan/download/03C2411029/5/0,2200000,不明,両側,,,6,6,"1,320,000 円 【両側】 自家脂肪由来間葉系幹細胞・2 億cells(片側1 億cells) 2,200,000 円 細胞保管費用(1 か月あたり) 11,000 円",price candidates remain ambiguous,
V41_03C2411029,03C2411029,B,V41FF5494CC345,関東,埼玉県,医療法人元気会　わかさクリニック,所沢市若狭4-2468-31,第二種,自家脂肪由来間葉系幹細胞を用いた変形性関節症治療,脂肪由来幹細胞,QC,1.0,https://saiseiiryo.mhlw.go.jp/published_plan/download/03C2411029/5/0,11000,税込,,,,4,6,"費用(税込) 初診料 11,000 円 血液検査 22,000 円",price candidates remain ambiguous,
V41_03C2411029,03C2411029,B,V41FF5494CC345,関東,埼玉県,医療法人元気会　わかさクリニック,所沢市若狭4-2468-31,第二種,自家脂肪由来間葉系幹細胞を用いた変形性関節症治療,脂肪由来幹細胞,QC,1.0,https://saiseiiryo.mhlw.go.jp/published_plan/download/03C2411029/5/0,22000,不明,片側,,,3,6,"11,000 円 血液検査 22,000 円 【片側】 自家脂肪由来間葉系幹細胞・5,000 万cells 770,000 円",price candidates remain ambiguous,
V41_03C2411029,03C2411029,B,V41FF5494CC345,関東,埼玉県,医療法人元気会　わかさクリニック,所沢市若狭4-2468-31,第二種,自家脂肪由来間葉系幹細胞を用いた変形性関節症治療,脂肪由来幹細胞,QC,1.0,https://saiseiiryo.mhlw.go.jp/published_plan/download/03C2411029/5/0,770000,不明,片側,,,3,6,"22,000 円 【片側】 自家脂肪由来間葉系幹細胞・5,000 万cells 770,000 円 【片側】 自家脂肪由来間葉系幹細胞・1 億cells 1,320,000 円",price candidates remain ambiguous,
V41_03C2411029,03C2411029,B,V41FF5494CC345,関東,埼玉県,医療法人元気会　わかさクリニック,所沢市若狭4-2468-31,第二種,自家脂肪由来間葉系幹細胞を用いた変形性関節症治療,脂肪由来幹細胞,QC,1.0,https://saiseiiryo.mhlw.go.jp/published_plan/download/03C2411029/5/0,1320000,不明,片側,,,3,6,"770,000 円 【片側】 自家脂肪由来間葉系幹細胞・1 億cells 1,320,000 円 【両側】 自家脂肪由来間葉系幹細胞・1 億cells(片側5,000 万cells) 1,320,000 円",price candidates remain ambiguous,
V41_03C2411029,03C2411029,B,V41FF5494CC345,関東,埼玉県,医療法人元気会　わかさクリニック,所沢市若狭4-2468-31,第二種,自家脂肪由来間葉系幹細胞を用いた変形性関節症治療,脂肪由来幹細胞,QC,1.0,https://saiseiiryo.mhlw.go.jp/published_plan/download/03C2411029/5/0,1320000,不明,両側,,,3,6,"1,320,000 円 【両側】 自家脂肪由来間葉系幹細胞・1 億cells(片側5,000 万cells) 1,320,000 円 【両側】 自家脂肪由来間葉系幹細胞・2 億cells(片側1 億cells) 2,200,000 円",price candidates remain ambiguous,
V41_03C2405006,03C2405006,C,V41F4EFA380F84,関東,埼玉県,医療法人本庄福島病院 本庄総合病院,本庄市大字北堀1780番地,第三種,多血小板血漿(PRP)の投与によるスポーツ外傷を含む筋、腱、靱帯損傷治療,PRP,AUTO,1.0,https://saiseiiryo.mhlw.go.jp/published_plan/download/03C2405006/5/0,124000,不明,1回,,,8,,"pathy. Vol. 39, No. 6, 2011よ り 10. 治療にかかる費用につい て この治療は公的保険の対象ではありませんので、当病院所定の下記 の施術料をお支払いいただきます。 ・PRPを用いた治療における施術料 124,000円 ご不明な点は医師・スタッフにお尋ねください。なお1回の施術あ たりの費用は、患部の状態を確認した医師の判断、およびそれに応 じたPRP投与量等により変更となる場合がございます。 11. その他治療についての注意事 項 患者様の体調が良くない場合や、採取した血液の状態によっ",,
V41_01C2506018,01C2506018,D,V41F5A02ABC301,関東,埼玉県,医療法人社団 鴻愛会 with Life クリニック 大宮駅前,さいたま市大宮区桜木町1丁目133番地2　メインKビル 2階3階4階,第二種,自家多血小板血漿（Platelet-Rich Plasma：PRP）を用いた慢性関節炎の治療（関節内組織）,PRP,QC,1.0,https://saiseiiryo.mhlw.go.jp/published_plan/download/01C2506018/5/0,,,,,,,,,no price found after text/OCR pass,Document fetched but no price candidate
V41_02C2408121,02C2408121,B,V41F1F83E9A969,関東,埼玉県,"医療法人社団nagomi会
健康スポーツクリニック",熊谷市弥藤吾122-1,第二種,自家脂肪組織由来幹細胞（ASC）の投与による関節治療,脂肪由来幹細胞,AUTO,1.0,https://saiseiiryo.mhlw.go.jp/published_plan/download/02C2408121/5/0,1300000,税込,1 部位,,,8,6,"1,075,000 円(税込) 2 関節 1,300,000 円(税込) 初回1 部位のみ投与の場合は2 回目の投与が可能です。 2回目の価格",line-level medium price context,
V41_02C2408121,02C2408121,B,V41F1F83E9A969,関東,埼玉県,"医療法人社団nagomi会
健康スポーツクリニック",熊谷市弥藤吾122-1,第二種,自家脂肪組織由来幹細胞（ASC）の投与による関節治療,脂肪由来幹細胞,AUTO,1.0,https://saiseiiryo.mhlw.go.jp/published_plan/download/02C2408121/5/0,321000,税込,2回,,,7,6,"2回目の価格 1 関節 321,000 円(税込) 検査等の費用は別途発生いたします。詳細はスタッフへお問い合わせ下さい。 なお、経過診察は1 週間後、1 か月後、3 か月後、6 か月後、1 年後、2年後、3年後にご案内いたし",line-level medium price context,
V41_02C2408121,02C2408121,B,V41F1F83E9A969,関東,埼玉県,"医療法人社団nagomi会
健康スポーツクリニック",熊谷市弥藤吾122-1,第二種,自家脂肪組織由来幹細胞（ASC）の投与による関節治療,脂肪由来幹細胞,AUTO,1.0,https://saiseiiryo.mhlw.go.jp/published_plan/download/02C2408121/5/0,1075000,税込,,,,7,6,"初回価格 1 関節 1,075,000 円(税込) 2 関節 1,300,000 円(税込)",line-level medium price context,
V41_03C2408003,03C2408003,A,V41F1F83E9A969,関東,埼玉県,"医療法人社団nagomi会
健康スポーツクリニック",熊谷市弥藤吾122-1,第二種,多血小板血漿（PRP）の投与による変形性関節症治療,PRP,AUTO,1.0,https://saiseiiryo.mhlw.go.jp/published_plan/download/03C2408003/5/0,150000,不明,1 回,APS|GPS,Zimmer Biomet,7,,"された安全性の高いもの だが、アレルギー反応などの可能性 を完全には否定できない 11. 治療にかかる費用について この治療は公的保険の対象ではありませんので、当クリニックの所定の施術料をお支払いい ただきます。 ・PRP を用いた治療(GPSIII キット使用)における施術料 150,000 円 ・濃縮PRP を用いた治療(APS キット使用)における施術料 300,000 円 ご不明な点は医師・スタッフにお尋ねください。なお1 回の施術あたりの費用は、患部の状 態を確認した医師の判断、PRP の遠心回数等により変更となる場合がございます。 12. その他治療についての注意事項",,
V41_03C2408003,03C2408003,A,V41F1F83E9A969,関東,埼玉県,"医療法人社団nagomi会
健康スポーツクリニック",熊谷市弥藤吾122-1,第二種,多血小板血漿（PRP）の投与による変形性関節症治療,PRP,AUTO,1.0,https://saiseiiryo.mhlw.go.jp/published_plan/download/03C2408003/5/0,300000,不明,1 回,APS|GPS,Zimmer Biomet,7,,"1. 治療にかかる費用について この治療は公的保険の対象ではありませんので、当クリニックの所定の施術料をお支払いい ただきます。 ・PRP を用いた治療(GPSIII キット使用)における施術料 150,000 円 ・濃縮PRP を用いた治療(APS キット使用)における施術料 300,000 円 ご不明な点は医師・スタッフにお尋ねください。なお1 回の施術あたりの費用は、患部の状 態を確認した医師の判断、PRP の遠心回数等により変更となる場合がございます。 12. その他治療についての注意事項 患者様の体調が良くない場合や、採取した血液の状態によっては、PRP を",,
V41_01C2402038,01C2402038,C,V41F8CAE80AFC6,関東,埼玉県,医療法人社団スマイル＆ファイン いしがみ整形外科クリニック,川越市豊田町３丁目１１－２,第三種,多血小板血漿（PLATELET-RICH PLASMA：PRP）を用いた筋肉、腱、靭帯等の損傷及び慢性炎症の治療,PRP,AUTO,1.0,https://saiseiiryo.mhlw.go.jp/published_plan/download/01C2402038/5/0,49800,税込,1回(採血1 回分),,,13,4,"本治療は保険適用外のため全額自費負担となり、下記費用がかかります(税抜)。 治療に伴う診査、採血、PRP 調製、PRP 投与にかかる費用の総額となります。採血後は、下記費用の返金はいたしません。 治療費 1回(採血1 回分) 49,800 円(税込) ※ 原則、調製したPRP 全量を患部1 カ所に注射します。同日に右ひざと左ひざを治療する場合、2回分(採血2 回分)の治療費がかかります。詳しくは担当医とご相談ください。",line-level strong price context,
V41_01C2102010,01C2102010,A,V41F5B051CE3C9,関東,埼玉県,医療法人社団南越谷病院,越谷市南越谷一丁目4番63号,第三種,自家多血小板血漿（Platelet-rich plasma：PRP）を用いた筋肉、腱、靭帯、筋膜の損傷及び慢性炎症の治療（関節外の軟部組織）,PRP,AUTO,1.0,https://saiseiiryo.mhlw.go.jp/published_plan/download/01C2102010/5/0,38000,税別,2 回分,,,9,,"使用することはできません。 (2) 本治療にかかる費用は、以下のとおりです。なお、費用は、治療に伴う診査、 PRP 作製のための採血にかかる費用、PRP 作製費用、注入にかかる費用の 総額となります。左右両側に投与する場合は、2 回分です。 PRP 療法1回(1 部位) 38,000 円(消費税別) PRP 療法2 回(2 部位) 68,400 円(消費税別) 11. 試料等の保存及び廃棄の方法 患者様から採取した血液と作製したPRP は、患者様ご自身の治療のみに 使用します。ただし、症例検討や学会発表を目的として、血液やPRP の測 定を行い、データを取得することがあります。",,
V41_01C2102010,01C2102010,A,V41F5B051CE3C9,関東,埼玉県,医療法人社団南越谷病院,越谷市南越谷一丁目4番63号,第三種,自家多血小板血漿（Platelet-rich plasma：PRP）を用いた筋肉、腱、靭帯、筋膜の損傷及び慢性炎症の治療（関節外の軟部組織）,PRP,AUTO,1.0,https://saiseiiryo.mhlw.go.jp/published_plan/download/01C2102010/5/0,68400,税別,2 回分,,,9,,"。なお、費用は、治療に伴う診査、 PRP 作製のための採血にかかる費用、PRP 作製費用、注入にかかる費用の 総額となります。左右両側に投与する場合は、2 回分です。 PRP 療法1回(1 部位) 38,000 円(消費税別) PRP 療法2 回(2 部位) 68,400 円(消費税別) 11. 試料等の保存及び廃棄の方法 患者様から採取した血液と作製したPRP は、患者様ご自身の治療のみに 使用します。ただし、症例検討や学会発表を目的として、血液やPRP の測 定を行い、データを取得することがあります。 血液およびPRP は微量で全量を使用するため、保管はしません。治療に 用いない血",,
V41_01C2102011,01C2102011,D,V41F5B051CE3C9,関東,埼玉県,医療法人社団南越谷病院,越谷市南越谷一丁目4番63号,第二種,自家多血小板血漿（Platelet-rich plasma：PRP）を用いた慢性関節炎の治療（関節内組織）,PRP,AUTO,1.0,https://saiseiiryo.mhlw.go.jp/published_plan/download/01C2102011/5/0,38000,税別,2 回分,,,9,,"ことはできません。 (2) 本治療にかかる費用は、以下のとおりです。なお、費用は、治療に伴う診査、 自家PRP 調製のための採血にかかる費用、自家PRP 調製費用、注入にかか る費用の総額となります。左右両側に投与する場合は、2 回分です。 PRP 療法1回(1 部位) 38,000 円(消費税別) PRP 療法2 回(2 部位) 68,400 円(消費税別) 11. 試料等の保存及び廃棄の方法 患者様から採取した血液と作製したPRP は、患者様ご自身の治療のみに 使用します。ただし、症例検討や学会発表を目的として、血液やPRP の測 定を行い、データを取得することがあります。",,
V41_01C2102011,01C2102011,D,V41F5B051CE3C9,関東,埼玉県,医療法人社団南越谷病院,越谷市南越谷一丁目4番63号,第二種,自家多血小板血漿（Platelet-rich plasma：PRP）を用いた慢性関節炎の治療（関節内組織）,PRP,AUTO,1.0,https://saiseiiryo.mhlw.go.jp/published_plan/download/01C2102011/5/0,68400,税別,2 回分,,,9,,"費用は、治療に伴う診査、 自家PRP 調製のための採血にかかる費用、自家PRP 調製費用、注入にかか る費用の総額となります。左右両側に投与する場合は、2 回分です。 PRP 療法1回(1 部位) 38,000 円(消費税別) PRP 療法2 回(2 部位) 68,400 円(消費税別) 11. 試料等の保存及び廃棄の方法 患者様から採取した血液と作製したPRP は、患者様ご自身の治療のみに 使用します。ただし、症例検討や学会発表を目的として、血液やPRP の測 定を行い、データを取得することがあります。 血液およびPRP は微量で全量を使用するため、保管はしません。治療に 用いなかい",,
V41_02C2607073,02C2607073,B,V41FD71CF66A6F,関東,埼玉県,医療法人社団幸祥会 東整形外科,さいたま市見沼区東大宮５丁目３４−２５,第二種,多血小板血漿（Platelet-rich plasma：PRP）を用いた変形性関節症治療,PRP,AUTO,1.0,https://saiseiiryo.mhlw.go.jp/published_plan/download/02C2607073/5/0,44000,税込,,,,8,,"安定性 PRP は患者様自身の血液から製造するため、品質がばら つく可能性がある。 医薬品として承認されて おり、品質は安定している アレルギーの 可能性 自家移植のため、極めて低い。 品質管理された安全性の 高いものだが、アレルギー 反応などの可能性を完全 には否定できない。 費用 44,000 円 (税込) 148,000 円 (税込) 298,000 円(税込) 保険適用:2000 円前後/回 (膝関節内投与の場合) 治療の効果とメリットについて ・患者様ご自身の血液を用いる為、感染やアレルギー反応などの副作用のリスクが極めて少ない治 療法です。 ・自己血液から簡便に調整ができ、日帰りでの処置が可能です",,
V41_02C2607073,02C2607073,B,V41FD71CF66A6F,関東,埼玉県,医療法人社団幸祥会 東整形外科,さいたま市見沼区東大宮５丁目３４−２５,第二種,多血小板血漿（Platelet-rich plasma：PRP）を用いた変形性関節症治療,PRP,AUTO,1.0,https://saiseiiryo.mhlw.go.jp/published_plan/download/02C2607073/5/0,2000,税込,,,,6,,"て おり、品質は安定している アレルギーの 可能性 自家移植のため、極めて低い。 品質管理された安全性の 高いものだが、アレルギー 反応などの可能性を完全 には否定できない。 費用 44,000 円 (税込) 148,000 円 (税込) 298,000 円(税込) 保険適用:2000 円前後/回 (膝関節内投与の場合) 治療の効果とメリットについて ・患者様ご自身の血液を用いる為、感染やアレルギー反応などの副作用のリスクが極めて少ない治 療法です。 ・自己血液から簡便に調整ができ、日帰りでの処置が可能です。 ・採血と注射で完了する治療なので、年齢の上限制限はありません。 ・治療痕が残りにくく、何度でも",,
V41_02C2607073,02C2607073,B,V41FD71CF66A6F,関東,埼玉県,医療法人社団幸祥会 東整形外科,さいたま市見沼区東大宮５丁目３４−２５,第二種,多血小板血漿（Platelet-rich plasma：PRP）を用いた変形性関節症治療,PRP,AUTO,1.0,https://saiseiiryo.mhlw.go.jp/published_plan/download/02C2607073/5/0,148000,税込,,,,6,,"液から製造するため、品質がばら つく可能性がある。 医薬品として承認されて おり、品質は安定している アレルギーの 可能性 自家移植のため、極めて低い。 品質管理された安全性の 高いものだが、アレルギー 反応などの可能性を完全 には否定できない。 費用 44,000 円 (税込) 148,000 円 (税込) 298,000 円(税込) 保険適用:2000 円前後/回 (膝関節内投与の場合) 治療の効果とメリットについて ・患者様ご自身の血液を用いる為、感染やアレルギー反応などの副作用のリスクが極めて少ない治 療法です。 ・自己血液から簡便に調整ができ、日帰りでの処置が可能です。 ・採血と注射で完了する治療な",,
V41_02C2607073,02C2607073,B,V41FD71CF66A6F,関東,埼玉県,医療法人社団幸祥会 東整形外科,さいたま市見沼区東大宮５丁目３４−２５,第二種,多血小板血漿（Platelet-rich plasma：PRP）を用いた変形性関節症治療,PRP,AUTO,1.0,https://saiseiiryo.mhlw.go.jp/published_plan/download/02C2607073/5/0,298000,税込,,,,6,,"く可能性がある。 医薬品として承認されて おり、品質は安定している アレルギーの 可能性 自家移植のため、極めて低い。 品質管理された安全性の 高いものだが、アレルギー 反応などの可能性を完全 には否定できない。 費用 44,000 円 (税込) 148,000 円 (税込) 298,000 円(税込) 保険適用:2000 円前後/回 (膝関節内投与の場合) 治療の効果とメリットについて ・患者様ご自身の血液を用いる為、感染やアレルギー反応などの副作用のリスクが極めて少ない治 療法です。 ・自己血液から簡便に調整ができ、日帰りでの処置が可能です。 ・採血と注射で完了する治療なので、年齢の上限制限はありません。",,
V41_03C2509048,03C2509048,C,V41F6E62A3F790,関東,埼玉県,医療法人社団春陽会　大宮リビータ整形外科,さいたま市大宮区桜木町２丁目902番304,第三種,自己多血小板血漿（Platelet-rich plasma : PRP)を用いた整形外科領域における軟部組織治療,PRP,AUTO,1.0,https://saiseiiryo.mhlw.go.jp/published_plan/download/03C2509048/5/0,165000,税込,,APS|GPS|Condensia,Zimmer Biomet|京セラ,10,5,"Condensiaシステム 88,000円(税込) APS キット 330,000 円(税込) GPSIIIキット 165,000 円(税込) 症状などにより治療費は変動する可能性がございます。 詳細やご不明な点は医師またはスタッフにお尋ね下さい。",line-level strong price context,
V41_03C2509048,03C2509048,C,V41F6E62A3F790,関東,埼玉県,医療法人社団春陽会　大宮リビータ整形外科,さいたま市大宮区桜木町２丁目902番304,第三種,自己多血小板血漿（Platelet-rich plasma : PRP)を用いた整形外科領域における軟部組織治療,PRP,AUTO,1.0,https://saiseiiryo.mhlw.go.jp/published_plan/download/03C2509048/5/0,330000,税込,,APS|GPS|Condensia,Zimmer Biomet|京セラ,10,5,"す。 Condensiaシステム 88,000円(税込) APS キット 330,000 円(税込) GPSIIIキット 165,000 円(税込) 症状などにより治療費は変動する可能性がございます。",line-level strong price context,
V41_02C2507037,02C2507037,A,V41F4B24EB8B7F,関東,埼玉県,"医療法人社団活寿会
大宮ひざ関節症クリニック","さいたま市大宮区桜木町4-209
第3バーディートライビル4F",第二種,脂肪組織由来幹細胞（adipose-derived mesenchymal stem cell）の投与による関節治療,脂肪由来幹細胞,AUTO,1.0,https://saiseiiryo.mhlw.go.jp/published_plan/download/02C2507037/5/0,1287000,税込,,,,16,6,"この治療は公的保険の対象ではありませんので、当クリニックの所定の施術料をお支払いい ただきます。 治療費用: 投与部位 1 関節 1,287,000 円(税込) 2関節 1,749,000 円(税込) 治療にかかる費用につきましては、ASC を投与する関節部位による違いはございません。",line-level strong price context,
V41_02C2507037,02C2507037,A,V41F4B24EB8B7F,関東,埼玉県,"医療法人社団活寿会
大宮ひざ関節症クリニック","さいたま市大宮区桜木町4-209
第3バーディートライビル4F",第二種,脂肪組織由来幹細胞（adipose-derived mesenchymal stem cell）の投与による関節治療,脂肪由来幹細胞,AUTO,1.0,https://saiseiiryo.mhlw.go.jp/published_plan/download/02C2507037/5/0,1749000,税込,,,,11,6,"ただきます。 治療費用: 投与部位 1 関節 1,287,000 円(税込) 2関節 1,749,000 円(税込) 治療にかかる費用につきましては、ASC を投与する関節部位による違いはございません。 製造したASC は細胞培養加工施設で一時保管され、本治療に使用する際に当院へ輸送され",line-level strong price context,
V41_02C2512057,02C2512057,D,V41FF9DCCDE9AE,関東,埼玉県,"医療法人社団活寿会
大宮ひざ関節症クリニック","さいたま市大宮区桜木町4-209
第3バーディートライビル4階",第二種,多血小板血漿（PRP）の投与による変形性関節症治療,PRP,AUTO,1.0,https://saiseiiryo.mhlw.go.jp/published_plan/download/02C2512057/5/0,220000,税込,,,,8,,"も、 一切不利益を受けません。 ただし本治療をとりやめた場合には、とりやめた時点までに発生した施術および製造にかか った費用をお支払いいただきます。 ・血液採取を行うキット開封前に治療を取りやめた場合、費用のお支払いはございません。 ・血液採取を行うキット開封後に治療を取りやめた場合、キット代220,000 円(税込)をお 第2 種 多血小板血漿(PRP)の投与による変形性関節症治療の説明文・同意文書 7 支払いいただきます。 また治療を行った後は、健康管理のために、必要に応じて適切な検査を受けていただきます。 医学的に問題がないか確認します。 14. 個人情報保護について 「個人情報の保護に関する法律」に基づき",,
V41_02C2512057,02C2512057,D,V41FF9DCCDE9AE,関東,埼玉県,"医療法人社団活寿会
大宮ひざ関節症クリニック","さいたま市大宮区桜木町4-209
第3バーディートライビル4階",第二種,多血小板血漿（PRP）の投与による変形性関節症治療,PRP,AUTO,1.0,https://saiseiiryo.mhlw.go.jp/published_plan/download/02C2512057/5/0,660000,税込,1 回,APS,Zimmer Biomet,8,,"質管理された安全性の高いもの だが、アレルギー反応などの可能性 を完全には否定できない 11. 治療にかかる費用について この治療は公的保険の対象ではありませんので、当クリニックの所定の施術料をお支払いい ただきます。 ・濃縮PRP を用いた治療(APS キット使用)における施術料 660,000 円(税込) ご不明な点は医師・スタッフにお尋ねください。なお1 回の施術あたりの費用は、患部の状 態を確認した医師の判断、PRP の遠心回数等により変更となる場合がございます。 12. その他治療についての注意事項 患者さまの体調が良くない場合や、採取した血液の状態によっては、",,
V41_03C2305016,03C2305016,B,V41F2DCC112519,関東,埼玉県,医療法人社団祐慈会　井上整形外科クリニック,さいたま市南区太田窪2丁目11-22,第二種,多血小板血漿（PRP）による変形性膝関節症治療,PRP,QC,1.0,https://saiseiiryo.mhlw.go.jp/published_plan/download/03C2305016/5/0,,,,,,,,,no price found after rescue text/OCR pass,Rescue completed; OCR page timeouts=0
V41_01C1903025,01C1903025,C,V41FCAF49D4123,関東,埼玉県,医療法人社団順生会　はにゅう整形外科,越谷市相模町3-139-1,第二種,多血小板血漿（PRP）を用いた変形性関節症に対する疼痛緩和,PRP,AUTO,1.0,https://saiseiiryo.mhlw.go.jp/published_plan/download/01C1903025/5/0,80000,不明,1回,APS,Zimmer Biomet,8,,"条第2項第 16 号関係 「費用に関する事項」は、 再生医療等を受ける者が負担する費用及び研究として再生医療等を 行う場合に金銭等が支払われる場合の費用をいう。 治療にかかる費用について この治療は公的保険の対象ではありませんので、当施設にて施術料 をお支払いいただき ます。 ・PRP療法 1回 80,000円 ・APS療法 1回 280,000円 ※患者様の症状により施術料が変わる場合は別途、ご説明いたしま す。 (42)省令第 13 条第2項第 17 号関係 「他の治療法の有無及び内 容並びに他の治療法により予期される利益及び不利益との比較」に は、他の選択できる治療法の有無及び当該治療法の内容について説 明すること 表:他の治療法との",,
V41_01C1903025,01C1903025,C,V41FCAF49D4123,関東,埼玉県,医療法人社団順生会　はにゅう整形外科,越谷市相模町3-139-1,第二種,多血小板血漿（PRP）を用いた変形性関節症に対する疼痛緩和,PRP,AUTO,1.0,https://saiseiiryo.mhlw.go.jp/published_plan/download/01C1903025/5/0,280000,不明,1回,APS,Zimmer Biomet,8,,"関する事項」は、 再生医療等を受ける者が負担する費用及び研究として再生医療等を 行う場合に金銭等が支払われる場合の費用をいう。 治療にかかる費用について この治療は公的保険の対象ではありませんので、当施設にて施術料 をお支払いいただき ます。 ・PRP療法 1回 80,000円 ・APS療法 1回 280,000円 ※患者様の症状により施術料が変わる場合は別途、ご説明いたしま す。 (42)省令第 13 条第2項第 17 号関係 「他の治療法の有無及び内 容並びに他の治療法により予期される利益及び不利益との比較」に は、他の選択できる治療法の有無及び当該治療法の内容について説 明すること 表:他の治療法との比較表 APS PRP ヒアルロン酸注",,
V41_02C2411082,02C2411082,D,V41FCAF49D4123,関東,埼玉県,医療法人社団順生会　はにゅう整形外科,越谷市相模町３－１３９－１,第二種,自己脂肪組織由来幹細胞（ASCs）を用いた変形性膝関節症の治療,脂肪由来幹細胞,QC,1.0,https://saiseiiryo.mhlw.go.jp/published_plan/download/02C2411082/5/0,500000,不明,1回,,,6,15,"です。投与間隔は医師の判断により決定いたします。 ・ASCsを用いた治療(1回投与)における施術料 500,000円 【3回投与コース】 全3回(1関節1投与計3回)の投与を行う場合の施術料は以下の通り",price candidates remain ambiguous,
V41_02C2411082,02C2411082,D,V41FCAF49D4123,関東,埼玉県,医療法人社団順生会　はにゅう整形外科,越谷市相模町３－１３９－１,第二種,自己脂肪組織由来幹細胞（ASCs）を用いた変形性膝関節症の治療,脂肪由来幹細胞,QC,1.0,https://saiseiiryo.mhlw.go.jp/published_plan/download/02C2411082/5/0,1000000,不明,3回,,,6,15,"です。投与間隔は医師の判断により決定いたします。 ・ASCsを用いた治療(3回投与)における施術料 1,000,000円 ご不明な点は医師・スタッフにお尋ねください。 本治療をとりやめた場合には、以下の通り施術料の全額又は一部を",price candidates remain ambiguous,
V41_01C2204013,01C2204013,A,V41FB5F6C42BF5,関東,埼玉県,大宮はしもと整形外科,"さいたま市中央区上落合8-3-32
島忠ホームズさいたま中央店2階",第二種,慢性疼痛に対する自家脂肪由来幹細胞による治療,脂肪由来幹細胞,AUTO,1.0,https://saiseiiryo.mhlw.go.jp/published_plan/download/01C2204013/5/0,1000000,税込,1 回,,,10,3,"当該療法は保険適用外のため、全額自費となり、以下の費用がかかります(税込)。 初診料:3,000 円 血液検査費用:9,000 円 治療費用:1 回 1,000,000 円・2 回 2,000,000 円・3 回 3,000,000 円 細胞保管料 : 11,000 円(1 か月) また、治療決定し、脂肪を採取するとすぐに治療費(培養費)が発生するため、全額を",line-level strong price context,
V41_01C2204013,01C2204013,A,V41FB5F6C42BF5,関東,埼玉県,大宮はしもと整形外科,"さいたま市中央区上落合8-3-32
島忠ホームズさいたま中央店2階",第二種,慢性疼痛に対する自家脂肪由来幹細胞による治療,脂肪由来幹細胞,AUTO,1.0,https://saiseiiryo.mhlw.go.jp/published_plan/download/01C2204013/5/0,2000000,税込,1 回,,,10,3,"当該療法は保険適用外のため、全額自費となり、以下の費用がかかります(税込)。 初診料:3,000 円 血液検査費用:9,000 円 治療費用:1 回 1,000,000 円・2 回 2,000,000 円・3 回 3,000,000 円 細胞保管料 : 11,000 円(1 か月) また、治療決定し、脂肪を採取するとすぐに治療費(培養費)が発生するため、全額を",line-level strong price context,
V41_01C2204013,01C2204013,A,V41FB5F6C42BF5,関東,埼玉県,大宮はしもと整形外科,"さいたま市中央区上落合8-3-32
島忠ホームズさいたま中央店2階",第二種,慢性疼痛に対する自家脂肪由来幹細胞による治療,脂肪由来幹細胞,AUTO,1.0,https://saiseiiryo.mhlw.go.jp/published_plan/download/01C2204013/5/0,3000000,税込,1 回,,,10,3,"当該療法は保険適用外のため、全額自費となり、以下の費用がかかります(税込)。 初診料:3,000 円 血液検査費用:9,000 円 治療費用:1 回 1,000,000 円・2 回 2,000,000 円・3 回 3,000,000 円 細胞保管料 : 11,000 円(1 か月) また、治療決定し、脂肪を採取するとすぐに治療費(培養費)が発生するため、全額を",line-level strong price context,
V41_01C2212041,01C2212041,B,V41FB5F6C42BF5,関東,埼玉県,大宮はしもと整形外科,さいたま市中央区上落合8-3-32　島忠ホームズさいたま中央店2階,第二種,自家多血小板血漿（PRP）を用いた頚椎症・腰椎症の治療,PRP,AUTO,1.0,https://saiseiiryo.mhlw.go.jp/published_plan/download/01C2212041/5/0,33000,税込,1 回,,,9,,"1) 本治療は、すべて自費診療であり、健康保険を使用することはできません。 (2) 本治療にかかる費用は、以下のとおりです。費用には、治療に伴う診査、PRP 作製 のための採血にかかる費用、PRP 作製費用、注入にかかる費用が含まれます。 PRP 1 回分 33,000 円(税込) 11. 試料等の保存及び廃棄の方法 患者様から採取した血液と作製したPRP は、患者様ご自身の治療のみに使用 します。ただし、症例検討や学会発表を目的として、血液やPRP の測定を行い、 データを取得することがあります。 血液およびPRP は微量で全量を使用するため、保管はしません。治療に用いな い血液またはPR",,
V41_02C2412031,02C2412031,C,V41FD5BD04501E,関東,埼玉県,学校法人　獨協学園　獨協医科大学埼玉医療センター,越谷市南越谷2-1-50,第二種,自家滑膜幹細胞注射による変形性膝関節症治療,滑膜幹細胞,AUTO,1.0,https://saiseiiryo.mhlw.go.jp/published_plan/download/02C2412031/5/0,2488000,税込,,,,8,,"はないので、可能性を 否定できない。 侵襲 血液と滑膜組織を採取する。 細胞の調整は不要。 費用 自費診療 保険診療 11. 治療にかかる費用について 本治療は自費診療であり、公的保険の対象ではありませんので、当院の所定の施術料をお支払いいただきます。 治療費用(片膝) 2,488,000 円(税込)  治療に伴う診察、自己血清のための採血、滑膜採取、滑膜幹細胞注射、注射後1 か月、3 か月後、 6 か月後時の診察が含まれています。  事前診察の検査用採血費用17,600 円が別途発生します。(必要時)  「中止基準(2)細胞の培養等が計画通りに実施できなかった場合」(8.治療を中止する場合)に相当 し、医師の判断",,
V41_02C2412031,02C2412031,C,V41FD5BD04501E,関東,埼玉県,学校法人　獨協学園　獨協医科大学埼玉医療センター,越谷市南越谷2-1-50,第二種,自家滑膜幹細胞注射による変形性膝関節症治療,滑膜幹細胞,AUTO,1.0,https://saiseiiryo.mhlw.go.jp/published_plan/download/02C2412031/5/0,3300,税込,,,,0,,"ル発生時は除く)、1,895,410 円(税込)を負担 いただきます。  滑膜幹細胞注射後は、いかなる場合も(全く効果が感じられない場合も)、お支払いになった費用は 返金されません。予めご了承ください。  定期健診以外の診察時には状態観察のため等必要がある際も、再診にかかる費用は別途自費 (3,300 円(税込))となります。 1_09 説明文書・同意文書 第4 版 2024/12/09 7  採取した細胞や投与する幹細胞は、細胞培養加工施設と当院の間で適切な温度管理のもと輸送され ます。輸送時のトラブルにより細胞を使用できなくなった場合は、細胞採取や細胞培養を再度行います。 その際に患者さんに追加の費用をご負担いただくこ",,
V41_02C2412031,02C2412031,C,V41FD5BD04501E,関東,埼玉県,学校法人　獨協学園　獨協医科大学埼玉医療センター,越谷市南越谷2-1-50,第二種,自家滑膜幹細胞注射による変形性膝関節症治療,滑膜幹細胞,AUTO,1.0,https://saiseiiryo.mhlw.go.jp/published_plan/download/02C2412031/5/0,17600,税込,,,,0,,"公的保険の対象ではありませんので、当院の所定の施術料をお支払いいただきます。 治療費用(片膝) 2,488,000 円(税込)  治療に伴う診察、自己血清のための採血、滑膜採取、滑膜幹細胞注射、注射後1 か月、3 か月後、 6 か月後時の診察が含まれています。  事前診察の検査用採血費用17,600 円が別途発生します。(必要時)  「中止基準(2)細胞の培養等が計画通りに実施できなかった場合」(8.治療を中止する場合)に相当 し、医師の判断で中止した場合(注射を行わなかった場合)、検査用採血費用を除き、お支払いにな った費用は全額返金します。  培養開始後、「中止基準(1)患者さんから中止の申し出があった場合」(8.治療を中止",,
V41_02C2412031,02C2412031,C,V41FD5BD04501E,関東,埼玉県,学校法人　獨協学園　獨協医科大学埼玉医療センター,越谷市南越谷2-1-50,第二種,自家滑膜幹細胞注射による変形性膝関節症治療,滑膜幹細胞,AUTO,1.0,https://saiseiiryo.mhlw.go.jp/published_plan/download/02C2412031/5/0,1895410,税込,,,,0,,"場合)に相当 し、医師の判断で中止した場合(注射を行わなかった場合)、検査用採血費用を除き、お支払いにな った費用は全額返金します。  培養開始後、「中止基準(1)患者さんから中止の申し出があった場合」(8.治療を中止する場合)によ って注射を行わなかった場合(細胞輸送のトラブル発生時は除く)、1,895,410 円(税込)を負担 いただきます。  滑膜幹細胞注射後は、いかなる場合も(全く効果が感じられない場合も)、お支払いになった費用は 返金されません。予めご了承ください。  定期健診以外の診察時には状態観察のため等必要がある際も、再診にかかる費用は別途自費 (3,300 円(税込))となります。 1_09 説明文書・同意文書 第4",,
V41_01C2303014,01C2303014,D,V41F85C16ECEC4,関東,埼玉県,根本外科整形外科,富士見市鶴馬３４７７－１,第二種,変形性関節症に対する多血小板血漿（ＰＲＰ）関節内投与療法,PRP,AUTO,1.0,https://saiseiiryo.mhlw.go.jp/published_plan/download/01C2303014/5/0,60000,税込,,,,9,3,14.費用について 細胞の提供に際して費用は発生しません。 治療の提供に際しては、本治療は公的保険の対象ではありませんので、当院所定の施術料として6万円(税込) をお支払いいただきます。 ※患者様の症状、その他の事情等により治療費が変動する場合があります。,line-level strong price context,
V41_01C2603013,01C2603013,A,V41F363B03D9C6,関東,埼玉県,獨協医科大学埼玉医療センター,越谷市南越谷２−１−５０,第二種,変形性関節症に対する多血小板血漿（ＰＲＰ）関節内投与療法,PRP,AUTO,1.0,https://saiseiiryo.mhlw.go.jp/published_plan/download/01C2603013/5/0,99600,税込,,APS|GPS,Zimmer Biomet,10,4,"治療の提供に際しては、本治療は公的保険の対象ではありませんので、当院所定の施術料として以下の金額 をお支払いいただきます。 PRP キット99,600 円(税込) APS キット349,600 円(税込) GPS®III STD キット 149,600 円(税込)",line-level strong price context,
V41_01C2603013,01C2603013,A,V41F363B03D9C6,関東,埼玉県,獨協医科大学埼玉医療センター,越谷市南越谷２−１−５０,第二種,変形性関節症に対する多血小板血漿（ＰＲＰ）関節内投与療法,PRP,AUTO,1.0,https://saiseiiryo.mhlw.go.jp/published_plan/download/01C2603013/5/0,149600,税込,,APS|GPS,Zimmer Biomet,10,4,"PRP キット99,600 円(税込) APS キット349,600 円(税込) GPS®III STD キット 149,600 円(税込) ※患者様の症状、その他の事情等により治療費が変動する場合があります。 ・ 血液検査のみ実施後に「中止基準(1)患者さんから同意の撤回があった場合」「中止基準(2) 医師が治療を",line-level strong price context,
V41_01C2603013,01C2603013,A,V41F363B03D9C6,関東,埼玉県,獨協医科大学埼玉医療センター,越谷市南越谷２−１−５０,第二種,変形性関節症に対する多血小板血漿（ＰＲＰ）関節内投与療法,PRP,AUTO,1.0,https://saiseiiryo.mhlw.go.jp/published_plan/download/01C2603013/5/0,349600,税込,,APS|GPS,Zimmer Biomet,10,4,"をお支払いいただきます。 PRP キット99,600 円(税込) APS キット349,600 円(税込) GPS®III STD キット 149,600 円(税込) ※患者様の症状、その他の事情等により治療費が変動する場合があります。",line-level strong price context,
V41_02G1911002,02G1911002,B,V41FCEA4B3A361,九州沖縄,大分県,医療法人恵愛会 中村病院,別府市秋葉町8番24号,第三種,多血小板血漿(PRP)の投与によるスポーツ外傷を含む筋、腱、靱帯損傷治療,PRP,AUTO,1.0,https://saiseiiryo.mhlw.go.jp/published_plan/download/02G1911002/5/0,75000,不明,1回,,,8,,"うことで重たい副作用が出る場合があり ます。 これらの治療もあることを知ったうえで、PRP治療を受けるかどう か決めてください。 治療にかかる費用について 治療にかかる費用について この治療は公的保険の対象ではありません。下記の施術料をお支払 いいただきます。 ・PRPを用いた治療における施術料 75,000円 分からないところは医師・スタッフにお尋ねください。なお1回の 施術あたりの費用は、患部の状態を確認した医師の判断、およびそ れに応じたPRP投与量等により変更となる場合があります。 治療についての注意事項 治療についての注意事項 あなたの体調が良くないときや、採取した血液の状態によっては、 PRPを作れないことがあります。 その時には、",,
V41_01G2212005,01G2212005,C,V41F8DFB1B6591,九州沖縄,大分県,医療法人社団唱和会　明野中央病院,大分市明野東２丁目７番３３号,第三種,多血小板血漿を用いた靭帯・腱及び腱付着部の機能障害・疾患の治療,PRP,AUTO,1.0,https://saiseiiryo.mhlw.go.jp/published_plan/download/01G2212005/5/0,100000,不明,,GPS|Zimmer,Zimmer Biomet,7,,"連絡先:097-558-3211 14.費用について 細胞の提供に際して費用は発生しません。 治療の提供に際しては、本治療は公的保険の対象ではありませんので、当院所定の施術料として以下の 金額をお支払いいただきます。 ・ZIMMER BIOMET 製 GPS®IIIシステム使用 100,000円 ※患者様の症状、その他の事情等により治療費が変動する場合があります。 なお、細胞の採取後や加工後に同意を撤回された場合など、同意を撤回される時点までに費用が発生し ている場合は、発生した費用については患者様にご負担いただきますのでご了承ください。 15.他の治療法の有無、本治療法との比較について 靭帯・腱及び腱付着部の機能",,
V41_01G2010001,01G2010001,D,V41F3DA3F91FDE,九州沖縄,大分県,猿渡整形外科スポーツリハクリニック,大分市竹下2丁目126番地,第三種,四肢の靭帯、筋腱付着部およびスポーツ傷害（筋・腱・靭帯）を対象とした自家多血小板血漿(自家PRP)注入療法,PRP,AUTO,1.0,https://saiseiiryo.mhlw.go.jp/published_plan/download/01G2010001/5/0,29700,税込,1回,,,13,7,"この治療は、健康保険が適用されない自由診療です。そのため、患 者様の費用負担が他の治療よりも高額になることがあります。PRP を用いた治療にかかる費用は29,700円(税込)です。1回の施術当 たりの費用は患部の状態を確認した医師の判断等により変更となる 場合がございます。ご不明な点は医師・スタッフにお尋ねくださ",line-level strong price context,
V41_01E2505021,01E2505021,A,V41F72852C3A92,近畿,大阪府,AC PLUS CLINIC,"大阪市中央区北久宝寺町2丁目1番3号
日本細胞ビル3, 4, 5, 7階",第二種,自家脂肪組織由来幹細胞（ASC）の局所投与による関節治療,脂肪由来幹細胞,AUTO,1.0,https://saiseiiryo.mhlw.go.jp/published_plan/download/01E2505021/5/0,2750000,税込,,,,11,3,"ては当院で負担いたします。他の医療機関で受けられた治療費用については協議させていただきます。 9. 治療にかかる費用について この治療は公的保険の対象ではありませんので、当院の所定の施術料として2,750,000 円(税込)をお支払いい ただきます。また、脂肪の採取後や、細胞培養の完了後にもキャンセル(同意の撤回)は可能ですが、同意撤回の時 点までに費用が発生している場合は、発生した費用をご負担いただきますのでご了承ください。",line-level strong price context,
V41_01E2505022,01E2505022,C,V41F72852C3A92,近畿,大阪府,AC PLUS CLINIC,"大阪市中央区北久宝寺町2丁目1番3号
日本細胞ビル3, 4, 5, 7階",第二種,自家脂肪組織由来幹細胞（ASC）の静脈内投与による慢性筋骨格系疼痛治療,脂肪由来幹細胞,AUTO,1.0,https://saiseiiryo.mhlw.go.jp/published_plan/download/01E2505022/5/0,2500000,税込,,,,11,3,"ては当院で負担いたします。他の医療機関で受けられた治療費用については協議させていただきます。 9. 治療にかかる費用について この治療は公的保険の対象ではありませんので、当院の所定の施術料として2,500,000 円(税込)をお支払いい ただきます。また、脂肪の採取後や、細胞培養の完了後にもキャンセル(同意の撤回)は可能ですが、同意撤回の時 点までに費用が発生している場合は、発生した費用をご負担いただきますのでご了承ください。",line-level strong price context,
V41_01E2509011,01E2509011,B,V41F292C935865,近畿,大阪府,AC PLUS CLINIC,"大阪市中央区北久宝寺町2-1-3日本細胞ビル3,4,5,7階",第二種,自家脂肪組織由来幹細胞（ASC）の局所投与による関節治療,脂肪由来幹細胞,AUTO,1.0,https://saiseiiryo.mhlw.go.jp/published_plan/download/01E2509011/5/0,3300000,税込,1 回,,,9,3,"9. 治療にかかる費用について 本治療は保険適用外であるため、治療にかかる費用全額を治療開始前にご負担いただきます。 本治療にかかる費用は、1 回3,300,000 円(税込) 初診料:16,500 円(税込) 感染症検査料:33,000 円(税込)となります。",line-level strong price context,
V41_01E2510027,01E2510027,D,V41F6EACF41783,近畿,大阪府,AC PLUS CLINIC,"大阪市中央区北久宝寺町2丁目1-3日本細胞ビル3,4,5,7階",第二種,自家脂肪組織由来幹細胞（ASC）の静脈内投与による慢性筋骨格系疼痛治療,脂肪由来幹細胞,AUTO,1.0,https://saiseiiryo.mhlw.go.jp/published_plan/download/01E2510027/5/0,3300000,税込,1 回,,,9,3,"9. 治療にかかる費用について 本治療は保険適用外であるため、治療にかかる費用全額を治療開始前にご負担いただきます。 本治療にかかる費用は、1 回3,300,000 円(税込) 初診料:16,500 円(税込) 感染症検査料:33,000 円(税込)となります。",line-level strong price context,
V41_01E2412017,01E2412017,D,V41FBFA8BD1C25,近畿,大阪府,CELL GRAND CLINIC,"大阪市中央区西心斎橋2丁目3-2
御堂筋ミナミビル 4階",第二種,自己脂肪由来幹細胞を用いた変形性関節症の治療,脂肪由来幹細胞,AUTO,1.0,https://saiseiiryo.mhlw.go.jp/published_plan/download/01E2412017/5/0,1650000,税込,1回,,,13,5,"その他、本治療を受けるために必要となった旅費、交通費などの全 ての費用も同様です。 本治療にかかる費用は、1回分 1,650,000円(税込) 同意を撤回された場合など、同意を撤回される時点までに発生した 費用(診察料、検査費、脂肪採取費、輸送費、加工費等)について",line-level strong price context,
V41_01E2502004,01E2502004,B,V41FBFA8BD1C25,近畿,大阪府,CELL GRAND CLINIC,大阪市中央区西心斎橋２丁目3-2 御堂筋ミナミビル４階,第二種,変形性関節症に対する多血小板血漿（ＰＲＰ）関節内投与療法,PRP,QC,1.0,https://saiseiiryo.mhlw.go.jp/published_plan/download/01E2502004/5/0,154000,税込,,,,5,3,"細胞の提供に際して費用は発生しません。 治療の提供に際しては、本治療は公的保険の対象ではありませんので、当院所定の施術料として片膝 154,000 円、両膝242,000 円(税込)をお支払いいただきます。 ※患者様の症状、その他の事情等により治療費が変動する場合があります。 なお、細胞の採取後や加工後に同意を撤回された場合など、同意を撤回される時点までに費用が発生している",price candidates remain ambiguous,
V41_01E2502004,01E2502004,B,V41FBFA8BD1C25,近畿,大阪府,CELL GRAND CLINIC,大阪市中央区西心斎橋２丁目3-2 御堂筋ミナミビル４階,第二種,変形性関節症に対する多血小板血漿（ＰＲＰ）関節内投与療法,PRP,QC,1.0,https://saiseiiryo.mhlw.go.jp/published_plan/download/01E2502004/5/0,242000,税込,,,,5,3,"細胞の提供に際して費用は発生しません。 治療の提供に際しては、本治療は公的保険の対象ではありませんので、当院所定の施術料として片膝 154,000 円、両膝242,000 円(税込)をお支払いいただきます。 ※患者様の症状、その他の事情等により治療費が変動する場合があります。 なお、細胞の採取後や加工後に同意を撤回された場合など、同意を撤回される時点までに費用が発生している",price candidates remain ambiguous,
V41_01E2602015,01E2602015,C,V41FBFA8BD1C25,近畿,大阪府,CELL GRAND CLINIC,大阪市中央区西心斎橋２丁目3-2 御堂筋ミナミビル４階,第二種,膝関節症に対する自己脂肪由来幹細胞による治療,脂肪由来幹細胞,AUTO,1.0,https://saiseiiryo.mhlw.go.jp/published_plan/download/01E2602015/5/0,2420000,税込,1 回,,,9,4,"本治療にかかる費用は、 ■膝関節症(最大1 億個(片膝ごと)) 1 回分:2,420,000 円(税込) 同意を撤回された場合など、同意を撤回される時点までに発生した費用(診察料、検査費)につい ては、ご負担いただきますのでご了承ください。",line-level strong price context,
V41_01E2112013,01E2112013,A,V41F540932716E,近畿,大阪府,ONE CLINIC 梅田,大阪市北区堂山町18-2　若杉東梅田ビル5F,第三種,関節周囲炎に対する自家多血小板血漿(PRP)を利用した軟組織の再生医療,PRP,AUTO,1.0,https://saiseiiryo.mhlw.go.jp/published_plan/download/01E2112013/5/0,100000,税別,,,,8,,"、皮下出血斑、神経損傷、感染が極めてまれに起きることがあります。 4.他の治療法との比較 PRP を使用する代わりに、動物由来の材料や人工的に作られた材料を用いる方法もありますが、PRPを使用す る方が感染やアレルギーの危険性が低くなります。 5.費用について PRPを使用した治療 100,000円(税抜き) 6.治療への同意と撤回 PRP を使用した治療に対する同意は、患者様の自由な判断に基づくものであり、いつでも自由に同意を撤回す ることができます。PRP を使用した治療に同意しなかったり、同意を撤回したりしても、決して不利益にはな らず、患者様の自由な判断で、本院の治療を継続されることができます。治療中に疑問を持った場",,
V41_01E2511022,01E2511022,B,V41F342EAFE6C6,近畿,大阪府,しらい痛みのクリニック,八尾市安中町4-3-17ウエルシア八尾安中店2F,第三種,自己多血小板血漿(PRP)を用いた筋・腱・靭帯の損傷および慢性炎症に対する治療,PRP,AUTO,1.0,https://saiseiiryo.mhlw.go.jp/published_plan/download/01E2511022/5/0,38500,税込,,,,8,,"を始めるまでは、いつでも同意を撤回するこ とができます。患者様が、治療を受けることへの同意を撤回することにより患者様に不利益が 生じることはありません。もし患者様が同意を撤回されても、最適と考えられる治療を実施で きるよう最善を尽くします。 10.治療費用: 治療費は、採血約10mlにつき 38,500円(税込)です。 ※患部の状態を確認した医師の判断、およびそれに応じたPRPの投与量等により変更となる 場合があります。 11.PRPの保管と廃棄 患者様から採取した血液と作製したPRP は、患者様ご自身の治療のみに使用します。ただし、 症例検討や学会発表を目的として、血液やPRP の測定を行い、データを取得することが あります",,
V41_01E2505003,01E2505003,C,V41FE38BEE7769,近畿,大阪府,つねとう痛みのクリニック,"大阪市住吉区長居西2丁目11番18号
WELKAMTY長居西Bldg 2階",第三種,自己多血小板血漿(PRP)を用いた用いた筋・腱・靭帯の損傷及び慢性炎症に対する治療,PRP,AUTO,1.0,https://saiseiiryo.mhlw.go.jp/published_plan/download/01E2505003/5/0,33000,税込,,,,12,5,"きるよう最善を尽くします。 10.治療費用: 治療費は、採血約10mlにつき 33,000円(税込)です。 ※患部の状態を確認した医師の判断、およびそれに応じたPRPの投与量等により変更となる 場合があります。",line-level strong price context,
V41_01E2511002,01E2511002,D,V41F638DEB5374,近畿,大阪府,はせがわ整形外科運動器エコークリニック,大阪市平野区長吉出戸5丁目2-13,第三種,自家多血小板血漿（Platelet-Rich Plasma：PRP）を用いた筋肉、腱、靭帯、筋膜の損傷及び慢性炎症の治療（関節外の軟部組織）,PRP,AUTO,1.0,https://saiseiiryo.mhlw.go.jp/published_plan/download/01E2511002/5/0,49000,税込,,ACP MAX|ACP,Arthrex,8,,"本治療にかかる費用は、以下のとおりです。なお、費用に含まれるのは、治療に 伴う診査、自家PRP 調製のための採血にかかる費用、自家PRP 調製費用、注入に かかる費用であり、以下が費用の総額となります。 治療の種類 平均的な血小板注入量 費用(税込) ACP-PRP 20 億個 49,000 円 HD-PRP(ACP MAX の場合) 90 億個 169,000 円 • 治療終了後も定期的な受診が必要です。 11.試料等の保存及び廃棄の方法 患者様から採取した血液と作製したPRP は、患者様ご自身の治療のみに使用しま す。ただし、症例検討や学会発表を目的として、血液やPRP の測定を行い、データ を",,
V41_01E2511002,01E2511002,D,V41F638DEB5374,近畿,大阪府,はせがわ整形外科運動器エコークリニック,大阪市平野区長吉出戸5丁目2-13,第三種,自家多血小板血漿（Platelet-Rich Plasma：PRP）を用いた筋肉、腱、靭帯、筋膜の損傷及び慢性炎症の治療（関節外の軟部組織）,PRP,AUTO,1.0,https://saiseiiryo.mhlw.go.jp/published_plan/download/01E2511002/5/0,169000,税込,,ACP MAX|ACP,Arthrex,8,,"伴う診査、自家PRP 調製のための採血にかかる費用、自家PRP 調製費用、注入に かかる費用であり、以下が費用の総額となります。 治療の種類 平均的な血小板注入量 費用(税込) ACP-PRP 20 億個 49,000 円 HD-PRP(ACP MAX の場合) 90 億個 169,000 円 • 治療終了後も定期的な受診が必要です。 11.試料等の保存及び廃棄の方法 患者様から採取した血液と作製したPRP は、患者様ご自身の治療のみに使用しま す。ただし、症例検討や学会発表を目的として、血液やPRP の測定を行い、データ を取得することがあります。 血液およびPRP は微量で全量を使用するため、保管",,
V41_01E2605009,01E2605009,A,V41F2272A75A03,近畿,大阪府,ひらまつ整形外科　難波膝スポーツクリニック,大阪市浪速区敷津東2-6-19 そうごうメディカルモールなんば南２階,第三種,多血小板血漿を用いた整形外科領域（関節腔内への投与を除く）の治療,PRP,QC,1.0,https://saiseiiryo.mhlw.go.jp/published_plan/download/01E2605009/5/0,,,,,,,,,no price found after text/OCR pass,Document fetched but no price candidate
V41_03E2512005,03E2512005,B,V41FDFD34DDDB0,近畿,大阪府,まつうら整形・肩肘スポーツクリニック,堺市西区鳳東町6丁 637-1 2F,第三種,自家多血小板血漿（Platelet-Rich Plasma：PRP）を用いた筋肉、腱、靭帯、筋膜の損傷及び慢性炎症の治療（関節外の軟部組織）,PRP,QC,1.0,https://saiseiiryo.mhlw.go.jp/published_plan/download/03E2512005/5/0,300000,不明,両側,Angel,Arthrex,6,6,"PRP 両側 Angel 300,000 円 (3) 採血を開始してからのキャンセルは、上記費用をいただきます。 11. 試料等の保存及び廃棄の方法",price candidates remain ambiguous,
V41_03E2512005,03E2512005,B,V41FDFD34DDDB0,近畿,大阪府,まつうら整形・肩肘スポーツクリニック,堺市西区鳳東町6丁 637-1 2F,第三種,自家多血小板血漿（Platelet-Rich Plasma：PRP）を用いた筋肉、腱、靭帯、筋膜の損傷及び慢性炎症の治療（関節外の軟部組織）,PRP,QC,1.0,https://saiseiiryo.mhlw.go.jp/published_plan/download/03E2512005/5/0,49000,不明,片側,ACP|Angel,Arthrex,3,6,"PRP 片側 ACP 49,000 円 Angel 250,000 円",price candidates remain ambiguous,
V41_03E2512005,03E2512005,B,V41FDFD34DDDB0,近畿,大阪府,まつうら整形・肩肘スポーツクリニック,堺市西区鳳東町6丁 637-1 2F,第三種,自家多血小板血漿（Platelet-Rich Plasma：PRP）を用いた筋肉、腱、靭帯、筋膜の損傷及び慢性炎症の治療（関節外の軟部組織）,PRP,QC,1.0,https://saiseiiryo.mhlw.go.jp/published_plan/download/03E2512005/5/0,250000,不明,両側,Angel,Arthrex,3,6,"49,000 円 Angel 250,000 円 PRP 両側 Angel",price candidates remain ambiguous,
V41_01E2511017,01E2511017,C,V41F52D9698588,近畿,大阪府,アスレティックス整形外科肩膝スポーツクリニック,八尾市北久宝寺1丁目１－７,第三種,多血小板血漿を用いた整形外科領域（関節腔内への投与を除く）の治療,PRP,AUTO,1.0,https://saiseiiryo.mhlw.go.jp/published_plan/download/01E2511017/5/0,55000,不明,,,,7,3,"14.費用について 細胞の提供に際して費用は発生しません。 治療の提供に際しては、本治療は公的保険の対象ではありませんので、当院所定の施術料として55,000 円を お支払いいただきます。 ※患者様の症状、その他の事情等により治療費が変動する場合があります。",line-level medium price context,
V41_02E2601002,02E2601002,D,V41F4D065D9D41,近畿,大阪府,シンセルクリニック,"大阪市中央区心斎橋1-9-15
大京心斎橋ビル303号室",第二種,自己脂肪由来幹細胞を用いた変形性関節症の治療,脂肪由来幹細胞,AUTO,1.0,https://saiseiiryo.mhlw.go.jp/published_plan/download/02E2601002/5/0,1650000,税込,1回,,,9,,"再生医療事務局 電話番号:080-6925-0037 12.費用について 本治療は保険適用外であるため、治療にかかる費用全額をご自分でご負担いただきます。 その他、本治療を受けるために必要となった旅費、交通費などの全ての費用もご自分でご負 担いただきます。 本治療にかかる費用は1回¥1,650,000円(税込)となっております。 なお、脂肪の採取後や、細胞加工物の製造後に同意を撤回された場合など、同意を撤回さ れる時点までに費用が発生している場合は、発生した費用についてはあなたにご負担いただ きますのでご了承ください。 13.他の治療法の有無、本治療法との比較について 変形性関節症の治療法には保存療法と手術療法の2つの方法があ",,
V41_03E2506014,03E2506014,A,V41FDECC4D3F9A,近畿,大阪府,リセリングクリニック,大阪市北区天満橋1-8-40帝国ホテルプラザ2階,第二種,自己骨髄由来間葉系幹細胞を用いた変形性膝関節症治療,その他MSK,QC,1.0,https://saiseiiryo.mhlw.go.jp/published_plan/download/03E2506014/5/0,300000,不明,1回,,,6,8,"40,000円  組織採取料 300,000円 治療費(施術費・幹細胞培養費を含む) 施術(1回)",price candidates remain ambiguous,
V41_03E2506014,03E2506014,A,V41FDECC4D3F9A,近畿,大阪府,リセリングクリニック,大阪市北区天満橋1-8-40帝国ホテルプラザ2階,第二種,自己骨髄由来間葉系幹細胞を用いた変形性膝関節症治療,その他MSK,QC,1.0,https://saiseiiryo.mhlw.go.jp/published_plan/download/03E2506014/5/0,3000,不明,,,,3,8,"す。費用については下記の通りです。  初診料 3,000円  再診料 2,000円",price candidates remain ambiguous,
V41_03E2506014,03E2506014,A,V41FDECC4D3F9A,近畿,大阪府,リセリングクリニック,大阪市北区天満橋1-8-40帝国ホテルプラザ2階,第二種,自己骨髄由来間葉系幹細胞を用いた変形性膝関節症治療,その他MSK,QC,1.0,https://saiseiiryo.mhlw.go.jp/published_plan/download/03E2506014/5/0,40000,不明,,,,3,8," 上記の治療費は初診料(3,000円)再診料(2,000円))および検査料 (40,000円)組織採取料(300,000円)は含まれませんのでご注意くだ",price candidates remain ambiguous,
V41_03E2506014,03E2506014,A,V41FDECC4D3F9A,近畿,大阪府,リセリングクリニック,大阪市北区天満橋1-8-40帝国ホテルプラザ2階,第二種,自己骨髄由来間葉系幹細胞を用いた変形性膝関節症治療,その他MSK,QC,1.0,https://saiseiiryo.mhlw.go.jp/published_plan/download/03E2506014/5/0,300000,不明,,,,3,8," 上記の治療費は初診料(3,000円)再診料(2,000円))および検査料 (40,000円)組織採取料(300,000円)は含まれませんのでご注意くだ",price candidates remain ambiguous,
V41_03E2506014,03E2506014,A,V41FDECC4D3F9A,近畿,大阪府,リセリングクリニック,大阪市北区天満橋1-8-40帝国ホテルプラザ2階,第二種,自己骨髄由来間葉系幹細胞を用いた変形性膝関節症治療,その他MSK,QC,1.0,https://saiseiiryo.mhlw.go.jp/published_plan/download/03E2506014/5/0,2400000,不明,,,,3,8,"両膝 1億×2 2,400,000円  上記の治療費は初診料(3,000円)再診料(2,000円))および検査料",price candidates remain ambiguous,
V41_03E2506014,03E2506014,A,V41FDECC4D3F9A,近畿,大阪府,リセリングクリニック,大阪市北区天満橋1-8-40帝国ホテルプラザ2階,第二種,自己骨髄由来間葉系幹細胞を用いた変形性膝関節症治療,その他MSK,QC,1.0,https://saiseiiryo.mhlw.go.jp/published_plan/download/03E2506014/5/0,2000,不明,,,,0,8,"3,000円  再診料 2,000円  初期検査料 40,000円",price candidates remain ambiguous,
V41_03E2506014,03E2506014,A,V41FDECC4D3F9A,近畿,大阪府,リセリングクリニック,大阪市北区天満橋1-8-40帝国ホテルプラザ2階,第二種,自己骨髄由来間葉系幹細胞を用いた変形性膝関節症治療,その他MSK,QC,1.0,https://saiseiiryo.mhlw.go.jp/published_plan/download/03E2506014/5/0,40000,不明,,,,0,8,"2,000円  初期検査料 40,000円  組織採取料 300,000円",price candidates remain ambiguous,
V41_03E2506014,03E2506014,A,V41FDECC4D3F9A,近畿,大阪府,リセリングクリニック,大阪市北区天満橋1-8-40帝国ホテルプラザ2階,第二種,自己骨髄由来間葉系幹細胞を用いた変形性膝関節症治療,その他MSK,QC,1.0,https://saiseiiryo.mhlw.go.jp/published_plan/download/03E2506014/5/0,1200000,不明,,,,0,8,"片膝 1億 1,200,000円 両膝 5千万×2",price candidates remain ambiguous,
V41_03E2506014,03E2506014,A,V41FDECC4D3F9A,近畿,大阪府,リセリングクリニック,大阪市北区天満橋1-8-40帝国ホテルプラザ2階,第二種,自己骨髄由来間葉系幹細胞を用いた変形性膝関節症治療,その他MSK,QC,1.0,https://saiseiiryo.mhlw.go.jp/published_plan/download/03E2506014/5/0,1400000,不明,,,,0,8,"両膝 5千万×2 1,400,000円 片膝 1.5億",price candidates remain ambiguous,
V41_03E2506014,03E2506014,A,V41FDECC4D3F9A,近畿,大阪府,リセリングクリニック,大阪市北区天満橋1-8-40帝国ホテルプラザ2階,第二種,自己骨髄由来間葉系幹細胞を用いた変形性膝関節症治療,その他MSK,QC,1.0,https://saiseiiryo.mhlw.go.jp/published_plan/download/03E2506014/5/0,1700000,不明,,,,0,8,"片膝 1.5億 1,700,000円 両膝 7.5千万×2",price candidates remain ambiguous,
V41_03E2506014,03E2506014,A,V41FDECC4D3F9A,近畿,大阪府,リセリングクリニック,大阪市北区天満橋1-8-40帝国ホテルプラザ2階,第二種,自己骨髄由来間葉系幹細胞を用いた変形性膝関節症治療,その他MSK,QC,1.0,https://saiseiiryo.mhlw.go.jp/published_plan/download/03E2506014/5/0,1900000,不明,,,,0,8,"両膝 7.5千万×2 1,900,000円 両膝 1億×2",price candidates remain ambiguous,
V41_03E2506014,03E2506014,A,V41FDECC4D3F9A,近畿,大阪府,リセリングクリニック,大阪市北区天満橋1-8-40帝国ホテルプラザ2階,第二種,自己骨髄由来間葉系幹細胞を用いた変形性膝関節症治療,その他MSK,QC,1.0,https://saiseiiryo.mhlw.go.jp/published_plan/download/03E2506014/5/0,2000,不明,,,,-3,8,"2,400,000円  上記の治療費は初診料(3,000円)再診料(2,000円))および検査料 (40,000円)組織採取料(300,000円)は含まれませんのでご注意くだ",price candidates remain ambiguous,
V41_03E2506014,03E2506014,A,V41FDECC4D3F9A,近畿,大阪府,リセリングクリニック,大阪市北区天満橋1-8-40帝国ホテルプラザ2階,第二種,自己骨髄由来間葉系幹細胞を用いた変形性膝関節症治療,その他MSK,QC,1.0,https://saiseiiryo.mhlw.go.jp/published_plan/download/03E2506014/5/0,3000,不明,,,,-3,8,"2,400,000円  上記の治療費は初診料(3,000円)再診料(2,000円))および検査料 (40,000円)組織採取料(300,000円)は含まれませんのでご注意くだ",price candidates remain ambiguous,
V41_01E2403004,01E2403004,B,V41F394174501B,近畿,大阪府,ルナペインクリニック,東大阪市長堂1丁目5-6 布施駅前セントラルビル2階,第三種,自己多血小板血漿（PRP)を用いた、運動器組織再生療法（主に筋・腱・靱帯）,PRP,AUTO,1.0,https://saiseiiryo.mhlw.go.jp/published_plan/download/01E2403004/5/0,33000,税込,,,,10,1,"る場合があります。 □ 本治療にかかる費用は以下の通りです。 PRP 2ml/採血量 約10ml =33,000円(消費税込) PRP 4ml/採血量 約20ml =55,000円(消費税込) □ 細胞提供者と受領者(施術対象者)は同一人のため、細胞提供者",line-level strong price context,
V41_01E2403004,01E2403004,B,V41F394174501B,近畿,大阪府,ルナペインクリニック,東大阪市長堂1丁目5-6 布施駅前セントラルビル2階,第三種,自己多血小板血漿（PRP)を用いた、運動器組織再生療法（主に筋・腱・靱帯）,PRP,AUTO,1.0,https://saiseiiryo.mhlw.go.jp/published_plan/download/01E2403004/5/0,55000,税込,,,,10,1,"□ 本治療にかかる費用は以下の通りです。 PRP 2ml/採血量 約10ml =33,000円(消費税込) PRP 4ml/採血量 約20ml =55,000円(消費税込) □ 細胞提供者と受領者(施術対象者)は同一人のため、細胞提供者 の選択は行いません。",line-level strong price context,
V41_01E2508030,01E2508030,C,V41F47A7456D5D,近畿,大阪府,一般社団法人澄佳会 松山淳記念クリニック,大阪市北区芝田2-7-18 ルーシッドスクエア梅田2F,第三種,多血小板血漿を用いた整形外科疾患に対する組織修復治療,PRP,AUTO,1.0,https://saiseiiryo.mhlw.go.jp/published_plan/download/01E2508030/5/0,990000,不明,,,,13,9,"PRP 投与料金: ・治療前診断料 11,000 円 ・PRP 療法実施費用 990,000 円 *キャンセル規定について ・治療当日の診察前",line-level strong price context,
V41_01E2604018,01E2604018,D,V41F0871833971,近畿,大阪府,一般社団法人隆起会　おおたき整形外科,大阪市都島区毛馬町二丁目10番33号,第三種,自己多血小板血漿(PRP)療法（治療対象：筋・腱・靭帯損傷）,PRP,AUTO,1.0,https://saiseiiryo.mhlw.go.jp/published_plan/download/01E2604018/5/0,82500,税込,1回,,,9,,"にかかる費用の総額となります。 なお、本治療は1回の採血(60mL)につき、投与3回分(各投与約 5mL、最大で約15mL)のPRPを製造いたします。左右両側に投与す る場合は、2回分です。 凍結PRPを用いた治療(1回目) 165,000円(税込) 凍結PRPを用いた治療(2回目) 82,500円(税込) 凍結PRPを用いた治療(3回目) 41,250円(税込) ※投与3回行った場合、合計288,750円となります。ただし、2回目 及び3回目の採血は ございません。 ※投与できる期間は採血から最大6か月以内となります。 ※本治療では必要に応じ検査を行い、PRP治療を行うか判断いたし ます。 検査を行った場合の費用は、",,
V41_01E2604018,01E2604018,D,V41F0871833971,近畿,大阪府,一般社団法人隆起会　おおたき整形外科,大阪市都島区毛馬町二丁目10番33号,第三種,自己多血小板血漿(PRP)療法（治療対象：筋・腱・靭帯損傷）,PRP,AUTO,1.0,https://saiseiiryo.mhlw.go.jp/published_plan/download/01E2604018/5/0,165000,税込,1回,,,9,,"う診査、PRP調整のための採血にかかる費用、 PRP調整費用、投与にかかる費用の総額となります。 なお、本治療は1回の採血(60mL)につき、投与3回分(各投与約 5mL、最大で約15mL)のPRPを製造いたします。左右両側に投与す る場合は、2回分です。 凍結PRPを用いた治療(1回目) 165,000円(税込) 凍結PRPを用いた治療(2回目) 82,500円(税込) 凍結PRPを用いた治療(3回目) 41,250円(税込) ※投与3回行った場合、合計288,750円となります。ただし、2回目 及び3回目の採血は ございません。 ※投与できる期間は採血から最大6か月以内となります。 ※本治療では必要に応じ検査を行い、PRP治",,
V41_01E2604018,01E2604018,D,V41F0871833971,近畿,大阪府,一般社団法人隆起会　おおたき整形外科,大阪市都島区毛馬町二丁目10番33号,第三種,自己多血小板血漿(PRP)療法（治療対象：筋・腱・靭帯損傷）,PRP,AUTO,1.0,https://saiseiiryo.mhlw.go.jp/published_plan/download/01E2604018/5/0,41250,税込,3回分,,,1,,"mL)につき、投与3回分(各投与約 5mL、最大で約15mL)のPRPを製造いたします。左右両側に投与す る場合は、2回分です。 凍結PRPを用いた治療(1回目) 165,000円(税込) 凍結PRPを用いた治療(2回目) 82,500円(税込) 凍結PRPを用いた治療(3回目) 41,250円(税込) ※投与3回行った場合、合計288,750円となります。ただし、2回目 及び3回目の採血は ございません。 ※投与できる期間は採血から最大6か月以内となります。 ※本治療では必要に応じ検査を行い、PRP治療を行うか判断いたし ます。 検査を行った場合の費用は、 円を別途ご負担いただき ます。 【本治療キャンセル時の費用】",,
V41_01E2604018,01E2604018,D,V41F0871833971,近畿,大阪府,一般社団法人隆起会　おおたき整形外科,大阪市都島区毛馬町二丁目10番33号,第三種,自己多血小板血漿(PRP)療法（治療対象：筋・腱・靭帯損傷）,PRP,AUTO,1.0,https://saiseiiryo.mhlw.go.jp/published_plan/download/01E2604018/5/0,288750,税込,2回分,,,1,,"約15mL)のPRPを製造いたします。左右両側に投与す る場合は、2回分です。 凍結PRPを用いた治療(1回目) 165,000円(税込) 凍結PRPを用いた治療(2回目) 82,500円(税込) 凍結PRPを用いた治療(3回目) 41,250円(税込) ※投与3回行った場合、合計288,750円となります。ただし、2回目 及び3回目の採血は ございません。 ※投与できる期間は採血から最大6か月以内となります。 ※本治療では必要に応じ検査を行い、PRP治療を行うか判断いたし ます。 検査を行った場合の費用は、 円を別途ご負担いただき ます。 【本治療キャンセル時の費用】 期間 キャンセル費用 同意~採血前 全額返金いたし",,
V41_01E2506022,01E2506022,B,V41F3BB99C549E,近畿,大阪府,医療法人 きど整形外科クリニック,吹田市桃山台二丁目２番２号,第三種,自己多血小板血漿（PRP）を用いた筋肉、腱、靭帯、筋膜（関節外の軟部組織）の治療,PRP,AUTO,1.0,https://saiseiiryo.mhlw.go.jp/published_plan/download/01E2506022/5/0,30000,不明,1部位,GPS|Condensia,Zimmer Biomet|京セラ,8,,"、靭帯、筋膜(関節外の軟部組織)の治療に 関する説明文・同意文書 5 この治療は公的保険の対象ではありませんので、当施設にて施術料をお支払いいただきます。 ・PRP 療法 使用キット 治療提供価格 Condensia システム シングル:1部位 50,000円(学生の方:30,000円) ダブル:1部位 85,000円 GPSIIIシステム 1部位 120,000円 ※患者さまの症状により施術料が変わる場合は別途、ご説明いたします。 その他治療についての注意事項 患者さまの体調が良くない場合や、採取した血液の状態によっては、PRP を分離",,
V41_01E2506022,01E2506022,B,V41F3BB99C549E,近畿,大阪府,医療法人 きど整形外科クリニック,吹田市桃山台二丁目２番２号,第三種,自己多血小板血漿（PRP）を用いた筋肉、腱、靭帯、筋膜（関節外の軟部組織）の治療,PRP,AUTO,1.0,https://saiseiiryo.mhlw.go.jp/published_plan/download/01E2506022/5/0,50000,不明,1部位,GPS|Condensia,Zimmer Biomet|京セラ,8,,"(PRP)を用いた筋肉、腱、靭帯、筋膜(関節外の軟部組織)の治療に 関する説明文・同意文書 5 この治療は公的保険の対象ではありませんので、当施設にて施術料をお支払いいただきます。 ・PRP 療法 使用キット 治療提供価格 Condensia システム シングル:1部位 50,000円(学生の方:30,000円) ダブル:1部位 85,000円 GPSIIIシステム 1部位 120,000円 ※患者さまの症状により施術料が変わる場合は別途、ご説明いたします。 その他治療についての注意事項 患者さまの体調が良くない場合や、採取した血液の状態",,
V41_01E2506022,01E2506022,B,V41F3BB99C549E,近畿,大阪府,医療法人 きど整形外科クリニック,吹田市桃山台二丁目２番２号,第三種,自己多血小板血漿（PRP）を用いた筋肉、腱、靭帯、筋膜（関節外の軟部組織）の治療,PRP,AUTO,1.0,https://saiseiiryo.mhlw.go.jp/published_plan/download/01E2506022/5/0,85000,不明,1部位,GPS|Condensia,Zimmer Biomet|京セラ,8,,"に 関する説明文・同意文書 5 この治療は公的保険の対象ではありませんので、当施設にて施術料をお支払いいただきます。 ・PRP 療法 使用キット 治療提供価格 Condensia システム シングル:1部位 50,000円(学生の方:30,000円) ダブル:1部位 85,000円 GPSIIIシステム 1部位 120,000円 ※患者さまの症状により施術料が変わる場合は別途、ご説明いたします。 その他治療についての注意事項 患者さまの体調が良くない場合や、採取した血液の状態によっては、PRP を分離できないこ とがあります。 その際に",,
V41_01E2506022,01E2506022,B,V41F3BB99C549E,近畿,大阪府,医療法人 きど整形外科クリニック,吹田市桃山台二丁目２番２号,第三種,自己多血小板血漿（PRP）を用いた筋肉、腱、靭帯、筋膜（関節外の軟部組織）の治療,PRP,AUTO,1.0,https://saiseiiryo.mhlw.go.jp/published_plan/download/01E2506022/5/0,120000,不明,1部位,GPS|Condensia,Zimmer Biomet|京セラ,8,,"療は公的保険の対象ではありませんので、当施設にて施術料をお支払いいただきます。 ・PRP 療法 使用キット 治療提供価格 Condensia システム シングル:1部位 50,000円(学生の方:30,000円) ダブル:1部位 85,000円 GPSIIIシステム 1部位 120,000円 ※患者さまの症状により施術料が変わる場合は別途、ご説明いたします。 その他治療についての注意事項 患者さまの体調が良くない場合や、採取した血液の状態によっては、PRP を分離できないこ とがあります。 その際には、再度採血をさせていただく場合があります。 また、",,
V41_03E2603007,03E2603007,C,V41FCD13CAFD1C,近畿,大阪府,医療法人 凉庵会 整形外科 吉田クリニック,大阪市阿倍野区阪南町2-20-16,第三種,多血小板血漿(PRP)の投与によるスポーツ外傷を含む筋、腱、靱帯損傷治療,PRP,AUTO,1.0,https://saiseiiryo.mhlw.go.jp/published_plan/download/03E2603007/5/0,100000,不明,1回,,,8,,"pathy. Vol. 39, No. 6, 2011よ り 10. 治療にかかる費用につい て この治療は公的保険の対象ではありませんので、当病院所定の下記 の施術料をお支払いいただきます。 ・PRPを用いた治療における施術料 100,000円 ご不明な点は医師・スタッフにお尋ねください。なお1回の施術あ たりの費用は、患部の状態を確認した医師の判断、およびそれに応 じたPRP投与量等により変更となる場合がございます。 11. その他治療についての注意事 項 患者様の体調が良くない場合や、採取した血液の状態によっ",,
V41_01E2510014,01E2510014,D,V41F2E57208032,近畿,大阪府,医療法人Nクリニック,岸和田市別所町3-10-10,第二種,脂肪由来間葉系間質細胞を用いた腱板、腱、靭帯、筋および周辺組織の治療,脂肪由来幹細胞,QC,1.0,https://saiseiiryo.mhlw.go.jp/published_plan/download/01E2510014/5/0,3300,税込,,,,4,9,"一般的な治療費用は下記のとおりです。(税込表記) 診察料(診察のみの場合) 3,300 円 血液検査(初診料込) 14,300円",price candidates remain ambiguous,
V41_01E2510014,01E2510014,D,V41F2E57208032,近畿,大阪府,医療法人Nクリニック,岸和田市別所町3-10-10,第二種,脂肪由来間葉系間質細胞を用いた腱板、腱、靭帯、筋および周辺組織の治療,脂肪由来幹細胞,QC,1.0,https://saiseiiryo.mhlw.go.jp/published_plan/download/01E2510014/5/0,1100000,不明,1部位,,,3,10,"細胞投与(1部位、1回) 1,100,000 円 1x10^8細胞(1回分)を3分割し、複数箇所、あるいは複数部位に投 与した場合",price candidates remain ambiguous,
V41_01E2510014,01E2510014,D,V41F2E57208032,近畿,大阪府,医療法人Nクリニック,岸和田市別所町3-10-10,第二種,脂肪由来間葉系間質細胞を用いた腱板、腱、靭帯、筋および周辺組織の治療,脂肪由来幹細胞,QC,1.0,https://saiseiiryo.mhlw.go.jp/published_plan/download/01E2510014/5/0,1650000,不明,1回,,,1,10,"1x10^8細胞(1回分)を3分割し、複数箇所、あるいは複数部位に投 与した場合 1,650,000 円 細胞保管料(1年毎更新) 110,000 円",price candidates remain ambiguous,
V41_01E2510014,01E2510014,D,V41F2E57208032,近畿,大阪府,医療法人Nクリニック,岸和田市別所町3-10-10,第二種,脂肪由来間葉系間質細胞を用いた腱板、腱、靭帯、筋および周辺組織の治療,脂肪由来幹細胞,QC,1.0,https://saiseiiryo.mhlw.go.jp/published_plan/download/01E2510014/5/0,14300,不明,,,,0,9,"3,300 円 血液検査(初診料込) 14,300円",price candidates remain ambiguous,
V41_01E2510014,01E2510014,D,V41F2E57208032,近畿,大阪府,医療法人Nクリニック,岸和田市別所町3-10-10,第二種,脂肪由来間葉系間質細胞を用いた腱板、腱、靭帯、筋および周辺組織の治療,脂肪由来幹細胞,QC,1.0,https://saiseiiryo.mhlw.go.jp/published_plan/download/01E2510014/5/0,110000,不明,,,,0,10,"1,650,000 円 細胞保管料(1年毎更新) 110,000 円 その他、治療についての注意事 項",price candidates remain ambiguous,
V41_02E2308012,02E2308012,B,V41F2E57208032,近畿,大阪府,医療法人Nクリニック,岸和田市別所町3-10-10,第三種,多血小板血漿（PRP）の投与によるスポーツ外傷を含む筋、腱、靱帯損傷治療,PRP,AUTO,1.0,https://saiseiiryo.mhlw.go.jp/published_plan/download/02E2308012/5/0,55000,不明,,GPS,Zimmer Biomet,7,,"また、PRPをつくるきき機器は突然のこしょう故障により、ちりょ う治療の日や時間を変更することがあります。 ちりょう治療のひよう費用に関する情報 Nクリニックには、2種類のPRP法があります。あなたやあなたのご 家族と相談しながら、もっとも良い方法を選びます。 名称 費用 特徴 1 PRPキット 55,000円 皮膚などの治療にもよく使われており、安全性が高い方法です。 2 GPS法 99,000円 ひざでよく使われています。清潔にかんたん簡単に作ることができ るという特徴があります。 ちりょう治療をやめることについて このちりょう治療を受けることも、やめることもあなたが決めるこ とができます。 ちりょう治療を受けることを決めた場合、ほご保護",,
V41_02E2308012,02E2308012,B,V41F2E57208032,近畿,大阪府,医療法人Nクリニック,岸和田市別所町3-10-10,第三種,多血小板血漿（PRP）の投与によるスポーツ外傷を含む筋、腱、靱帯損傷治療,PRP,AUTO,1.0,https://saiseiiryo.mhlw.go.jp/published_plan/download/02E2308012/5/0,99000,不明,,GPS,Zimmer Biomet,7,,"ことがあります。 ちりょう治療のひよう費用に関する情報 Nクリニックには、2種類のPRP法があります。あなたやあなたのご 家族と相談しながら、もっとも良い方法を選びます。 名称 費用 特徴 1 PRPキット 55,000円 皮膚などの治療にもよく使われており、安全性が高い方法です。 2 GPS法 99,000円 ひざでよく使われています。清潔にかんたん簡単に作ることができ るという特徴があります。 ちりょう治療をやめることについて このちりょう治療を受けることも、やめることもあなたが決めるこ とができます。 ちりょう治療を受けることを決めた場合、ほご保護者の方にしょめ い署名をお願いします(やめる場合は、いりません)。 せつめい説明を受けた後に",,
V41_02E2401006,02E2401006,C,V41F2E57208032,近畿,大阪府,医療法人Nクリニック,岸和田市別所町3-10-10,第二種,脂肪幹細胞を用いた変形性関節症に対する再生医療,脂肪由来幹細胞,QC,1.0,https://saiseiiryo.mhlw.go.jp/published_plan/download/02E2401006/5/0,3300,税込,,,,4,11,"一般的な治療費用は下記のとおりです。(税込表記) 診察料(診察のみの場合) 3,300 円 血液検査(初診料込) 14,300円",price candidates remain ambiguous,
V41_02E2401006,02E2401006,C,V41F2E57208032,近畿,大阪府,医療法人Nクリニック,岸和田市別所町3-10-10,第二種,脂肪幹細胞を用いた変形性関節症に対する再生医療,脂肪由来幹細胞,QC,1.0,https://saiseiiryo.mhlw.go.jp/published_plan/download/02E2401006/5/0,14300,不明,1部位,,,3,11,"3,300 円 血液検査(初診料込) 14,300円 関節内幹細胞投与(1部位、1回) 1,650,000 円",price candidates remain ambiguous,
V41_02E2401006,02E2401006,C,V41F2E57208032,近畿,大阪府,医療法人Nクリニック,岸和田市別所町3-10-10,第二種,脂肪幹細胞を用いた変形性関節症に対する再生医療,脂肪由来幹細胞,QC,1.0,https://saiseiiryo.mhlw.go.jp/published_plan/download/02E2401006/5/0,1650000,不明,1部位,,,3,11,"14,300円 関節内幹細胞投与(1部位、1回) 1,650,000 円 骨髄内幹細胞投与(1部位、1回) 1,650,000 円",price candidates remain ambiguous,
V41_02E2401006,02E2401006,C,V41F2E57208032,近畿,大阪府,医療法人Nクリニック,岸和田市別所町3-10-10,第二種,脂肪幹細胞を用いた変形性関節症に対する再生医療,脂肪由来幹細胞,QC,1.0,https://saiseiiryo.mhlw.go.jp/published_plan/download/02E2401006/5/0,1650000,不明,1回,,,3,11,"1x10^8細胞(1回分)を2分割し、関節内幹細胞投与+骨髄内幹細 胞投与した場合(1部位、1回) 1,650,000 円 細胞保管料(1 年毎更新) 110,000 円",price candidates remain ambiguous,
V41_02E2401006,02E2401006,C,V41F2E57208032,近畿,大阪府,医療法人Nクリニック,岸和田市別所町3-10-10,第二種,脂肪幹細胞を用いた変形性関節症に対する再生医療,脂肪由来幹細胞,QC,1.0,https://saiseiiryo.mhlw.go.jp/published_plan/download/02E2401006/5/0,2200000,不明,1部位,,,3,11,"1,650,000 円 関節内幹細胞投与+骨髄内幹細胞投与(1部位、1回) 2,200,000円 1x10^8細胞(1回分)を2分割し、関節内幹細胞投与+骨髄内幹細 胞投与した場合(1部位、1回)",price candidates remain ambiguous,
V41_02E2401006,02E2401006,C,V41F2E57208032,近畿,大阪府,医療法人Nクリニック,岸和田市別所町3-10-10,第二種,脂肪幹細胞を用いた変形性関節症に対する再生医療,脂肪由来幹細胞,QC,1.0,https://saiseiiryo.mhlw.go.jp/published_plan/download/02E2401006/5/0,110000,不明,,,,0,11,"1,650,000 円 細胞保管料(1 年毎更新) 110,000 円",price candidates remain ambiguous,
V41_01E2510012,01E2510012,D,V41F600DF5DB0B,近畿,大阪府,医療法人Nクリニック　本町Nクリニック,大阪市西区西本町一丁目４番１号オリックス 本町ビル２階,第二種,脂肪由来間葉系間質細胞を用いた腱板、腱、靭帯、筋および周辺組織の治療,脂肪由来幹細胞,QC,1.0,https://saiseiiryo.mhlw.go.jp/published_plan/download/01E2510012/5/0,14300,不明,1部位,,,3,10,"3,300 円 血液検査(初診料込) 14,300円 細胞投与(1部位、1回) 1,100,000 円",price candidates remain ambiguous,
V41_01E2510012,01E2510012,D,V41F600DF5DB0B,近畿,大阪府,医療法人Nクリニック　本町Nクリニック,大阪市西区西本町一丁目４番１号オリックス 本町ビル２階,第二種,脂肪由来間葉系間質細胞を用いた腱板、腱、靭帯、筋および周辺組織の治療,脂肪由来幹細胞,QC,1.0,https://saiseiiryo.mhlw.go.jp/published_plan/download/01E2510012/5/0,1100000,不明,1部位,,,3,10,"14,300円 細胞投与(1部位、1回) 1,100,000 円 1x10^8細胞(1回分)を3分割し、複数箇所、あるいは複数部位に投 与した場合",price candidates remain ambiguous,
V41_01E2510012,01E2510012,D,V41F600DF5DB0B,近畿,大阪府,医療法人Nクリニック　本町Nクリニック,大阪市西区西本町一丁目４番１号オリックス 本町ビル２階,第二種,脂肪由来間葉系間質細胞を用いた腱板、腱、靭帯、筋および周辺組織の治療,脂肪由来幹細胞,QC,1.0,https://saiseiiryo.mhlw.go.jp/published_plan/download/01E2510012/5/0,1650000,不明,1回,,,1,10,"1x10^8細胞(1回分)を3分割し、複数箇所、あるいは複数部位に投 与した場合 1,650,000 円 細胞保管料(1年毎更新) 110,000 円",price candidates remain ambiguous,
V41_01E2510012,01E2510012,D,V41F600DF5DB0B,近畿,大阪府,医療法人Nクリニック　本町Nクリニック,大阪市西区西本町一丁目４番１号オリックス 本町ビル２階,第二種,脂肪由来間葉系間質細胞を用いた腱板、腱、靭帯、筋および周辺組織の治療,脂肪由来幹細胞,QC,1.0,https://saiseiiryo.mhlw.go.jp/published_plan/download/01E2510012/5/0,3300,不明,,,,0,10,"診察料(診察のみの場合) 3,300 円 血液検査(初診料込) 14,300円",price candidates remain ambiguous,
V41_01E2510012,01E2510012,D,V41F600DF5DB0B,近畿,大阪府,医療法人Nクリニック　本町Nクリニック,大阪市西区西本町一丁目４番１号オリックス 本町ビル２階,第二種,脂肪由来間葉系間質細胞を用いた腱板、腱、靭帯、筋および周辺組織の治療,脂肪由来幹細胞,QC,1.0,https://saiseiiryo.mhlw.go.jp/published_plan/download/01E2510012/5/0,110000,不明,,,,0,10,"1,650,000 円 細胞保管料(1年毎更新) 110,000 円 その他、治療についての注意事 項",price candidates remain ambiguous,
V41_02E2508013,02E2508013,C,V41F600DF5DB0B,近畿,大阪府,医療法人Nクリニック　本町Nクリニック,大阪市西区西本町一丁目４番１号オリックス本町ビル２階,第二種,脂肪幹細胞を用いた変形性関節症に対する再生医療,脂肪由来幹細胞,QC,1.0,https://saiseiiryo.mhlw.go.jp/published_plan/download/02E2508013/5/0,110000,不明,3回,,,6,12,"1,650,000 円 細胞保管料(1 年毎更新) 110,000 円 *患部の状態から、複数回(3回程度)の投与が望ましい場合があ ります。その場合は別途注意点、料金をご説明いたします。",price candidates remain ambiguous,
V41_02E2508013,02E2508013,C,V41F600DF5DB0B,近畿,大阪府,医療法人Nクリニック　本町Nクリニック,大阪市西区西本町一丁目４番１号オリックス本町ビル２階,第二種,脂肪幹細胞を用いた変形性関節症に対する再生医療,脂肪由来幹細胞,QC,1.0,https://saiseiiryo.mhlw.go.jp/published_plan/download/02E2508013/5/0,3300,税込,,,,4,11,"一般的な治療費用は下記のとおりです。(税込表記) 診察料(診察のみの場合) 3,300 円 血液検査(初診料込) 14,300円",price candidates remain ambiguous,
V41_02E2508013,02E2508013,C,V41F600DF5DB0B,近畿,大阪府,医療法人Nクリニック　本町Nクリニック,大阪市西区西本町一丁目４番１号オリックス本町ビル２階,第二種,脂肪幹細胞を用いた変形性関節症に対する再生医療,脂肪由来幹細胞,QC,1.0,https://saiseiiryo.mhlw.go.jp/published_plan/download/02E2508013/5/0,14300,不明,1部位,,,3,11,"3,300 円 血液検査(初診料込) 14,300円 関節内幹細胞投与(1部位、1回) 1,650,000 円",price candidates remain ambiguous,
V41_02E2508013,02E2508013,C,V41F600DF5DB0B,近畿,大阪府,医療法人Nクリニック　本町Nクリニック,大阪市西区西本町一丁目４番１号オリックス本町ビル２階,第二種,脂肪幹細胞を用いた変形性関節症に対する再生医療,脂肪由来幹細胞,QC,1.0,https://saiseiiryo.mhlw.go.jp/published_plan/download/02E2508013/5/0,1650000,不明,1部位,,,3,11,"14,300円 関節内幹細胞投与(1部位、1回) 1,650,000 円 骨髄内幹細胞投与(1部位、1回) 1,650,000 円",price candidates remain ambiguous,
V41_02E2508013,02E2508013,C,V41F600DF5DB0B,近畿,大阪府,医療法人Nクリニック　本町Nクリニック,大阪市西区西本町一丁目４番１号オリックス本町ビル２階,第二種,脂肪幹細胞を用いた変形性関節症に対する再生医療,脂肪由来幹細胞,QC,1.0,https://saiseiiryo.mhlw.go.jp/published_plan/download/02E2508013/5/0,2200000,不明,1部位,,,3,11,"1,650,000 円 関節内幹細胞投与+骨髄内幹細胞投与(1部位、1回) 2,200,000円 1x10^8細胞(1回分)を2分割し、関節内幹細胞投与+骨髄内幹細 胞投与した場合(1部位、1回)",price candidates remain ambiguous,
V41_02E2508013,02E2508013,C,V41F600DF5DB0B,近畿,大阪府,医療法人Nクリニック　本町Nクリニック,大阪市西区西本町一丁目４番１号オリックス本町ビル２階,第二種,脂肪幹細胞を用いた変形性関節症に対する再生医療,脂肪由来幹細胞,QC,1.0,https://saiseiiryo.mhlw.go.jp/published_plan/download/02E2508013/5/0,1650000,不明,,,,0,12,"1,650,000 円 細胞保管料(1 年毎更新) 110,000 円",price candidates remain ambiguous,
V41_02E2508014,02E2508014,A,V41F600DF5DB0B,近畿,大阪府,医療法人Nクリニック　本町Nクリニック,大阪市西区西本町一丁目４番１号オリックス本町ビル２階,第二種,変形性関節症に対する多血小板血漿を用いた再生医療,PRP,AUTO,1.0,https://saiseiiryo.mhlw.go.jp/published_plan/download/02E2508014/5/0,66000,不明,,APS|GPS,Zimmer Biomet,7,,"種類の方法から選択いたします。 名称 費用 長所 短所 1 APS法 385,000円 関節での使用経験が多い 製造時の感染が起こりにくい 高価 2 GPS法 165,000円 関節での使用経験が多い 製造時の感染が起こりにくい APSの前段階であり単独の効果に関するデータが少ない 3 PRP法 66,000円 他の保険収載治療で使用実績が豊富で安全性が高い 関節での使用経験が乏しい 治療の理論 以下の理論に則って、治療を行います。 血小板は傷の修復を担当する、血液成分の1つです。 血小板を濃縮し、それに含まれる傷を治す成分の活性を保ったまま 患部に投与すると、 組織の修復に必要な細胞などが患部に集ま り、炎症もおさまり痛みがやわらぎます。 集",,
V41_02E2508014,02E2508014,A,V41F600DF5DB0B,近畿,大阪府,医療法人Nクリニック　本町Nクリニック,大阪市西区西本町一丁目４番１号オリックス本町ビル２階,第二種,変形性関節症に対する多血小板血漿を用いた再生医療,PRP,AUTO,1.0,https://saiseiiryo.mhlw.go.jp/published_plan/download/02E2508014/5/0,165000,不明,,APS|GPS,Zimmer Biomet,7,,"ランスを改善して疼痛改善に効果をもたらします。 当院ではPRPの調整方法として、患者さんとご相談しながら、症状 や状況、投与部に合わせて3種類の方法から選択いたします。 名称 費用 長所 短所 1 APS法 385,000円 関節での使用経験が多い 製造時の感染が起こりにくい 高価 2 GPS法 165,000円 関節での使用経験が多い 製造時の感染が起こりにくい APSの前段階であり単独の効果に関するデータが少ない 3 PRP法 66,000円 他の保険収載治療で使用実績が豊富で安全性が高い 関節での使用経験が乏しい 治療の理論 以下の理論に則って、治療を行います。 血小板は傷の修復を担当する、血液成分の1つです。 血小板を濃縮し、それに含まれ",,
V41_02E2508014,02E2508014,A,V41F600DF5DB0B,近畿,大阪府,医療法人Nクリニック　本町Nクリニック,大阪市西区西本町一丁目４番１号オリックス本町ビル２階,第二種,変形性関節症に対する多血小板血漿を用いた再生医療,PRP,AUTO,1.0,https://saiseiiryo.mhlw.go.jp/published_plan/download/02E2508014/5/0,385000,不明,,APS|GPS,Zimmer Biomet,7,,"がたくさん含まれて おり、傷ついた組織を治す手助けをする成分と一緒に働き、傷んだ 関節内のバランスを改善して疼痛改善に効果をもたらします。 当院ではPRPの調整方法として、患者さんとご相談しながら、症状 や状況、投与部に合わせて3種類の方法から選択いたします。 名称 費用 長所 短所 1 APS法 385,000円 関節での使用経験が多い 製造時の感染が起こりにくい 高価 2 GPS法 165,000円 関節での使用経験が多い 製造時の感染が起こりにくい APSの前段階であり単独の効果に関するデータが少ない 3 PRP法 66,000円 他の保険収載治療で使用実績が豊富で安全性が高い 関節での使用経験が乏しい 治療の理論 以下の理論に則って、治療",,
V41_02E2508014,02E2508014,A,V41F600DF5DB0B,近畿,大阪府,医療法人Nクリニック　本町Nクリニック,大阪市西区西本町一丁目４番１号オリックス本町ビル２階,第二種,変形性関節症に対する多血小板血漿を用いた再生医療,PRP,AUTO,1.0,https://saiseiiryo.mhlw.go.jp/published_plan/download/02E2508014/5/0,200000,不明,,APS|GPS,Zimmer Biomet,-1,,りません。 また、治療を受けることに同意しても、加工を行う前であれば、同 意撤回書をスタッフまでご提出いただくことでいつでも治療を取り やめることができます。この場合も、一切不利益を受けません。 APSを注射する前であっても治療を中止することはできますが、こ の場合、実費のご負担(APS/GPS: 20万円、PRP: 2万5千円)が発 生いたします。製造開始前のキャンセルには費用はかかりません。 健康被害が発生した場合の処置と補償 健康被害が発生した場合には協議に応じ、必要な処置を行います。 また、当院では万が一に備え、再生医療をカバーする保険「大阪府 医師会 医師賠償責任保険」に加入しています。 何かございましたら、病院の相談窓口までご,,
V41_02E2508015,02E2508015,B,V41F600DF5DB0B,近畿,大阪府,医療法人Nクリニック　本町Nクリニック,大阪市西区西本町一丁目４番１号オリックス本町ビル２階,第三種,多血小板血漿を用いた腱板、筋、腱および周辺組織の治療,PRP,AUTO,1.0,https://saiseiiryo.mhlw.go.jp/published_plan/download/02E2508015/5/0,33000,不明,1回,,,14,8,"捨てであるため)として、治療費の60%をご負担いただきます。製 造開始前のキャンセルには費用はかかりません。 PRP療法 治療費1回 55,000円 (キャンセル料 33,000円) ※患者さんの症状により治療費が変わる場合は別途、ご説明いたし ます。",line-level strong price context,
V41_02E2508015,02E2508015,B,V41F600DF5DB0B,近畿,大阪府,医療法人Nクリニック　本町Nクリニック,大阪市西区西本町一丁目４番１号オリックス本町ビル２階,第三種,多血小板血漿を用いた腱板、筋、腱および周辺組織の治療,PRP,AUTO,1.0,https://saiseiiryo.mhlw.go.jp/published_plan/download/02E2508015/5/0,55000,不明,1回,,,14,8,"捨てであるため)として、治療費の60%をご負担いただきます。製 造開始前のキャンセルには費用はかかりません。 PRP療法 治療費1回 55,000円 (キャンセル料 33,000円) ※患者さんの症状により治療費が変わる場合は別途、ご説明いたし ます。",line-level strong price context,
V41_01E2604003,01E2604003,A,V41F2E57208032,近畿,大阪府,医療法人　Nクリニック,岸和田市別所町3-10-10,第二種,多血小板血漿を用いた難治性の骨髄異常陰影を有する変形性関節症の治療,PRP,QC,1.0,https://saiseiiryo.mhlw.go.jp/published_plan/download/01E2604003/5/0,3300,税別,,,,4,8,"一般的な治療費用は下記のとおりです。(税別表記) 診察料(診察のみの場合) 3,300 円 血液検査(初診料込) 14,300円",price candidates remain ambiguous,
V41_01E2604003,01E2604003,A,V41F2E57208032,近畿,大阪府,医療法人　Nクリニック,岸和田市別所町3-10-10,第二種,多血小板血漿を用いた難治性の骨髄異常陰影を有する変形性関節症の治療,PRP,QC,1.0,https://saiseiiryo.mhlw.go.jp/published_plan/download/01E2604003/5/0,750000,不明,,,,2,9,"PRP骨髄内注入治療 750,000 円 その他治療についての注意事 項",price candidates remain ambiguous,
V41_01E2604003,01E2604003,A,V41F2E57208032,近畿,大阪府,医療法人　Nクリニック,岸和田市別所町3-10-10,第二種,多血小板血漿を用いた難治性の骨髄異常陰影を有する変形性関節症の治療,PRP,QC,1.0,https://saiseiiryo.mhlw.go.jp/published_plan/download/01E2604003/5/0,14300,不明,,,,0,8,"3,300 円 血液検査(初診料込) 14,300円",price candidates remain ambiguous,
V41_01E2504019,01E2504019,D,V41F6BBE77C097,近畿,大阪府,医療法人　厚心会　まつかわ整形外科クリニック,堺市西区鳳南町3丁199-116,第三種,多血小板血漿を用いた整形外科領域（関節腔内への投与を除く）の治療,PRP,AUTO,1.0,https://saiseiiryo.mhlw.go.jp/published_plan/download/01E2504019/5/0,60500,不明,,ACP|MAGELLAN,Arthrex|MAGELLAN系,7,,"0 営業時間外の連絡先:留守番電話(翌日に対応) 14.費用について 細胞の提供に際して費用は発生しません。 治療の提供に際しては、本治療は公的保険の対象ではありませんので、当院所定の施術料とし て以下の金額をお支払いいただきます。 1ACP ダブルシリンジ シングル15mL 60,500円 2MAGELLANシステム シングル30mL 137,500円 ダブル60mL 269,500円 ※患者様の症状、その他の事情等により治療費が変動する場合があります。 なお、細胞の採取後や加工後に同意を撤回された場合など、同意を撤回される時点までに費用 が発生している場合は、発生した費用については患者様にご負担いただ",,
V41_01E2504019,01E2504019,D,V41F6BBE77C097,近畿,大阪府,医療法人　厚心会　まつかわ整形外科クリニック,堺市西区鳳南町3丁199-116,第三種,多血小板血漿を用いた整形外科領域（関節腔内への投与を除く）の治療,PRP,AUTO,1.0,https://saiseiiryo.mhlw.go.jp/published_plan/download/01E2504019/5/0,137500,不明,,ACP|MAGELLAN,Arthrex|MAGELLAN系,7,,"について 細胞の提供に際して費用は発生しません。 治療の提供に際しては、本治療は公的保険の対象ではありませんので、当院所定の施術料とし て以下の金額をお支払いいただきます。 1ACP ダブルシリンジ シングル15mL 60,500円 2MAGELLANシステム シングル30mL 137,500円 ダブル60mL 269,500円 ※患者様の症状、その他の事情等により治療費が変動する場合があります。 なお、細胞の採取後や加工後に同意を撤回された場合など、同意を撤回される時点までに費用 が発生している場合は、発生した費用については患者様にご負担いただきますのでご了承くださ い。 15.他の治療法の有無、本治療法と",,
V41_01E2504019,01E2504019,D,V41F6BBE77C097,近畿,大阪府,医療法人　厚心会　まつかわ整形外科クリニック,堺市西区鳳南町3丁199-116,第三種,多血小板血漿を用いた整形外科領域（関節腔内への投与を除く）の治療,PRP,AUTO,1.0,https://saiseiiryo.mhlw.go.jp/published_plan/download/01E2504019/5/0,269500,不明,,ACP|MAGELLAN,Arthrex|MAGELLAN系,7,,"生しません。 治療の提供に際しては、本治療は公的保険の対象ではありませんので、当院所定の施術料とし て以下の金額をお支払いいただきます。 1ACP ダブルシリンジ シングル15mL 60,500円 2MAGELLANシステム シングル30mL 137,500円 ダブル60mL 269,500円 ※患者様の症状、その他の事情等により治療費が変動する場合があります。 なお、細胞の採取後や加工後に同意を撤回された場合など、同意を撤回される時点までに費用 が発生している場合は、発生した費用については患者様にご負担いただきますのでご了承くださ い。 15.他の治療法の有無、本治療法との比較について 靭帯・腱及び腱付着部",,
V41_01E2411018,01E2411018,A,V41F1E4D61CE52,近畿,大阪府,医療法人　翔寿会　こんどう整形外科クリニック,大阪市住吉区我孫子東2-4-29,第三種,多血小板血漿を用いた整形外科領域（関節腔内への投与を除く）の治療,PRP,AUTO,1.0,https://saiseiiryo.mhlw.go.jp/published_plan/download/01E2411018/5/0,33000,税込,,,,8,3,"14.費用について 細胞の提供に際して費用は発生しません。 治療の提供に際しては、本治療は公的保険の対象ではありませんので、当院所定の施術料として33,000 円 (税込)をお支払いいただきます。 ※患者様の症状、その他の事情等により治療費が変動する場合があります。",line-level medium price context,
V41_01E2104018,01E2104018,A,V41F8B5B98228D,近畿,大阪府,医療法人一幸会 いっしん整形外科,大阪市平野区喜連東五丁目16番22号,第三種,自家多血小板血漿（Platelet-rich plasma：PRP）を用いた筋肉、腱、靭帯、筋膜の損傷及び慢性炎症の治療（関節外の軟部組織）,PRP,AUTO,1.0,https://saiseiiryo.mhlw.go.jp/published_plan/download/01E2104018/5/0,30900,税込,2 回分,,,9,,"用することはできません。 (2) 本治療にかかる費用は、以下のとおりです。なお、費用は、治療に伴う診査、 PRP 作製のための採血にかかる費用、PRP 作製費用、注入にかかる費用の 総額となります。左右両側に投与する場合は、2 回分です。 PRP 療法1回(1 部位) 30,900 円(税込) 11. 試料等の保存及び廃棄の方法 患者様から採取した血液と作製したPRP は、患者様ご自身の治療のみに 使用します。ただし、症例検討や学会発表を目的として、血液やPRP の測 定を行い、データを取得することがあります。 血液およびPRP は微量で全量を使用するため、保管はしません。治療に 用いない血液または",,
V41_02E2606005,02E2606005,B,V41FA42E40AECF,近畿,大阪府,医療法人亮星会　ほしやま整形外科医院,大阪市北区梅田１−８−１６ヒルトンプラザイースト５階,第三種,多血小板血漿を用いた整形外科領域（関節腔内への投与を除く）の治療,PRP,AUTO,1.0,https://saiseiiryo.mhlw.go.jp/published_plan/download/02E2606005/5/0,250000,税込,,,,8,3,"14.費用について 細胞の提供に際して費用は発生しません。 治療の提供に際しては、本治療は公的保険の対象ではありませんので、当院所定の施術料として250,000 円 (税込)をお支払いいただきます。 ※患者様の症状、その他の事情等により治療費が変動する場合があります。",line-level medium price context,
V41_01E2606017,01E2606017,C,V41FC8FBBE30B3,近畿,大阪府,医療法人信生会 Rクリニック,"大阪市中央区南船場4丁目5番8号　
ラスターオン心斎橋ビル4階",第二種,膝関節症に対する自己脂肪由来幹細胞による治療,脂肪由来幹細胞,QC,1.0,https://saiseiiryo.mhlw.go.jp/published_plan/download/01E2606017/5/0,,,,,,,,,no price found after rescue text/OCR pass,Rescue completed; OCR page timeouts=0
V41_01E2510034,01E2510034,D,V41FDE9D37C30E,近畿,大阪府,医療法人健爽会　ReO Clinic,大阪市中央区南船場2丁目5番17号,第二種,自己脂肪由来幹細胞を用いた変形性関節症の治療,脂肪由来幹細胞,AUTO,1.0,https://saiseiiryo.mhlw.go.jp/published_plan/download/01E2510034/5/0,4400000,税込,1回,,,13,5,"その他、本治療を受けるために必要となった旅費、交通費などの全 ての費用も同様です。 本治療にかかる費用は、1回分 4,400,000円(税込)です。 同意を撤回された場合など、同意を撤回される時点までに発生した 費用(診察料、検査費、脂肪採取費、輸送費、加工費等)について",line-level strong price context,
V41_02E2606021,02E2606021,A,V41FAB7C68B671,近畿,大阪府,"医療法人光明会
もりあきクリニック","箕面市船場西三丁目８番１１号
COMプラザ１Ｆ",第二種,自己脂肪由来幹細胞を用いた変形性関節症の治療,脂肪由来幹細胞,AUTO,1.0,https://saiseiiryo.mhlw.go.jp/published_plan/download/02E2606021/5/0,3355000,税込,1回,,,13,5,"その他、本治療を受けるために必要となった旅費、交通費などの全 ての費用も同様です。 本治療にかかる費用は、1回分 3,355,000円(税込)です。 同意を撤回された場合など、同意を撤回される時点までに発生した 費用(診察料、検査費、脂肪採取費、輸送費、加工費等)について",line-level strong price context,
V41_01E2307007,01E2307007,B,V41F9674F5DE4E,近畿,大阪府,医療法人光明会　もりあきクリニック,箕面市船場西3-8-11ＣＯＭプラザ１Ｆ,第三種,自己多血小板血漿（PRP)を用いた、筋・腱・靱帯の軟部組織再生療法,PRP,QC,1.0,https://saiseiiryo.mhlw.go.jp/published_plan/download/01E2307007/5/0,,,,,,,,,no price found after text/OCR pass,Document fetched but no price candidate
V41_03E2409028,03E2409028,C,V41F3EBE7BC623,近畿,大阪府,医療法人再生会  そばじまクリニック　ニューオータニ大阪院,大阪府大阪市中央区城見1-4-1  ホテルニューオータニ大阪　626・627号室,第二種,自己皮下脂肪組織由幹細胞（ADSCs）を用いた変形性関節症に対する細胞移植治療（ただし、脊柱は除く）,脂肪由来幹細胞,AUTO,1.0,https://saiseiiryo.mhlw.go.jp/published_plan/download/03E2409028/5/0,1320000,税込,,,,16,8,"【治療にかかる費用】 本治療は保険適用となっていないため、患者さまご本人の負担とな ります。治療費の総額は1,320,000円(税込)です。また、投与部 位や細胞の投与量による費用の変動はありません。詳細につきまし ては事前に医師、看護師から説明がございます。また、治療の途中",line-level strong price context,
V41_01E2304028,01E2304028,A,V41F5BBC99A172,近畿,大阪府,医療法人再生会　そばじまクリニック,"東大阪市荒本北2-2-6　クリニックコート東野1F,2F,3F",第二種,腱損傷に対する自家脂肪組織由来細胞群による疼痛緩和治療,その他MSK,AUTO,1.0,https://saiseiiryo.mhlw.go.jp/published_plan/download/01E2304028/5/0,600000,税別,,,,9,8,"【治療にかかる費用】 本治療は保険適用となっていないため、患者さまご本人の負担とな ります。治療費の総額は600,000円(税抜)です。詳細につきまし ては事前に医師、看護師から説明がございます。また、治療の途中 で同意を撤回される場合はその時点までの費用がかかります。",line-level strong price context,
V41_03E2103018,03E2103018,D,V41F5BBC99A172,近畿,大阪府,医療法人再生会　そばじまクリニック,"東大阪市荒本北2-2-6　クリニックコート東野1F,２F,３F",第二種,変形性関節症に対する自家脂肪組織由来細胞群による疼痛緩和治療（ただし、手指及び脊柱を除く）,その他MSK,AUTO,1.0,https://saiseiiryo.mhlw.go.jp/published_plan/download/03E2103018/5/0,600000,税別,,,,9,6,"【治療にかかる費用】 本治療は保険適用となっていないため、患者さまご本人の負担とな ります。治療費の総額は600,000円(税抜)です。詳細につきまし ては事前に医師、看護師から説明がございます。また、治療の途中 で同意を撤回される場合はその時点までの費用がかかります。",line-level strong price context,
V41_02E2508010,02E2508010,B,V41F521E1757E6,近畿,大阪府,医療法人医誠会　医誠会国際総合病院,大阪市北区南扇町4−14,第三種,自己多血小板血漿(Platelet-rich plasma：PRP)を用いた整形外科領域における軟部組織治療,PRP,AUTO,1.0,https://saiseiiryo.mhlw.go.jp/published_plan/download/02E2508010/5/0,150000,税別,,GPS|Zimmer,Zimmer Biomet,8,,"を特定で きる内容が使われることはありません。 治療にかかる費用につい て この治療は公的保険の対象ではありませんので、当院所定の施術料 をお支払いいただきます。 ・治療費: ZIMMER BIOMET製 GPS®IIIシステム使用 150,000円 (税抜) 症状などにより治療費は変動する可能性がございます。 詳細やご不明な点は医師またはスタッフにお尋ね下さい。 施術後、患者様の個人的な事情及び金銭等に関する問題に関しては 一切の責を負いかねますのでご了承ください。 本治療の実施体 制 本治療の実施体制は以下の通り",,
V41_01E2603014,01E2603014,C,V41FE797AD4EE5,近畿,大阪府,医療法人医進会　高石加茂病院,高石市西取石3丁目23番17号,第三種,自家多血小板血漿（Platelet-Rich Plasma：PRP）を用いた筋肉、腱、靭帯、筋膜の損傷及び慢性炎症の治療（関節外の軟部組織）,PRP,AUTO,1.0,https://saiseiiryo.mhlw.go.jp/published_plan/download/01E2603014/5/0,48000,税別,,ACP MAX|ACP,Arthrex,8,,"本治療にかかる費用は、以下のとおりです。なお、費用に含まれるのは、治療に 伴う診査、自家PRP 調製のための採血にかかる費用、自家PRP 調製費用、注入に かかる費用であり、以下が費用の総額となります。 治療の種類 平均的な血小板注入量 費用(税別) ACP-PRP 20 億個 48,000 円 HD-PRP(ACP MAX の場合) 90 億個 149,000 円 • 治療終了後も定期的な受診が必要です。 11.試料等の保存及び廃棄の方法 患者様から採取した血液と作製したPRP は、患者様ご自身の治療のみに使用しま す。ただし、症例検討や学会発表を目的として、血液やPRP の測定を行い、データ を取",,
V41_01E2603014,01E2603014,C,V41FE797AD4EE5,近畿,大阪府,医療法人医進会　高石加茂病院,高石市西取石3丁目23番17号,第三種,自家多血小板血漿（Platelet-Rich Plasma：PRP）を用いた筋肉、腱、靭帯、筋膜の損傷及び慢性炎症の治療（関節外の軟部組織）,PRP,AUTO,1.0,https://saiseiiryo.mhlw.go.jp/published_plan/download/01E2603014/5/0,149000,税別,,ACP MAX|ACP,Arthrex,8,,"伴う診査、自家PRP 調製のための採血にかかる費用、自家PRP 調製費用、注入に かかる費用であり、以下が費用の総額となります。 治療の種類 平均的な血小板注入量 費用(税別) ACP-PRP 20 億個 48,000 円 HD-PRP(ACP MAX の場合) 90 億個 149,000 円 • 治療終了後も定期的な受診が必要です。 11.試料等の保存及び廃棄の方法 患者様から採取した血液と作製したPRP は、患者様ご自身の治療のみに使用しま す。ただし、症例検討や学会発表を目的として、血液やPRP の測定を行い、データ を取得することがあります。 血液およびPRP は微量で全量を使用するため、保管はし",,
V41_03E2603012,03E2603012,D,V41FB040882EEB,近畿,大阪府,医療法人協和会　協和会病院,吹田市岸部北１丁目２４番１号,第二種,多血小板血漿抽出液による関節症治療,APS/PRP,AUTO,1.0,https://saiseiiryo.mhlw.go.jp/published_plan/download/03E2603012/5/0,200000,不明,,APS|GPS|Zimmer,Zimmer Biomet,7,,"(院長)へと報告して対応させていただきます。 窓口部署:医事課 連絡先:06-6339-3455 12.費用について この治療は公的保険の対象ではありませんので、当院所定の施術料をお支払いいただきます。 ・ZIMMER BIOMET 製 GPS®IIIシステム使用 200,000円 (APSキットを使用せず、作製したPRPをそのまま使用する場合) GPS®IIIシステム、APSキット使用 300,000円 (APSキットを使用してさらに抽出を行い純度を高めて使用する場合) ※患者様の症状により治療費が変動いたします。 施術後、患者様の個人的な事情及び金銭等に関する問題に",,
V41_03E2603012,03E2603012,D,V41FB040882EEB,近畿,大阪府,医療法人協和会　協和会病院,吹田市岸部北１丁目２４番１号,第二種,多血小板血漿抽出液による関節症治療,APS/PRP,AUTO,1.0,https://saiseiiryo.mhlw.go.jp/published_plan/download/03E2603012/5/0,300000,不明,,APS|GPS|Zimmer,Zimmer Biomet,7,,"んので、当院所定の施術料をお支払いいただきます。 ・ZIMMER BIOMET 製 GPS®IIIシステム使用 200,000円 (APSキットを使用せず、作製したPRPをそのまま使用する場合) GPS®IIIシステム、APSキット使用 300,000円 (APSキットを使用してさらに抽出を行い純度を高めて使用する場合) ※患者様の症状により治療費が変動いたします。 施術後、患者様の個人的な事情及び金銭等に関する問題に関しては一切の責を負いかねますのでご了 承ください。 なお、細胞の採取後や加工後に同意を撤回された場合など、同意を撤回される時点までに費用が発生し ている場合",,
V41_02E2205013,02E2205013,A,V41FA6462E3765,近畿,大阪府,医療法人啓信会　大阪整形外科病院,大阪市福島区大開四丁目３番６１号,第三種,多血小板血漿を用いた靭帯・腱及び腱付着部の機能障害・疾患の治療,PRP,AUTO,1.0,https://saiseiiryo.mhlw.go.jp/published_plan/download/02E2205013/5/0,100000,税別,,GPS|Zimmer,Zimmer Biomet,8,,"行う医師、管理者(院長)へと報告して対応させていただきます。 窓口部署:医事課 連絡先:06-6463-1111 12.費用について この治療は公的保険の対象ではありませんので、当院所定の施術料をお支払いいただきます。 ・ZIMMER BIOMET 製 GPS®IIIシステム使用 100,000円(税別) ※患者様の症状、その他の事情等により治療費が変動する場合があります。 なお、細胞の採取後や加工後に同意を撤回された場合など、同意を撤回される時点までに費用が発生し ている場合は、発生した費用については患者様にご負担いただきますのでご了承ください。 13.他の治療法の有無、本治療法との比較について 靭帯・腱及び腱付",,
V41_01E2310023,01E2310023,B,V41FD85B4A7203,近畿,大阪府,医療法人天野整形外科,大阪市東住吉区駒川４丁目１−５,第二種,変形性関節症に対する多血小板血漿（ＰＲＰ）関節内投与療法,PRP,AUTO,1.0,https://saiseiiryo.mhlw.go.jp/published_plan/download/01E2310023/5/0,49500,税込,,,,8,3,"14.費用について 細胞の提供に際して費用は発生しません。 治療の提供に際しては、本治療は公的保険の対象ではありませんので、当院所定の施術料として49,500円 (税込)をお支払いいただきます。 ※患者様の症状、その他の事情等により治療費が変動する場合があります。",line-level medium price context,
V41_01E2310024,01E2310024,C,V41FD85B4A7203,近畿,大阪府,医療法人天野整形外科,大阪市東住吉区駒川４丁目１−５,第三種,多血小板血漿を用いた整形外科領域（関節腔内への投与を除く）の治療,PRP,AUTO,1.0,https://saiseiiryo.mhlw.go.jp/published_plan/download/01E2310024/5/0,49500,税込,,,,8,3,"14.費用について 細胞の提供に際して費用は発生しません。 治療の提供に際しては、本治療は公的保険の対象ではありませんので、当院所定の施術料として49,500円 (税込)をお支払いいただきます。 ※患者様の症状、その他の事情等により治療費が変動する場合があります。",line-level medium price context,
V41_01E2302002,01E2302002,D,V41FAA880E4BDF,近畿,大阪府,医療法人恒晴会　心斎橋ペインクリニック,大阪市中央区西心斎橋一丁目４番５号御堂筋ビル8階,第三種,筋・腱・靭帯の損傷および慢性炎症に対する自家多血小板血漿注入療法,PRP,QC,1.0,https://saiseiiryo.mhlw.go.jp/published_plan/download/01E2302002/5/0,,,,,,,,,no price found after text/OCR pass,RuntimeError: Tesseract process timeout
V41_03E2404012,03E2404012,A,V41F69CBA38A11,近畿,大阪府,医療法人想千あわ整形外科クリニック,大阪市西区新町4-6-23　OASISクリニックモール2F,第二種,自家多血小板血漿（Platelet-rich plasma：PRP）を用いた慢性関節炎の治療（関節内組織）,PRP,AUTO,1.0,https://saiseiiryo.mhlw.go.jp/published_plan/download/03E2404012/5/0,49000,税込,2 回分,,,9,,"とはできませ ん。 6 (2) 本治療にかかる費用は、以下のとおりです。なお、費用は、治療に伴う診 査、PRP 調製のための採血にかかる費用、PRP 調製費用、注入にかかる費 用の総額となります。左右両側に投与する場合は2 回分です。 PRP 1 回分(1 部位) 49,000 円(税込) PRP 2 回分(2 部位同時) 90,000 円(税込) 11. 試料等の保存及び廃棄の方法 患者様から採取した血液と作製したPRP は、患者様ご自身の治療のみ に使用します。ただし、症例検討や学会発表を目的として、血液やPRP の測定を行い、データを取得することがあります。 血液およびPRP",,
V41_03E2404012,03E2404012,A,V41F69CBA38A11,近畿,大阪府,医療法人想千あわ整形外科クリニック,大阪市西区新町4-6-23　OASISクリニックモール2F,第二種,自家多血小板血漿（Platelet-rich plasma：PRP）を用いた慢性関節炎の治療（関節内組織）,PRP,AUTO,1.0,https://saiseiiryo.mhlw.go.jp/published_plan/download/03E2404012/5/0,90000,税込,2 回分,,,9,,"です。なお、費用は、治療に伴う診 査、PRP 調製のための採血にかかる費用、PRP 調製費用、注入にかかる費 用の総額となります。左右両側に投与する場合は2 回分です。 PRP 1 回分(1 部位) 49,000 円(税込) PRP 2 回分(2 部位同時) 90,000 円(税込) 11. 試料等の保存及び廃棄の方法 患者様から採取した血液と作製したPRP は、患者様ご自身の治療のみ に使用します。ただし、症例検討や学会発表を目的として、血液やPRP の測定を行い、データを取得することがあります。 血液およびPRP は微量で全量を使用するため、保管はしません。治療 に用いない血液またはPRP",,
V41_01E2302007,01E2302007,B,V41F851716945F,近畿,大阪府,医療法人新和会　朝田整形外科,河内長野市西之山町10-29,第二種,変形性関節症に対する多血小板血漿を用いた再生医療,PRP,AUTO,1.0,https://saiseiiryo.mhlw.go.jp/published_plan/download/01E2302007/5/0,49000,不明,,APS|GPS,Zimmer Biomet,7,,"種類の方法から選択いたします。 名称 費用 長所 短所 1 APS法 300,000円 関節での使用経験が多い 製造時の感染が起こりにくい 高価 2 GPS法 300,000円 関節での使用経験が多い 製造時の感染が起こりにくい APSの前段階であり単独の効果に関するデータが少ない 3 PRP法 49,000円 他の保険収載治療で使用実績が豊富で安全性が高い 関節での使用経験が乏しい 治療の理論 以下の理論に則って、治療を行います。 血小板は傷の修復を担当する、血液成分の1つです。 血小板を濃縮し、それに含まれる傷を治す成分の活性を保ったまま 患部に投与すると、 組織の修復に必要な細胞などが患部に集ま り、炎症もおさまり痛みがやわらぎます。 集",,
V41_01E2302007,01E2302007,B,V41F851716945F,近畿,大阪府,医療法人新和会　朝田整形外科,河内長野市西之山町10-29,第二種,変形性関節症に対する多血小板血漿を用いた再生医療,PRP,AUTO,1.0,https://saiseiiryo.mhlw.go.jp/published_plan/download/01E2302007/5/0,300000,不明,,APS|GPS,Zimmer Biomet,7,,"」がたくさん含まれて おり、傷ついた組織を治す手助けをする成分と一緒に働き、傷んだ 関節内のバランスを改善して疼痛改善に効果をもたらします。 当院ではPRPの調整方法として、患者様とご相談しながら、症状や 状況、投与部に合わせて3種類の方法から選択いたします。 名称 費用 長所 短所 1 APS法 300,000円 関節での使用経験が多い 製造時の感染が起こりにくい 高価 2 GPS法 300,000円 関節での使用経験が多い 製造時の感染が起こりにくい APSの前段階であり単独の効果に関するデータが少ない 3 PRP法 49,000円 他の保険収載治療で使用実績が豊富で安全性が高い 関節での使用経験が乏しい 治療の理論 以下の理論に則って、治療",,
V41_01E2302007,01E2302007,B,V41F851716945F,近畿,大阪府,医療法人新和会　朝田整形外科,河内長野市西之山町10-29,第二種,変形性関節症に対する多血小板血漿を用いた再生医療,PRP,AUTO,1.0,https://saiseiiryo.mhlw.go.jp/published_plan/download/01E2302007/5/0,200000,不明,,APS|GPS,Zimmer Biomet,-1,,た後に同意されない場合でも、一切不利益を受 けません。また同様に、治療を受けることに同意しても、加工を行 う前であればいつでも治療を取りやめることができます。この場 合、一切不利益を受けません。 APSを注射する前であっても治療を中止することはできますが、こ の場合、実費のご負担(APS/GPS: 20万円、PRP: 2万5千円)が発 生いたします。製造開始前のキャンセルには費用はかかりません。 健康被害が発生した場合の処置と補償 健康被害が発生した場合には協議に応じ、必要な処置を行います。 また、当院では万が一に備え、再生医療をカバーする保険「大阪府 医師会 医師賠償責任保険」に加入しています。 何かございましたら、病院の相談窓口までご連,,
V41_02E2510002,02E2510002,C,V41FE9E1441A34,近畿,大阪府,医療法人春秋会　城山病院,羽曳野市はびきの２丁目８番１号,第二種,変形性関節症に対する多血小板血漿（ＰＲＰ）関節内投与療法,PRP,AUTO,1.0,https://saiseiiryo.mhlw.go.jp/published_plan/download/02E2510002/5/0,200000,税込,,APS,Zimmer Biomet,8,,"いただきます。 窓口部署:整形外科 連絡先:072-958-1000 14.費用について 細胞の提供に際して費用は発生しません。 治療の提供に際しては、本治療は公的保険の対象ではありませんので、当院所定の施術料として以下の金 額をお支払いいただきます。 ・PRP を用いる場合:200,000円(税込) ・APS を用いる場合:400,000円(税込) ※患者様の症状、その他の事情等により治療費が変動する場合があります。 なお、細胞の採取後や加工後に同意を撤回された場合など、同意を撤回される時点までに費用が発生してい る場合は、発生した費用については患者様にご負担いただきますのでご了承ください。 15.他の治療",,
V41_02E2510002,02E2510002,C,V41FE9E1441A34,近畿,大阪府,医療法人春秋会　城山病院,羽曳野市はびきの２丁目８番１号,第二種,変形性関節症に対する多血小板血漿（ＰＲＰ）関節内投与療法,PRP,AUTO,1.0,https://saiseiiryo.mhlw.go.jp/published_plan/download/02E2510002/5/0,400000,税込,,APS,Zimmer Biomet,8,,"2-958-1000 14.費用について 細胞の提供に際して費用は発生しません。 治療の提供に際しては、本治療は公的保険の対象ではありませんので、当院所定の施術料として以下の金 額をお支払いいただきます。 ・PRP を用いる場合:200,000円(税込) ・APS を用いる場合:400,000円(税込) ※患者様の症状、その他の事情等により治療費が変動する場合があります。 なお、細胞の採取後や加工後に同意を撤回された場合など、同意を撤回される時点までに費用が発生してい る場合は、発生した費用については患者様にご負担いただきますのでご了承ください。 15.他の治療法の有無、本治療法との比較について 変形性関節症を",,
V41_01E1904021,01E1904021,D,V41F0FCF9FADBD,近畿,大阪府,医療法人朝雲会　あさぐも整形外科クリニック,和泉市いぶき野５―１―２　 ｐｉｖｏ和泉中央２Ｆ,第二種,多血小板血漿抽出液による関節症治療,APS/PRP,AUTO,1.0,https://saiseiiryo.mhlw.go.jp/published_plan/download/01E1904021/5/0,150000,不明,,APS|GPS|Zimmer,Zimmer Biomet,7,,"者(院長)へと報告して対応させていただきます。 窓口部署:事務 連絡先:0725‐58‐7742 12.費用について この治療は公的保険の対象ではありませんので、当院所定の施術料をお支払いいただきます。 ・ZIMMER BIOMET 製 GPS®IIIシステム使用 150,000円 (APSキットを使用せず、作製したPRPをそのまま使用する場合) GPS®IIIシステム、APSキット使用 350,000円 (APSキットを使用してさらに抽出を行い純度を高めて使用する場合) ※患者様の症状により治療費が変動いたします。 施術後、患者様の個人的な事情及び金銭等に関する問題に",,
V41_01E1904021,01E1904021,D,V41F0FCF9FADBD,近畿,大阪府,医療法人朝雲会　あさぐも整形外科クリニック,和泉市いぶき野５―１―２　 ｐｉｖｏ和泉中央２Ｆ,第二種,多血小板血漿抽出液による関節症治療,APS/PRP,AUTO,1.0,https://saiseiiryo.mhlw.go.jp/published_plan/download/01E1904021/5/0,350000,不明,,APS|GPS|Zimmer,Zimmer Biomet,7,,"んので、当院所定の施術料をお支払いいただきます。 ・ZIMMER BIOMET 製 GPS®IIIシステム使用 150,000円 (APSキットを使用せず、作製したPRPをそのまま使用する場合) GPS®IIIシステム、APSキット使用 350,000円 (APSキットを使用してさらに抽出を行い純度を高めて使用する場合) ※患者様の症状により治療費が変動いたします。 施術後、患者様の個人的な事情及び金銭等に関する問題に関しては一切の責を負いかねますのでご了 承ください。 なお、細胞の採取後や加工後に同意を撤回された場合など、同意を撤回される時点までに費用が発生し ている場合",,
V41_01E2308018,01E2308018,A,V41FA1F4E6B6FE,近畿,大阪府,医療法人村上整形外科,大阪市旭区大宮３丁目１１−６,第二種,変形性関節症に対する多血小板血漿（ＰＲＰ）関節内投与療法,PRP,AUTO,1.0,https://saiseiiryo.mhlw.go.jp/published_plan/download/01E2308018/5/0,55000,税込,,,,8,3,"14.費用について 細胞の提供に際して費用は発生しません。 治療の提供に際しては、本治療は公的保険の対象ではありませんので、当院所定の施術料として55,000円 (税込)をお支払いいただきます。 ※患者様の症状、その他の事情等により治療費が変動する場合があります。",line-level medium price context,
V41_01E2308019,01E2308019,B,V41FA1F4E6B6FE,近畿,大阪府,医療法人村上整形外科,大阪市旭区大宮３丁目１１−６,第三種,多血小板血漿を用いた整形外科領域（関節腔内への投与を除く）の治療,PRP,AUTO,1.0,https://saiseiiryo.mhlw.go.jp/published_plan/download/01E2308019/5/0,33000,税込,,,,8,3,"14.費用について 細胞の提供に際して費用は発生しません。 治療の提供に際しては、本治療は公的保険の対象ではありませんので、当院所定の施術料として33,000円 (税込)をお支払いいただきます。 ※患者様の症状、その他の事情等により治療費が変動する場合があります。",line-level medium price context,
V41_01E2408018,01E2408018,D,V41FB7C1354CB5,近畿,大阪府,医療法人桂礼会 小阪医院,東大阪市小阪本町一丁目9番13号,第三種,自家多血小板血漿(Platelet-rich plasma：PRP)を用いた筋肉、腱、靭帯、筋膜の損傷及び慢性炎症の治療（関節腔外に限る）,PRP,AUTO,1.0,https://saiseiiryo.mhlw.go.jp/published_plan/download/01E2408018/5/0,36000,税別,,,,8,,"(1) 本治療は、すべて自費診療であり、健康保険を使用することはできません。 (2) 本治療にかかる費用は、以下のとおりです。なお、費用は、治療に伴う診査、自家PRP 調製のための採血にかかる費用、自家PRP 調製費用、注入にかかる費用の総額となりま す。 PRP3 種(腰、関節など):税別36,000 円 11. 試料等の保存及び廃棄の方法 患者様から採取した血液と作製したPRP は、患者様ご自身の治療のみに使用します。た だし、症例検討や学会発表を目的として、血液やPRP の測定を行い、データを取得するこ とがあります。 血液およびPRP は微量で全量を使用するため、保管はしません。治療に用いない血液ま たはPRP が生",,
V41_01E2408019,01E2408019,C,V41FB7C1354CB5,近畿,大阪府,医療法人桂礼会 小阪医院,東大阪市小阪本町一丁目9番13号,第二種,自家多血小板血漿（Platelet-rich plasma：PRP）を用いた慢性関節炎の治療（関節内組織）,PRP,AUTO,1.0,https://saiseiiryo.mhlw.go.jp/published_plan/download/01E2408019/5/0,36000,税別,2 回分,,,9,,"診療であり、健康保険を使用することはできません。 (2) 本治療にかかる費用は、以下のとおりです。なお、費用は、治療に伴う診査、PRP 調製 のための採血にかかる費用、PRP 調製費用、注入にかかる費用の総額となります。左右 両側に投与する場合は、2 回分です。 PRP2 種(片ひざ):税別36,000 円 PRP2 種(両ひざ):税別72,000 円 11. 試料等の保存及び廃棄の方法 患者様から採取した血液と作製したPRP は、患者様ご自身の治療のみに使用します。た だし、症例検討や学会発表を目的として、血液やPRP の測定を行い、データを取得するこ とがあります。 血液およびPRP は微量で全量を使用するため、保管は",,
V41_01E2408019,01E2408019,C,V41FB7C1354CB5,近畿,大阪府,医療法人桂礼会 小阪医院,東大阪市小阪本町一丁目9番13号,第二種,自家多血小板血漿（Platelet-rich plasma：PRP）を用いた慢性関節炎の治療（関節内組織）,PRP,AUTO,1.0,https://saiseiiryo.mhlw.go.jp/published_plan/download/01E2408019/5/0,72000,税別,2 回分,,,9,,"(2) 本治療にかかる費用は、以下のとおりです。なお、費用は、治療に伴う診査、PRP 調製 のための採血にかかる費用、PRP 調製費用、注入にかかる費用の総額となります。左右 両側に投与する場合は、2 回分です。 PRP2 種(片ひざ):税別36,000 円 PRP2 種(両ひざ):税別72,000 円 11. 試料等の保存及び廃棄の方法 患者様から採取した血液と作製したPRP は、患者様ご自身の治療のみに使用します。た だし、症例検討や学会発表を目的として、血液やPRP の測定を行い、データを取得するこ とがあります。 血液およびPRP は微量で全量を使用するため、保管はしません。治療に用いない血液ま たはPRP が生",,
V41_02E2407022,02E2407022,B,V41F231E83A18F,近畿,大阪府,医療法人桜希会 東朋八尾健診クリニック,"八尾市光町1丁目26番地
メルベーユ光町101",第二種,自己脂肪由来幹細胞を用いた変形性関節症の治療,脂肪由来幹細胞,AUTO,1.0,https://saiseiiryo.mhlw.go.jp/published_plan/download/02E2407022/5/0,3960000,税込,両側,,,8,7,4 バイアル×2 箇所(両側) 約2 億個×2 箇所 396 万円 (税込) 幹細胞ストック保管料 (最長3 年間) 無料 (初回治療費用に込),line-level medium price context,
V41_02E2407022,02E2407022,B,V41F231E83A18F,近畿,大阪府,医療法人桜希会 東朋八尾健診クリニック,"八尾市光町1丁目26番地
メルベーユ光町101",第二種,自己脂肪由来幹細胞を用いた変形性関節症の治療,脂肪由来幹細胞,AUTO,1.0,https://saiseiiryo.mhlw.go.jp/published_plan/download/02E2407022/5/0,2640000,税込,,,,7,7,4 バイアル 約2 億個 264 万円 (税込) 幹細胞ストック保管料 (最長3 年間) 無料 (初回治療費用に込),line-level medium price context,
V41_03E2405011,03E2405011,A,V41F231E83A18F,近畿,大阪府,医療法人桜希会 東朋八尾健診クリニック,八尾市光町1丁目26番地 メルベーユ光町 101,第二種,変形性膝関節症に対する多血小板血漿関節内注射治療,PRP,QC,1.0,https://saiseiiryo.mhlw.go.jp/published_plan/download/03E2405011/5/0,8800,税込,1 回,,,4,4,"かかります(税込)。 初診料 8,800 円 治療費用 1 回 片膝注射 110,000 円",price candidates remain ambiguous,
V41_03E2405011,03E2405011,A,V41F231E83A18F,近畿,大阪府,医療法人桜希会 東朋八尾健診クリニック,八尾市光町1丁目26番地 メルベーユ光町 101,第二種,変形性膝関節症に対する多血小板血漿関節内注射治療,PRP,QC,1.0,https://saiseiiryo.mhlw.go.jp/published_plan/download/03E2405011/5/0,110000,不明,1 回,,,3,4,"8,800 円 治療費用 1 回 片膝注射 110,000 円 両膝ハーフ 165,000 円",price candidates remain ambiguous,
V41_03E2405011,03E2405011,A,V41F231E83A18F,近畿,大阪府,医療法人桜希会 東朋八尾健診クリニック,八尾市光町1丁目26番地 メルベーユ光町 101,第二種,変形性膝関節症に対する多血小板血漿関節内注射治療,PRP,QC,1.0,https://saiseiiryo.mhlw.go.jp/published_plan/download/03E2405011/5/0,220000,不明,,,,3,4,"165,000 円 両膝注射 220,000 円 15)いつでも相談できること 治療の内容、スケジュール、費用等につきましては、いつでもご相談頂くこ",price candidates remain ambiguous,
V41_03E2405011,03E2405011,A,V41F231E83A18F,近畿,大阪府,医療法人桜希会 東朋八尾健診クリニック,八尾市光町1丁目26番地 メルベーユ光町 101,第二種,変形性膝関節症に対する多血小板血漿関節内注射治療,PRP,QC,1.0,https://saiseiiryo.mhlw.go.jp/published_plan/download/03E2405011/5/0,165000,不明,,,,0,4,"110,000 円 両膝ハーフ 165,000 円 両膝注射 220,000 円",price candidates remain ambiguous,
V41_02E2508006,02E2508006,C,V41FB1DEB138E5,近畿,大阪府,医療法人梅花林　HORIE R.Pクリニック,大阪市西区北堀江１丁目３−１３ STAR HILLS,第二種,自己脂肪由来幹細胞を用いた変形性関節症の治療,脂肪由来幹細胞,AUTO,1.0,https://saiseiiryo.mhlw.go.jp/published_plan/download/02E2508006/5/0,1320000,税込,1回(1部位),,,13,5,"その他、本治療を受けるために必要となった旅費、交通費などの全 ての費用も同様です。 本治療にかかる費用は、1回(1部位) 1,320,000円(税込)です。 同意を撤回された場合など、同意を撤回される時点までに発生した 費用(診察料、検査費、脂肪採取費、輸送費、加工費等)について",line-level strong price context,
V41_01E2603003,01E2603003,D,V41FBBD6F8D2E6,近畿,大阪府,"医療法人槻陽会
高槻整形外科・再生医療クリニック",⾼槻市城北町2丁⽬2-3 リュドール⾼槻4階,第二種,自己脂肪由来幹細胞を用いた関節疾患の治療,脂肪由来幹細胞,QC,1.0,https://saiseiiryo.mhlw.go.jp/published_plan/download/01E2603003/5/0,,,,,,,,,no price found after rescue text/OCR pass,Rescue completed; OCR page timeouts=0
V41_01E2604023,01E2604023,A,V41F076337D390,近畿,大阪府,医療法人槻陽会　高槻整形外科・再生医療クリニック,⾼槻市城北町2-2-3 リュドール⾼槻４階,第三種,自己多血小板血漿（PRP）を用いた筋肉、腱、靭帯、筋膜など関節外の軟部組織治療,PRP,AUTO,1.0,https://saiseiiryo.mhlw.go.jp/published_plan/download/01E2604023/5/0,100000,税別,1部位,APS|GPS,Zimmer Biomet,9,,"かかる費用について この治療は公的保険の対象ではありませんので、当施設にて施術料をお支払いいただきます。 ・PRP 療法 (税別) 使用キット 治療費用 GPSIIIシステム 1部位 100,000 円 2部位 150,000 円 APS キット 1部位 350,000 円 ※患者さまの症状により施術料が変わる場合は別途、ご説明いたします。 その他治療についての注意事項 患者さまの体調が良くない場合や、採取した血液の状態によっては、PRP を分離できないこ と",,
V41_01E2604023,01E2604023,A,V41F076337D390,近畿,大阪府,医療法人槻陽会　高槻整形外科・再生医療クリニック,⾼槻市城北町2-2-3 リュドール⾼槻４階,第三種,自己多血小板血漿（PRP）を用いた筋肉、腱、靭帯、筋膜など関節外の軟部組織治療,PRP,AUTO,1.0,https://saiseiiryo.mhlw.go.jp/published_plan/download/01E2604023/5/0,150000,税別,1部位,APS|GPS,Zimmer Biomet,9,,"療は公的保険の対象ではありませんので、当施設にて施術料をお支払いいただきます。 ・PRP 療法 (税別) 使用キット 治療費用 GPSIIIシステム 1部位 100,000 円 2部位 150,000 円 APS キット 1部位 350,000 円 ※患者さまの症状により施術料が変わる場合は別途、ご説明いたします。 その他治療についての注意事項 患者さまの体調が良くない場合や、採取した血液の状態によっては、PRP を分離できないこ とがあります。 その際には、再度",,
V41_01E2604023,01E2604023,A,V41F076337D390,近畿,大阪府,医療法人槻陽会　高槻整形外科・再生医療クリニック,⾼槻市城北町2-2-3 リュドール⾼槻４階,第三種,自己多血小板血漿（PRP）を用いた筋肉、腱、靭帯、筋膜など関節外の軟部組織治療,PRP,AUTO,1.0,https://saiseiiryo.mhlw.go.jp/published_plan/download/01E2604023/5/0,350000,税別,1部位,APS|GPS,Zimmer Biomet,9,,"術料をお支払いいただきます。 ・PRP 療法 (税別) 使用キット 治療費用 GPSIIIシステム 1部位 100,000 円 2部位 150,000 円 APS キット 1部位 350,000 円 ※患者さまの症状により施術料が変わる場合は別途、ご説明いたします。 その他治療についての注意事項 患者さまの体調が良くない場合や、採取した血液の状態によっては、PRP を分離できないこ とがあります。 その際には、再度採血をさせていただく場合があります。 また、本治",,
V41_01E2501002,01E2501002,B,V41F63036D55E0,近畿,大阪府,医療法人永仁会　千里ペインクリニック,豊中市少路1丁目7番18号 アマニカス1階,第二種,慢性疼痛症に対する自己脂肪由来幹細胞の関節腔内投与による治療,脂肪由来幹細胞,AUTO,1.0,https://saiseiiryo.mhlw.go.jp/published_plan/download/01E2501002/5/0,1210000,税込,3回,,,7,,"保険適用外であるため、必要な旅費や交通費など全ての費 用を含めて治療にかかる費用全額が患者自己負担になります。本治 療では、1ヶ月間隔で3回の治療が基本ですが、治療経過により1-2 回で治療が終了する場合があります。 1回にかかる費用は初回2,095,500円(税込) 2回目以降3回目まで1回につき1,210,000円(税込)となってい ます。 なお、脂肪採取後や細胞加工物の製造後に同意を撤回された場合な ど、同意撤回までに費用(治療費等)が発生している場合、その時 までに発生した費用については患者様にご負担いただきます。 他の治療法の有無、本治療法との比較について 他の治療法として、薬物療法(飲み薬、湿布、トリガーポイント注 射、鎮痛薬点滴など)、イ",,
V41_01E2501002,01E2501002,B,V41F63036D55E0,近畿,大阪府,医療法人永仁会　千里ペインクリニック,豊中市少路1丁目7番18号 アマニカス1階,第二種,慢性疼痛症に対する自己脂肪由来幹細胞の関節腔内投与による治療,脂肪由来幹細胞,AUTO,1.0,https://saiseiiryo.mhlw.go.jp/published_plan/download/01E2501002/5/0,2095500,税込,3回,,,7,,"-6249-4096‬(24時間)‬ 費用について 本治療は保険適用外であるため、必要な旅費や交通費など全ての費 用を含めて治療にかかる費用全額が患者自己負担になります。本治 療では、1ヶ月間隔で3回の治療が基本ですが、治療経過により1-2 回で治療が終了する場合があります。 1回にかかる費用は初回2,095,500円(税込) 2回目以降3回目まで1回につき1,210,000円(税込)となってい ます。 なお、脂肪採取後や細胞加工物の製造後に同意を撤回された場合な ど、同意撤回までに費用(治療費等)が発生している場合、その時 までに発生した費用については患者様にご負担いただきます。 他の治療法の有無、本治療法との比較について 他の治療法として、薬物療法",,
V41_01E2412014,01E2412014,C,V41F7E86F4739A,近畿,大阪府,医療法人生樹会　渡辺病院,大阪市西成区天下茶屋１丁目１５−１,第二種,変形性関節症を対象とした多血小板血漿Platelet Rich Plasma（PRP）注入療法,PRP,AUTO,1.0,https://saiseiiryo.mhlw.go.jp/published_plan/download/01E2412014/5/0,66000,税込,1 回,,,7,6,"療に必要な検査などの費用は全額自己負担となります。 血液分離専用容器キットによるPRP 施術料 1 回:66,000 円(税込)",line-level medium price context,
V41_01E2312020,01E2312020,A,V41F0117C8AD61,近畿,大阪府,医療法人社団　彦星会　大阪中之島整形外科,大阪市北区中之島四丁目3番51号　NakanoshimaQross４階,第二種,自己脂肪由来幹細胞を用いた変形性関節症の治療,脂肪由来幹細胞,QC,1.0,https://saiseiiryo.mhlw.go.jp/published_plan/download/01E2312020/5/0,50000,不明,,,,7,5,"2 部位 [ 1,200,000 ]円 *細胞保管費用:2年目より50,000円/年。",price candidates remain ambiguous,
V41_01E2408024,01E2408024,D,V41F0117C8AD61,近畿,大阪府,医療法人社団　彦星会　大阪中之島整形外科,大阪市北区中之島四丁目3番51号　NakanoshimaQross４階,第二種,自家培養軟骨細胞（ACC）を用いた移植による低侵襲膝関節軟骨再生治療,その他MSK,QC,1.0,https://saiseiiryo.mhlw.go.jp/published_plan/download/01E2408024/5/0,3000000,不明,,,,3,23,たりの価格 再移植 300万円 使用した細胞数にかかわらず、片膝あ たりの価格,price candidates remain ambiguous,
V41_01E2408024,01E2408024,D,V41F0117C8AD61,近畿,大阪府,医療法人社団　彦星会　大阪中之島整形外科,大阪市北区中之島四丁目3番51号　NakanoshimaQross４階,第二種,自家培養軟骨細胞（ACC）を用いた移植による低侵襲膝関節軟骨再生治療,その他MSK,QC,1.0,https://saiseiiryo.mhlw.go.jp/published_plan/download/01E2408024/5/0,3500000,不明,,,,3,23,軟骨組織採取お よび移植 350万円 使用した細胞数にかかわらず、片膝あ たりの価格,price candidates remain ambiguous,
V41_01E2411001,01E2411001,B,V41F0117C8AD61,近畿,大阪府,医療法人社団彦星会　大阪中之島整形外科,大阪市北区中之島四丁目３番51号　Nakanoshima Qross４階,第三種,多血小板血漿を用いた整形外科領域（関節腔内への投与を除く）の治療,PRP,QC,1.0,https://saiseiiryo.mhlw.go.jp/published_plan/download/01E2411001/5/0,33000,税込,,,,5,3,"細胞の提供に際して費用は発生しません。 治療の提供に際しては、本治療は公的保険の対象ではありませんので、当院所定の施術料とし て33,000円(税込)をお支払いいただきます。 ※患者様の症状、その他の事情等により治療費が変動する場合があります。 なお、細胞の採取後や加工後に同意を撤回された場合など、同意を撤回される時点までに費用",price candidates remain ambiguous,
V41_03E2005002,03E2005002,D,V41F891D68EC8D,近畿,大阪府,医療法人社団彦星会　岩橋クリニック,吹田市山手町2丁目6-6,第二種,多血小板血漿（PRP）の投与による変形性関節症治療,PRP,AUTO,1.0,https://saiseiiryo.mhlw.go.jp/published_plan/download/03E2005002/5/0,300000,税別,1回,,,9,,"患者様個人を特定で きる内容が使われることはありません。 診療記録の保管について 本治療の診療記録は、法律の定めに従い最終診療日より原則10年間 保管いたします。 治療にかかる費用について この治療は公的保険の対象ではありませんので、当院の所定の施術 料をお支払いいただきます。 ・関節内投与1回 300,000円(税抜) その他 治療に適した量のみのPRPを製造するため、採血した血液や製造し たPRPが投与後に僅かに残っても、規定に沿って廃棄し保管はいた しません。 当院では、治療を受けられたすべての患者さまに、術前術後の診察 時に施術部位の撮影を行っております。ご協力を宜しくお願いいた します。 患者さまから取得した試料等(患者さまご自身から",,
V41_03E2005003,03E2005003,C,V41F891D68EC8D,近畿,大阪府,医療法人社団彦星会　岩橋クリニック,吹田市山手町２丁目6-6,第三種,多血小板血漿(PRP)の投与によるスポーツ外傷を含む筋、腱、靱帯損傷治療,PRP,AUTO,1.0,https://saiseiiryo.mhlw.go.jp/published_plan/download/03E2005003/5/0,90000,不明,,GPS|Zimmer,Zimmer Biomet,7,,"ありません。 診療記録の保管について 本治療の診療記録は、法律の定めに従い最終診療日より原則10年間 保管いたします。 治療にかかる費用について この治療は公的保険の対象ではありませんので、当院の所定の施術 料をお支払いいただきます。 ・ZIMMER BIOMET製 GPS®IIIシステム使用 90,000円(税 抜) その他 治療に適した量のみのPRPを製造するため、採血した血液や製造し たPRPが投与後に僅かに残っても、規定に沿って廃棄し保管はいた しません。 当院では、治療を受けられたすべての患者さまに、術前術後の診察 時に施術部位の撮影を行っております。ご協力を宜しくお願いいた します。 患者さまから取得した試料等(患者さまご自身から",,
V41_03E2602011,03E2602011,B,V41F84A6CAD21A,近畿,大阪府,医療法人社団日生会　リバースセルクリニック,大阪市北区曽根崎新地1-4-20 桜橋IMビル７F,第三種,多血小板血漿を用いた整形外科領域（関節腔内への投与を除く）の治療,PRP,QC,1.0,https://saiseiiryo.mhlw.go.jp/published_plan/download/03E2602011/5/0,,,,,,,,,no price found after rescue text/OCR pass,Rescue completed; OCR page timeouts=0
V41_03E2602012,03E2602012,A,V41F84A6CAD21A,近畿,大阪府,医療法人社団日生会　リバースセルクリニック,大阪市北区曽根崎新地1-4-20 桜橋IMビル７F,第二種,変形性関節症に対する多血小板血漿（ＰＲＰ）関節内投与療法,PRP,QC,1.0,https://saiseiiryo.mhlw.go.jp/published_plan/download/03E2602012/5/0,,,,,,,,,no price found after rescue text/OCR pass,Rescue completed; OCR page timeouts=0
V41_02E2602004,02E2602004,C,V41F4187D130F9,近畿,大阪府,医療法人社団活寿会 活寿会記念クリニック中之島,"大阪市北区中之島4丁目3-51
Nakanoshima Qross 未来医療MEDセンター2階",第二種,自家脂肪組織由来幹細胞（ASC）の投与による関節治療,脂肪由来幹細胞,AUTO,1.0,https://saiseiiryo.mhlw.go.jp/published_plan/download/02E2602004/5/0,1287000,税込,,,,16,6,"この治療は公的保険の対象ではありませんので、当クリニックの所定の施術料をお支払いい ただきます。 治療費用: 投与部位 1 関節 1,287,000 円(税込) 2関節 1,749,000 円(税込) 治療にかかる費用につきましては、自家 ASC を投与する関節部位による違いはございませ",line-level strong price context,
V41_02E2602004,02E2602004,C,V41F4187D130F9,近畿,大阪府,医療法人社団活寿会 活寿会記念クリニック中之島,"大阪市北区中之島4丁目3-51
Nakanoshima Qross 未来医療MEDセンター2階",第二種,自家脂肪組織由来幹細胞（ASC）の投与による関節治療,脂肪由来幹細胞,AUTO,1.0,https://saiseiiryo.mhlw.go.jp/published_plan/download/02E2602004/5/0,1749000,税込,,,,11,6,"ただきます。 治療費用: 投与部位 1 関節 1,287,000 円(税込) 2関節 1,749,000 円(税込) 治療にかかる費用につきましては、自家 ASC を投与する関節部位による違いはございませ ん。 製造した自家 ASC は細胞培養加工施設で一時保管され、本治療に使用する際に当クリ",line-level strong price context,
V41_02E2508017,02E2508017,A,V41F31E1264B11,近畿,大阪府,医療法人社団美咲会 えびえ記念病院,大阪市福島区海老江二丁目１番３６号,第二種,変形性関節症および関節腔の傷害を対象とした自家多血小板血漿（PRP）注入療法,PRP,AUTO,1.0,https://saiseiiryo.mhlw.go.jp/published_plan/download/02E2508017/5/0,28000,税込,1回,Condensia,京セラ,9,,"保険がご使用できない自由診療です。そのため、患者様の費用負担 が他の治療よりも高額になることがあります。当院において実施される本治療および本 治療に必要な検査などの費用は全額自己負担となります。 血液分離専用容器キットによる施術料: 2 種:PRP【京セラ コンデンシアキット 使用】 1回28,000 円(税込) ※患者様の症状によっては、治療を数回行うことがあります。治療前、または治療後 の状態から担当医師が判断し、患者様にお伝えしご相談させて頂きます。 ※治療内容・回数により1回あたりの費用が減額される場合がございます。施術する 前に詳細な説明をいたしますので、ご納得いただいた上で治療をお受けいただけますよ うお願い申し上げます。",,
V41_02E2603004,02E2603004,D,V41F31E1264B11,近畿,大阪府,医療法人社団美咲会 えびえ記念病院,大阪市福島区海老江二丁目１番３６号,第三種,四肢の靭帯、筋腱付着部およびスポーツ傷害（筋・腱・靭帯）を対象とした自家多血小板血漿（PRP）注入療法,PRP,AUTO,1.0,https://saiseiiryo.mhlw.go.jp/published_plan/download/02E2603004/5/0,25000,税込,1回,Condensia,京セラ,8,5,"ちりょう 1回 PRP:(京セラCondensia システム)使用 ・・・・・・・・・・1 回25,000 円(税込) 治療 ちりょう",line-level medium price context,
V41_01E2111002,01E2111002,B,V41FC1E6387844,近畿,大阪府,医療法人神明会　印どうメディカルクリニック,箕面市白島1-15-5,第三種,四肢の靭帯、筋腱付着部、体幹、腰部およびスポーツ傷害（筋・腱・靭帯）を対象とした自己多血小板血漿注入療法,PRP,QC,1.0,https://saiseiiryo.mhlw.go.jp/published_plan/download/01E2111002/5/0,,,,,,,,,no price found after text/OCR pass,RuntimeError: Tesseract process timeout
V41_02E2603028,02E2603028,C,V41F854F649069,近畿,大阪府,"医療法人美喜有会
リペアセルクリニック","大阪市福島区福島1-1-51
堂島クロスウォーク404C",第二種,自家多血小板血漿を用いた変形性関節症の治療,PRP,AUTO,1.0,https://saiseiiryo.mhlw.go.jp/published_plan/download/02E2603028/5/0,165000,税込,1回,,,9,,"管理 者(院長)へと報告し対応します。 再生医療事務局 電話番号:06-6451-3030 13.費用について 本治療は保険適用外であるため、治療にかかる費用全額をお支払い いただきます。その他、本治療を受けるために必要となった旅費、 交通費などの全ての費用も同様です。 治療に必要となる費用は1回 165,000円(税込)です。 同意を撤回された場合など、同意を撤回される時点までに発生した 費用(治療費等)については、ご負担いただきますのでご了承くだ さい。 14.他の治療法の有無、本治療法との比較について 変形性関節症の治療法には保存療法と手術療法の2つの方法があり ます。薬物投与、装具装着、リハビリテーションなどの保存療法で 効果がない場合は",,
V41_02E2603029,02E2603029,D,V41F854F649069,近畿,大阪府,"医療法人美喜有会
リペアセルクリニック","大阪市福島区福島1-1-51
堂島クロスウォーク404C",第三種,自家多血小板血漿を用いた筋腱炎・靭帯炎の治療,PRP,AUTO,1.0,https://saiseiiryo.mhlw.go.jp/published_plan/download/02E2603029/5/0,165000,税込,1回,,,9,,"管理 者(院長)へと報告し対応します。 再生医療事務局 電話番号:06-6451-3030 13.費用について 本治療は保険適用外であるため、治療にかかる費用全額をお支払い いただきます。その他、本治療を受けるために必要となった旅費、 交通費などの全ての費用も同様です。 治療に必要となる費用は1回 165,000円(税込)です。 同意を撤回された場合など、同意を撤回される時点までに発生した 費用(治療費等)については、ご負担いただきますのでご了承くだ さい。 14.他の治療法の有無、本治療法との比較について 筋腱炎や靭帯炎は、ストレッチをこまめに行う、患部を酷使するよ うなスポーツや作業を控えて湿布や外用薬を服用する、局所麻酔薬 やステロイドの注",,
V41_02E2603032,02E2603032,A,V41F854F649069,近畿,大阪府,"医療法人美喜有会
リペアセルクリニック","大阪市福島区福島1-1-51
堂島クロスウォーク404C",第二種,自己脂肪由来幹細胞と自己前骨芽細胞分化誘導上清液を用いた変形性関節症の治療,脂肪由来幹細胞,AUTO,1.0,https://saiseiiryo.mhlw.go.jp/published_plan/download/02E2603032/5/0,1870000,税込,1回,,,9,,"理者 (院長)へと報告し対応します。 再生医療事務局 電話番号:06-6451-3030 13.費用について 本治療は保険適用外であるため、治療にかかる費用全額をお支払い いただきます。 その他、本治療を受けるために必要となった旅費、交通費などの全 ての費用も同様です。 本治療にかかる費用は1回 1,870,000円(税込)です。 同意を撤回された場合など、同意を撤回される時点までに発生した 費用(治療費等)については、ご負担いただきますのでご了承くだ さい。 14.他の治療法の有無、本治療法との比較について 変形性関節症の治療法には保存療法と手術療法の2つの方法があり ます。 薬物投与、装具装着、リハビリテーションなどの保存療法で効果が ない場合は",,
V41_01E2503001,01E2503001,B,V41F7E2F173805,近畿,大阪府,"医療法人良耕会
村尾診療所",岸和田市土生町2丁目15-51,第二種,自家多血小板血漿（Platelet-Rich Plasma：PRP）を用いた慢性関節炎の治療（関節内組織）,PRP,AUTO,1.0,https://saiseiiryo.mhlw.go.jp/published_plan/download/01E2503001/5/0,55000,税込,,ACP MAX|ACP,Arthrex,8,,"本治療にかかる費用は、以下のとおりです。なお、費用に含まれるのは、治療に伴う 診査、自家PRP 調製のための採血にかかる費用、自家PRP 調製費用、注入にかかる 費用であり、以下が費用の総額となります。 治療の種類 平均的な血小板注入量 費用(税込み) ACP-PRP 20 億個 55,000 円 HD-PRP(ACP MAX の場合) 90 億個 209,000 円 また、ACP-PRP は効果を高めるため、2 倍量1 度に投与することが可能です。 その場合の費用は以下の通りです。 治療の種類 平均的な血小板注入量 費用(税込み) ACP-PRP ダブルショット 40 億個 99,000 円",,
V41_01E2503001,01E2503001,B,V41F7E2F173805,近畿,大阪府,"医療法人良耕会
村尾診療所",岸和田市土生町2丁目15-51,第二種,自家多血小板血漿（Platelet-Rich Plasma：PRP）を用いた慢性関節炎の治療（関節内組織）,PRP,AUTO,1.0,https://saiseiiryo.mhlw.go.jp/published_plan/download/01E2503001/5/0,209000,税込,,ACP MAX|ACP,Arthrex,8,,"診査、自家PRP 調製のための採血にかかる費用、自家PRP 調製費用、注入にかかる 費用であり、以下が費用の総額となります。 治療の種類 平均的な血小板注入量 費用(税込み) ACP-PRP 20 億個 55,000 円 HD-PRP(ACP MAX の場合) 90 億個 209,000 円 また、ACP-PRP は効果を高めるため、2 倍量1 度に投与することが可能です。 その場合の費用は以下の通りです。 治療の種類 平均的な血小板注入量 費用(税込み) ACP-PRP ダブルショット 40 億個 99,000 円 • 治療終了後も定期的な受診が必要です。 9 11.健康",,
V41_01E2503001,01E2503001,B,V41F7E2F173805,近畿,大阪府,"医療法人良耕会
村尾診療所",岸和田市土生町2丁目15-51,第二種,自家多血小板血漿（Platelet-Rich Plasma：PRP）を用いた慢性関節炎の治療（関節内組織）,PRP,AUTO,1.0,https://saiseiiryo.mhlw.go.jp/published_plan/download/01E2503001/5/0,99000,税込,,ACP MAX|ACP,Arthrex,0,,"(ACP MAX の場合) 90 億個 209,000 円 また、ACP-PRP は効果を高めるため、2 倍量1 度に投与することが可能です。 その場合の費用は以下の通りです。 治療の種類 平均的な血小板注入量 費用(税込み) ACP-PRP ダブルショット 40 億個 99,000 円 • 治療終了後も定期的な受診が必要です。 9 11.健康被害が発生した際の処置と補償等について すべての医療行為にはリスクがあり、ある一定の確率で合併症が起こりえます。 本治療においても『5.予想される効果と起こるかもしれない副作用』でお示しした 合併症については起こらないように細心の注意を払ってい",,
V41_01E2503002,01E2503002,C,V41F7E2F173805,近畿,大阪府,"医療法人良耕会
村尾診療所",岸和田市土生町2丁目15-51,第三種,自家多血小板血漿（Platelet-Rich Plasma：PRP）を用いた筋肉、腱、靭帯、筋膜の損傷及び慢性炎症の治療（関節外の軟部組織）,PRP,AUTO,1.0,https://saiseiiryo.mhlw.go.jp/published_plan/download/01E2503002/5/0,55000,税込,,ACP MAX|ACP,Arthrex,8,,"本治療にかかる費用は、以下のとおりです。なお、費用に含まれるのは、治療に 伴う診査、自家PRP 調製のための採血にかかる費用、自家PRP 調製費用、注入に かかる費用であり、以下が費用の総額となります。 治療の種類 平均的な血小板注入量 費用(税込み) ACP-PRP 20 億個 55,000 円 HD-PRP(ACP MAX の場合) 90 億個 209,000 円 また、ACP-PRP は効果を高めるため、2 倍量1 度に投与することが可能です。 その場合の費用は以下の通りです。 治療の種類 平均的な血小板注入量 費用(税込み) ACP-PRP ダブルショット 40 億個 99,000 円",,
V41_01E2503002,01E2503002,C,V41F7E2F173805,近畿,大阪府,"医療法人良耕会
村尾診療所",岸和田市土生町2丁目15-51,第三種,自家多血小板血漿（Platelet-Rich Plasma：PRP）を用いた筋肉、腱、靭帯、筋膜の損傷及び慢性炎症の治療（関節外の軟部組織）,PRP,AUTO,1.0,https://saiseiiryo.mhlw.go.jp/published_plan/download/01E2503002/5/0,99000,税込,,ACP MAX|ACP,Arthrex,8,,"(ACP MAX の場合) 90 億個 209,000 円 また、ACP-PRP は効果を高めるため、2 倍量1 度に投与することが可能です。 その場合の費用は以下の通りです。 治療の種類 平均的な血小板注入量 費用(税込み) ACP-PRP ダブルショット 40 億個 99,000 円 • 治療終了後も定期的な受診が必要です。 9 11.試料等の保存及び廃棄の方法 患者様から採取した血液と作製したPRP は、患者様ご自身の治療のみに使用しま す。ただし、症例検討や学会発表を目的として、血液やPRP の測定を行い、データ を取得することがあります。 血液およびPRP は微量で全量を",,
V41_01E2503002,01E2503002,C,V41F7E2F173805,近畿,大阪府,"医療法人良耕会
村尾診療所",岸和田市土生町2丁目15-51,第三種,自家多血小板血漿（Platelet-Rich Plasma：PRP）を用いた筋肉、腱、靭帯、筋膜の損傷及び慢性炎症の治療（関節外の軟部組織）,PRP,AUTO,1.0,https://saiseiiryo.mhlw.go.jp/published_plan/download/01E2503002/5/0,209000,税込,,ACP MAX|ACP,Arthrex,8,,"う診査、自家PRP 調製のための採血にかかる費用、自家PRP 調製費用、注入に かかる費用であり、以下が費用の総額となります。 治療の種類 平均的な血小板注入量 費用(税込み) ACP-PRP 20 億個 55,000 円 HD-PRP(ACP MAX の場合) 90 億個 209,000 円 また、ACP-PRP は効果を高めるため、2 倍量1 度に投与することが可能です。 その場合の費用は以下の通りです。 治療の種類 平均的な血小板注入量 費用(税込み) ACP-PRP ダブルショット 40 億個 99,000 円 • 治療終了後も定期的な受診が必要です。 9 11.",,
V41_01E2004008,01E2004008,D,V41FA61B311B5F,近畿,大阪府,医療法人良花会 整形外科とくはらクリニック,大阪市鶴見区横堤三丁目6番40号 道端ビル,第二種,自家多血小板血漿(Platelet rich plasma:PRP)を用いた関節機能改善治療,PRP,AUTO,1.0,https://saiseiiryo.mhlw.go.jp/published_plan/download/01E2004008/5/0,50000,税別,1回,,,9,,"康保険を使用することはできません。 (2) 本治療にかかる費用は、以下のとおりです。なお、費用に含まれるのは、治 療に伴う診査、自家PRP 調製のための採血にかかる費用、自家PRP 調製費 用、注入にかかる費用であり、以下が費用の総額となります。 15mL 採血するキットを使用する場合1回 5 万円 消費税別 55mL 採血するキットを使用する場合1回 26 万円 消費税別 11. 試料等の保存及び廃棄の方法 この治療にて採取した血液は、患者様ご自身の治療のみに使用します。 ただし,症例検討や学会発表を目的として,患者様より採取した血液及び 調整した細胞加工物(自家PRP)の測定を行い,データを取得することが あ",,
V41_01E2004008,01E2004008,D,V41FA61B311B5F,近畿,大阪府,医療法人良花会 整形外科とくはらクリニック,大阪市鶴見区横堤三丁目6番40号 道端ビル,第二種,自家多血小板血漿(Platelet rich plasma:PRP)を用いた関節機能改善治療,PRP,AUTO,1.0,https://saiseiiryo.mhlw.go.jp/published_plan/download/01E2004008/5/0,260000,税別,1回,,,9,,"、以下のとおりです。なお、費用に含まれるのは、治 療に伴う診査、自家PRP 調製のための採血にかかる費用、自家PRP 調製費 用、注入にかかる費用であり、以下が費用の総額となります。 15mL 採血するキットを使用する場合1回 5 万円 消費税別 55mL 採血するキットを使用する場合1回 26 万円 消費税別 11. 試料等の保存及び廃棄の方法 この治療にて採取した血液は、患者様ご自身の治療のみに使用します。 ただし,症例検討や学会発表を目的として,患者様より採取した血液及び 調整した細胞加工物(自家PRP)の測定を行い,データを取得することが あります。 採血した血液の状態により治療に用いなかった血液が発生した",,
V41_01E2111019,01E2111019,A,V41FD3CEE3B1CD,近畿,大阪府,医療法人誠幸会　わだ整形外科クリニック,枚方市長尾元町二丁目１番２１号,第三種,四肢の靭帯、筋腱付着部およびスポーツ傷害（筋・腱・靭帯）を対象とした自家多血小板血漿(自家PRP)注入療法,PRP,QC,1.0,https://saiseiiryo.mhlw.go.jp/published_plan/download/01E2111019/5/0,,,,,,,,,no price found after text/OCR pass,Document fetched but no price candidate
V41_02E2507045,02E2507045,B,V41F03D3463ED4,近畿,大阪府,医療法人讃高会　枚方東整形外科病院,枚方市津田西町１－３７－８,第三種,多血小板血漿を用いた整形外科領域（関節腔内への投与を除く）の治療,PRP,AUTO,1.0,https://saiseiiryo.mhlw.go.jp/published_plan/download/02E2507045/5/0,15000,税別,,,,8,2,"14.費用について 細胞の提供に際して費用は発生しません。 治療の提供に際しては、本治療は公的保険の対象ではありませんので、当院所定の施術料として15,000円 (税別)をお支払いいただきます。",line-level medium price context,
V41_01E2403006,01E2403006,C,V41FE1A06DCDA7,近畿,大阪府,医療法人酒井会　さかいペインクリニック,柏原市上市1-2-2　アゼリア柏原416,第三種,自家多血小板血漿(Platelet-rich plasma:PRP)を用いた筋肉、腱、靭帯、筋膜の損傷及び慢性炎症の治療（関節腔外に限る）,PRP,QC,1.0,https://saiseiiryo.mhlw.go.jp/published_plan/download/01E2403006/5/0,,,,,,,,,no price found after rescue text/OCR pass,Rescue completed; OCR page timeouts=0
V41_01E2505012,01E2505012,D,V41FD969C63F8B,近畿,大阪府,吹田くわた内科・ペインクリニック,吹田市新芦屋下6-7吹田新芦屋クリニックビル3F,第二種,変形性関節症に対する多血小板血漿（ＰＲＰ）関節内投与療法,PRP,QC,1.0,https://saiseiiryo.mhlw.go.jp/published_plan/download/01E2505012/5/0,,,,,,,,,no price found after rescue text/OCR pass,Rescue completed; OCR page timeouts=0
V41_01E2505013,01E2505013,A,V41FD969C63F8B,近畿,大阪府,吹田くわた内科・ペインクリニック,吹田市新芦屋下6-7吹田新芦屋クリニックビル3F,第三種,多血小板血漿を用いた整形外科領域（関節腔内への投与を除く）の治療,PRP,QC,1.0,https://saiseiiryo.mhlw.go.jp/published_plan/download/01E2505013/5/0,,,,,,,,,no price found after rescue text/OCR pass,Rescue completed; OCR page timeouts=0
V41_01E2409003,01E2409003,B,V41F0E1258CECB,近畿,大阪府,堂島ライフケアクリニック,"大阪市北区曽根崎新地１丁目3-16
京富ビル４04号室",第二種,自己脂肪由来幹細胞を用いた変形性関節症の治療,脂肪由来幹細胞,AUTO,1.0,https://saiseiiryo.mhlw.go.jp/published_plan/download/01E2409003/5/0,1650000,税込,1回,,,9,,"師、管理 者(院長)へと報告し対応します。 再生医療事務局 電話番号:06-6454-4871 13.費用について 本治療は保険適用外であるため、治療にかかる費用全額をお支払い いただきます。その他、本治療を受けるために必要となった旅費、 交通費などの全ての費用も同様です。 本治療にかかる費用は1回1,650,000円(税込)です。 なお、同意を撤回された場合など、同意を撤回される時点までに発 生した費用(治療費等)についてはご負担ください。 14.他の治療法の有無、本治療法との比較について 変形性関節症の治療法には保存療法と手術療法の2つの方法があり ます。薬物投与、装具装着、リハビリテーションなどの保存療法で 効果がない場合は、手術療法が選択され",,
V41_03E2406016,03E2406016,C,V41F6CC4E852E3,近畿,大阪府,大阪ヘルスケアクリニック,大阪市北区本庄東1丁目22番1号,第二種,自己脂肪由来幹細胞を用いた変形性関節症の治療,脂肪由来幹細胞,AUTO,1.0,https://saiseiiryo.mhlw.go.jp/published_plan/download/03E2406016/5/0,1650000,税込,1回,,,9,,"管理 者(院長)へと報告し対応します。 再生医療事務局 電話番号:06-6372-8639 13.費用について 本治療は保険適用外であるため、治療にかかる費用全額をお支払い いただきます。その他、本治療を受けるために必要となった旅費、 交通費などの全ての費用も同様です。 本治療にかかる費用は1回 1,650,000円(税込)です。 なお、脂肪の採取後や、細胞加工物の製造後に同意を撤回された場 合など、同意を撤回される時点までに費用(治療費等)が発生して いる場合は、その時までに発生した費用についてもお支払いいただ きます。 14.他の治療法の有無、本治療法との比較について 変形性関節症の治療法には保存療法と手術療法の2つの方法があり ます。薬物投与",,
V41_03E2604001,03E2604001,D,V41F9AB8A0C502,近畿,大阪府,大阪市立総合医療センター,大阪市都島区都島本通二丁目13番22号,第二種,自家多血小板血漿（Platelet-rich plasma：PRP）を用いた慢性関節炎の治療（関節内組織）,PRP,AUTO,1.0,https://saiseiiryo.mhlw.go.jp/published_plan/download/03E2604001/5/0,49500,税込,両側,,,9,8,"ります。左右両側に投与する場合は、2 回分です。 (3) 治療に伴う診察料は別途必要となります。 PRP 療法1回 49,500 円(税込) 11. 試料等の保存及び廃棄の方法 患者様から採取した血液と作製したPRP は、患者様ご自身の治療のみに",line-level strong price context,
V41_03E2604002,03E2604002,A,V41F9AB8A0C502,近畿,大阪府,大阪市立総合医療センター,大阪市都島区都島本通二丁目13番22号,第三種,自家多血小板血漿(Platelet-rich plasma:PRP)を用いた関節機能治療(関節腔外に限る),PRP,AUTO,1.0,https://saiseiiryo.mhlw.go.jp/published_plan/download/03E2604002/5/0,31900,税込,1回,,,9,,"治 療に最善を尽くします。 治療費用 本治療は、すべて自費診療であり、健康保険を使用することはでき ません。 本治療にかかる費用は、以下のとおりです。なお、費用は、治療に 伴う診査、自家PRP調製のための採血にかかる費用、自家PRP調製 費用、注入にかかる費用の総額となります。 PRP療法1回 31,900円 税込 試料等の保存及び廃棄の方法 この治療にて採取した血液は、患者様ご自身の治療のみに使用しま す。ただし,症例検討や学会発表を目的として,患者様より採取し た血液及び調整した細胞加工物(自家PRP)の測定を行い,データ を取得することがあります。 採血した血液の状態により治療に用いなかった血液が発生した場合 は、適切に処理し、すべ",,
V41_02E2309002,02E2309002,B,V41FFF2A2FF35E,近畿,大阪府,大阪梅田セルクリニック,"大阪市北区梅田1丁目11-4大阪駅前
第4ビル2F 34-2号室",第二種,多血小板血漿を用いた変形性関節症治療,PRP,AUTO,1.0,https://saiseiiryo.mhlw.go.jp/published_plan/download/02E2309002/5/0,100000,税別,一部位,,,9,,じることはありません。 11. 患者さんの費用負担について 本治療は再生医療の技術の内、古くから実用化されており、既にその有効性と 安全性が確認されていますが、現状は保険収載されていないことから全額自費 診療となり費用は以下の通りです。診察、採血、PRP を投与する費用をすべて 含み、一部位10 万円(税抜)です。 12. 担当医師及び相談窓口 以下の担当医師が、あなたを担当致しますので、いつでもご相談ください。 この治療について知りたいことや、ご心配なことがありましたら、遠慮なく担 当医師にご相談下さい。 ●担当医師 : (自署) 《緊,,
V41_02E2310001,02E2310001,C,V41FFF2A2FF35E,近畿,大阪府,大阪梅田セルクリニック,"大阪市北区梅田1丁目11-4
大阪駅前第4ビル2F 34-2号室",第二種,自家培養脂肪由来幹細胞を用いた変形性膝関節症治療,脂肪由来幹細胞,AUTO,1.0,https://saiseiiryo.mhlw.go.jp/published_plan/download/02E2310001/5/0,1650000,税込,,,,7,1,"提供価格 幹細胞5,000 万個移植 片膝:1,650,000 円(税込) 両膝:2,200,000 円(税込) (血液検査、脂肪採取、移植料を含む)",rescue medium price context,
V41_02E2310001,02E2310001,C,V41FFF2A2FF35E,近畿,大阪府,大阪梅田セルクリニック,"大阪市北区梅田1丁目11-4
大阪駅前第4ビル2F 34-2号室",第二種,自家培養脂肪由来幹細胞を用いた変形性膝関節症治療,脂肪由来幹細胞,AUTO,1.0,https://saiseiiryo.mhlw.go.jp/published_plan/download/02E2310001/5/0,2200000,税込,,,,7,1,"幹細胞5,000 万個移植 片膝:1,650,000 円(税込) 両膝:2,200,000 円(税込) (血液検査、脂肪採取、移植料を含む) キャンセル料金",rescue medium price context,
V41_02E2602002,02E2602002,D,V41F431E86A43F,近畿,大阪府,大阪梅田セルクリニック,大阪市北区梅田1-11-4大阪駅前第4ビル2階34-2号室,第二種,自家脂肪組織由来幹細胞（ASC）の投与による関節治療,脂肪由来幹細胞,QC,1.0,https://saiseiiryo.mhlw.go.jp/published_plan/download/02E2602002/5/0,35000,税込,,,,10,9,"(血液検査、脂肪採取、移植料を含む) キャンセル料金 1.脂肪採取前:35,000 円(税込:38,500 円) 2.脂肪採取後:50,000 円(税込:55,000 円) 3.培養開始後:800,000 円(税込:880,000 円)",price candidates remain ambiguous,
V41_02E2602002,02E2602002,D,V41F431E86A43F,近畿,大阪府,大阪梅田セルクリニック,大阪市北区梅田1-11-4大阪駅前第4ビル2階34-2号室,第二種,自家脂肪組織由来幹細胞（ASC）の投与による関節治療,脂肪由来幹細胞,QC,1.0,https://saiseiiryo.mhlw.go.jp/published_plan/download/02E2602002/5/0,38500,税込,,,,10,9,"(血液検査、脂肪採取、移植料を含む) キャンセル料金 1.脂肪採取前:35,000 円(税込:38,500 円) 2.脂肪採取後:50,000 円(税込:55,000 円) 3.培養開始後:800,000 円(税込:880,000 円)",price candidates remain ambiguous,
V41_02E2602002,02E2602002,D,V41F431E86A43F,近畿,大阪府,大阪梅田セルクリニック,大阪市北区梅田1-11-4大阪駅前第4ビル2階34-2号室,第二種,自家脂肪組織由来幹細胞（ASC）の投与による関節治療,脂肪由来幹細胞,QC,1.0,https://saiseiiryo.mhlw.go.jp/published_plan/download/02E2602002/5/0,50000,税込,,,,10,9,"キャンセル料金 1.脂肪採取前:35,000 円(税込:38,500 円) 2.脂肪採取後:50,000 円(税込:55,000 円) 3.培養開始後:800,000 円(税込:880,000 円) 健康被害が発生した際の処置と補償等について",price candidates remain ambiguous,
V41_02E2602002,02E2602002,D,V41F431E86A43F,近畿,大阪府,大阪梅田セルクリニック,大阪市北区梅田1-11-4大阪駅前第4ビル2階34-2号室,第二種,自家脂肪組織由来幹細胞（ASC）の投与による関節治療,脂肪由来幹細胞,QC,1.0,https://saiseiiryo.mhlw.go.jp/published_plan/download/02E2602002/5/0,55000,税込,,,,10,9,"キャンセル料金 1.脂肪採取前:35,000 円(税込:38,500 円) 2.脂肪採取後:50,000 円(税込:55,000 円) 3.培養開始後:800,000 円(税込:880,000 円) 健康被害が発生した際の処置と補償等について",price candidates remain ambiguous,
V41_02E2602002,02E2602002,D,V41F431E86A43F,近畿,大阪府,大阪梅田セルクリニック,大阪市北区梅田1-11-4大阪駅前第4ビル2階34-2号室,第二種,自家脂肪組織由来幹細胞（ASC）の投与による関節治療,脂肪由来幹細胞,QC,1.0,https://saiseiiryo.mhlw.go.jp/published_plan/download/02E2602002/5/0,1320000,税込,1部位,,,6,8,"料をお支払いいただきます。 幹細胞5,000 万~1億個移植 1部位:1,320,000 円(税込) 2部位:1,540,000 円(税込)",price candidates remain ambiguous,
V41_02E2602002,02E2602002,D,V41F431E86A43F,近畿,大阪府,大阪梅田セルクリニック,大阪市北区梅田1-11-4大阪駅前第4ビル2階34-2号室,第二種,自家脂肪組織由来幹細胞（ASC）の投与による関節治療,脂肪由来幹細胞,QC,1.0,https://saiseiiryo.mhlw.go.jp/published_plan/download/02E2602002/5/0,1540000,税込,1部位,,,5,8,"幹細胞5,000 万~1億個移植 1部位:1,320,000 円(税込) 2部位:1,540,000 円(税込)",price candidates remain ambiguous,
V41_02E2602002,02E2602002,D,V41F431E86A43F,近畿,大阪府,大阪梅田セルクリニック,大阪市北区梅田1-11-4大阪駅前第4ビル2階34-2号室,第二種,自家脂肪組織由来幹細胞（ASC）の投与による関節治療,脂肪由来幹細胞,QC,1.0,https://saiseiiryo.mhlw.go.jp/published_plan/download/02E2602002/5/0,800000,税込,,,,4,9,"1.脂肪採取前:35,000 円(税込:38,500 円) 2.脂肪採取後:50,000 円(税込:55,000 円) 3.培養開始後:800,000 円(税込:880,000 円) 健康被害が発生した際の処置と補償等について この治療が原因で起こった健康被害について当院は、当該健康被害",price candidates remain ambiguous,
V41_02E2602002,02E2602002,D,V41F431E86A43F,近畿,大阪府,大阪梅田セルクリニック,大阪市北区梅田1-11-4大阪駅前第4ビル2階34-2号室,第二種,自家脂肪組織由来幹細胞（ASC）の投与による関節治療,脂肪由来幹細胞,QC,1.0,https://saiseiiryo.mhlw.go.jp/published_plan/download/02E2602002/5/0,880000,税込,,,,4,9,"1.脂肪採取前:35,000 円(税込:38,500 円) 2.脂肪採取後:50,000 円(税込:55,000 円) 3.培養開始後:800,000 円(税込:880,000 円) 健康被害が発生した際の処置と補償等について この治療が原因で起こった健康被害について当院は、当該健康被害",price candidates remain ambiguous,
V41_02E2508002,02E2508002,A,V41F3FA7D67621,近畿,大阪府,市立岸和田市民病院,岸和田市額原町1001番地,第三種,多血小板血漿（Platelet-rich plasma : PRP)を用いた整形外科領域における軟部組織治療,PRP,AUTO,1.0,https://saiseiiryo.mhlw.go.jp/published_plan/download/02E2508002/5/0,110000,税込,,APS|GPS,Zimmer Biomet,8,,"使われることはありません。 治療にかかる費用について この治療は公的保険の対象ではありませんので、当院所定の施術料をお支払いいただきま す。 ・治療費: APS キット:330,000 円(税込) GPSIIIキット:110,000 円(税込) 症状などにより治療費は変動する可能性がございます。 詳細やご不明な点は医師またはスタッフにお尋ね下さい。 施術後、患者様の個人的な事情及び金銭等に関する問題に関しては一切の責を負いかねます のでご了承ください。 本治療の実施体制 本治療は、以",,
V41_02E2508002,02E2508002,A,V41F3FA7D67621,近畿,大阪府,市立岸和田市民病院,岸和田市額原町1001番地,第三種,多血小板血漿（Platelet-rich plasma : PRP)を用いた整形外科領域における軟部組織治療,PRP,AUTO,1.0,https://saiseiiryo.mhlw.go.jp/published_plan/download/02E2508002/5/0,330000,税込,,APS|GPS,Zimmer Biomet,8,,"を公表する可能性がありますが、患者 様個人を特定できる内容が使われることはありません。 治療にかかる費用について この治療は公的保険の対象ではありませんので、当院所定の施術料をお支払いいただきま す。 ・治療費: APS キット:330,000 円(税込) GPSIIIキット:110,000 円(税込) 症状などにより治療費は変動する可能性がございます。 詳細やご不明な点は医師またはスタッフにお尋ね下さい。 施術後、患者様の個人的な事情及び金銭等に関する問題に関しては一切の責を負いかねます のでご了承ください。 本治療の実施体制",,
V41_01E2508022,01E2508022,B,V41F5FE0F29839,近畿,大阪府,枚方市駅前やました整形外科リハビリテーションクリニック,枚方市新町1-1-8　HIRAKATA　WOVEN301,第三種,自家多血小板血漿（Platelet-Rich Plasma：PRP）を用いた筋肉、腱、靭帯、筋膜の損傷及び慢性炎症の治療（関節外の軟部組織）,PRP,AUTO,1.0,https://saiseiiryo.mhlw.go.jp/published_plan/download/01E2508022/5/0,35000,税別,,ACP MAX|ACP,Arthrex,8,,"本治療にかかる費用は、以下のとおりです。なお、費用に含まれるのは、治療に 伴う診査、自家PRP 調製のための採血にかかる費用、自家PRP 調製費用、注入に かかる費用であり、以下が費用の総額となります。 治療の種類 平均的な血小板注入量 費用(税別) ACP-PRP 20 億個 35,000 円 HD-PRP(ACP MAX の場合) 90 億個 185,000 円 • 治療終了後も定期的な受診が必要です。 11.試料等の保存及び廃棄の方法 患者様から採取した血液と作製したPRP は、患者様ご自身の治療のみに使用しま す。ただし、症例検討や学会発表を目的として、血液やPRP の測定を行い、データ を",,
V41_01E2508022,01E2508022,B,V41F5FE0F29839,近畿,大阪府,枚方市駅前やました整形外科リハビリテーションクリニック,枚方市新町1-1-8　HIRAKATA　WOVEN301,第三種,自家多血小板血漿（Platelet-Rich Plasma：PRP）を用いた筋肉、腱、靭帯、筋膜の損傷及び慢性炎症の治療（関節外の軟部組織）,PRP,AUTO,1.0,https://saiseiiryo.mhlw.go.jp/published_plan/download/01E2508022/5/0,185000,税別,,ACP MAX|ACP,Arthrex,8,,"伴う診査、自家PRP 調製のための採血にかかる費用、自家PRP 調製費用、注入に かかる費用であり、以下が費用の総額となります。 治療の種類 平均的な血小板注入量 費用(税別) ACP-PRP 20 億個 35,000 円 HD-PRP(ACP MAX の場合) 90 億個 185,000 円 • 治療終了後も定期的な受診が必要です。 11.試料等の保存及び廃棄の方法 患者様から採取した血液と作製したPRP は、患者様ご自身の治療のみに使用しま す。ただし、症例検討や学会発表を目的として、血液やPRP の測定を行い、データ を取得することがあります。 血液およびPRP は微量で全量を使用するため、保管",,
V41_02E2509009,02E2509009,C,V41FC61E96FBD6,近畿,大阪府,森ノ宮医療大学附属　大阪ベイクリニック,大阪市住之江区南港北1-26-16,第三種,多血小板血漿を用いた靭帯・腱及び腱付着部の機能障害・疾患の治療,PRP,AUTO,1.0,https://saiseiiryo.mhlw.go.jp/published_plan/download/02E2509009/5/0,33000,税込,,GPS|Condensia,Zimmer Biomet|京セラ,8,,"655-0057 14.費用について 細胞の提供に際して費用は発生しません。 治療の提供に際しては、本治療は公的保険の対象ではありませんので、当院所定の施術料として以下の 金額をお支払いいただきます。 ・GPSIIIシステム:150,000円(税込) ・Condensiaシステム:33,000円(税込) ※患者様の症状、その他の事情等により治療費が変動する場合があります。 なお、細胞の採取後や加工後に同意を撤回された場合など、同意を撤回される時点までに費用が発生し ている場合は、発生した費用については患者様にご負担いただきますのでご了承ください。 15.他の治療法の有無、本治療法との比較について 靭帯・腱及び腱",,
V41_02E2509009,02E2509009,C,V41FC61E96FBD6,近畿,大阪府,森ノ宮医療大学附属　大阪ベイクリニック,大阪市住之江区南港北1-26-16,第三種,多血小板血漿を用いた靭帯・腱及び腱付着部の機能障害・疾患の治療,PRP,AUTO,1.0,https://saiseiiryo.mhlw.go.jp/published_plan/download/02E2509009/5/0,150000,税込,,GPS|Condensia,Zimmer Biomet|京セラ,8,,"せていただきます。 窓口部署:事務 連絡先:06-6655-0057 14.費用について 細胞の提供に際して費用は発生しません。 治療の提供に際しては、本治療は公的保険の対象ではありませんので、当院所定の施術料として以下の 金額をお支払いいただきます。 ・GPSIIIシステム:150,000円(税込) ・Condensiaシステム:33,000円(税込) ※患者様の症状、その他の事情等により治療費が変動する場合があります。 なお、細胞の採取後や加工後に同意を撤回された場合など、同意を撤回される時点までに費用が発生し ている場合は、発生した費用については患者様にご負担いただきますのでご了承ください。 15.他の",,
V41_01E2604026,01E2604026,D,V41F7259C9C4C4,近畿,大阪府,高槻整形外科・再生医療クリニック,⾼槻市城北町2-2-3 リュドール⾼槻４階,第二種,自己多血小板血漿(PRP)の投与による変形性関節症の治療,PRP,AUTO,1.0,https://saiseiiryo.mhlw.go.jp/published_plan/download/01E2604026/5/0,100000,税別,,APS|GPS,Zimmer Biomet,8,,"治療にかかる費用について この治療は公的保険の対象ではありませんので、当院にて実施する治療、治療に必要な検査、 治療の経過観察などの費用は全額自己負担となります。 (税別) 使用キット 治療費用 GPSIIIシステム 1関節 100,000 円 2関節 150,000 円 APS キット 1関節 350,000 円 2関節 600,000 円 その他治療についての注意事項 患者さまの体調が良くない場合や、採取した血液の状態によっては、PRP を分離できないこと があります。その際には、再度採血",,
V41_01E2604026,01E2604026,D,V41F7259C9C4C4,近畿,大阪府,高槻整形外科・再生医療クリニック,⾼槻市城北町2-2-3 リュドール⾼槻４階,第二種,自己多血小板血漿(PRP)の投与による変形性関節症の治療,PRP,AUTO,1.0,https://saiseiiryo.mhlw.go.jp/published_plan/download/01E2604026/5/0,150000,税別,,APS|GPS,Zimmer Biomet,8,,"この治療は公的保険の対象ではありませんので、当院にて実施する治療、治療に必要な検査、 治療の経過観察などの費用は全額自己負担となります。 (税別) 使用キット 治療費用 GPSIIIシステム 1関節 100,000 円 2関節 150,000 円 APS キット 1関節 350,000 円 2関節 600,000 円 その他治療についての注意事項 患者さまの体調が良くない場合や、採取した血液の状態によっては、PRP を分離できないこと があります。その際には、再度採血をさせていただく場合があります。",,
V41_01E2604026,01E2604026,D,V41F7259C9C4C4,近畿,大阪府,高槻整形外科・再生医療クリニック,⾼槻市城北町2-2-3 リュドール⾼槻４階,第二種,自己多血小板血漿(PRP)の投与による変形性関節症の治療,PRP,AUTO,1.0,https://saiseiiryo.mhlw.go.jp/published_plan/download/01E2604026/5/0,350000,税別,,APS|GPS,Zimmer Biomet,8,,"この治療は公的保険の対象ではありませんので、当院にて実施する治療、治療に必要な検査、 治療の経過観察などの費用は全額自己負担となります。 (税別) 使用キット 治療費用 GPSIIIシステム 1関節 100,000 円 2関節 150,000 円 APS キット 1関節 350,000 円 2関節 600,000 円 その他治療についての注意事項 患者さまの体調が良くない場合や、採取した血液の状態によっては、PRP を分離できないこと があります。その際には、再度採血をさせていただく場合があります。その場合、追加費用は 発生いたしません。 また、",,
V41_01E2604026,01E2604026,D,V41F7259C9C4C4,近畿,大阪府,高槻整形外科・再生医療クリニック,⾼槻市城北町2-2-3 リュドール⾼槻４階,第二種,自己多血小板血漿(PRP)の投与による変形性関節症の治療,PRP,AUTO,1.0,https://saiseiiryo.mhlw.go.jp/published_plan/download/01E2604026/5/0,600000,税別,,APS|GPS,Zimmer Biomet,8,,"ありませんので、当院にて実施する治療、治療に必要な検査、 治療の経過観察などの費用は全額自己負担となります。 (税別) 使用キット 治療費用 GPSIIIシステム 1関節 100,000 円 2関節 150,000 円 APS キット 1関節 350,000 円 2関節 600,000 円 その他治療についての注意事項 患者さまの体調が良くない場合や、採取した血液の状態によっては、PRP を分離できないこと があります。その際には、再度採血をさせていただく場合があります。その場合、追加費用は 発生いたしません。 また、本治療に使用する機器は定期的にメ",,
V41_01E2508012,01E2508012,A,V41F674136D42B,近畿,大阪府,ＣＡＳＡクリニック,大阪市中央区西心斎橋一丁目5番5号アーバンＢＬＤ心斎橋7階,第二種,変形性関節症に対する自己脂肪組織由来幹細胞を用いた治療,脂肪由来幹細胞,QC,1.0,https://saiseiiryo.mhlw.go.jp/published_plan/download/01E2508012/5/0,,,,,,,,,no price found after text/OCR pass,Document fetched but no price candidate
V41_01E2303002,01E2303002,A,V41F9945331DCD,近畿,奈良県,医療法人ポイントワン　ならやまと整形外科スポーツクリニック,北葛城郡上牧町上牧3413-1,第三種,四肢の靭帯、筋腱付着部およびスポーツ傷害（筋・腱・靭帯）を対象とした自家多血小板血漿（PRP）注入療法,PRP,QC,1.0,https://saiseiiryo.mhlw.go.jp/published_plan/download/01E2303002/5/0,,,,,,,,,no price found after rescue text/OCR pass,Rescue completed; OCR page timeouts=0
V41_01E2102010,01E2102010,B,V41F929BA215E7,近畿,奈良県,社会福祉法人　恩賜財団済生会奈良病院,奈良市八条4丁目643番地,第三種,多血小板血漿(Platelet-rich plasma：PRP)を用いた整形外科領域における軟部組織治療,PRP,AUTO,1.0,https://saiseiiryo.mhlw.go.jp/published_plan/download/01E2102010/5/0,100000,税別,,GPS|Zimmer,Zimmer Biomet,8,,"きる内容が使われることはありません。 治療にかかる費用について この治療は公的保険の対象ではありませんので、当院所定の施術料をお支払いいただきま す。 ・治療費: ZIMMER BIOMET 製 GPS®IIIシステム使用 100,000 円(税抜) 5 症状などにより治療費は変動する可能性がございます。 詳細やご不明な点は医師またはスタッフにお尋ね下さい。 施術後、患者様の個人的な事情及び金銭等に関する問題に関しては一切の責を負いかねます のでご了承ください。 本治療の実施体制",,
V41_01E2203003,01E2203003,C,V41FEA8B71103A,近畿,奈良県,近畿大学奈良病院,生駒市乙田町１２４８-１,第三種,多血小板血漿（PRP）を用いた腱板、筋、腱および周辺組織の治療,PRP,AUTO,1.0,https://saiseiiryo.mhlw.go.jp/published_plan/download/01E2203003/5/0,34000,不明,1回,,,14,7,"をご負担いただきます。製造開始前のキャンセルには費用はかかり ません。 ・PRP療法 治療費1回 49,000円 → キャンセル料 34,000円 ※患者様の症状により治療費が変わる場合は別途、ご説明いたしま す。",line-level strong price context,
V41_01E2203003,01E2203003,C,V41FEA8B71103A,近畿,奈良県,近畿大学奈良病院,生駒市乙田町１２４８-１,第三種,多血小板血漿（PRP）を用いた腱板、筋、腱および周辺組織の治療,PRP,AUTO,1.0,https://saiseiiryo.mhlw.go.jp/published_plan/download/01E2203003/5/0,49000,不明,1回,,,14,7,"をご負担いただきます。製造開始前のキャンセルには費用はかかり ません。 ・PRP療法 治療費1回 49,000円 → キャンセル料 34,000円 ※患者様の症状により治療費が変わる場合は別途、ご説明いたしま す。",line-level strong price context,
V41_01G1906013,01G1906013,D,V41FA53EFDC9BB,九州沖縄,宮崎県,Mスポーツ整形外科クリニック,宮崎市太田４丁目２-１６,第三種,多血小板血漿を用いた靭帯・腱及び腱付着部の機能障害・疾患の治療,PRP,AUTO,1.0,https://saiseiiryo.mhlw.go.jp/published_plan/download/01G1906013/5/0,100000,不明,,GPS|Zimmer,Zimmer Biomet,7,,"理者(院長)へと報告して対応させていただきます。 窓口部署:事務 連絡先:0985-64-2011 12.費用について この治療は公的保険の対象ではありませんので、当院所定の施術料をお支払いいただきます。 ・ZIMMER BIOMET 製 GPS®IIIシステム使用 50,000~100,000円 ※患者様の症状により治療費が変動いたします。 施術後、患者様の個人的な事情及び金銭等に関する問題に関しては一切の責を負いかねますのでご了 承ください。 なお、細胞の採取後や加工後に同意を撤回された場合など、同意を撤回される時点までに費用が発生し ている場合は、発生した費用については患者様にご負担いただきますのでご了承ください",,
V41_01G2404003,01G2404003,A,V41FF71CA06230,九州沖縄,宮崎県,くもん整形外科 スポーツ・骨関節クリニック,延岡市緑ヶ丘二丁目8番11号,第三種,自家多血小板血漿（Platelet-rich plasma：PRP）を用いた筋肉、腱、靭帯、筋膜の損傷及び慢性炎症の治療（関節外の軟部組織）,PRP,AUTO,1.0,https://saiseiiryo.mhlw.go.jp/published_plan/download/01G2404003/5/0,55000,税込,1 回,,,9,,"康保険を使用することはできません。 (2) 本治療にかかる費用は、以下のとおりです。なお、費用は、1 回の治療に伴 う診査、PRP 作製のための採血にかかる費用、PRP 作製費用、注入にかか る費用の総額となります。左右両側に投与する場合は、2 回分です。 PRP 療法1回(1 部位) 55,000 円(消費税込) 11. 試料等の保存及び廃棄の方法 患者様から採取した血液と作製したPRP は、患者様ご自身の治療のみに 使用します。ただし、症例検討や学会発表を目的として、血液やPRP の測 定を行い、データを取得することがあります。 血液およびPRP は微量で全量を使用するため、保管はしません。治療に 用いない血",,
V41_01G2408006,01G2408006,B,V41FEBFB1216E8,九州沖縄,宮崎県,坂田整形外科クリニック,宮崎市大塚町樋ノ口1981-1,第三種,自家多血小板血漿(Platelet-rich plasma：PRP)を用いた筋肉、腱、靭帯、筋膜の損傷及び慢性炎症の治療（関節腔外に限る）,PRP,AUTO,1.0,https://saiseiiryo.mhlw.go.jp/published_plan/download/01G2408006/5/0,70000,税別,1 回,ACP,Arthrex,8,,"治療は、すべて自費診療であり、健康保険を使用することはできません。 (2) 本治療にかかる費用は、以下のとおりです。なお、費用は、治療に伴う診査、自家PRP 調製のための採血にかかる費用、自家PRP 調製費用、注入にかかる費用の総額となりま す。 PRP 療法(ACP:腰、関節など)1 回:税別70,000 円 11. 試料等の保存及び廃棄の方法 患者様から採取した血液と作製したPRP は、患者様ご自身の治療のみに使用します。た だし、症例検討や学会発表を目的として、血液やPRP の測定を行い、データを取得するこ とがあります。 血液およびPRP は微量で全量を使用するため、保管はしません。治療に用いない血液ま たはPRP が生",,
V41_01G2301006,01G2301006,C,V41FDCD32D1680,九州沖縄,宮崎県,整形外科　押領司病院,小林市細野１６２番地１,第三種,多血小板血漿を用いた整形外科領域（関節腔内への投与を除く）の治療,PRP,AUTO,1.0,https://saiseiiryo.mhlw.go.jp/published_plan/download/01G2301006/5/0,110000,税込,,,,8,3,治療の提供に際しては、本治療は公的保険の対象ではありませんので、当院所定の施術料として11万円 (税込)をお支払いいただきます。 ※患者様の症状、その他の事情等により治療費が変動する場合があります。,line-level medium price context,
V41_01F2305003,01F2305003,D,V41F739E9E2C77,中国四国,山口県,森山整形クリニック,下関市幡生本町２−２,第三種,四肢の靭帯、筋腱付着部およびスポーツ傷害（筋・腱・靭帯）を対象とした自家多血小板血漿（PRP）注入療法,PRP,QC,1.0,https://saiseiiryo.mhlw.go.jp/published_plan/download/01F2305003/5/0,,,,,,,,,no price found after text/OCR pass,Document fetched but no price candidate
V41_01D2605006,01D2605006,A,V41FF10F533318,中部,岐阜県,医療法人社団 豊正会 大垣中央病院,大垣市見取町4丁目2番地,第三種,四肢の筋・腱・靱帯及びその付着部の傷害を対象とした自家多血小板血漿（PRP）注入療法,PRP,AUTO,1.0,https://saiseiiryo.mhlw.go.jp/published_plan/download/01D2605006/5/0,70000,税込,1 回,Condensia,京セラ,9,,"て この治療は、健康保険が適用されない自由診療です。そのため、患者様の費用負担が 他の治療よりも高額になることがあります。当院において実施される本治療および本治 療に必要な検査などの費用は全額自己負担となります。 PRP 治療の提供価格(京セラCondensia システム使用) 1 回70,000 円(税込) ※患者様の症状によっては、治療を数回行うことがあります。治療前、または治療後 の状態から担当医師が判断し、患者様にお伝えしご相談させて頂きます。 ※治療内容・回数により1回あたりの費用が減額される場合がございます。施術する 前に詳細な説明をいたしますので、ご納得いただいた上で施術いただきますようお 願い申し上げます。",,
V41_01B2403004,01B2403004,B,V41FAF50DCB08E,東北,岩手県,いわてスポーツ・整形外科クリニック,盛岡市向中野字細谷地114番地,第三種,自家多血小板血漿(Platelet-rich plasma:PRP)を用いた筋肉、腱、靭帯、筋膜の損傷及び慢性炎症の治療（関節腔外に限る）,PRP,AUTO,1.0,https://saiseiiryo.mhlw.go.jp/published_plan/download/01B2403004/5/0,25000,税込,1 回,,,9,,診療であり、健康保険を使用することはできません。 (2) 本治療にかかる費用は、以下のとおりです。なお、費用は、治療に伴う診査、自家PRP 調製のための採血にかかる費用、自家PRP 調製費用、注入にかかる費用の総額となりま す。 PRP 療法 一般:1 回5 万円(消費税込み) 学生:1 回2.5 万円(消費税込み) 1部位に1回投与が標準的治療となりますが、患者様の効果持続期間等の希望を確認 の上、実際の投与回数や間隔は医師が判断致します。 11. 試料等の保存及び廃棄の方法 患者様から採取した血液と作製したPRP は、患者様ご自身の治療のみに使用します。 ただし、症例検討や学会発表を目的として、血液やPRP の測,,
V41_01B2403004,01B2403004,B,V41FAF50DCB08E,東北,岩手県,いわてスポーツ・整形外科クリニック,盛岡市向中野字細谷地114番地,第三種,自家多血小板血漿(Platelet-rich plasma:PRP)を用いた筋肉、腱、靭帯、筋膜の損傷及び慢性炎症の治療（関節腔外に限る）,PRP,AUTO,1.0,https://saiseiiryo.mhlw.go.jp/published_plan/download/01B2403004/5/0,50000,税込,1 回,,,9,,用 (1) 本治療は、すべて自費診療であり、健康保険を使用することはできません。 (2) 本治療にかかる費用は、以下のとおりです。なお、費用は、治療に伴う診査、自家PRP 調製のための採血にかかる費用、自家PRP 調製費用、注入にかかる費用の総額となりま す。 PRP 療法 一般:1 回5 万円(消費税込み) 学生:1 回2.5 万円(消費税込み) 1部位に1回投与が標準的治療となりますが、患者様の効果持続期間等の希望を確認 の上、実際の投与回数や間隔は医師が判断致します。 11. 試料等の保存及び廃棄の方法 患者様から採取した血液と作製したPRP は、患者様ご自身の治療のみに使用します。 ただし、症例検討,,
V41_01F2108003,01F2108003,C,V41F425F231CEA,中国四国,広島県,医療法人かたひざこしのクリニック 福山かた・ひざ・こしのクリニック,福山市神辺町大字新湯野74-18,第三種,自家多血小板血漿（Platelet-rich plasma：PRP）を用いた筋肉、腱、靭帯、筋膜の損傷及び慢性炎症の治療（関節外の軟部組織）,PRP,QC,1.0,https://saiseiiryo.mhlw.go.jp/published_plan/download/01F2108003/5/0,5000,不明,1 回,ACP,Arthrex,5,6,"す。 (3) 採血を開始してからのキャンセルについては、キャンセル費用を頂きます。 ■PRP 初回投与時※ :5,000 円(初診料として) ■PRP・1 回あたり※※ :下の表をご参照ください。 ACP",price candidates remain ambiguous,
V41_01F2108003,01F2108003,C,V41F425F231CEA,中国四国,広島県,医療法人かたひざこしのクリニック 福山かた・ひざ・こしのクリニック,福山市神辺町大字新湯野74-18,第三種,自家多血小板血漿（Platelet-rich plasma：PRP）を用いた筋肉、腱、靭帯、筋膜の損傷及び慢性炎症の治療（関節外の軟部組織）,PRP,QC,1.0,https://saiseiiryo.mhlw.go.jp/published_plan/download/01F2108003/5/0,21780,不明,1 部位,,,3,6,"学生に限り、1 部位(1 キット) 27,280 円 21,780 円 ※ 継続してPRP を投与する場合の再診料はかかりません。",price candidates remain ambiguous,
V41_01F2108003,01F2108003,C,V41F425F231CEA,中国四国,広島県,医療法人かたひざこしのクリニック 福山かた・ひざ・こしのクリニック,福山市神辺町大字新湯野74-18,第三種,自家多血小板血漿（Platelet-rich plasma：PRP）を用いた筋肉、腱、靭帯、筋膜の損傷及び慢性炎症の治療（関節外の軟部組織）,PRP,QC,1.0,https://saiseiiryo.mhlw.go.jp/published_plan/download/01F2108003/5/0,27280,不明,1 部位,,,3,6,"43,780 円 学生に限り、1 部位(1 キット) 27,280 円 21,780 円 ※ 継続してPRP を投与する場合の再診料はかかりません。",price candidates remain ambiguous,
V41_01F2108003,01F2108003,C,V41F425F231CEA,中国四国,広島県,医療法人かたひざこしのクリニック 福山かた・ひざ・こしのクリニック,福山市神辺町大字新湯野74-18,第三種,自家多血小板血漿（Platelet-rich plasma：PRP）を用いた筋肉、腱、靭帯、筋膜の損傷及び慢性炎症の治療（関節外の軟部組織）,PRP,QC,1.0,https://saiseiiryo.mhlw.go.jp/published_plan/download/01F2108003/5/0,32780,不明,1 部位,,,0,6,"1 部位(1 キット) 38,280 円 32,780 円 2 部位(2 キット) 54,780 円",price candidates remain ambiguous,
V41_01F2108003,01F2108003,C,V41F425F231CEA,中国四国,広島県,医療法人かたひざこしのクリニック 福山かた・ひざ・こしのクリニック,福山市神辺町大字新湯野74-18,第三種,自家多血小板血漿（Platelet-rich plasma：PRP）を用いた筋肉、腱、靭帯、筋膜の損傷及び慢性炎症の治療（関節外の軟部組織）,PRP,QC,1.0,https://saiseiiryo.mhlw.go.jp/published_plan/download/01F2108003/5/0,38280,不明,1 部位,Condensia,京セラ,0,6,"Condensia 1 部位(1 キット) 38,280 円 32,780 円 2 部位(2 キット)",price candidates remain ambiguous,
V41_01F2108003,01F2108003,C,V41F425F231CEA,中国四国,広島県,医療法人かたひざこしのクリニック 福山かた・ひざ・こしのクリニック,福山市神辺町大字新湯野74-18,第三種,自家多血小板血漿（Platelet-rich plasma：PRP）を用いた筋肉、腱、靭帯、筋膜の損傷及び慢性炎症の治療（関節外の軟部組織）,PRP,QC,1.0,https://saiseiiryo.mhlw.go.jp/published_plan/download/01F2108003/5/0,43780,不明,1 部位,,,0,6,"2 部位(2 キット) 54,780 円 43,780 円 学生に限り、1 部位(1 キット) 27,280 円",price candidates remain ambiguous,
V41_01F2108003,01F2108003,C,V41F425F231CEA,中国四国,広島県,医療法人かたひざこしのクリニック 福山かた・ひざ・こしのクリニック,福山市神辺町大字新湯野74-18,第三種,自家多血小板血漿（Platelet-rich plasma：PRP）を用いた筋肉、腱、靭帯、筋膜の損傷及び慢性炎症の治療（関節外の軟部組織）,PRP,QC,1.0,https://saiseiiryo.mhlw.go.jp/published_plan/download/01F2108003/5/0,54780,不明,1 部位,,,0,6,"32,780 円 2 部位(2 キット) 54,780 円 43,780 円 学生に限り、1 部位(1 キット)",price candidates remain ambiguous,
V41_03F2304004,03F2304004,D,V41FEAC08EC422,中国四国,広島県,医療法人エム・エム会　マッターホルンリハビリテーション病院,呉市中通一丁目５番２５号,第三種,多血小板血漿を用いた靭帯・腱及び腱付着部の機能障害・疾患の治療,PRP,QC,1.0,https://saiseiiryo.mhlw.go.jp/published_plan/download/03F2304004/5/0,,,,,,,,,no price found after text/OCR pass,Document fetched but no price candidate
V41_01F2310002,01F2310002,A,V41F358BC973A9,中国四国,広島県,医療法人龍樹会　池田整形外科リハビリテーションクリニック,広島市東区戸坂大上４丁目29番13号,第三種,"自己多血小板血漿（Platelet-rich plasma：PRP）を用いた
整形外科領域における軟部組織治療",PRP,QC,1.0,https://saiseiiryo.mhlw.go.jp/published_plan/download/01F2310002/5/0,,,,,,,,,no price found after rescue text/OCR pass,Rescue completed; OCR page timeouts=0
V41_01F2505004,01F2505004,B,V41FD6612DD851,中国四国,広島県,大田クリニック整形外科,広島市中区富士見町4-27,第三種,自家多血小板血漿（Platelet-Rich Plasma：PRP）を用いた筋肉、腱、靭帯、筋膜の損傷及び慢性炎症の治療（関節外の軟部組織）,PRP,AUTO,1.0,https://saiseiiryo.mhlw.go.jp/published_plan/download/01F2505004/5/0,20000,税別,1部位,ACP MAX|ACP,Arthrex,9,,"は、すべて自費診療であり、健康 保険を使用することはできません。 • 本治療にかかる費用は以下のとおりです。 なお、PRP 療法の費用は、PRP 調製のための採血にかかる費用、PRP 調製費用、 投与にかかる費用の総額となります。 内容 費用(税別) 血液検査・身体機能検査 20,000 円 PRP 療法単回プラン ACP 使用 (1部位あたり)35,000 円 ACP MAX 使用 (1部位あたり)180,000 円 PRP 療法3回プラン ACP 使用(初回投与) (1部位あたり)35,000 円 ACP 使用(2回目投与以降) (1部位あたり)20,000 円 • 治療終了後も定期的な受診が",,
V41_01F2505004,01F2505004,B,V41FD6612DD851,中国四国,広島県,大田クリニック整形外科,広島市中区富士見町4-27,第三種,自家多血小板血漿（Platelet-Rich Plasma：PRP）を用いた筋肉、腱、靭帯、筋膜の損傷及び慢性炎症の治療（関節外の軟部組織）,PRP,AUTO,1.0,https://saiseiiryo.mhlw.go.jp/published_plan/download/01F2505004/5/0,35000,税別,1部位,ACP MAX|ACP,Arthrex,9,,"本治療にかかる費用は以下のとおりです。 なお、PRP 療法の費用は、PRP 調製のための採血にかかる費用、PRP 調製費用、 投与にかかる費用の総額となります。 内容 費用(税別) 血液検査・身体機能検査 20,000 円 PRP 療法単回プラン ACP 使用 (1部位あたり)35,000 円 ACP MAX 使用 (1部位あたり)180,000 円 PRP 療法3回プラン ACP 使用(初回投与) (1部位あたり)35,000 円 ACP 使用(2回目投与以降) (1部位あたり)20,000 円 • 治療終了後も定期的な受診が必要です。 9 11.試料等の保存及び廃棄の方法",,
V41_01F2505004,01F2505004,B,V41FD6612DD851,中国四国,広島県,大田クリニック整形外科,広島市中区富士見町4-27,第三種,自家多血小板血漿（Platelet-Rich Plasma：PRP）を用いた筋肉、腱、靭帯、筋膜の損傷及び慢性炎症の治療（関節外の軟部組織）,PRP,AUTO,1.0,https://saiseiiryo.mhlw.go.jp/published_plan/download/01F2505004/5/0,180000,税別,1部位,ACP MAX|ACP,Arthrex,9,,"の費用は、PRP 調製のための採血にかかる費用、PRP 調製費用、 投与にかかる費用の総額となります。 内容 費用(税別) 血液検査・身体機能検査 20,000 円 PRP 療法単回プラン ACP 使用 (1部位あたり)35,000 円 ACP MAX 使用 (1部位あたり)180,000 円 PRP 療法3回プラン ACP 使用(初回投与) (1部位あたり)35,000 円 ACP 使用(2回目投与以降) (1部位あたり)20,000 円 • 治療終了後も定期的な受診が必要です。 9 11.試料等の保存及び廃棄の方法 患者様から採取した血液と作製したPRP は、患者様ご自",,
V41_01F2505004,01F2505004,B,V41FD6612DD851,中国四国,広島県,大田クリニック整形外科,広島市中区富士見町4-27,第三種,自家多血小板血漿（Platelet-Rich Plasma：PRP）を用いた筋肉、腱、靭帯、筋膜の損傷及び慢性炎症の治療（関節外の軟部組織）,PRP,AUTO,1.0,https://saiseiiryo.mhlw.go.jp/published_plan/download/01F2505004/5/0,20000,不明,1部位,ACP MAX|ACP,Arthrex,3,,"20,000 円 PRP 療法単回プラン ACP 使用 (1部位あたり)35,000 円 ACP MAX 使用 (1部位あたり)180,000 円 PRP 療法3回プラン ACP 使用(初回投与) (1部位あたり)35,000 円 ACP 使用(2回目投与以降) (1部位あたり)20,000 円 • 治療終了後も定期的な受診が必要です。 9 11.試料等の保存及び廃棄の方法 患者様から採取した血液と作製したPRP は、患者様ご自身の治療のみに使用しま す。ただし、症例検討や学会発表を目的として、血液やPRP の測定を行い、データ を取得することがあります。 血液およびPRP は微量で",,
V41_02F2502002,02F2502002,C,V41F4F516ED088,中国四国,広島県,寛田クリニック,広島市南区稲荷町3-20 トーレ稲荷町,第三種,自家多血小板血漿(Platelet-rich plasma:PRP)を用いた関節機能改善治療(関節腔外に限る),PRP,AUTO,1.0,https://saiseiiryo.mhlw.go.jp/published_plan/download/02F2502002/5/0,30000,税別,,ACP MAX|ACP|Angel,Arthrex,8,,"(2) 本治療にかかる費用は、以下のとおりです。なお、費用に含まれるのは、 治療に伴う診査、自家PRP 調製のための採血にかかる費用、自家PRP 調製費用、注入にかかる費用であり、以下が費用の総額となります。 PRP 療法の費用(消費税別) 医療機器名称 料金(税別) ACP 30,000 円 ACP MAX 160,000 円 Angel 260,000 円 *使用する医療機器(PRP キット)により治療費が異なります。 担当医師よりご説明いたしますので必ずご確認ください。 11. 試料等の保存及び廃棄の方法 この治療にて採取した血液は、患者様ご自身の治療のみに使用します。 ただし,症例検討や学会発",,
V41_02F2502002,02F2502002,C,V41F4F516ED088,中国四国,広島県,寛田クリニック,広島市南区稲荷町3-20 トーレ稲荷町,第三種,自家多血小板血漿(Platelet-rich plasma:PRP)を用いた関節機能改善治療(関節腔外に限る),PRP,AUTO,1.0,https://saiseiiryo.mhlw.go.jp/published_plan/download/02F2502002/5/0,160000,税別,,ACP MAX|ACP|Angel,Arthrex,8,,"下のとおりです。なお、費用に含まれるのは、 治療に伴う診査、自家PRP 調製のための採血にかかる費用、自家PRP 調製費用、注入にかかる費用であり、以下が費用の総額となります。 PRP 療法の費用(消費税別) 医療機器名称 料金(税別) ACP 30,000 円 ACP MAX 160,000 円 Angel 260,000 円 *使用する医療機器(PRP キット)により治療費が異なります。 担当医師よりご説明いたしますので必ずご確認ください。 11. 試料等の保存及び廃棄の方法 この治療にて採取した血液は、患者様ご自身の治療のみに使用します。 ただし,症例検討や学会発表を目的として,患者様より採取した血液",,
V41_02F2502002,02F2502002,C,V41F4F516ED088,中国四国,広島県,寛田クリニック,広島市南区稲荷町3-20 トーレ稲荷町,第三種,自家多血小板血漿(Platelet-rich plasma:PRP)を用いた関節機能改善治療(関節腔外に限る),PRP,AUTO,1.0,https://saiseiiryo.mhlw.go.jp/published_plan/download/02F2502002/5/0,260000,税別,,ACP MAX|ACP|Angel,Arthrex,8,,"るのは、 治療に伴う診査、自家PRP 調製のための採血にかかる費用、自家PRP 調製費用、注入にかかる費用であり、以下が費用の総額となります。 PRP 療法の費用(消費税別) 医療機器名称 料金(税別) ACP 30,000 円 ACP MAX 160,000 円 Angel 260,000 円 *使用する医療機器(PRP キット)により治療費が異なります。 担当医師よりご説明いたしますので必ずご確認ください。 11. 試料等の保存及び廃棄の方法 この治療にて採取した血液は、患者様ご自身の治療のみに使用します。 ただし,症例検討や学会発表を目的として,患者様より採取した血液及 び調整した細胞加工物(自家PR",,
V41_02F2604002,02F2604002,D,V41FC14A37E600,中国四国,広島県,広島大学病院,広島市南区霞一丁目２番３号,第三種,自家多血小板血漿（PRP）を用いた腱付着部炎、腱炎、靭帯損傷（関節外に限る）治療,PRP,AUTO,1.0,https://saiseiiryo.mhlw.go.jp/published_plan/download/02F2604002/5/0,24200,税込,2 回,,,10,7,"に限る)治療」は、治療に伴う診査、自家PRP 調製のための採血にかかる 費用、自家PRP 調製費用、注入の総額となります。 ※ PRP 療法 初回 24,200 円(消費税込) 2 回目以降 1 回あたり 21,800 円(消費税込) (3) 治療の回数に制限はありませんが、目安として複数回(3~4 回)の治療が",line-level strong price context,
V41_03F2511004,03F2511004,A,V41F6A090F95F3,中国四国,広島県,社会医療法人里仁会　興生総合病院,三原市円一町2丁目5番1号,第三種,自己多血小板血漿(PRP)を用いた整形外科領域における軟部組織治療,PRP,QC,1.0,https://saiseiiryo.mhlw.go.jp/published_plan/download/03F2511004/5/0,,,,,,,,,no price found after text/OCR pass,Document fetched but no price candidate
V41_01D2603004,01D2603004,B,V41FA35962BFED,中部,愛知県,HIME CLINIC,名古屋市千種区仲田2丁目305-1　COULEURS GRAND 202,第三種,多血小板血漿（PRP）を用いた筋肉、腱、靭帯治療,PRP,QC,1.0,https://saiseiiryo.mhlw.go.jp/published_plan/download/01D2603004/5/0,,,,,,,,,no price found after text/OCR pass,Document fetched but no price candidate
V41_01D2512001,01D2512001,C,V41F463EE109E7,中部,愛知県,伊藤整形・内科　あいちスポーツ人工関節クリニック,丹羽郡扶桑町大字高雄字郷東41,第二種,培養自家脂肪組織由来の間葉系間質細胞を用いた慢性疼痛の治療,脂肪由来幹細胞,QC,1.0,https://saiseiiryo.mhlw.go.jp/published_plan/download/01D2512001/5/0,100000,不明,,,,3,11,脂肪採取予定日の2 日前 ~脂肪採取当日の脂肪組織採取前 一律 10 万円をお支払いいただきます 3 脂肪組織採取後~細胞投与前,price candidates remain ambiguous,
V41_01D1907003,01D1907003,D,V41F1C713AF425,中部,愛知県,医療法人紫雪会　えさき整形外科リウマチ科,名古屋市南区鶴田一丁目7番26号,第三種,多血小板血漿(PRP)の投与によるスポーツ外傷を含む筋、腱、靱帯損傷治療,PRP,AUTO,1.0,https://saiseiiryo.mhlw.go.jp/published_plan/download/01D1907003/5/0,100000,不明,1 回,,,7,,ツ外傷を含む筋、腱、靱帯損傷治 療の説明文・同意文書 6 10. 治療にかかる費用について この治療は公的保険の対象ではありませんので、当病院所定の下記の施術料をお支払い いただきます。 ・PRP を用いた治療における施術料 10 万円 ご不明な点は医師・スタッフにお尋ねください。なお1 回の施術あたりの費用は、患部 の状態を確認した医師の判断、およびそれに応じたPRP 投与量等により変更となる場 合がございます。 11. その他治療についての注意事項 患者様の体調が良くない場合や、採取した血液の状態によって,,
V41_01D2401002,01D2401002,A,V41F7CB7D96BC9,中部,愛知県,"医療法人絢南会　　
かすがい関節・スポーツ整形外科いたみのクリニック",春日井市大手町4-7-1,第三種,四肢の靭帯、筋腱付着部およびスポーツ傷害（筋・腱・靭帯）を対象とした自家多血小板血漿（PRP）注入療法,PRP,AUTO,1.0,https://saiseiiryo.mhlw.go.jp/published_plan/download/01D2401002/5/0,290000,税込,1回,APS|PEAK,Zimmer Biomet|PEAK系,9,,"0,000 円(税込) PRP(PEAK) (ジョンソン・エンド・ジョンソン PEAK PRP キット)使用 ・・・・・・・ 200,000 円(税込) PRP(APS) (ジンマー・バイオメット APS – Autologous Protein Solution キ ット)使用 ・・・・・・・290,000 円(税込) ※患者様の症状によっては、治療を数回行うことがあります。治療前、または治 療後の状態から担当医師が判断し、患者様にお伝えしご相談させて頂きます。 ※治療内容・回数により1回あたりの費用が減額される場合がございます。施術する 前に詳細な説明をいたしますので、ご納得いただいた上で施術いただきますようお 願い申し上げます。",,
V41_01D2401002,01D2401002,A,V41F7CB7D96BC9,中部,愛知県,"医療法人絢南会　　
かすがい関節・スポーツ整形外科いたみのクリニック",春日井市大手町4-7-1,第三種,四肢の靭帯、筋腱付着部およびスポーツ傷害（筋・腱・靭帯）を対象とした自家多血小板血漿（PRP）注入療法,PRP,AUTO,1.0,https://saiseiiryo.mhlw.go.jp/published_plan/download/01D2401002/5/0,33000,税込,1 回,ACP|APS|GPS|PEAK,Arthrex|Zimmer Biomet|PEAK系,8,,"ります。当院において実施される本治療および本治 療に必要な検査などの費用は全額自己負担となります。 血液分離専用容器キットによる施術料1 回: PRP(ACP) (Arthrex ACP – Autologous Conditioned Plasma ダブルシリン ジ システム)使用 ・・・33,000 円(税込) PRP(GPSIII) (ジンマー・バイオメット GPSIII PRP キット)使用 ・・・・・・・ 90,000 円(税込) PRP(PEAK) (ジョンソン・エンド・ジョンソン PEAK PRP キット)使用 ・・・・・・・ 200,000 円(税込) PRP(APS) (ジンマー・バイオメット APS – Autol",,
V41_01D2401002,01D2401002,A,V41F7CB7D96BC9,中部,愛知県,"医療法人絢南会　　
かすがい関節・スポーツ整形外科いたみのクリニック",春日井市大手町4-7-1,第三種,四肢の靭帯、筋腱付着部およびスポーツ傷害（筋・腱・靭帯）を対象とした自家多血小板血漿（PRP）注入療法,PRP,AUTO,1.0,https://saiseiiryo.mhlw.go.jp/published_plan/download/01D2401002/5/0,90000,税込,1 回,ACP|APS|GPS|PEAK,Arthrex|Zimmer Biomet|PEAK系,8,,"よる施術料1 回: PRP(ACP) (Arthrex ACP – Autologous Conditioned Plasma ダブルシリン ジ システム)使用 ・・・33,000 円(税込) PRP(GPSIII) (ジンマー・バイオメット GPSIII PRP キット)使用 ・・・・・・・ 90,000 円(税込) PRP(PEAK) (ジョンソン・エンド・ジョンソン PEAK PRP キット)使用 ・・・・・・・ 200,000 円(税込) PRP(APS) (ジンマー・バイオメット APS – Autologous Protein Solution キ ット)使用 ・・・・・・・290,000 円(税込) ※患者様の症状によっ",,
V41_01D2401002,01D2401002,A,V41F7CB7D96BC9,中部,愛知県,"医療法人絢南会　　
かすがい関節・スポーツ整形外科いたみのクリニック",春日井市大手町4-7-1,第三種,四肢の靭帯、筋腱付着部およびスポーツ傷害（筋・腱・靭帯）を対象とした自家多血小板血漿（PRP）注入療法,PRP,AUTO,1.0,https://saiseiiryo.mhlw.go.jp/published_plan/download/01D2401002/5/0,200000,税込,,APS|GPS|PEAK,Zimmer Biomet|PEAK系,3,,"ダブルシリン ジ システム)使用 ・・・33,000 円(税込) PRP(GPSIII) (ジンマー・バイオメット GPSIII PRP キット)使用 ・・・・・・・ 90,000 円(税込) PRP(PEAK) (ジョンソン・エンド・ジョンソン PEAK PRP キット)使用 ・・・・・・・ 200,000 円(税込) PRP(APS) (ジンマー・バイオメット APS – Autologous Protein Solution キ ット)使用 ・・・・・・・290,000 円(税込) ※患者様の症状によっては、治療を数回行うことがあります。治療前、または治 療後の状態から担当医師が判断し、患者様にお伝えしご相談させて頂きます。 ※",,
V41_03D2505020,03D2505020,B,V41FF5CF7E4208,中部,愛知県,医療法人財団 檜扇会 クリニック 名古屋ちくさヒルズ,名古屋市千種区千種二丁目24番2号 千種タワーヒルズ1階,第三種,自己多血小板血漿（PRP)による捻挫、骨折治癒促進、靭帯損傷、腱鞘炎、アキレス腱炎の治療,PRP,QC,1.0,https://saiseiiryo.mhlw.go.jp/published_plan/download/03D2505020/5/0,45000,不明,,,,5,7,"20ml 2ml 45,000 円 ※初診時には、初診料として10,000 円がかかります。 (3)費用は、同意書にサイン後、PRP 治療のための採血の前に全額お支",price candidates remain ambiguous,
V41_03D2505020,03D2505020,B,V41FF5CF7E4208,中部,愛知県,医療法人財団 檜扇会 クリニック 名古屋ちくさヒルズ,名古屋市千種区千種二丁目24番2号 千種タワーヒルズ1階,第三種,自己多血小板血漿（PRP)による捻挫、骨折治癒促進、靭帯損傷、腱鞘炎、アキレス腱炎の治療,PRP,QC,1.0,https://saiseiiryo.mhlw.go.jp/published_plan/download/03D2505020/5/0,30000,不明,,,,0,7,"10ml 1ml 30,000 円 20ml 2ml",price candidates remain ambiguous,
V41_03D2505020,03D2505020,B,V41FF5CF7E4208,中部,愛知県,医療法人財団 檜扇会 クリニック 名古屋ちくさヒルズ,名古屋市千種区千種二丁目24番2号 千種タワーヒルズ1階,第三種,自己多血小板血漿（PRP)による捻挫、骨折治癒促進、靭帯損傷、腱鞘炎、アキレス腱炎の治療,PRP,QC,1.0,https://saiseiiryo.mhlw.go.jp/published_plan/download/03D2505020/5/0,10000,不明,,,,-5,7,"2ml 45,000 円 ※初診時には、初診料として10,000 円がかかります。 (3)費用は、同意書にサイン後、PRP 治療のための採血の前に全額お支 払いいただきます。",price candidates remain ambiguous,
V41_01D2511003,01D2511003,C,V41FCF34A9FD98,中部,愛知県,名古屋麻酔科クリニック,名古屋市千種区丘上町2-49-4,第三種,自己多血小板血漿(PRP)を用いた筋・腱・靭帯の損傷、慢性炎症へのペイン治療,PRP,AUTO,1.0,https://saiseiiryo.mhlw.go.jp/published_plan/download/01D2511003/5/0,55000,税込,1部位,,,13,5,"完全には否定できない ≪治療費用≫ □治療費は、1部位 55,000円(税込)です。患部の状態を確認し た医師の判断、およびそれに応じたPRPの投与量等により変更と なる場合があります。",line-level strong price context,
V41_03D2205001,03D2205001,D,V41F3C25716C44,中部,愛知県,名鉄病院,名古屋市西区栄生2-26-11,第三種,自己多血小板血漿（PRP）を用いた筋・腱・靱帯の損傷および慢性障害の治療,PRP,AUTO,1.0,https://saiseiiryo.mhlw.go.jp/published_plan/download/03D2205001/5/0,30000,税別,1回,,,12,7,本治療にかかる費用は、以下のとおりです。 初診時 :9000円 消費税別 PRP療法1回 :30000円 消費税別,line-level strong price context,
V41_03D2506004,03D2506004,A,V41F5AF30AB300,中部,愛知県,春日井整形あさひ病院,春日井市下原町字村東2090番地,第三種,自己多血小板血漿(PRP)を用いた筋・腱・靭帯等の軟部組織治療,PRP,QC,1.0,https://saiseiiryo.mhlw.go.jp/published_plan/download/03D2506004/5/0,,,,,,,,,no price found after text/OCR pass,Document fetched but no price candidate
V41_01D2401004,01D2401004,B,V41F504EF80E54,中部,愛知県,水谷整形外科・内科クリニック,名古屋市熱田区金山町一丁目６番３号,第三種,自己多血小板血漿（PRP）を用いた整形外科領域における軟部組織治療,PRP,AUTO,1.0,https://saiseiiryo.mhlw.go.jp/published_plan/download/01D2401004/5/0,40000,税別,1回,ACP|Angel,Arthrex,9,,"テロイド剤の副作用で重篤な感染症の誘発・骨粗鬆症の増悪・薬剤離脱困難等が生じてし まう可能性があります。 治療にかかる費用について この治療は公的保険の対象ではありませんので、当施設にて施術料をお支払いいただきます。 ・PRP 療法 ACP ダブルシリンジシステム使用 1回 40,000円(税別) Angel cPRP システム使用 1回 200,000円(税別) ※患者さまの症状により施術料が変わる場合は別途、ご説明いたします。 その他治療についての注意事項 患者さまの体調が良くない場合や、採取した血液の状態によっては、PRP を分離できない",,
V41_01D2401004,01D2401004,B,V41F504EF80E54,中部,愛知県,水谷整形外科・内科クリニック,名古屋市熱田区金山町一丁目６番３号,第三種,自己多血小板血漿（PRP）を用いた整形外科領域における軟部組織治療,PRP,AUTO,1.0,https://saiseiiryo.mhlw.go.jp/published_plan/download/01D2401004/5/0,200000,税別,1回,ACP|Angel,Arthrex,9,,"し まう可能性があります。 治療にかかる費用について この治療は公的保険の対象ではありませんので、当施設にて施術料をお支払いいただきます。 ・PRP 療法 ACP ダブルシリンジシステム使用 1回 40,000円(税別) Angel cPRP システム使用 1回 200,000円(税別) ※患者さまの症状により施術料が変わる場合は別途、ご説明いたします。 その他治療についての注意事項 患者さまの体調が良くない場合や、採取した血液の状態によっては、PRP を分離できないこ とがあります。 その際には、再度採血をさせていただく場合があります。 ま",,
V41_01D2601004,01D2601004,C,V41F862A31C829,中部,愛知県,蒲郡市民病院,蒲郡市平田町向田１番地１,第三種,四肢の筋・腱・靱帯及びその付着部の傷害を対象とした自家多血小板血漿（PRP）注入療法,PRP,AUTO,1.0,https://saiseiiryo.mhlw.go.jp/published_plan/download/01D2601004/5/0,59800,税込,1 回,Condensia,京セラ,10,5,"療に必要な検査などの費用は全額自己負担となります。 血液分離専用容器キットによる提供価格 PRP:(京セラCondensia システム)使用 ・・・・・1 回59,800 円(税込) ※患者様の症状によっては、治療を数回行うことがあります。治療前、または治療後 の状態から担当医師が判断し、患者様にお伝えしご相談させて頂きます。",line-level strong price context,
V41_01C2503073,01C2503073,A,V41F1FC77CE393,関東,東京都,AR-Ex尾山台整形外科,世田谷区等々力四丁目13番1号,第二種,⾃家多⾎⼩板⾎漿（Platelet-rich plasma：PRP）を⽤いた慢性関節炎ならびに関節内軟⾻・靭帯損傷の治療（関節内組織）,PRP,QC,1.0,https://saiseiiryo.mhlw.go.jp/published_plan/download/01C2503073/5/0,50000,税別,1 回(1 部位),ACP,Arthrex,6,7,"費用(税別) ACP 1 回(1 部位) 50,000 円 ACP(学割) 1 回(1 部位) 35,000 円",price candidates remain ambiguous,
V41_01C2503073,01C2503073,A,V41F1FC77CE393,関東,東京都,AR-Ex尾山台整形外科,世田谷区等々力四丁目13番1号,第二種,⾃家多⾎⼩板⾎漿（Platelet-rich plasma：PRP）を⽤いた慢性関節炎ならびに関節内軟⾻・靭帯損傷の治療（関節内組織）,PRP,QC,1.0,https://saiseiiryo.mhlw.go.jp/published_plan/download/01C2503073/5/0,150000,不明,1 回(1 部位),ACP MAX|ACP,Arthrex,5,7,"1 回(1 部位) 95,000 円 ACP MAX 1 回(1 部位) 150,000 円 (3) 採血を開始してからのキャンセルについては、キャンセル費用をいただ きます。",price candidates remain ambiguous,
V41_01C2503073,01C2503073,A,V41F1FC77CE393,関東,東京都,AR-Ex尾山台整形外科,世田谷区等々力四丁目13番1号,第二種,⾃家多⾎⼩板⾎漿（Platelet-rich plasma：PRP）を⽤いた慢性関節炎ならびに関節内軟⾻・靭帯損傷の治療（関節内組織）,PRP,QC,1.0,https://saiseiiryo.mhlw.go.jp/published_plan/download/01C2503073/5/0,35000,不明,1 回(1 部位),ACP,Arthrex,2,7,"1 回(1 部位) 50,000 円 ACP(学割) 1 回(1 部位) 35,000 円 ACP ダブルショット 1 回(1 部位) 95,000 円",price candidates remain ambiguous,
V41_01C2503073,01C2503073,A,V41F1FC77CE393,関東,東京都,AR-Ex尾山台整形外科,世田谷区等々力四丁目13番1号,第二種,⾃家多⾎⼩板⾎漿（Platelet-rich plasma：PRP）を⽤いた慢性関節炎ならびに関節内軟⾻・靭帯損傷の治療（関節内組織）,PRP,QC,1.0,https://saiseiiryo.mhlw.go.jp/published_plan/download/01C2503073/5/0,95000,不明,1 回(1 部位),ACP MAX|ACP,Arthrex,2,7,"1 回(1 部位) 35,000 円 ACP ダブルショット 1 回(1 部位) 95,000 円 ACP MAX 1 回(1 部位) 150,000 円",price candidates remain ambiguous,
V41_02C2512025,02C2512025,B,V41F1FC77CE393,関東,東京都,AR-Ex尾山台整形外科,世田谷区等々力四丁目13番1号,第二種,⾃家多⾎⼩板⾎漿（Platelet-rich plasma：PRP）を⽤いた慢性関節障害に対する治療,PRP,AUTO,1.0,https://saiseiiryo.mhlw.go.jp/published_plan/download/02C2512025/5/0,35000,税込,1 回(1 部位),ACP MAX|ACP,Arthrex,8,,"。 l 施術する前に詳細な施術料金を提示いたしますので、ご納得いただいた上、受療いただ きますようお願い申し上げます。 一般的な治療費用は下記のとおりです。(税込表記) キット 費用(税別) ACP 1 回(1 部位) 50,000 円 ACP(学割) 1 回(1 部位) 35,000 円 ACP ダブルショット 1 回(1 部位) 95,000 円 ACP MAX 1 回(1 部位) 150,000 円 ACPMAX 関節内および骨内注射 1 回(1 部位) 650,000 円 10.その他、治療についての注意事項 l 患者様の体調",,
V41_02C2512025,02C2512025,B,V41F1FC77CE393,関東,東京都,AR-Ex尾山台整形外科,世田谷区等々力四丁目13番1号,第二種,⾃家多⾎⼩板⾎漿（Platelet-rich plasma：PRP）を⽤いた慢性関節障害に対する治療,PRP,AUTO,1.0,https://saiseiiryo.mhlw.go.jp/published_plan/download/02C2512025/5/0,50000,税込,1 回(1 部位),ACP MAX|ACP,Arthrex,8,,"本治療に係る費用は患者様の症状などにより患者様毎に異なります。 l 施術する前に詳細な施術料金を提示いたしますので、ご納得いただいた上、受療いただ きますようお願い申し上げます。 一般的な治療費用は下記のとおりです。(税込表記) キット 費用(税別) ACP 1 回(1 部位) 50,000 円 ACP(学割) 1 回(1 部位) 35,000 円 ACP ダブルショット 1 回(1 部位) 95,000 円 ACP MAX 1 回(1 部位) 150,000 円 ACPMAX 関節内および骨内注射 1 回(1 部位) 650,000 円 10.その他、治療についての注意事項",,
V41_02C2512025,02C2512025,B,V41F1FC77CE393,関東,東京都,AR-Ex尾山台整形外科,世田谷区等々力四丁目13番1号,第二種,⾃家多⾎⼩板⾎漿（Platelet-rich plasma：PRP）を⽤いた慢性関節障害に対する治療,PRP,AUTO,1.0,https://saiseiiryo.mhlw.go.jp/published_plan/download/02C2512025/5/0,95000,税込,1 回(1 部位),ACP MAX|ACP,Arthrex,8,,"ただいた上、受療いただ きますようお願い申し上げます。 一般的な治療費用は下記のとおりです。(税込表記) キット 費用(税別) ACP 1 回(1 部位) 50,000 円 ACP(学割) 1 回(1 部位) 35,000 円 ACP ダブルショット 1 回(1 部位) 95,000 円 ACP MAX 1 回(1 部位) 150,000 円 ACPMAX 関節内および骨内注射 1 回(1 部位) 650,000 円 10.その他、治療についての注意事項 l 患者様の体調が良くない場合や、採取した血液の状態によっては、同意いただいても治",,
V41_02C2512025,02C2512025,B,V41F1FC77CE393,関東,東京都,AR-Ex尾山台整形外科,世田谷区等々力四丁目13番1号,第二種,⾃家多⾎⼩板⾎漿（Platelet-rich plasma：PRP）を⽤いた慢性関節障害に対する治療,PRP,AUTO,1.0,https://saiseiiryo.mhlw.go.jp/published_plan/download/02C2512025/5/0,150000,税込,1 回(1 部位),ACP MAX|ACP,Arthrex,8,,"一般的な治療費用は下記のとおりです。(税込表記) キット 費用(税別) ACP 1 回(1 部位) 50,000 円 ACP(学割) 1 回(1 部位) 35,000 円 ACP ダブルショット 1 回(1 部位) 95,000 円 ACP MAX 1 回(1 部位) 150,000 円 ACPMAX 関節内および骨内注射 1 回(1 部位) 650,000 円 10.その他、治療についての注意事項 l 患者様の体調が良くない場合や、採取した血液の状態によっては、同意いただいても治 療を実施できないことがあります。 l 細胞の特性上、治療の",,
V41_02C2512025,02C2512025,B,V41F1FC77CE393,関東,東京都,AR-Ex尾山台整形外科,世田谷区等々力四丁目13番1号,第二種,⾃家多⾎⼩板⾎漿（Platelet-rich plasma：PRP）を⽤いた慢性関節障害に対する治療,PRP,AUTO,1.0,https://saiseiiryo.mhlw.go.jp/published_plan/download/02C2512025/5/0,650000,不明,1 回(1 部位),ACP MAX|ACP,Arthrex,2,,"CP 1 回(1 部位) 50,000 円 ACP(学割) 1 回(1 部位) 35,000 円 ACP ダブルショット 1 回(1 部位) 95,000 円 ACP MAX 1 回(1 部位) 150,000 円 ACPMAX 関節内および骨内注射 1 回(1 部位) 650,000 円 10.その他、治療についての注意事項 l 患者様の体調が良くない場合や、採取した血液の状態によっては、同意いただいても治 療を実施できないことがあります。 l 細胞の特性上、治療の日程やお時間を変更させていただいたり、安全な治療を実施でき ないと判断した場合は中",,
V41_02C2512027,02C2512027,D,V41F1FC77CE393,関東,東京都,AR-Ex尾山台整形外科,世田谷区等々力四丁目13番1号,第二種,脂肪幹細胞を用いた慢性関節障害に対する治療,脂肪由来幹細胞,QC,1.0,https://saiseiiryo.mhlw.go.jp/published_plan/download/02C2512027/5/0,1000000,税別,1 回,,,5,9,"治療費用(税別)*2 1 約3,000 万個×1 回分 100 万円 2 約5,000 万個×1 回分 110 万円",price candidates remain ambiguous,
V41_02C2512027,02C2512027,D,V41F1FC77CE393,関東,東京都,AR-Ex尾山台整形外科,世田谷区等々力四丁目13番1号,第二種,脂肪幹細胞を用いた慢性関節障害に対する治療,脂肪由来幹細胞,QC,1.0,https://saiseiiryo.mhlw.go.jp/published_plan/download/02C2512027/5/0,20000,不明,,,,3,10,細胞投与後 1 2 万円 20 万円 80 万円,price candidates remain ambiguous,
V41_02C2512027,02C2512027,D,V41F1FC77CE393,関東,東京都,AR-Ex尾山台整形外科,世田谷区等々力四丁目13番1号,第二種,脂肪幹細胞を用いた慢性関節障害に対する治療,脂肪由来幹細胞,QC,1.0,https://saiseiiryo.mhlw.go.jp/published_plan/download/02C2512027/5/0,1800000,不明,1 回,,,3,9,250 万円 8 約1 億個×1 回分(骨髄内幹細胞投与) 180 万円 9 約1 億個×1 回分(関節内幹細胞投与+骨髄内幹細胞投与) 190 万円,price candidates remain ambiguous,
V41_02C2512027,02C2512027,D,V41F1FC77CE393,関東,東京都,AR-Ex尾山台整形外科,世田谷区等々力四丁目13番1号,第二種,脂肪幹細胞を用いた慢性関節障害に対する治療,脂肪由来幹細胞,QC,1.0,https://saiseiiryo.mhlw.go.jp/published_plan/download/02C2512027/5/0,1900000,不明,1 回,,,3,9,180 万円 9 約1 億個×1 回分(関節内幹細胞投与+骨髄内幹細胞投与) 190 万円 *投与細胞数は患部の状態や患者様のご希望などを考慮して決定します。 *2処置前感染症検査、投与時と投与 6 カ月後の関節鏡検査代、3 カ月と6 カ月後のMRI、鎮痛薬、,price candidates remain ambiguous,
V41_02C2512027,02C2512027,D,V41F1FC77CE393,関東,東京都,AR-Ex尾山台整形外科,世田谷区等々力四丁目13番1号,第二種,脂肪幹細胞を用いた慢性関節障害に対する治療,脂肪由来幹細胞,QC,1.0,https://saiseiiryo.mhlw.go.jp/published_plan/download/02C2512027/5/0,2000000,不明,3 回分,,,3,9,"150 万円 4 約3,000 万個×3 回分 200 万円 5 約2 億個×1 回分(1 関節) 230 万円",price candidates remain ambiguous,
V41_02C2512027,02C2512027,D,V41F1FC77CE393,関東,東京都,AR-Ex尾山台整形外科,世田谷区等々力四丁目13番1号,第二種,脂肪幹細胞を用いた慢性関節障害に対する治療,脂肪由来幹細胞,QC,1.0,https://saiseiiryo.mhlw.go.jp/published_plan/download/02C2512027/5/0,2300000,不明,1 回,,,3,9,200 万円 5 約2 億個×1 回分(1 関節) 230 万円 6 約1 億個×2 回分(2 関節) 230 万円,price candidates remain ambiguous,
V41_02C2512027,02C2512027,D,V41F1FC77CE393,関東,東京都,AR-Ex尾山台整形外科,世田谷区等々力四丁目13番1号,第二種,脂肪幹細胞を用いた慢性関節障害に対する治療,脂肪由来幹細胞,QC,1.0,https://saiseiiryo.mhlw.go.jp/published_plan/download/02C2512027/5/0,2300000,不明,2 回分,,,3,9,230 万円 6 約1 億個×2 回分(2 関節) 230 万円 7 約1 億個×2 回分 250 万円,price candidates remain ambiguous,
V41_02C2512027,02C2512027,D,V41F1FC77CE393,関東,東京都,AR-Ex尾山台整形外科,世田谷区等々力四丁目13番1号,第二種,脂肪幹細胞を用いた慢性関節障害に対する治療,脂肪由来幹細胞,QC,1.0,https://saiseiiryo.mhlw.go.jp/published_plan/download/02C2512027/5/0,2500000,不明,2 回分,,,3,9,230 万円 7 約1 億個×2 回分 250 万円 8 約1 億個×1 回分(骨髄内幹細胞投与) 180 万円,price candidates remain ambiguous,
V41_02C2512027,02C2512027,D,V41F1FC77CE393,関東,東京都,AR-Ex尾山台整形外科,世田谷区等々力四丁目13番1号,第二種,脂肪幹細胞を用いた慢性関節障害に対する治療,脂肪由来幹細胞,QC,1.0,https://saiseiiryo.mhlw.go.jp/published_plan/download/02C2512027/5/0,1100000,不明,1 回,,,1,9,"100 万円 2 約5,000 万個×1 回分 110 万円 3 約1 億個×1 回分 150 万円",price candidates remain ambiguous,
V41_02C2512027,02C2512027,D,V41F1FC77CE393,関東,東京都,AR-Ex尾山台整形外科,世田谷区等々力四丁目13番1号,第二種,脂肪幹細胞を用いた慢性関節障害に対する治療,脂肪由来幹細胞,QC,1.0,https://saiseiiryo.mhlw.go.jp/published_plan/download/02C2512027/5/0,1500000,不明,1 回,,,1,9,"110 万円 3 約1 億個×1 回分 150 万円 4 約3,000 万個×3 回分 200 万円",price candidates remain ambiguous,
V41_02C2512027,02C2512027,D,V41F1FC77CE393,関東,東京都,AR-Ex尾山台整形外科,世田谷区等々力四丁目13番1号,第二種,脂肪幹細胞を用いた慢性関節障害に対する治療,脂肪由来幹細胞,QC,1.0,https://saiseiiryo.mhlw.go.jp/published_plan/download/02C2512027/5/0,200000,不明,,,,0,10,1 2 万円 20 万円 80 万円 100 万円,price candidates remain ambiguous,
V41_02C2512027,02C2512027,D,V41F1FC77CE393,関東,東京都,AR-Ex尾山台整形外科,世田谷区等々力四丁目13番1号,第二種,脂肪幹細胞を用いた慢性関節障害に対する治療,脂肪由来幹細胞,QC,1.0,https://saiseiiryo.mhlw.go.jp/published_plan/download/02C2512027/5/0,800000,不明,,,,0,10,2 万円 20 万円 80 万円 100 万円 2,price candidates remain ambiguous,
V41_02C2512027,02C2512027,D,V41F1FC77CE393,関東,東京都,AR-Ex尾山台整形外科,世田谷区等々力四丁目13番1号,第二種,脂肪幹細胞を用いた慢性関節障害に対する治療,脂肪由来幹細胞,QC,1.0,https://saiseiiryo.mhlw.go.jp/published_plan/download/02C2512027/5/0,900000,不明,,,,0,10,2 万円 20 万円 90 万円 110 万円 3,price candidates remain ambiguous,
V41_02C2512027,02C2512027,D,V41F1FC77CE393,関東,東京都,AR-Ex尾山台整形外科,世田谷区等々力四丁目13番1号,第二種,脂肪幹細胞を用いた慢性関節障害に対する治療,脂肪由来幹細胞,QC,1.0,https://saiseiiryo.mhlw.go.jp/published_plan/download/02C2512027/5/0,1000000,不明,,,,0,10,20 万円 80 万円 100 万円 2 2 万円,price candidates remain ambiguous,
V41_02C2512027,02C2512027,D,V41F1FC77CE393,関東,東京都,AR-Ex尾山台整形外科,世田谷区等々力四丁目13番1号,第二種,脂肪幹細胞を用いた慢性関節障害に対する治療,脂肪由来幹細胞,QC,1.0,https://saiseiiryo.mhlw.go.jp/published_plan/download/02C2512027/5/0,1100000,不明,,,,0,10,20 万円 90 万円 110 万円 3 2 万円,price candidates remain ambiguous,
V41_02C2512027,02C2512027,D,V41F1FC77CE393,関東,東京都,AR-Ex尾山台整形外科,世田谷区等々力四丁目13番1号,第二種,脂肪幹細胞を用いた慢性関節障害に対する治療,脂肪由来幹細胞,QC,1.0,https://saiseiiryo.mhlw.go.jp/published_plan/download/02C2512027/5/0,1200000,不明,,,,0,10,2 万円 20 万円 120 万円 150 万円 4,price candidates remain ambiguous,
V41_01C2505023,01C2505023,C,V41F2D8FF4122C,関東,東京都,GINZA NOA CLINIC,中央区銀座5-4-6 ロイヤルクリスタル銀座3階,第二種,変形性関節症に対する自己脂肪由来幹細胞を用いた治療,脂肪由来幹細胞,QC,1.0,https://saiseiiryo.mhlw.go.jp/published_plan/download/01C2505023/5/0,,,,,,,,,no price found after rescue text/OCR pass,Rescue completed; OCR page timeouts=0
V41_01C2501048,01C2501048,A,V41FFDC4415AAB,関東,東京都,GINZA中央クリニック,中央区銀座7-8-8 6階,第二種,自己脂肪由来間葉系幹細胞を用いた変形性関節症治療,脂肪由来幹細胞,QC,1.0,https://saiseiiryo.mhlw.go.jp/published_plan/download/01C2501048/5/0,,,,,,,,,no price found after rescue text/OCR pass,Rescue completed; OCR page timeouts=0
V41_01C2506062,01C2506062,D,V41FFDC4415AAB,関東,東京都,GINZA中央クリニック,中央区銀座7-8-8 6階,第二種,変形性関節症に対する自己脂肪由来幹細胞を用いた治療,脂肪由来幹細胞,QC,1.0,https://saiseiiryo.mhlw.go.jp/published_plan/download/01C2506062/5/0,,,,,,,,,no price found after rescue text/OCR pass,Rescue completed; OCR page timeouts=0
V41_01C2210035,01C2210035,B,V41F44A291BB5A,関東,東京都,MediLotus clinic,港区麻布十番1丁目7－1　ヨーロッパハウス９階,第二種,自己脂肪由来幹細胞を用いた変形性関節症の治療,脂肪由来幹細胞,QC,1.0,https://saiseiiryo.mhlw.go.jp/published_plan/download/01C2210035/5/0,,,,,,,,,no price found after text/OCR pass,Document fetched but no price candidate
V41_02C2504115,02C2504115,C,V41FFD422B4C2C,関東,東京都,N2クリニック四谷,新宿区左門町2-6 ワコービル5階,第二種,ヒト自己脂肪組織由来間葉系幹細胞の関節内投与による関節傷害の症状改善の治療,脂肪由来幹細胞,AUTO,1.0,https://saiseiiryo.mhlw.go.jp/published_plan/download/02C2504115/5/0,1500000,税別,,,,12,1,"※日本人・日本在住者(健康保険証を持つ方) 1 関節(約3000 万個関節腔内投与) ········· 1,650,000 円 (税抜価格1,500,000 円+消費税) 2 関節(1 関節あたり約3000 万個関節腔内投与) ··· 2,420,000 円 (税抜価格2,200,000 円+消費税)",line-level strong price context,
V41_02C2504115,02C2504115,C,V41FFD422B4C2C,関東,東京都,N2クリニック四谷,新宿区左門町2-6 ワコービル5階,第二種,ヒト自己脂肪組織由来間葉系幹細胞の関節内投与による関節傷害の症状改善の治療,脂肪由来幹細胞,AUTO,1.0,https://saiseiiryo.mhlw.go.jp/published_plan/download/02C2504115/5/0,1800000,税別,,,,12,2,"※外国人(健康保険証を持たない方) 1 関節(約3000 万個関節腔内投与) ········· 1,980,000 円 (税抜価格1,800,000 円+消費税) 2 関節(1 関節あたり約3000 万個関節腔内投与) ··· 2,750,000 円 (税抜価格2,500,000 円+消費税)",line-level strong price context,
V41_02C2504115,02C2504115,C,V41FFD422B4C2C,関東,東京都,N2クリニック四谷,新宿区左門町2-6 ワコービル5階,第二種,ヒト自己脂肪組織由来間葉系幹細胞の関節内投与による関節傷害の症状改善の治療,脂肪由来幹細胞,AUTO,1.0,https://saiseiiryo.mhlw.go.jp/published_plan/download/02C2504115/5/0,2200000,税別,,,,12,1,"(税抜価格1,500,000 円+消費税) 2 関節(1 関節あたり約3000 万個関節腔内投与) ··· 2,420,000 円 (税抜価格2,200,000 円+消費税) ⚫ 初診料、再診料、検査料は別途",line-level strong price context,
V41_02C2504115,02C2504115,C,V41FFD422B4C2C,関東,東京都,N2クリニック四谷,新宿区左門町2-6 ワコービル5階,第二種,ヒト自己脂肪組織由来間葉系幹細胞の関節内投与による関節傷害の症状改善の治療,脂肪由来幹細胞,AUTO,1.0,https://saiseiiryo.mhlw.go.jp/published_plan/download/02C2504115/5/0,2500000,税別,,,,12,2,"(税抜価格1,800,000 円+消費税) 2 関節(1 関節あたり約3000 万個関節腔内投与) ··· 2,750,000 円 (税抜価格2,500,000 円+消費税) ⚫ 初診料、再診料、検査料は別途",line-level strong price context,
V41_02C2504115,02C2504115,C,V41FFD422B4C2C,関東,東京都,N2クリニック四谷,新宿区左門町2-6 ワコービル5階,第二種,ヒト自己脂肪組織由来間葉系幹細胞の関節内投与による関節傷害の症状改善の治療,脂肪由来幹細胞,AUTO,1.0,https://saiseiiryo.mhlw.go.jp/published_plan/download/02C2504115/5/0,1650000,税別,,,,11,1,"改善の治療」治療費用一覧 ※日本人・日本在住者(健康保険証を持つ方) 1 関節(約3000 万個関節腔内投与) ········· 1,650,000 円 (税抜価格1,500,000 円+消費税) 2 関節(1 関節あたり約3000 万個関節腔内投与) ··· 2,420,000 円",line-level strong price context,
V41_02C2504115,02C2504115,C,V41FFD422B4C2C,関東,東京都,N2クリニック四谷,新宿区左門町2-6 ワコービル5階,第二種,ヒト自己脂肪組織由来間葉系幹細胞の関節内投与による関節傷害の症状改善の治療,脂肪由来幹細胞,AUTO,1.0,https://saiseiiryo.mhlw.go.jp/published_plan/download/02C2504115/5/0,1980000,税別,,,,11,2,"改善の治療」治療費用一覧 ※外国人(健康保険証を持たない方) 1 関節(約3000 万個関節腔内投与) ········· 1,980,000 円 (税抜価格1,800,000 円+消費税) 2 関節(1 関節あたり約3000 万個関節腔内投与) ··· 2,750,000 円",line-level strong price context,
V41_02C2504115,02C2504115,C,V41FFD422B4C2C,関東,東京都,N2クリニック四谷,新宿区左門町2-6 ワコービル5階,第二種,ヒト自己脂肪組織由来間葉系幹細胞の関節内投与による関節傷害の症状改善の治療,脂肪由来幹細胞,AUTO,1.0,https://saiseiiryo.mhlw.go.jp/published_plan/download/02C2504115/5/0,2420000,税別,,,,11,1,"1 関節(約3000 万個関節腔内投与) ········· 1,650,000 円 (税抜価格1,500,000 円+消費税) 2 関節(1 関節あたり約3000 万個関節腔内投与) ··· 2,420,000 円 (税抜価格2,200,000 円+消費税) ⚫",line-level strong price context,
V41_02C2504115,02C2504115,C,V41FFD422B4C2C,関東,東京都,N2クリニック四谷,新宿区左門町2-6 ワコービル5階,第二種,ヒト自己脂肪組織由来間葉系幹細胞の関節内投与による関節傷害の症状改善の治療,脂肪由来幹細胞,AUTO,1.0,https://saiseiiryo.mhlw.go.jp/published_plan/download/02C2504115/5/0,2750000,税別,,,,11,2,"1 関節(約3000 万個関節腔内投与) ········· 1,980,000 円 (税抜価格1,800,000 円+消費税) 2 関節(1 関節あたり約3000 万個関節腔内投与) ··· 2,750,000 円 (税抜価格2,500,000 円+消費税) ⚫",line-level strong price context,
V41_01C2304054,01C2304054,B,V41F805F3328B2,関東,東京都,NAG整形外科,港区白金台5-6-9 Wind Base白金５階,第二種,自己脂肪組織間葉系幹細胞（ADSC）を用いた関節治療,脂肪由来幹細胞,QC,1.0,https://saiseiiryo.mhlw.go.jp/published_plan/download/01C2304054/5/0,990000,税込,2 回,,,4,11,"【施術料金(税込)】 初回 :1,320,000 円 2 回目:990,000 円 (※同時に5ml 以上作製する場合、5ml ごとに 990,000 円 別の日に作製する場合は1,320,000 円)",price candidates remain ambiguous,
V41_01C2304054,01C2304054,B,V41F805F3328B2,関東,東京都,NAG整形外科,港区白金台5-6-9 Wind Base白金５階,第二種,自己脂肪組織間葉系幹細胞（ADSC）を用いた関節治療,脂肪由来幹細胞,QC,1.0,https://saiseiiryo.mhlw.go.jp/published_plan/download/01C2304054/5/0,1320000,税込,2 回,,,4,11,"血液検査:11,000 円(診察料込) 【施術料金(税込)】 初回 :1,320,000 円 2 回目:990,000 円 (※同時に5ml 以上作製する場合、5ml ごとに 990,000 円",price candidates remain ambiguous,
V41_01C2304054,01C2304054,B,V41F805F3328B2,関東,東京都,NAG整形外科,港区白金台5-6-9 Wind Base白金５階,第二種,自己脂肪組織間葉系幹細胞（ADSC）を用いた関節治療,脂肪由来幹細胞,QC,1.0,https://saiseiiryo.mhlw.go.jp/published_plan/download/01C2304054/5/0,1320000,不明,2 回,,,3,11,"2 回目:990,000 円 (※同時に5ml 以上作製する場合、5ml ごとに 990,000 円 別の日に作製する場合は1,320,000 円) *施術予定日を含む3 週間前までのキャンセルの場合、 施術料金の60%を返金させていただきます。",price candidates remain ambiguous,
V41_01C2304054,01C2304054,B,V41F805F3328B2,関東,東京都,NAG整形外科,港区白金台5-6-9 Wind Base白金５階,第二種,自己脂肪組織間葉系幹細胞（ADSC）を用いた関節治療,脂肪由来幹細胞,QC,1.0,https://saiseiiryo.mhlw.go.jp/published_plan/download/01C2304054/5/0,990000,不明,2 回,,,0,11,"初回 :1,320,000 円 2 回目:990,000 円 (※同時に5ml 以上作製する場合、5ml ごとに 990,000 円 別の日に作製する場合は1,320,000 円) *施術予定日を含む3 週間前までのキャンセルの場合、",price candidates remain ambiguous,
V41_01C2304054,01C2304054,B,V41F805F3328B2,関東,東京都,NAG整形外科,港区白金台5-6-9 Wind Base白金５階,第二種,自己脂肪組織間葉系幹細胞（ADSC）を用いた関節治療,脂肪由来幹細胞,QC,1.0,https://saiseiiryo.mhlw.go.jp/published_plan/download/01C2304054/5/0,3300,税込,,,,-6,11,"ます。 【診察料+血液検査料金(税込)】 診察料 :3,300 円(診察のみの場合) 血液検査:11,000 円(診察料込) 【施術料金(税込)】",price candidates remain ambiguous,
V41_01C2304054,01C2304054,B,V41F805F3328B2,関東,東京都,NAG整形外科,港区白金台5-6-9 Wind Base白金５階,第二種,自己脂肪組織間葉系幹細胞（ADSC）を用いた関節治療,脂肪由来幹細胞,QC,1.0,https://saiseiiryo.mhlw.go.jp/published_plan/download/01C2304054/5/0,11000,税込,,,,-6,11,"【診察料+血液検査料金(税込)】 診察料 :3,300 円(診察のみの場合) 血液検査:11,000 円(診察料込) 【施術料金(税込)】 初回 :1,320,000 円",price candidates remain ambiguous,
V41_01C2304054,01C2304054,B,V41F805F3328B2,関東,東京都,NAG整形外科,港区白金台5-6-9 Wind Base白金５階,第二種,自己脂肪組織間葉系幹細胞（ADSC）を用いた関節治療,脂肪由来幹細胞,QC,1.0,https://saiseiiryo.mhlw.go.jp/published_plan/download/01C2304054/5/0,110000,税込,,,,-9,11,"処置料:0 円/回 【細胞保管料(税込)】 年間保管料:110,000 円(1 年更新)",price candidates remain ambiguous,
V41_01C2305018,01C2305018,D,V41F805F3328B2,関東,東京都,NAG整形外科,港区白金台5-6-9 Wind Base白金５階,第三種,多血小板血漿を用いた関節炎治療,PRP,AUTO,1.0,https://saiseiiryo.mhlw.go.jp/published_plan/download/01C2305018/5/0,132000,税込,,,,11,9,"【調製・施術料(税込)】 PRP 投与料金: ・1 か所投与 132,000 円 ・2 か所投与または分割投与 231,000 円 *キャンセル規定について",line-level strong price context,
V41_01C2305018,01C2305018,D,V41F805F3328B2,関東,東京都,NAG整形外科,港区白金台5-6-9 Wind Base白金５階,第三種,多血小板血漿を用いた関節炎治療,PRP,AUTO,1.0,https://saiseiiryo.mhlw.go.jp/published_plan/download/01C2305018/5/0,231000,不明,,,,10,9,"PRP 投与料金: ・1 か所投与 132,000 円 ・2 か所投与または分割投与 231,000 円 *キャンセル規定について ・採血後、PRP の調製を開始する前",line-level strong price context,
V41_01C2305019,01C2305019,A,V41F805F3328B2,関東,東京都,NAG整形外科,港区白金台5-6-9 Wind Base白金５階,第二種,多血小板血漿を用いた関節炎治療（第2種再生医療）,PRP,AUTO,1.0,https://saiseiiryo.mhlw.go.jp/published_plan/download/01C2305019/5/0,165000,税込,,,,11,9,"【調製・施術料金(税込)】 PRP 関節投与料金: ・1 か所投与 165,000 円 ・2 か所投与または分割投与 297,000 円 *キャンセル規定について",line-level strong price context,
V41_01C2305019,01C2305019,A,V41F805F3328B2,関東,東京都,NAG整形外科,港区白金台5-6-9 Wind Base白金５階,第二種,多血小板血漿を用いた関節炎治療（第2種再生医療）,PRP,AUTO,1.0,https://saiseiiryo.mhlw.go.jp/published_plan/download/01C2305019/5/0,297000,不明,,,,10,9,"PRP 関節投与料金: ・1 か所投与 165,000 円 ・2 か所投与または分割投与 297,000 円 *キャンセル規定について ・採血後、PRP の調製を開始する前",line-level strong price context,
V41_03C2508035,03C2508035,C,V41F6F5061EA29,関東,東京都,SBC整形外科クリニック 西新宿本院,新宿区西新宿 7-21-3　西新宿大京ビル7階,第二種,自己脂肪組織由来幹細胞（ASCs）を用いた変形性関節症の治療,脂肪由来幹細胞,QC,1.0,https://saiseiiryo.mhlw.go.jp/published_plan/download/03C2508035/5/0,1200000,不明,3回,,,6,20,"与間隔は、患部の状態を診察し医師の判断により決定いたします。 ・ASCsを用いた治療(3回投与)における施術料 1,200,000 円 ※上記費用は3回分の施術料総額の費用です。",price candidates remain ambiguous,
V41_01C2510013,01C2510013,D,V41F556030C77F,関東,東京都,SBC整形外科クリニック西新宿本院,"新宿区西新宿7-21-3
西新宿大京ビル7F",第二種,多血小板血漿（PRP）の投与による変形性関節症治療,PRP,AUTO,1.0,https://saiseiiryo.mhlw.go.jp/published_plan/download/01C2510013/5/0,246000,不明,6 回,APS,Zimmer Biomet,10,7,"「ジンマーAPS キットを用いた濃縮PRP 治療」は50,000 円 を返金いたします。6 回投与コースの場合は、5 回目施術日の採血前までのキャンセルであれ ば、それまでに行った施術回数分の費用(1 施術あたり246,000 円)を差し引いた残額を返 金いたします。 12. その他治療についての注意事項",line-level strong price context,
V41_01C2510013,01C2510013,D,V41F556030C77F,関東,東京都,SBC整形外科クリニック西新宿本院,"新宿区西新宿7-21-3
西新宿大京ビル7F",第二種,多血小板血漿（PRP）の投与による変形性関節症治療,PRP,AUTO,1.0,https://saiseiiryo.mhlw.go.jp/published_plan/download/01C2510013/5/0,1107000,不明,6 回,,,10,6,"投与間隔は医師の判断により決定いたします。  1DAY 膝関節治療高濃縮PRP 治療(6 回投与コース) 1,107,000 円 ご不明な点は医師・スタッフにお尋ねください。なお1 回の施術あたりの費用は、患部の状 態を確認した医師の判断、PRP の遠心回数等により変更となる場合がございます。",line-level strong price context,
V41_01C2510013,01C2510013,D,V41F556030C77F,関東,東京都,SBC整形外科クリニック西新宿本院,"新宿区西新宿7-21-3
西新宿大京ビル7F",第二種,多血小板血漿（PRP）の投与による変形性関節症治療,PRP,AUTO,1.0,https://saiseiiryo.mhlw.go.jp/published_plan/download/01C2510013/5/0,50000,不明,6 回,APS,Zimmer Biomet,9,7,"「HDPRP スタンダード PRP 6 cc」は150,000 円、 「HDPRP プレミアム PRP 8 cc」は200,000 円、 「ジンマーAPS キットを用いた濃縮PRP 治療」は50,000 円 を返金いたします。6 回投与コースの場合は、5 回目施術日の採血前までのキャンセルであれ ば、それまでに行った施術回数分の費用(1 施術あたり246,000 円)を差し引いた残額を返",line-level strong price context,
V41_01C2602017,01C2602017,A,V41F8480077B88,関東,東京都,TAO Clinic,調布市富士見町1丁目6-2 TAOビル2階,第二種,自家多血小板血漿（Platelet-Rich Plasma：PRP）を用いた慢性関節炎の治療（関節内組織）,PRP,QC,1.0,https://saiseiiryo.mhlw.go.jp/published_plan/download/01C2602017/5/0,200000,不明,,Angel,Arthrex,5,6,"HD‐PRP(Angel) 150億個 200,000円 ※上記には、採血・調製・注入の技術料が含まれます。 ※採血開始後のキャンセルは、材料等が既に使用されているため、費用全額を申し受けます。",price candidates remain ambiguous,
V41_01C2602017,01C2602017,A,V41F8480077B88,関東,東京都,TAO Clinic,調布市富士見町1丁目6-2 TAOビル2階,第二種,自家多血小板血漿（Platelet-Rich Plasma：PRP）を用いた慢性関節炎の治療（関節内組織）,PRP,QC,1.0,https://saiseiiryo.mhlw.go.jp/published_plan/download/01C2602017/5/0,30000,不明,,ACP MAX|ACP,Arthrex,2,6,"ACP‐PRP(通常) 20億個 30,000円 HD‐PRP(ACP MAX) 90億個",price candidates remain ambiguous,
V41_01C2602017,01C2602017,A,V41F8480077B88,関東,東京都,TAO Clinic,調布市富士見町1丁目6-2 TAOビル2階,第二種,自家多血小板血漿（Platelet-Rich Plasma：PRP）を用いた慢性関節炎の治療（関節内組織）,PRP,QC,1.0,https://saiseiiryo.mhlw.go.jp/published_plan/download/01C2602017/5/0,100000,不明,,ACP MAX|ACP|Angel,Arthrex,2,6,"HD‐PRP(ACP MAX) 90億個 100,000円 HD‐PRP(Angel) 150億個",price candidates remain ambiguous,
V41_02C2603063,02C2603063,B,V41F521BC2828F,関東,東京都,TCB 東京中央美容外科・TCB スキンクリニック BSクリニック REGENE CLINIC 新宿三丁目院,新宿区新宿3-1-20　メットライフ新宿スクエア7F,第二種,自家脂肪由来幹細胞を用いた関節治療,脂肪由来幹細胞,QC,1.0,https://saiseiiryo.mhlw.go.jp/published_plan/download/02C2603063/5/0,66000,税込,1 回,,,7,5,"費用、細胞保管料(1 年目)、術後検査の費用が含まれます。1 回の脂肪採取から複数回の治 療が可能な自家ASC を培養することができます。自家ASC を2 年以上保管する場合、保管費 用として66,000 円/年(税込)をお支払いいただきます。 患者様の脂肪組織の状態等により、治療に用いるのに十分な数の細胞を培養できないことがありま す。培養できた自家ASC の細胞数など詳細はスタッフにお問い合わせください。",price candidates remain ambiguous,
V41_02C2603063,02C2603063,B,V41F521BC2828F,関東,東京都,TCB 東京中央美容外科・TCB スキンクリニック BSクリニック REGENE CLINIC 新宿三丁目院,新宿区新宿3-1-20　メットライフ新宿スクエア7F,第二種,自家脂肪由来幹細胞を用いた関節治療,脂肪由来幹細胞,QC,1.0,https://saiseiiryo.mhlw.go.jp/published_plan/download/02C2603063/5/0,1485000,不明,1 回,,,5,5,"関節2 箇所 1〜2 億cells 1,485,000 円 自家ASC 治療費用には、自家ASC の原料となる脂肪組織及び血液の採取費用、細胞輸送 費用、細胞保管料(1 年目)、術後検査の費用が含まれます。1 回の脂肪採取から複数回の治",price candidates remain ambiguous,
V41_02C2603063,02C2603063,B,V41F521BC2828F,関東,東京都,TCB 東京中央美容外科・TCB スキンクリニック BSクリニック REGENE CLINIC 新宿三丁目院,新宿区新宿3-1-20　メットライフ新宿スクエア7F,第二種,自家脂肪由来幹細胞を用いた関節治療,脂肪由来幹細胞,QC,1.0,https://saiseiiryo.mhlw.go.jp/published_plan/download/02C2603063/5/0,1078000,不明,,,,2,5,"関節1 箇所 0.5〜1 億cells 1,078,000 円 関節2 箇所 1〜2 億cells",price candidates remain ambiguous,
V41_01C2509020,01C2509020,C,V41FA2867A003D,関東,東京都,THE HUNDRED,中央区銀座4 丁⽬ 4-2 銀座松屋通り安⽥ビル 5-7 階,第二種,ヒト⾃⼰脂肪組織由来間葉系幹細胞を⽤いた関節疾患の治療,脂肪由来幹細胞,QC,1.0,https://saiseiiryo.mhlw.go.jp/published_plan/download/01C2509020/5/0,,,,,,,,,no price found after rescue text/OCR pass,Rescue completed; OCR page timeouts=0
V41_01C2511020,01C2511020,D,V41F703F9193C0,関東,東京都,THE HUNDRED,中央区銀座4丁目4番2号 銀座松屋通り安田ビル 5F,第二種,自己脂肪由来間葉系幹細胞を用いた腰痛治療,脂肪由来幹細胞,AUTO,1.0,https://saiseiiryo.mhlw.go.jp/published_plan/download/01C2511020/5/0,3300000,税込,,,,7,6,"料金(税込み) 自己脂肪由来間葉系幹細胞の投与 3,300,000 円 1 脂肪採取のキャンセル料 脂肪採取日の10 日前まで : なし",line-level medium price context,
V41_01C2605016,01C2605016,A,V41FC71FF2314C,関東,東京都,いたばし整形外科関節クリニック,板橋区板橋1丁目54-4 メディカルステーション板橋102,第二種,自己多血小板血漿(PRP)療法（治療対象：変形性関節症・外傷性関節炎）,PRP,AUTO,1.0,https://saiseiiryo.mhlw.go.jp/published_plan/download/01C2605016/5/0,198000,税込,1回,,,11,19,"なお、本治療は1回の採血(60mL)につき、投与3回分(各投与約 5mL、最大で約15mL)のPRPを製造いたします。 ・PRPを用いた治療(標準治療3回投与) 198,000円(税 込) (別途、血液検査費用として5,500円(税込)をご負担いただきま",line-level strong price context,
V41_01C2205034,01C2205034,B,V41F2F37BA639C,関東,東京都,おかのクリニック,足立区西新井1-11-4,第二種,自家多血小板血漿（Platelet-rich plasma：PRP）を用いた疼痛治療（関節内組織）,PRP,AUTO,1.0,https://saiseiiryo.mhlw.go.jp/published_plan/download/01C2205034/5/0,60000,税込,1 回,,,9,,"にかかる費用は、以下のとおりです。なお、費用は、治療に伴う診 査、PRP 調製のための採血にかかる費用、PRP 調製費用、注入にかかる費 用の総額となります。 PRP 1 回分・腰部関節(椎間板を除く) 75,000 円(税込) PRP 1 回分・腰部以外の関節および関節内靭帯 60,000 円(税込) 11. 試料等の保存及び廃棄の方法 患者様から採取した血液と作製したPRP は、患者様ご自身の治療のみ に使用します。ただし、症例検討や学会発表を目的として、血液やPRP の測定を行い、データを取得することがあります。 血液およびPRP は微量で全量を使用するため、保管はしません。治療 に用いない血液またはPRP",,
V41_01C2205034,01C2205034,B,V41F2F37BA639C,関東,東京都,おかのクリニック,足立区西新井1-11-4,第二種,自家多血小板血漿（Platelet-rich plasma：PRP）を用いた疼痛治療（関節内組織）,PRP,AUTO,1.0,https://saiseiiryo.mhlw.go.jp/published_plan/download/01C2205034/5/0,75000,税込,1 回,,,9,,"べて自費診療であり、健康保険を使用することはできませ ん。 (2) 本治療にかかる費用は、以下のとおりです。なお、費用は、治療に伴う診 査、PRP 調製のための採血にかかる費用、PRP 調製費用、注入にかかる費 用の総額となります。 PRP 1 回分・腰部関節(椎間板を除く) 75,000 円(税込) PRP 1 回分・腰部以外の関節および関節内靭帯 60,000 円(税込) 11. 試料等の保存及び廃棄の方法 患者様から採取した血液と作製したPRP は、患者様ご自身の治療のみ に使用します。ただし、症例検討や学会発表を目的として、血液やPRP の測定を行い、データを取得することがあります。 血液およびPR",,
V41_01C2205035,01C2205035,C,V41F2F37BA639C,関東,東京都,おかのクリニック,足立区西新井1-11-4,第三種,自家多血小板血漿（Platelet-rich plasma：PRP）を用いた筋肉、腱、靭帯の損傷及び炎症の治療（関節外の軟部組織）,PRP,AUTO,1.0,https://saiseiiryo.mhlw.go.jp/published_plan/download/01C2205035/5/0,60000,税込,1 回,,,9,,"本治療にかかる費用は、以下のとおりです。なお、費用は、治療に伴う診 査、PRP 作製のための採血にかかる費用、PRP 作製費用、注入にかかる費 用の総額となります。 PRP 1 回分・レントゲンガイドで投与 75,000 円(税込) PRP 1 回分・エコーガイドで投与 60,000 円(税込) 11. 試料等の保存及び廃棄の方法 患者様から採取した血液と作製したPRP は、患者様ご自身の治療のみ に使用します。ただし、症例検討や学会発表を目的として、血液やPRP の測定を行い、データを取得することがあります。 血液およびPRP は微量で全量を使用するため、保管はしません。治療 に用いない血液またはPRP",,
V41_01C2205035,01C2205035,C,V41F2F37BA639C,関東,東京都,おかのクリニック,足立区西新井1-11-4,第三種,自家多血小板血漿（Platelet-rich plasma：PRP）を用いた筋肉、腱、靭帯の損傷及び炎症の治療（関節外の軟部組織）,PRP,AUTO,1.0,https://saiseiiryo.mhlw.go.jp/published_plan/download/01C2205035/5/0,75000,税込,1 回,,,9,,"、すべて自費診療であり、健康保険を使用することはできませ ん。 (2) 本治療にかかる費用は、以下のとおりです。なお、費用は、治療に伴う診 査、PRP 作製のための採血にかかる費用、PRP 作製費用、注入にかかる費 用の総額となります。 PRP 1 回分・レントゲンガイドで投与 75,000 円(税込) PRP 1 回分・エコーガイドで投与 60,000 円(税込) 11. 試料等の保存及び廃棄の方法 患者様から採取した血液と作製したPRP は、患者様ご自身の治療のみ に使用します。ただし、症例検討や学会発表を目的として、血液やPRP の測定を行い、データを取得することがあります。 血液およびPRP",,
V41_02C2502084,02C2502084,D,V41FC976F94E91,関東,東京都,お茶の水セルクリニック,千代田区神田駿河台4-1-1 ウエルトンビル2階,第三種,自己多血小板血漿(PRP)を用いた整形外科領域における軟部組織治療,PRP,AUTO,1.0,https://saiseiiryo.mhlw.go.jp/published_plan/download/02C2502084/5/0,100000,税別,,ACP|APS|GPS|Zimmer,Arthrex|Zimmer Biomet,8,,"はありませんので、当院所定の施術料をお支払いいただきます。 ・治療費一例: ZIMMER BIOMET 製 GPS®IIIシステム使用 150,000 円(税抜) ZIMMER BIOMET 製 APS キット使用 300,000 円(税抜) Arthrex 製 ACP ダブルシリンジ使用 100,000 円(税抜) 上記価格は一例です。詳しい費用につきましては、医師またはスタッフにお尋ね下さい。 施術後、患者様の個人的な事情及び金銭等に関する問題に関しては一切の責を負いかねますの でご了承ください。 16.本治療の実施体制 本治療の実施体制は以下の通りです。 【血液採取を行う医療機関】 医療機関名:お茶の水セルクリニック",,
V41_02C2502084,02C2502084,D,V41FC976F94E91,関東,東京都,お茶の水セルクリニック,千代田区神田駿河台4-1-1 ウエルトンビル2階,第三種,自己多血小板血漿(PRP)を用いた整形外科領域における軟部組織治療,PRP,AUTO,1.0,https://saiseiiryo.mhlw.go.jp/published_plan/download/02C2502084/5/0,150000,税別,,ACP|APS|GPS|Zimmer,Arthrex|Zimmer Biomet,8,,"本治療は自己細胞を利用して行う治療であるため、診療記録は最終診療日より原則10 年間保管 いたします。 15.費用について この治療は公的保険の対象ではありませんので、当院所定の施術料をお支払いいただきます。 ・治療費一例: ZIMMER BIOMET 製 GPS®IIIシステム使用 150,000 円(税抜) ZIMMER BIOMET 製 APS キット使用 300,000 円(税抜) Arthrex 製 ACP ダブルシリンジ使用 100,000 円(税抜) 上記価格は一例です。詳しい費用につきましては、医師またはスタッフにお尋ね下さい。 施術後、患者様の個人的な事情及び金銭等に関する問題に関しては一切の責を負いかねま",,
V41_02C2502084,02C2502084,D,V41FC976F94E91,関東,東京都,お茶の水セルクリニック,千代田区神田駿河台4-1-1 ウエルトンビル2階,第三種,自己多血小板血漿(PRP)を用いた整形外科領域における軟部組織治療,PRP,AUTO,1.0,https://saiseiiryo.mhlw.go.jp/published_plan/download/02C2502084/5/0,300000,税別,,ACP|APS|GPS|Zimmer,Arthrex|Zimmer Biomet,8,,"年間保管 いたします。 15.費用について この治療は公的保険の対象ではありませんので、当院所定の施術料をお支払いいただきます。 ・治療費一例: ZIMMER BIOMET 製 GPS®IIIシステム使用 150,000 円(税抜) ZIMMER BIOMET 製 APS キット使用 300,000 円(税抜) Arthrex 製 ACP ダブルシリンジ使用 100,000 円(税抜) 上記価格は一例です。詳しい費用につきましては、医師またはスタッフにお尋ね下さい。 施術後、患者様の個人的な事情及び金銭等に関する問題に関しては一切の責を負いかねますの でご了承ください。 16.本治療の実施体制 本治療の実施体制は以下の",,
V41_01C2302048,01C2302048,A,V41FC4531DD84E,関東,東京都,すみだ運動器リハビリテーションクリニック,墨田区横川1-1-10　SUMIDA PARK PLACEⅡ　1階,第二種,自家多血小板血漿（Platelet-rich plasma：PRP）を用いた慢性関節炎の治療（関節内組織）,PRP,AUTO,1.0,https://saiseiiryo.mhlw.go.jp/published_plan/download/01C2302048/5/0,44000,税込,2 回分,,,9,,"とはできませ ん。 6 (2) 本治療にかかる費用は、以下のとおりです。なお、費用は、治療に伴う診 査、PRP 調製のための採血にかかる費用、PRP 調製費用、注入にかかる費 用の総額となります。左右両側に投与する場合は、2 回分です。 PRP 1 回(1 部位) 44,000 円(税込) 11. 試料等の保存及び廃棄の方法 患者様から採取した血液と作製したPRP は、患者様ご自身の治療のみ に使用します。ただし、症例検討や学会発表を目的として、血液やPRP の測定を行い、データを取得することがあります。 血液およびPRP は微量で全量を使用するため、保管はしません。治療 に用いない血液またはPRP",,
V41_01C2211047,01C2211047,B,V41F95898C7032,関東,東京都,つくる整形外科　祐天寺駅前スポーツクリニック,目黒区祐天寺2-14-20　祐天寺駅前ビル3階,第二種,自家多血小板血漿（Platelet-rich plasma：PRP）を用いた慢性関節炎の治療（関節内組織）,PRP,AUTO,1.0,https://saiseiiryo.mhlw.go.jp/published_plan/download/01C2211047/5/0,50000,税込,2 回分,,,9,,"る費用は、以下のとおりです。なお、費用には、治療に伴う 診査、PRP 調製のための採血にかかる費用、PRP 調製費用、注入にかかる 費用が含まれます。左右両側に投与する場合は2 回分です。詳細は別途 説明いたしますので、担当医におたずねください。 PRP・1 回(1 部位) 50,000 円(税込) 11. 試料等の保存及び廃棄の方法 患者様から採取した血液と作製したPRP は、患者様ご自身の治療のみ に使用します。ただし、症例検討や学会発表を目的として、血液やPRP の測定を行い、データを取得することがあります。 血液およびPRP は微量で全量を使用するため、保管はしません。治療 に用いない血液またはPRP",,
V41_01C2211048,01C2211048,C,V41F95898C7032,関東,東京都,つくる整形外科　祐天寺駅前スポーツクリニック,目黒区祐天寺2-14-20　祐天寺駅前ビル3階,第三種,自家多血小板血漿（Platelet-rich plasma：PRP）を用いた筋肉、腱、靭帯、筋膜の損傷及び慢性炎症の治療（関節外の軟部組織）,PRP,AUTO,1.0,https://saiseiiryo.mhlw.go.jp/published_plan/download/01C2211048/5/0,50000,税込,2 回分,,,9,,"用は、以下のとおりです。なお、費用は、治療に伴う診 査、PRP 作製のための採血にかかる費用、PRP 作製費用、注入にかかる費 用の総額となります。左右両側に投与する場合は、2 回分です。詳細は別 途説明いたしますので、担当医におたずねください。 PRP・1 回(1 部位) 50,000 円(税込) 11. 試料等の保存及び廃棄の方法 患者様から採取した血液と作製したPRP は、患者様ご自身の治療のみ に使用します。ただし、症例検討や学会発表を目的として、血液やPRP の測定を行い、データを取得することがあります。 血液およびPRP は微量で全量を使用するため、保管はしません。治療 に用いない血液またはPRP",,
V41_02C2009011,02C2009011,D,V41FB27CDCB6B4,関東,東京都,アットホーム表参道クリニック,港区北青山2-12-31 第3イノセビル2階及び地下1階,第二種,多血小板血漿（Platelet-rich plasma：PRP）を用いた整形外科疾患に対する組織修復,PRP,QC,1.0,https://saiseiiryo.mhlw.go.jp/published_plan/download/02C2009011/5/0,,,,,,,,,no price found after text/OCR pass,Document fetched but no price candidate
V41_01C2503082,01C2503082,A,V41F21A80F2E70,関東,東京都,アレックス脊椎クリニック,世田谷区等々力四丁目13番1号,第二種,"自家多血小板血漿（Platelet-rich plasma：PRP）を用いた
脊椎由来疼痛の治療",PRP,QC,1.0,https://saiseiiryo.mhlw.go.jp/published_plan/download/01C2503082/5/0,50000,税別,1 回(1 部位),ACP,Arthrex,6,7,"費用(税別) ACP 1 回(1 部位) 50,000 円 ACP(学割) 1 回(1 部位) 35,000 円",price candidates remain ambiguous,
V41_01C2503082,01C2503082,A,V41F21A80F2E70,関東,東京都,アレックス脊椎クリニック,世田谷区等々力四丁目13番1号,第二種,"自家多血小板血漿（Platelet-rich plasma：PRP）を用いた
脊椎由来疼痛の治療",PRP,QC,1.0,https://saiseiiryo.mhlw.go.jp/published_plan/download/01C2503082/5/0,35000,不明,1 回(1 部位),ACP,Arthrex,2,7,"1 回(1 部位) 50,000 円 ACP(学割) 1 回(1 部位) 35,000 円 ACP ダブルショット 1 回(1 部位) 95,000 円",price candidates remain ambiguous,
V41_01C2503082,01C2503082,A,V41F21A80F2E70,関東,東京都,アレックス脊椎クリニック,世田谷区等々力四丁目13番1号,第二種,"自家多血小板血漿（Platelet-rich plasma：PRP）を用いた
脊椎由来疼痛の治療",PRP,QC,1.0,https://saiseiiryo.mhlw.go.jp/published_plan/download/01C2503082/5/0,95000,不明,1 回(1 部位),ACP MAX|ACP,Arthrex,2,7,"1 回(1 部位) 35,000 円 ACP ダブルショット 1 回(1 部位) 95,000 円 ACP MAX 1 回(1 部位) 150,000 円",price candidates remain ambiguous,
V41_01C2503082,01C2503082,A,V41F21A80F2E70,関東,東京都,アレックス脊椎クリニック,世田谷区等々力四丁目13番1号,第二種,"自家多血小板血漿（Platelet-rich plasma：PRP）を用いた
脊椎由来疼痛の治療",PRP,QC,1.0,https://saiseiiryo.mhlw.go.jp/published_plan/download/01C2503082/5/0,150000,不明,1 回(1 部位),ACP MAX|ACP,Arthrex,2,7,"1 回(1 部位) 95,000 円 ACP MAX 1 回(1 部位) 150,000 円",price candidates remain ambiguous,
V41_02C2606015,02C2606015,B,V41F9B33AA41E9,関東,東京都,アヴェニューセルクリニック,港区南青山3－18－16　ル・ボワビル3階,第二種,自己脂肪由来間葉系幹細胞を用いた関節痛、変形性関節症治療,脂肪由来幹細胞,QC,1.0,https://saiseiiryo.mhlw.go.jp/published_plan/download/02C2606015/5/0,,,,,,,,,no price found after rescue text/OCR pass,Rescue completed; OCR page timeouts=0
V41_02C2606022,02C2606022,C,V41F9B33AA41E9,関東,東京都,アヴェニューセルクリニック,港区南青山3－18－16　ル・ボワビル3階,第二種,自己脂肪由来間葉系幹細胞を用いた靭帯・腱損傷治療,脂肪由来幹細胞,QC,1.0,https://saiseiiryo.mhlw.go.jp/published_plan/download/02C2606022/5/0,,,,,,,,,no price found after rescue text/OCR pass,Rescue completed; OCR page timeouts=0
V41_03C2408009,03C2408009,D,V41F355F7F103D,関東,東京都,ガーデンクリニック ザ・ホワイトデンタルクリニック 品川院,港区高輪4丁目24番58号 サマセット品川東京2階,第二種,自家多血小板血漿（Platelet-rich plasma：PRP）を用いた慢性関節炎の治療（関節内組織）,PRP,AUTO,1.0,https://saiseiiryo.mhlw.go.jp/published_plan/download/03C2408009/5/0,319000,税込,2 回分,,,9,,"て自費診療です。 (2) 本治療にかかる費用は、以下のとおりです。なお、費用は、治療に伴う診査、 自家PRP 調製のための採血にかかる費用、自家PRP 調製費用、注入にかか る費用の総額となります。左右両側に投与する場合は、2 回分です。 PRP 療法1回(1 部位) 319,000 円(税込) 11. 試料等の保存及び廃棄の方法 患者様から採取した血液と作製したPRP は、患者様ご自身の治療のみに 使用します。ただし、症例検討や学会発表を目的として、血液やPRP の測 定を行い、データを取得することがあります。 血液およびPRP は微量で全量を使用するため、保管はしません。治療に 用いない血液ま",,
V41_01C2309047,01C2309047,A,V41FB0F11143D4,関東,東京都,コレージュクリニック　ザ・ペニンシュラ東京,千代田区有楽町1--8-1　ザ・ペニンシュラ東京　B1,第二種,自家脂肪由来間葉系幹細胞を用いた変形性膝関節症の治療,脂肪由来幹細胞,QC,1.0,https://saiseiiryo.mhlw.go.jp/published_plan/download/01C2309047/5/0,50000,税別,,,,6,4,"金額(税抜) 脂肪採取前キャンセル 50,000 円 脂肪採取後キャンセル 治療費の50%",price candidates remain ambiguous,
V41_01C2309047,01C2309047,A,V41FB0F11143D4,関東,東京都,コレージュクリニック　ザ・ペニンシュラ東京,千代田区有楽町1--8-1　ザ・ペニンシュラ東京　B1,第二種,自家脂肪由来間葉系幹細胞を用いた変形性膝関節症の治療,脂肪由来幹細胞,QC,1.0,https://saiseiiryo.mhlw.go.jp/published_plan/download/01C2309047/5/0,2000000,不明,,,,6,4,"1,500,000 円 両膝投与 2,000,000 円 【キャンセル費用】 項目",price candidates remain ambiguous,
V41_01C2309047,01C2309047,A,V41FB0F11143D4,関東,東京都,コレージュクリニック　ザ・ペニンシュラ東京,千代田区有楽町1--8-1　ザ・ペニンシュラ東京　B1,第二種,自家脂肪由来間葉系幹細胞を用いた変形性膝関節症の治療,脂肪由来幹細胞,QC,1.0,https://saiseiiryo.mhlw.go.jp/published_plan/download/01C2309047/5/0,15000,不明,,,,3,4,"5,000 円 検査料 15,000 円 片膝投与 1,500,000 円",price candidates remain ambiguous,
V41_01C2309047,01C2309047,A,V41FB0F11143D4,関東,東京都,コレージュクリニック　ザ・ペニンシュラ東京,千代田区有楽町1--8-1　ザ・ペニンシュラ東京　B1,第二種,自家脂肪由来間葉系幹細胞を用いた変形性膝関節症の治療,脂肪由来幹細胞,QC,1.0,https://saiseiiryo.mhlw.go.jp/published_plan/download/01C2309047/5/0,1500000,不明,,,,3,4,"15,000 円 片膝投与 1,500,000 円 両膝投与 2,000,000 円",price candidates remain ambiguous,
V41_01C2309047,01C2309047,A,V41FB0F11143D4,関東,東京都,コレージュクリニック　ザ・ペニンシュラ東京,千代田区有楽町1--8-1　ザ・ペニンシュラ東京　B1,第二種,自家脂肪由来間葉系幹細胞を用いた変形性膝関節症の治療,脂肪由来幹細胞,QC,1.0,https://saiseiiryo.mhlw.go.jp/published_plan/download/01C2309047/5/0,5000,税別,,,,1,4,"金額(税抜) 初回診察料 5,000 円 検査料 15,000 円",price candidates remain ambiguous,
V41_01C2503004,01C2503004,B,V41F40435E2D89,関東,東京都,プルミエールクリニック,千代田区九段南3-2-12 エルミタージュタワー,第二種,自己脂肪由来間葉系幹細胞を用いた変形性関節症に対する治療,脂肪由来幹細胞,AUTO,1.0,https://saiseiiryo.mhlw.go.jp/published_plan/download/01C2503004/5/0,1320000,税込,,,,10,5,"す。実際に必要となる費用については今回の治療では下記となります。(税込)。 初診料 33,000 円 血液検査料 22,000 円 組織採取料 220,000 円 治療費用 1,320,000 円/回 なお、脂肪の採取後や、細胞加工物の製造開始後に同意を撤回された場合など、同意を撤回される 時点までに費用が発生している場合は、発生した費用についてはあなたにご負担いただきますので",line-level strong price context,
V41_01C2608022,01C2608022,C,V41F3007703327,関東,東京都,モティーフ銀座クリニック,中央区銀座１丁目７－６　銀座河合ビル４階、９階,第三種,自己多血小板血漿（PRP）を用いた筋肉・腱・靱帯・筋膜の損傷及び慢性炎症の治療（関節外の軟部組織）,PRP,AUTO,1.0,https://saiseiiryo.mhlw.go.jp/published_plan/download/01C2608022/5/0,20000,税別,2 回,,,8,,"ご負担いただきます。その他、本 治療を受けるために必要となった宿泊費・交通費などの全ての費用もご自分でご負担いただきます。 治療に必要な費用は採血費用・PRP 調製費用・PRP 注入費用を含めて、投与毎に20 万円(2ml) (税別)となっております。 PRP 活性化処理はPRP 2mL あたり20,000 円(税別)です。 PRP 投与時の静脈麻酔料は50,000 円(税別)です。病状により投与量(ml)が異なります。 患者様ごとに投与量、投与回数と、投与回数に応じた総費用(概算)を説明しますので、必ず料金に ついての説明を受けてください。2 回目以降の投与量・費用は、患者様の症状や患部の状態などによ り1 回目と異なることがあります。1",,
V41_01C2608022,01C2608022,C,V41F3007703327,関東,東京都,モティーフ銀座クリニック,中央区銀座１丁目７－６　銀座河合ビル４階、９階,第三種,自己多血小板血漿（PRP）を用いた筋肉・腱・靱帯・筋膜の損傷及び慢性炎症の治療（関節外の軟部組織）,PRP,AUTO,1.0,https://saiseiiryo.mhlw.go.jp/published_plan/download/01C2608022/5/0,50000,税別,2 回,,,8,,"宿泊費・交通費などの全ての費用もご自分でご負担いただきます。 治療に必要な費用は採血費用・PRP 調製費用・PRP 注入費用を含めて、投与毎に20 万円(2ml) (税別)となっております。 PRP 活性化処理はPRP 2mL あたり20,000 円(税別)です。 PRP 投与時の静脈麻酔料は50,000 円(税別)です。病状により投与量(ml)が異なります。 患者様ごとに投与量、投与回数と、投与回数に応じた総費用(概算)を説明しますので、必ず料金に ついての説明を受けてください。2 回目以降の投与量・費用は、患者様の症状や患部の状態などによ り1 回目と異なることがあります。1 回目の投与後の再診(診察等)において担当医とご相談くださ い",,
V41_01C2608022,01C2608022,C,V41F3007703327,関東,東京都,モティーフ銀座クリニック,中央区銀座１丁目７－６　銀座河合ビル４階、９階,第三種,自己多血小板血漿（PRP）を用いた筋肉・腱・靱帯・筋膜の損傷及び慢性炎症の治療（関節外の軟部組織）,PRP,AUTO,1.0,https://saiseiiryo.mhlw.go.jp/published_plan/download/01C2608022/5/0,200000,税別,,,,8,,"かる費用に関する事項 4 本治療は保険適用外ですので、治療にかかる費用全額をご自分でご負担いただきます。その他、本 治療を受けるために必要となった宿泊費・交通費などの全ての費用もご自分でご負担いただきます。 治療に必要な費用は採血費用・PRP 調製費用・PRP 注入費用を含めて、投与毎に20 万円(2ml) (税別)となっております。 PRP 活性化処理はPRP 2mL あたり20,000 円(税別)です。 PRP 投与時の静脈麻酔料は50,000 円(税別)です。病状により投与量(ml)が異なります。 患者様ごとに投与量、投与回数と、投与回数に応じた総費用(概算)を説明しますので、必ず料金に ついての説明を受けてください。",,
V41_01C2601039,01C2601039,A,V41FEC1B697009,関東,東京都,一般社団法人 未来医療センター　SENSHIN CLINIC,港区南青山3-1-30　PASONA SQUARE　3階,第二種,自家多血小板血漿（Platelet Rich Plasma）を用いた変形性関節症および関節炎治療,PRP,AUTO,1.0,https://saiseiiryo.mhlw.go.jp/published_plan/download/01C2601039/5/0,220000,税込,両側,,,11,6,"査、PRP 調製のための採血、PRP 調製、注入にかかる費用の総額となりま す。左右両側に投与する場合は、2 回分です。 PRP 1 回(1 部位) 220,000 円(税込) (3) 採血を開始してからキャンセルされた場合は、費用の全額をご負担いた だきます。",line-level strong price context,
V41_01C2602055,01C2602055,D,V41FEC1B697009,関東,東京都,一般社団法人 未来医療センター　SENSHIN CLINIC,港区南青山3-1-30　PASONA SQUARE　3階,第二種,自家培養脂肪由来幹細胞を用いた変形性関節症治療,脂肪由来幹細胞,QC,1.0,https://saiseiiryo.mhlw.go.jp/published_plan/download/01C2602055/5/0,6600000,不明,1 回,,,6,6,"3,300,000 円 自家培養脂肪由来幹細胞投与(2 億個/2 関節・1 回) 6,600,000 円 細胞保管費用(1 か月あたり) 11,000 円",price candidates remain ambiguous,
V41_01C2602055,01C2602055,D,V41FEC1B697009,関東,東京都,一般社団法人 未来医療センター　SENSHIN CLINIC,港区南青山3-1-30　PASONA SQUARE　3階,第二種,自家培養脂肪由来幹細胞を用いた変形性関節症治療,脂肪由来幹細胞,QC,1.0,https://saiseiiryo.mhlw.go.jp/published_plan/download/01C2602055/5/0,11000,税込,,,,4,6,"費用(税込) カウンセリング 11,000 円 血液検査 22,000 円",price candidates remain ambiguous,
V41_01C2602055,01C2602055,D,V41FEC1B697009,関東,東京都,一般社団法人 未来医療センター　SENSHIN CLINIC,港区南青山3-1-30　PASONA SQUARE　3階,第二種,自家培養脂肪由来幹細胞を用いた変形性関節症治療,脂肪由来幹細胞,QC,1.0,https://saiseiiryo.mhlw.go.jp/published_plan/download/01C2602055/5/0,11000,不明,,,,3,6,"6,600,000 円 細胞保管費用(1 か月あたり) 11,000 円 (4) 本治療をキャンセルされた場合は、キャンセル費用をいただきます。 項目",price candidates remain ambiguous,
V41_01C2602055,01C2602055,D,V41FEC1B697009,関東,東京都,一般社団法人 未来医療センター　SENSHIN CLINIC,港区南青山3-1-30　PASONA SQUARE　3階,第二種,自家培養脂肪由来幹細胞を用いた変形性関節症治療,脂肪由来幹細胞,QC,1.0,https://saiseiiryo.mhlw.go.jp/published_plan/download/01C2602055/5/0,22000,不明,1 回,,,3,6,"11,000 円 血液検査 22,000 円 自家培養脂肪由来幹細胞投与(5,000 万個/1 関節・1 回) 1,650,000 円",price candidates remain ambiguous,
V41_01C2602055,01C2602055,D,V41FEC1B697009,関東,東京都,一般社団法人 未来医療センター　SENSHIN CLINIC,港区南青山3-1-30　PASONA SQUARE　3階,第二種,自家培養脂肪由来幹細胞を用いた変形性関節症治療,脂肪由来幹細胞,QC,1.0,https://saiseiiryo.mhlw.go.jp/published_plan/download/01C2602055/5/0,1650000,不明,1 回,,,3,6,"22,000 円 自家培養脂肪由来幹細胞投与(5,000 万個/1 関節・1 回) 1,650,000 円 自家培養脂肪由来幹細胞投与(1億個/1 関節・1 回) 3,300,000 円",price candidates remain ambiguous,
V41_01C2602055,01C2602055,D,V41FEC1B697009,関東,東京都,一般社団法人 未来医療センター　SENSHIN CLINIC,港区南青山3-1-30　PASONA SQUARE　3階,第二種,自家培養脂肪由来幹細胞を用いた変形性関節症治療,脂肪由来幹細胞,QC,1.0,https://saiseiiryo.mhlw.go.jp/published_plan/download/01C2602055/5/0,3300000,不明,1 回,,,3,6,"1,650,000 円 自家培養脂肪由来幹細胞投与(1億個/1 関節・1 回) 3,300,000 円 自家培養脂肪由来幹細胞投与(2 億個/2 関節・1 回) 6,600,000 円",price candidates remain ambiguous,
V41_01C2604033,01C2604033,B,V41F631E1B100F,関東,東京都,一般社団法人 輝実会 青山レナセルクリニック,港区北青山2－7－28 青山NAビル3階,第二種,変形性関節症に対する自己脂肪由来幹細胞を用いた治療,脂肪由来幹細胞,AUTO,1.0,https://saiseiiryo.mhlw.go.jp/published_plan/download/01C2604033/5/0,1450000,税別,1回,,,12,5,"この治療は保険適用外のため、全額自費となり、以下の費用がかかります(税抜)。 初診料 5,000円 治療費用 1,450,000円(1回分) また、治療を決定して脂肪を採取するとすぐに治療費(培養費)が発生するため、脂肪を採取 した当日に治療費をお振込みいただきます。(培養技師のスケジュールを確定し、培養に必要な",line-level strong price context,
V41_01C2511006,01C2511006,C,V41F2AB00D8A4A,関東,東京都,一般社団法人Garden　KAI CLINIC T OKYO,中央区八重洲1丁目3-18 VORT東京八重洲maxim3階,第三種,自家多血小板フィブリンを用いた軟骨移植外鼻形成術,その他MSK,QC,1.0,https://saiseiiryo.mhlw.go.jp/published_plan/download/01C2511006/5/0,55000,不明,,,,5,7,"(2)「自家多血小板フィブリンを用いた軟骨移植外鼻形成術」にかか る費用は下記の通りとなります。 ・PRF 55,000円 ・診察料 22,000円 ・採血量+血液検査料 11,000円",price candidates remain ambiguous,
V41_01C2511006,01C2511006,C,V41F2AB00D8A4A,関東,東京都,一般社団法人Garden　KAI CLINIC T OKYO,中央区八重洲1丁目3-18 VORT東京八重洲maxim3階,第三種,自家多血小板フィブリンを用いた軟骨移植外鼻形成術,その他MSK,QC,1.0,https://saiseiiryo.mhlw.go.jp/published_plan/download/01C2511006/5/0,220000,不明,,,,0,7,"・採血量+血液検査料 11,000円 ・手術料 330,000円 ・麻酔料(全身麻酔) 220,000円 (3)採血後に同意が撤回された場合については返金はありません。 (当院のキャンセル基準準ずる)",price candidates remain ambiguous,
V41_01C2511006,01C2511006,C,V41F2AB00D8A4A,関東,東京都,一般社団法人Garden　KAI CLINIC T OKYO,中央区八重洲1丁目3-18 VORT東京八重洲maxim3階,第三種,自家多血小板フィブリンを用いた軟骨移植外鼻形成術,その他MSK,QC,1.0,https://saiseiiryo.mhlw.go.jp/published_plan/download/01C2511006/5/0,330000,不明,,,,0,7,"・診察料 22,000円 ・採血量+血液検査料 11,000円 ・手術料 330,000円 ・麻酔料(全身麻酔) 220,000円 (3)採血後に同意が撤回された場合については返金はありません。",price candidates remain ambiguous,
V41_01C2511006,01C2511006,C,V41F2AB00D8A4A,関東,東京都,一般社団法人Garden　KAI CLINIC T OKYO,中央区八重洲1丁目3-18 VORT東京八重洲maxim3階,第三種,自家多血小板フィブリンを用いた軟骨移植外鼻形成術,その他MSK,QC,1.0,https://saiseiiryo.mhlw.go.jp/published_plan/download/01C2511006/5/0,22000,不明,,,,-7,7,"る費用は下記の通りとなります。 ・PRF 55,000円 ・診察料 22,000円 ・採血量+血液検査料 11,000円 ・手術料 330,000円",price candidates remain ambiguous,
V41_01C2511006,01C2511006,C,V41F2AB00D8A4A,関東,東京都,一般社団法人Garden　KAI CLINIC T OKYO,中央区八重洲1丁目3-18 VORT東京八重洲maxim3階,第三種,自家多血小板フィブリンを用いた軟骨移植外鼻形成術,その他MSK,QC,1.0,https://saiseiiryo.mhlw.go.jp/published_plan/download/01C2511006/5/0,11000,不明,,,,-10,7,"・PRF 55,000円 ・診察料 22,000円 ・採血量+血液検査料 11,000円 ・手術料 330,000円 ・麻酔料(全身麻酔) 220,000円",price candidates remain ambiguous,
V41_01C2506042,01C2506042,D,V41FC41012C2DB,関東,東京都,一般社団法人MAY　武蔵野アトラスターズ整形外科スポーツクリニック,武蔵野市中町二丁目8番11号,第三種,自家多血小板血漿(PRP)を用いた筋・腱・靭帯等の軟部組織損傷治療,PRP,AUTO,1.0,https://saiseiiryo.mhlw.go.jp/published_plan/download/01C2506042/5/0,35000,税別,,,,8,,"PRP療法 を受けることを拒否すること又は同意を撤回することにより不利益な取扱いを受 けることはないことを知っています。もし、治療期間中に疑問を持った場合に は、医師に電話および診察で尋ねることができます。 治療費 私は、PRP療法を行うにあたり、以下の治療費を支払います。 治療費 35,000円(税抜) 守秘義務 私の医学的情報は法律で要求される期間、秘密を守って保存されることを理解し ます。ただし、私個人を特定できないような情報は、私の許可がなくても、教育 や研究に使用してもかまいません。 この書類の理解 私は以上の処置とそれに伴う利点、危険性について完全な情報の提供を受けたこ とを確認します。決定まで十分な時",,
V41_01C2411030,01C2411030,A,V41FD85257161B,関東,東京都,"一般社団法人N2 Cell Act
N2クリニック本院","中央区銀座6丁目6番5号
HULIC&New　GINZA NAMIKI6　11F",第二種,自己脂肪由来幹細胞を用いた変形性関節症の治療,脂肪由来幹細胞,AUTO,1.0,https://saiseiiryo.mhlw.go.jp/published_plan/download/01C2411030/5/0,4400000,税込,1回,,,9,,"者(院長)へと報告し対応します。 再生医療事務局 電話番号:03-3289-0202 13.費用について 本治療は保険適用外であるため、治療にかかる費用全額をお支払い いただきます。その他、本治療を受けるために必要となった旅費、 交通費などの全ての費用も同様です。 本治療にかかる費用は 両膝1回 4,400,000円(税込) 片膝1回 2,200,000円(税込)で す。 なお、同意を撤回された場合など、同意を撤回される時点までに発 生した費用(治療費等)についてはご負担ください。 14.他の治療法の有無、本治療法との比較について 変形性関節症の治療法には保存療法と手術療法の2つの方法があり ます。薬物投与、装具装着、リハビリテーションなどの保存療法",,
V41_01C2411030,01C2411030,A,V41FD85257161B,関東,東京都,"一般社団法人N2 Cell Act
N2クリニック本院","中央区銀座6丁目6番5号
HULIC&New　GINZA NAMIKI6　11F",第二種,自己脂肪由来幹細胞を用いた変形性関節症の治療,脂肪由来幹細胞,AUTO,1.0,https://saiseiiryo.mhlw.go.jp/published_plan/download/01C2411030/5/0,2200000,税込,1回,,,7,,"療事務局 電話番号:03-3289-0202 13.費用について 本治療は保険適用外であるため、治療にかかる費用全額をお支払い いただきます。その他、本治療を受けるために必要となった旅費、 交通費などの全ての費用も同様です。 本治療にかかる費用は 両膝1回 4,400,000円(税込) 片膝1回 2,200,000円(税込)で す。 なお、同意を撤回された場合など、同意を撤回される時点までに発 生した費用(治療費等)についてはご負担ください。 14.他の治療法の有無、本治療法との比較について 変形性関節症の治療法には保存療法と手術療法の2つの方法があり ます。薬物投与、装具装着、リハビリテーションなどの保存療法で 効果がない場合は、手術療法が選択され",,
V41_02C2604009,02C2604009,B,V41F0F146FAFCB,関東,東京都,一般社団法人N2 Cell Act N2クリニック本院,中央区銀座六丁目6番5号　HULIC& NewGINZANAMIKI6　11階,第二種,ヒト自己脂肪組織由来間葉系幹細胞の関節内投与による関節傷害の症状改善の治療,脂肪由来幹細胞,AUTO,1.0,https://saiseiiryo.mhlw.go.jp/published_plan/download/02C2604009/5/0,1800000,税別,2 回,,,8,,"(別紙1) 「ヒト自己脂肪組織由来間葉系幹細胞の関節内投与による関節傷害の症状 改善の治療」治療費用一覧 初回投与 3,300,000 円 (税抜価格3,000,000 円+消費税) 2 回目以降投与 1,980,000 円 (税抜価格1,800,000 円+消費税) ⚫ 初診料込、再診料込、検査料は生化学のみ含む(感染症・腫瘍マーカー各50,000 円+税) ⚫ 支払期限:初回は組織採取時まで、2 回目以降は投与日決定時まで ⚫ 中止時の費用負担:支払期限の時点から7日目までは半額、8日目以降は全額負担 ⚫ 細胞の増殖が良好な場合、投与は追加可能。ただし別途、凍結保存料がかかる",,
V41_02C2604009,02C2604009,B,V41F0F146FAFCB,関東,東京都,一般社団法人N2 Cell Act N2クリニック本院,中央区銀座六丁目6番5号　HULIC& NewGINZANAMIKI6　11階,第二種,ヒト自己脂肪組織由来間葉系幹細胞の関節内投与による関節傷害の症状改善の治療,脂肪由来幹細胞,AUTO,1.0,https://saiseiiryo.mhlw.go.jp/published_plan/download/02C2604009/5/0,1980000,税別,2 回,,,8,,"(別紙1) 「ヒト自己脂肪組織由来間葉系幹細胞の関節内投与による関節傷害の症状 改善の治療」治療費用一覧 初回投与 3,300,000 円 (税抜価格3,000,000 円+消費税) 2 回目以降投与 1,980,000 円 (税抜価格1,800,000 円+消費税) ⚫ 初診料込、再診料込、検査料は生化学のみ含む(感染症・腫瘍マーカー各50,000 円+税) ⚫ 支払期限:初回は組織採取時まで、2 回目以降は投与日決定時まで ⚫ 中止時の費用負担:支払期限の時点から7日目までは半額、8日目以降は全額負担 ⚫ 細胞の増殖が良好な場合、投与は追加",,
V41_02C2604009,02C2604009,B,V41F0F146FAFCB,関東,東京都,一般社団法人N2 Cell Act N2クリニック本院,中央区銀座六丁目6番5号　HULIC& NewGINZANAMIKI6　11階,第二種,ヒト自己脂肪組織由来間葉系幹細胞の関節内投与による関節傷害の症状改善の治療,脂肪由来幹細胞,AUTO,1.0,https://saiseiiryo.mhlw.go.jp/published_plan/download/02C2604009/5/0,3000000,税別,2 回,,,8,,"(別紙1) 「ヒト自己脂肪組織由来間葉系幹細胞の関節内投与による関節傷害の症状 改善の治療」治療費用一覧 初回投与 3,300,000 円 (税抜価格3,000,000 円+消費税) 2 回目以降投与 1,980,000 円 (税抜価格1,800,000 円+消費税) ⚫ 初診料込、再診料込、検査料は生化学のみ含む(感染症・腫瘍マーカー各50,000 円+税) ⚫ 支払期限:初回は組織採取時まで、2 回目以降は投与日決定時まで ⚫ 中止時の費用負担:支払期限の時点から7日目までは半額、8日目",,
V41_02C2604009,02C2604009,B,V41F0F146FAFCB,関東,東京都,一般社団法人N2 Cell Act N2クリニック本院,中央区銀座六丁目6番5号　HULIC& NewGINZANAMIKI6　11階,第二種,ヒト自己脂肪組織由来間葉系幹細胞の関節内投与による関節傷害の症状改善の治療,脂肪由来幹細胞,AUTO,1.0,https://saiseiiryo.mhlw.go.jp/published_plan/download/02C2604009/5/0,3300000,税別,2 回,,,8,,"(別紙1) 「ヒト自己脂肪組織由来間葉系幹細胞の関節内投与による関節傷害の症状 改善の治療」治療費用一覧 初回投与 3,300,000 円 (税抜価格3,000,000 円+消費税) 2 回目以降投与 1,980,000 円 (税抜価格1,800,000 円+消費税) ⚫ 初診料込、再診料込、検査料は生化学のみ含む(感染症・腫瘍マーカー各50,000 円+税) ⚫ 支払期限:初回は組織採取時まで、2 回目以降は投与日決定時まで ⚫ 中止時の費用負担:支払期",,
V41_02C2604009,02C2604009,B,V41F0F146FAFCB,関東,東京都,一般社団法人N2 Cell Act N2クリニック本院,中央区銀座六丁目6番5号　HULIC& NewGINZANAMIKI6　11階,第二種,ヒト自己脂肪組織由来間葉系幹細胞の関節内投与による関節傷害の症状改善の治療,脂肪由来幹細胞,AUTO,1.0,https://saiseiiryo.mhlw.go.jp/published_plan/download/02C2604009/5/0,50000,税別,2 回,,,6,,"傷害の症状 改善の治療」治療費用一覧 初回投与 3,300,000 円 (税抜価格3,000,000 円+消費税) 2 回目以降投与 1,980,000 円 (税抜価格1,800,000 円+消費税) ⚫ 初診料込、再診料込、検査料は生化学のみ含む(感染症・腫瘍マーカー各50,000 円+税) ⚫ 支払期限:初回は組織採取時まで、2 回目以降は投与日決定時まで ⚫ 中止時の費用負担:支払期限の時点から7日目までは半額、8日目以降は全額負担 ⚫ 細胞の増殖が良好な場合、投与は追加可能。ただし別途、凍結保存料がかかる。 凍結保存料は、脂肪採取から1 年間は無料、2年目以降は1本50,000 円+消費 税。 ⚫ 投与",,
V41_02C2604009,02C2604009,B,V41F0F146FAFCB,関東,東京都,一般社団法人N2 Cell Act N2クリニック本院,中央区銀座六丁目6番5号　HULIC& NewGINZANAMIKI6　11階,第二種,ヒト自己脂肪組織由来間葉系幹細胞の関節内投与による関節傷害の症状改善の治療,脂肪由来幹細胞,AUTO,1.0,https://saiseiiryo.mhlw.go.jp/published_plan/download/02C2604009/5/0,50000,不明,2 回,,,5,,"+税) ⚫ 支払期限:初回は組織採取時まで、2 回目以降は投与日決定時まで ⚫ 中止時の費用負担:支払期限の時点から7日目までは半額、8日目以降は全額負担 ⚫ 細胞の増殖が良好な場合、投与は追加可能。ただし別途、凍結保存料がかかる。 凍結保存料は、脂肪採取から1 年間は無料、2年目以降は1本50,000 円+消費 税。 ⚫ 投与追加の希望がなければ凍結細胞は破棄され、破棄後の追加投与はできず、追加 投与を希望する場合は改めて組織採取が必要になる。 (2025 年1 月10 日現在)",,
V41_01C2307019,01C2307019,C,V41F8A1EAF8C78,関東,東京都,一般社団法人Orthofemme ゆりクリニック,港区芝5-31-15センチュリー三田ビル 6F,第二種,自家脂肪組織由来の培養間葉系幹細胞を用いた関節疾患の治療,脂肪由来幹細胞,AUTO,1.0,https://saiseiiryo.mhlw.go.jp/published_plan/download/01C2307019/5/0,1300000,税別,1 回,,,7,,"供に係る費用について 本治療に係る費用は健康保険の適用がございません。治療にかかる費用全額を患者様ご自身でご 負担いただきます。 実際に必要となる費用は以下の通りです。 投与細胞数 治療費用(税別) 1 約3,000 万個×1 回分 130 万円 2 約5,000 万個×1 回分 140 万円 3 約1 億個×1 回分 150 万円 4 約3,000 万個×3 回分 180 万円 なお、脂肪組織の採取の施術開始後や細胞加工の開始後、あるいは3 回投与の場合に1 回目投 与の後や2 回目投与の後に同意を撤回された場合など、それま",,
V41_01C2307019,01C2307019,C,V41F8A1EAF8C78,関東,東京都,一般社団法人Orthofemme ゆりクリニック,港区芝5-31-15センチュリー三田ビル 6F,第二種,自家脂肪組織由来の培養間葉系幹細胞を用いた関節疾患の治療,脂肪由来幹細胞,AUTO,1.0,https://saiseiiryo.mhlw.go.jp/published_plan/download/01C2307019/5/0,1400000,税別,1 回,,,7,,"いません。治療にかかる費用全額を患者様ご自身でご 負担いただきます。 実際に必要となる費用は以下の通りです。 投与細胞数 治療費用(税別) 1 約3,000 万個×1 回分 130 万円 2 約5,000 万個×1 回分 140 万円 3 約1 億個×1 回分 150 万円 4 約3,000 万個×3 回分 180 万円 なお、脂肪組織の採取の施術開始後や細胞加工の開始後、あるいは3 回投与の場合に1 回目投 与の後や2 回目投与の後に同意を撤回された場合など、それまでに費用が発生している場合は、 以下の通り、患者様ご自身にご負",,
V41_01C2307019,01C2307019,C,V41F8A1EAF8C78,関東,東京都,一般社団法人Orthofemme ゆりクリニック,港区芝5-31-15センチュリー三田ビル 6F,第二種,自家脂肪組織由来の培養間葉系幹細胞を用いた関節疾患の治療,脂肪由来幹細胞,AUTO,1.0,https://saiseiiryo.mhlw.go.jp/published_plan/download/01C2307019/5/0,1500000,税別,1 回,,,7,,"きます。 実際に必要となる費用は以下の通りです。 投与細胞数 治療費用(税別) 1 約3,000 万個×1 回分 130 万円 2 約5,000 万個×1 回分 140 万円 3 約1 億個×1 回分 150 万円 4 約3,000 万個×3 回分 180 万円 なお、脂肪組織の採取の施術開始後や細胞加工の開始後、あるいは3 回投与の場合に1 回目投 与の後や2 回目投与の後に同意を撤回された場合など、それまでに費用が発生している場合は、 以下の通り、患者様ご自身にご負担いただきますのでご了承ください。 同意撤回の時期 キャ",,
V41_01C2307019,01C2307019,C,V41F8A1EAF8C78,関東,東京都,一般社団法人Orthofemme ゆりクリニック,港区芝5-31-15センチュリー三田ビル 6F,第二種,自家脂肪組織由来の培養間葉系幹細胞を用いた関節疾患の治療,脂肪由来幹細胞,AUTO,1.0,https://saiseiiryo.mhlw.go.jp/published_plan/download/01C2307019/5/0,100000,税別,,,,0,,生している場合は、 以下の通り、患者様ご自身にご負担いただきますのでご了承ください。 同意撤回の時期 キャンセル費用(税別) 1 2 3 4 同意日~脂肪採取予定日の3 日前 キャンセル費用のお支払いはありません 脂肪採取予定日の2 日前 ~脂肪採取当日の脂肪組織採取前 一律10 万円をお支払いいただきます 脂肪組織採取後~細胞加工開始前 一律20 万円をお支払いいただきます 細胞加工開始後~細胞投与前 110 万円 120 万円 130 万円 160 万円 細胞投与後 治療費用全額をお支払いいただきます 13. 細胞提供者及び再生医療等を受ける者に対する健康被害の補償の方法 健康被害が発生し,,
V41_01C2307019,01C2307019,C,V41F8A1EAF8C78,関東,東京都,一般社団法人Orthofemme ゆりクリニック,港区芝5-31-15センチュリー三田ビル 6F,第二種,自家脂肪組織由来の培養間葉系幹細胞を用いた関節疾患の治療,脂肪由来幹細胞,AUTO,1.0,https://saiseiiryo.mhlw.go.jp/published_plan/download/01C2307019/5/0,200000,税別,,,,0,,ください。 同意撤回の時期 キャンセル費用(税別) 1 2 3 4 同意日~脂肪採取予定日の3 日前 キャンセル費用のお支払いはありません 脂肪採取予定日の2 日前 ~脂肪採取当日の脂肪組織採取前 一律10 万円をお支払いいただきます 脂肪組織採取後~細胞加工開始前 一律20 万円をお支払いいただきます 細胞加工開始後~細胞投与前 110 万円 120 万円 130 万円 160 万円 細胞投与後 治療費用全額をお支払いいただきます 13. 細胞提供者及び再生医療等を受ける者に対する健康被害の補償の方法 健康被害が発生した場合は、適切な医療を提供するほか、補償については協議に応じます。 また,,
V41_01C2307019,01C2307019,C,V41F8A1EAF8C78,関東,東京都,一般社団法人Orthofemme ゆりクリニック,港区芝5-31-15センチュリー三田ビル 6F,第二種,自家脂肪組織由来の培養間葉系幹細胞を用いた関節疾患の治療,脂肪由来幹細胞,AUTO,1.0,https://saiseiiryo.mhlw.go.jp/published_plan/download/01C2307019/5/0,1100000,不明,,,,-1,,3 4 同意日~脂肪採取予定日の3 日前 キャンセル費用のお支払いはありません 脂肪採取予定日の2 日前 ~脂肪採取当日の脂肪組織採取前 一律10 万円をお支払いいただきます 脂肪組織採取後~細胞加工開始前 一律20 万円をお支払いいただきます 細胞加工開始後~細胞投与前 110 万円 120 万円 130 万円 160 万円 細胞投与後 治療費用全額をお支払いいただきます 13. 細胞提供者及び再生医療等を受ける者に対する健康被害の補償の方法 健康被害が発生した場合は、適切な医療を提供するほか、補償については協議に応じます。 また、万が一に備え、日本整形外科学会の医師賠償責任保険に加入しています。,,
V41_01C2307019,01C2307019,C,V41F8A1EAF8C78,関東,東京都,一般社団法人Orthofemme ゆりクリニック,港区芝5-31-15センチュリー三田ビル 6F,第二種,自家脂肪組織由来の培養間葉系幹細胞を用いた関節疾患の治療,脂肪由来幹細胞,AUTO,1.0,https://saiseiiryo.mhlw.go.jp/published_plan/download/01C2307019/5/0,1200000,不明,,,,-1,,同意日~脂肪採取予定日の3 日前 キャンセル費用のお支払いはありません 脂肪採取予定日の2 日前 ~脂肪採取当日の脂肪組織採取前 一律10 万円をお支払いいただきます 脂肪組織採取後~細胞加工開始前 一律20 万円をお支払いいただきます 細胞加工開始後~細胞投与前 110 万円 120 万円 130 万円 160 万円 細胞投与後 治療費用全額をお支払いいただきます 13. 細胞提供者及び再生医療等を受ける者に対する健康被害の補償の方法 健康被害が発生した場合は、適切な医療を提供するほか、補償については協議に応じます。 また、万が一に備え、日本整形外科学会の医師賠償責任保険に加入しています。 14.,,
V41_01C2307019,01C2307019,C,V41F8A1EAF8C78,関東,東京都,一般社団法人Orthofemme ゆりクリニック,港区芝5-31-15センチュリー三田ビル 6F,第二種,自家脂肪組織由来の培養間葉系幹細胞を用いた関節疾患の治療,脂肪由来幹細胞,AUTO,1.0,https://saiseiiryo.mhlw.go.jp/published_plan/download/01C2307019/5/0,1300000,不明,,,,-1,,予定日の3 日前 キャンセル費用のお支払いはありません 脂肪採取予定日の2 日前 ~脂肪採取当日の脂肪組織採取前 一律10 万円をお支払いいただきます 脂肪組織採取後~細胞加工開始前 一律20 万円をお支払いいただきます 細胞加工開始後~細胞投与前 110 万円 120 万円 130 万円 160 万円 細胞投与後 治療費用全額をお支払いいただきます 13. 細胞提供者及び再生医療等を受ける者に対する健康被害の補償の方法 健康被害が発生した場合は、適切な医療を提供するほか、補償については協議に応じます。 また、万が一に備え、日本整形外科学会の医師賠償責任保険に加入しています。 14. 代替治療とその治,,
V41_01C2307019,01C2307019,C,V41F8A1EAF8C78,関東,東京都,一般社団法人Orthofemme ゆりクリニック,港区芝5-31-15センチュリー三田ビル 6F,第二種,自家脂肪組織由来の培養間葉系幹細胞を用いた関節疾患の治療,脂肪由来幹細胞,AUTO,1.0,https://saiseiiryo.mhlw.go.jp/published_plan/download/01C2307019/5/0,1600000,不明,,,,-1,,キャンセル費用のお支払いはありません 脂肪採取予定日の2 日前 ~脂肪採取当日の脂肪組織採取前 一律10 万円をお支払いいただきます 脂肪組織採取後~細胞加工開始前 一律20 万円をお支払いいただきます 細胞加工開始後~細胞投与前 110 万円 120 万円 130 万円 160 万円 細胞投与後 治療費用全額をお支払いいただきます 13. 細胞提供者及び再生医療等を受ける者に対する健康被害の補償の方法 健康被害が発生した場合は、適切な医療を提供するほか、補償については協議に応じます。 また、万が一に備え、日本整形外科学会の医師賠償責任保険に加入しています。 14. 代替治療とその治療法により予期さ,,
V41_01C2307019,01C2307019,C,V41F8A1EAF8C78,関東,東京都,一般社団法人Orthofemme ゆりクリニック,港区芝5-31-15センチュリー三田ビル 6F,第二種,自家脂肪組織由来の培養間葉系幹細胞を用いた関節疾患の治療,脂肪由来幹細胞,AUTO,1.0,https://saiseiiryo.mhlw.go.jp/published_plan/download/01C2307019/5/0,1800000,税別,1 回,,,-1,,"投与細胞数 治療費用(税別) 1 約3,000 万個×1 回分 130 万円 2 約5,000 万個×1 回分 140 万円 3 約1 億個×1 回分 150 万円 4 約3,000 万個×3 回分 180 万円 なお、脂肪組織の採取の施術開始後や細胞加工の開始後、あるいは3 回投与の場合に1 回目投 与の後や2 回目投与の後に同意を撤回された場合など、それまでに費用が発生している場合は、 以下の通り、患者様ご自身にご負担いただきますのでご了承ください。 同意撤回の時期 キャンセル費用(税別) 1 2 3 4 同意日~脂肪採取",,
V41_01C2605046,01C2605046,A,V41F10A97A4FCB,関東,東京都,一般社団法人ReM medical ReM CLINIC Ginza,中央区銀座5丁目10番2号　GINZA MISS PARIS 2階,第二種,膝関節症に対する自己脂肪由来幹細胞による治療,脂肪由来幹細胞,AUTO,1.0,https://saiseiiryo.mhlw.go.jp/published_plan/download/01C2605046/5/0,3650000,税込,1回,,,7,,"0 営業時間外の連絡先:03-6280-6095(翌営業日に折り返し) 14.費用について 細胞の提供に際して費用は発生しません。 本治療は保険適用外であるため、治療にかかる費用全額をご自分でご負担いただきます。本治 療にかかる費用は以下のとおりとなっております(全て税込)。 1回3,650,000 円 2回6,200,000 円 5 回11,300,000 円 ※症状等の事情により金額は前後する可能性があります。 なお、脂肪の採取後や、細胞加工物の製造後に同意を撤回された場合など、同意を撤回される時 点までに費用が発生している場合は、発生した費用についてはあなたにご負担いただきますので ご了承ください。 また、本治療は必",,
V41_01C2605046,01C2605046,A,V41F10A97A4FCB,関東,東京都,一般社団法人ReM medical ReM CLINIC Ginza,中央区銀座5丁目10番2号　GINZA MISS PARIS 2階,第二種,膝関節症に対する自己脂肪由来幹細胞による治療,脂肪由来幹細胞,AUTO,1.0,https://saiseiiryo.mhlw.go.jp/published_plan/download/01C2605046/5/0,6200000,税込,1回,,,7,,"-6280-6095(翌営業日に折り返し) 14.費用について 細胞の提供に際して費用は発生しません。 本治療は保険適用外であるため、治療にかかる費用全額をご自分でご負担いただきます。本治 療にかかる費用は以下のとおりとなっております(全て税込)。 1回3,650,000 円 2回6,200,000 円 5 回11,300,000 円 ※症状等の事情により金額は前後する可能性があります。 なお、脂肪の採取後や、細胞加工物の製造後に同意を撤回された場合など、同意を撤回される時 点までに費用が発生している場合は、発生した費用についてはあなたにご負担いただきますので ご了承ください。 また、本治療は必ず効果が得られるものではなく、",,
V41_01C2605046,01C2605046,A,V41F10A97A4FCB,関東,東京都,一般社団法人ReM medical ReM CLINIC Ginza,中央区銀座5丁目10番2号　GINZA MISS PARIS 2階,第二種,膝関節症に対する自己脂肪由来幹細胞による治療,脂肪由来幹細胞,AUTO,1.0,https://saiseiiryo.mhlw.go.jp/published_plan/download/01C2605046/5/0,11300000,税込,1回,,,-1,,"折り返し) 14.費用について 細胞の提供に際して費用は発生しません。 本治療は保険適用外であるため、治療にかかる費用全額をご自分でご負担いただきます。本治 療にかかる費用は以下のとおりとなっております(全て税込)。 1回3,650,000 円 2回6,200,000 円 5 回11,300,000 円 ※症状等の事情により金額は前後する可能性があります。 なお、脂肪の採取後や、細胞加工物の製造後に同意を撤回された場合など、同意を撤回される時 点までに費用が発生している場合は、発生した費用についてはあなたにご負担いただきますので ご了承ください。 また、本治療は必ず効果が得られるものではなく、効果が得られなかった場合でも返金は",,
V41_01C2207036,01C2207036,B,V41F21F3E1E556,関東,東京都,一般社団法人SOL　SOL整形外科世田谷スポーツクリニック,世田谷区中町４丁目１４-１１,第二種,多血小板血漿（Platelet-rich plasma：PRP）を用いた変形性関節症治療,PRP,AUTO,1.0,https://saiseiiryo.mhlw.go.jp/published_plan/download/01C2207036/5/0,40000,税別,,ACP,Arthrex,8,,"りますが、 規程に基づき患者様個人を特定できる内容が使われることはありません。 治療にかかる費用について この治療は公的保険の対象ではありませんので、当院の所定の施術料をお支払いいただきま す。 ・アースレックス社製 ACP 40,000 円(税抜) ・DSM バイオメディカル社製 PRP システム 30ml キット仕様 200,000 円(税抜) 60ml キット仕様 300,000 円(税抜) 症状などにより治療費は変動する可能性がございます。 詳細やご不明な点は医師またはスタッフにお尋ね下さい。 施術後、患者様の個人",,
V41_01C2207036,01C2207036,B,V41F21F3E1E556,関東,東京都,一般社団法人SOL　SOL整形外科世田谷スポーツクリニック,世田谷区中町４丁目１４-１１,第二種,多血小板血漿（Platelet-rich plasma：PRP）を用いた変形性関節症治療,PRP,AUTO,1.0,https://saiseiiryo.mhlw.go.jp/published_plan/download/01C2207036/5/0,200000,税別,,ACP,Arthrex,8,,"用について この治療は公的保険の対象ではありませんので、当院の所定の施術料をお支払いいただきま す。 ・アースレックス社製 ACP 40,000 円(税抜) ・DSM バイオメディカル社製 PRP システム 30ml キット仕様 200,000 円(税抜) 60ml キット仕様 300,000 円(税抜) 症状などにより治療費は変動する可能性がございます。 詳細やご不明な点は医師またはスタッフにお尋ね下さい。 施術後、患者様の個人的な事情及び金銭等に関する問題に関しては一切の責を負いかねます のでご了承ください。 本",,
V41_01C2207036,01C2207036,B,V41F21F3E1E556,関東,東京都,一般社団法人SOL　SOL整形外科世田谷スポーツクリニック,世田谷区中町４丁目１４-１１,第二種,多血小板血漿（Platelet-rich plasma：PRP）を用いた変形性関節症治療,PRP,AUTO,1.0,https://saiseiiryo.mhlw.go.jp/published_plan/download/01C2207036/5/0,300000,税別,,ACP,Arthrex,8,,"ませんので、当院の所定の施術料をお支払いいただきま す。 ・アースレックス社製 ACP 40,000 円(税抜) ・DSM バイオメディカル社製 PRP システム 30ml キット仕様 200,000 円(税抜) 60ml キット仕様 300,000 円(税抜) 症状などにより治療費は変動する可能性がございます。 詳細やご不明な点は医師またはスタッフにお尋ね下さい。 施術後、患者様の個人的な事情及び金銭等に関する問題に関しては一切の責を負いかねます のでご了承ください。 本治療の実施体制 本治療は、以下の",,
V41_01C2504026,01C2504026,C,V41FA1B35167B4,関東,東京都,一般社団法人エンパシア　IIT CLINIC,新宿区西新宿6-6-2 新宿国際ビルディング1F,第二種,自家培養脂肪由来幹細胞を用いた変形性関節症の治療,脂肪由来幹細胞,QC,1.0,https://saiseiiryo.mhlw.go.jp/published_plan/download/01C2504026/5/0,,,,,,,,,no price found after text/OCR pass,Document fetched but no price candidate
V41_01C2603035,01C2603035,D,V41F72BC51763F,関東,東京都,一般社団法人再健会 シン・整形外科 代々木上原,渋谷区西原３丁目７−８,第二種,多血小板血漿（PRP）による変形性関節症・関節炎・滑膜炎および半月板損傷治療,PRP,QC,1.0,https://saiseiiryo.mhlw.go.jp/published_plan/download/01C2603035/5/0,,,,,,,,,no price found after text/OCR pass,Document fetched but no price candidate
V41_01C2601051,01C2601051,A,V41F7A06560742,関東,東京都,一般社団法人再生医療皮膚科研究会　Tokyo Beauty Master Clinic.,港区六本木7-8-8 ミクニ六本木ビル4階,第二種,変形性関節症に対するPRP（自家多血小板血漿）療法,PRP,QC,1.0,https://saiseiiryo.mhlw.go.jp/published_plan/download/01C2601051/5/0,11000,税込,1 回,,,6,6,"費用(税込) 血液検査(実施した場合) 11,000 円 PRP(1 回・1 部位) 132,000 円",price candidates remain ambiguous,
V41_01C2601051,01C2601051,A,V41F7A06560742,関東,東京都,一般社団法人再生医療皮膚科研究会　Tokyo Beauty Master Clinic.,港区六本木7-8-8 ミクニ六本木ビル4階,第二種,変形性関節症に対するPRP（自家多血小板血漿）療法,PRP,QC,1.0,https://saiseiiryo.mhlw.go.jp/published_plan/download/01C2601051/5/0,132000,不明,1 回,,,2,6,"11,000 円 PRP(1 回・1 部位) 132,000 円 11. 試料等の保存及び廃棄の方法 患者様から採取した血液と調製したPRP は、患者様ご自身の治療のみに使用しま",price candidates remain ambiguous,
V41_02C2605056,02C2605056,B,V41F9252C99E29,関東,東京都,一般社団法人創生会 GINZA NOA CLINIC,中央区銀座5-4-6 ロイヤルクリスタル銀座3階,第二種,変形性関節症に対する自己脂肪由来幹細胞を用いた治療,脂肪由来幹細胞,QC,1.0,https://saiseiiryo.mhlw.go.jp/published_plan/download/02C2605056/5/0,,,,,,,,,no price found after rescue text/OCR pass,Rescue completed; OCR page timeouts=0
V41_02C2505033,02C2505033,C,V41F317F4EF430,関東,東京都,一般社団法人厚生会　元麻布ヒルズメディカルクリニック,"港区元麻布 1 丁目 3－3
元麻布ヒルズフォレストテラスウエスト B1",第二種,変形性関節症に対する自己脂肪由来幹細胞を用いた治療,脂肪由来幹細胞,QC,1.0,https://saiseiiryo.mhlw.go.jp/published_plan/download/02C2505033/5/0,,,,,,,,,no price found after rescue text/OCR pass,Rescue completed; OCR page timeouts=0
V41_01C2602050,01C2602050,D,V41F1D3991E09E,関東,東京都,一般社団法人天美会Tenvi Clinic Ginza,中央区銀座四丁目2番2号　地下一階　第1弥生ビルディング,第二種,変形性関節症に対する多血小板血漿（ＰＲＰ）関節内投与療法,PRP,AUTO,1.0,https://saiseiiryo.mhlw.go.jp/published_plan/download/01C2602050/5/0,600000,税込,,,,8,4,"14.費用について 細胞の提供に際して費用は発生しません。 治療の提供に際しては、本治療は公的保険の対象ではありませんので、当院所定の施術料として600,000 円 (税込)をお支払いいただきます。 ※患者様の症状、その他の事情等により治療費が変動する場合があります。",line-level medium price context,
V41_01C2602051,01C2602051,A,V41F1D3991E09E,関東,東京都,一般社団法人天美会Tenvi Clinic Ginza,中央区銀座四丁目2番2号　地下一階　第1弥生ビルディング,第三種,多血小板血漿を用いた整形外科領域（関節腔内への投与を除く）の治療,PRP,QC,1.0,https://saiseiiryo.mhlw.go.jp/published_plan/download/01C2602051/5/0,600000,税込,,,,6,,"15-4300 担当:白木 営業時間:10 時-19 時(土日祝を除く) 営業時間外の連絡先:info@tenviclinic.com 14.費用について 細胞の提供に際して費用は発生しません。 治療の提供に際しては、本治療は公的保険の対象ではありませんので、当院所定の施術料として600,000 円(税込)をお支払いいただきます。 ※患者様の症状、その他の事情等により治療費が変動する場合があります。 なお、細胞の採取後や加工後に同意を撤回された場合など、同意を撤回される時点までに費用が発生し ている場合は、発生した費用については患者様にご負担いただきますのでご了承ください。 15.他の治療法の有無、本治療法との比較について",no price found after text/OCR pass,No price found after refined text/OCR pass
V41_03C2108001,03C2108001,B,V41F9943EA90F0,関東,東京都,一般社団法人循整会　世田谷人工関節・脊椎クリニック,世田谷区南烏山6-36-6,第二種,多血小板血漿抽出液による関節症治療,APS/PRP,AUTO,1.0,https://saiseiiryo.mhlw.go.jp/published_plan/download/03C2108001/5/0,100000,不明,,APS|GPS|Zimmer,Zimmer Biomet,7,,"(院長)へと報告して対応させていただきます。 窓口部署:事務j 連絡先:03-5931-8756 12.費用について この治療は公的保険の対象ではありませんので、当院所定の施術料をお支払いいただきます。 ・ZIMMER BIOMET 製 GPS®IIIシステム使用 100,000円 (APSキットを使用せず、作製したPRPをそのまま使用する場合) GPS®IIIシステム、APSキット使用 300,000円 (APSキットを使用してさらに抽出を行い純度を高めて使用する場合) ※患者様の症状、その他の事情等により治療費が変動する場合があります。 なお、細胞の採取後や加工後",,
V41_03C2108001,03C2108001,B,V41F9943EA90F0,関東,東京都,一般社団法人循整会　世田谷人工関節・脊椎クリニック,世田谷区南烏山6-36-6,第二種,多血小板血漿抽出液による関節症治療,APS/PRP,AUTO,1.0,https://saiseiiryo.mhlw.go.jp/published_plan/download/03C2108001/5/0,300000,不明,,APS|GPS|Zimmer,Zimmer Biomet,7,,"んので、当院所定の施術料をお支払いいただきます。 ・ZIMMER BIOMET 製 GPS®IIIシステム使用 100,000円 (APSキットを使用せず、作製したPRPをそのまま使用する場合) GPS®IIIシステム、APSキット使用 300,000円 (APSキットを使用してさらに抽出を行い純度を高めて使用する場合) ※患者様の症状、その他の事情等により治療費が変動する場合があります。 なお、細胞の採取後や加工後に同意を撤回された場合など、同意を撤回される時点までに費用が発生し ている場合は、発生した費用については患者様にご負担いただきますのでご了承ください。 13.",,
V41_01C2602002,01C2602002,C,V41F5E1B68FCDC,関東,東京都,一般社団法人志鴻会　Ginza Phoenix Clinic,中央区京橋2-4-12第一生命キノテラス3F,第二種,変形性関節症に対する自己脂肪由来間葉系幹細胞による治療,脂肪由来幹細胞,AUTO,1.0,https://saiseiiryo.mhlw.go.jp/published_plan/download/01C2602002/5/0,3690500,税込,2 回,,,8,,"否については担当医師が慎重に検討のうえ、判断いたし ます。 10. 本治療の費用について <治療費について> 本治療は、保険適用外の治療(自由診療)であるため、本治療の提供にかかる費用は、培養 にかかる脂肪組織採取費、細胞培養加工費、幹細胞投与費、検査費、薬剤などの消耗備品を 含め、治療費総額3,690,500 円(税込)を患者様ご自身にご負担いただきます。2 回目以降 の投与も凍結保存の有無にかかわらず、3,690,500 円(税込)となります。ただし、凍結保 存がされていない場合は、適切な期間を空けて改めてあなたの同意を得た上で、採取から行 います。 また、治療に使用する細胞の品質が悪く治療ができない場合、再度脂肪組織の採取および細 胞培養を",,
V41_02C2512087,02C2512087,D,V41FC1A0AC8784,関東,東京都,一般社団法人志鴻会　銀座鳳凰クリニック,"千代田区外神田4-14-1　秋葉原UDXビル
北ウィング6階",第二種,自己脂肪由来間葉系幹細胞を用いた変形性関節症治療,脂肪由来幹細胞,AUTO,1.0,https://saiseiiryo.mhlw.go.jp/published_plan/download/02C2512087/5/0,3690500,税込,2 回,,,8,,"得られた場合には、 速やかにお伝えいたします。 10. 本治療の費用について <治療費について> 本治療は、保険適用外の治療(自由診療)であるため、本治療の提供にかかる費用は、培養 にかかる脂肪組織採取費、細胞培養加工費、幹細胞投与費、検査費、薬剤などの消耗備品 を含め、治療費総額 3,690,500 円(税込)を患者様ご自身にご負担いただきます。2 回目 以降の投与も凍結保存の有無にかかわらず、3,690,500 円(税込)となります。ただし、 凍結保存がされていない場合は、適切な期間を空けて改めてあなたの同意を得た上で、採 取から行います。 また、治療に使用する細胞の品質が悪く治療ができない場合、再度脂肪組織の採取および 細胞培",,
V41_02C2503061,02C2503061,A,V41F308BE151FB,関東,東京都,"一般社団法人日本オーラルヘルス協会
ミライズクリニック南青山","港区南青山6-10-18
Tri-Angle南青山1階",第二種,自家脂肪組織由来幹細胞（ASC）の投与による関節治療,脂肪由来幹細胞,AUTO,1.0,https://saiseiiryo.mhlw.go.jp/published_plan/download/02C2503061/5/0,1690000,税込,2 回,,,8,7,"1,290,000 円(税込) 2 関節 1,690,000 円(税込) 初回投与で使用されなかった自家ASC は、細胞培養加工施設で保管されます。投与可能な 量の自家ASC が残っている場合、患者さまのご希望により、以下の施術料にて2 回目以降",line-level medium price context,
V41_02C2503061,02C2503061,A,V41F308BE151FB,関東,東京都,"一般社団法人日本オーラルヘルス協会
ミライズクリニック南青山","港区南青山6-10-18
Tri-Angle南青山1階",第二種,自家脂肪組織由来幹細胞（ASC）の投与による関節治療,脂肪由来幹細胞,AUTO,1.0,https://saiseiiryo.mhlw.go.jp/published_plan/download/02C2503061/5/0,498000,税込,2回,,,7,7,"2回目以降の価格 1 関節 498,000 円(税込) 脂肪組織を採取してから1 年以上を経過した後も自家ASC の保管を行う場合は、1 年間延 長するごとに保管費用として別途59,400 円(税込)ご負担いただきます。詳しくは、スタ",line-level medium price context,
V41_02C2503061,02C2503061,A,V41F308BE151FB,関東,東京都,"一般社団法人日本オーラルヘルス協会
ミライズクリニック南青山","港区南青山6-10-18
Tri-Angle南青山1階",第二種,自家脂肪組織由来幹細胞（ASC）の投与による関節治療,脂肪由来幹細胞,AUTO,1.0,https://saiseiiryo.mhlw.go.jp/published_plan/download/02C2503061/5/0,1290000,税込,,,,7,7,"初回価格 1 関節 1,290,000 円(税込) 2 関節 1,690,000 円(税込)",line-level medium price context,
V41_02C2310060,02C2310060,C,V41F308BE151FB,関東,東京都,一般社団法人日本オーラルヘルス協会ミライズクリニック南青山,港区南青山6-10-18　Tri-Angle南青山1階,第二種,自己脂肪由来幹細胞を用いた変形性関節症の治療,脂肪由来幹細胞,QC,1.0,https://saiseiiryo.mhlw.go.jp/published_plan/download/02C2310060/5/0,,,,,,,,,no price found after text/OCR pass,Document fetched but no price candidate
V41_02C2310061,02C2310061,B,V41F308BE151FB,関東,東京都,一般社団法人日本オーラルヘルス協会ミライズクリニック南青山,港区南青山6-10-18　Tri-Angle南青山1階,第二種,自家培養軟骨細胞（ACC）を用いた移植による低侵襲膝関節軟骨再生治療,その他MSK,QC,1.0,https://saiseiiryo.mhlw.go.jp/published_plan/download/02C2310061/5/0,3000000,不明,,,,3,21,たりの価格 ACC 移植(再) 300万円 使用した細胞数にかかわらず、片膝あ たりの価格,price candidates remain ambiguous,
V41_02C2310061,02C2310061,B,V41F308BE151FB,関東,東京都,一般社団法人日本オーラルヘルス協会ミライズクリニック南青山,港区南青山6-10-18　Tri-Angle南青山1階,第二種,自家培養軟骨細胞（ACC）を用いた移植による低侵襲膝関節軟骨再生治療,その他MSK,QC,1.0,https://saiseiiryo.mhlw.go.jp/published_plan/download/02C2310061/5/0,4500000,不明,,,,3,21,軟骨組織採取 ACC 移植 450万円 使用した細胞数にかかわらず、片膝あ たりの価格,price candidates remain ambiguous,
V41_01C2509025,01C2509025,D,V41F2243C4482C,関東,東京都,"一般社団法人智萊会
NU CLINIC",港区麻布台1-5-9-3階,第二種,自己脂肪由来幹細胞を用いた変形性関節症の治療,脂肪由来幹細胞,AUTO,1.0,https://saiseiiryo.mhlw.go.jp/published_plan/download/01C2509025/5/0,2200000,税込,1回,,,13,5,"その他、本治療を受けるために必要となった旅費、交通費などの全 ての費用も同様です。 本治療にかかる費用は、1回分 2,200,000円(税込)です。 同意を撤回された場合など、同意を撤回される時点までに発生した 費用(診察料、検査費、脂肪採取費、輸送費、加工費等)について",line-level strong price context,
V41_01C2506006,01C2506006,A,V41F8FCF7A332C,関東,東京都,"一般社団法人未来医療センター
SENSHIN CLINIC","港区南青山3丁目1番30号
PASONA SQUARE 3階",第二種,自己脂肪由来幹細胞を用いた変形性関節症の治療,脂肪由来幹細胞,AUTO,1.0,https://saiseiiryo.mhlw.go.jp/published_plan/download/01C2506006/5/0,1500000,税別,1 回,,,8,,事項 本治療は保険適用外の治療(自由診療)であるため、本治療の提供に係る費用は、細胞培養 加工費・幹細胞投与費・検査費・薬剤等の消耗品・投与後6 ヶ月後までの経過観察費用を含 め、下記の治療費用をご負担いただきます。 細胞数0.5 億個 細胞数1 億個 細胞数2 億個 1 回あたり 150 万円(税別) 300 万円(税別) 600 万円(税別) また、本治療に使用する細胞の品質が悪い場合は、再度脂肪組織の採取及び細胞培養を行 います。その際に係る費用については、請求することはありません。 尚、脂肪組織の採取後や、細胞加工物の製造後に同意を撤回された場合など、同意を撤回 される時点までに費用が発生している場合は、発生した,,
V41_01C2506006,01C2506006,A,V41F8FCF7A332C,関東,東京都,"一般社団法人未来医療センター
SENSHIN CLINIC","港区南青山3丁目1番30号
PASONA SQUARE 3階",第二種,自己脂肪由来幹細胞を用いた変形性関節症の治療,脂肪由来幹細胞,AUTO,1.0,https://saiseiiryo.mhlw.go.jp/published_plan/download/01C2506006/5/0,3000000,税別,1 回,,,8,,外の治療(自由診療)であるため、本治療の提供に係る費用は、細胞培養 加工費・幹細胞投与費・検査費・薬剤等の消耗品・投与後6 ヶ月後までの経過観察費用を含 め、下記の治療費用をご負担いただきます。 細胞数0.5 億個 細胞数1 億個 細胞数2 億個 1 回あたり 150 万円(税別) 300 万円(税別) 600 万円(税別) また、本治療に使用する細胞の品質が悪い場合は、再度脂肪組織の採取及び細胞培養を行 います。その際に係る費用については、請求することはありません。 尚、脂肪組織の採取後や、細胞加工物の製造後に同意を撤回された場合など、同意を撤回 される時点までに費用が発生している場合は、発生した費用についてはあなたにご,,
V41_01C2506006,01C2506006,A,V41F8FCF7A332C,関東,東京都,"一般社団法人未来医療センター
SENSHIN CLINIC","港区南青山3丁目1番30号
PASONA SQUARE 3階",第二種,自己脂肪由来幹細胞を用いた変形性関節症の治療,脂肪由来幹細胞,AUTO,1.0,https://saiseiiryo.mhlw.go.jp/published_plan/download/01C2506006/5/0,6000000,税別,1 回,,,8,,るため、本治療の提供に係る費用は、細胞培養 加工費・幹細胞投与費・検査費・薬剤等の消耗品・投与後6 ヶ月後までの経過観察費用を含 め、下記の治療費用をご負担いただきます。 細胞数0.5 億個 細胞数1 億個 細胞数2 億個 1 回あたり 150 万円(税別) 300 万円(税別) 600 万円(税別) また、本治療に使用する細胞の品質が悪い場合は、再度脂肪組織の採取及び細胞培養を行 います。その際に係る費用については、請求することはありません。 尚、脂肪組織の採取後や、細胞加工物の製造後に同意を撤回された場合など、同意を撤回 される時点までに費用が発生している場合は、発生した費用についてはあなたにご負担いた だきますのでご,,
V41_01C2603033,01C2603033,B,V41FB0DF2C9539,関東,東京都,一般社団法人東京LAB 高輪ゲートウェイ駅前整形外科クリニック,港区高輪2丁目22番1号 THE LINKPILLAR2 5階,第二種,多血小板血漿（Platelet-rich plasma：PRP）を用いた関節痛治療,PRP,AUTO,1.0,https://saiseiiryo.mhlw.go.jp/published_plan/download/01C2603033/5/0,27000,税別,,,,9,5,"・日本の健康保険証をお持ちの方 1キットあたり治療費: 36,000円(税抜) ・そうでない方 1キットあたり治療費: 70,000円 (税抜) ・学生(中高生以下)等 1キットあたり治療費: 27,000円(税抜) 症状などにより治療費は変動する可能性がございます。 詳細やご不明な点は医師またはスタッフにお尋ね下さい。",line-level strong price context,
V41_01C2603033,01C2603033,B,V41FB0DF2C9539,関東,東京都,一般社団法人東京LAB 高輪ゲートウェイ駅前整形外科クリニック,港区高輪2丁目22番1号 THE LINKPILLAR2 5階,第二種,多血小板血漿（Platelet-rich plasma：PRP）を用いた関節痛治療,PRP,AUTO,1.0,https://saiseiiryo.mhlw.go.jp/published_plan/download/01C2603033/5/0,36000,税別,,,,9,5,"この治療は公的保険の対象ではありませんので、当院の所定の施術料をお支払いいただきます。 治療費 ・日本の健康保険証をお持ちの方 1キットあたり治療費: 36,000円(税抜) ・そうでない方 1キットあたり治療費: 70,000円 (税抜) ・学生(中高生以下)等 1キットあたり治療費: 27,000円(税抜)",line-level strong price context,
V41_01C2603033,01C2603033,B,V41FB0DF2C9539,関東,東京都,一般社団法人東京LAB 高輪ゲートウェイ駅前整形外科クリニック,港区高輪2丁目22番1号 THE LINKPILLAR2 5階,第二種,多血小板血漿（Platelet-rich plasma：PRP）を用いた関節痛治療,PRP,AUTO,1.0,https://saiseiiryo.mhlw.go.jp/published_plan/download/01C2603033/5/0,70000,税別,,,,9,5,"治療費 ・日本の健康保険証をお持ちの方 1キットあたり治療費: 36,000円(税抜) ・そうでない方 1キットあたり治療費: 70,000円 (税抜) ・学生(中高生以下)等 1キットあたり治療費: 27,000円(税抜) 症状などにより治療費は変動する可能性がございます。",line-level strong price context,
V41_02C2602047,02C2602047,D,V41F8BBC6D571C,関東,東京都,一般社団法人東京リライフ　東京リライフクリニック,中央区銀座７丁目８番6号  TORAYA・Ginza・Building6～8階,第二種,自己脂肪由来幹細胞を用いた変形性関節症に対する治療,脂肪由来幹細胞,QC,1.0,https://saiseiiryo.mhlw.go.jp/published_plan/download/02C2602047/5/0,,,,,,,,,no price found after rescue text/OCR pass,Rescue completed; OCR page timeouts=0
V41_03C2603001,03C2603001,C,V41F8BBC6D571C,関東,東京都,一般社団法人東京リライフ　東京リライフクリニック,中央区銀座７丁目８番6号  TORAYA・Ginza・Building6～8階,第二種,変形性関節症および関節腔の傷害を対象とした多血小板血漿Platelet Rich Plasma（PRP）注入療法,PRP,QC,1.0,https://saiseiiryo.mhlw.go.jp/published_plan/download/03C2603001/5/0,,,,,,,,,no price found after text/OCR pass,Document fetched but no price candidate
V41_01C2510019,01C2510019,A,V41F18D7FF7424,関東,東京都,一般社団法人桃郷会 ライフケアクリニック東京銀座,中央区八重洲2-11-3 Line View 京橋2F,第二種,自家脂肪組織由来幹細胞（ASC）の投与による関節治療,脂肪由来幹細胞,AUTO,1.0,https://saiseiiryo.mhlw.go.jp/published_plan/download/01C2510019/5/0,1650000,税別,1回,,,9,,"受けることはありません。 6 9. 本治療の費用について 「自家脂肪組織由来幹細胞(ASC)の投与による関節治療」はすべて自費診療であり、健康 保険を使用することはできません。本治療にかかる費用は、以下のとおりとなります。 間葉系幹細胞 5,000 万cell/(片膝1回) 1,650,000 円(税抜) 10. 特定細胞加工物などの保管および破棄について 本治療が原因となる可能性がある疾患等が発生した場合の原因究明のため、患者様の脂 肪を加工した細胞加工物の一部は、投与後10 年間、-80°C以下で保存されます。保管 期間終了後は適切な方法で破棄します。なお、十分に細胞が増えなかった場合や細胞増 殖中に細菌等の汚染が確認",,
V41_01C2503018,01C2503018,B,V41FAF20FC19FC,関東,東京都,"一般社団法人雲動会 
あおぞらクリニック整形外科",板橋区板橋2丁目67-5　アクロスキューブ板橋3F,第二種,変形性関節症を対象とした自家多血小板血漿（PRP）注入療法,PRP,AUTO,1.0,https://saiseiiryo.mhlw.go.jp/published_plan/download/01C2503018/5/0,55000,税込,1 回,,,9,,"保険がご使用できない自由診療です。そのため、患者様の費用負担 が他の治療よりも高額になることがあります。当院において実施される本治療および本 治療に必要な検査などの費用は全額自己負担となります。 血液分離専用容器キットによる施術料: 2 種:PRP 血液分離専用容器キットによる施術料1 回 55,000円(税込) ※患者様の症状によっては、治療を数回行うことがあります。治療前、または治療後 の状態から担当医師が判断し、患者様にお伝えしご相談させて頂きます。 ※治療内容・回数により1回あたりの費用が減額される場合がございます。施術する 前に詳細な説明をいたしますので、ご納得いただいた上で治療をお受けいただけますよ うお願い申し上げます",,
V41_01C2503018,01C2503018,B,V41FAF20FC19FC,関東,東京都,"一般社団法人雲動会 
あおぞらクリニック整形外科",板橋区板橋2丁目67-5　アクロスキューブ板橋3F,第二種,変形性関節症を対象とした自家多血小板血漿（PRP）注入療法,PRP,AUTO,1.0,https://saiseiiryo.mhlw.go.jp/published_plan/download/01C2503018/5/0,5000,不明,,,,-8,,"を受けた後に同意されない場合でも、一切不利益を受けることはありません。 また同様に、治療を受けることに同意した場合であっても、投与までの間でしたら、 いつでも取りやめることができます。この場合でも、一切不利益を受けません。 (採血等にかかる実費等はご負担いただきます。 :採血後のキャンセル料 5,000 円 加工後のキャンセル料 35,000 円) もしこの治療を受けることに同意されない場合も、最適と考えられる治療を実施でき るように患者様の治療に最善を尽くします。 ただし、治療を行った後は、健康管理・アフターフォローのために必要に応じて適切 な検査を受けていただき、医学的に問題がないかを確認させていただきます。 11. 試料等の",,
V41_01C2503018,01C2503018,B,V41FAF20FC19FC,関東,東京都,"一般社団法人雲動会 
あおぞらクリニック整形外科",板橋区板橋2丁目67-5　アクロスキューブ板橋3F,第二種,変形性関節症を対象とした自家多血小板血漿（PRP）注入療法,PRP,AUTO,1.0,https://saiseiiryo.mhlw.go.jp/published_plan/download/01C2503018/5/0,35000,不明,,,,-8,,"不利益を受けることはありません。 また同様に、治療を受けることに同意した場合であっても、投与までの間でしたら、 いつでも取りやめることができます。この場合でも、一切不利益を受けません。 (採血等にかかる実費等はご負担いただきます。 :採血後のキャンセル料 5,000 円 加工後のキャンセル料 35,000 円) もしこの治療を受けることに同意されない場合も、最適と考えられる治療を実施でき るように患者様の治療に最善を尽くします。 ただし、治療を行った後は、健康管理・アフターフォローのために必要に応じて適切 な検査を受けていただき、医学的に問題がないかを確認させていただきます。 11. 試料等の保管及び廃棄の方法について この治",,
V41_01C2508095,01C2508095,C,V41FAF20FC19FC,関東,東京都,一般社団法人雲動会 あおぞらクリニック整形外科,板橋区板橋2丁目67-5アクロスキューブ板橋3F,第二種,変形性関節症に対する自家培養脂肪由来幹細胞を用いた治療,脂肪由来幹細胞,AUTO,1.0,https://saiseiiryo.mhlw.go.jp/published_plan/download/01C2508095/5/0,110000,税込,1部位,,,7,,"(税込) 治療費:関節1部位 980,000円 治療費:関節2部位 1,180,000円 ※上記治療費には細胞採取費用・局所麻酔料・培養費用・1 年間の細胞保管料・関節内投与料・鎮痛剤・ 抗生物質などが含まれています。 ※2 年目以降、治療の目的で細胞保管を継続する場合、別途細胞保管料110,000 円/年(税込)を頂 戴致します。 また、1回の脂肪採取で1〜4回の投与分の細胞培養が可能です(採取した脂肪や細胞の状況により 異なります)。なお、患者様ごとに投与量、投与回数と投与回数に応じたトータル費用(概算)を説明し ますので、必ず担当医の説明を受けてください。 2 回目以降の費用は症状や画像診断結果などにより投与量(細胞数)が",,
V41_01C2508095,01C2508095,C,V41FAF20FC19FC,関東,東京都,一般社団法人雲動会 あおぞらクリニック整形外科,板橋区板橋2丁目67-5アクロスキューブ板橋3F,第二種,変形性関節症に対する自家培養脂肪由来幹細胞を用いた治療,脂肪由来幹細胞,AUTO,1.0,https://saiseiiryo.mhlw.go.jp/published_plan/download/01C2508095/5/0,980000,税込,1部位,,,7,,"でご負担いただきます。その他、本治 療を受けるために必要となった宿泊費・交通費などの全ての費用もご自分でご負担いただきます。 治療に必要な費用は以下表の通りとなっております。症状や画像診断結果などにより投与量(細胞数)が 異なります。 治療にかかる費用 (税込) 治療費:関節1部位 980,000円 治療費:関節2部位 1,180,000円 ※上記治療費には細胞採取費用・局所麻酔料・培養費用・1 年間の細胞保管料・関節内投与料・鎮痛剤・ 抗生物質などが含まれています。 ※2 年目以降、治療の目的で細胞保管を継続する場合、別途細胞保管料110,000 円/年(税込)を頂 戴致します。 また、1回の脂肪採取で1〜4回の投",,
V41_01C2508095,01C2508095,C,V41FAF20FC19FC,関東,東京都,一般社団法人雲動会 あおぞらクリニック整形外科,板橋区板橋2丁目67-5アクロスキューブ板橋3F,第二種,変形性関節症に対する自家培養脂肪由来幹細胞を用いた治療,脂肪由来幹細胞,AUTO,1.0,https://saiseiiryo.mhlw.go.jp/published_plan/download/01C2508095/5/0,1180000,税込,1部位,,,7,,"受けるために必要となった宿泊費・交通費などの全ての費用もご自分でご負担いただきます。 治療に必要な費用は以下表の通りとなっております。症状や画像診断結果などにより投与量(細胞数)が 異なります。 治療にかかる費用 (税込) 治療費:関節1部位 980,000円 治療費:関節2部位 1,180,000円 ※上記治療費には細胞採取費用・局所麻酔料・培養費用・1 年間の細胞保管料・関節内投与料・鎮痛剤・ 抗生物質などが含まれています。 ※2 年目以降、治療の目的で細胞保管を継続する場合、別途細胞保管料110,000 円/年(税込)を頂 戴致します。 また、1回の脂肪採取で1〜4回の投与分の細胞培養が可能です(採取した脂肪や細胞の",,
V41_01C2601047,01C2601047,D,V41FECBB99D876,関東,東京都,一般社団法人ＲＫミライ　Rejoint Clinic Dr.K,港区新橋3丁目1番9号 301新橋 BUILDING 7階,第二種,自己脂肪由来間葉系幹細胞を用いた変形性関節症治療,脂肪由来幹細胞,AUTO,1.0,https://saiseiiryo.mhlw.go.jp/published_plan/download/01C2601047/5/0,1500000,税別,,,,11,6,"本治療は保険適用外であるため、治療にかかる費用全額をご自分でご負担いただきます。その 他、本治療を受けるために必要となった旅費、交通費などの全ての費用もご自分でご負担いただ きます。実際に必要となる費用については今回の治療は1,500,000 円(税抜)となります。 なお、脂肪の採取後や、細胞加工物の製造開始後に同意を撤回された場合など、同意を撤回さ れる時点までに費用が発生している場合は、発生した費用についてはあなたにご負担いただきま",line-level strong price context,
V41_01C2308049,01C2308049,D,V41FA2027FBB72,関東,東京都,三宿通り整形外科クリニック,世田谷区池尻1-7-5　三井ビル1階,第二種,自家多血小板血漿（Platelet-rich plasma：PRP）を用いた慢性関節炎の治療（関節内組織）,PRP,QC,1.0,https://saiseiiryo.mhlw.go.jp/published_plan/download/01C2308049/5/0,55000,税込,1 回,,,6,7,"費用(税込) PRP 1 回・1 部位(1 本分) 55,000 円 PRP 1 回・1 部位(2 本分) 88,000 円",price candidates remain ambiguous,
V41_01C2308049,01C2308049,D,V41FA2027FBB72,関東,東京都,三宿通り整形外科クリニック,世田谷区池尻1-7-5　三井ビル1階,第二種,自家多血小板血漿（Platelet-rich plasma：PRP）を用いた慢性関節炎の治療（関節内組織）,PRP,QC,1.0,https://saiseiiryo.mhlw.go.jp/published_plan/download/01C2308049/5/0,88000,不明,1 回,,,2,7,"55,000 円 PRP 1 回・1 部位(2 本分) 88,000 円 PRP 1 回・2 部位同時(2 本分) 88,000 円",price candidates remain ambiguous,
V41_01C2303029,01C2303029,A,V41FE3D1DFC6F8,関東,東京都,世田谷かくた整形外科　成城学園前院,世田谷区成城２－４０－９　成城サウスサイド１階,第三種,多血小板血漿を用いた整形外科領域（関節腔内への投与を除く）の治療,PRP,AUTO,1.0,https://saiseiiryo.mhlw.go.jp/published_plan/download/01C2303029/5/0,55000,税込,,ACP|GPS,Arthrex|Zimmer Biomet,8,,"細胞の提供に際して費用は発生しません。 治療の提供に際しては、本治療は公的保険の対象ではありませんので、当院所定の施術料として以下の金額 をお支払いいただきます。 1GPSIIIシステム(ジンマーバイオメット):165,000円(税込) 2ACPダブルシリンジシステム(アースレックス):55,000円(税込) ※患者様の症状、その他の事情等により治療費が変動する場合があります。 なお、細胞の採取後や加工後に同意を撤回された場合など、同意を撤回される時点までに費用が発生している 場合は、発生した費用については患者様にご負担いただきますのでご了承ください。 15.他の治療法の有無、本治療法との比較について 靭帯・腱及び腱付",,
V41_01C2303029,01C2303029,A,V41FE3D1DFC6F8,関東,東京都,世田谷かくた整形外科　成城学園前院,世田谷区成城２－４０－９　成城サウスサイド１階,第三種,多血小板血漿を用いた整形外科領域（関節腔内への投与を除く）の治療,PRP,AUTO,1.0,https://saiseiiryo.mhlw.go.jp/published_plan/download/01C2303029/5/0,165000,税込,,ACP|GPS,Arthrex|Zimmer Biomet,8,,"口部署:事務 連絡先:03-3417-1152 14.費用について 細胞の提供に際して費用は発生しません。 治療の提供に際しては、本治療は公的保険の対象ではありませんので、当院所定の施術料として以下の金額 をお支払いいただきます。 1GPSIIIシステム(ジンマーバイオメット):165,000円(税込) 2ACPダブルシリンジシステム(アースレックス):55,000円(税込) ※患者様の症状、その他の事情等により治療費が変動する場合があります。 なお、細胞の採取後や加工後に同意を撤回された場合など、同意を撤回される時点までに費用が発生している 場合は、発生した費用については患者様にご負担いただきますのでご了承ください。",,
V41_01C2504058,01C2504058,B,V41F17C1ADD7F5,関東,東京都,予防からはじめる整形外科 T CLINIC Ichigaya,新宿区市谷仲之町3-45,第三種,自家多血小板血漿（Platelet-Rich Plasma：PRP）を用いた筋肉、腱、靭帯、筋膜の損傷及び慢性炎症の治療（関節外の軟部組織）,PRP,AUTO,1.0,https://saiseiiryo.mhlw.go.jp/published_plan/download/01C2504058/5/0,50000,税別,,ACP MAX|ACP,Arthrex,8,,"本治療にかかる費用は、以下のとおりです。なお、費用に含まれるのは、治療に伴う 診査、自家PRP 調製のための採血にかかる費用、自家PRP 調製費用、注入にかかる 費用であり、以下が費用の総額となります。 治療の種類 平均的な血小板注入量 費用(税別) ACP-PRP 20 億個 50,000 円 HD-PRP(ACP MAX の場合) 90 億個 180,000 円 また、ACP-PRP は効果を高めるため、2 倍量1 度に投与することが可能です。 その場合の費用は以下の通りです。 治療の種類 平均的な血小板注入量 費用(税別) ACP-PRP ダブルショット 40 億個 100,000 円",,
V41_01C2504058,01C2504058,B,V41F17C1ADD7F5,関東,東京都,予防からはじめる整形外科 T CLINIC Ichigaya,新宿区市谷仲之町3-45,第三種,自家多血小板血漿（Platelet-Rich Plasma：PRP）を用いた筋肉、腱、靭帯、筋膜の損傷及び慢性炎症の治療（関節外の軟部組織）,PRP,AUTO,1.0,https://saiseiiryo.mhlw.go.jp/published_plan/download/01C2504058/5/0,180000,税別,,ACP MAX|ACP,Arthrex,8,,"う 診査、自家PRP 調製のための採血にかかる費用、自家PRP 調製費用、注入にかかる 費用であり、以下が費用の総額となります。 治療の種類 平均的な血小板注入量 費用(税別) ACP-PRP 20 億個 50,000 円 HD-PRP(ACP MAX の場合) 90 億個 180,000 円 また、ACP-PRP は効果を高めるため、2 倍量1 度に投与することが可能です。 その場合の費用は以下の通りです。 治療の種類 平均的な血小板注入量 費用(税別) ACP-PRP ダブルショット 40 億個 100,000 円 • 治療終了後も定期的な受診が必要です。 9 11.健康被害",,
V41_01C2504058,01C2504058,B,V41F17C1ADD7F5,関東,東京都,予防からはじめる整形外科 T CLINIC Ichigaya,新宿区市谷仲之町3-45,第三種,自家多血小板血漿（Platelet-Rich Plasma：PRP）を用いた筋肉、腱、靭帯、筋膜の損傷及び慢性炎症の治療（関節外の軟部組織）,PRP,AUTO,1.0,https://saiseiiryo.mhlw.go.jp/published_plan/download/01C2504058/5/0,100000,税別,,ACP MAX|ACP,Arthrex,0,,"P(ACP MAX の場合) 90 億個 180,000 円 また、ACP-PRP は効果を高めるため、2 倍量1 度に投与することが可能です。 その場合の費用は以下の通りです。 治療の種類 平均的な血小板注入量 費用(税別) ACP-PRP ダブルショット 40 億個 100,000 円 • 治療終了後も定期的な受診が必要です。 9 11.健康被害が発生した際の処置と補償等について すべての医療行為にはリスクがあり、ある一定の確率で合併症が起こりえます。 本治療においても『5.予想される効果と起こるかもしれない副作用』でお示しした 合併症については起こらないように細心の注意を払っています",,
V41_01C1905038,01C1905038,C,V41F98B318365D,関東,東京都,元浅草いけだクリニック,台東区元浅草４丁目７−２２,第二種,多血小板血漿（Platelet-rich plasma：PRP）を用いた関節内疾患に対する治療,PRP,QC,1.0,https://saiseiiryo.mhlw.go.jp/published_plan/download/01C1905038/5/0,,,,,,,,,no price found after rescue text/OCR pass,Rescue completed; OCR page timeouts=0
V41_01C2301064,01C2301064,D,V41FBB04AF06A1,関東,東京都,公益財団法人日産厚生会玉川病院,世田谷区瀬田四丁目８番１号,第二種,自己多血小板血漿(PRP)の投与による変形性関節症の治療,PRP,AUTO,1.0,https://saiseiiryo.mhlw.go.jp/published_plan/download/01C2301064/5/0,100000,税別,1 回,APS|GPS,Zimmer Biomet,8,,"よる変形性関節症の治療に関する説明文・同意文書 9 治療にかかる費用について この治療は公的保険の対象ではありませんので、当施設にて実施される治療及び治療に必要な検査 などの費用は全額自己負担となります。 ・PRP を用いた治療(GPSIIIシステム使用)における施術料 1 回 100,000円 (税抜) ・濃縮PRP(APS)を用いた治療(APS キット使用) における施術料 1 回 270,000円 (税抜) APS キットにより製造される濃縮PRP(APS)を用いた治療では、半年~1年以上の治療効果が期待 できる一方で、GPSIIIシステムで製造したPRPを用いた治療では、複数回の投与が必要となる場合があり ます",,
V41_01C2301064,01C2301064,D,V41FBB04AF06A1,関東,東京都,公益財団法人日産厚生会玉川病院,世田谷区瀬田四丁目８番１号,第二種,自己多血小板血漿(PRP)の投与による変形性関節症の治療,PRP,AUTO,1.0,https://saiseiiryo.mhlw.go.jp/published_plan/download/01C2301064/5/0,270000,税別,1 回,APS|GPS,Zimmer Biomet,8,,"の対象ではありませんので、当施設にて実施される治療及び治療に必要な検査 などの費用は全額自己負担となります。 ・PRP を用いた治療(GPSIIIシステム使用)における施術料 1 回 100,000円 (税抜) ・濃縮PRP(APS)を用いた治療(APS キット使用) における施術料 1 回 270,000円 (税抜) APS キットにより製造される濃縮PRP(APS)を用いた治療では、半年~1年以上の治療効果が期待 できる一方で、GPSIIIシステムで製造したPRPを用いた治療では、複数回の投与が必要となる場合があり ます。ご不明な点は医師・スタッフにお尋ねください。 その他治療についての注意事項",,
V41_01C2509046,01C2509046,B,V41F94BD4F42C4,関東,東京都,医療法人 全医会 東京腰痛クリニック,中央区銀座5-1-15 第一御幸ビル2階,第二種,自家脂肪組織由来の培養間葉系間質細胞を用いた椎間関節症の治療,脂肪由来幹細胞,AUTO,1.0,https://saiseiiryo.mhlw.go.jp/published_plan/download/01C2509046/5/0,1000000,税別,1 回,,,9,,"代諾者: (続柄: ) 10 (別紙) 本再生医療等の費用は以下のとおりです。 投与細胞数 治療費用(税別) 1 約3,000 万個×1 回分 100 万円 2 約5,000 万個×1 回分 120 万円 3 約1 億個×1 回分 160 万円 4 約3,000 万個×3 回分 200 万円 5 約2 億個×1 回分 250 万円 6 約1 億個×2 回分 270 万円 なお、脂肪組織の採",,
V41_01C2509046,01C2509046,B,V41F94BD4F42C4,関東,東京都,医療法人 全医会 東京腰痛クリニック,中央区銀座5-1-15 第一御幸ビル2階,第二種,自家脂肪組織由来の培養間葉系間質細胞を用いた椎間関節症の治療,脂肪由来幹細胞,AUTO,1.0,https://saiseiiryo.mhlw.go.jp/published_plan/download/01C2509046/5/0,1200000,税別,1 回,,,9,,"(続柄: ) 10 (別紙) 本再生医療等の費用は以下のとおりです。 投与細胞数 治療費用(税別) 1 約3,000 万個×1 回分 100 万円 2 約5,000 万個×1 回分 120 万円 3 約1 億個×1 回分 160 万円 4 約3,000 万個×3 回分 200 万円 5 約2 億個×1 回分 250 万円 6 約1 億個×2 回分 270 万円 なお、脂肪組織の採取の施術開始後や細胞加工の開始後、あるいは3 回投与の場合に1",,
V41_01C2509046,01C2509046,B,V41F94BD4F42C4,関東,東京都,医療法人 全医会 東京腰痛クリニック,中央区銀座5-1-15 第一御幸ビル2階,第二種,自家脂肪組織由来の培養間葉系間質細胞を用いた椎間関節症の治療,脂肪由来幹細胞,AUTO,1.0,https://saiseiiryo.mhlw.go.jp/published_plan/download/01C2509046/5/0,1600000,税別,1 回,,,9,,"本再生医療等の費用は以下のとおりです。 投与細胞数 治療費用(税別) 1 約3,000 万個×1 回分 100 万円 2 約5,000 万個×1 回分 120 万円 3 約1 億個×1 回分 160 万円 4 約3,000 万個×3 回分 200 万円 5 約2 億個×1 回分 250 万円 6 約1 億個×2 回分 270 万円 なお、脂肪組織の採取の施術開始後や細胞加工の開始後、あるいは3 回投与の場合に1 回目投 与の後や2 回目投与の後に同意を撤回された場合など、そ",,
V41_01C2509046,01C2509046,B,V41F94BD4F42C4,関東,東京都,医療法人 全医会 東京腰痛クリニック,中央区銀座5-1-15 第一御幸ビル2階,第二種,自家脂肪組織由来の培養間葉系間質細胞を用いた椎間関節症の治療,脂肪由来幹細胞,AUTO,1.0,https://saiseiiryo.mhlw.go.jp/published_plan/download/01C2509046/5/0,2000000,税別,1 回,,,7,,"投与細胞数 治療費用(税別) 1 約3,000 万個×1 回分 100 万円 2 約5,000 万個×1 回分 120 万円 3 約1 億個×1 回分 160 万円 4 約3,000 万個×3 回分 200 万円 5 約2 億個×1 回分 250 万円 6 約1 億個×2 回分 270 万円 なお、脂肪組織の採取の施術開始後や細胞加工の開始後、あるいは3 回投与の場合に1 回目投 与の後や2 回目投与の後に同意を撤回された場合など、それまでに費用が発生している場合は、 以下の通り、患者様ご自身にご",,
V41_01C2509046,01C2509046,B,V41F94BD4F42C4,関東,東京都,医療法人 全医会 東京腰痛クリニック,中央区銀座5-1-15 第一御幸ビル2階,第二種,自家脂肪組織由来の培養間葉系間質細胞を用いた椎間関節症の治療,脂肪由来幹細胞,AUTO,1.0,https://saiseiiryo.mhlw.go.jp/published_plan/download/01C2509046/5/0,2500000,不明,1 回,,,6,,") 1 約3,000 万個×1 回分 100 万円 2 約5,000 万個×1 回分 120 万円 3 約1 億個×1 回分 160 万円 4 約3,000 万個×3 回分 200 万円 5 約2 億個×1 回分 250 万円 6 約1 億個×2 回分 270 万円 なお、脂肪組織の採取の施術開始後や細胞加工の開始後、あるいは3 回投与の場合に1 回目投 与の後や2 回目投与の後に同意を撤回された場合など、それまでに費用が発生している場合は、 以下の通り、患者様ご自身にご負担いただきますのでご了承ください。 同意撤回の時期 キャ",,
V41_01C2509046,01C2509046,B,V41F94BD4F42C4,関東,東京都,医療法人 全医会 東京腰痛クリニック,中央区銀座5-1-15 第一御幸ビル2階,第二種,自家脂肪組織由来の培養間葉系間質細胞を用いた椎間関節症の治療,脂肪由来幹細胞,AUTO,1.0,https://saiseiiryo.mhlw.go.jp/published_plan/download/01C2509046/5/0,1280000,不明,,,,5,,ル費用のお支払いはありません 脂肪採取予定日の2 日前 ~脂肪採取当日の脂肪組織採取前 一律 10 万円をお支払いいただきます 脂肪組織採取後~細胞加工開始前 80 万円 96 万円 128 万円 160 万円 200 万円 216 万円 細胞加工開始後~細胞投与前 80 万円 96 万円 128 万円 160 万円 200 万円 216 万円 細胞投与後 治療費用全額をお支払いいただきます 以上,,
V41_01C2509046,01C2509046,B,V41F94BD4F42C4,関東,東京都,医療法人 全医会 東京腰痛クリニック,中央区銀座5-1-15 第一御幸ビル2階,第二種,自家脂肪組織由来の培養間葉系間質細胞を用いた椎間関節症の治療,脂肪由来幹細胞,AUTO,1.0,https://saiseiiryo.mhlw.go.jp/published_plan/download/01C2509046/5/0,1600000,不明,,,,5,,いはありません 脂肪採取予定日の2 日前 ~脂肪採取当日の脂肪組織採取前 一律 10 万円をお支払いいただきます 脂肪組織採取後~細胞加工開始前 80 万円 96 万円 128 万円 160 万円 200 万円 216 万円 細胞加工開始後~細胞投与前 80 万円 96 万円 128 万円 160 万円 200 万円 216 万円 細胞投与後 治療費用全額をお支払いいただきます 以上,,
V41_01C2509046,01C2509046,B,V41F94BD4F42C4,関東,東京都,医療法人 全医会 東京腰痛クリニック,中央区銀座5-1-15 第一御幸ビル2階,第二種,自家脂肪組織由来の培養間葉系間質細胞を用いた椎間関節症の治療,脂肪由来幹細胞,AUTO,1.0,https://saiseiiryo.mhlw.go.jp/published_plan/download/01C2509046/5/0,2000000,不明,,,,5,,脂肪採取予定日の2 日前 ~脂肪採取当日の脂肪組織採取前 一律 10 万円をお支払いいただきます 脂肪組織採取後~細胞加工開始前 80 万円 96 万円 128 万円 160 万円 200 万円 216 万円 細胞加工開始後~細胞投与前 80 万円 96 万円 128 万円 160 万円 200 万円 216 万円 細胞投与後 治療費用全額をお支払いいただきます 以上,,
V41_01C2509046,01C2509046,B,V41F94BD4F42C4,関東,東京都,医療法人 全医会 東京腰痛クリニック,中央区銀座5-1-15 第一御幸ビル2階,第二種,自家脂肪組織由来の培養間葉系間質細胞を用いた椎間関節症の治療,脂肪由来幹細胞,AUTO,1.0,https://saiseiiryo.mhlw.go.jp/published_plan/download/01C2509046/5/0,2160000,不明,,,,5,,定日の2 日前 ~脂肪採取当日の脂肪組織採取前 一律 10 万円をお支払いいただきます 脂肪組織採取後~細胞加工開始前 80 万円 96 万円 128 万円 160 万円 200 万円 216 万円 細胞加工開始後~細胞投与前 80 万円 96 万円 128 万円 160 万円 200 万円 216 万円 細胞投与後 治療費用全額をお支払いいただきます 以上,,
V41_01C2509046,01C2509046,B,V41F94BD4F42C4,関東,東京都,医療法人 全医会 東京腰痛クリニック,中央区銀座5-1-15 第一御幸ビル2階,第二種,自家脂肪組織由来の培養間葉系間質細胞を用いた椎間関節症の治療,脂肪由来幹細胞,AUTO,1.0,https://saiseiiryo.mhlw.go.jp/published_plan/download/01C2509046/5/0,2700000,税別,1 回,,,-1,,"万円 2 約5,000 万個×1 回分 120 万円 3 約1 億個×1 回分 160 万円 4 約3,000 万個×3 回分 200 万円 5 約2 億個×1 回分 250 万円 6 約1 億個×2 回分 270 万円 なお、脂肪組織の採取の施術開始後や細胞加工の開始後、あるいは3 回投与の場合に1 回目投 与の後や2 回目投与の後に同意を撤回された場合など、それまでに費用が発生している場合は、 以下の通り、患者様ご自身にご負担いただきますのでご了承ください。 同意撤回の時期 キャンセル費用(税別) 1 2 3 4 5 6 同意",,
V41_01C2509046,01C2509046,B,V41F94BD4F42C4,関東,東京都,医療法人 全医会 東京腰痛クリニック,中央区銀座5-1-15 第一御幸ビル2階,第二種,自家脂肪組織由来の培養間葉系間質細胞を用いた椎間関節症の治療,脂肪由来幹細胞,AUTO,1.0,https://saiseiiryo.mhlw.go.jp/published_plan/download/01C2509046/5/0,100000,税別,,,,-2,,場合は、 以下の通り、患者様ご自身にご負担いただきますのでご了承ください。 同意撤回の時期 キャンセル費用(税別) 1 2 3 4 5 6 同意日~脂肪採取予定日の3 日前 キャンセル費用のお支払いはありません 脂肪採取予定日の2 日前 ~脂肪採取当日の脂肪組織採取前 一律 10 万円をお支払いいただきます 脂肪組織採取後~細胞加工開始前 80 万円 96 万円 128 万円 160 万円 200 万円 216 万円 細胞加工開始後~細胞投与前 80 万円 96 万円 128 万円 160 万円 200 万円 216 万円 細胞投与後 治療費用全額をお支払いいただきます 以上,,
V41_01C2509046,01C2509046,B,V41F94BD4F42C4,関東,東京都,医療法人 全医会 東京腰痛クリニック,中央区銀座5-1-15 第一御幸ビル2階,第二種,自家脂肪組織由来の培養間葉系間質細胞を用いた椎間関節症の治療,脂肪由来幹細胞,AUTO,1.0,https://saiseiiryo.mhlw.go.jp/published_plan/download/01C2509046/5/0,800000,税別,,,,-2,,さい。 同意撤回の時期 キャンセル費用(税別) 1 2 3 4 5 6 同意日~脂肪採取予定日の3 日前 キャンセル費用のお支払いはありません 脂肪採取予定日の2 日前 ~脂肪採取当日の脂肪組織採取前 一律 10 万円をお支払いいただきます 脂肪組織採取後~細胞加工開始前 80 万円 96 万円 128 万円 160 万円 200 万円 216 万円 細胞加工開始後~細胞投与前 80 万円 96 万円 128 万円 160 万円 200 万円 216 万円 細胞投与後 治療費用全額をお支払いいただきます 以上,,
V41_01C2509046,01C2509046,B,V41F94BD4F42C4,関東,東京都,医療法人 全医会 東京腰痛クリニック,中央区銀座5-1-15 第一御幸ビル2階,第二種,自家脂肪組織由来の培養間葉系間質細胞を用いた椎間関節症の治療,脂肪由来幹細胞,AUTO,1.0,https://saiseiiryo.mhlw.go.jp/published_plan/download/01C2509046/5/0,960000,税別,,,,-2,,意撤回の時期 キャンセル費用(税別) 1 2 3 4 5 6 同意日~脂肪採取予定日の3 日前 キャンセル費用のお支払いはありません 脂肪採取予定日の2 日前 ~脂肪採取当日の脂肪組織採取前 一律 10 万円をお支払いいただきます 脂肪組織採取後~細胞加工開始前 80 万円 96 万円 128 万円 160 万円 200 万円 216 万円 細胞加工開始後~細胞投与前 80 万円 96 万円 128 万円 160 万円 200 万円 216 万円 細胞投与後 治療費用全額をお支払いいただきます 以上,,
V41_01C2509046,01C2509046,B,V41F94BD4F42C4,関東,東京都,医療法人 全医会 東京腰痛クリニック,中央区銀座5-1-15 第一御幸ビル2階,第二種,自家脂肪組織由来の培養間葉系間質細胞を用いた椎間関節症の治療,脂肪由来幹細胞,AUTO,1.0,https://saiseiiryo.mhlw.go.jp/published_plan/download/01C2509046/5/0,1280000,税別,,,,-2,,キャンセル費用(税別) 1 2 3 4 5 6 同意日~脂肪採取予定日の3 日前 キャンセル費用のお支払いはありません 脂肪採取予定日の2 日前 ~脂肪採取当日の脂肪組織採取前 一律 10 万円をお支払いいただきます 脂肪組織採取後~細胞加工開始前 80 万円 96 万円 128 万円 160 万円 200 万円 216 万円 細胞加工開始後~細胞投与前 80 万円 96 万円 128 万円 160 万円 200 万円 216 万円 細胞投与後 治療費用全額をお支払いいただきます 以上,,
V41_01C2509046,01C2509046,B,V41F94BD4F42C4,関東,東京都,医療法人 全医会 東京腰痛クリニック,中央区銀座5-1-15 第一御幸ビル2階,第二種,自家脂肪組織由来の培養間葉系間質細胞を用いた椎間関節症の治療,脂肪由来幹細胞,AUTO,1.0,https://saiseiiryo.mhlw.go.jp/published_plan/download/01C2509046/5/0,1600000,税別,,,,-2,,費用(税別) 1 2 3 4 5 6 同意日~脂肪採取予定日の3 日前 キャンセル費用のお支払いはありません 脂肪採取予定日の2 日前 ~脂肪採取当日の脂肪組織採取前 一律 10 万円をお支払いいただきます 脂肪組織採取後~細胞加工開始前 80 万円 96 万円 128 万円 160 万円 200 万円 216 万円 細胞加工開始後~細胞投与前 80 万円 96 万円 128 万円 160 万円 200 万円 216 万円 細胞投与後 治療費用全額をお支払いいただきます 以上,,
V41_01C2509046,01C2509046,B,V41F94BD4F42C4,関東,東京都,医療法人 全医会 東京腰痛クリニック,中央区銀座5-1-15 第一御幸ビル2階,第二種,自家脂肪組織由来の培養間葉系間質細胞を用いた椎間関節症の治療,脂肪由来幹細胞,AUTO,1.0,https://saiseiiryo.mhlw.go.jp/published_plan/download/01C2509046/5/0,800000,不明,,,,-3,,日の3 日前 キャンセル費用のお支払いはありません 脂肪採取予定日の2 日前 ~脂肪採取当日の脂肪組織採取前 一律 10 万円をお支払いいただきます 脂肪組織採取後~細胞加工開始前 80 万円 96 万円 128 万円 160 万円 200 万円 216 万円 細胞加工開始後~細胞投与前 80 万円 96 万円 128 万円 160 万円 200 万円 216 万円 細胞投与後 治療費用全額をお支払いいただきます 以上,,
V41_01C2509046,01C2509046,B,V41F94BD4F42C4,関東,東京都,医療法人 全医会 東京腰痛クリニック,中央区銀座5-1-15 第一御幸ビル2階,第二種,自家脂肪組織由来の培養間葉系間質細胞を用いた椎間関節症の治療,脂肪由来幹細胞,AUTO,1.0,https://saiseiiryo.mhlw.go.jp/published_plan/download/01C2509046/5/0,960000,不明,,,,-3,,キャンセル費用のお支払いはありません 脂肪採取予定日の2 日前 ~脂肪採取当日の脂肪組織採取前 一律 10 万円をお支払いいただきます 脂肪組織採取後~細胞加工開始前 80 万円 96 万円 128 万円 160 万円 200 万円 216 万円 細胞加工開始後~細胞投与前 80 万円 96 万円 128 万円 160 万円 200 万円 216 万円 細胞投与後 治療費用全額をお支払いいただきます 以上,,
V41_01C2601038,01C2601038,C,V41F94BD4F42C4,関東,東京都,医療法人 全医会 東京腰痛クリニック,中央区銀座5-1-15 第一御幸ビル2階,第二種,自家脂肪組織由来の培養間葉系間質細胞を用いた関節疾患の治療,脂肪由来幹細胞,AUTO,1.0,https://saiseiiryo.mhlw.go.jp/published_plan/download/01C2601038/5/0,1000000,税別,1 回,,,9,,"(署名または記名押印) 代諾者: (続柄: ) 10 (別紙) 本再生医療等の費用は以下のとおりです。 投与細胞数 治療費用(税別) 1 約3,000 万個×1 回分 100 万円 2 約5,000 万個×1 回分 120 万円 3 約1 億個×1 回分 160 万円 4 約3,000 万個×3 回分 200 万円 5 約2 億個×1 回分 250 万円 6 約1 億個×2 回分 270 万円 なお、脂肪組織の採",,
V41_01C2601038,01C2601038,C,V41F94BD4F42C4,関東,東京都,医療法人 全医会 東京腰痛クリニック,中央区銀座5-1-15 第一御幸ビル2階,第二種,自家脂肪組織由来の培養間葉系間質細胞を用いた関節疾患の治療,脂肪由来幹細胞,AUTO,1.0,https://saiseiiryo.mhlw.go.jp/published_plan/download/01C2601038/5/0,1200000,税別,1 回,,,9,,"(続柄: ) 10 (別紙) 本再生医療等の費用は以下のとおりです。 投与細胞数 治療費用(税別) 1 約3,000 万個×1 回分 100 万円 2 約5,000 万個×1 回分 120 万円 3 約1 億個×1 回分 160 万円 4 約3,000 万個×3 回分 200 万円 5 約2 億個×1 回分 250 万円 6 約1 億個×2 回分 270 万円 なお、脂肪組織の採取の施術開始後や細胞加工の開始後、あるいは3 回投与の場合に1",,
V41_01C2601038,01C2601038,C,V41F94BD4F42C4,関東,東京都,医療法人 全医会 東京腰痛クリニック,中央区銀座5-1-15 第一御幸ビル2階,第二種,自家脂肪組織由来の培養間葉系間質細胞を用いた関節疾患の治療,脂肪由来幹細胞,AUTO,1.0,https://saiseiiryo.mhlw.go.jp/published_plan/download/01C2601038/5/0,1600000,税別,1 回,,,9,,"10 (別紙) 本再生医療等の費用は以下のとおりです。 投与細胞数 治療費用(税別) 1 約3,000 万個×1 回分 100 万円 2 約5,000 万個×1 回分 120 万円 3 約1 億個×1 回分 160 万円 4 約3,000 万個×3 回分 200 万円 5 約2 億個×1 回分 250 万円 6 約1 億個×2 回分 270 万円 なお、脂肪組織の採取の施術開始後や細胞加工の開始後、あるいは3 回投与の場合に1 回目投 与の後や2 回目投与の後に同意を撤回された場合など、そ",,
V41_01C2601038,01C2601038,C,V41F94BD4F42C4,関東,東京都,医療法人 全医会 東京腰痛クリニック,中央区銀座5-1-15 第一御幸ビル2階,第二種,自家脂肪組織由来の培養間葉系間質細胞を用いた関節疾患の治療,脂肪由来幹細胞,AUTO,1.0,https://saiseiiryo.mhlw.go.jp/published_plan/download/01C2601038/5/0,2000000,税別,1 回,,,7,,"とおりです。 投与細胞数 治療費用(税別) 1 約3,000 万個×1 回分 100 万円 2 約5,000 万個×1 回分 120 万円 3 約1 億個×1 回分 160 万円 4 約3,000 万個×3 回分 200 万円 5 約2 億個×1 回分 250 万円 6 約1 億個×2 回分 270 万円 なお、脂肪組織の採取の施術開始後や細胞加工の開始後、あるいは3 回投与の場合に1 回目投 与の後や2 回目投与の後に同意を撤回された場合など、それまでに費用が発生している場合は、 以下の通り、患者様ご自身にご",,
V41_01C2601038,01C2601038,C,V41F94BD4F42C4,関東,東京都,医療法人 全医会 東京腰痛クリニック,中央区銀座5-1-15 第一御幸ビル2階,第二種,自家脂肪組織由来の培養間葉系間質細胞を用いた関節疾患の治療,脂肪由来幹細胞,AUTO,1.0,https://saiseiiryo.mhlw.go.jp/published_plan/download/01C2601038/5/0,2500000,不明,1 回,,,6,,") 1 約3,000 万個×1 回分 100 万円 2 約5,000 万個×1 回分 120 万円 3 約1 億個×1 回分 160 万円 4 約3,000 万個×3 回分 200 万円 5 約2 億個×1 回分 250 万円 6 約1 億個×2 回分 270 万円 なお、脂肪組織の採取の施術開始後や細胞加工の開始後、あるいは3 回投与の場合に1 回目投 与の後や2 回目投与の後に同意を撤回された場合など、それまでに費用が発生している場合は、 以下の通り、患者様ご自身にご負担いただきますのでご了承ください。 同意撤回の時期 キャ",,
V41_01C2601038,01C2601038,C,V41F94BD4F42C4,関東,東京都,医療法人 全医会 東京腰痛クリニック,中央区銀座5-1-15 第一御幸ビル2階,第二種,自家脂肪組織由来の培養間葉系間質細胞を用いた関節疾患の治療,脂肪由来幹細胞,AUTO,1.0,https://saiseiiryo.mhlw.go.jp/published_plan/download/01C2601038/5/0,1280000,不明,,,,5,,ル費用のお支払いはありません 脂肪採取予定日の2 日前 ~脂肪採取当日の脂肪組織採取前 一律 10 万円をお支払いいただきます 脂肪組織採取後~細胞加工開始前 80 万円 96 万円 128 万円 160 万円 200 万円 216 万円 細胞加工開始後~細胞投与前 80 万円 96 万円 128 万円 160 万円 200 万円 216 万円 細胞投与後 治療費用全額をお支払いいただきます 以上,,
V41_01C2601038,01C2601038,C,V41F94BD4F42C4,関東,東京都,医療法人 全医会 東京腰痛クリニック,中央区銀座5-1-15 第一御幸ビル2階,第二種,自家脂肪組織由来の培養間葉系間質細胞を用いた関節疾患の治療,脂肪由来幹細胞,AUTO,1.0,https://saiseiiryo.mhlw.go.jp/published_plan/download/01C2601038/5/0,1600000,不明,,,,5,,いはありません 脂肪採取予定日の2 日前 ~脂肪採取当日の脂肪組織採取前 一律 10 万円をお支払いいただきます 脂肪組織採取後~細胞加工開始前 80 万円 96 万円 128 万円 160 万円 200 万円 216 万円 細胞加工開始後~細胞投与前 80 万円 96 万円 128 万円 160 万円 200 万円 216 万円 細胞投与後 治療費用全額をお支払いいただきます 以上,,
V41_01C2601038,01C2601038,C,V41F94BD4F42C4,関東,東京都,医療法人 全医会 東京腰痛クリニック,中央区銀座5-1-15 第一御幸ビル2階,第二種,自家脂肪組織由来の培養間葉系間質細胞を用いた関節疾患の治療,脂肪由来幹細胞,AUTO,1.0,https://saiseiiryo.mhlw.go.jp/published_plan/download/01C2601038/5/0,2000000,不明,,,,5,,脂肪採取予定日の2 日前 ~脂肪採取当日の脂肪組織採取前 一律 10 万円をお支払いいただきます 脂肪組織採取後~細胞加工開始前 80 万円 96 万円 128 万円 160 万円 200 万円 216 万円 細胞加工開始後~細胞投与前 80 万円 96 万円 128 万円 160 万円 200 万円 216 万円 細胞投与後 治療費用全額をお支払いいただきます 以上,,
V41_01C2601038,01C2601038,C,V41F94BD4F42C4,関東,東京都,医療法人 全医会 東京腰痛クリニック,中央区銀座5-1-15 第一御幸ビル2階,第二種,自家脂肪組織由来の培養間葉系間質細胞を用いた関節疾患の治療,脂肪由来幹細胞,AUTO,1.0,https://saiseiiryo.mhlw.go.jp/published_plan/download/01C2601038/5/0,2160000,不明,,,,5,,定日の2 日前 ~脂肪採取当日の脂肪組織採取前 一律 10 万円をお支払いいただきます 脂肪組織採取後~細胞加工開始前 80 万円 96 万円 128 万円 160 万円 200 万円 216 万円 細胞加工開始後~細胞投与前 80 万円 96 万円 128 万円 160 万円 200 万円 216 万円 細胞投与後 治療費用全額をお支払いいただきます 以上,,
V41_01C2601038,01C2601038,C,V41F94BD4F42C4,関東,東京都,医療法人 全医会 東京腰痛クリニック,中央区銀座5-1-15 第一御幸ビル2階,第二種,自家脂肪組織由来の培養間葉系間質細胞を用いた関節疾患の治療,脂肪由来幹細胞,AUTO,1.0,https://saiseiiryo.mhlw.go.jp/published_plan/download/01C2601038/5/0,2700000,税別,1 回,,,-1,,"万円 2 約5,000 万個×1 回分 120 万円 3 約1 億個×1 回分 160 万円 4 約3,000 万個×3 回分 200 万円 5 約2 億個×1 回分 250 万円 6 約1 億個×2 回分 270 万円 なお、脂肪組織の採取の施術開始後や細胞加工の開始後、あるいは3 回投与の場合に1 回目投 与の後や2 回目投与の後に同意を撤回された場合など、それまでに費用が発生している場合は、 以下の通り、患者様ご自身にご負担いただきますのでご了承ください。 同意撤回の時期 キャンセル費用(税別) 1 2 3 4 5 6 同意",,
V41_01C2601038,01C2601038,C,V41F94BD4F42C4,関東,東京都,医療法人 全医会 東京腰痛クリニック,中央区銀座5-1-15 第一御幸ビル2階,第二種,自家脂肪組織由来の培養間葉系間質細胞を用いた関節疾患の治療,脂肪由来幹細胞,AUTO,1.0,https://saiseiiryo.mhlw.go.jp/published_plan/download/01C2601038/5/0,100000,税別,,,,-2,,場合は、 以下の通り、患者様ご自身にご負担いただきますのでご了承ください。 同意撤回の時期 キャンセル費用(税別) 1 2 3 4 5 6 同意日~脂肪採取予定日の3 日前 キャンセル費用のお支払いはありません 脂肪採取予定日の2 日前 ~脂肪採取当日の脂肪組織採取前 一律 10 万円をお支払いいただきます 脂肪組織採取後~細胞加工開始前 80 万円 96 万円 128 万円 160 万円 200 万円 216 万円 細胞加工開始後~細胞投与前 80 万円 96 万円 128 万円 160 万円 200 万円 216 万円 細胞投与後 治療費用全額をお支払いいただきます 以上,,
V41_01C2601038,01C2601038,C,V41F94BD4F42C4,関東,東京都,医療法人 全医会 東京腰痛クリニック,中央区銀座5-1-15 第一御幸ビル2階,第二種,自家脂肪組織由来の培養間葉系間質細胞を用いた関節疾患の治療,脂肪由来幹細胞,AUTO,1.0,https://saiseiiryo.mhlw.go.jp/published_plan/download/01C2601038/5/0,800000,税別,,,,-2,,さい。 同意撤回の時期 キャンセル費用(税別) 1 2 3 4 5 6 同意日~脂肪採取予定日の3 日前 キャンセル費用のお支払いはありません 脂肪採取予定日の2 日前 ~脂肪採取当日の脂肪組織採取前 一律 10 万円をお支払いいただきます 脂肪組織採取後~細胞加工開始前 80 万円 96 万円 128 万円 160 万円 200 万円 216 万円 細胞加工開始後~細胞投与前 80 万円 96 万円 128 万円 160 万円 200 万円 216 万円 細胞投与後 治療費用全額をお支払いいただきます 以上,,
V41_01C2601038,01C2601038,C,V41F94BD4F42C4,関東,東京都,医療法人 全医会 東京腰痛クリニック,中央区銀座5-1-15 第一御幸ビル2階,第二種,自家脂肪組織由来の培養間葉系間質細胞を用いた関節疾患の治療,脂肪由来幹細胞,AUTO,1.0,https://saiseiiryo.mhlw.go.jp/published_plan/download/01C2601038/5/0,960000,税別,,,,-2,,意撤回の時期 キャンセル費用(税別) 1 2 3 4 5 6 同意日~脂肪採取予定日の3 日前 キャンセル費用のお支払いはありません 脂肪採取予定日の2 日前 ~脂肪採取当日の脂肪組織採取前 一律 10 万円をお支払いいただきます 脂肪組織採取後~細胞加工開始前 80 万円 96 万円 128 万円 160 万円 200 万円 216 万円 細胞加工開始後~細胞投与前 80 万円 96 万円 128 万円 160 万円 200 万円 216 万円 細胞投与後 治療費用全額をお支払いいただきます 以上,,
V41_01C2601038,01C2601038,C,V41F94BD4F42C4,関東,東京都,医療法人 全医会 東京腰痛クリニック,中央区銀座5-1-15 第一御幸ビル2階,第二種,自家脂肪組織由来の培養間葉系間質細胞を用いた関節疾患の治療,脂肪由来幹細胞,AUTO,1.0,https://saiseiiryo.mhlw.go.jp/published_plan/download/01C2601038/5/0,1280000,税別,,,,-2,,キャンセル費用(税別) 1 2 3 4 5 6 同意日~脂肪採取予定日の3 日前 キャンセル費用のお支払いはありません 脂肪採取予定日の2 日前 ~脂肪採取当日の脂肪組織採取前 一律 10 万円をお支払いいただきます 脂肪組織採取後~細胞加工開始前 80 万円 96 万円 128 万円 160 万円 200 万円 216 万円 細胞加工開始後~細胞投与前 80 万円 96 万円 128 万円 160 万円 200 万円 216 万円 細胞投与後 治療費用全額をお支払いいただきます 以上,,
V41_01C2601038,01C2601038,C,V41F94BD4F42C4,関東,東京都,医療法人 全医会 東京腰痛クリニック,中央区銀座5-1-15 第一御幸ビル2階,第二種,自家脂肪組織由来の培養間葉系間質細胞を用いた関節疾患の治療,脂肪由来幹細胞,AUTO,1.0,https://saiseiiryo.mhlw.go.jp/published_plan/download/01C2601038/5/0,1600000,税別,,,,-2,,費用(税別) 1 2 3 4 5 6 同意日~脂肪採取予定日の3 日前 キャンセル費用のお支払いはありません 脂肪採取予定日の2 日前 ~脂肪採取当日の脂肪組織採取前 一律 10 万円をお支払いいただきます 脂肪組織採取後~細胞加工開始前 80 万円 96 万円 128 万円 160 万円 200 万円 216 万円 細胞加工開始後~細胞投与前 80 万円 96 万円 128 万円 160 万円 200 万円 216 万円 細胞投与後 治療費用全額をお支払いいただきます 以上,,
V41_01C2601038,01C2601038,C,V41F94BD4F42C4,関東,東京都,医療法人 全医会 東京腰痛クリニック,中央区銀座5-1-15 第一御幸ビル2階,第二種,自家脂肪組織由来の培養間葉系間質細胞を用いた関節疾患の治療,脂肪由来幹細胞,AUTO,1.0,https://saiseiiryo.mhlw.go.jp/published_plan/download/01C2601038/5/0,800000,不明,,,,-3,,日の3 日前 キャンセル費用のお支払いはありません 脂肪採取予定日の2 日前 ~脂肪採取当日の脂肪組織採取前 一律 10 万円をお支払いいただきます 脂肪組織採取後~細胞加工開始前 80 万円 96 万円 128 万円 160 万円 200 万円 216 万円 細胞加工開始後~細胞投与前 80 万円 96 万円 128 万円 160 万円 200 万円 216 万円 細胞投与後 治療費用全額をお支払いいただきます 以上,,
V41_01C2601038,01C2601038,C,V41F94BD4F42C4,関東,東京都,医療法人 全医会 東京腰痛クリニック,中央区銀座5-1-15 第一御幸ビル2階,第二種,自家脂肪組織由来の培養間葉系間質細胞を用いた関節疾患の治療,脂肪由来幹細胞,AUTO,1.0,https://saiseiiryo.mhlw.go.jp/published_plan/download/01C2601038/5/0,960000,不明,,,,-3,,キャンセル費用のお支払いはありません 脂肪採取予定日の2 日前 ~脂肪採取当日の脂肪組織採取前 一律 10 万円をお支払いいただきます 脂肪組織採取後~細胞加工開始前 80 万円 96 万円 128 万円 160 万円 200 万円 216 万円 細胞加工開始後~細胞投与前 80 万円 96 万円 128 万円 160 万円 200 万円 216 万円 細胞投与後 治療費用全額をお支払いいただきます 以上,,
V41_02C1907031,02C1907031,A,V41F2FE614CEBB,関東,東京都,医療法人　保仁会　神谷整形外科・眼科,世田谷区弦巻1-35-20,第二種,多血小板血漿（Platelet-rich plasma：PRP）を用いた整形外科疾患に対する組織修復,PRP,QC,1.0,https://saiseiiryo.mhlw.go.jp/published_plan/download/02C1907031/5/0,,,,,,,,,no price found after text/OCR pass,Document fetched but no price candidate
V41_02C2602025,02C2602025,D,V41F8D0040C130,関東,東京都,医療法人　輝鳳会　池袋クリニック,豊島区南池袋1－25－11　第15野萩ビル７階,第二種,変形性関節症に対する自己脂肪由来幹細胞を用いた治療,脂肪由来幹細胞,QC,1.0,https://saiseiiryo.mhlw.go.jp/published_plan/download/02C2602025/5/0,,,,,,,,,no price found after rescue text/OCR pass,Rescue completed; OCR page timeouts=0
V41_01C2303024,01C2303024,A,V41F856D6F4484,関東,東京都,医療法人ひまわり会 TOKYOひまわりクリニック,中央区銀座７丁目８番８号 isgBUILDING8F,第二種,自己脂肪由来幹細胞を用いた変形性関節症の治療Ver.2,脂肪由来幹細胞,AUTO,1.0,https://saiseiiryo.mhlw.go.jp/published_plan/download/01C2303024/5/0,1650000,税込,1回,,,9,,"ていただきます。 再生医療事務局 電話番号:03-6264-5945 12.費用について 本治療は保険適用外であるため、治療にかかる費用全額をご自分で ご負担いただきます。その他、本治療を受けるために必要となった 旅費、交通費などの全ての費用もご自分でご負担いただきます。 本治療にかかる費用は1回¥1,650,000円(税込)となっておりま す。 なお、脂肪の採取後や、細胞加工物の製造後に同意を撤回された場 合など、同意を撤回される時点までに費用が発生している場合は、 発生した費用についてはあなたにご負担いただきますのでご了承く ださい。 13.他の治療法の有無、本治療法との比較について 変形性関節症の治療法には保存療法と手術療法の2つの方法があり",,
V41_01C2309066,01C2309066,B,V41FAA80BB14F0,関東,東京都,医療法人アレックス AR-Ex尾山台整形外科,世田谷区等々力4丁目13−1,第二種,自家脂肪組織由来の培養間葉系幹細胞を用いた関節疾患の治療,脂肪由来幹細胞,AUTO,1.0,https://saiseiiryo.mhlw.go.jp/published_plan/download/01C2309066/5/0,1000000,税別,1 回,,,7,,"本治療に係る費用は健康保険の適用がございません。治療にかかる費用全額を患者様ご自身でご 負担いただきます。 実際に必要となる費用は以下の通りです。 投与細胞数※ 治療費用(税別)※2 1 約3,000 万個×1 回分 100 万円 2 約5,000 万個×1 回分 110 万円 3 約1 億個×1 回分 130 万円 4 約3,000 万個×3 回分 140 万円 ※ 投与細胞数は患部の状態や患者様のご希望などを考慮して決定します。 ※2 処置前感染症検査、投与時と投与6 カ月後の関節",,
V41_01C2309066,01C2309066,B,V41FAA80BB14F0,関東,東京都,医療法人アレックス AR-Ex尾山台整形外科,世田谷区等々力4丁目13−1,第二種,自家脂肪組織由来の培養間葉系幹細胞を用いた関節疾患の治療,脂肪由来幹細胞,AUTO,1.0,https://saiseiiryo.mhlw.go.jp/published_plan/download/01C2309066/5/0,1100000,税別,1 回,,,7,,"者様ご自身でご 負担いただきます。 実際に必要となる費用は以下の通りです。 投与細胞数※ 治療費用(税別)※2 1 約3,000 万個×1 回分 100 万円 2 約5,000 万個×1 回分 110 万円 3 約1 億個×1 回分 130 万円 4 約3,000 万個×3 回分 140 万円 ※ 投与細胞数は患部の状態や患者様のご希望などを考慮して決定します。 ※2 処置前感染症検査、投与時と投与6 カ月後の関節鏡検査代、3 カ月と6 カ月後のMRI、鎮痛薬、7 回の診察 費+リハビ",,
V41_01C2309066,01C2309066,B,V41FAA80BB14F0,関東,東京都,医療法人アレックス AR-Ex尾山台整形外科,世田谷区等々力4丁目13−1,第二種,自家脂肪組織由来の培養間葉系幹細胞を用いた関節疾患の治療,脂肪由来幹細胞,AUTO,1.0,https://saiseiiryo.mhlw.go.jp/published_plan/download/01C2309066/5/0,1300000,税別,1 回,,,7,,"りです。 投与細胞数※ 治療費用(税別)※2 1 約3,000 万個×1 回分 100 万円 2 約5,000 万個×1 回分 110 万円 3 約1 億個×1 回分 130 万円 4 約3,000 万個×3 回分 140 万円 ※ 投与細胞数は患部の状態や患者様のご希望などを考慮して決定します。 ※2 処置前感染症検査、投与時と投与6 カ月後の関節鏡検査代、3 カ月と6 カ月後のMRI、鎮痛薬、7 回の診察 費+リハビリを含みます。患部の状況に応じて検査や処置等を追加することがあります",,
V41_01C2309066,01C2309066,B,V41FAA80BB14F0,関東,東京都,医療法人アレックス AR-Ex尾山台整形外科,世田谷区等々力4丁目13−1,第二種,自家脂肪組織由来の培養間葉系幹細胞を用いた関節疾患の治療,脂肪由来幹細胞,AUTO,1.0,https://saiseiiryo.mhlw.go.jp/published_plan/download/01C2309066/5/0,1400000,税別,1 回,,,7,,"治療費用(税別)※2 1 約3,000 万個×1 回分 100 万円 2 約5,000 万個×1 回分 110 万円 3 約1 億個×1 回分 130 万円 4 約3,000 万個×3 回分 140 万円 ※ 投与細胞数は患部の状態や患者様のご希望などを考慮して決定します。 ※2 処置前感染症検査、投与時と投与6 カ月後の関節鏡検査代、3 カ月と6 カ月後のMRI、鎮痛薬、7 回の診察 費+リハビリを含みます。患部の状況に応じて検査や処置等を追加することがあります。 なお、脂肪組織の採取の施術開始後や細胞加工の開始後、あるいは3",,
V41_01C2309066,01C2309066,B,V41FAA80BB14F0,関東,東京都,医療法人アレックス AR-Ex尾山台整形外科,世田谷区等々力4丁目13−1,第二種,自家脂肪組織由来の培養間葉系幹細胞を用いた関節疾患の治療,脂肪由来幹細胞,AUTO,1.0,https://saiseiiryo.mhlw.go.jp/published_plan/download/01C2309066/5/0,50000,税別,,,,0,,回された場合など、それまでに費用が発生している場合は、 6 以下の通り、患者様ご自身にご負担いただきますのでご了承ください。 同意撤回の時期 キャンセル費用(税別) 1 2 3 4 脂肪組織採取前 キャンセル費用のお支払いはありません 脂肪採取後~細胞加工開始前 一律5 万円 細胞加工開始後~細胞投与前 60 万円 65 万円 80 万円 100 万円 細胞投与後 治療費用全額をお支払いいただきます 13. 細胞提供者及び再生医療等を受ける者に対する健康被害の補償の方法 健康被害が発生した場合は、適切な医療を提供するほか、補償については協議に応じます。 また、万が一に備え、東京海上,,
V41_01C2309066,01C2309066,B,V41FAA80BB14F0,関東,東京都,医療法人アレックス AR-Ex尾山台整形外科,世田谷区等々力4丁目13−1,第二種,自家脂肪組織由来の培養間葉系幹細胞を用いた関節疾患の治療,脂肪由来幹細胞,AUTO,1.0,https://saiseiiryo.mhlw.go.jp/published_plan/download/01C2309066/5/0,600000,税別,,,,0,,いる場合は、 6 以下の通り、患者様ご自身にご負担いただきますのでご了承ください。 同意撤回の時期 キャンセル費用(税別) 1 2 3 4 脂肪組織採取前 キャンセル費用のお支払いはありません 脂肪採取後~細胞加工開始前 一律5 万円 細胞加工開始後~細胞投与前 60 万円 65 万円 80 万円 100 万円 細胞投与後 治療費用全額をお支払いいただきます 13. 細胞提供者及び再生医療等を受ける者に対する健康被害の補償の方法 健康被害が発生した場合は、適切な医療を提供するほか、補償については協議に応じます。 また、万が一に備え、東京海上日動の医師賠償責任保険に加入しています。,,
V41_01C2309066,01C2309066,B,V41FAA80BB14F0,関東,東京都,医療法人アレックス AR-Ex尾山台整形外科,世田谷区等々力4丁目13−1,第二種,自家脂肪組織由来の培養間葉系幹細胞を用いた関節疾患の治療,脂肪由来幹細胞,AUTO,1.0,https://saiseiiryo.mhlw.go.jp/published_plan/download/01C2309066/5/0,650000,税別,,,,0,,6 以下の通り、患者様ご自身にご負担いただきますのでご了承ください。 同意撤回の時期 キャンセル費用(税別) 1 2 3 4 脂肪組織採取前 キャンセル費用のお支払いはありません 脂肪採取後~細胞加工開始前 一律5 万円 細胞加工開始後~細胞投与前 60 万円 65 万円 80 万円 100 万円 細胞投与後 治療費用全額をお支払いいただきます 13. 細胞提供者及び再生医療等を受ける者に対する健康被害の補償の方法 健康被害が発生した場合は、適切な医療を提供するほか、補償については協議に応じます。 また、万が一に備え、東京海上日動の医師賠償責任保険に加入しています。 14. 代,,
V41_01C2309066,01C2309066,B,V41FAA80BB14F0,関東,東京都,医療法人アレックス AR-Ex尾山台整形外科,世田谷区等々力4丁目13−1,第二種,自家脂肪組織由来の培養間葉系幹細胞を用いた関節疾患の治療,脂肪由来幹細胞,AUTO,1.0,https://saiseiiryo.mhlw.go.jp/published_plan/download/01C2309066/5/0,800000,税別,,,,0,,下の通り、患者様ご自身にご負担いただきますのでご了承ください。 同意撤回の時期 キャンセル費用(税別) 1 2 3 4 脂肪組織採取前 キャンセル費用のお支払いはありません 脂肪採取後~細胞加工開始前 一律5 万円 細胞加工開始後~細胞投与前 60 万円 65 万円 80 万円 100 万円 細胞投与後 治療費用全額をお支払いいただきます 13. 細胞提供者及び再生医療等を受ける者に対する健康被害の補償の方法 健康被害が発生した場合は、適切な医療を提供するほか、補償については協議に応じます。 また、万が一に備え、東京海上日動の医師賠償責任保険に加入しています。 14. 代替治療とその治,,
V41_01C2309066,01C2309066,B,V41FAA80BB14F0,関東,東京都,医療法人アレックス AR-Ex尾山台整形外科,世田谷区等々力4丁目13−1,第二種,自家脂肪組織由来の培養間葉系幹細胞を用いた関節疾患の治療,脂肪由来幹細胞,AUTO,1.0,https://saiseiiryo.mhlw.go.jp/published_plan/download/01C2309066/5/0,1000000,税別,,,,0,,様ご自身にご負担いただきますのでご了承ください。 同意撤回の時期 キャンセル費用(税別) 1 2 3 4 脂肪組織採取前 キャンセル費用のお支払いはありません 脂肪採取後~細胞加工開始前 一律5 万円 細胞加工開始後~細胞投与前 60 万円 65 万円 80 万円 100 万円 細胞投与後 治療費用全額をお支払いいただきます 13. 細胞提供者及び再生医療等を受ける者に対する健康被害の補償の方法 健康被害が発生した場合は、適切な医療を提供するほか、補償については協議に応じます。 また、万が一に備え、東京海上日動の医師賠償責任保険に加入しています。 14. 代替治療とその治療法により予期さ,,
V41_01C2404039,01C2404039,A,V41F043C53111E,関東,東京都,医療法人ネオポリス診療所 新宿皮フ科,新宿区新宿3-24-1 NEWNO・GS新宿10F,第二種,自家脂肪由来間葉系幹細胞を用いた腰痛の治療,脂肪由来幹細胞,QC,1.0,https://saiseiiryo.mhlw.go.jp/published_plan/download/01C2404039/5/0,,,,,,,,,no price found after rescue text/OCR pass,Rescue completed; OCR page timeouts=0
V41_01C2404043,01C2404043,D,V41F043C53111E,関東,東京都,医療法人ネオポリス診療所 新宿皮フ科,新宿区新宿3-24-1 NEWNO・GS新宿10F,第二種,自家脂肪由来間葉系幹細胞を用いた肩(回旋筋)腱板損傷の治療,脂肪由来幹細胞,QC,1.0,https://saiseiiryo.mhlw.go.jp/published_plan/download/01C2404043/5/0,,,,,,,,,no price found after rescue text/OCR pass,Rescue completed; OCR page timeouts=0
V41_02C2311013,02C2311013,C,V41F043C53111E,関東,東京都,医療法人ネオポリス診療所　新宿皮フ科,新宿区新宿3-24-1 NEWNO・GS新宿10F,第二種,自家脂肪由来間葉系幹細胞を用いた変形性膝関節症の治療,脂肪由来幹細胞,QC,1.0,https://saiseiiryo.mhlw.go.jp/published_plan/download/02C2311013/5/0,,,,,,,,,no price found after text/OCR pass,RuntimeError: Tesseract process timeout
V41_02C2505006,02C2505006,B,V41FBD5BD4E549,関東,東京都,医療法人ネオポリス診療所銀座クリニック,中央区銀座１丁目13番１号ヒューリック銀座一丁目ビル４階５階,第二種,自家脂肪由来間葉系幹細胞を用いた変形性膝関節症の治療,脂肪由来幹細胞,QC,1.0,https://saiseiiryo.mhlw.go.jp/published_plan/download/02C2505006/5/0,,,,,,,,,no price found after rescue text/OCR pass,Rescue completed; OCR page timeouts=0
V41_02C2505009,02C2505009,D,V41FBD5BD4E549,関東,東京都,医療法人ネオポリス診療所銀座クリニック,中央区銀座１丁目13番１号ヒューリック銀座一丁目ビル４階５階,第二種,自家脂肪由来間葉系幹細胞を用いた腰痛の治療,脂肪由来幹細胞,QC,1.0,https://saiseiiryo.mhlw.go.jp/published_plan/download/02C2505009/5/0,,,,,,,,,no price found after rescue text/OCR pass,Rescue completed; OCR page timeouts=0
V41_02C2505010,02C2505010,C,V41FBD5BD4E549,関東,東京都,医療法人ネオポリス診療所銀座クリニック,中央区銀座１丁目13番１号ヒューリック銀座一丁目ビル４階５階,第二種,自家脂肪由来間葉系幹細胞を用いた肩(回旋筋)腱板損傷の治療,脂肪由来幹細胞,QC,1.0,https://saiseiiryo.mhlw.go.jp/published_plan/download/02C2505010/5/0,,,,,,,,,no price found after text/OCR pass,Document fetched but no price candidate
V41_02C2409026,02C2409026,A,V41F789D7FA4CC,関東,東京都,"医療法人京華会
CLINICA BellaForma","港区赤坂2丁目3-5
赤坂スターゲートプラザ16階",第二種,多血小板血漿を用いた変形性関節症の治療,PRP,AUTO,1.0,https://saiseiiryo.mhlw.go.jp/published_plan/download/02C2409026/5/0,660000,税込,1回,,,9,,"長)へと報告して対応させていただきます。 再生医療事務局 電話番号:0120-140-220 13.費用について 本治療は保険適用外であるため、治療にかかる費用全額をお支払 いいただきます。その他、本治療を受けるために必要となった旅 費、交通費などの全ての費用も同様です。 本治療にかかる費用は1回660,000円(税込)です。 なお、同意を撤回された場合など、同意を撤回される時点までに発 生した費用(治療費等)についてはご負担ください。 14.他の治療法の有無、本治療法との比較について 変形性関節症の治療法には保存療法と手術療法の2つの方法があ ります。薬物投与、装具装着、リハビリテーションなどの保存療法 で効果がない場合は、手術療法が選択さ",,
V41_01C2604016,01C2604016,B,V41F789D7FA4CC,関東,東京都,医療法人京華会　CLINICA BellaForma,港区赤坂2丁目3-5　赤坂スターゲートプラザ16階,第二種,凍結保存された自己脂肪由来幹細胞を用いた変形性膝関節症の治療,脂肪由来幹細胞,AUTO,1.0,https://saiseiiryo.mhlw.go.jp/published_plan/download/01C2604016/5/0,1815000,税込,1回(1部位),,,13,4,"本治療を受けるために必要となった旅費、交通費などの全ての費用もご自身でご負担いただきます 。 本治療にかかる費用は1回(1部位) 1,815,000円(税込)となっております。 なお、脂肪の採取後や、細胞加工物の製造後に同意を撤回された場合など、同意を撤回される時点 までに費用(診察料、検査費、脂肪採取費、輸送費、加工費等)が発生している場合は、その時ま",line-level strong price context,
V41_02C2409025,02C2409025,D,V41F789D7FA4CC,関東,東京都,医療法人京華会　CLINICA BellaForma,"港区赤坂2丁目3-5
赤坂スターゲートプラザ16階",第二種,自己脂肪由来幹細胞を用いた変形性関節症の治療,脂肪由来幹細胞,AUTO,1.0,https://saiseiiryo.mhlw.go.jp/published_plan/download/02C2409025/5/0,1815000,税込,1回(1部位),,,9,,"ます。 再生医療事務局 電話番号:0120-140-220 13.費用について 本治療は保険適用外であるため、治療にかかる費用全額をご自身で ご負担いただきます。その他、本治療を受けるために必要となった 旅費、交通費などの全ての費用もご自身でご負担いただきます。 本治療にかかる費用は1回(1部位) 1,815,000円(税込)となってお ります。 なお、脂肪の採取後や、細胞加工物の製造後に同意を撤回された場 合など、同意を撤回される時点までに費用(治療費等)が発生して いる場合は、その時までに発生した費用についてはご負担いただき ますのでご了承ください。 14.他の治療法の有無、本治療法との比較について 変形性関節症の治療法には保存療法と手術療法の2つ",,
V41_02C2607072,02C2607072,C,V41F789D7FA4CC,関東,東京都,医療法人京華会　CLINICA BellaForma,港区赤坂2丁目3-5　赤坂スターゲートプラザ16階,第二種,自己脂肪由来幹細胞を用いた変形性膝関節症の治療,脂肪由来幹細胞,AUTO,1.0,https://saiseiiryo.mhlw.go.jp/published_plan/download/02C2607072/5/0,1815000,税込,1回(1部位),,,13,3,"本治療は保険適用外であるため、治療にかかる費用全額をご自身でご負担いただきます。その他、本治 療を受けるために必要となった旅費、交通費などの全ての費用もご自身でご負担いただきます。 本治療にかかる費用は1回(1部位) 1,815,000円(税込)となっております。 なお、脂肪の採取後や、細胞加工物の製造後に同意を撤回された場合など、同意を撤回される時点まで に費用(診察料、検査費、脂肪採取費、輸送費、加工費等)が発生している場合は、その時までに発生",line-level strong price context,
V41_03C2606023,03C2606023,B,V41F8B6475CCDD,関東,東京都,医療法人優美会 クリニック 渋谷,渋谷区渋谷1-23-18渋谷ワールドイーストビル10階,第二種,自己脂肪由来間葉系幹細胞を用いた靭帯・腱損傷治療,脂肪由来幹細胞,AUTO,1.0,https://saiseiiryo.mhlw.go.jp/published_plan/download/03C2606023/5/0,1100000,税別,,,,11,6,"本治療は保険適用外であるため、治療にかかる費用全額をご自分でご負担いただきます。その 他、本治療を受けるために必要となった旅費、交通費などの全ての費用もご自分でご負担いただ きます。実際に必要となる費用については今回の治療は 1,100,000 円(税抜)となります。 なお、脂肪の採取後や、細胞加工物の製造開始後に同意を撤回された場合など、同意を撤回さ れる時点までに費用が発生している場合は、発生した費用についてはあなたにご負担いただきま",line-level strong price context,
V41_02C2604018,02C2604018,A,V41F14A0FF4227,関東,東京都,医療法人優美会　クリニック 渋谷,"渋谷区渋谷一丁目23番18 
渋谷ワールドイーストビル 10階",第二種,自己脂肪由来幹細胞を用いた変形性関節症の治療,脂肪由来幹細胞,AUTO,1.0,https://saiseiiryo.mhlw.go.jp/published_plan/download/02C2604018/5/0,1320000,税込,1回,,,13,5,"その他、本治療を受けるために必要となった旅費、交通費などの全 ての費用も同様です。 本治療にかかる費用は、1回分 1,320,000円(税込)です。 同意を撤回された場合など、同意を撤回される時点までに発生した 費用(診察料、検査費、脂肪採取費、輸送費、加工費等)について",line-level strong price context,
V41_01C2507016,01C2507016,C,V41F8EA8952CF4,関東,東京都,"医療法人元気会わかさクリニック
WA CLINIC GINZA",中央区銀座五丁目6-12,第二種,自家脂肪由来間葉系幹細胞を用いた変形性関節症治療,脂肪由来幹細胞,QC,1.0,https://saiseiiryo.mhlw.go.jp/published_plan/download/01C2507016/5/0,11000,税込,,,,5,,"| 費用 項目 費用(税込) 初診料 11,000円 血液検査料 11,000円 【片側】自家脂肪由来間葉系幹細胞・5,000万cells 990,000円 【片側】自家脂肪由来間葉系幹細胞・1億cells 1,320,000円 【両側】自家脂肪由来間葉系幹細胞・1億cells(片側 5,000万cells) 1,320,000円 【両側】自家脂肪由来間葉系幹細胞・2億cells(片側1億",no price found after text/OCR pass,No price found after refined text/OCR pass
V41_01C2507016,01C2507016,C,V41F8EA8952CF4,関東,東京都,"医療法人元気会わかさクリニック
WA CLINIC GINZA",中央区銀座五丁目6-12,第二種,自家脂肪由来間葉系幹細胞を用いた変形性関節症治療,脂肪由来幹細胞,QC,1.0,https://saiseiiryo.mhlw.go.jp/published_plan/download/01C2507016/5/0,990000,税込,,,,5,,"| 費用 項目 費用(税込) 初診料 11,000円 血液検査料 11,000円 【片側】自家脂肪由来間葉系幹細胞・5,000万cells 990,000円 【片側】自家脂肪由来間葉系幹細胞・1億cells 1,320,000円 【両側】自家脂肪由来間葉系幹細胞・1億cells(片側 5,000万cells) 1,320,000円 【両側】自家脂肪由来間葉系幹細胞・2億cells(片側1億cells) 2,200,000円 細胞保管費用(1ヶ月あたり) 11,000円 ※投与回数にかかわらず",no price found after text/OCR pass,No price found after refined text/OCR pass
V41_01C2507016,01C2507016,C,V41F8EA8952CF4,関東,東京都,"医療法人元気会わかさクリニック
WA CLINIC GINZA",中央区銀座五丁目6-12,第二種,自家脂肪由来間葉系幹細胞を用いた変形性関節症治療,脂肪由来幹細胞,QC,1.0,https://saiseiiryo.mhlw.go.jp/published_plan/download/01C2507016/5/0,11000,税込,1回,,,1,,"【片側】自家脂肪由来間葉系幹細胞・1億cells 1,320,000円 【両側】自家脂肪由来間葉系幹細胞・1億cells(片側 5,000万cells) 1,320,000円 【両側】自家脂肪由来間葉系幹細胞・2億cells(片側1億cells) 2,200,000円 細胞保管費用(1ヶ月あたり) 11,000円 ※投与回数にかかわらず、1回投与あたりの費用です。 | キャンセル費用 項目 費用(税込) 脂肪採取前まで なし 脂肪採取後、投与予定日の14日前まで 投与費用の50% 投与予定日の13日前~7日前まで 投与費用の80% 投与予定日の6日前~投与当日 投与費用の100% ※投与回数にかかわらず、投与をキャンセルされた場合の費用です。 料",no price found after text/OCR pass,No price found after refined text/OCR pass
V41_01C2507016,01C2507016,C,V41F8EA8952CF4,関東,東京都,"医療法人元気会わかさクリニック
WA CLINIC GINZA",中央区銀座五丁目6-12,第二種,自家脂肪由来間葉系幹細胞を用いた変形性関節症治療,脂肪由来幹細胞,QC,1.0,https://saiseiiryo.mhlw.go.jp/published_plan/download/01C2507016/5/0,2200000,税込,1回,,,1,,"系幹細胞・5,000万cells 990,000円 【片側】自家脂肪由来間葉系幹細胞・1億cells 1,320,000円 【両側】自家脂肪由来間葉系幹細胞・1億cells(片側 5,000万cells) 1,320,000円 【両側】自家脂肪由来間葉系幹細胞・2億cells(片側1億cells) 2,200,000円 細胞保管費用(1ヶ月あたり) 11,000円 ※投与回数にかかわらず、1回投与あたりの費用です。 | キャンセル費用 項目 費用(税込) 脂肪採取前まで なし 脂肪採取後、投与予定日の14日前まで 投与費用の50% 投与予定日の13日前~7日前まで 投与費用の80% 投与予定日の6日前~投与当日 投与費用の100% ※投与回数にかかわら",no price found after text/OCR pass,No price found after refined text/OCR pass
V41_01C2507016,01C2507016,C,V41F8EA8952CF4,関東,東京都,"医療法人元気会わかさクリニック
WA CLINIC GINZA",中央区銀座五丁目6-12,第二種,自家脂肪由来間葉系幹細胞を用いた変形性関節症治療,脂肪由来幹細胞,QC,1.0,https://saiseiiryo.mhlw.go.jp/published_plan/download/01C2507016/5/0,1320000,税込,1回,,,-2,,"| 費用 項目 費用(税込) 初診料 11,000円 血液検査料 11,000円 【片側】自家脂肪由来間葉系幹細胞・5,000万cells 990,000円 【片側】自家脂肪由来間葉系幹細胞・1億cells 1,320,000円 【両側】自家脂肪由来間葉系幹細胞・1億cells(片側 5,000万cells) 1,320,000円 【両側】自家脂肪由来間葉系幹細胞・2億cells(片側1億cells) 2,200,000円 細胞保管費用(1ヶ月あたり) 11,000円 ※投与回数にかかわらず、1回投与あたりの費用です。 | キャンセル費用 項目 費用(税込) 脂",no price found after text/OCR pass,No price found after refined text/OCR pass
V41_02C2506078,02C2506078,D,V41F7CE93E5920,関東,東京都,医療法人慶春会　脳梗塞・脊髄損傷クリニック銀座院,東京都中央区銀座7-8-13　BrownPlace5F,第二種,自家多血小板血漿（Platelet-rich plasma：PRP）を用いた慢性関節炎の治療（関節内組織）,PRP,QC,1.0,https://saiseiiryo.mhlw.go.jp/published_plan/download/02C2506078/5/0,,,,,,,,,no price found after text/OCR pass,Document fetched but no price candidate
V41_01C2401005,01C2401005,A,V41F87621496C0,関東,東京都,"医療法人社団 Health and Human Performance
MTXスポーツ・関節クリニック",千代田区麹町6-4-16 ESCALIER麹町2階,第三種,自家多血小板血漿(PRP)の投与によるスポーツ外傷を含む筋、腱、靱帯損傷治療,PRP,AUTO,1.0,https://saiseiiryo.mhlw.go.jp/published_plan/download/01C2401005/5/0,44000,税込,1 回,MyCells,MyCells系,8,,"療の説明文・同意文書 6 10. 治療にかかる費用について この治療は公的保険の対象ではありませんので、当院所定の下記の施術料をお支払いい ただきます。 ・自家PRP を用いた治療(Mycells キット使用)における施術料 44,000 円(税込) ご不明な点は医師・スタッフにお尋ねください。なお1 回の施術あたりの費用は、患部 の状態を確認した医師の判断、およびそれに応じた自家PRP 投与量等により変更とな る場合がございます。 11. その他治療についての注意事項 患者さまの体調が良くない場合や、採取した血液",,
V41_01C2401005,01C2401005,A,V41F87621496C0,関東,東京都,"医療法人社団 Health and Human Performance
MTXスポーツ・関節クリニック",千代田区麹町6-4-16 ESCALIER麹町2階,第三種,自家多血小板血漿(PRP)の投与によるスポーツ外傷を含む筋、腱、靱帯損傷治療,PRP,AUTO,1.0,https://saiseiiryo.mhlw.go.jp/published_plan/download/01C2401005/5/0,11000,税込,,,,6,,"取りやめ ることができます。この場合でも、一切不利益を受けません。 ただし本治療をとりやめた場合には、とりやめた時点までに発生した施術および製造に かかった費用をお支払いいただきます。 ・採血前に治療をとりやめた場合、費用のお支払いはございません。 ・採血後から投与までに治療をとりやめた場合、11,000 円(税込)をお支払いいただき ます。 また治療を行った後は、健康管理のために必要に応じて適切な検査を受けていただき、 医学的に問題がないかを確認させていただきます。 13. 個人情報の保護について 「個人情報の保護に関する法律」に基づき、当院には、個人情報取扱実施規程があり",,
V41_02C2508027,02C2508027,D,V41FB72A072BA6,関東,東京都,医療法人社団 ICVS Tokyo Clinic V2,"千代田区紀尾井町4番１号
新紀尾井町ビル2Ｆ",第二種,慢性筋骨格系疼痛緩和を目的とした自己骨髄由来間葉系幹細胞治療（動脈投与）,その他MSK,QC,1.0,https://saiseiiryo.mhlw.go.jp/published_plan/download/02C2508027/5/0,99000,不明,,,,10,10,"また、必要に応じて血液検査の他に検査項目が追加されることがあります。 細胞投与後は、投与後およそ1・3・6・12 か月にご来院いただきますよう、お願い申し上げます。 7.CD34 陽性細胞の保管サービスの費用 99,000 円(36 か月) 骨髄液にはCD34 陽性細胞(樹状細胞の原料)も含まれています。 将来、患者さまが樹状細胞を用いた治療(DC ダイレクト療法、preDC ダイレクト療法)を希望されたとき",price candidates remain ambiguous,
V41_02C2508027,02C2508027,D,V41FB72A072BA6,関東,東京都,医療法人社団 ICVS Tokyo Clinic V2,"千代田区紀尾井町4番１号
新紀尾井町ビル2Ｆ",第二種,慢性筋骨格系疼痛緩和を目的とした自己骨髄由来間葉系幹細胞治療（動脈投与）,その他MSK,QC,1.0,https://saiseiiryo.mhlw.go.jp/published_plan/download/02C2508027/5/0,15400,不明,,,,7,9,"1.外来初診料 [11,000 円] 問診(痛みの評価等および医師とのカウンセリング)の料金が含まれています。 2. 事前検査の料金 [15,400 円] 感染症の検査※・血液検査(生化学/血球数算定検査)・心電図・CAVI 検査などの料金が含まれています。 (※HIV 抗原・抗体同時定性、HCV 抗体/CLEIA、HBs 抗原/CLIA、HBe 抗原/CLIA、HTLV1 抗体",price candidates remain ambiguous,
V41_02C2508027,02C2508027,D,V41FB72A072BA6,関東,東京都,医療法人社団 ICVS Tokyo Clinic V2,"千代田区紀尾井町4番１号
新紀尾井町ビル2Ｆ",第二種,慢性筋骨格系疼痛緩和を目的とした自己骨髄由来間葉系幹細胞治療（動脈投与）,その他MSK,QC,1.0,https://saiseiiryo.mhlw.go.jp/published_plan/download/02C2508027/5/0,29700,不明,,,,6,10,"処置費用(装置の使用料を含む) エコー下による投与 29,700 円 CT 下による投与 104,700 円",price candidates remain ambiguous,
V41_02C2508027,02C2508027,D,V41FB72A072BA6,関東,東京都,医療法人社団 ICVS Tokyo Clinic V2,"千代田区紀尾井町4番１号
新紀尾井町ビル2Ｆ",第二種,慢性筋骨格系疼痛緩和を目的とした自己骨髄由来間葉系幹細胞治療（動脈投与）,その他MSK,QC,1.0,https://saiseiiryo.mhlw.go.jp/published_plan/download/02C2508027/5/0,2970000,不明,2回,,,5,9,"幹細胞培養治療費 (解凍培養・2回目) 2,970,000 円 4,070,000 円 5,170,000 円",price candidates remain ambiguous,
V41_02C2508027,02C2508027,D,V41FB72A072BA6,関東,東京都,医療法人社団 ICVS Tokyo Clinic V2,"千代田区紀尾井町4番１号
新紀尾井町ビル2Ｆ",第二種,慢性筋骨格系疼痛緩和を目的とした自己骨髄由来間葉系幹細胞治療（動脈投与）,その他MSK,QC,1.0,https://saiseiiryo.mhlw.go.jp/published_plan/download/02C2508027/5/0,3520000,不明,,,,5,9,"幹細胞培養治療費 (初代培養・初回) 3,520,000 円 4,620,000 円 5,720,000 円",price candidates remain ambiguous,
V41_02C2508027,02C2508027,D,V41FB72A072BA6,関東,東京都,医療法人社団 ICVS Tokyo Clinic V2,"千代田区紀尾井町4番１号
新紀尾井町ビル2Ｆ",第二種,慢性筋骨格系疼痛緩和を目的とした自己骨髄由来間葉系幹細胞治療（動脈投与）,その他MSK,QC,1.0,https://saiseiiryo.mhlw.go.jp/published_plan/download/02C2508027/5/0,4620000,不明,,,,5,9,"(初代培養・初回) 3,520,000 円 4,620,000 円 5,720,000 円 幹細胞培養治療費",price candidates remain ambiguous,
V41_02C2508027,02C2508027,D,V41FB72A072BA6,関東,東京都,医療法人社団 ICVS Tokyo Clinic V2,"千代田区紀尾井町4番１号
新紀尾井町ビル2Ｆ",第二種,慢性筋骨格系疼痛緩和を目的とした自己骨髄由来間葉系幹細胞治療（動脈投与）,その他MSK,QC,1.0,https://saiseiiryo.mhlw.go.jp/published_plan/download/02C2508027/5/0,5720000,不明,2回,,,5,9,"3,520,000 円 4,620,000 円 5,720,000 円 幹細胞培養治療費 (解凍培養・2回目)",price candidates remain ambiguous,
V41_02C2508027,02C2508027,D,V41FB72A072BA6,関東,東京都,医療法人社団 ICVS Tokyo Clinic V2,"千代田区紀尾井町4番１号
新紀尾井町ビル2Ｆ",第二種,慢性筋骨格系疼痛緩和を目的とした自己骨髄由来間葉系幹細胞治療（動脈投与）,その他MSK,QC,1.0,https://saiseiiryo.mhlw.go.jp/published_plan/download/02C2508027/5/0,38500,不明,,,,3,9,"0 円 投与予定日の2営業日前より当日 38,500 円",price candidates remain ambiguous,
V41_02C2508027,02C2508027,D,V41FB72A072BA6,関東,東京都,医療法人社団 ICVS Tokyo Clinic V2,"千代田区紀尾井町4番１号
新紀尾井町ビル2Ｆ",第二種,慢性筋骨格系疼痛緩和を目的とした自己骨髄由来間葉系幹細胞治療（動脈投与）,その他MSK,QC,1.0,https://saiseiiryo.mhlw.go.jp/published_plan/download/02C2508027/5/0,104700,不明,,,,3,10,"29,700 円 CT 下による投与 104,700 円 エックス線透視装置下による処置 100,000 円",price candidates remain ambiguous,
V41_02C2508027,02C2508027,D,V41FB72A072BA6,関東,東京都,医療法人社団 ICVS Tokyo Clinic V2,"千代田区紀尾井町4番１号
新紀尾井町ビル2Ｆ",第二種,慢性筋骨格系疼痛緩和を目的とした自己骨髄由来間葉系幹細胞治療（動脈投与）,その他MSK,QC,1.0,https://saiseiiryo.mhlw.go.jp/published_plan/download/02C2508027/5/0,450000,不明,,,,3,10,"アンギオ装置による処置(マイクロカテー テル使用あり) 450,000 円 6.再診料 [5,500 円/回] フォローアップの血液検査(生化学/血球数算定検査)を行う費用(2,750 円)については別途必要です。",price candidates remain ambiguous,
V41_02C2508027,02C2508027,D,V41FB72A072BA6,関東,東京都,医療法人社団 ICVS Tokyo Clinic V2,"千代田区紀尾井町4番１号
新紀尾井町ビル2Ｆ",第二種,慢性筋骨格系疼痛緩和を目的とした自己骨髄由来間葉系幹細胞治療（動脈投与）,その他MSK,QC,1.0,https://saiseiiryo.mhlw.go.jp/published_plan/download/02C2508027/5/0,2750,不明,,,,0,10,"450,000 円 6.再診料 [5,500 円/回] フォローアップの血液検査(生化学/血球数算定検査)を行う費用(2,750 円)については別途必要です。 また、必要に応じて血液検査の他に検査項目が追加されることがあります。 細胞投与後は、投与後およそ1・3・6・12 か月にご来院いただきますよう、お願い申し上げます。",price candidates remain ambiguous,
V41_02C2508027,02C2508027,D,V41FB72A072BA6,関東,東京都,医療法人社団 ICVS Tokyo Clinic V2,"千代田区紀尾井町4番１号
新紀尾井町ビル2Ｆ",第二種,慢性筋骨格系疼痛緩和を目的とした自己骨髄由来間葉系幹細胞治療（動脈投与）,その他MSK,QC,1.0,https://saiseiiryo.mhlw.go.jp/published_plan/download/02C2508027/5/0,100000,不明,,,,0,10,"104,700 円 エックス線透視装置下による処置 100,000 円 アンギオ装置による処置(マイクロカテー テル使用なし/通常の太さのカテーテル使",price candidates remain ambiguous,
V41_02C2508027,02C2508027,D,V41FB72A072BA6,関東,東京都,医療法人社団 ICVS Tokyo Clinic V2,"千代田区紀尾井町4番１号
新紀尾井町ビル2Ｆ",第二種,慢性筋骨格系疼痛緩和を目的とした自己骨髄由来間葉系幹細胞治療（動脈投与）,その他MSK,QC,1.0,https://saiseiiryo.mhlw.go.jp/published_plan/download/02C2508027/5/0,400000,不明,,,,0,10,"テル使用なし/通常の太さのカテーテル使 用) 400,000 円 アンギオ装置による処置(マイクロカテー テル使用あり)",price candidates remain ambiguous,
V41_02C2508027,02C2508027,D,V41FB72A072BA6,関東,東京都,医療法人社団 ICVS Tokyo Clinic V2,"千代田区紀尾井町4番１号
新紀尾井町ビル2Ｆ",第二種,慢性筋骨格系疼痛緩和を目的とした自己骨髄由来間葉系幹細胞治療（動脈投与）,その他MSK,QC,1.0,https://saiseiiryo.mhlw.go.jp/published_plan/download/02C2508027/5/0,4070000,不明,2回,,,0,9,"(解凍培養・2回目) 2,970,000 円 4,070,000 円 5,170,000 円 4.キャンセル料/変更料",price candidates remain ambiguous,
V41_02C2508027,02C2508027,D,V41FB72A072BA6,関東,東京都,医療法人社団 ICVS Tokyo Clinic V2,"千代田区紀尾井町4番１号
新紀尾井町ビル2Ｆ",第二種,慢性筋骨格系疼痛緩和を目的とした自己骨髄由来間葉系幹細胞治療（動脈投与）,その他MSK,QC,1.0,https://saiseiiryo.mhlw.go.jp/published_plan/download/02C2508027/5/0,5170000,不明,,,,0,9,"2,970,000 円 4,070,000 円 5,170,000 円 4.キャンセル料/変更料 キャンセルや日程変更がある場合には下記のキャンセル料/変更料がかかります。",price candidates remain ambiguous,
V41_02C2508027,02C2508027,D,V41FB72A072BA6,関東,東京都,医療法人社団 ICVS Tokyo Clinic V2,"千代田区紀尾井町4番１号
新紀尾井町ビル2Ｆ",第二種,慢性筋骨格系疼痛緩和を目的とした自己骨髄由来間葉系幹細胞治療（動脈投与）,その他MSK,QC,1.0,https://saiseiiryo.mhlw.go.jp/published_plan/download/02C2508027/5/0,11000,税込,,,,-6,9,"9 治療料金表 (税込) 1.外来初診料 [11,000 円] 問診(痛みの評価等および医師とのカウンセリング)の料金が含まれています。 2. 事前検査の料金 [15,400 円]",price candidates remain ambiguous,
V41_02C2508046,02C2508046,A,V41FB72A072BA6,関東,東京都,医療法人社団 ICVS Tokyo Clinic V2,"千代田区紀尾井町4番１号
新紀尾井町ビル2Ｆ",第二種,慢性筋骨格系疼痛緩和を目的とした自己骨髄由来間葉系幹細胞治療（局所投与）,その他MSK,QC,1.0,https://saiseiiryo.mhlw.go.jp/published_plan/download/02C2508046/5/0,99000,不明,,,,10,10,"また、必要に応じて血液検査の他に検査項目が追加されることがあります。 細胞投与後は、投与後およそ1・3・6・12 か月にご来院いただきますよう、お願い申し上げます。 7.CD34 陽性細胞の保管サービスの費用 99,000 円(36 か月) 骨髄液にはCD34 陽性細胞(樹状細胞の原料)も含まれています。 将来、患者さまが樹状細胞を用いた治療(DC ダイレクト療法、preDC ダイレクト療法)を希望されたとき",price candidates remain ambiguous,
V41_02C2508046,02C2508046,A,V41FB72A072BA6,関東,東京都,医療法人社団 ICVS Tokyo Clinic V2,"千代田区紀尾井町4番１号
新紀尾井町ビル2Ｆ",第二種,慢性筋骨格系疼痛緩和を目的とした自己骨髄由来間葉系幹細胞治療（局所投与）,その他MSK,QC,1.0,https://saiseiiryo.mhlw.go.jp/published_plan/download/02C2508046/5/0,15400,不明,,,,7,9,"1.外来初診料 [11,000 円] 問診(痛みの評価等および医師とのカウンセリング)の料金が含まれています。 2. 事前検査の料金 [15,400 円] 感染症の検査※・血液検査(生化学/血球数算定検査)・心電図・CAVI 検査などの料金が含まれています。 (※HIV 抗原・抗体同時定性、HCV 抗体/CLEIA、HBs 抗原/CLIA、HBe 抗原/CLIA、HTLV1 抗体",price candidates remain ambiguous,
V41_02C2508046,02C2508046,A,V41FB72A072BA6,関東,東京都,医療法人社団 ICVS Tokyo Clinic V2,"千代田区紀尾井町4番１号
新紀尾井町ビル2Ｆ",第二種,慢性筋骨格系疼痛緩和を目的とした自己骨髄由来間葉系幹細胞治療（局所投与）,その他MSK,QC,1.0,https://saiseiiryo.mhlw.go.jp/published_plan/download/02C2508046/5/0,29700,不明,,,,6,10,"処置費用(装置の使用料を含む) エコー下による投与 29,700 円 CT 下による投与 104,700 円",price candidates remain ambiguous,
V41_02C2508046,02C2508046,A,V41FB72A072BA6,関東,東京都,医療法人社団 ICVS Tokyo Clinic V2,"千代田区紀尾井町4番１号
新紀尾井町ビル2Ｆ",第二種,慢性筋骨格系疼痛緩和を目的とした自己骨髄由来間葉系幹細胞治療（局所投与）,その他MSK,QC,1.0,https://saiseiiryo.mhlw.go.jp/published_plan/download/02C2508046/5/0,2970000,不明,2回,,,5,9,"幹細胞培養治療費 (解凍培養・2回目) 2,970,000 円 4,070,000 円 5,170,000 円",price candidates remain ambiguous,
V41_02C2508046,02C2508046,A,V41FB72A072BA6,関東,東京都,医療法人社団 ICVS Tokyo Clinic V2,"千代田区紀尾井町4番１号
新紀尾井町ビル2Ｆ",第二種,慢性筋骨格系疼痛緩和を目的とした自己骨髄由来間葉系幹細胞治療（局所投与）,その他MSK,QC,1.0,https://saiseiiryo.mhlw.go.jp/published_plan/download/02C2508046/5/0,3520000,不明,,,,5,9,"幹細胞培養治療費 (初代培養・初回) 3,520,000 円 4,620,000 円 5,720,000 円",price candidates remain ambiguous,
V41_02C2508046,02C2508046,A,V41FB72A072BA6,関東,東京都,医療法人社団 ICVS Tokyo Clinic V2,"千代田区紀尾井町4番１号
新紀尾井町ビル2Ｆ",第二種,慢性筋骨格系疼痛緩和を目的とした自己骨髄由来間葉系幹細胞治療（局所投与）,その他MSK,QC,1.0,https://saiseiiryo.mhlw.go.jp/published_plan/download/02C2508046/5/0,4620000,不明,,,,5,9,"(初代培養・初回) 3,520,000 円 4,620,000 円 5,720,000 円 幹細胞培養治療費",price candidates remain ambiguous,
V41_02C2508046,02C2508046,A,V41FB72A072BA6,関東,東京都,医療法人社団 ICVS Tokyo Clinic V2,"千代田区紀尾井町4番１号
新紀尾井町ビル2Ｆ",第二種,慢性筋骨格系疼痛緩和を目的とした自己骨髄由来間葉系幹細胞治療（局所投与）,その他MSK,QC,1.0,https://saiseiiryo.mhlw.go.jp/published_plan/download/02C2508046/5/0,5720000,不明,2回,,,5,9,"3,520,000 円 4,620,000 円 5,720,000 円 幹細胞培養治療費 (解凍培養・2回目)",price candidates remain ambiguous,
V41_02C2508046,02C2508046,A,V41FB72A072BA6,関東,東京都,医療法人社団 ICVS Tokyo Clinic V2,"千代田区紀尾井町4番１号
新紀尾井町ビル2Ｆ",第二種,慢性筋骨格系疼痛緩和を目的とした自己骨髄由来間葉系幹細胞治療（局所投与）,その他MSK,QC,1.0,https://saiseiiryo.mhlw.go.jp/published_plan/download/02C2508046/5/0,38500,不明,,,,3,9,"0 円 投与予定日の2営業日前より当日 38,500 円",price candidates remain ambiguous,
V41_02C2508046,02C2508046,A,V41FB72A072BA6,関東,東京都,医療法人社団 ICVS Tokyo Clinic V2,"千代田区紀尾井町4番１号
新紀尾井町ビル2Ｆ",第二種,慢性筋骨格系疼痛緩和を目的とした自己骨髄由来間葉系幹細胞治療（局所投与）,その他MSK,QC,1.0,https://saiseiiryo.mhlw.go.jp/published_plan/download/02C2508046/5/0,104700,不明,,,,3,10,"29,700 円 CT 下による投与 104,700 円 エックス線透視装置下による処置 100,000 円",price candidates remain ambiguous,
V41_02C2508046,02C2508046,A,V41FB72A072BA6,関東,東京都,医療法人社団 ICVS Tokyo Clinic V2,"千代田区紀尾井町4番１号
新紀尾井町ビル2Ｆ",第二種,慢性筋骨格系疼痛緩和を目的とした自己骨髄由来間葉系幹細胞治療（局所投与）,その他MSK,QC,1.0,https://saiseiiryo.mhlw.go.jp/published_plan/download/02C2508046/5/0,450000,不明,,,,3,10,"アンギオ装置による処置(マイクロカテー テル使用あり) 450,000 円 6.再診料 [5,500 円/回] フォローアップの血液検査(生化学/血球数算定検査)を行う費用(2,750 円)については別途必要です。",price candidates remain ambiguous,
V41_02C2508046,02C2508046,A,V41FB72A072BA6,関東,東京都,医療法人社団 ICVS Tokyo Clinic V2,"千代田区紀尾井町4番１号
新紀尾井町ビル2Ｆ",第二種,慢性筋骨格系疼痛緩和を目的とした自己骨髄由来間葉系幹細胞治療（局所投与）,その他MSK,QC,1.0,https://saiseiiryo.mhlw.go.jp/published_plan/download/02C2508046/5/0,2750,不明,,,,0,10,"450,000 円 6.再診料 [5,500 円/回] フォローアップの血液検査(生化学/血球数算定検査)を行う費用(2,750 円)については別途必要です。 また、必要に応じて血液検査の他に検査項目が追加されることがあります。 細胞投与後は、投与後およそ1・3・6・12 か月にご来院いただきますよう、お願い申し上げます。",price candidates remain ambiguous,
V41_02C2508046,02C2508046,A,V41FB72A072BA6,関東,東京都,医療法人社団 ICVS Tokyo Clinic V2,"千代田区紀尾井町4番１号
新紀尾井町ビル2Ｆ",第二種,慢性筋骨格系疼痛緩和を目的とした自己骨髄由来間葉系幹細胞治療（局所投与）,その他MSK,QC,1.0,https://saiseiiryo.mhlw.go.jp/published_plan/download/02C2508046/5/0,100000,不明,,,,0,10,"104,700 円 エックス線透視装置下による処置 100,000 円 アンギオ装置による処置(マイクロカテー テル使用なし/通常の太さのカテーテル使",price candidates remain ambiguous,
V41_02C2508046,02C2508046,A,V41FB72A072BA6,関東,東京都,医療法人社団 ICVS Tokyo Clinic V2,"千代田区紀尾井町4番１号
新紀尾井町ビル2Ｆ",第二種,慢性筋骨格系疼痛緩和を目的とした自己骨髄由来間葉系幹細胞治療（局所投与）,その他MSK,QC,1.0,https://saiseiiryo.mhlw.go.jp/published_plan/download/02C2508046/5/0,400000,不明,,,,0,10,"テル使用なし/通常の太さのカテーテル使 用) 400,000 円 アンギオ装置による処置(マイクロカテー テル使用あり)",price candidates remain ambiguous,
V41_02C2508046,02C2508046,A,V41FB72A072BA6,関東,東京都,医療法人社団 ICVS Tokyo Clinic V2,"千代田区紀尾井町4番１号
新紀尾井町ビル2Ｆ",第二種,慢性筋骨格系疼痛緩和を目的とした自己骨髄由来間葉系幹細胞治療（局所投与）,その他MSK,QC,1.0,https://saiseiiryo.mhlw.go.jp/published_plan/download/02C2508046/5/0,4070000,不明,2回,,,0,9,"(解凍培養・2回目) 2,970,000 円 4,070,000 円 5,170,000 円 4.キャンセル料/変更料",price candidates remain ambiguous,
V41_02C2508046,02C2508046,A,V41FB72A072BA6,関東,東京都,医療法人社団 ICVS Tokyo Clinic V2,"千代田区紀尾井町4番１号
新紀尾井町ビル2Ｆ",第二種,慢性筋骨格系疼痛緩和を目的とした自己骨髄由来間葉系幹細胞治療（局所投与）,その他MSK,QC,1.0,https://saiseiiryo.mhlw.go.jp/published_plan/download/02C2508046/5/0,5170000,不明,,,,0,9,"2,970,000 円 4,070,000 円 5,170,000 円 4.キャンセル料/変更料 キャンセルや日程変更がある場合には下記のキャンセル料/変更料がかかります。",price candidates remain ambiguous,
V41_02C2508046,02C2508046,A,V41FB72A072BA6,関東,東京都,医療法人社団 ICVS Tokyo Clinic V2,"千代田区紀尾井町4番１号
新紀尾井町ビル2Ｆ",第二種,慢性筋骨格系疼痛緩和を目的とした自己骨髄由来間葉系幹細胞治療（局所投与）,その他MSK,QC,1.0,https://saiseiiryo.mhlw.go.jp/published_plan/download/02C2508046/5/0,11000,税込,,,,-6,9,"9 治療料金表 (税込) 1.外来初診料 [11,000 円] 問診(痛みの評価等および医師とのカウンセリング)の料金が含まれています。 2. 事前検査の料金 [15,400 円]",price candidates remain ambiguous,
V41_02C2605032,02C2605032,C,V41FB72A072BA6,関東,東京都,医療法人社団 ICVS Tokyo Clinic V2,"千代田区紀尾井町4番１号　
新紀尾井町ビル2Ｆ",第二種,慢性筋骨格系疼痛の緩和を目的とした自己脂肪由来間葉系幹細胞治療（局所投与）,脂肪由来幹細胞,QC,1.0,https://saiseiiryo.mhlw.go.jp/published_plan/download/02C2605032/5/0,15400,不明,,,,7,9,"1.外来初診料 [11,000 円] 問診(痛みの評価等および医師とのカウンセリング)の料金が含まれています。 2. 事前検査の料金 [15,400 円] 感染症の検査※・血液検査(生化学/血球数算定検査)・心電図・CAVI 検査などの料金が含まれています。 (※HIV 抗原・抗体同時定性、HCV 抗体/CLEIA、HBs 抗原/CLIA、HBe 抗原/CLIA、HTLV1 抗体",price candidates remain ambiguous,
V41_02C2605032,02C2605032,C,V41FB72A072BA6,関東,東京都,医療法人社団 ICVS Tokyo Clinic V2,"千代田区紀尾井町4番１号　
新紀尾井町ビル2Ｆ",第二種,慢性筋骨格系疼痛の緩和を目的とした自己脂肪由来間葉系幹細胞治療（局所投与）,脂肪由来幹細胞,QC,1.0,https://saiseiiryo.mhlw.go.jp/published_plan/download/02C2605032/5/0,29700,不明,,,,6,10,"処置費用(装置の使用料を含む) エコー下による投与 29,700 円 CT 下による投与 104,700 円",price candidates remain ambiguous,
V41_02C2605032,02C2605032,C,V41FB72A072BA6,関東,東京都,医療法人社団 ICVS Tokyo Clinic V2,"千代田区紀尾井町4番１号　
新紀尾井町ビル2Ｆ",第二種,慢性筋骨格系疼痛の緩和を目的とした自己脂肪由来間葉系幹細胞治療（局所投与）,脂肪由来幹細胞,QC,1.0,https://saiseiiryo.mhlw.go.jp/published_plan/download/02C2605032/5/0,38500,不明,1 回,,,6,10,"0 円 投与予定日の2営業日前より当日 38,500 円 5.各種装置(CT/エコー)下による投与において生じる費用 局所投与や動脈投与でエコー・ CT などの装置を用いる場合については、1 回の投与あたり下記の費用(装",price candidates remain ambiguous,
V41_02C2605032,02C2605032,C,V41FB72A072BA6,関東,東京都,医療法人社団 ICVS Tokyo Clinic V2,"千代田区紀尾井町4番１号　
新紀尾井町ビル2Ｆ",第二種,慢性筋骨格系疼痛の緩和を目的とした自己脂肪由来間葉系幹細胞治療（局所投与）,脂肪由来幹細胞,QC,1.0,https://saiseiiryo.mhlw.go.jp/published_plan/download/02C2605032/5/0,104700,不明,,,,3,10,"29,700 円 CT 下による投与 104,700 円 エックス線透視装置下による処置 100,000 円",price candidates remain ambiguous,
V41_02C2605032,02C2605032,C,V41FB72A072BA6,関東,東京都,医療法人社団 ICVS Tokyo Clinic V2,"千代田区紀尾井町4番１号　
新紀尾井町ビル2Ｆ",第二種,慢性筋骨格系疼痛の緩和を目的とした自己脂肪由来間葉系幹細胞治療（局所投与）,脂肪由来幹細胞,QC,1.0,https://saiseiiryo.mhlw.go.jp/published_plan/download/02C2605032/5/0,450000,不明,,,,3,10,"アンギオ装置による処置 (マイクロカテーテル使用あり) 450,000 円 6.再診料 [5,500 円/回] フォローアップの血液検査(生化学/血球数算定検査)を行う費用(2,750 円)については別途必要です。",price candidates remain ambiguous,
V41_02C2605032,02C2605032,C,V41FB72A072BA6,関東,東京都,医療法人社団 ICVS Tokyo Clinic V2,"千代田区紀尾井町4番１号　
新紀尾井町ビル2Ｆ",第二種,慢性筋骨格系疼痛の緩和を目的とした自己脂肪由来間葉系幹細胞治療（局所投与）,脂肪由来幹細胞,QC,1.0,https://saiseiiryo.mhlw.go.jp/published_plan/download/02C2605032/5/0,6050000,不明,,,,2,9,"3, 960,000 円 4,950,000 円 6,050,000 円 7,150,000 円 幹細胞培養治療",price candidates remain ambiguous,
V41_02C2605032,02C2605032,C,V41FB72A072BA6,関東,東京都,医療法人社団 ICVS Tokyo Clinic V2,"千代田区紀尾井町4番１号　
新紀尾井町ビル2Ｆ",第二種,慢性筋骨格系疼痛の緩和を目的とした自己脂肪由来間葉系幹細胞治療（局所投与）,脂肪由来幹細胞,QC,1.0,https://saiseiiryo.mhlw.go.jp/published_plan/download/02C2605032/5/0,7150000,不明,,,,2,9,"4,950,000 円 6,050,000 円 7,150,000 円 幹細胞培養治療 費(解凍培養・2",price candidates remain ambiguous,
V41_02C2605032,02C2605032,C,V41FB72A072BA6,関東,東京都,医療法人社団 ICVS Tokyo Clinic V2,"千代田区紀尾井町4番１号　
新紀尾井町ビル2Ｆ",第二種,慢性筋骨格系疼痛の緩和を目的とした自己脂肪由来間葉系幹細胞治療（局所投与）,脂肪由来幹細胞,QC,1.0,https://saiseiiryo.mhlw.go.jp/published_plan/download/02C2605032/5/0,2750,不明,,,,0,10,"450,000 円 6.再診料 [5,500 円/回] フォローアップの血液検査(生化学/血球数算定検査)を行う費用(2,750 円)については別途必要です。 また、必要に応じて血液検査の他に検査項目が追加されることがあります。 細胞投与後は、投与後およそ1・3・6・12 か月にご来院いただきますよう、お願い申し上げます。",price candidates remain ambiguous,
V41_02C2605032,02C2605032,C,V41FB72A072BA6,関東,東京都,医療法人社団 ICVS Tokyo Clinic V2,"千代田区紀尾井町4番１号　
新紀尾井町ビル2Ｆ",第二種,慢性筋骨格系疼痛の緩和を目的とした自己脂肪由来間葉系幹細胞治療（局所投与）,脂肪由来幹細胞,QC,1.0,https://saiseiiryo.mhlw.go.jp/published_plan/download/02C2605032/5/0,100000,不明,,,,0,10,"104,700 円 エックス線透視装置下による処置 100,000 円 アンギオ装置による処置(マイクロカテーテル使用 なし/通常の太さのカテーテル使用)",price candidates remain ambiguous,
V41_02C2605032,02C2605032,C,V41FB72A072BA6,関東,東京都,医療法人社団 ICVS Tokyo Clinic V2,"千代田区紀尾井町4番１号　
新紀尾井町ビル2Ｆ",第二種,慢性筋骨格系疼痛の緩和を目的とした自己脂肪由来間葉系幹細胞治療（局所投与）,脂肪由来幹細胞,QC,1.0,https://saiseiiryo.mhlw.go.jp/published_plan/download/02C2605032/5/0,400000,不明,,,,0,10,"アンギオ装置による処置(マイクロカテーテル使用 なし/通常の太さのカテーテル使用) 400,000 円 アンギオ装置による処置 (マイクロカテーテル使用あり)",price candidates remain ambiguous,
V41_02C2605032,02C2605032,C,V41FB72A072BA6,関東,東京都,医療法人社団 ICVS Tokyo Clinic V2,"千代田区紀尾井町4番１号　
新紀尾井町ビル2Ｆ",第二種,慢性筋骨格系疼痛の緩和を目的とした自己脂肪由来間葉系幹細胞治療（局所投与）,脂肪由来幹細胞,QC,1.0,https://saiseiiryo.mhlw.go.jp/published_plan/download/02C2605032/5/0,960000,不明,,,,0,9,"回) 2,970,000 円 3, 960,000 円 4,950,000 円 6,050,000 円",price candidates remain ambiguous,
V41_02C2605032,02C2605032,C,V41FB72A072BA6,関東,東京都,医療法人社団 ICVS Tokyo Clinic V2,"千代田区紀尾井町4番１号　
新紀尾井町ビル2Ｆ",第二種,慢性筋骨格系疼痛の緩和を目的とした自己脂肪由来間葉系幹細胞治療（局所投与）,脂肪由来幹細胞,QC,1.0,https://saiseiiryo.mhlw.go.jp/published_plan/download/02C2605032/5/0,2255000,不明,2 回,,,0,9,"費(解凍培養・2 回目) 2,255,000 円 3,355,000 円 4,400,000 円",price candidates remain ambiguous,
V41_02C2605032,02C2605032,C,V41FB72A072BA6,関東,東京都,医療法人社団 ICVS Tokyo Clinic V2,"千代田区紀尾井町4番１号　
新紀尾井町ビル2Ｆ",第二種,慢性筋骨格系疼痛の緩和を目的とした自己脂肪由来間葉系幹細胞治療（局所投与）,脂肪由来幹細胞,QC,1.0,https://saiseiiryo.mhlw.go.jp/published_plan/download/02C2605032/5/0,2970000,不明,,,,0,9,"費(初代培養・初 回) 2,970,000 円 3, 960,000 円 4,950,000 円",price candidates remain ambiguous,
V41_02C2605032,02C2605032,C,V41FB72A072BA6,関東,東京都,医療法人社団 ICVS Tokyo Clinic V2,"千代田区紀尾井町4番１号　
新紀尾井町ビル2Ｆ",第二種,慢性筋骨格系疼痛の緩和を目的とした自己脂肪由来間葉系幹細胞治療（局所投与）,脂肪由来幹細胞,QC,1.0,https://saiseiiryo.mhlw.go.jp/published_plan/download/02C2605032/5/0,3355000,不明,,,,0,9,"回目) 2,255,000 円 3,355,000 円 4,400,000 円 4,840,000 円",price candidates remain ambiguous,
V41_02C2605032,02C2605032,C,V41FB72A072BA6,関東,東京都,医療法人社団 ICVS Tokyo Clinic V2,"千代田区紀尾井町4番１号　
新紀尾井町ビル2Ｆ",第二種,慢性筋骨格系疼痛の緩和を目的とした自己脂肪由来間葉系幹細胞治療（局所投与）,脂肪由来幹細胞,QC,1.0,https://saiseiiryo.mhlw.go.jp/published_plan/download/02C2605032/5/0,4400000,不明,,,,0,9,"2,255,000 円 3,355,000 円 4,400,000 円 4,840,000 円 5,720,000 円",price candidates remain ambiguous,
V41_02C2605032,02C2605032,C,V41FB72A072BA6,関東,東京都,医療法人社団 ICVS Tokyo Clinic V2,"千代田区紀尾井町4番１号　
新紀尾井町ビル2Ｆ",第二種,慢性筋骨格系疼痛の緩和を目的とした自己脂肪由来間葉系幹細胞治療（局所投与）,脂肪由来幹細胞,QC,1.0,https://saiseiiryo.mhlw.go.jp/published_plan/download/02C2605032/5/0,4840000,不明,,,,0,9,"3,355,000 円 4,400,000 円 4,840,000 円 5,720,000 円 4.キャンセル料/変更料",price candidates remain ambiguous,
V41_02C2605078,02C2605078,B,V41FB72A072BA6,関東,東京都,医療法人社団 ICVS Tokyo Clinic V2,"千代田区紀尾井町4番１号　
新紀尾井町ビル2Ｆ",第二種,慢性筋骨格系疼痛の緩和を目的とした自己脂肪由来間葉系幹細胞治療（動脈投与）,脂肪由来幹細胞,QC,1.0,https://saiseiiryo.mhlw.go.jp/published_plan/download/02C2605078/5/0,15400,不明,,,,7,9,"1.外来初診料 [11,000 円] 問診(痛みの評価等および医師とのカウンセリング)の料金が含まれています。 2. 事前検査の料金 [15,400 円] 感染症の検査※・血液検査(生化学/血球数算定検査)・心電図・CAVI 検査などの料金が含まれています。 (※HIV 抗原・抗体同時定性、HCV 抗体/CLEIA、HBs 抗原/CLIA、HBe 抗原/CLIA、HTLV1 抗体",price candidates remain ambiguous,
V41_02C2605078,02C2605078,B,V41FB72A072BA6,関東,東京都,医療法人社団 ICVS Tokyo Clinic V2,"千代田区紀尾井町4番１号　
新紀尾井町ビル2Ｆ",第二種,慢性筋骨格系疼痛の緩和を目的とした自己脂肪由来間葉系幹細胞治療（動脈投与）,脂肪由来幹細胞,QC,1.0,https://saiseiiryo.mhlw.go.jp/published_plan/download/02C2605078/5/0,29700,不明,,,,6,10,"処置費用(装置の使用料を含む) エコー下による投与 29,700 円 CT 下による投与 104,700 円",price candidates remain ambiguous,
V41_02C2605078,02C2605078,B,V41FB72A072BA6,関東,東京都,医療法人社団 ICVS Tokyo Clinic V2,"千代田区紀尾井町4番１号　
新紀尾井町ビル2Ｆ",第二種,慢性筋骨格系疼痛の緩和を目的とした自己脂肪由来間葉系幹細胞治療（動脈投与）,脂肪由来幹細胞,QC,1.0,https://saiseiiryo.mhlw.go.jp/published_plan/download/02C2605078/5/0,38500,不明,1 回,,,6,10,"0 円 投与予定日の2営業日前より当日 38,500 円 5.各種装置(CT/エコー)下による投与において生じる費用 局所投与や動脈投与でエコー・ CT などの装置を用いる場合については、1 回の投与あたり下記の費用(装",price candidates remain ambiguous,
V41_02C2605078,02C2605078,B,V41FB72A072BA6,関東,東京都,医療法人社団 ICVS Tokyo Clinic V2,"千代田区紀尾井町4番１号　
新紀尾井町ビル2Ｆ",第二種,慢性筋骨格系疼痛の緩和を目的とした自己脂肪由来間葉系幹細胞治療（動脈投与）,脂肪由来幹細胞,QC,1.0,https://saiseiiryo.mhlw.go.jp/published_plan/download/02C2605078/5/0,104700,不明,,,,3,10,"29,700 円 CT 下による投与 104,700 円 エックス線透視装置下による処置 100,000 円",price candidates remain ambiguous,
V41_02C2605078,02C2605078,B,V41FB72A072BA6,関東,東京都,医療法人社団 ICVS Tokyo Clinic V2,"千代田区紀尾井町4番１号　
新紀尾井町ビル2Ｆ",第二種,慢性筋骨格系疼痛の緩和を目的とした自己脂肪由来間葉系幹細胞治療（動脈投与）,脂肪由来幹細胞,QC,1.0,https://saiseiiryo.mhlw.go.jp/published_plan/download/02C2605078/5/0,450000,不明,,,,3,10,"アンギオ装置による処置 (マイクロカテーテル使用あり) 450,000 円 6.再診料 [5,500 円/回] フォローアップの血液検査(生化学/血球数算定検査)を行う費用(2,750 円)については別途必要です。",price candidates remain ambiguous,
V41_02C2605078,02C2605078,B,V41FB72A072BA6,関東,東京都,医療法人社団 ICVS Tokyo Clinic V2,"千代田区紀尾井町4番１号　
新紀尾井町ビル2Ｆ",第二種,慢性筋骨格系疼痛の緩和を目的とした自己脂肪由来間葉系幹細胞治療（動脈投与）,脂肪由来幹細胞,QC,1.0,https://saiseiiryo.mhlw.go.jp/published_plan/download/02C2605078/5/0,6050000,不明,,,,2,9,"3, 960,000 円 4,950,000 円 6,050,000 円 7,150,000 円 幹細胞培養治療",price candidates remain ambiguous,
V41_02C2605078,02C2605078,B,V41FB72A072BA6,関東,東京都,医療法人社団 ICVS Tokyo Clinic V2,"千代田区紀尾井町4番１号　
新紀尾井町ビル2Ｆ",第二種,慢性筋骨格系疼痛の緩和を目的とした自己脂肪由来間葉系幹細胞治療（動脈投与）,脂肪由来幹細胞,QC,1.0,https://saiseiiryo.mhlw.go.jp/published_plan/download/02C2605078/5/0,7150000,不明,,,,2,9,"4,950,000 円 6,050,000 円 7,150,000 円 幹細胞培養治療 費(解凍培養・2",price candidates remain ambiguous,
V41_02C2605078,02C2605078,B,V41FB72A072BA6,関東,東京都,医療法人社団 ICVS Tokyo Clinic V2,"千代田区紀尾井町4番１号　
新紀尾井町ビル2Ｆ",第二種,慢性筋骨格系疼痛の緩和を目的とした自己脂肪由来間葉系幹細胞治療（動脈投与）,脂肪由来幹細胞,QC,1.0,https://saiseiiryo.mhlw.go.jp/published_plan/download/02C2605078/5/0,2750,不明,,,,0,10,"450,000 円 6.再診料 [5,500 円/回] フォローアップの血液検査(生化学/血球数算定検査)を行う費用(2,750 円)については別途必要です。 また、必要に応じて血液検査の他に検査項目が追加されることがあります。 細胞投与後は、投与後およそ1・3・6・12 か月にご来院いただきますよう、お願い申し上げます。",price candidates remain ambiguous,
V41_02C2605078,02C2605078,B,V41FB72A072BA6,関東,東京都,医療法人社団 ICVS Tokyo Clinic V2,"千代田区紀尾井町4番１号　
新紀尾井町ビル2Ｆ",第二種,慢性筋骨格系疼痛の緩和を目的とした自己脂肪由来間葉系幹細胞治療（動脈投与）,脂肪由来幹細胞,QC,1.0,https://saiseiiryo.mhlw.go.jp/published_plan/download/02C2605078/5/0,100000,不明,,,,0,10,"104,700 円 エックス線透視装置下による処置 100,000 円 アンギオ装置による処置(マイクロカテーテル使用 なし/通常の太さのカテーテル使用)",price candidates remain ambiguous,
V41_02C2605078,02C2605078,B,V41FB72A072BA6,関東,東京都,医療法人社団 ICVS Tokyo Clinic V2,"千代田区紀尾井町4番１号　
新紀尾井町ビル2Ｆ",第二種,慢性筋骨格系疼痛の緩和を目的とした自己脂肪由来間葉系幹細胞治療（動脈投与）,脂肪由来幹細胞,QC,1.0,https://saiseiiryo.mhlw.go.jp/published_plan/download/02C2605078/5/0,400000,不明,,,,0,10,"アンギオ装置による処置(マイクロカテーテル使用 なし/通常の太さのカテーテル使用) 400,000 円 アンギオ装置による処置 (マイクロカテーテル使用あり)",price candidates remain ambiguous,
V41_02C2605078,02C2605078,B,V41FB72A072BA6,関東,東京都,医療法人社団 ICVS Tokyo Clinic V2,"千代田区紀尾井町4番１号　
新紀尾井町ビル2Ｆ",第二種,慢性筋骨格系疼痛の緩和を目的とした自己脂肪由来間葉系幹細胞治療（動脈投与）,脂肪由来幹細胞,QC,1.0,https://saiseiiryo.mhlw.go.jp/published_plan/download/02C2605078/5/0,960000,不明,,,,0,9,"回) 2,970,000 円 3, 960,000 円 4,950,000 円 6,050,000 円",price candidates remain ambiguous,
V41_02C2605078,02C2605078,B,V41FB72A072BA6,関東,東京都,医療法人社団 ICVS Tokyo Clinic V2,"千代田区紀尾井町4番１号　
新紀尾井町ビル2Ｆ",第二種,慢性筋骨格系疼痛の緩和を目的とした自己脂肪由来間葉系幹細胞治療（動脈投与）,脂肪由来幹細胞,QC,1.0,https://saiseiiryo.mhlw.go.jp/published_plan/download/02C2605078/5/0,2255000,不明,2 回,,,0,9,"費(解凍培養・2 回目) 2,255,000 円 3,355,000 円 4,400,000 円",price candidates remain ambiguous,
V41_02C2605078,02C2605078,B,V41FB72A072BA6,関東,東京都,医療法人社団 ICVS Tokyo Clinic V2,"千代田区紀尾井町4番１号　
新紀尾井町ビル2Ｆ",第二種,慢性筋骨格系疼痛の緩和を目的とした自己脂肪由来間葉系幹細胞治療（動脈投与）,脂肪由来幹細胞,QC,1.0,https://saiseiiryo.mhlw.go.jp/published_plan/download/02C2605078/5/0,2970000,不明,,,,0,9,"費(初代培養・初 回) 2,970,000 円 3, 960,000 円 4,950,000 円",price candidates remain ambiguous,
V41_02C2605078,02C2605078,B,V41FB72A072BA6,関東,東京都,医療法人社団 ICVS Tokyo Clinic V2,"千代田区紀尾井町4番１号　
新紀尾井町ビル2Ｆ",第二種,慢性筋骨格系疼痛の緩和を目的とした自己脂肪由来間葉系幹細胞治療（動脈投与）,脂肪由来幹細胞,QC,1.0,https://saiseiiryo.mhlw.go.jp/published_plan/download/02C2605078/5/0,3355000,不明,,,,0,9,"回目) 2,255,000 円 3,355,000 円 4,400,000 円 4,840,000 円",price candidates remain ambiguous,
V41_02C2605078,02C2605078,B,V41FB72A072BA6,関東,東京都,医療法人社団 ICVS Tokyo Clinic V2,"千代田区紀尾井町4番１号　
新紀尾井町ビル2Ｆ",第二種,慢性筋骨格系疼痛の緩和を目的とした自己脂肪由来間葉系幹細胞治療（動脈投与）,脂肪由来幹細胞,QC,1.0,https://saiseiiryo.mhlw.go.jp/published_plan/download/02C2605078/5/0,4400000,不明,,,,0,9,"2,255,000 円 3,355,000 円 4,400,000 円 4,840,000 円 5,720,000 円",price candidates remain ambiguous,
V41_02C2605078,02C2605078,B,V41FB72A072BA6,関東,東京都,医療法人社団 ICVS Tokyo Clinic V2,"千代田区紀尾井町4番１号　
新紀尾井町ビル2Ｆ",第二種,慢性筋骨格系疼痛の緩和を目的とした自己脂肪由来間葉系幹細胞治療（動脈投与）,脂肪由来幹細胞,QC,1.0,https://saiseiiryo.mhlw.go.jp/published_plan/download/02C2605078/5/0,4840000,不明,,,,0,9,"3,355,000 円 4,400,000 円 4,840,000 円 5,720,000 円 4.キャンセル料/変更料",price candidates remain ambiguous,
V41_02C1909168,02C1909168,C,V41F5149DED673,関東,東京都,医療法人社団 三二会 番町診療所 表参道,渋谷区神宮前４丁目１１−６ 表参道千代田ビル地下1階,第二種,自己脂肪由来間葉系幹細胞を用いた整形外科疾患に対する組織修復,脂肪由来幹細胞,QC,1.0,https://saiseiiryo.mhlw.go.jp/published_plan/download/02C1909168/5/0,,,,,,,,,no price found after text/OCR pass,Document fetched but no price candidate
V41_02C2511027,02C2511027,A,V41F3DF04CF709,関東,東京都,医療法人社団 医生会　わせだ整形外科,狛江市東野川2-20-5-102,第二種,自家多血小板血漿（Platelet-rich plasma：PRP）を用いた慢性関節炎の治療（関節内組織）,PRP,QC,1.0,https://saiseiiryo.mhlw.go.jp/published_plan/download/02C2511027/5/0,5500,税込,1 部位,,,4,7,"分です。 ■血液検査 : 5,500 円(税込・実施した場合) ■ PRP・1 キット(1 部位) キット名",price candidates remain ambiguous,
V41_02C2511027,02C2511027,A,V41F3DF04CF709,関東,東京都,医療法人社団 医生会　わせだ整形外科,狛江市東野川2-20-5-102,第二種,自家多血小板血漿（Platelet-rich plasma：PRP）を用いた慢性関節炎の治療（関節内組織）,PRP,QC,1.0,https://saiseiiryo.mhlw.go.jp/published_plan/download/02C2511027/5/0,44000,税込,,ACP MAX|ACP,Arthrex,3,7,"金額 (税込) ACP 44,000 円 ACP MAX 165,000円",price candidates remain ambiguous,
V41_02C2511027,02C2511027,A,V41F3DF04CF709,関東,東京都,医療法人社団 医生会　わせだ整形外科,狛江市東野川2-20-5-102,第二種,自家多血小板血漿（Platelet-rich plasma：PRP）を用いた慢性関節炎の治療（関節内組織）,PRP,QC,1.0,https://saiseiiryo.mhlw.go.jp/published_plan/download/02C2511027/5/0,110000,不明,,PRGF-Endoret,BTI,2,7,"44,000 円 PRGF 110,000円 患者様から採取した血液と作製した PRP は、患者様ご自身の治療のみ に使用します。ただし、症例検討や学会発表を目的として、血液や PRP",price candidates remain ambiguous,
V41_02C2511027,02C2511027,A,V41F3DF04CF709,関東,東京都,医療法人社団 医生会　わせだ整形外科,狛江市東野川2-20-5-102,第二種,自家多血小板血漿（Platelet-rich plasma：PRP）を用いた慢性関節炎の治療（関節内組織）,PRP,QC,1.0,https://saiseiiryo.mhlw.go.jp/published_plan/download/02C2511027/5/0,165000,不明,,ACP MAX|ACP|Angel,Arthrex,2,7,"44,000 円 ACP MAX 165,000円 Angel 250,000円",price candidates remain ambiguous,
V41_02C2511027,02C2511027,A,V41F3DF04CF709,関東,東京都,医療法人社団 医生会　わせだ整形外科,狛江市東野川2-20-5-102,第二種,自家多血小板血漿（Platelet-rich plasma：PRP）を用いた慢性関節炎の治療（関節内組織）,PRP,QC,1.0,https://saiseiiryo.mhlw.go.jp/published_plan/download/02C2511027/5/0,44000,不明,,Condensia|PRGF-Endoret,京セラ|BTI,0,7,"250,000円 Condensia 44,000 円 PRGF 110,000円",price candidates remain ambiguous,
V41_02C2511027,02C2511027,A,V41F3DF04CF709,関東,東京都,医療法人社団 医生会　わせだ整形外科,狛江市東野川2-20-5-102,第二種,自家多血小板血漿（Platelet-rich plasma：PRP）を用いた慢性関節炎の治療（関節内組織）,PRP,QC,1.0,https://saiseiiryo.mhlw.go.jp/published_plan/download/02C2511027/5/0,250000,不明,,Angel|Condensia,Arthrex|京セラ,0,7,"165,000円 Angel 250,000円 Condensia 44,000 円",price candidates remain ambiguous,
V41_01C2110051,01C2110051,B,V41F995E5C69FE,関東,東京都,"医療法人社団 千美会
ガーデンクリニック
ザ・ホワイトデンタルクリニック品川院","港区高輪4-24-58
サマセット品川東京2F",第二種,自己脂肪由来幹細胞を用いた変形性関節症の治療,脂肪由来幹細胞,AUTO,1.0,https://saiseiiryo.mhlw.go.jp/published_plan/download/01C2110051/5/0,1280000,税別,1回,,,9,,ていただきます。 再生医療事務局 電話番号:03-5985-6921 12.費用について 本治療は保険適用外であるため、治療にかかる費用全額をご自分で ご負担いただきます。その他、本治療を受けるために必要となった 旅費、交通費などの全ての費用もご自分でご負担いただきます。本 治療にかかる費用は1回128万円(税別)となっております。 なお、脂肪の採取後や、細胞加工物の製造後に同意を撤回された場 合など、同意を撤回される時点までに費用が発生している場合は、 発生した費用についてはあなたにご負担いただきますのでご了承く ださい。 13.他の治療法の有無、本治療法との比較について 変形性関節症の治療法には保存療法と手術療法の2つの方法があり ます,,
V41_01C1911022,01C1911022,C,V41F69C8A3BE58,関東,東京都,医療法人社団 大山整形外科診療所,八王子市大和田町３丁目８番７号,第二種,多血小板血漿（Platelet-rich plasma：PRP）を用いた変形性関節症治療,PRP,AUTO,1.0,https://saiseiiryo.mhlw.go.jp/published_plan/download/01C1911022/5/0,150000,税別,,APS|GPS|Zimmer,Zimmer Biomet,14,3,"この治療は公的保険の対象ではありませんので、当クリニックの所定の施術料をお支払いいただき ます。 ・治療費:ZIMMER BIOMET 製GPS®IIIシステム使用 150,000 円(税抜) ZIMMER BIOMET 製APS キット使用 320,000 円(税抜) ご不明な点は医師、スタッフにお尋ねください。",line-level strong price context,
V41_01C1911022,01C1911022,C,V41F69C8A3BE58,関東,東京都,医療法人社団 大山整形外科診療所,八王子市大和田町３丁目８番７号,第二種,多血小板血漿（Platelet-rich plasma：PRP）を用いた変形性関節症治療,PRP,AUTO,1.0,https://saiseiiryo.mhlw.go.jp/published_plan/download/01C1911022/5/0,320000,税別,,APS|GPS|Zimmer,Zimmer Biomet,10,3,"ます。 ・治療費:ZIMMER BIOMET 製GPS®IIIシステム使用 150,000 円(税抜) ZIMMER BIOMET 製APS キット使用 320,000 円(税抜) ご不明な点は医師、スタッフにお尋ねください。 12)健康被害の補償について",line-level strong price context,
V41_01C2310059,01C2310059,D,V41FA506B161BF,関東,東京都,医療法人社団 山手クリニック,世田谷区代沢2-28-11,第二種,多血小板血漿（PRP）を用いた慢性関節炎の治療（関節内組織）,PRP,QC,1.0,https://saiseiiryo.mhlw.go.jp/published_plan/download/01C2310059/5/0,40000,不明,片側,,,3,7,"片側・1 回分 肩関節 40,000 円 片側・1 回分 肘関節",price candidates remain ambiguous,
V41_01C2310059,01C2310059,D,V41FA506B161BF,関東,東京都,医療法人社団 山手クリニック,世田谷区代沢2-28-11,第二種,多血小板血漿（PRP）を用いた慢性関節炎の治療（関節内組織）,PRP,QC,1.0,https://saiseiiryo.mhlw.go.jp/published_plan/download/01C2310059/5/0,100000,不明,片側,,,3,7,"片側・1 クール3 回分 股関節 100,000 円 片側・1 回分 肩関節",price candidates remain ambiguous,
V41_01C2310059,01C2310059,D,V41FA506B161BF,関東,東京都,医療法人社団 山手クリニック,世田谷区代沢2-28-11,第二種,多血小板血漿（PRP）を用いた慢性関節炎の治療（関節内組織）,PRP,QC,1.0,https://saiseiiryo.mhlw.go.jp/published_plan/download/01C2310059/5/0,150000,不明,片側,,,3,7,"回数 膝関節 150,000 円 片側・1 クール3 回分 股関節",price candidates remain ambiguous,
V41_02C2608034,02C2608034,D,V41FA31807090A,関東,東京都,医療法人社団 熊谷整形外科,墨田区業平2-14-9,第二種,ヒト自己脂肪組織由来間葉系幹細胞の関節内投与による関節傷害の症状改善の治療,脂肪由来幹細胞,QC,1.0,https://saiseiiryo.mhlw.go.jp/published_plan/download/02C2608034/5/0,3300,税別,2 回,,,-6,1,"(税抜価格 2.400.OOO 円十消費税) © 初診料、再診料、検査料は別途 (初診料 5,500 円、再診料 3,300 円、検査料 1 1.OOO 円) * 支払期限 : 初回は組織採了時まで、2 回目以降は投写日決定時まで © 中止時の費用負担 : 支払期限の時点から了日目までは半放、8日目以降は全額負担",price candidates remain ambiguous,
V41_02C2608034,02C2608034,D,V41FA31807090A,関東,東京都,医療法人社団 熊谷整形外科,墨田区業平2-14-9,第二種,ヒト自己脂肪組織由来間葉系幹細胞の関節内投与による関節傷害の症状改善の治療,脂肪由来幹細胞,QC,1.0,https://saiseiiryo.mhlw.go.jp/published_plan/download/02C2608034/5/0,5500,税別,2 回,,,-6,1,"(税抜価格 2.400.OOO 円十消費税) © 初診料、再診料、検査料は別途 (初診料 5,500 円、再診料 3,300 円、検査料 1 1.OOO 円) * 支払期限 : 初回は組織採了時まで、2 回目以降は投写日決定時まで © 中止時の費用負担 : 支払期限の時点から了日目までは半放、8日目以降は全額負担",price candidates remain ambiguous,
V41_02C2608035,02C2608035,A,V41FA31807090A,関東,東京都,医療法人社団 熊谷整形外科,墨田区業平2-14-9,第二種,ヒト自己脂肪組織由来間葉系幹細胞を用いた慢性疼痛緩和治療,脂肪由来幹細胞,AUTO,1.0,https://saiseiiryo.mhlw.go.jp/published_plan/download/02C2608035/5/0,4000000,税別,2 回,,,12,1,"(税抜価格5,000,000 円+消費税) 2 回目以降投与 4,400,000 円 (税抜価格4,000,000 円+消費税) ⚫ 初診料、再診料、検査料は別途 (初診料5,500 円、再診料3,300 円、検査料11,000 円)",rescue strong price context,
V41_02C2608035,02C2608035,A,V41FA31807090A,関東,東京都,医療法人社団 熊谷整形外科,墨田区業平2-14-9,第二種,ヒト自己脂肪組織由来間葉系幹細胞を用いた慢性疼痛緩和治療,脂肪由来幹細胞,AUTO,1.0,https://saiseiiryo.mhlw.go.jp/published_plan/download/02C2608035/5/0,5000000,税別,2 回,,,12,1,"初回投与 5,500,000 円 (税抜価格5,000,000 円+消費税) 2 回目以降投与 4,400,000 円 (税抜価格4,000,000 円+消費税)",rescue strong price context,
V41_02C2608035,02C2608035,A,V41FA31807090A,関東,東京都,医療法人社団 熊谷整形外科,墨田区業平2-14-9,第二種,ヒト自己脂肪組織由来間葉系幹細胞を用いた慢性疼痛緩和治療,脂肪由来幹細胞,AUTO,1.0,https://saiseiiryo.mhlw.go.jp/published_plan/download/02C2608035/5/0,4400000,税別,2 回,,,11,1,"5,500,000 円 (税抜価格5,000,000 円+消費税) 2 回目以降投与 4,400,000 円 (税抜価格4,000,000 円+消費税) ⚫ 初診料、再診料、検査料は別途",rescue strong price context,
V41_02C2607062,02C2607062,D,V41FAE89FF90E2,関東,東京都,医療法人社団 珠光会 HASUMI免疫クリニック,千代田区紀尾井町４-１ ニューオータニガーデンコート１F,第二種,慢性筋骨格系疼痛緩和を目的とした自己骨髄由来間葉系幹細胞治療（局所投与）,その他MSK,QC,1.0,https://saiseiiryo.mhlw.go.jp/published_plan/download/02C2607062/5/0,99000,不明,,,,10,9,"また、必要に応じて血液検査の他に検査項目が追加されることがあります。 細胞投与後は、投与後およそ1・3・6・12 か月にご来院いただきますよう、お願い申し上げます。 7.CD34 陽性細胞の保管サービスの費用 99,000 円(36 か月) 骨髄液にはCD34 陽性細胞(樹状細胞の原料)も含まれています。 将来、患者さまが樹状細胞を用いた治療(DC ダイレクト療法、preDC ダイレクト療法)を希望されたとき",price candidates remain ambiguous,
V41_02C2607062,02C2607062,D,V41FAE89FF90E2,関東,東京都,医療法人社団 珠光会 HASUMI免疫クリニック,千代田区紀尾井町４-１ ニューオータニガーデンコート１F,第二種,慢性筋骨格系疼痛緩和を目的とした自己骨髄由来間葉系幹細胞治療（局所投与）,その他MSK,QC,1.0,https://saiseiiryo.mhlw.go.jp/published_plan/download/02C2607062/5/0,15400,不明,,,,7,8,"1.外来初診料 [11,000 円] 問診(痛みの評価等および医師とのカウンセリング)の料金が含まれています。 2. 事前検査の料金 [15,400 円] 感染症の検査※・血液検査(生化学/血球数算定検査)・心電図・CAVI 検査などの料金が含まれています。 (※HIV 抗原・抗体同時定性、HCV 抗体/CLEIA、HBs 抗原/CLIA、HBe 抗原/CLIA、HTLV1 抗体",price candidates remain ambiguous,
V41_02C2607062,02C2607062,D,V41FAE89FF90E2,関東,東京都,医療法人社団 珠光会 HASUMI免疫クリニック,千代田区紀尾井町４-１ ニューオータニガーデンコート１F,第二種,慢性筋骨格系疼痛緩和を目的とした自己骨髄由来間葉系幹細胞治療（局所投与）,その他MSK,QC,1.0,https://saiseiiryo.mhlw.go.jp/published_plan/download/02C2607062/5/0,29700,不明,,,,6,9,"処置費用(装置の使用料を含む) エコー下による投与 29,700 円 CT 下による投与 104,700 円",price candidates remain ambiguous,
V41_02C2607062,02C2607062,D,V41FAE89FF90E2,関東,東京都,医療法人社団 珠光会 HASUMI免疫クリニック,千代田区紀尾井町４-１ ニューオータニガーデンコート１F,第二種,慢性筋骨格系疼痛緩和を目的とした自己骨髄由来間葉系幹細胞治療（局所投与）,その他MSK,QC,1.0,https://saiseiiryo.mhlw.go.jp/published_plan/download/02C2607062/5/0,104700,不明,,,,6,9,"29,700 円 CT 下による投与 104,700 円 6.再診料 [5,500 円/回] フォローアップの血液検査(生化学/血球数算定検査)を行う費用(2,750 円)については別途必要です。",price candidates remain ambiguous,
V41_02C2607062,02C2607062,D,V41FAE89FF90E2,関東,東京都,医療法人社団 珠光会 HASUMI免疫クリニック,千代田区紀尾井町４-１ ニューオータニガーデンコート１F,第二種,慢性筋骨格系疼痛緩和を目的とした自己骨髄由来間葉系幹細胞治療（局所投与）,その他MSK,QC,1.0,https://saiseiiryo.mhlw.go.jp/published_plan/download/02C2607062/5/0,2970000,不明,2回,,,5,8,"幹細胞培養治療費 (解凍培養・2回目) 2,970,000 円 4,070,000 円 4,950,000 円",price candidates remain ambiguous,
V41_02C2607062,02C2607062,D,V41FAE89FF90E2,関東,東京都,医療法人社団 珠光会 HASUMI免疫クリニック,千代田区紀尾井町４-１ ニューオータニガーデンコート１F,第二種,慢性筋骨格系疼痛緩和を目的とした自己骨髄由来間葉系幹細胞治療（局所投与）,その他MSK,QC,1.0,https://saiseiiryo.mhlw.go.jp/published_plan/download/02C2607062/5/0,3520000,不明,,,,5,8,"幹細胞培養治療費 (初代培養・初回) 3,520,000 円 4,620,000 円 5,500,000 円",price candidates remain ambiguous,
V41_02C2607062,02C2607062,D,V41FAE89FF90E2,関東,東京都,医療法人社団 珠光会 HASUMI免疫クリニック,千代田区紀尾井町４-１ ニューオータニガーデンコート１F,第二種,慢性筋骨格系疼痛緩和を目的とした自己骨髄由来間葉系幹細胞治療（局所投与）,その他MSK,QC,1.0,https://saiseiiryo.mhlw.go.jp/published_plan/download/02C2607062/5/0,4620000,不明,,,,5,8,"(初代培養・初回) 3,520,000 円 4,620,000 円 5,500,000 円 幹細胞培養治療費",price candidates remain ambiguous,
V41_02C2607062,02C2607062,D,V41FAE89FF90E2,関東,東京都,医療法人社団 珠光会 HASUMI免疫クリニック,千代田区紀尾井町４-１ ニューオータニガーデンコート１F,第二種,慢性筋骨格系疼痛緩和を目的とした自己骨髄由来間葉系幹細胞治療（局所投与）,その他MSK,QC,1.0,https://saiseiiryo.mhlw.go.jp/published_plan/download/02C2607062/5/0,5500000,不明,2回,,,5,8,"3,520,000 円 4,620,000 円 5,500,000 円 幹細胞培養治療費 (解凍培養・2回目)",price candidates remain ambiguous,
V41_02C2607062,02C2607062,D,V41FAE89FF90E2,関東,東京都,医療法人社団 珠光会 HASUMI免疫クリニック,千代田区紀尾井町４-１ ニューオータニガーデンコート１F,第二種,慢性筋骨格系疼痛緩和を目的とした自己骨髄由来間葉系幹細胞治療（局所投与）,その他MSK,QC,1.0,https://saiseiiryo.mhlw.go.jp/published_plan/download/02C2607062/5/0,38500,不明,,,,3,8,"0 円 投与予定日の2営業日前より当日 38,500 円",price candidates remain ambiguous,
V41_02C2607062,02C2607062,D,V41FAE89FF90E2,関東,東京都,医療法人社団 珠光会 HASUMI免疫クリニック,千代田区紀尾井町４-１ ニューオータニガーデンコート１F,第二種,慢性筋骨格系疼痛緩和を目的とした自己骨髄由来間葉系幹細胞治療（局所投与）,その他MSK,QC,1.0,https://saiseiiryo.mhlw.go.jp/published_plan/download/02C2607062/5/0,2750,不明,,,,0,9,"104,700 円 6.再診料 [5,500 円/回] フォローアップの血液検査(生化学/血球数算定検査)を行う費用(2,750 円)については別途必要です。 また、必要に応じて血液検査の他に検査項目が追加されることがあります。 細胞投与後は、投与後およそ1・3・6・12 か月にご来院いただきますよう、お願い申し上げます。",price candidates remain ambiguous,
V41_02C2607062,02C2607062,D,V41FAE89FF90E2,関東,東京都,医療法人社団 珠光会 HASUMI免疫クリニック,千代田区紀尾井町４-１ ニューオータニガーデンコート１F,第二種,慢性筋骨格系疼痛緩和を目的とした自己骨髄由来間葉系幹細胞治療（局所投与）,その他MSK,QC,1.0,https://saiseiiryo.mhlw.go.jp/published_plan/download/02C2607062/5/0,4070000,不明,2回,,,0,8,"(解凍培養・2回目) 2,970,000 円 4,070,000 円 4,950,000 円 4.キャンセル料/変更料",price candidates remain ambiguous,
V41_02C2607062,02C2607062,D,V41FAE89FF90E2,関東,東京都,医療法人社団 珠光会 HASUMI免疫クリニック,千代田区紀尾井町４-１ ニューオータニガーデンコート１F,第二種,慢性筋骨格系疼痛緩和を目的とした自己骨髄由来間葉系幹細胞治療（局所投与）,その他MSK,QC,1.0,https://saiseiiryo.mhlw.go.jp/published_plan/download/02C2607062/5/0,4950000,不明,,,,0,8,"2,970,000 円 4,070,000 円 4,950,000 円 4.キャンセル料/変更料 キャンセルや日程変更がある場合には下記のキャンセル料/変更料がかかります。",price candidates remain ambiguous,
V41_02C2607062,02C2607062,D,V41FAE89FF90E2,関東,東京都,医療法人社団 珠光会 HASUMI免疫クリニック,千代田区紀尾井町４-１ ニューオータニガーデンコート１F,第二種,慢性筋骨格系疼痛緩和を目的とした自己骨髄由来間葉系幹細胞治療（局所投与）,その他MSK,QC,1.0,https://saiseiiryo.mhlw.go.jp/published_plan/download/02C2607062/5/0,5500,不明,,,,-4,9,"CT 下による投与 104,700 円 6.再診料 [5,500 円/回] フォローアップの血液検査(生化学/血球数算定検査)を行う費用(2,750 円)については別途必要です。 また、必要に応じて血液検査の他に検査項目が追加されることがあります。",price candidates remain ambiguous,
V41_02C2607062,02C2607062,D,V41FAE89FF90E2,関東,東京都,医療法人社団 珠光会 HASUMI免疫クリニック,千代田区紀尾井町４-１ ニューオータニガーデンコート１F,第二種,慢性筋骨格系疼痛緩和を目的とした自己骨髄由来間葉系幹細胞治療（局所投与）,その他MSK,QC,1.0,https://saiseiiryo.mhlw.go.jp/published_plan/download/02C2607062/5/0,11000,税込,,,,-6,8,"8 治療料金表 (税込) 1.外来初診料 [11,000 円] 問診(痛みの評価等および医師とのカウンセリング)の料金が含まれています。 2. 事前検査の料金 [15,400 円]",price candidates remain ambiguous,
V41_02C2607063,02C2607063,C,V41FAE89FF90E2,関東,東京都,医療法人社団 珠光会 HASUMI免疫クリニック,千代田区紀尾井町４-１ ニューオータニガーデンコート１F,第二種,慢性筋骨格系疼痛緩和を目的とした自己骨髄由来間葉系幹細胞治療（動脈投与）,その他MSK,QC,1.0,https://saiseiiryo.mhlw.go.jp/published_plan/download/02C2607063/5/0,99000,不明,,,,10,9,"また、必要に応じて血液検査の他に検査項目が追加されることがあります。 細胞投与後は、投与後およそ1・3・6・12 か月にご来院いただきますよう、お願い申し上げます。 7.CD34 陽性細胞の保管サービスの費用 99,000 円(36 か月) 骨髄液にはCD34 陽性細胞(樹状細胞の原料)も含まれています。 将来、患者さまが樹状細胞を用いた治療(DC ダイレクト療法、preDC ダイレクト療法)を希望されたとき",price candidates remain ambiguous,
V41_02C2607063,02C2607063,C,V41FAE89FF90E2,関東,東京都,医療法人社団 珠光会 HASUMI免疫クリニック,千代田区紀尾井町４-１ ニューオータニガーデンコート１F,第二種,慢性筋骨格系疼痛緩和を目的とした自己骨髄由来間葉系幹細胞治療（動脈投与）,その他MSK,QC,1.0,https://saiseiiryo.mhlw.go.jp/published_plan/download/02C2607063/5/0,15400,不明,,,,7,8,"1.外来初診料 [11,000 円] 問診(痛みの評価等および医師とのカウンセリング)の料金が含まれています。 2. 事前検査の料金 [15,400 円] 感染症の検査※・血液検査(生化学/血球数算定検査)・心電図・CAVI 検査などの料金が含まれています。 (※HIV 抗原・抗体同時定性、HCV 抗体/CLEIA、HBs 抗原/CLIA、HBe 抗原/CLIA、HTLV1 抗体",price candidates remain ambiguous,
V41_02C2607063,02C2607063,C,V41FAE89FF90E2,関東,東京都,医療法人社団 珠光会 HASUMI免疫クリニック,千代田区紀尾井町４-１ ニューオータニガーデンコート１F,第二種,慢性筋骨格系疼痛緩和を目的とした自己骨髄由来間葉系幹細胞治療（動脈投与）,その他MSK,QC,1.0,https://saiseiiryo.mhlw.go.jp/published_plan/download/02C2607063/5/0,29700,不明,,,,6,9,"処置費用(装置の使用料を含む) エコー下による投与 29,700 円 CT 下による投与 104,700 円",price candidates remain ambiguous,
V41_02C2607063,02C2607063,C,V41FAE89FF90E2,関東,東京都,医療法人社団 珠光会 HASUMI免疫クリニック,千代田区紀尾井町４-１ ニューオータニガーデンコート１F,第二種,慢性筋骨格系疼痛緩和を目的とした自己骨髄由来間葉系幹細胞治療（動脈投与）,その他MSK,QC,1.0,https://saiseiiryo.mhlw.go.jp/published_plan/download/02C2607063/5/0,104700,不明,,,,6,9,"29,700 円 CT 下による投与 104,700 円 6.再診料 [5,500 円/回] フォローアップの血液検査(生化学/血球数算定検査)を行う費用(2,750 円)については別途必要です。",price candidates remain ambiguous,
V41_02C2607063,02C2607063,C,V41FAE89FF90E2,関東,東京都,医療法人社団 珠光会 HASUMI免疫クリニック,千代田区紀尾井町４-１ ニューオータニガーデンコート１F,第二種,慢性筋骨格系疼痛緩和を目的とした自己骨髄由来間葉系幹細胞治療（動脈投与）,その他MSK,QC,1.0,https://saiseiiryo.mhlw.go.jp/published_plan/download/02C2607063/5/0,2970000,不明,2回,,,5,8,"幹細胞培養治療費 (解凍培養・2回目) 2,970,000 円 4,070,000 円 4,950,000 円",price candidates remain ambiguous,
V41_02C2607063,02C2607063,C,V41FAE89FF90E2,関東,東京都,医療法人社団 珠光会 HASUMI免疫クリニック,千代田区紀尾井町４-１ ニューオータニガーデンコート１F,第二種,慢性筋骨格系疼痛緩和を目的とした自己骨髄由来間葉系幹細胞治療（動脈投与）,その他MSK,QC,1.0,https://saiseiiryo.mhlw.go.jp/published_plan/download/02C2607063/5/0,3520000,不明,,,,5,8,"幹細胞培養治療費 (初代培養・初回) 3,520,000 円 4,620,000 円 5,500,000 円",price candidates remain ambiguous,
V41_02C2607063,02C2607063,C,V41FAE89FF90E2,関東,東京都,医療法人社団 珠光会 HASUMI免疫クリニック,千代田区紀尾井町４-１ ニューオータニガーデンコート１F,第二種,慢性筋骨格系疼痛緩和を目的とした自己骨髄由来間葉系幹細胞治療（動脈投与）,その他MSK,QC,1.0,https://saiseiiryo.mhlw.go.jp/published_plan/download/02C2607063/5/0,4620000,不明,,,,5,8,"(初代培養・初回) 3,520,000 円 4,620,000 円 5,500,000 円 幹細胞培養治療費",price candidates remain ambiguous,
V41_02C2607063,02C2607063,C,V41FAE89FF90E2,関東,東京都,医療法人社団 珠光会 HASUMI免疫クリニック,千代田区紀尾井町４-１ ニューオータニガーデンコート１F,第二種,慢性筋骨格系疼痛緩和を目的とした自己骨髄由来間葉系幹細胞治療（動脈投与）,その他MSK,QC,1.0,https://saiseiiryo.mhlw.go.jp/published_plan/download/02C2607063/5/0,5500000,不明,2回,,,5,8,"3,520,000 円 4,620,000 円 5,500,000 円 幹細胞培養治療費 (解凍培養・2回目)",price candidates remain ambiguous,
V41_02C2607063,02C2607063,C,V41FAE89FF90E2,関東,東京都,医療法人社団 珠光会 HASUMI免疫クリニック,千代田区紀尾井町４-１ ニューオータニガーデンコート１F,第二種,慢性筋骨格系疼痛緩和を目的とした自己骨髄由来間葉系幹細胞治療（動脈投与）,その他MSK,QC,1.0,https://saiseiiryo.mhlw.go.jp/published_plan/download/02C2607063/5/0,38500,不明,,,,3,8,"0 円 投与予定日の2営業日前より当日 38,500 円",price candidates remain ambiguous,
V41_02C2607063,02C2607063,C,V41FAE89FF90E2,関東,東京都,医療法人社団 珠光会 HASUMI免疫クリニック,千代田区紀尾井町４-１ ニューオータニガーデンコート１F,第二種,慢性筋骨格系疼痛緩和を目的とした自己骨髄由来間葉系幹細胞治療（動脈投与）,その他MSK,QC,1.0,https://saiseiiryo.mhlw.go.jp/published_plan/download/02C2607063/5/0,2750,不明,,,,0,9,"104,700 円 6.再診料 [5,500 円/回] フォローアップの血液検査(生化学/血球数算定検査)を行う費用(2,750 円)については別途必要です。 また、必要に応じて血液検査の他に検査項目が追加されることがあります。 細胞投与後は、投与後およそ1・3・6・12 か月にご来院いただきますよう、お願い申し上げます。",price candidates remain ambiguous,
V41_02C2607063,02C2607063,C,V41FAE89FF90E2,関東,東京都,医療法人社団 珠光会 HASUMI免疫クリニック,千代田区紀尾井町４-１ ニューオータニガーデンコート１F,第二種,慢性筋骨格系疼痛緩和を目的とした自己骨髄由来間葉系幹細胞治療（動脈投与）,その他MSK,QC,1.0,https://saiseiiryo.mhlw.go.jp/published_plan/download/02C2607063/5/0,4070000,不明,2回,,,0,8,"(解凍培養・2回目) 2,970,000 円 4,070,000 円 4,950,000 円 4.キャンセル料/変更料",price candidates remain ambiguous,
V41_02C2607063,02C2607063,C,V41FAE89FF90E2,関東,東京都,医療法人社団 珠光会 HASUMI免疫クリニック,千代田区紀尾井町４-１ ニューオータニガーデンコート１F,第二種,慢性筋骨格系疼痛緩和を目的とした自己骨髄由来間葉系幹細胞治療（動脈投与）,その他MSK,QC,1.0,https://saiseiiryo.mhlw.go.jp/published_plan/download/02C2607063/5/0,4950000,不明,,,,0,8,"2,970,000 円 4,070,000 円 4,950,000 円 4.キャンセル料/変更料 キャンセルや日程変更がある場合には下記のキャンセル料/変更料がかかります。",price candidates remain ambiguous,
V41_02C2607063,02C2607063,C,V41FAE89FF90E2,関東,東京都,医療法人社団 珠光会 HASUMI免疫クリニック,千代田区紀尾井町４-１ ニューオータニガーデンコート１F,第二種,慢性筋骨格系疼痛緩和を目的とした自己骨髄由来間葉系幹細胞治療（動脈投与）,その他MSK,QC,1.0,https://saiseiiryo.mhlw.go.jp/published_plan/download/02C2607063/5/0,5500,不明,,,,-4,9,"CT 下による投与 104,700 円 6.再診料 [5,500 円/回] フォローアップの血液検査(生化学/血球数算定検査)を行う費用(2,750 円)については別途必要です。 また、必要に応じて血液検査の他に検査項目が追加されることがあります。",price candidates remain ambiguous,
V41_02C2607063,02C2607063,C,V41FAE89FF90E2,関東,東京都,医療法人社団 珠光会 HASUMI免疫クリニック,千代田区紀尾井町４-１ ニューオータニガーデンコート１F,第二種,慢性筋骨格系疼痛緩和を目的とした自己骨髄由来間葉系幹細胞治療（動脈投与）,その他MSK,QC,1.0,https://saiseiiryo.mhlw.go.jp/published_plan/download/02C2607063/5/0,11000,税込,,,,-6,8,"8 治療料金表 (税込) 1.外来初診料 [11,000 円] 問診(痛みの評価等および医師とのカウンセリング)の料金が含まれています。 2. 事前検査の料金 [15,400 円]",price candidates remain ambiguous,
V41_02C1905014,02C1905014,B,V41F7EBA676DC3,関東,東京都,医療法人社団 盛心会 タカラクリニック,品川区東五反田2-3-2 タイセイビル9F,第二種,自己脂肪由来間葉系幹細胞を用いた変形性関節症治療,脂肪由来幹細胞,QC,1.0,https://saiseiiryo.mhlw.go.jp/published_plan/download/02C1905014/5/0,,,,,,,,,no price found after text/OCR pass,Document fetched but no price candidate
V41_02C1909204,02C1909204,C,V41FA963D19FE0,関東,東京都,医療法人社団 秀慈会 リバーシティすずき整形外科,"中央区佃1-11-8 
ピアウエストスクエア2階264号",第二種,多血小板血漿（Platelet-rich plasma：PRP）を用いた整形外科疾患に対する組織修復,PRP,QC,1.0,https://saiseiiryo.mhlw.go.jp/published_plan/download/02C1909204/5/0,,,,,,,,,no price found after rescue text/OCR pass,Rescue completed; OCR page timeouts=0
V41_02C2001038,02C2001038,D,V41FA963D19FE0,関東,東京都,医療法人社団 秀慈会 リバーシティすずき整形外科,"中央区佃1-11-8 
ピアウエストスクエア2階264号",第三種,自己多血小板血漿(PRP)を用いた筋・腱・靱帯損傷部の治癒促進をはかる整形外科治療,PRP,AUTO,1.0,https://saiseiiryo.mhlw.go.jp/published_plan/download/02C2001038/5/0,20000,税別,,,,8,,"a:多血小板血 漿)注入療法 注入部位: □右 □左 ( ) 治療日: 平成 年 月 日 採血量: □ 10cc □ 20cc 注入量: □ 1単位(1cc) □ 2単位(2cc) 治療費用: □ 1単位(20,000円) □ 2単位(40,000円) *診察料、採血・PRP作製・材料費、注射施術料込み (税別) 私は自己PRP注入療法について、利点や安全性、危険性、他の治 療法と比較した治療効果などについて別紙に沿って十分な説明を受 け、理解しました。 自身の静脈血を採取して作製した自己PRP注入療法を受けることに 同意します。 平",,
V41_02C2001038,02C2001038,D,V41FA963D19FE0,関東,東京都,医療法人社団 秀慈会 リバーシティすずき整形外科,"中央区佃1-11-8 
ピアウエストスクエア2階264号",第三種,自己多血小板血漿(PRP)を用いた筋・腱・靱帯損傷部の治癒促進をはかる整形外科治療,PRP,AUTO,1.0,https://saiseiiryo.mhlw.go.jp/published_plan/download/02C2001038/5/0,40000,税別,,,,8,,"注入部位: □右 □左 ( ) 治療日: 平成 年 月 日 採血量: □ 10cc □ 20cc 注入量: □ 1単位(1cc) □ 2単位(2cc) 治療費用: □ 1単位(20,000円) □ 2単位(40,000円) *診察料、採血・PRP作製・材料費、注射施術料込み (税別) 私は自己PRP注入療法について、利点や安全性、危険性、他の治 療法と比較した治療効果などについて別紙に沿って十分な説明を受 け、理解しました。 自身の静脈血を採取して作製した自己PRP注入療法を受けることに 同意します。 平成 年 月 日 本人氏",,
V41_01C2411071,01C2411071,D,V41F78006E7C02,関東,東京都,医療法人社団 苑田会 苑田会人工関節センター病院,足立区保木間1-21-10,第二種,多血小板血漿（Platelet-rich plasma：PRP）を用いた関節痛治療,PRP,AUTO,1.0,https://saiseiiryo.mhlw.go.jp/published_plan/download/01C2411071/5/0,54000,税別,,ACP,Arthrex,8,,"析させていただくことがありますが、個人情報を用いることは なく、その管理と守秘は徹底いたします。 治療にかかる費用について この治療は公的保険の対象ではありませんので、当院の所定の施術料をお支払いいただきます。 ・ACP ダブルシリンジ: 54,000円(税別) ・PRPシステム 3ml :180,000円(税別) 6ml :270,000円(税別) 症状などにより治療費は変動する可能性がございます。 詳細やご不明な点は医師またはスタッフにお尋ね下さい。 施術後、患者様の個人的な事情及び金銭等に関する問題に関しては一切の責を負いかねますのでご 了承くださ",,
V41_01C2411071,01C2411071,D,V41F78006E7C02,関東,東京都,医療法人社団 苑田会 苑田会人工関節センター病院,足立区保木間1-21-10,第二種,多血小板血漿（Platelet-rich plasma：PRP）を用いた関節痛治療,PRP,AUTO,1.0,https://saiseiiryo.mhlw.go.jp/published_plan/download/01C2411071/5/0,180000,税別,,ACP,Arthrex,8,,"なく、その管理と守秘は徹底いたします。 治療にかかる費用について この治療は公的保険の対象ではありませんので、当院の所定の施術料をお支払いいただきます。 ・ACP ダブルシリンジ: 54,000円(税別) ・PRPシステム 3ml :180,000円(税別) 6ml :270,000円(税別) 症状などにより治療費は変動する可能性がございます。 詳細やご不明な点は医師またはスタッフにお尋ね下さい。 施術後、患者様の個人的な事情及び金銭等に関する問題に関しては一切の責を負いかねますのでご 了承ください。 本治療の実施体制",,
V41_01C2411071,01C2411071,D,V41F78006E7C02,関東,東京都,医療法人社団 苑田会 苑田会人工関節センター病院,足立区保木間1-21-10,第二種,多血小板血漿（Platelet-rich plasma：PRP）を用いた関節痛治療,PRP,AUTO,1.0,https://saiseiiryo.mhlw.go.jp/published_plan/download/01C2411071/5/0,270000,税別,,ACP,Arthrex,8,,"かる費用について この治療は公的保険の対象ではありませんので、当院の所定の施術料をお支払いいただきます。 ・ACP ダブルシリンジ: 54,000円(税別) ・PRPシステム 3ml :180,000円(税別) 6ml :270,000円(税別) 症状などにより治療費は変動する可能性がございます。 詳細やご不明な点は医師またはスタッフにお尋ね下さい。 施術後、患者様の個人的な事情及び金銭等に関する問題に関しては一切の責を負いかねますのでご 了承ください。 本治療の実施体制 本治療は、以下の実",,
V41_01C2510078,01C2510078,C,V41F78006E7C02,関東,東京都,医療法人社団 苑田会 苑田会人工関節センター病院,足立区保木間1-21-10,第二種,変形性関節症に対する自己脂肪由来幹細胞を用いた治療,脂肪由来幹細胞,QC,1.0,https://saiseiiryo.mhlw.go.jp/published_plan/download/01C2510078/5/0,,,,,,,,,no price found after text/OCR pass,RuntimeError: Tesseract process timeout
V41_02C2511038,02C2511038,B,V41FF9D88AAF14,関東,東京都,医療法人社団 ＴＳＯＣ 東京スポーツ＆整形外科クリニック北参道,"渋谷区千駄ヶ谷2丁目１番11号　
TSOC北参道ビル2階",第三種,自己多血小板血漿（Platelet-rich plasma : PRP)を用いた整形外科領域における軟部組織治療,PRP,AUTO,1.0,https://saiseiiryo.mhlw.go.jp/published_plan/download/02C2511038/5/0,200000,税別,,ACP MAX|ACP|Condensia,Arthrex|京セラ,8,,"療は自己血液を利用して行う治療であるため、最終診療日より原則10 年間保管いたします。 治療にかかる費用について この治療は公的保険の対象ではありませんので、当院所定の施術料をお支払いいただきます。 ACP ダブルシリンジ 200,000 円(税抜) ACP MAX 200,000 円(税抜) Condensia システム 200,000 円(税抜) 症状などにより治療費は変動する可能性がございます。 詳細やご不明な点は医師またはスタッフにお尋ね下さい。 施術後、患者様の個人的な事情及び金銭等に関する問題に関しては一切の責を負いかねますのでご",,
V41_01C2601015,01C2601015,B,V41FF0195689E8,関東,東京都,医療法人社団EXTUM MEDI-UM CLINIC,江東区高橋1-2メディカルスクエア清澄白河2・3階,第二種,自家脂肪組織由来幹細胞（ASC）の局所投与による関節治療,脂肪由来幹細胞,AUTO,1.0,https://saiseiiryo.mhlw.go.jp/published_plan/download/01C2601015/5/0,550000,税込,2 回,,,8,3,"1,320,000 円(税込) 2 回目以降の投与費用 550,000 円(税込) 本治療に係る費用は患者様の症状、投与回数などにより患者様ごとに異なります。症状により複数回投与をご希望 の場合は、施術前に注意点や詳細な費用をご説明いたします。ご不明な点は医師・スタッフにお尋ねください。",line-level medium price context,
V41_01C2601015,01C2601015,B,V41FF0195689E8,関東,東京都,医療法人社団EXTUM MEDI-UM CLINIC,江東区高橋1-2メディカルスクエア清澄白河2・3階,第二種,自家脂肪組織由来幹細胞（ASC）の局所投与による関節治療,脂肪由来幹細胞,AUTO,1.0,https://saiseiiryo.mhlw.go.jp/published_plan/download/01C2601015/5/0,1320000,税込,2 回,,,8,3,"初回投与費用 (診察料・血液検査費用・脂肪組織採取を含む) 1,320,000 円(税込) 2 回目以降の投与費用 550,000 円(税込)",line-level medium price context,
V41_01C2510034,01C2510034,C,V41FF0195689E8,関東,東京都,医療法人社団EXTUM　MEDI-UM CLINIC,江東区高橋1-2メディカルスクエア清澄白河2・3階,第二種,自家脂肪組織由来幹細胞（ASC）の静脈内投与による慢性筋骨格性疼痛治療,脂肪由来幹細胞,AUTO,1.0,https://saiseiiryo.mhlw.go.jp/published_plan/download/01C2510034/5/0,1540000,税込,2 回,,,8,3,"2 回目以降の投与費用 (1 次凍結した細胞から拡大培養を行う) 1,540,000 円(税込) また、脂肪の採取後や、細胞培養の完了後にもキャンセル(同意の撤回)は可能ですが、同意撤回の時点までに費用 が発生している場合は、発生した費用をご負担いただきますのでご了承ください。",line-level medium price context,
V41_01C2510034,01C2510034,C,V41FF0195689E8,関東,東京都,医療法人社団EXTUM　MEDI-UM CLINIC,江東区高橋1-2メディカルスクエア清澄白河2・3階,第二種,自家脂肪組織由来幹細胞（ASC）の静脈内投与による慢性筋骨格性疼痛治療,脂肪由来幹細胞,AUTO,1.0,https://saiseiiryo.mhlw.go.jp/published_plan/download/01C2510034/5/0,1650000,税込,2 回,,,8,3,"初回投与費用 (診察料・血液検査費用・脂肪組織採取を含む) 1,650,000 円(税込) 2 回目以降の投与費用 (1 次凍結した細胞から拡大培養を行う)",line-level medium price context,
V41_01C2509059,01C2509059,A,V41F193E957977,関東,東京都,医療法人社団GRACE　チームメディカルクリニック,港区西新橋1丁目5-14 内幸町1ビル 1階・2階,第二種,自己脂肪組織由来間葉系幹細胞を用いた変形性関節症治療,脂肪由来幹細胞,AUTO,1.0,https://saiseiiryo.mhlw.go.jp/published_plan/download/01C2509059/5/0,660000,税込,1回,,,8,6,"6 1回目 : 880,000 円(税込) 2回目以降 : 660,000 円(税込) なお、脂肪採取の予約確定後にキャンセル又は同意を撤回された場合などは、当院所定 のキャンセル規程上の費用負担が発生いたしますので、あらかじめご了承ください。また",line-level medium price context,
V41_01C2509060,01C2509060,D,V41F193E957977,関東,東京都,医療法人社団GRACE　チームメディカルクリニック,港区西新橋1丁目5-14 内幸町1ビル 1階・2階,第二種,整形外科領域における外傷性疾患又は変性疾患による慢性疼痛緩和を目的とした自己脂肪組織由来間葉系幹細胞の静脈点滴治療,脂肪由来幹細胞,AUTO,1.0,https://saiseiiryo.mhlw.go.jp/published_plan/download/01C2509060/5/0,1650000,税込,1 回,,,7,6,"血液検査: 16,500 円(税込) 【施術料】 1 回目 : 1,650,000 円(税込) 2 回目 : 1,650,000 円(税込) なお、脂肪採取の予約確定後にキャンセル又は同意を撤回された場合などは、当院所定",line-level medium price context,
V41_01C2509060,01C2509060,D,V41F193E957977,関東,東京都,医療法人社団GRACE　チームメディカルクリニック,港区西新橋1丁目5-14 内幸町1ビル 1階・2階,第二種,整形外科領域における外傷性疾患又は変性疾患による慢性疼痛緩和を目的とした自己脂肪組織由来間葉系幹細胞の静脈点滴治療,脂肪由来幹細胞,AUTO,1.0,https://saiseiiryo.mhlw.go.jp/published_plan/download/01C2509060/5/0,1650000,税込,1 回,,,7,6,"【施術料】 1 回目 : 1,650,000 円(税込) 2 回目 : 1,650,000 円(税込) なお、脂肪採取の予約確定後にキャンセル又は同意を撤回された場合などは、当院所定 のキャンセル規程上の費用負担が発生いたしますので、あらかじめご了承ください。また",line-level medium price context,
V41_02C2604055,02C2604055,B,V41F1418F41A29,関東,東京都,医療法人社団HELENE ヘレネAOビルクリニック,港区北青山3-11-7 AOビル8F,第二種,変形性関節症の治療を対象とした自己脂肪由来間葉系幹細胞の関節内投与,脂肪由来幹細胞,QC,1.0,https://saiseiiryo.mhlw.go.jp/published_plan/download/02C2604055/5/0,,,,,,,,,no price found after text/OCR pass,Document fetched but no price candidate
V41_02C2601051,02C2601051,D,V41F2971E2EBD2,関東,東京都,医療法人社団HELENE 表参道ヘレネクリニック,東京都港区南青山5-9-15 青山OHMOTOビル3F,第二種,変形性関節症に対する自己血PRPの関節内投与療法,PRP,QC,1.0,https://saiseiiryo.mhlw.go.jp/published_plan/download/02C2601051/5/0,,,,,,,,,no price found after text/OCR pass,Document fetched but no price candidate
V41_02C2608014,02C2608014,C,V41FF30312617D,関東,東京都,医療法人社団HELENE 表参道ヘレネクリニック,港区南青山5-9-15 青山OHMOTOビル3F,第二種,変形性関節症に対する自家間葉系幹細胞移植による治療,その他MSK,QC,1.0,https://saiseiiryo.mhlw.go.jp/published_plan/download/02C2608014/5/0,,,,,,,,,no price found after text/OCR pass,Document fetched but no price candidate
V41_02C2506086,02C2506086,C,V41F17484DC709,関東,東京都,医療法人社団ICVS 東京クリニック,千代田区紀尾井町4-1 新紀尾井町ビル4Ｆ,第二種,慢性筋骨格系疼痛緩和を目的とした自己骨髄由来間葉系幹細胞治療（動脈投与）,その他MSK,QC,1.0,https://saiseiiryo.mhlw.go.jp/published_plan/download/02C2506086/5/0,99000,不明,,,,10,10,"また、必要に応じて血液検査の他に検査項目が追加されることがあります。 細胞投与後は、投与後およそ1・3・6・12 か月にご来院いただきますよう、お願い申し上げます。 7.CD34 陽性細胞の保管サービスの費用 99,000 円(36 か月) 骨髄液にはCD34 陽性細胞(樹状細胞の原料)も含まれています。 将来、患者さまが樹状細胞を用いた治療(DC ダイレクト療法、preDC ダイレクト療法)を希望されたとき",price candidates remain ambiguous,
V41_02C2506086,02C2506086,C,V41F17484DC709,関東,東京都,医療法人社団ICVS 東京クリニック,千代田区紀尾井町4-1 新紀尾井町ビル4Ｆ,第二種,慢性筋骨格系疼痛緩和を目的とした自己骨髄由来間葉系幹細胞治療（動脈投与）,その他MSK,QC,1.0,https://saiseiiryo.mhlw.go.jp/published_plan/download/02C2506086/5/0,15400,不明,,,,7,9,"1.外来初診料 [11,000 円] 問診(痛みの評価等および医師とのカウンセリング)の料金が含まれています。 2. 事前検査の料金 [15,400 円] 感染症の検査※・血液検査(生化学/血球数算定検査)・心電図・CAVI 検査などの料金が含まれています。 (※HIV 抗原・抗体同時定性、HCV 抗体/CLEIA、HBs 抗原/CLIA、HBe 抗原/CLIA、HTLV1 抗体",price candidates remain ambiguous,
V41_02C2506086,02C2506086,C,V41F17484DC709,関東,東京都,医療法人社団ICVS 東京クリニック,千代田区紀尾井町4-1 新紀尾井町ビル4Ｆ,第二種,慢性筋骨格系疼痛緩和を目的とした自己骨髄由来間葉系幹細胞治療（動脈投与）,その他MSK,QC,1.0,https://saiseiiryo.mhlw.go.jp/published_plan/download/02C2506086/5/0,29700,不明,,,,6,10,"処置費用(装置の使用料を含む) エコー下による投与 29,700 円 CT 下による投与 104,700 円",price candidates remain ambiguous,
V41_02C2506086,02C2506086,C,V41F17484DC709,関東,東京都,医療法人社団ICVS 東京クリニック,千代田区紀尾井町4-1 新紀尾井町ビル4Ｆ,第二種,慢性筋骨格系疼痛緩和を目的とした自己骨髄由来間葉系幹細胞治療（動脈投与）,その他MSK,QC,1.0,https://saiseiiryo.mhlw.go.jp/published_plan/download/02C2506086/5/0,2970000,不明,2回,,,5,9,"幹細胞培養治療費 (解凍培養・2回目) 2,970,000 円 4,070,000 円 5,170,000 円",price candidates remain ambiguous,
V41_02C2506086,02C2506086,C,V41F17484DC709,関東,東京都,医療法人社団ICVS 東京クリニック,千代田区紀尾井町4-1 新紀尾井町ビル4Ｆ,第二種,慢性筋骨格系疼痛緩和を目的とした自己骨髄由来間葉系幹細胞治療（動脈投与）,その他MSK,QC,1.0,https://saiseiiryo.mhlw.go.jp/published_plan/download/02C2506086/5/0,3520000,不明,,,,5,9,"幹細胞培養治療費 (初代培養・初回) 3,520,000 円 4,620,000 円 5,720,000 円",price candidates remain ambiguous,
V41_02C2506086,02C2506086,C,V41F17484DC709,関東,東京都,医療法人社団ICVS 東京クリニック,千代田区紀尾井町4-1 新紀尾井町ビル4Ｆ,第二種,慢性筋骨格系疼痛緩和を目的とした自己骨髄由来間葉系幹細胞治療（動脈投与）,その他MSK,QC,1.0,https://saiseiiryo.mhlw.go.jp/published_plan/download/02C2506086/5/0,4620000,不明,,,,5,9,"(初代培養・初回) 3,520,000 円 4,620,000 円 5,720,000 円 幹細胞培養治療費",price candidates remain ambiguous,
V41_02C2506086,02C2506086,C,V41F17484DC709,関東,東京都,医療法人社団ICVS 東京クリニック,千代田区紀尾井町4-1 新紀尾井町ビル4Ｆ,第二種,慢性筋骨格系疼痛緩和を目的とした自己骨髄由来間葉系幹細胞治療（動脈投与）,その他MSK,QC,1.0,https://saiseiiryo.mhlw.go.jp/published_plan/download/02C2506086/5/0,5720000,不明,2回,,,5,9,"3,520,000 円 4,620,000 円 5,720,000 円 幹細胞培養治療費 (解凍培養・2回目)",price candidates remain ambiguous,
V41_02C2506086,02C2506086,C,V41F17484DC709,関東,東京都,医療法人社団ICVS 東京クリニック,千代田区紀尾井町4-1 新紀尾井町ビル4Ｆ,第二種,慢性筋骨格系疼痛緩和を目的とした自己骨髄由来間葉系幹細胞治療（動脈投与）,その他MSK,QC,1.0,https://saiseiiryo.mhlw.go.jp/published_plan/download/02C2506086/5/0,38500,不明,,,,3,9,"0 円 投与予定日の2営業日前より当日 38,500 円",price candidates remain ambiguous,
V41_02C2506086,02C2506086,C,V41F17484DC709,関東,東京都,医療法人社団ICVS 東京クリニック,千代田区紀尾井町4-1 新紀尾井町ビル4Ｆ,第二種,慢性筋骨格系疼痛緩和を目的とした自己骨髄由来間葉系幹細胞治療（動脈投与）,その他MSK,QC,1.0,https://saiseiiryo.mhlw.go.jp/published_plan/download/02C2506086/5/0,104700,不明,,,,3,10,"29,700 円 CT 下による投与 104,700 円 エックス線透視装置下による処置 100,000 円",price candidates remain ambiguous,
V41_02C2506086,02C2506086,C,V41F17484DC709,関東,東京都,医療法人社団ICVS 東京クリニック,千代田区紀尾井町4-1 新紀尾井町ビル4Ｆ,第二種,慢性筋骨格系疼痛緩和を目的とした自己骨髄由来間葉系幹細胞治療（動脈投与）,その他MSK,QC,1.0,https://saiseiiryo.mhlw.go.jp/published_plan/download/02C2506086/5/0,450000,不明,,,,3,10,"アンギオ装置による処置(マイクロカテー テル使用あり) 450,000 円 6.再診料 [5,500 円/回] フォローアップの血液検査(生化学/血球数算定検査)を行う費用(2,750 円)については別途必要です。",price candidates remain ambiguous,
V41_02C2506086,02C2506086,C,V41F17484DC709,関東,東京都,医療法人社団ICVS 東京クリニック,千代田区紀尾井町4-1 新紀尾井町ビル4Ｆ,第二種,慢性筋骨格系疼痛緩和を目的とした自己骨髄由来間葉系幹細胞治療（動脈投与）,その他MSK,QC,1.0,https://saiseiiryo.mhlw.go.jp/published_plan/download/02C2506086/5/0,2750,不明,,,,0,10,"450,000 円 6.再診料 [5,500 円/回] フォローアップの血液検査(生化学/血球数算定検査)を行う費用(2,750 円)については別途必要です。 また、必要に応じて血液検査の他に検査項目が追加されることがあります。 細胞投与後は、投与後およそ1・3・6・12 か月にご来院いただきますよう、お願い申し上げます。",price candidates remain ambiguous,
V41_02C2506086,02C2506086,C,V41F17484DC709,関東,東京都,医療法人社団ICVS 東京クリニック,千代田区紀尾井町4-1 新紀尾井町ビル4Ｆ,第二種,慢性筋骨格系疼痛緩和を目的とした自己骨髄由来間葉系幹細胞治療（動脈投与）,その他MSK,QC,1.0,https://saiseiiryo.mhlw.go.jp/published_plan/download/02C2506086/5/0,100000,不明,,,,0,10,"104,700 円 エックス線透視装置下による処置 100,000 円 アンギオ装置による処置(マイクロカテー テル使用なし/通常の太さのカテーテル使",price candidates remain ambiguous,
V41_02C2506086,02C2506086,C,V41F17484DC709,関東,東京都,医療法人社団ICVS 東京クリニック,千代田区紀尾井町4-1 新紀尾井町ビル4Ｆ,第二種,慢性筋骨格系疼痛緩和を目的とした自己骨髄由来間葉系幹細胞治療（動脈投与）,その他MSK,QC,1.0,https://saiseiiryo.mhlw.go.jp/published_plan/download/02C2506086/5/0,400000,不明,,,,0,10,"テル使用なし/通常の太さのカテーテル使 用) 400,000 円 アンギオ装置による処置(マイクロカテー テル使用あり)",price candidates remain ambiguous,
V41_02C2506086,02C2506086,C,V41F17484DC709,関東,東京都,医療法人社団ICVS 東京クリニック,千代田区紀尾井町4-1 新紀尾井町ビル4Ｆ,第二種,慢性筋骨格系疼痛緩和を目的とした自己骨髄由来間葉系幹細胞治療（動脈投与）,その他MSK,QC,1.0,https://saiseiiryo.mhlw.go.jp/published_plan/download/02C2506086/5/0,4070000,不明,2回,,,0,9,"(解凍培養・2回目) 2,970,000 円 4,070,000 円 5,170,000 円 4.キャンセル料/変更料",price candidates remain ambiguous,
V41_02C2506086,02C2506086,C,V41F17484DC709,関東,東京都,医療法人社団ICVS 東京クリニック,千代田区紀尾井町4-1 新紀尾井町ビル4Ｆ,第二種,慢性筋骨格系疼痛緩和を目的とした自己骨髄由来間葉系幹細胞治療（動脈投与）,その他MSK,QC,1.0,https://saiseiiryo.mhlw.go.jp/published_plan/download/02C2506086/5/0,5170000,不明,,,,0,9,"2,970,000 円 4,070,000 円 5,170,000 円 4.キャンセル料/変更料 キャンセルや日程変更がある場合には下記のキャンセル料/変更料がかかります。",price candidates remain ambiguous,
V41_02C2506086,02C2506086,C,V41F17484DC709,関東,東京都,医療法人社団ICVS 東京クリニック,千代田区紀尾井町4-1 新紀尾井町ビル4Ｆ,第二種,慢性筋骨格系疼痛緩和を目的とした自己骨髄由来間葉系幹細胞治療（動脈投与）,その他MSK,QC,1.0,https://saiseiiryo.mhlw.go.jp/published_plan/download/02C2506086/5/0,11000,税込,,,,-6,9,"9 治療料金表 (税込) 1.外来初診料 [11,000 円] 問診(痛みの評価等および医師とのカウンセリング)の料金が含まれています。 2. 事前検査の料金 [15,400 円]",price candidates remain ambiguous,
V41_02C2508047,02C2508047,B,V41F17484DC709,関東,東京都,医療法人社団ICVS 東京クリニック,千代田区紀尾井町4-1 新紀尾井町ビル4Ｆ,第二種,慢性筋骨格系疼痛の緩和を目的とした自己骨髄由来間葉系幹細胞治療（局所投与）,その他MSK,QC,1.0,https://saiseiiryo.mhlw.go.jp/published_plan/download/02C2508047/5/0,99000,不明,,,,10,10,"また、必要に応じて血液検査の他に検査項目が追加されることがあります。 細胞投与後は、投与後およそ1・3・6・12 か月にご来院いただきますよう、お願い申し上げます。 7.CD34 陽性細胞の保管サービスの費用 99,000 円(36 か月) 骨髄液にはCD34 陽性細胞(樹状細胞の原料)も含まれています。 将来、患者さまが樹状細胞を用いた治療(DC ダイレクト療法、preDC ダイレクト療法)を希望されたとき",price candidates remain ambiguous,
V41_02C2508047,02C2508047,B,V41F17484DC709,関東,東京都,医療法人社団ICVS 東京クリニック,千代田区紀尾井町4-1 新紀尾井町ビル4Ｆ,第二種,慢性筋骨格系疼痛の緩和を目的とした自己骨髄由来間葉系幹細胞治療（局所投与）,その他MSK,QC,1.0,https://saiseiiryo.mhlw.go.jp/published_plan/download/02C2508047/5/0,15400,不明,,,,7,9,"1.外来初診料 [11,000 円] 問診(痛みの評価等および医師とのカウンセリング)の料金が含まれています。 2. 事前検査の料金 [15,400 円] 感染症の検査※・血液検査(生化学/血球数算定検査)・心電図・CAVI 検査などの料金が含まれています。 (※HIV 抗原・抗体同時定性、HCV 抗体/CLEIA、HBs 抗原/CLIA、HBe 抗原/CLIA、HTLV1 抗体",price candidates remain ambiguous,
V41_02C2508047,02C2508047,B,V41F17484DC709,関東,東京都,医療法人社団ICVS 東京クリニック,千代田区紀尾井町4-1 新紀尾井町ビル4Ｆ,第二種,慢性筋骨格系疼痛の緩和を目的とした自己骨髄由来間葉系幹細胞治療（局所投与）,その他MSK,QC,1.0,https://saiseiiryo.mhlw.go.jp/published_plan/download/02C2508047/5/0,29700,不明,,,,6,10,"処置費用(装置の使用料を含む) エコー下による投与 29,700 円 CT 下による投与 104,700 円",price candidates remain ambiguous,
V41_02C2508047,02C2508047,B,V41F17484DC709,関東,東京都,医療法人社団ICVS 東京クリニック,千代田区紀尾井町4-1 新紀尾井町ビル4Ｆ,第二種,慢性筋骨格系疼痛の緩和を目的とした自己骨髄由来間葉系幹細胞治療（局所投与）,その他MSK,QC,1.0,https://saiseiiryo.mhlw.go.jp/published_plan/download/02C2508047/5/0,2970000,不明,2回,,,5,9,"幹細胞培養治療費 (解凍培養・2回目) 2,970,000 円 4,070,000 円 5,170,000 円",price candidates remain ambiguous,
V41_02C2508047,02C2508047,B,V41F17484DC709,関東,東京都,医療法人社団ICVS 東京クリニック,千代田区紀尾井町4-1 新紀尾井町ビル4Ｆ,第二種,慢性筋骨格系疼痛の緩和を目的とした自己骨髄由来間葉系幹細胞治療（局所投与）,その他MSK,QC,1.0,https://saiseiiryo.mhlw.go.jp/published_plan/download/02C2508047/5/0,3520000,不明,,,,5,9,"幹細胞培養治療費 (初代培養・初回) 3,520,000 円 4,620,000 円 5,720,000 円",price candidates remain ambiguous,
V41_02C2508047,02C2508047,B,V41F17484DC709,関東,東京都,医療法人社団ICVS 東京クリニック,千代田区紀尾井町4-1 新紀尾井町ビル4Ｆ,第二種,慢性筋骨格系疼痛の緩和を目的とした自己骨髄由来間葉系幹細胞治療（局所投与）,その他MSK,QC,1.0,https://saiseiiryo.mhlw.go.jp/published_plan/download/02C2508047/5/0,4620000,不明,,,,5,9,"(初代培養・初回) 3,520,000 円 4,620,000 円 5,720,000 円 幹細胞培養治療費",price candidates remain ambiguous,
V41_02C2508047,02C2508047,B,V41F17484DC709,関東,東京都,医療法人社団ICVS 東京クリニック,千代田区紀尾井町4-1 新紀尾井町ビル4Ｆ,第二種,慢性筋骨格系疼痛の緩和を目的とした自己骨髄由来間葉系幹細胞治療（局所投与）,その他MSK,QC,1.0,https://saiseiiryo.mhlw.go.jp/published_plan/download/02C2508047/5/0,5720000,不明,2回,,,5,9,"3,520,000 円 4,620,000 円 5,720,000 円 幹細胞培養治療費 (解凍培養・2回目)",price candidates remain ambiguous,
V41_02C2508047,02C2508047,B,V41F17484DC709,関東,東京都,医療法人社団ICVS 東京クリニック,千代田区紀尾井町4-1 新紀尾井町ビル4Ｆ,第二種,慢性筋骨格系疼痛の緩和を目的とした自己骨髄由来間葉系幹細胞治療（局所投与）,その他MSK,QC,1.0,https://saiseiiryo.mhlw.go.jp/published_plan/download/02C2508047/5/0,38500,不明,,,,3,9,"0 円 投与予定日の2営業日前より当日 38,500 円",price candidates remain ambiguous,
V41_02C2508047,02C2508047,B,V41F17484DC709,関東,東京都,医療法人社団ICVS 東京クリニック,千代田区紀尾井町4-1 新紀尾井町ビル4Ｆ,第二種,慢性筋骨格系疼痛の緩和を目的とした自己骨髄由来間葉系幹細胞治療（局所投与）,その他MSK,QC,1.0,https://saiseiiryo.mhlw.go.jp/published_plan/download/02C2508047/5/0,104700,不明,,,,3,10,"29,700 円 CT 下による投与 104,700 円 エックス線透視装置下による処置 100,000 円",price candidates remain ambiguous,
V41_02C2508047,02C2508047,B,V41F17484DC709,関東,東京都,医療法人社団ICVS 東京クリニック,千代田区紀尾井町4-1 新紀尾井町ビル4Ｆ,第二種,慢性筋骨格系疼痛の緩和を目的とした自己骨髄由来間葉系幹細胞治療（局所投与）,その他MSK,QC,1.0,https://saiseiiryo.mhlw.go.jp/published_plan/download/02C2508047/5/0,450000,不明,,,,3,10,"アンギオ装置による処置(マイクロカテー テル使用あり) 450,000 円 6.再診料 [5,500 円/回] フォローアップの血液検査(生化学/血球数算定検査)を行う費用(2,750 円)については別途必要です。",price candidates remain ambiguous,
V41_02C2508047,02C2508047,B,V41F17484DC709,関東,東京都,医療法人社団ICVS 東京クリニック,千代田区紀尾井町4-1 新紀尾井町ビル4Ｆ,第二種,慢性筋骨格系疼痛の緩和を目的とした自己骨髄由来間葉系幹細胞治療（局所投与）,その他MSK,QC,1.0,https://saiseiiryo.mhlw.go.jp/published_plan/download/02C2508047/5/0,2750,不明,,,,0,10,"450,000 円 6.再診料 [5,500 円/回] フォローアップの血液検査(生化学/血球数算定検査)を行う費用(2,750 円)については別途必要です。 また、必要に応じて血液検査の他に検査項目が追加されることがあります。 細胞投与後は、投与後およそ1・3・6・12 か月にご来院いただきますよう、お願い申し上げます。",price candidates remain ambiguous,
V41_02C2508047,02C2508047,B,V41F17484DC709,関東,東京都,医療法人社団ICVS 東京クリニック,千代田区紀尾井町4-1 新紀尾井町ビル4Ｆ,第二種,慢性筋骨格系疼痛の緩和を目的とした自己骨髄由来間葉系幹細胞治療（局所投与）,その他MSK,QC,1.0,https://saiseiiryo.mhlw.go.jp/published_plan/download/02C2508047/5/0,100000,不明,,,,0,10,"104,700 円 エックス線透視装置下による処置 100,000 円 アンギオ装置による処置(マイクロカテー テル使用なし/通常の太さのカテーテル使",price candidates remain ambiguous,
V41_02C2508047,02C2508047,B,V41F17484DC709,関東,東京都,医療法人社団ICVS 東京クリニック,千代田区紀尾井町4-1 新紀尾井町ビル4Ｆ,第二種,慢性筋骨格系疼痛の緩和を目的とした自己骨髄由来間葉系幹細胞治療（局所投与）,その他MSK,QC,1.0,https://saiseiiryo.mhlw.go.jp/published_plan/download/02C2508047/5/0,400000,不明,,,,0,10,"テル使用なし/通常の太さのカテーテル使 用) 400,000 円 アンギオ装置による処置(マイクロカテー テル使用あり)",price candidates remain ambiguous,
V41_02C2508047,02C2508047,B,V41F17484DC709,関東,東京都,医療法人社団ICVS 東京クリニック,千代田区紀尾井町4-1 新紀尾井町ビル4Ｆ,第二種,慢性筋骨格系疼痛の緩和を目的とした自己骨髄由来間葉系幹細胞治療（局所投与）,その他MSK,QC,1.0,https://saiseiiryo.mhlw.go.jp/published_plan/download/02C2508047/5/0,4070000,不明,2回,,,0,9,"(解凍培養・2回目) 2,970,000 円 4,070,000 円 5,170,000 円 4.キャンセル料/変更料",price candidates remain ambiguous,
V41_02C2508047,02C2508047,B,V41F17484DC709,関東,東京都,医療法人社団ICVS 東京クリニック,千代田区紀尾井町4-1 新紀尾井町ビル4Ｆ,第二種,慢性筋骨格系疼痛の緩和を目的とした自己骨髄由来間葉系幹細胞治療（局所投与）,その他MSK,QC,1.0,https://saiseiiryo.mhlw.go.jp/published_plan/download/02C2508047/5/0,5170000,不明,,,,0,9,"2,970,000 円 4,070,000 円 5,170,000 円 4.キャンセル料/変更料 キャンセルや日程変更がある場合には下記のキャンセル料/変更料がかかります。",price candidates remain ambiguous,
V41_02C2508047,02C2508047,B,V41F17484DC709,関東,東京都,医療法人社団ICVS 東京クリニック,千代田区紀尾井町4-1 新紀尾井町ビル4Ｆ,第二種,慢性筋骨格系疼痛の緩和を目的とした自己骨髄由来間葉系幹細胞治療（局所投与）,その他MSK,QC,1.0,https://saiseiiryo.mhlw.go.jp/published_plan/download/02C2508047/5/0,11000,税込,,,,-6,9,"9 治療料金表 (税込) 1.外来初診料 [11,000 円] 問診(痛みの評価等および医師とのカウンセリング)の料金が含まれています。 2. 事前検査の料金 [15,400 円]",price candidates remain ambiguous,
V41_02C2605064,02C2605064,A,V41F17484DC709,関東,東京都,医療法人社団ICVS 東京クリニック,千代田区紀尾井町4-1 新紀尾井町ビル4Ｆ,第二種,慢性筋骨格系疼痛の緩和を目的とした自己脂肪由来間葉系幹細胞治療（動脈投与）,脂肪由来幹細胞,QC,1.0,https://saiseiiryo.mhlw.go.jp/published_plan/download/02C2605064/5/0,15400,不明,,,,7,9,"1.外来初診料 [11,000 円] 問診(痛みの評価等および医師とのカウンセリング)の料金が含まれています。 2. 事前検査の料金 [15,400 円] 感染症の検査※・血液検査(生化学/血球数算定検査)・心電図・CAVI 検査などの料金が含まれています。 (※HIV 抗原・抗体同時定性、HCV 抗体/CLEIA、HBs 抗原/CLIA、HBe 抗原/CLIA、HTLV1 抗体",price candidates remain ambiguous,
V41_02C2605064,02C2605064,A,V41F17484DC709,関東,東京都,医療法人社団ICVS 東京クリニック,千代田区紀尾井町4-1 新紀尾井町ビル4Ｆ,第二種,慢性筋骨格系疼痛の緩和を目的とした自己脂肪由来間葉系幹細胞治療（動脈投与）,脂肪由来幹細胞,QC,1.0,https://saiseiiryo.mhlw.go.jp/published_plan/download/02C2605064/5/0,29700,不明,,,,6,10,"処置費用(装置の使用料を含む) エコー下による投与 29,700 円 CT 下による投与 104,700 円",price candidates remain ambiguous,
V41_02C2605064,02C2605064,A,V41F17484DC709,関東,東京都,医療法人社団ICVS 東京クリニック,千代田区紀尾井町4-1 新紀尾井町ビル4Ｆ,第二種,慢性筋骨格系疼痛の緩和を目的とした自己脂肪由来間葉系幹細胞治療（動脈投与）,脂肪由来幹細胞,QC,1.0,https://saiseiiryo.mhlw.go.jp/published_plan/download/02C2605064/5/0,38500,不明,1 回,,,6,10,"0 円 投与予定日の2営業日前より当日 38,500 円 5.各種装置(CT/エコー)下による投与において生じる費用 局所投与や動脈投与でエコー・ CT などの装置を用いる場合については、1 回の投与あたり下記の費用(装",price candidates remain ambiguous,
V41_02C2605064,02C2605064,A,V41F17484DC709,関東,東京都,医療法人社団ICVS 東京クリニック,千代田区紀尾井町4-1 新紀尾井町ビル4Ｆ,第二種,慢性筋骨格系疼痛の緩和を目的とした自己脂肪由来間葉系幹細胞治療（動脈投与）,脂肪由来幹細胞,QC,1.0,https://saiseiiryo.mhlw.go.jp/published_plan/download/02C2605064/5/0,104700,不明,,,,3,10,"29,700 円 CT 下による投与 104,700 円 エックス線透視装置下による処置 100,000 円",price candidates remain ambiguous,
V41_02C2605064,02C2605064,A,V41F17484DC709,関東,東京都,医療法人社団ICVS 東京クリニック,千代田区紀尾井町4-1 新紀尾井町ビル4Ｆ,第二種,慢性筋骨格系疼痛の緩和を目的とした自己脂肪由来間葉系幹細胞治療（動脈投与）,脂肪由来幹細胞,QC,1.0,https://saiseiiryo.mhlw.go.jp/published_plan/download/02C2605064/5/0,450000,不明,,,,3,10,"アンギオ装置による処置 (マイクロカテーテル使用あり) 450,000 円 6.再診料 [5,500 円/回] フォローアップの血液検査(生化学/血球数算定検査)を行う費用(2,750 円)については別途必要です。",price candidates remain ambiguous,
V41_02C2605064,02C2605064,A,V41F17484DC709,関東,東京都,医療法人社団ICVS 東京クリニック,千代田区紀尾井町4-1 新紀尾井町ビル4Ｆ,第二種,慢性筋骨格系疼痛の緩和を目的とした自己脂肪由来間葉系幹細胞治療（動脈投与）,脂肪由来幹細胞,QC,1.0,https://saiseiiryo.mhlw.go.jp/published_plan/download/02C2605064/5/0,6050000,不明,,,,2,9,"3, 960,000 円 4,950,000 円 6,050,000 円 7,150,000 円 幹細胞培養治療",price candidates remain ambiguous,
V41_02C2605064,02C2605064,A,V41F17484DC709,関東,東京都,医療法人社団ICVS 東京クリニック,千代田区紀尾井町4-1 新紀尾井町ビル4Ｆ,第二種,慢性筋骨格系疼痛の緩和を目的とした自己脂肪由来間葉系幹細胞治療（動脈投与）,脂肪由来幹細胞,QC,1.0,https://saiseiiryo.mhlw.go.jp/published_plan/download/02C2605064/5/0,7150000,不明,,,,2,9,"4,950,000 円 6,050,000 円 7,150,000 円 幹細胞培養治療 費(解凍培養・2",price candidates remain ambiguous,
V41_02C2605064,02C2605064,A,V41F17484DC709,関東,東京都,医療法人社団ICVS 東京クリニック,千代田区紀尾井町4-1 新紀尾井町ビル4Ｆ,第二種,慢性筋骨格系疼痛の緩和を目的とした自己脂肪由来間葉系幹細胞治療（動脈投与）,脂肪由来幹細胞,QC,1.0,https://saiseiiryo.mhlw.go.jp/published_plan/download/02C2605064/5/0,2750,不明,,,,0,10,"450,000 円 6.再診料 [5,500 円/回] フォローアップの血液検査(生化学/血球数算定検査)を行う費用(2,750 円)については別途必要です。 また、必要に応じて血液検査の他に検査項目が追加されることがあります。 細胞投与後は、投与後およそ1・3・6・12 か月にご来院いただきますよう、お願い申し上げます。",price candidates remain ambiguous,
V41_02C2605064,02C2605064,A,V41F17484DC709,関東,東京都,医療法人社団ICVS 東京クリニック,千代田区紀尾井町4-1 新紀尾井町ビル4Ｆ,第二種,慢性筋骨格系疼痛の緩和を目的とした自己脂肪由来間葉系幹細胞治療（動脈投与）,脂肪由来幹細胞,QC,1.0,https://saiseiiryo.mhlw.go.jp/published_plan/download/02C2605064/5/0,100000,不明,,,,0,10,"104,700 円 エックス線透視装置下による処置 100,000 円 アンギオ装置による処置(マイクロカテーテル使用 なし/通常の太さのカテーテル使用)",price candidates remain ambiguous,
V41_02C2605064,02C2605064,A,V41F17484DC709,関東,東京都,医療法人社団ICVS 東京クリニック,千代田区紀尾井町4-1 新紀尾井町ビル4Ｆ,第二種,慢性筋骨格系疼痛の緩和を目的とした自己脂肪由来間葉系幹細胞治療（動脈投与）,脂肪由来幹細胞,QC,1.0,https://saiseiiryo.mhlw.go.jp/published_plan/download/02C2605064/5/0,400000,不明,,,,0,10,"アンギオ装置による処置(マイクロカテーテル使用 なし/通常の太さのカテーテル使用) 400,000 円 アンギオ装置による処置 (マイクロカテーテル使用あり)",price candidates remain ambiguous,
V41_02C2605064,02C2605064,A,V41F17484DC709,関東,東京都,医療法人社団ICVS 東京クリニック,千代田区紀尾井町4-1 新紀尾井町ビル4Ｆ,第二種,慢性筋骨格系疼痛の緩和を目的とした自己脂肪由来間葉系幹細胞治療（動脈投与）,脂肪由来幹細胞,QC,1.0,https://saiseiiryo.mhlw.go.jp/published_plan/download/02C2605064/5/0,960000,不明,,,,0,9,"回) 2,970,000 円 3, 960,000 円 4,950,000 円 6,050,000 円",price candidates remain ambiguous,
V41_02C2605064,02C2605064,A,V41F17484DC709,関東,東京都,医療法人社団ICVS 東京クリニック,千代田区紀尾井町4-1 新紀尾井町ビル4Ｆ,第二種,慢性筋骨格系疼痛の緩和を目的とした自己脂肪由来間葉系幹細胞治療（動脈投与）,脂肪由来幹細胞,QC,1.0,https://saiseiiryo.mhlw.go.jp/published_plan/download/02C2605064/5/0,2255000,不明,2 回,,,0,9,"費(解凍培養・2 回目) 2,255,000 円 3,355,000 円 4,400,000 円",price candidates remain ambiguous,
V41_02C2605064,02C2605064,A,V41F17484DC709,関東,東京都,医療法人社団ICVS 東京クリニック,千代田区紀尾井町4-1 新紀尾井町ビル4Ｆ,第二種,慢性筋骨格系疼痛の緩和を目的とした自己脂肪由来間葉系幹細胞治療（動脈投与）,脂肪由来幹細胞,QC,1.0,https://saiseiiryo.mhlw.go.jp/published_plan/download/02C2605064/5/0,2970000,不明,,,,0,9,"費(初代培養・初 回) 2,970,000 円 3, 960,000 円 4,950,000 円",price candidates remain ambiguous,
V41_02C2605064,02C2605064,A,V41F17484DC709,関東,東京都,医療法人社団ICVS 東京クリニック,千代田区紀尾井町4-1 新紀尾井町ビル4Ｆ,第二種,慢性筋骨格系疼痛の緩和を目的とした自己脂肪由来間葉系幹細胞治療（動脈投与）,脂肪由来幹細胞,QC,1.0,https://saiseiiryo.mhlw.go.jp/published_plan/download/02C2605064/5/0,3355000,不明,,,,0,9,"回目) 2,255,000 円 3,355,000 円 4,400,000 円 4,840,000 円",price candidates remain ambiguous,
V41_02C2605064,02C2605064,A,V41F17484DC709,関東,東京都,医療法人社団ICVS 東京クリニック,千代田区紀尾井町4-1 新紀尾井町ビル4Ｆ,第二種,慢性筋骨格系疼痛の緩和を目的とした自己脂肪由来間葉系幹細胞治療（動脈投与）,脂肪由来幹細胞,QC,1.0,https://saiseiiryo.mhlw.go.jp/published_plan/download/02C2605064/5/0,4400000,不明,,,,0,9,"2,255,000 円 3,355,000 円 4,400,000 円 4,840,000 円 5,720,000 円",price candidates remain ambiguous,
V41_02C2605064,02C2605064,A,V41F17484DC709,関東,東京都,医療法人社団ICVS 東京クリニック,千代田区紀尾井町4-1 新紀尾井町ビル4Ｆ,第二種,慢性筋骨格系疼痛の緩和を目的とした自己脂肪由来間葉系幹細胞治療（動脈投与）,脂肪由来幹細胞,QC,1.0,https://saiseiiryo.mhlw.go.jp/published_plan/download/02C2605064/5/0,4840000,不明,,,,0,9,"3,355,000 円 4,400,000 円 4,840,000 円 5,720,000 円 4.キャンセル料/変更料",price candidates remain ambiguous,
V41_01C2503012,01C2503012,D,V41FF26088B8D0,関東,東京都,"医療法人社団IHOC 
稲城平尾整形外科クリニック","稲城市平尾4丁目24-1
メディカルヴィレッジ",第三種,自家多血小板血漿（Platelet-Rich Plasma：PRP）を用いた筋肉、腱、靭帯、筋膜の損傷及び慢性炎症の治療（関節外の軟部組織）,PRP,QC,1.0,https://saiseiiryo.mhlw.go.jp/published_plan/download/01C2503012/5/0,22000,税込,1 回,ACP MAX|ACP,Arthrex,6,7,"費用(PRP1 回1 部位)(税込) ACP 22,000 円 ACP MAX 148,500 円",price candidates remain ambiguous,
V41_01C2503012,01C2503012,D,V41FF26088B8D0,関東,東京都,"医療法人社団IHOC 
稲城平尾整形外科クリニック","稲城市平尾4丁目24-1
メディカルヴィレッジ",第三種,自家多血小板血漿（Platelet-Rich Plasma：PRP）を用いた筋肉、腱、靭帯、筋膜の損傷及び慢性炎症の治療（関節外の軟部組織）,PRP,QC,1.0,https://saiseiiryo.mhlw.go.jp/published_plan/download/01C2503012/5/0,181500,不明,,Angel,Arthrex,5,7,"148,500 円 Angel 181,500 円  上記料金表にはPRP 調製のための採血費用、PRP 調製費用が 含まれます。",price candidates remain ambiguous,
V41_01C2503012,01C2503012,D,V41FF26088B8D0,関東,東京都,"医療法人社団IHOC 
稲城平尾整形外科クリニック","稲城市平尾4丁目24-1
メディカルヴィレッジ",第三種,自家多血小板血漿（Platelet-Rich Plasma：PRP）を用いた筋肉、腱、靭帯、筋膜の損傷及び慢性炎症の治療（関節外の軟部組織）,PRP,QC,1.0,https://saiseiiryo.mhlw.go.jp/published_plan/download/01C2503012/5/0,148500,不明,,ACP MAX|ACP|Angel,Arthrex,2,7,"22,000 円 ACP MAX 148,500 円 Angel 181,500 円",price candidates remain ambiguous,
V41_01C2307055,01C2307055,A,V41FB1A4F951CC,関東,東京都,"医療法人社団OSSO FORTE
東十条整形外科",北区王子5丁目1番40号2階13号室,第二種,変形性関節症および関節腔の傷害を対象とした自家多血小板血漿（PRP）注入療法,PRP,QC,1.0,https://saiseiiryo.mhlw.go.jp/published_plan/download/01C2307055/5/0,,,,,,,,,no price found after text/OCR pass,Document fetched but no price candidate
V41_01C2509014,01C2509014,B,V41FCD088BD14F,関東,東京都,"医療法人社団T.O.P.ドクターズ
東京国際クリニック","千代田区丸の内一丁目11番1号
パシフィックセンチュリープレイス丸の内9階",第二種,自己脂肪組織由来幹細胞（ASCs）を用いた変形性関節症の治療,脂肪由来幹細胞,AUTO,1.0,https://saiseiiryo.mhlw.go.jp/published_plan/download/01C2509014/5/0,500000,税別,1 回,,,16,11,"変形性関節症の治療の説明文書・同意書 11 ・ASCs を用いた治療(1 関節1 回投与)における治療費用 500,000 円(税抜) ・ASCs を用いた治療(1 関節2 回投与)における治療費用 800,000 円(税抜) 本治療の細胞培養をとりやめた場合には、以下の通り治療費用の全額または一部を返金いた",line-level strong price context,
V41_01C2509014,01C2509014,B,V41FCD088BD14F,関東,東京都,"医療法人社団T.O.P.ドクターズ
東京国際クリニック","千代田区丸の内一丁目11番1号
パシフィックセンチュリープレイス丸の内9階",第二種,自己脂肪組織由来幹細胞（ASCs）を用いた変形性関節症の治療,脂肪由来幹細胞,AUTO,1.0,https://saiseiiryo.mhlw.go.jp/published_plan/download/01C2509014/5/0,800000,税別,1 回,,,16,11,"11 ・ASCs を用いた治療(1 関節1 回投与)における治療費用 500,000 円(税抜) ・ASCs を用いた治療(1 関節2 回投与)における治療費用 800,000 円(税抜) 本治療の細胞培養をとりやめた場合には、以下の通り治療費用の全額または一部を返金いた します。",line-level strong price context,
V41_02C2511037,02C2511037,C,V41FE6BDB25BA3,関東,東京都,医療法人社団TSOC 東京スポーツ&整形外科クリニック,"豊島区上池袋4 丁目29-9 ＫITAIKE TERRACE（北池テラス）
2 階・地下1 階",第三種,多血小板血漿（Platelet-rich plasma : PRP)を用いた整形外科領域における軟部組織治療,PRP,AUTO,1.0,https://saiseiiryo.mhlw.go.jp/published_plan/download/02C2511037/5/0,200000,税別,,ACP MAX|ACP|Condensia,Arthrex|京セラ,8,,"を公表する可能性がありますが、患者 様個人を特定できる内容が使われることはありません。 治療にかかる費用について この治療は公的保険の対象ではありませんので、当院所定の施術料をお支払いいただきま す。 ACP ダブルシリンジ 200,000 円(税抜) ACP MAX 200,000円(税抜) Condensia システム 200,000 円(税抜) 症状などにより治療費は変動する可能性がございます。 詳細やご不明な点は医師またはスタッフにお尋ね下さい。 施術後、患者様の個人的な事情及び金銭等に関する問題に関しては一切の責を負いかねます のでご了承くだ",,
V41_01C2510080,01C2510080,D,V41F2DF62C2010,関東,東京都,"医療法人社団TaaK
Akira International Clinic",港区西麻布3-17-22 モダンフォルム1階,第二種,自家脂肪組織由来幹細胞（ASC）の静脈内投与による慢性筋骨格系疼痛治療,脂肪由来幹細胞,AUTO,1.0,https://saiseiiryo.mhlw.go.jp/published_plan/download/01C2510080/5/0,1800000,税別,,,,11,3,"ては当院で負担いたします。他の医療機関で受けられた治療費用については協議させていただきます。 9. 治療にかかる費用について この治療は公的保険の対象ではありませんので、当院の所定の施術料として1,800,000 円(税抜)をお支払いい ただきます。また、脂肪の採取後や、細胞培養の完了後にもキャンセル(同意の撤回)は可能ですが、同意撤回の時 点までに費用が発生している場合は、発生した費用をご負担いただきますのでご了承ください。",line-level strong price context,
V41_01C2511030,01C2511030,A,V41F0F3813F0A1,関東,東京都,医療法人社団VITA　池尻大橋せらクリニック,目黒区大橋2-22-42 No.R池尻大橋4F,第三種,自家多血小板血漿(Platelet-rich plasma:PRP)を用いた筋肉、腱、靭帯、筋膜の損傷及び慢性炎症の治療（関節腔外に限る）,PRP,QC,1.0,https://saiseiiryo.mhlw.go.jp/published_plan/download/01C2511030/5/0,11000,税込,1 回,,,6,7,"費用(税込み) 血液検査 11,000 円 (筋腱)PRP1 回・1 部位 25,000 円",price candidates remain ambiguous,
V41_01C2511030,01C2511030,A,V41F0F3813F0A1,関東,東京都,医療法人社団VITA　池尻大橋せらクリニック,目黒区大橋2-22-42 No.R池尻大橋4F,第三種,自家多血小板血漿(Platelet-rich plasma:PRP)を用いた筋肉、腱、靭帯、筋膜の損傷及び慢性炎症の治療（関節腔外に限る）,PRP,QC,1.0,https://saiseiiryo.mhlw.go.jp/published_plan/download/01C2511030/5/0,25000,不明,1 回,,,2,7,"11,000 円 (筋腱)PRP1 回・1 部位 25,000 円 (筋腱)PRP1 回・2部位 50,000 円",price candidates remain ambiguous,
V41_01C2511030,01C2511030,A,V41F0F3813F0A1,関東,東京都,医療法人社団VITA　池尻大橋せらクリニック,目黒区大橋2-22-42 No.R池尻大橋4F,第三種,自家多血小板血漿(Platelet-rich plasma:PRP)を用いた筋肉、腱、靭帯、筋膜の損傷及び慢性炎症の治療（関節腔外に限る）,PRP,QC,1.0,https://saiseiiryo.mhlw.go.jp/published_plan/download/01C2511030/5/0,50000,不明,1 回,,,2,7,"25,000 円 (筋腱)PRP1 回・2部位 50,000 円 (筋腱)PRP1 回・3部位 75,000 円",price candidates remain ambiguous,
V41_01C2511030,01C2511030,A,V41F0F3813F0A1,関東,東京都,医療法人社団VITA　池尻大橋せらクリニック,目黒区大橋2-22-42 No.R池尻大橋4F,第三種,自家多血小板血漿(Platelet-rich plasma:PRP)を用いた筋肉、腱、靭帯、筋膜の損傷及び慢性炎症の治療（関節腔外に限る）,PRP,QC,1.0,https://saiseiiryo.mhlw.go.jp/published_plan/download/01C2511030/5/0,75000,不明,1 回,ACP MAX|ACP,Arthrex,2,7,"50,000 円 (筋腱)PRP1 回・3部位 75,000 円 HD-PRP(ACP MAX の場合) 220,000 円",price candidates remain ambiguous,
V41_01C2511030,01C2511030,A,V41F0F3813F0A1,関東,東京都,医療法人社団VITA　池尻大橋せらクリニック,目黒区大橋2-22-42 No.R池尻大橋4F,第三種,自家多血小板血漿(Platelet-rich plasma:PRP)を用いた筋肉、腱、靭帯、筋膜の損傷及び慢性炎症の治療（関節腔外に限る）,PRP,QC,1.0,https://saiseiiryo.mhlw.go.jp/published_plan/download/01C2511030/5/0,220000,不明,,ACP MAX|ACP,Arthrex,2,7,"75,000 円 HD-PRP(ACP MAX の場合) 220,000 円 • 治療終了後も定期的な受診が必要です。",price candidates remain ambiguous,
V41_02C2203026,02C2203026,D,V41FE3F006AF6C,関東,東京都,医療法人社団　三友会　高円寺整形外科,東京都杉並区高円寺北2-11-5　インフィニティービル,第二種,自家脂肪組織由来の培養間葉系幹細胞を用いた変形性膝関節症の治療,脂肪由来幹細胞,AUTO,1.0,https://saiseiiryo.mhlw.go.jp/published_plan/download/02C2203026/5/0,750000,税別,1 回,,,8,,"は以下の通りです。 自家脂肪組織由来の培養間葉系幹細胞を用いた変形性膝関節症の治療 再生医療を受ける者及び細胞提供者に対する説明書及び同意文書 第01 版 7 投与細胞数 治療費用(税抜) 1 約3,000 万個×1 回 75 万円 2 約1 億個×1 回 100 万円 3 約3,000 万個×3 回 150 万円 なお、脂肪組織の採取後や細胞加工物の製造後に同意を撤回された場合など、それまでに費用が 発生している場合は、発生した費用については患者様ご自身にご負担いただきますのでご了承くだ さい。 13. 細胞提供者及び再生医療等を受け",,
V41_02C2203026,02C2203026,D,V41FE3F006AF6C,関東,東京都,医療法人社団　三友会　高円寺整形外科,東京都杉並区高円寺北2-11-5　インフィニティービル,第二種,自家脂肪組織由来の培養間葉系幹細胞を用いた変形性膝関節症の治療,脂肪由来幹細胞,AUTO,1.0,https://saiseiiryo.mhlw.go.jp/published_plan/download/02C2203026/5/0,1000000,税別,1 回,,,0,,"由来の培養間葉系幹細胞を用いた変形性膝関節症の治療 再生医療を受ける者及び細胞提供者に対する説明書及び同意文書 第01 版 7 投与細胞数 治療費用(税抜) 1 約3,000 万個×1 回 75 万円 2 約1 億個×1 回 100 万円 3 約3,000 万個×3 回 150 万円 なお、脂肪組織の採取後や細胞加工物の製造後に同意を撤回された場合など、それまでに費用が 発生している場合は、発生した費用については患者様ご自身にご負担いただきますのでご了承くだ さい。 13. 細胞提供者及び再生医療等を受ける者に対する健康被害の補償の方法 本治療はご",,
V41_02C2203026,02C2203026,D,V41FE3F006AF6C,関東,東京都,医療法人社団　三友会　高円寺整形外科,東京都杉並区高円寺北2-11-5　インフィニティービル,第二種,自家脂肪組織由来の培養間葉系幹細胞を用いた変形性膝関節症の治療,脂肪由来幹細胞,AUTO,1.0,https://saiseiiryo.mhlw.go.jp/published_plan/download/02C2203026/5/0,1500000,税別,1 回,,,0,,"生医療を受ける者及び細胞提供者に対する説明書及び同意文書 第01 版 7 投与細胞数 治療費用(税抜) 1 約3,000 万個×1 回 75 万円 2 約1 億個×1 回 100 万円 3 約3,000 万個×3 回 150 万円 なお、脂肪組織の採取後や細胞加工物の製造後に同意を撤回された場合など、それまでに費用が 発生している場合は、発生した費用については患者様ご自身にご負担いただきますのでご了承くだ さい。 13. 細胞提供者及び再生医療等を受ける者に対する健康被害の補償の方法 本治療はご自身の脂肪より抽出加工した幹細胞を用いた治療であるため、",,
V41_02C2606078,02C2606078,A,V41FA20D012DAD,関東,東京都,医療法人社団　桜伸会　さくらクリニック,渋谷区渋谷1-16-9　渋谷ＫＩビル3階,第二種,慢性疼痛緩和を目的とした自家培養脂肪由来間葉系幹細胞の関節内投与による治療,脂肪由来幹細胞,QC,1.0,https://saiseiiryo.mhlw.go.jp/published_plan/download/02C2606078/5/0,,,,,,,,,no price found after text/OCR pass,Document fetched but no price candidate
V41_01C2601014,01C2601014,B,V41F822E7226E2,関東,東京都,医療法人社団　正貴会　いくこ皮フ科クリニック,練馬区上石神井１丁目１４−４ エソール2F B,第二種,多血小板血漿（PRP）を用いた変形性関節症に対する疼痛緩和,PRP,AUTO,1.0,https://saiseiiryo.mhlw.go.jp/published_plan/download/01C2601014/5/0,66000,不明,1回,APS|GPS|MyCells|Condensia,Zimmer Biomet|MyCells系|京セラ,8,,"低いと言われている 自己血由来のため比較的低いと言われている 品質管理されており安全性は高いが、アレルギー反応などの可能性 を完全には否定できない 治療にかかる費用について この治療は公的保険の対象ではありませんので、当施設にて施術料 をお支払いいただきます。 ・PRP(MyCells)療法 1回 66,000円 ・PRP(Condensia)療法 1回 66,000円 ・PRP(GPSIII)療法 1回 132,000円 ・PRP(APS)療法 1回 308,000円 ※患者様の症状により施術料が変わる場合は別途、ご説明いたしま す。 その他治療についての注意事 項 患者さんの",,
V41_01C2601014,01C2601014,B,V41F822E7226E2,関東,東京都,医療法人社団　正貴会　いくこ皮フ科クリニック,練馬区上石神井１丁目１４−４ エソール2F B,第二種,多血小板血漿（PRP）を用いた変形性関節症に対する疼痛緩和,PRP,AUTO,1.0,https://saiseiiryo.mhlw.go.jp/published_plan/download/01C2601014/5/0,132000,不明,1回,APS|GPS|MyCells|Condensia,Zimmer Biomet|MyCells系|京セラ,8,,"などの可能性 を完全には否定できない 治療にかかる費用について この治療は公的保険の対象ではありませんので、当施設にて施術料 をお支払いいただきます。 ・PRP(MyCells)療法 1回 66,000円 ・PRP(Condensia)療法 1回 66,000円 ・PRP(GPSIII)療法 1回 132,000円 ・PRP(APS)療法 1回 308,000円 ※患者様の症状により施術料が変わる場合は別途、ご説明いたしま す。 その他治療についての注意事 項 患者さんの体調が良くない場合や、採取した血液の状態によって は、PRPを分離できないことがあります。 その際には、再度採血",,
V41_01C2601014,01C2601014,B,V41F822E7226E2,関東,東京都,医療法人社団　正貴会　いくこ皮フ科クリニック,練馬区上石神井１丁目１４−４ エソール2F B,第二種,多血小板血漿（PRP）を用いた変形性関節症に対する疼痛緩和,PRP,AUTO,1.0,https://saiseiiryo.mhlw.go.jp/published_plan/download/01C2601014/5/0,308000,不明,1回,APS|GPS|MyCells|Condensia,Zimmer Biomet|MyCells系|京セラ,8,,"る費用について この治療は公的保険の対象ではありませんので、当施設にて施術料 をお支払いいただきます。 ・PRP(MyCells)療法 1回 66,000円 ・PRP(Condensia)療法 1回 66,000円 ・PRP(GPSIII)療法 1回 132,000円 ・PRP(APS)療法 1回 308,000円 ※患者様の症状により施術料が変わる場合は別途、ご説明いたしま す。 その他治療についての注意事 項 患者さんの体調が良くない場合や、採取した血液の状態によって は、PRPを分離できないことがあります。 その際には、再度採血をさせていただく場合があります。 また、PRPを",,
V41_01C2212040,01C2212040,C,V41F4F46038078,関東,東京都,医療法人社団　済真会　永山整形外科,多摩市乞田1426-4階,第二種,変形性関節症および関節腔の傷害を対象とした自家多血小板血漿（PRP）注入療法,PRP,QC,1.0,https://saiseiiryo.mhlw.go.jp/published_plan/download/01C2212040/5/0,,,,,,,,,no price found after rescue text/OCR pass,Rescue completed; OCR page timeouts=0
V41_03C2606021,03C2606021,B,V41F01B1F25F86,関東,東京都,医療法人社団　熊谷整形外科,墨田区業平2丁目14－9　平ビル業平1階,第二種,自己脂肪由来間葉系幹細胞を用いた慢性疼痛に対する治療,脂肪由来幹細胞,AUTO,1.0,https://saiseiiryo.mhlw.go.jp/published_plan/download/03C2606021/5/0,4620000,税込,2 回,,,15,5,"税込 初診料 22,000 円 血液検査料 11,000 円 組織採取料+初回投与費用 3,620,000~4,620,000 円/回 2 回目投与料金 2,630,000~3,630,000 円/回 なお、脂肪の採取後や、細胞加工物の製造開始後に同意を撤回された場合など、同意を撤回される",line-level strong price context,
V41_03C2606021,03C2606021,B,V41F01B1F25F86,関東,東京都,医療法人社団　熊谷整形外科,墨田区業平2丁目14－9　平ビル業平1階,第二種,自己脂肪由来間葉系幹細胞を用いた慢性疼痛に対する治療,脂肪由来幹細胞,AUTO,1.0,https://saiseiiryo.mhlw.go.jp/published_plan/download/03C2606021/5/0,3630000,不明,2 回,,,14,5,"初診料 22,000 円 血液検査料 11,000 円 組織採取料+初回投与費用 3,620,000~4,620,000 円/回 2 回目投与料金 2,630,000~3,630,000 円/回 なお、脂肪の採取後や、細胞加工物の製造開始後に同意を撤回された場合など、同意を撤回される 時点までに費用が発生している場合は、発生した費用についてはあなたにご負担いただきますので",line-level strong price context,
V41_02C2001010,02C2001010,A,V41F3C41FB2397,関東,東京都,医療法人社団　白鳳会　大角医院,練馬区上石神井４－３－２３,第三種,自己多血小板血漿(PRP)を用いた整形外科領域における軟部組織治療,PRP,AUTO,1.0,https://saiseiiryo.mhlw.go.jp/published_plan/download/02C2001010/5/0,90000,税別,,GPS|Zimmer,Zimmer Biomet,8,,"を特定できる内容が使われることはありません。 治療にかかる費用について この治療は公的保険の対象ではありませんので、当院所定の施術料をお支払いいただきま す。 ・治療費: ZIMMER BIOMET 製 GPSIIIキット使用 90,000 円(税抜) 5 症状などにより治療費は変動する可能性がございます。 詳細やご不明な点は医師またはスタッフにお尋ね下さい。 施術後、患者様の個人的な事情及び金銭等に関する問題に関しては一切の責を負いかねます のでご了承ください。 本治療の実施体制",,
V41_02C1912017,02C1912017,A,V41FFE15421C47,関東,東京都,医療法人社団　育楽会　あやせ駅前整形外科・内科,足立区綾瀬1-32-13 ハイネスアヤセ1階 A・B,第二種,多血小板血漿（Platelet-rich plasma：PRP）を用いた整形外科疾患に対する組織修復,PRP,QC,1.0,https://saiseiiryo.mhlw.go.jp/published_plan/download/02C1912017/5/0,,,,,,,,,no price found after rescue text/OCR pass,Rescue completed; OCR page timeouts=0
V41_02C1905098,02C1905098,B,V41F78006E7C02,関東,東京都,"医療法人社団　苑田会
苑田会人工関節センター病院",足立区保木間1‐21‐10,第三種,多血小板血漿（Platelet-rich　plasma：PRP）を用いた組織修復,PRP,AUTO,1.0,https://saiseiiryo.mhlw.go.jp/published_plan/download/02C1905098/5/0,50000,不明,,,,7,,・治療 部位の写真などを公表する可能性がありますが、患者様個人を特定 できる内容が使われることはありません。 【PRP療法にかかる費用について】 現時点では保険外診療とされているため、自由診療となり、自己 負担金が発生します。 金額は専用の機材の取り寄せと精製手技料が発生するため、治療 費として5万円を必要とします。 以上でPRP療法に関する説明は終了です。説明内容に同意して、 PRP療法を受けられる場合は、同意書にご署名をお願いいたしま す。 ‐‐‐‐‐‐‐‐‐‐‐‐‐‐‐‐‐‐‐‐‐‐‐‐‐‐‐‐‐‐‐‐‐‐‐‐ 趣旨説明医師名: 病院名:,,
V41_01C1907048,01C1907048,A,V41F2B45736B34,関東,東京都,医療法人社団　顕伊会　さい整形外科クリニック,葛飾区堀切3丁目35-10　ｙビル101,第二種,多血小板血漿（Platelet-rich plasma：PRP）を用いた整形外科疾患に対する治療,PRP,QC,1.0,https://saiseiiryo.mhlw.go.jp/published_plan/download/01C1907048/5/0,,,,,,,,,no price found after rescue text/OCR pass,Rescue completed; OCR page timeouts=0
V41_02C2606060,02C2606060,B,V41FD8A56C8A3E,関東,東京都,医療法人社団ことのは　両国きたむら整形外科,墨田区両国3-19-5　シュタム両国ビル2階,第三種,自己多血小板血漿(PRP)を用いた筋・腱・靭帯等、損傷した運動器組織再生治療,PRP,AUTO,1.0,https://saiseiiryo.mhlw.go.jp/published_plan/download/02C2606060/5/0,35000,不明,,,,8,,"可能性があります。 □ PRP注入後、腫れや内出血が起こることがあります。 □ PRP注入液を作製するためには、通常約10cc(1本あたり)の静脈 血を片側の肘の静脈から採血します。 □ 他の治療法との比較:ヒアルロン酸やステロイド注射等とは機 序が異なり、類似する方法はありません。 □ 治療費は、35,000円(別途消費税) □ PRPの保管及び移動は行いません。 □ PRP作製に関わる材料(血液)及び器材は医療廃棄物として処 理します。 □ 本治療は「自己多血小板血漿(PRP)を用いた筋・腱・靭帯等、損 傷した運動器組織再生治療」(受付番号:01C1904036)という名 称で、特定非営利活動法人 日本アンチエイジング医療協会 認定 再生医療",,
V41_02C1912131,02C1912131,C,V41FE465108A80,関東,東京都,医療法人社団しぜん会　まつだ整形外科・リウマチ科,練馬区中村北1-10-12メディカルポート2階,第三種,自己多血小板血漿(PRP)を用いた筋・腱・靭帯等の軟部組織治療,PRP,AUTO,1.0,https://saiseiiryo.mhlw.go.jp/published_plan/download/02C1912131/5/0,30000,税別,,,,8,,"P療法を受けることを拒否すること又は同意 を撤回することにより不利益な取扱いを受けることはないことを 知っています。もし、治療期間中に疑問を持った場合には、医師に 電話および診察で尋ねることができます。 治療費 私は、PRP療法を行うにあたり、以下の治療費を支払います。 治療費PRP 1mlあたり 30,000円(税抜) 守秘義務 私の医学的情報は法律で要求される期間、秘密を守って保存される ことを理解します。ただし、私個人を特定できないような情報は、 私の許可がなくても、教育や研究に使用してもかまいません。 この書類の理解 私は以上の処置とそれに伴う利点、危険性について完全な情報の提 供を受けたことを確認します。決定まで十分な時間をかけ、決定",,
V41_03C2605008,03C2605008,D,V41F31AFAFD7E1,関東,東京都,医療法人社団ウェルエイジング　Dクリニック東京,"千代田区丸の内1-11-1
パシフィックセンチュリープレイス丸の内10F",第二種,慢性関節炎に対する自己脂肪由来幹細胞を用いた治療,脂肪由来幹細胞,QC,1.0,https://saiseiiryo.mhlw.go.jp/published_plan/download/03C2605008/5/0,10000,税別,,,,5,7,"治療費用 診察・カウンセリング 10,000 円 (税抜) 血液検査 10,000 円 (税抜)",price candidates remain ambiguous,
V41_03C2605008,03C2605008,D,V41F31AFAFD7E1,関東,東京都,医療法人社団ウェルエイジング　Dクリニック東京,"千代田区丸の内1-11-1
パシフィックセンチュリープレイス丸の内10F",第二種,慢性関節炎に対する自己脂肪由来幹細胞を用いた治療,脂肪由来幹細胞,QC,1.0,https://saiseiiryo.mhlw.go.jp/published_plan/download/03C2605008/5/0,10000,税別,1 回,,,5,7,"10,000 円 (税抜) 血液検査 10,000 円 (税抜) 脂肪採取(1 回) +自家間葉系幹細胞の投与(1 回)",price candidates remain ambiguous,
V41_03C2605008,03C2605008,D,V41F31AFAFD7E1,関東,東京都,医療法人社団ウェルエイジング　Dクリニック東京,"千代田区丸の内1-11-1
パシフィックセンチュリープレイス丸の内10F",第二種,慢性関節炎に対する自己脂肪由来幹細胞を用いた治療,脂肪由来幹細胞,QC,1.0,https://saiseiiryo.mhlw.go.jp/published_plan/download/03C2605008/5/0,1000000,税別,2 回,,,5,7,"1,500,000 円 (税抜) 自己脂肪由来間葉系幹細胞の点滴投与(2 回目) 1,000,000 円 (税抜) 自己脂肪由来間葉系幹細胞の点滴投与(3 回目) 1,000,000 円 (税抜)",price candidates remain ambiguous,
V41_03C2605008,03C2605008,D,V41F31AFAFD7E1,関東,東京都,医療法人社団ウェルエイジング　Dクリニック東京,"千代田区丸の内1-11-1
パシフィックセンチュリープレイス丸の内10F",第二種,慢性関節炎に対する自己脂肪由来幹細胞を用いた治療,脂肪由来幹細胞,QC,1.0,https://saiseiiryo.mhlw.go.jp/published_plan/download/03C2605008/5/0,1000000,税別,3 回,,,5,7,"1,000,000 円 (税抜) 自己脂肪由来間葉系幹細胞の点滴投与(3 回目) 1,000,000 円 (税抜)",price candidates remain ambiguous,
V41_03C2605008,03C2605008,D,V41F31AFAFD7E1,関東,東京都,医療法人社団ウェルエイジング　Dクリニック東京,"千代田区丸の内1-11-1
パシフィックセンチュリープレイス丸の内10F",第二種,慢性関節炎に対する自己脂肪由来幹細胞を用いた治療,脂肪由来幹細胞,QC,1.0,https://saiseiiryo.mhlw.go.jp/published_plan/download/03C2605008/5/0,1500000,税別,1 回,,,5,7,"脂肪採取(1 回) +自家間葉系幹細胞の投与(1 回) 1,500,000 円 (税抜) 自己脂肪由来間葉系幹細胞の点滴投与(2 回目) 1,000,000 円 (税抜)",price candidates remain ambiguous,
V41_02C2307023,02C2307023,A,V41F0E680EF525,関東,東京都,"医療法人社団スポーツメディカル
八王子スポーツ整形外科",八王子市中町5-1 八王子中町ビル3・4・6階,第三種,多血小板血漿(PRP)の投与によるスポーツ外傷を含む筋、腱、靱帯損傷治療,PRP,AUTO,1.0,https://saiseiiryo.mhlw.go.jp/published_plan/download/02C2307023/5/0,30000,不明,1回,ACP|GPS|Zimmer|Arthrex,Arthrex|Zimmer Biomet,8,,"この治療は公的保険の対象ではありませんので、当病院所定の下記 の施術料をお支払いいただきます。 ・ZIMMER BIOMET製 GPSIIIキットを使用した施術料 120,000円 ・Arthrex Japan製 ACPダブルシリンジを使用した施術料 30,000円 ご不明な点は医師・スタッフにお尋ねください。なお1回の施術あ たりの費用は、患部の状態を確認した医師の判断、およびそれに応 じたPRP投与量等により変更となる場合がございます。 11. その他治療についての注意事 項 患者様の体調が良くない場合や、採取した血液の状態によっ",,
V41_02C2307023,02C2307023,A,V41F0E680EF525,関東,東京都,"医療法人社団スポーツメディカル
八王子スポーツ整形外科",八王子市中町5-1 八王子中町ビル3・4・6階,第三種,多血小板血漿(PRP)の投与によるスポーツ外傷を含む筋、腱、靱帯損傷治療,PRP,AUTO,1.0,https://saiseiiryo.mhlw.go.jp/published_plan/download/02C2307023/5/0,120000,不明,1回,ACP|GPS|Zimmer|Arthrex,Arthrex|Zimmer Biomet,8,,", No. 6, 2011よ り 10. 治療にかかる費用につい て この治療は公的保険の対象ではありませんので、当病院所定の下記 の施術料をお支払いいただきます。 ・ZIMMER BIOMET製 GPSIIIキットを使用した施術料 120,000円 ・Arthrex Japan製 ACPダブルシリンジを使用した施術料 30,000円 ご不明な点は医師・スタッフにお尋ねください。なお1回の施術あ たりの費用は、患部の状態を確認した医師の判断、およびそれに応 じたPRP投与量等により変更となる場合がございます。 11. その他治療についての注意事 項",,
V41_02C2601092,02C2601092,B,V41F0E680EF525,関東,東京都,"医療法人社団スポーツメディカル
八王子スポーツ整形外科","八王子市中町5-1
八王子中町ビル3・4・6階",第二種,多血小板血漿（PRP）の投与による変形性関節症治療,PRP,AUTO,1.0,https://saiseiiryo.mhlw.go.jp/published_plan/download/02C2601092/5/0,50000,不明,1回,ACP|APS|GPS|Zimmer,Arthrex|Zimmer Biomet,8,,"せんので、当クリニックの所 定の施術料をお支払いいただきます。 ・ZIMMER BIOMET製 APSキットを使用した施術料 380,000円 ・ZIMMER BIOMET製 GPSIIIキットを使用した施術料 180,000円 ・Arthrex Japan製 ACPダブルシリンジを使用した施術料 50,000円 ご不明な点は医師・スタッフにお尋ねください。なお1回の施術あ たりの費用は、患部の状態を確認した医師の判断、PRPの遠心回数 等により変更となる場合がございます。 12. その他治療についての注意事 項 患者様の体調が良くない場合や、採取した血液の状態によっては、 PR",,
V41_02C2601092,02C2601092,B,V41F0E680EF525,関東,東京都,"医療法人社団スポーツメディカル
八王子スポーツ整形外科","八王子市中町5-1
八王子中町ビル3・4・6階",第二種,多血小板血漿（PRP）の投与による変形性関節症治療,PRP,AUTO,1.0,https://saiseiiryo.mhlw.go.jp/published_plan/download/02C2601092/5/0,180000,不明,1回,ACP|APS|GPS|Zimmer,Arthrex|Zimmer Biomet,8,,"全には否定できない 11. 治療にかかる費用について この治療は公的保険の対象ではありませんので、当クリニックの所 定の施術料をお支払いいただきます。 ・ZIMMER BIOMET製 APSキットを使用した施術料 380,000円 ・ZIMMER BIOMET製 GPSIIIキットを使用した施術料 180,000円 ・Arthrex Japan製 ACPダブルシリンジを使用した施術料 50,000円 ご不明な点は医師・スタッフにお尋ねください。なお1回の施術あ たりの費用は、患部の状態を確認した医師の判断、PRPの遠心回数 等により変更となる場合がございます。 12. その他治療についての注意事 項",,
V41_02C2601092,02C2601092,B,V41F0E680EF525,関東,東京都,"医療法人社団スポーツメディカル
八王子スポーツ整形外科","八王子市中町5-1
八王子中町ビル3・4・6階",第二種,多血小板血漿（PRP）の投与による変形性関節症治療,PRP,AUTO,1.0,https://saiseiiryo.mhlw.go.jp/published_plan/download/02C2601092/5/0,380000,不明,1回,ACP|APS|GPS|Zimmer,Arthrex|Zimmer Biomet,8,,"には否定できない 品質管理された安全性の高いものだが、アレルギー反応などの可能 性を完全には否定できない 11. 治療にかかる費用について この治療は公的保険の対象ではありませんので、当クリニックの所 定の施術料をお支払いいただきます。 ・ZIMMER BIOMET製 APSキットを使用した施術料 380,000円 ・ZIMMER BIOMET製 GPSIIIキットを使用した施術料 180,000円 ・Arthrex Japan製 ACPダブルシリンジを使用した施術料 50,000円 ご不明な点は医師・スタッフにお尋ねください。なお1回の施術あ たりの費用は、患部の状態を確認した医師の判断、PRPの遠心回数 等により変更となる場合がございます。 1",,
V41_02C2502063,02C2502063,C,V41FC87B12A6E8,関東,東京都,"医療法人社団ナチュラルハーモニー
ナチュラルハーモニークリニック表参道",渋谷区神宮前6－25－14 神宮前メディアスクエアビル5 階,第二種,膝変形性関節症に対する自己脂肪由来幹細胞を用いた治療,脂肪由来幹細胞,AUTO,1.0,https://saiseiiryo.mhlw.go.jp/published_plan/download/02C2502063/5/0,1000000,不明,1回,,,11,3,"す。 初診料 5,000 円 治療費用 1回 1,000,000円~1,500,000 円 また、治療を決定して脂肪を採取するとすぐに治療費(培養費)が 発生するため、脂肪を採取した当日に治療費をお支払いいただきま",line-level strong price context,
V41_02C2502063,02C2502063,C,V41FC87B12A6E8,関東,東京都,"医療法人社団ナチュラルハーモニー
ナチュラルハーモニークリニック表参道",渋谷区神宮前6－25－14 神宮前メディアスクエアビル5 階,第二種,膝変形性関節症に対する自己脂肪由来幹細胞を用いた治療,脂肪由来幹細胞,AUTO,1.0,https://saiseiiryo.mhlw.go.jp/published_plan/download/02C2502063/5/0,1500000,不明,1回,,,11,3,"す。 初診料 5,000 円 治療費用 1回 1,000,000円~1,500,000 円 また、治療を決定して脂肪を採取するとすぐに治療費(培養費)が 発生するため、脂肪を採取した当日に治療費をお支払いいただきま",line-level strong price context,
V41_02C2601056,02C2601056,D,V41FC87B12A6E8,関東,東京都,"医療法人社団ナチュラルハーモニー
ナチュラルハーモニークリニック表参道",渋谷区神宮前6-25-14　神宮前メディアスクエアビル5階,第二種,自己脂肪由来間葉系幹細胞を用いた関節周囲炎、変形性関節症治療,脂肪由来幹細胞,QC,1.0,https://saiseiiryo.mhlw.go.jp/published_plan/download/02C2601056/5/0,33000,税込,,,,7,6,"費用(税込) 脂肪採取前まで(初診料、血液検査費用として) 33,000 円 脂肪採取後、培養を開始するまで 投与費用の50%",price candidates remain ambiguous,
V41_02C2601056,02C2601056,D,V41FC87B12A6E8,関東,東京都,"医療法人社団ナチュラルハーモニー
ナチュラルハーモニークリニック表参道",渋谷区神宮前6-25-14　神宮前メディアスクエアビル5階,第二種,自己脂肪由来間葉系幹細胞を用いた関節周囲炎、変形性関節症治療,脂肪由来幹細胞,QC,1.0,https://saiseiiryo.mhlw.go.jp/published_plan/download/02C2601056/5/0,4158000,不明,1 部位,,,6,6,"2,926,000 円 自己脂肪由来間葉系幹細胞投与(1 部位・3 回) 4,158,000 円 (3) 本治療をキャンセルされた場合は、キャンセル費用をいただきます。 項目",price candidates remain ambiguous,
V41_02C2601056,02C2601056,D,V41FC87B12A6E8,関東,東京都,"医療法人社団ナチュラルハーモニー
ナチュラルハーモニークリニック表参道",渋谷区神宮前6-25-14　神宮前メディアスクエアビル5階,第二種,自己脂肪由来間葉系幹細胞を用いた関節周囲炎、変形性関節症治療,脂肪由来幹細胞,QC,1.0,https://saiseiiryo.mhlw.go.jp/published_plan/download/02C2601056/5/0,5500,税込,,,,4,6,"費用(税込) 初診料 5,500 円 血液検査 27,500 円",price candidates remain ambiguous,
V41_02C2601056,02C2601056,D,V41FC87B12A6E8,関東,東京都,"医療法人社団ナチュラルハーモニー
ナチュラルハーモニークリニック表参道",渋谷区神宮前6-25-14　神宮前メディアスクエアビル5階,第二種,自己脂肪由来間葉系幹細胞を用いた関節周囲炎、変形性関節症治療,脂肪由来幹細胞,QC,1.0,https://saiseiiryo.mhlw.go.jp/published_plan/download/02C2601056/5/0,27500,不明,1 部位,,,3,6,"5,500 円 血液検査 27,500 円 自己脂肪由来間葉系幹細胞投与(1 部位・1 回) 1,540,000 円",price candidates remain ambiguous,
V41_02C2601056,02C2601056,D,V41FC87B12A6E8,関東,東京都,"医療法人社団ナチュラルハーモニー
ナチュラルハーモニークリニック表参道",渋谷区神宮前6-25-14　神宮前メディアスクエアビル5階,第二種,自己脂肪由来間葉系幹細胞を用いた関節周囲炎、変形性関節症治療,脂肪由来幹細胞,QC,1.0,https://saiseiiryo.mhlw.go.jp/published_plan/download/02C2601056/5/0,1540000,不明,1 部位,,,3,6,"27,500 円 自己脂肪由来間葉系幹細胞投与(1 部位・1 回) 1,540,000 円 自己脂肪由来間葉系幹細胞投与(1 部位・2 回) 2,926,000 円",price candidates remain ambiguous,
V41_02C2601056,02C2601056,D,V41FC87B12A6E8,関東,東京都,"医療法人社団ナチュラルハーモニー
ナチュラルハーモニークリニック表参道",渋谷区神宮前6-25-14　神宮前メディアスクエアビル5階,第二種,自己脂肪由来間葉系幹細胞を用いた関節周囲炎、変形性関節症治療,脂肪由来幹細胞,QC,1.0,https://saiseiiryo.mhlw.go.jp/published_plan/download/02C2601056/5/0,2926000,不明,1 部位,,,3,6,"1,540,000 円 自己脂肪由来間葉系幹細胞投与(1 部位・2 回) 2,926,000 円 自己脂肪由来間葉系幹細胞投与(1 部位・3 回) 4,158,000 円",price candidates remain ambiguous,
V41_03C2604054,03C2604054,A,V41F8A04184521,関東,東京都,医療法人社団ルネ ルネクリニック東京院,千代田区大手町一丁目1番3号大手センタービル14階,第二種,変形性関節症に対する自己脂肪由来幹細胞を用いた治療,脂肪由来幹細胞,AUTO,1.0,https://saiseiiryo.mhlw.go.jp/published_plan/download/03C2604054/5/0,1320000,税込,,,,10,5,"す。実際に必要となる費用については今回の治療では下記となります(税込)。 初診料 5,500 円 血液検査料 22,000 円 組織採取料 220,000 円 治療費用 1,320,000 円/回 なお、脂肪の採取後や、細胞加工物の製造開始後に同意を撤回された場合など、同意を撤回される 時点までに費用が発生している場合は、発生した費用についてはあなたにご負担いただきますので",line-level strong price context,
V41_03C2604056,03C2604056,B,V41F8A04184521,関東,東京都,医療法人社団ルネ ルネクリニック東京院,千代田区大手町一丁目1番3号大手センタービル14階,第二種,自己脂肪由来間葉系幹細胞を用いた腱、靭帯、筋肉などの軟部組織損傷に対する治療,脂肪由来幹細胞,AUTO,1.0,https://saiseiiryo.mhlw.go.jp/published_plan/download/03C2604056/5/0,1320000,税込,,,,10,5,"す。実際に必要となる費用については今回の治療では下記となります(税込)。 初診料 5,500 円 血液検査料 22,000 円 組織採取料 220,000 円 治療費用 1,320,000 円/回 なお、脂肪の採取後や、細胞加工物の製造開始後に同意を撤回された場合など、同意を撤回される 時点までに費用が発生している場合は、発生した費用についてはあなたにご負担いただきますので",line-level strong price context,
V41_02C2512023,02C2512023,C,V41F3E711DC26B,関東,東京都,医療法人社団下田緑眞会 世田谷北部病院,世田谷区南烏山2丁目9-17,第三種,腱、筋、靭帯等、関節腔外の筋骨格支持組織に対するPRP治療,PRP,AUTO,1.0,https://saiseiiryo.mhlw.go.jp/published_plan/download/02C2512023/5/0,40000,税込,,ACP MAX|ACP,Arthrex,8,,"ま氏名 代諾者氏名: (続柄: ) 12 (別紙) 本再生医療等の費用は以下のとおりです。 治療の種類 平均的な血小板注入量 費用(税込み) ACP-PRP 20 億個 40,000 円 HD-PRP(ACP MAX の場合) 90 億個 160,000 円 ACP-PRP は効果を高めるため、2 倍量1 度に投与することが可能です。その場合の 費用は以下の通りです。 治療の種類 平均的な血小板注入量 費用(税込み) ACP-PRP ダブルショット 40 億個 80,000 円 治療終了後も定期的",,
V41_02C2512023,02C2512023,C,V41F3E711DC26B,関東,東京都,医療法人社団下田緑眞会 世田谷北部病院,世田谷区南烏山2丁目9-17,第三種,腱、筋、靭帯等、関節腔外の筋骨格支持組織に対するPRP治療,PRP,AUTO,1.0,https://saiseiiryo.mhlw.go.jp/published_plan/download/02C2512023/5/0,80000,税込,,ACP MAX|ACP,Arthrex,8,,"円 HD-PRP(ACP MAX の場合) 90 億個 160,000 円 ACP-PRP は効果を高めるため、2 倍量1 度に投与することが可能です。その場合の 費用は以下の通りです。 治療の種類 平均的な血小板注入量 費用(税込み) ACP-PRP ダブルショット 40 億個 80,000 円 治療終了後も定期的な受診をお願いしております。 本治療は医療費控除の対象となる可能性があります。詳細は国税庁や税理士にご確 認ください。 以上",,
V41_02C2512023,02C2512023,C,V41F3E711DC26B,関東,東京都,医療法人社団下田緑眞会 世田谷北部病院,世田谷区南烏山2丁目9-17,第三種,腱、筋、靭帯等、関節腔外の筋骨格支持組織に対するPRP治療,PRP,AUTO,1.0,https://saiseiiryo.mhlw.go.jp/published_plan/download/02C2512023/5/0,160000,税込,,ACP MAX|ACP,Arthrex,8,,"氏名: (続柄: ) 12 (別紙) 本再生医療等の費用は以下のとおりです。 治療の種類 平均的な血小板注入量 費用(税込み) ACP-PRP 20 億個 40,000 円 HD-PRP(ACP MAX の場合) 90 億個 160,000 円 ACP-PRP は効果を高めるため、2 倍量1 度に投与することが可能です。その場合の 費用は以下の通りです。 治療の種類 平均的な血小板注入量 費用(税込み) ACP-PRP ダブルショット 40 億個 80,000 円 治療終了後も定期的な受診をお願いしております。 本治療は医療費控除の対象となる可能性が",,
V41_01C2504014,01C2504014,D,V41F1E89A35929,関東,東京都,医療法人社団中川整形外科,世田谷区用賀４－１３－８プリモメゾン用賀１Ｆ,第三種,四肢の筋・腱・靱帯及びその付着部の傷害を対象とした自家多血小板血漿（PRP）注入療法,PRP,AUTO,1.0,https://saiseiiryo.mhlw.go.jp/published_plan/download/01C2504014/5/0,50000,税込,1 回,Condensia,京セラ,9,,"です。そのため、患者様の費用負担が 他の治療よりも高額になることがあります。当院において実施される本治療および本治 療に必要な検査などの費用は全額自己負担となります。 血液分離専用容器キットによる提供価格 各1 回: PRP:(京セラCondensia システム)使用 ・・・・・・・・1 回50,000 円(税込) ※患者様の症状によっては、治療を数回行うことがあります。治療前、または治療後 の状態から担当医師が判断し、患者様にお伝えしご相談させて頂きます。 ※治療内容・回数により1回あたりの費用が減額される場合がございます。施術する 前に詳細な説明をいたしますので、ご納得いただいた上で施術いただきますようお 願い申し上げます。",,
V41_01C2504014,01C2504014,D,V41F1E89A35929,関東,東京都,医療法人社団中川整形外科,世田谷区用賀４－１３－８プリモメゾン用賀１Ｆ,第三種,四肢の筋・腱・靱帯及びその付着部の傷害を対象とした自家多血小板血漿（PRP）注入療法,PRP,AUTO,1.0,https://saiseiiryo.mhlw.go.jp/published_plan/download/01C2504014/5/0,5000,税込,,,,-7,,"に同意されない場合でも、一切不利益を受けることはありません。 また同様に、治療を受けることに同意した場合であっても、投与までの間でしたらい つでも取りやめることができます。その場合、その後の治療について一切不利益は受け ません。(ただし下記のキャンセル料は申し受けます) 京セラ:採血後~加工前 5,000 円(税込) 加工後~投与前 30,000 円(税込) もしこの治療を受けることに同意しない場合も、最適と考えられる治療を実施できる ように患者様の治療に最善を尽くします。 ただし、治療を行った後は、健康管理のために必要に応じて適切な検査を受けていた だき、医学的に問題がないかを確認させていただきます。 11. 試料等",,
V41_01C2504014,01C2504014,D,V41F1E89A35929,関東,東京都,医療法人社団中川整形外科,世田谷区用賀４－１３－８プリモメゾン用賀１Ｆ,第三種,四肢の筋・腱・靱帯及びその付着部の傷害を対象とした自家多血小板血漿（PRP）注入療法,PRP,AUTO,1.0,https://saiseiiryo.mhlw.go.jp/published_plan/download/01C2504014/5/0,30000,税込,,,,-7,,"りません。 また同様に、治療を受けることに同意した場合であっても、投与までの間でしたらい つでも取りやめることができます。その場合、その後の治療について一切不利益は受け ません。(ただし下記のキャンセル料は申し受けます) 京セラ:採血後~加工前 5,000 円(税込) 加工後~投与前 30,000 円(税込) もしこの治療を受けることに同意しない場合も、最適と考えられる治療を実施できる ように患者様の治療に最善を尽くします。 ただし、治療を行った後は、健康管理のために必要に応じて適切な検査を受けていた だき、医学的に問題がないかを確認させていただきます。 11. 試料等の保管及び廃棄の方法について この治療にて患者",,
V41_02C1912115,02C1912115,A,V41F27150D56D5,関東,東京都,医療法人社団健翔会　豊島長崎クリニック,豊島区長崎4-25-15,第三種,自己多血小板血漿(PRP)を用いた筋・腱・靭帯等の軟部組織ペイン治療,PRP,AUTO,1.0,https://saiseiiryo.mhlw.go.jp/published_plan/download/02C1912115/5/0,50000,不明,,,,8,,。 ・血小板活性を促すためにアドレナリン含有リドカインを少量加え る事があります。 ・施術後にホットタオルで加温します。 ・他の治療法との比較:ヒアルロン酸やコラーゲン注射、または光 線療法とは機序が異なり類似する方法はありません。 ・治療費は、顔面全体の治療で15万円(別途消費税)、部分的治 療で5万円(別途消費税)。 ・PRPの保管及び移動は行いません。 ・PRP作製に関わる材料(血液)及び器材は医療廃棄物として処理 します。 ・本治療は「自己多血小板血漿(PRP)を用いた筋・腱・靭帯等の 軟部組織ペイン治療」(計画番号PC3180005)という名称で、特定 非営利活動法人日本アンチエイジング医療協会認定再生医療等委員 会における審,,
V41_02C1912115,02C1912115,A,V41F27150D56D5,関東,東京都,医療法人社団健翔会　豊島長崎クリニック,豊島区長崎4-25-15,第三種,自己多血小板血漿(PRP)を用いた筋・腱・靭帯等の軟部組織ペイン治療,PRP,AUTO,1.0,https://saiseiiryo.mhlw.go.jp/published_plan/download/02C1912115/5/0,150000,不明,,,,8,,静脈血を片側の肘の静脈から採血します。 ・血小板活性を促すためにアドレナリン含有リドカインを少量加え る事があります。 ・施術後にホットタオルで加温します。 ・他の治療法との比較:ヒアルロン酸やコラーゲン注射、または光 線療法とは機序が異なり類似する方法はありません。 ・治療費は、顔面全体の治療で15万円(別途消費税)、部分的治 療で5万円(別途消費税)。 ・PRPの保管及び移動は行いません。 ・PRP作製に関わる材料(血液)及び器材は医療廃棄物として処理 します。 ・本治療は「自己多血小板血漿(PRP)を用いた筋・腱・靭帯等の 軟部組織ペイン治療」(計画番号PC3180005)という名称で、特定 非営利活動法人日本アンチエイジング医療,,
V41_01C2211043,01C2211043,B,V41FC82DEC3297,関東,東京都,医療法人社団充幸会　髙見澤整形外科クリニック,小金井市梶野町五丁目11番5号パピスプラザ205号室,第二種,多血小板血漿（PRP）を用いた変形性関節症の疼痛緩和、変性修復,PRP,AUTO,1.0,https://saiseiiryo.mhlw.go.jp/published_plan/download/01C2211043/5/0,100000,不明,1 回,APS,Zimmer Biomet,7,,"われている 自己血由来のため比較 的低いと言われている 品質管理されており安 全性は高いが、アレルギ ー反応などの可能性は 完全には否定できない 治療にかかる費用について この治療は公的保険の対象ではありませんので、当施設にて施術料をお支払いいただきます。 ・PRP 療法 1 回 100,000 円 (すべて込み) ・APS 療法 1 回 300,000 円 (すべて込み) 05_多血小板血漿(PRP)を用いた変形性関節症の疼痛緩和、変性修復を目的とした治療の説明文・同意文書 7 ※患者様の症状により施術料が変わる場合は別途、ご説明いたします。 その他治療についての注意事項",,
V41_01C2211043,01C2211043,B,V41FC82DEC3297,関東,東京都,医療法人社団充幸会　髙見澤整形外科クリニック,小金井市梶野町五丁目11番5号パピスプラザ205号室,第二種,多血小板血漿（PRP）を用いた変形性関節症の疼痛緩和、変性修復,PRP,AUTO,1.0,https://saiseiiryo.mhlw.go.jp/published_plan/download/01C2211043/5/0,300000,不明,1 回,APS,Zimmer Biomet,7,,"質管理されており安 全性は高いが、アレルギ ー反応などの可能性は 完全には否定できない 治療にかかる費用について この治療は公的保険の対象ではありませんので、当施設にて施術料をお支払いいただきます。 ・PRP 療法 1 回 100,000 円 (すべて込み) ・APS 療法 1 回 300,000 円 (すべて込み) 05_多血小板血漿(PRP)を用いた変形性関節症の疼痛緩和、変性修復を目的とした治療の説明文・同意文書 7 ※患者様の症状により施術料が変わる場合は別途、ご説明いたします。 その他治療についての注意事項 患者様の体調が良くない場合や、採取した血",,
V41_01C2211044,01C2211044,C,V41FC82DEC3297,関東,東京都,医療法人社団充幸会　髙見澤整形外科クリニック,小金井市梶野町五丁目11番5号パピスプラザ205号室,第三種,多血小板血漿（PRP）を用いた筋、腱損傷の治療,PRP,AUTO,1.0,https://saiseiiryo.mhlw.go.jp/published_plan/download/01C2211044/5/0,100000,不明,1 部位,,,7,,"の高い が、アレルギー反応などの可能性は 完全には否定できない 炎症反応を強く抑制するため、組織 修復の遅延、組織がもろくなること がある 治療にかかる費用について この治療は公的保険の対象ではありませんので、当施設にて施術料をお支払いいただきます。 ・PRP 療法 1 部位1投与 100,000 円 (すべて込み) ※患者さまの症状により施術料が変わる場合は別途、ご説明いたします。 その他治療についての注意事項 患者さまの体調が良くない場合や、採取した血液の状態によっては、PRP を分離できないこ とがあります。 第3 種 多血小板血漿(PRP)を用いた筋、腱損傷の治",,
V41_03C2407058,03C2407058,D,V41FD38062D0E0,関東,東京都,医療法人社団光美会 ルーチェクリニック銀座院,"中央区銀座3-3-13
阪急阪神銀座ビル7階",第二種,自己脂肪由来幹細胞を用いた変形性関節症の治療,脂肪由来幹細胞,AUTO,1.0,https://saiseiiryo.mhlw.go.jp/published_plan/download/03C2407058/5/0,1650000,税込,1回,,,9,,"ていただきま す。 再生医療事務局 電話番号:03-3579-5043 12.費用について 本治療は保険適用外であるため、治療にかかる費用全額をご自分で ご負担いただきます。その他、本治療を受けるために必要となった 旅費、交通費などの全ての費用もご自分でご負担いただきます。 本治療にかかる費用は1回1,650,000円(税込)となっております。 なお、脂肪の採取後や、細胞加工物の製造後に同意を撤回された場 合など、同意を撤回される時点までに費用が発生している場合は、 発生した費用についてはあなたにご負担いただきますのでご了承く ださい。 13.他の治療法の有無、本治療法との比較について 変形性関節症の治療法には保存療法と手術療法の2つの方法があり ま",,
V41_01C2409054,01C2409054,A,V41F4DACF2F973,関東,東京都,"医療法人社団全心会
ぜんしん整形外科　立川スポーツリハビリクリニック",立川市曙町2-11-2 フロム中武7階,第三種,自家多血小板血漿（Platelet-Rich Plasma：PRP）を用いた筋肉、腱、靭帯、筋膜の損傷及び慢性炎症の治療（関節外の軟部組織）,PRP,QC,1.0,https://saiseiiryo.mhlw.go.jp/published_plan/download/01C2409054/5/0,450000,不明,両側,Angel,Arthrex,6,7,"PRP 両側 Angel 450,000 円 (3) 採血を開始してからのキャンセルについては、キャンセル費用をいただ きます。",price candidates remain ambiguous,
V41_01C2409054,01C2409054,A,V41F4DACF2F973,関東,東京都,"医療法人社団全心会
ぜんしん整形外科　立川スポーツリハビリクリニック",立川市曙町2-11-2 フロム中武7階,第三種,自家多血小板血漿（Platelet-Rich Plasma：PRP）を用いた筋肉、腱、靭帯、筋膜の損傷及び慢性炎症の治療（関節外の軟部組織）,PRP,QC,1.0,https://saiseiiryo.mhlw.go.jp/published_plan/download/01C2409054/5/0,50000,不明,片側,ACP|Angel,Arthrex,3,7,"PRP 片側 ACP 50,000 円 Angel 300,000 円",price candidates remain ambiguous,
V41_01C2409054,01C2409054,A,V41F4DACF2F973,関東,東京都,"医療法人社団全心会
ぜんしん整形外科　立川スポーツリハビリクリニック",立川市曙町2-11-2 フロム中武7階,第三種,自家多血小板血漿（Platelet-Rich Plasma：PRP）を用いた筋肉、腱、靭帯、筋膜の損傷及び慢性炎症の治療（関節外の軟部組織）,PRP,QC,1.0,https://saiseiiryo.mhlw.go.jp/published_plan/download/01C2409054/5/0,300000,不明,両側,Angel,Arthrex,3,7,"50,000 円 Angel 300,000 円 PRP 両側 Angel",price candidates remain ambiguous,
V41_01C2309059,01C2309059,B,V41F641A5944C0,関東,東京都,"医療法人社団円徳
慶友整形外科脊椎関節病院",足立区足立1-12-12　足立メディカルモール4F～8F,第三種,四肢の靭帯、筋腱付着部およびスポーツ傷害（筋・腱・靭帯）を対象とした自家多血小板血漿（PRP）注入療法,PRP,QC,1.0,https://saiseiiryo.mhlw.go.jp/published_plan/download/01C2309059/5/0,,,,,,,,,no price found after text/OCR pass,Document fetched but no price candidate
V41_01C2312021,01C2312021,C,V41F1F45EE20D2,関東,東京都,"医療法人社団円徳
慶友整形外科脊椎関節病院","足立区足立1-12-12
足立メディカルモール4階〜8階",第二種,自家脂肪組織由来幹細胞（ASC）の投与による関節治療,脂肪由来幹細胞,QC,1.0,https://saiseiiryo.mhlw.go.jp/published_plan/download/01C2312021/5/0,,,,,,,,,no price found after text/OCR pass,Document fetched but no price candidate
V41_01C2409061,01C2409061,D,V41FFD2B139326,関東,東京都,"医療法人社団円徳
慶友整形外科脊椎関節病院","足立区足立1-12-12　
足立メディカルモール",第二種,自己脂肪由来間葉系幹細胞を用いた慢性疼痛に対する治療,脂肪由来幹細胞,QC,1.0,https://saiseiiryo.mhlw.go.jp/published_plan/download/01C2409061/5/0,,,,,,,,,no price found after text/OCR pass,Document fetched but no price candidate
V41_01C2312020,01C2312020,A,V41F16FBF5826E,関東,東京都,医療法人社団円徳　慶友整形外科脊椎関節病院,"東京都足立区足立1-12-12
足立メディカルモール4階〜8階",第二種,慢性疼痛に対する自家脂肪由来間葉系幹細胞による治療,脂肪由来幹細胞,QC,1.0,https://saiseiiryo.mhlw.go.jp/published_plan/download/01C2312020/5/0,15000,税込,,,,7,8,"費用(税込) 血液検査(初診料含む) 15,000 円 自家脂肪由来間葉系幹細胞投与(0.5-1.5 億cells) 990,000 円",price candidates remain ambiguous,
V41_01C2312020,01C2312020,A,V41F16FBF5826E,関東,東京都,医療法人社団円徳　慶友整形外科脊椎関節病院,"東京都足立区足立1-12-12
足立メディカルモール4階〜8階",第二種,慢性疼痛に対する自家脂肪由来間葉系幹細胞による治療,脂肪由来幹細胞,QC,1.0,https://saiseiiryo.mhlw.go.jp/published_plan/download/01C2312020/5/0,990000,不明,1 回,,,6,8,"15,000 円 自家脂肪由来間葉系幹細胞投与(0.5-1.5 億cells) 990,000 円 ※投与回数にかかわらず、1 回投与あたりの費用です。 III.",price candidates remain ambiguous,
V41_02C1911105,02C1911105,B,V41FEAB89B1F6F,関東,東京都,医療法人社団医献会　辻クリニック,千代田区麹町6-6-1　長尾ビル8階,第二種,自己脂肪由来幹細胞を用いた変形性関節症の治療,脂肪由来幹細胞,QC,1.0,https://saiseiiryo.mhlw.go.jp/published_plan/download/02C1911105/5/0,600000,不明,,,,0,1,"国外の患者様 1億個 600,000円",price candidates remain ambiguous,
V41_02C1911105,02C1911105,B,V41FEAB89B1F6F,関東,東京都,医療法人社団医献会　辻クリニック,千代田区麹町6-6-1　長尾ビル8階,第二種,自己脂肪由来幹細胞を用いた変形性関節症の治療,脂肪由来幹細胞,QC,1.0,https://saiseiiryo.mhlw.go.jp/published_plan/download/02C1911105/5/0,800000,不明,,,,0,1,"HAOSSE 1億個 800,000円 国外の患者様 1億個",price candidates remain ambiguous,
V41_03C2309040,03C2309040,C,V41F865E2F2615,関東,東京都,医療法人社団医進会 銀座小田クリニック,中央区銀座2-6-12 大倉本館11F,第二種,自己脂肪由来間葉系幹細胞を用いた変形性関節症治療,脂肪由来幹細胞,QC,1.0,https://saiseiiryo.mhlw.go.jp/published_plan/download/03C2309040/5/0,,,,,,,,,no price found after rescue text/OCR pass,Rescue completed; OCR page timeouts=0
V41_01C2110046,01C2110046,D,V41FCABFD81093,関東,東京都,"医療法人社団千美会
ガーデンクリニック 池袋院",豊島区南池袋2-26-6　島倉ビル4F,第二種,自己脂肪由来幹細胞を用いた変形性関節症の治療,脂肪由来幹細胞,AUTO,1.0,https://saiseiiryo.mhlw.go.jp/published_plan/download/01C2110046/5/0,1280000,税別,1回,,,9,,せていただきます。 再生医療事務局 電話番号:03-5985-6921 12.費用について 本治療は保険適用外であるため、治療にかかる費用全額をご自分で ご負担いただきます。その他、本治療を受けるために必要となった 旅費、交通費などの全ての費用もご自分でご負担いただきます。本 治療にかかる費用は1回128万円(税別)となっております。 なお、脂肪の採取後や、細胞加工物の製造後に同意を撤回された場 合など、同意を撤回される時点までに費用が発生している場合は、 発生した費用についてはあなたにご負担いただきますのでご了承く ださい。 13.他の治療法の有無、本治療法との比較について 変形性関節症の治療法には保存療法と手術療法の2つの方法があり ま,,
V41_01C2110047,01C2110047,A,V41F93969D819D,関東,東京都,"医療法人社団千美会
美容外科・歯科 ガーデンクリニック新宿院","新宿区新宿3-33-10
新宿モリエールビル5F",第二種,自己脂肪由来幹細胞を用いた変形性関節症の治療,脂肪由来幹細胞,AUTO,1.0,https://saiseiiryo.mhlw.go.jp/published_plan/download/01C2110047/5/0,1280000,税別,1回,,,9,,ていただきます。 再生医療事務局 電話番号:03-5985-6921 12.費用について 本治療は保険適用外であるため、治療にかかる費用全額をご自分で ご負担いただきます。その他、本治療を受けるために必要となった 旅費、交通費などの全ての費用もご自分でご負担いただきます。本 治療にかかる費用は1回128万円(税別)となっております。 なお、脂肪の採取後や、細胞加工物の製造後に同意を撤回された場 合など、同意を撤回される時点までに費用が発生している場合は、 発生した費用についてはあなたにご負担いただきますのでご了承く ださい。 13.他の治療法の有無、本治療法との比較について 変形性関節症の治療法には保存療法と手術療法の2つの方法があり ます,,
V41_02C2202019,02C2202019,B,V41F531E48AC0A,関東,東京都,医療法人社団博栄会　赤羽中央総合病院,北区志茂一丁目19番14号,第二種,多血小板血漿（Platelet-rich plasma：PRP）を用いた変形性関節症治療,PRP,AUTO,1.0,https://saiseiiryo.mhlw.go.jp/published_plan/download/02C2202019/5/0,100000,税別,,APS|GPS|Zimmer,Zimmer Biomet,8,,"を特定できる内容が使われることはありません。 治療にかかる費用について この治療は公的保険の対象ではありませんので、当院の所定の施術料をお支払いいただきます。 ・治療費一例:ZIMMER BIOMET 製 GPS®IIIシステム使用 100,000 円(税抜) ZIMMER BIOMET 製 APS キット使用 300,000 円(税抜) 上記費用は一例です。治療費は変動する可能性がございます。 詳細やご不明な点は医師・スタッフまでお気軽にお尋ねください。 施術後、患者様の個人的な事情及び金銭等に関する問題に関しては一切の責を負いかねますのでご 了承ください。",,
V41_02C2202019,02C2202019,B,V41F531E48AC0A,関東,東京都,医療法人社団博栄会　赤羽中央総合病院,北区志茂一丁目19番14号,第二種,多血小板血漿（Platelet-rich plasma：PRP）を用いた変形性関節症治療,PRP,AUTO,1.0,https://saiseiiryo.mhlw.go.jp/published_plan/download/02C2202019/5/0,300000,税別,,APS|GPS|Zimmer,Zimmer Biomet,8,,"この治療は公的保険の対象ではありませんので、当院の所定の施術料をお支払いいただきます。 ・治療費一例:ZIMMER BIOMET 製 GPS®IIIシステム使用 100,000 円(税抜) ZIMMER BIOMET 製 APS キット使用 300,000 円(税抜) 上記費用は一例です。治療費は変動する可能性がございます。 詳細やご不明な点は医師・スタッフまでお気軽にお尋ねください。 施術後、患者様の個人的な事情及び金銭等に関する問題に関しては一切の責を負いかねますのでご 了承ください。 1_07_説明文書同意書_赤羽中央総合病院 本治療の実施体制",,
V41_03C2203019,03C2203019,C,V41F531E48AC0A,関東,東京都,医療法人社団博栄会　赤羽中央総合病院,北区志茂一丁目19番14号,第三種,自己多血小板血漿(PRP)を用いた整形外科領域における軟部組織治療,PRP,AUTO,1.0,https://saiseiiryo.mhlw.go.jp/published_plan/download/03C2203019/5/0,100000,税別,,GPS|Zimmer,Zimmer Biomet,8,,"使われることはありません。 治療にかかる費用について この治療は公的保険の対象ではありませんので、当院所定の施術料をお支払いいただきま 5 す。 ・治療費一例: ZIMMER BIOMET 製 GPSIIIシステム使用 100,000 円(税抜) 上記価格は一例です。症状などにより治療費は変動する可能性がございます。 詳細やご不明な点は医師またはスタッフにお尋ね下さい。 施術後、患者様の個人的な事情及び金銭等に関する問題に関しては一切の責を負いかねます のでご了承ください。 本治療の実施体制",,
V41_01C2503053,01C2503053,D,V41F444EEF2E57,関東,東京都,医療法人社団同仁会診療所　Clinic Le GINZA,中央区銀座4丁目1番先 北数寄屋ビルB1F,第二種,整形外科疾患に伴う炎症の緩和を目的とした自己脂肪組織由来間葉系幹細胞の静脈点滴治療,脂肪由来幹細胞,QC,1.0,https://saiseiiryo.mhlw.go.jp/published_plan/download/01C2503053/5/0,,,,,,,,,no price found after text/OCR pass,Document fetched but no price candidate
V41_01C2506055,01C2506055,A,V41F444EEF2E57,関東,東京都,医療法人社団同仁会診療所　Clinic Le GINZA,中央区銀座4丁目1番先　北数寄屋ビルB1F,第二種,自己末梢血由来単核細胞の関節内投与による整形外科疾患の治療,その他MSK,QC,1.0,https://saiseiiryo.mhlw.go.jp/published_plan/download/01C2506055/5/0,2000000,税別,,,,5,10,10 今回の治療では 200万円(税抜) となります 。 なお、本治療にご同意いただき、患者様の血液加工の開始後に同意を撤回又 はキャンセルされた場合、加工時に発生した医療材料等の費用について、患者,price candidates remain ambiguous,
V41_03C2606046,03C2606046,B,V41FE502CB8E37,関東,東京都,医療法人社団和み會　東京長寿医学クリニック,中央区銀座8丁目8-1 第7セントラルビル3階,第二種,自己脂肪由来幹細胞を用いた変形性関節症の治療,脂肪由来幹細胞,AUTO,1.0,https://saiseiiryo.mhlw.go.jp/published_plan/download/03C2606046/5/0,1650000,税込,1回,,,9,,"ていただきます。 再生医療事務局 電話番号:03-6263-9200 12.費用について 本治療は保険適用外であるため、治療にかかる費用全額をご自分で ご負担いただきます。その他、本治療を受けるために必要となった 旅費、交通費などの全ての費用もご自分でご負担いただきます。 本治療にかかる費用は1回¥1,650,000円(税込)となっておりま す。 なお、脂肪の採取後や、細胞加工物の製造後に同意を撤回された場 合など、同意を撤回される時点までに費用が発生している場合は、 発生した費用についてはあなたにご負担いただきますのでご了承く ださい。 13.他の治療法の有無、本治療法との比較について 変形性関節症の治療法には保存療法と手術療法の2つの方法があり",,
V41_03C2410030,03C2410030,C,V41F67E15A996A,関東,東京都,医療法人社団啓神会　M再生クリニック,杉並区下高井戸5-4-10,第二種,変形性関節症に対する自己脂肪由来幹細胞を用いた治療,脂肪由来幹細胞,AUTO,1.0,https://saiseiiryo.mhlw.go.jp/published_plan/download/03C2410030/5/0,3509000,税込,1回,,,9,2,"17,600円(税込み) 治療費用 1回 3,509,000円(税込み) また、治療を決定して脂肪を採取するとすぐに治療費(培養費)が発生するため、脂肪を採 取した当日に治療費をお振込みいただきます。(培養技師のスケジュールを確定し、培養に必",rescue strong price context,
V41_01C2603012,01C2603012,D,V41F1C3910E844,関東,東京都,医療法人社団善用会　講道館ビルクリニック,文京区春日1-16-30　講道館本館6階,第二種,自家多血小板血漿（Platelet-rich plasma：PRP）を用いた慢性関節炎の治療（関節内組織）,PRP,AUTO,1.0,https://saiseiiryo.mhlw.go.jp/published_plan/download/01C2603012/5/0,45000,税込,両側,,,11,7,"調製のための採血、PRP 調製、注入にかかる費用の総額となります。左右 両側に投与する場合は、2 回分です。 PRP 1 回(1 部位) 45,000 円(税込) (3) キット開封後にキャンセルされた場合は、費用の全額をご負担いただき ます。",line-level strong price context,
V41_01C2508073,01C2508073,B,V41F15EAFC3246,関東,東京都,医療法人社団喜美会　自由が丘クリニック,目黒区八雲3-12-10 パークヴィラ2F,第二種,自家多血小板血漿（Platelet-Rich Plasma：PRP）を用いた慢性関節炎の治療（関節内組織）,PRP,QC,1.0,https://saiseiiryo.mhlw.go.jp/published_plan/download/01C2508073/5/0,,,,,,,,,no price found after text/OCR pass,RuntimeError: Tesseract process timeout
V41_01C2508074,01C2508074,C,V41F15EAFC3246,関東,東京都,医療法人社団喜美会　自由が丘クリニック,目黒区八雲3-12-10 パークヴィラ2F,第三種,自家多血小板血漿（Platelet-Rich Plasma：PRP）を用いた筋肉、腱、靭帯、筋膜の損傷及び慢性炎症の治療（関節外の軟部組織）,PRP,QC,1.0,https://saiseiiryo.mhlw.go.jp/published_plan/download/01C2508074/5/0,,,,,,,,,no price found after rescue text/OCR pass,Rescue completed; OCR page timeouts=0
V41_01C2603057,01C2603057,A,V41F123B0843D8,関東,東京都,医療法人社団喜美会　自由が丘クリニック,目黒区八雲3丁目12-10 パークヴィラ2階,第二種,自家培養脂肪由来幹細胞を用いた変形性関節症の治療,脂肪由来幹細胞,QC,1.0,https://saiseiiryo.mhlw.go.jp/published_plan/download/01C2603057/5/0,,,,,,,,,no price found after text/OCR pass,Document fetched but no price candidate
V41_03C2305004,03C2305004,D,V41F677C313A89,関東,東京都,医療法人社団小﨑会　常盤台らいおん整形外科,板橋区常盤台１－４４－１－１０３,第二種,多血小板血漿（PRP）による変形性関節症治療,PRP,AUTO,1.0,https://saiseiiryo.mhlw.go.jp/published_plan/download/03C2305004/5/0,198000,税込,2 回,,,9,,"しては再度患者様の同意を頂 くこととします。 11. 患者様の費用負担について 本治療は自由診療※となり、健康保険が適用にならず、本来健康保険が適用される治療も 含め、全額自己負担となります。 施術費用は下記の通りとなります。 PRP 変形性関節症治療 1 治療(2 回投与) 198,000 円(税込) (標準的な治療費用。採血及び投与2 回分の費用を含む) · 投与2 回が標準的な治療回数です。治療間隔については症状を見ながら決めていきま すが、原則として2 回終了後3 ヶ月間の経過観察を行い、再度治療の適応があるか判 断致します。 · 治療同意後、採血を実施した際に全ての費用を頂戴いたします。 · 採血後や",,
V41_03C2305005,03C2305005,A,V41F677C313A89,関東,東京都,医療法人社団小﨑会　常盤台らいおん整形外科,板橋区常盤台１－４４－１－１０３,第三種,多血小板血漿（PRP）を用いた筋、腱、靭帯への治療,PRP,AUTO,1.0,https://saiseiiryo.mhlw.go.jp/published_plan/download/03C2305005/5/0,132000,税込,2 回分,,,7,,"ては再度患者様の同意を頂 くこととします。 11. 患者様の費用負担について 本治療は自由診療※となり、健康保険が適用にならず、全額自己負担になる治療で本来健 康保険が適用される治療も含め、すべて全額自己負担となります。 施術費用は下記の通りとなります。 施術費用 1 治療 132,000 円(税込) (標準的な治療費用。採血及び投与2 回分の費用を含む。) ・ 投与2 回が標準的な治療回数です。治療間隔については症状を見ながら決めていきま すが、原則として2 回終了後3 ヶ月間の経過観察を行い、再度治療の適応があるか判 断致します。 ・ 治療同意後、採血を実施した際に全ての費用を頂戴いたします。 ・ 採血後や加工",,
V41_02C2206037,02C2206037,B,V41F8DB32D294A,関東,東京都,医療法人社団山本・前田記念会　前田病院,東久留米市中央町五丁目１３番３４号,第三種,自己多血小板血漿(PRP)を用いた整形外科領域における軟部組織治療,PRP,AUTO,1.0,https://saiseiiryo.mhlw.go.jp/published_plan/download/02C2206037/5/0,120000,不明,,GPS,Zimmer Biomet,7,,写真などを公表する可能性がありますが、患者 様個人を特定できる内容が使われることはありません。 治療にかかる費用について この治療は公的保険の対象ではありませんので、当院所定の施術料をお支払いいただきます。 ・GPSIII・12 万円(別途特別診察料 5 千円) 5 上記価格は一例です。PRPを用いた治療に係る詳しい費用につきましては、医師またはス タッフにお尋ね下さい。 施術後、患者様の個人的な事情及び金銭等に関する問題に関しては一切の責を負いかねます のでご了承ください。 本治療の実施体制,,
V41_02C2510015,02C2510015,C,V41F758D287476,関東,東京都,"医療法人社団山本医院
セルフォース ワン クリニック トウキョウ",中央区銀座6丁目9番6号 5階,第二種,自己脂肪由来幹細胞を用いた変形性関節症の治療,脂肪由来幹細胞,QC,1.0,https://saiseiiryo.mhlw.go.jp/published_plan/download/02C2510015/5/0,,,,,,,,,no price found after rescue text/OCR pass,Rescue completed; OCR page timeouts=0
V41_01C2407032,01C2407032,D,V41F37922B2ECC,関東,東京都,医療法人社団幸神会　下北沢DOクリニック,世田谷区北沢2-14-14,第三種,多血小板血漿を用いた整形外科領域（関節腔内への投与を除く）の治療,PRP,AUTO,1.0,https://saiseiiryo.mhlw.go.jp/published_plan/download/01C2407032/5/0,55000,税込,,ACP|GPS,Arthrex|Zimmer Biomet,8,,"だきます。 窓口部署:医療事務 連絡先:03-6805-2108 14.費用について 細胞の提供に際して費用は発生しません。 治療の提供に際しては、本治療は公的保険の対象ではありませんので、当院所定の施術料として以下の金額 をお支払いいただきます。 1ACP ダブルシリンジ:55,000円(税込) 2GPS®IIIシステム:150,000円(税込) ※患者様の症状、その他の事情等により治療費が変動する場合があります。 なお、細胞の採取後や加工後に同意を撤回された場合など、同意を撤回される時点までに費用が発生している 場合は、発生した費用については患者様にご負担いただきますのでご了承ください。 15.他の治療",,
V41_01C2407032,01C2407032,D,V41F37922B2ECC,関東,東京都,医療法人社団幸神会　下北沢DOクリニック,世田谷区北沢2-14-14,第三種,多血小板血漿を用いた整形外科領域（関節腔内への投与を除く）の治療,PRP,AUTO,1.0,https://saiseiiryo.mhlw.go.jp/published_plan/download/01C2407032/5/0,150000,税込,,ACP|GPS,Arthrex|Zimmer Biomet,8,,"-6805-2108 14.費用について 細胞の提供に際して費用は発生しません。 治療の提供に際しては、本治療は公的保険の対象ではありませんので、当院所定の施術料として以下の金額 をお支払いいただきます。 1ACP ダブルシリンジ:55,000円(税込) 2GPS®IIIシステム:150,000円(税込) ※患者様の症状、その他の事情等により治療費が変動する場合があります。 なお、細胞の採取後や加工後に同意を撤回された場合など、同意を撤回される時点までに費用が発生している 場合は、発生した費用については患者様にご負担いただきますのでご了承ください。 15.他の治療法の有無、本治療法との比較について 靭帯・腱及び腱付",,
V41_01C2503066,01C2503066,B,V41F084EE17186,関東,東京都,"医療法人社団幹葉会
南青山外苑前整形外科リハビリテーション科クリニック","港区南青山2丁目27-27
丸八青山ビル5F",第三種,自家多血小板血漿（Platelet-Rich Plasma：PRP）を用いた筋肉、腱、靭帯、筋膜の損傷及び慢性炎症の治療（関節外の軟部組織）,PRP,AUTO,1.0,https://saiseiiryo.mhlw.go.jp/published_plan/download/01C2503066/5/0,77000,税込,,ACP MAX|ACP,Arthrex,8,,"本治療にかかる費用は、以下のとおりです。なお、費用に含まれるのは、治療に 伴う診査、自家PRP 調製のための採血にかかる費用、自家PRP 調製費用、注入に かかる費用であり、以下が費用の総額となります。 治療の種類 平均的な血小板注入量 費用(税込み) ACP-PRP 20 億個 77,000 円 HD-PRP(ACP MAX の場合) 90 億個 220,000 円 また、ACP-PRP は効果を高めるため、2 倍量1 度に投与することが可能です。 その場合の費用は以下の通りです。 治療の種類 平均的な血小板注入量 費用(税込み) ACP-PRP ダブルショット 40 億個 132,000 円",,
V41_01C2503066,01C2503066,B,V41F084EE17186,関東,東京都,"医療法人社団幹葉会
南青山外苑前整形外科リハビリテーション科クリニック","港区南青山2丁目27-27
丸八青山ビル5F",第三種,自家多血小板血漿（Platelet-Rich Plasma：PRP）を用いた筋肉、腱、靭帯、筋膜の損傷及び慢性炎症の治療（関節外の軟部組織）,PRP,AUTO,1.0,https://saiseiiryo.mhlw.go.jp/published_plan/download/01C2503066/5/0,132000,税込,,ACP MAX|ACP,Arthrex,8,,"(ACP MAX の場合) 90 億個 220,000 円 また、ACP-PRP は効果を高めるため、2 倍量1 度に投与することが可能です。 その場合の費用は以下の通りです。 治療の種類 平均的な血小板注入量 費用(税込み) ACP-PRP ダブルショット 40 億個 132,000 円 • 治療終了後も定期的な受診が必要です。 9 11.試料等の保存及び廃棄の方法 患者様から採取した血液と作製したPRP は、患者様ご自身の治療のみに使用しま す。ただし、症例検討や学会発表を目的として、血液やPRP の測定を行い、データ を取得することがあります。 血液およびPRP は微量で全量を",,
V41_01C2503066,01C2503066,B,V41F084EE17186,関東,東京都,"医療法人社団幹葉会
南青山外苑前整形外科リハビリテーション科クリニック","港区南青山2丁目27-27
丸八青山ビル5F",第三種,自家多血小板血漿（Platelet-Rich Plasma：PRP）を用いた筋肉、腱、靭帯、筋膜の損傷及び慢性炎症の治療（関節外の軟部組織）,PRP,AUTO,1.0,https://saiseiiryo.mhlw.go.jp/published_plan/download/01C2503066/5/0,220000,税込,,ACP MAX|ACP,Arthrex,8,,"う診査、自家PRP 調製のための採血にかかる費用、自家PRP 調製費用、注入に かかる費用であり、以下が費用の総額となります。 治療の種類 平均的な血小板注入量 費用(税込み) ACP-PRP 20 億個 77,000 円 HD-PRP(ACP MAX の場合) 90 億個 220,000 円 また、ACP-PRP は効果を高めるため、2 倍量1 度に投与することが可能です。 その場合の費用は以下の通りです。 治療の種類 平均的な血小板注入量 費用(税込み) ACP-PRP ダブルショット 40 億個 132,000 円 • 治療終了後も定期的な受診が必要です。 9 11",,
V41_01C2509003,01C2509003,A,V41F084EE17186,関東,東京都,"医療法人社団幹葉会
南青山外苑前整形外科リハビリテーション科クリニック",港区南青山2丁目27-27　丸八青山ビル5F,第二種,自家多血小板血漿（Platelet-Rich Plasma：PRP）を用いた慢性関節炎の治療（関節内組織）,PRP,AUTO,1.0,https://saiseiiryo.mhlw.go.jp/published_plan/download/01C2509003/5/0,77000,税込,,ACP MAX|ACP,Arthrex,8,,"本治療にかかる費用は、以下のとおりです。なお、費用に含まれるのは、治療に伴う診 査、自家PRP 調製のための採血にかかる費用、自家PRP 調製費用、注入にかかる費 用であり、以下が費用の総額となります。 治療の種類 平均的な血小板注入量 費用(税込) ACP-PRP 20 億個 77,000 円 HD-PRP(ACP MAX の場合) 90 億個 220,000 円 また、ACP-PRP は効果を高めるため、2 倍量1 度に投与することが可能です。 その場合の費用は以下の通りです。 治療の種類 平均的な血小板注入量 費用(税込) ACP-PRP ダブルショット 40 億個 132,000 円",,
V41_01C2509003,01C2509003,A,V41F084EE17186,関東,東京都,"医療法人社団幹葉会
南青山外苑前整形外科リハビリテーション科クリニック",港区南青山2丁目27-27　丸八青山ビル5F,第二種,自家多血小板血漿（Platelet-Rich Plasma：PRP）を用いた慢性関節炎の治療（関節内組織）,PRP,AUTO,1.0,https://saiseiiryo.mhlw.go.jp/published_plan/download/01C2509003/5/0,132000,税込,,ACP MAX|ACP,Arthrex,8,,"P(ACP MAX の場合) 90 億個 220,000 円 また、ACP-PRP は効果を高めるため、2 倍量1 度に投与することが可能です。 その場合の費用は以下の通りです。 治療の種類 平均的な血小板注入量 費用(税込) ACP-PRP ダブルショット 40 億個 132,000 円 • 治療終了後も定期的な受診が必要です。 9 11.試料等の保存及び廃棄の方法 患者様から採取した血液と作製したPRP は、患者様ご自身の治療のみに使用しま す。ただし、症例検討や学会発表を目的として、血液やPRP の測定を行い、データ を取得することがあります。 血液およびPRP は微量で全量を使用",,
V41_01C2509003,01C2509003,A,V41F084EE17186,関東,東京都,"医療法人社団幹葉会
南青山外苑前整形外科リハビリテーション科クリニック",港区南青山2丁目27-27　丸八青山ビル5F,第二種,自家多血小板血漿（Platelet-Rich Plasma：PRP）を用いた慢性関節炎の治療（関節内組織）,PRP,AUTO,1.0,https://saiseiiryo.mhlw.go.jp/published_plan/download/01C2509003/5/0,220000,税込,,ACP MAX|ACP,Arthrex,8,,"う診 査、自家PRP 調製のための採血にかかる費用、自家PRP 調製費用、注入にかかる費 用であり、以下が費用の総額となります。 治療の種類 平均的な血小板注入量 費用(税込) ACP-PRP 20 億個 77,000 円 HD-PRP(ACP MAX の場合) 90 億個 220,000 円 また、ACP-PRP は効果を高めるため、2 倍量1 度に投与することが可能です。 その場合の費用は以下の通りです。 治療の種類 平均的な血小板注入量 費用(税込) ACP-PRP ダブルショット 40 億個 132,000 円 • 治療終了後も定期的な受診が必要です。 9 11.試料",,
V41_02C2606097,02C2606097,D,V41FB52457E514,関東,東京都,医療法人社団康静会　赤羽ウェルネスクリニック,北区赤羽2丁目15-10,第三種,多血小板血漿(Platelet-rich plasma：PRP)を用いた整形外科領域における軟部組織治療,PRP,AUTO,1.0,https://saiseiiryo.mhlw.go.jp/published_plan/download/02C2606097/5/0,50000,不明,一部位,MyCells,MyCells系,8,,"者様個人を特定で きる内容が使われることはありません。 治療にかかる費用につい て この治療は公的保険の対象ではありませんので、当院所定の施術料 をお支払いいただきます。 ・治療費:MyCells ACR PRPキット患部一部位につき50,000円(税 抜) ※いずれの対象部位においても金額は一律とする。 症状などにより治療費は変動する可能性がございます。 詳細やご不明な点は医師またはスタッフにお尋ね下さい。 施術後、患者様の個人的な事情及び金銭等に関する問題に関しては 一切の責を負いかねますのでご了承ください。 本治療の実施体 制",,
V41_03C2305035,03C2305035,C,V41FB52457E514,関東,東京都,医療法人社団康静会　赤羽ウェルネスクリニック,北区赤羽2丁目15-10,第二種,多血小板血漿（Platelet-rich plasma：PRP）を用いた変形性関節症治療,PRP,AUTO,1.0,https://saiseiiryo.mhlw.go.jp/published_plan/download/03C2305035/5/0,50000,税別,,MyCells,MyCells系,8,,"治療にかかる費用について この治療は公的保険の対象ではありませんので、当院の所定の施術料をお支払いいただきます。 【PRP】1_07_説明文書同意書_赤羽静脈瘤クリニック ・治療費:MyCells ACR PRPキット 片側一関節につき50,000円(税抜) ※いずれの対象部位においても金額は一律とする。 詳細やご不明な点は医師・スタッフまでお気軽にお尋ねください。 施術後、患者様の個人的な事情及び金銭等に関する問題に関しては一切の責任を負いかねますので ご了承ください。 本治療の実施体制 本治療は、以下の",,
V41_01C2604065,01C2604065,A,V41F0884429288,関東,東京都,医療法人社団彩康会　十条整形外科リハビリクリニック,北区十条仲原1-28-13　ラファエーラ十条２F,第三種,自家多血小板血漿（PRP）を用いた筋腱付着部およびスポーツ傷害（筋・腱・靭帯）の治療,PRP,AUTO,1.0,https://saiseiiryo.mhlw.go.jp/published_plan/download/01C2604065/5/0,50000,税込,1回,,,7,,"り 8 . 治療にかかる費用について この治療は、健康保険がご使用できない自由診療のため、患者様の費用負担が他の治療よりも高 額になることがあります。当院において実施される本治療および本治療に必要な検査などの費用 は全額自己負担となります。 血液分離専用容器キットによる施術料 50,000 円(税込55,000 円) ※ 患者様の症状により治療を数回行うことがあります。治療前または治療後の状態から担当医師 が判断し、患者様にお伝えしご相談させて頂きます。 ※ 治療内容・回数により1回あたりの費用が減額される場合がございます。施術する前に詳細な 説明をいたしますので、ご納得いただいた上で治療をお受けいただけますようお願",,
V41_01C2604065,01C2604065,A,V41F0884429288,関東,東京都,医療法人社団彩康会　十条整形外科リハビリクリニック,北区十条仲原1-28-13　ラファエーラ十条２F,第三種,自家多血小板血漿（PRP）を用いた筋腱付着部およびスポーツ傷害（筋・腱・靭帯）の治療,PRP,AUTO,1.0,https://saiseiiryo.mhlw.go.jp/published_plan/download/01C2604065/5/0,55000,税込,1回,,,7,,"療にかかる費用について この治療は、健康保険がご使用できない自由診療のため、患者様の費用負担が他の治療よりも高 額になることがあります。当院において実施される本治療および本治療に必要な検査などの費用 は全額自己負担となります。 血液分離専用容器キットによる施術料 50,000 円(税込55,000 円) ※ 患者様の症状により治療を数回行うことがあります。治療前または治療後の状態から担当医師 が判断し、患者様にお伝えしご相談させて頂きます。 ※ 治療内容・回数により1回あたりの費用が減額される場合がございます。施術する前に詳細な 説明をいたしますので、ご納得いただいた上で治療をお受けいただけますようお願い申し上げ ます。",,
V41_01C2604065,01C2604065,A,V41F0884429288,関東,東京都,医療法人社団彩康会　十条整形外科リハビリクリニック,北区十条仲原1-28-13　ラファエーラ十条２F,第三種,自家多血小板血漿（PRP）を用いた筋腱付着部およびスポーツ傷害（筋・腱・靭帯）の治療,PRP,AUTO,1.0,https://saiseiiryo.mhlw.go.jp/published_plan/download/01C2604065/5/0,35000,不明,,,,-3,,"切不利益を受けることはありません。 また同様に、治療を受けることに同意した場合であっても、投与までの間でしたら、いつでも取 りやめることができます。この場合でも、一切不利益を受けません。 (キャンセル料はご負担いただきます:ご予約の2 日前までキャンセル料は無料です。 採血後のキャンセル料は、35,000 円を頂きます。採血後のキャンセル料については、消耗品費用 等を加算させて頂きます。)) もしこの治療を受けることに同意されない場合も、最適と考えられる治療を実施できるように患 者様の治療に最善を尽くします。 ただし、治療を行った後は、健康管理・アフターフォローのために必要に応じて適切な検査を受 けていただき、医学的に問題がないかを確認さ",,
V41_01C2504031,01C2504031,C,V41F568ED5AA3F,関東,東京都,"医療法人社団心愛会
麻布台ビューティセルクリニック",港区麻布台1-11-5 Village Azabudai 2F,第二種,自己脂肪由来幹細胞を用いた筋肉増大の治療,脂肪由来幹細胞,QC,1.0,https://saiseiiryo.mhlw.go.jp/published_plan/download/01C2504031/5/0,,,,,,,,,no price found after rescue text/OCR pass,Rescue completed; OCR page timeouts=0
V41_01C2507025,01C2507025,B,V41F568ED5AA3F,関東,東京都,"医療法人社団心愛会
麻布台ビューティセルクリニック",港区麻布台1-11-5 Village Azabudai 2F,第三種,自家多血小板血漿（Platelet-Rich Plasma：PRP）を用いた筋肉、腱、靭帯、筋膜の損傷及び慢性炎症の治療（関節外の軟部組織）,PRP,QC,1.0,https://saiseiiryo.mhlw.go.jp/published_plan/download/01C2507025/5/0,,,,,,,,,no price found after text/OCR pass,RuntimeError: Tesseract process timeout
V41_03C2207011,03C2207011,D,V41F60B9E81DF5,関東,東京都,"医療法人社団快晴会
すがも北口整形外科クリニック",豊島区巣鴨2-3-10 森川第1ビル3階,第三種,自家多血小板血漿(PRP)の投与によるスポーツ外傷を含む筋、腱、靱帯損傷治療,PRP,AUTO,1.0,https://saiseiiryo.mhlw.go.jp/published_plan/download/03C2207011/5/0,26000,税別,1回,GPS|MyCells,Zimmer Biomet|MyCells系,9,,"Patellar Tendinopathy. Vol. 39, No. 6, 2011よ り 10. 治療にかかる費用について この治療は公的保険の対象ではありませんので、当院所定の下記の 施術料をお支払いいただきます。 ・PRPを用いた治療(MyCells®使用)における施術料 投与部位1か所 26,000円(税別) ・PRPを用いた治療(GPSIIIシステム使用)における施術料 投与部位1か所 150,000円(税別) ご不明な点は医師・スタッフにお尋ねください。なお1回の施術あ たりの費用は、患部の状態を確認した医師の判断、およびそれに応 じた自家PRP投与量等により変更となる場合がございます。 11. その他治療についての注意事項 患",,
V41_03C2207011,03C2207011,D,V41F60B9E81DF5,関東,東京都,"医療法人社団快晴会
すがも北口整形外科クリニック",豊島区巣鴨2-3-10 森川第1ビル3階,第三種,自家多血小板血漿(PRP)の投与によるスポーツ外傷を含む筋、腱、靱帯損傷治療,PRP,AUTO,1.0,https://saiseiiryo.mhlw.go.jp/published_plan/download/03C2207011/5/0,150000,税別,1回,GPS|MyCells,Zimmer Biomet|MyCells系,9,,"治療にかかる費用について この治療は公的保険の対象ではありませんので、当院所定の下記の 施術料をお支払いいただきます。 ・PRPを用いた治療(MyCells®使用)における施術料 投与部位1か所 26,000円(税別) ・PRPを用いた治療(GPSIIIシステム使用)における施術料 投与部位1か所 150,000円(税別) ご不明な点は医師・スタッフにお尋ねください。なお1回の施術あ たりの費用は、患部の状態を確認した医師の判断、およびそれに応 じた自家PRP投与量等により変更となる場合がございます。 11. その他治療についての注意事項 患者様の体調が良くない場合や、採取した血液の状態によっては、 PRPを分離できないことがあります。 その際に",,
V41_03C2405010,03C2405010,A,V41FBE0753815A,関東,東京都,医療法人社団慶優会　増本整形外科クリニック,杉並区荻窪５−３０−１７,第三種,多血小板血漿を用いた靭帯・腱及び腱付着部の機能障害・疾患の治療,PRP,AUTO,1.0,https://saiseiiryo.mhlw.go.jp/published_plan/download/03C2405010/5/0,100000,不明,,GPS|Zimmer,Zimmer Biomet,7,,"を行う医師、管理者(院長)へと報告して対応させていただきます。 窓口部署:事務 連絡先:03−5335−5144 12.費用について この治療は公的保険の対象ではありませんので、当院所定の施術料をお支払いいただきます。 ・ZIMMER BIOMET 製 GPS®IIIシステム使用 100,000円 ※患者様の症状、その他の事情等により治療費が変動する場合があります。 なお、細胞の採取後や加工後に同意を撤回された場合など、同意を撤回される時点までに費用が発生し ている場合は、発生した費用については患者様にご負担いただきますのでご了承ください。 13.他の治療法の有無、本治療法との比較について 靭帯・腱及び腱付着部の機",,
V41_01C1911015,01C1911015,B,V41F9A6CEDFA1A,関東,東京都,医療法人社団慶光会 大城クリニック,新宿区信濃町34 JR信濃町駅ビル2F,第三種,自己多血小板血漿(PRP)を用いた筋・腱・靭帯等の軟部組織再生治療,PRP,AUTO,1.0,https://saiseiiryo.mhlw.go.jp/published_plan/download/01C1911015/5/0,60000,不明,,,,8,,腫れや内出血が起こります。 □ PRP注入液を作製するためには、通常スモールスピッツ:約 10ml・ラージスピッツ:約20ml(各1本あたり)の静脈血を片側の肘の 静脈から採血します。 □ 他の治療法との比較:ヒアルロン酸やステロイド注射等とは機 序が異なり、類似する方法はありません。 □ 治療費は6万円(静脈血10mlあたり)(別途消費税) □ PRPの保管及び移動は行いません。 □ PRP作製に関わる材料(血液)及び器材は医療廃棄物として処 理します。 □ 本治療は「自己多血小板血漿(PRP)を用いた筋・腱・靭帯等の軟 部組織再生治療」(計画番号:PC○○○○)という名称で、特定非営 利活動法人 日本アンチエイジング医療協会 認定再生,,
V41_02C2510020,02C2510020,C,V41FA669C3C925,関東,東京都,医療法人社団慶晃会 世田谷玉川 整形外科内科クリニック,世田谷区上野毛1-9-11玉川ビル,第三種,多血小板血漿(Platelet-rich plasma :PRP)を用いた整形外科領域における軟部組織修復治療,PRP,AUTO,1.0,https://saiseiiryo.mhlw.go.jp/published_plan/download/02C2510020/5/0,50000,税込,,ACP|APS|GPS|PEAK,Arthrex|Zimmer Biomet|PEAK系,8,,"できる内容が使われるこ とはありません。 治療にかかる費用について この治療は公的保険の対象ではありませんので、当院所定の施術料をお支払いいただきます。 採血量 投与量 治療費用(税込) ACP 15ml 5ml 50,000 円 GPSIII Mini 26ml 3ml 120,000 円 Standard 52ml 6ml APS 55ml 2.5ml 300,000 円 PEAK Mini 27ml 3ml 120,000 円 Standard 54ml 6ml 症状などにより治療費は変動する可能性がございます。",,
V41_02C2510020,02C2510020,C,V41FA669C3C925,関東,東京都,医療法人社団慶晃会 世田谷玉川 整形外科内科クリニック,世田谷区上野毛1-9-11玉川ビル,第三種,多血小板血漿(Platelet-rich plasma :PRP)を用いた整形外科領域における軟部組織修復治療,PRP,AUTO,1.0,https://saiseiiryo.mhlw.go.jp/published_plan/download/02C2510020/5/0,120000,税込,,ACP|APS|GPS|PEAK,Arthrex|Zimmer Biomet|PEAK系,8,,"て この治療は公的保険の対象ではありませんので、当院所定の施術料をお支払いいただきます。 採血量 投与量 治療費用(税込) ACP 15ml 5ml 50,000 円 GPSIII Mini 26ml 3ml 120,000 円 Standard 52ml 6ml APS 55ml 2.5ml 300,000 円 PEAK Mini 27ml 3ml 120,000 円 Standard 54ml 6ml 症状などにより治療費は変動する可能性がございます。 詳細やご不明な点は医師またはスタッフにお尋ね下さい。 施術後、患者",,
V41_02C2510020,02C2510020,C,V41FA669C3C925,関東,東京都,医療法人社団慶晃会 世田谷玉川 整形外科内科クリニック,世田谷区上野毛1-9-11玉川ビル,第三種,多血小板血漿(Platelet-rich plasma :PRP)を用いた整形外科領域における軟部組織修復治療,PRP,AUTO,1.0,https://saiseiiryo.mhlw.go.jp/published_plan/download/02C2510020/5/0,300000,税込,,ACP|APS|GPS|PEAK,Arthrex|Zimmer Biomet|PEAK系,8,,"せんので、当院所定の施術料をお支払いいただきます。 採血量 投与量 治療費用(税込) ACP 15ml 5ml 50,000 円 GPSIII Mini 26ml 3ml 120,000 円 Standard 52ml 6ml APS 55ml 2.5ml 300,000 円 PEAK Mini 27ml 3ml 120,000 円 Standard 54ml 6ml 症状などにより治療費は変動する可能性がございます。 詳細やご不明な点は医師またはスタッフにお尋ね下さい。 施術後、患者様の個人的な事情及び金銭等に関する問題に関しては一切の責を負いかねますのでご 了承ください。",,
V41_01C2206031,01C2206031,D,V41FFF3D4B89DD,関東,東京都,医療法人社団慶永会　徳永整形外科,東京都世田谷区喜多見８丁目１８−１０　２F,第三種,四肢の靭帯、筋腱付着部およびスポーツ傷害（筋・腱・靭帯）を対象とした自家多血小板血漿（PRP）注入療法,PRP,QC,1.0,https://saiseiiryo.mhlw.go.jp/published_plan/download/01C2206031/5/0,,,,,,,,,no price found after rescue text/OCR pass,Rescue completed; OCR page timeouts=0
V41_01C1908039,01C1908039,A,V41F23D9A8B2F2,関東,東京都,医療法人社団成煌会　瑞江整形外科,江戸川区瑞江4-45-1,第三種,自己多血小板血漿(PRP)を用いた筋・腱・靭帯等、損傷した運動器組織再生治療,PRP,AUTO,1.0,https://saiseiiryo.mhlw.go.jp/published_plan/download/01C1908039/5/0,30000,税別,,,,8,,"PRP注入液を作製するためには、通常スモールスピッツ:約 10ml(1本あたり)・ラージスピッツ:約20ml(1本あたり)の静脈血を 片側の肘の静脈から採血します。 □ 他の治療法との比較:ヒアルロン酸やステロイド注射等とは機 序が異なり、類似する方法はありません。 □ 治療費は、スモールスピッツ:30,000円(税抜)ラージスピッ ツ:60,000円(税抜) □ PRPの保管及び移動は行いません。 □ PRP作製に関わる材料(血液)及び器材は医療廃棄物として処 理します。 □ 本治療は「自己多血小板血漿(PRP)を用いた筋・腱・靭帯等、損 傷した運動器組織再生治療」(計画番号: )という 名称で、特定非営利活動法人 日本アンチエイジ",,
V41_01C1908039,01C1908039,A,V41F23D9A8B2F2,関東,東京都,医療法人社団成煌会　瑞江整形外科,江戸川区瑞江4-45-1,第三種,自己多血小板血漿(PRP)を用いた筋・腱・靭帯等、損傷した運動器組織再生治療,PRP,AUTO,1.0,https://saiseiiryo.mhlw.go.jp/published_plan/download/01C1908039/5/0,60000,税別,,,,8,,"ールスピッツ:約 10ml(1本あたり)・ラージスピッツ:約20ml(1本あたり)の静脈血を 片側の肘の静脈から採血します。 □ 他の治療法との比較:ヒアルロン酸やステロイド注射等とは機 序が異なり、類似する方法はありません。 □ 治療費は、スモールスピッツ:30,000円(税抜)ラージスピッ ツ:60,000円(税抜) □ PRPの保管及び移動は行いません。 □ PRP作製に関わる材料(血液)及び器材は医療廃棄物として処 理します。 □ 本治療は「自己多血小板血漿(PRP)を用いた筋・腱・靭帯等、損 傷した運動器組織再生治療」(計画番号: )という 名称で、特定非営利活動法人 日本アンチエイジング医療協会 認 定再生医療等委員会(認",,
V41_02C2410054,02C2410054,C,V41F70C769660D,関東,東京都,医療法人社団敬和慶友会 自由が丘くびと腰の整形外科関節のクリニック,"世田谷区奥沢5-20-22フレア3.6.9  2F,3F",第二種,自己多血小板血漿（Platelet-rich plasma：PRP）を用いた変形性関節症治療,PRP,AUTO,1.0,https://saiseiiryo.mhlw.go.jp/published_plan/download/02C2410054/5/0,45000,税込,,APS|GPS|Condensia,Zimmer Biomet|京セラ,8,,"ついては下記になります。尚、血液の採取後や、細 胞加工物の製造後に同意を撤回された場合など、同意を撤回される時点までに費用が発生し ている場合は、発生した費用についてはあなたにご負担いただきますのでご了承ください。 採血量 投与量 治療費用(税込) コンデンシア 18ml 2ml 45,000円 GPSIII Mini 26ml 3ml 150,000円 Standard 52ml 6ml APS 55ml 2.5ml 330,000円 症状などにより治療費は変動する可能性がございます。 詳細やご不明な点は医師またはスタッフにお尋ね下さい。 施術後、患者様の個人的な事情及び金銭等に関する問題に関",,
V41_02C2410054,02C2410054,C,V41F70C769660D,関東,東京都,医療法人社団敬和慶友会 自由が丘くびと腰の整形外科関節のクリニック,"世田谷区奥沢5-20-22フレア3.6.9  2F,3F",第二種,自己多血小板血漿（Platelet-rich plasma：PRP）を用いた変形性関節症治療,PRP,AUTO,1.0,https://saiseiiryo.mhlw.go.jp/published_plan/download/02C2410054/5/0,150000,税込,,APS|GPS|Condensia,Zimmer Biomet|京セラ,8,,"意を撤回された場合など、同意を撤回される時点までに費用が発生し ている場合は、発生した費用についてはあなたにご負担いただきますのでご了承ください。 採血量 投与量 治療費用(税込) コンデンシア 18ml 2ml 45,000円 GPSIII Mini 26ml 3ml 150,000円 Standard 52ml 6ml APS 55ml 2.5ml 330,000円 症状などにより治療費は変動する可能性がございます。 詳細やご不明な点は医師またはスタッフにお尋ね下さい。 施術後、患者様の個人的な事情及び金銭等に関する問題に関しては一切の責を負いかねます のでご了承ください。 本治療の",,
V41_02C2410054,02C2410054,C,V41F70C769660D,関東,東京都,医療法人社団敬和慶友会 自由が丘くびと腰の整形外科関節のクリニック,"世田谷区奥沢5-20-22フレア3.6.9  2F,3F",第二種,自己多血小板血漿（Platelet-rich plasma：PRP）を用いた変形性関節症治療,PRP,AUTO,1.0,https://saiseiiryo.mhlw.go.jp/published_plan/download/02C2410054/5/0,330000,税込,,APS|GPS|Condensia,Zimmer Biomet|京セラ,8,,"はあなたにご負担いただきますのでご了承ください。 採血量 投与量 治療費用(税込) コンデンシア 18ml 2ml 45,000円 GPSIII Mini 26ml 3ml 150,000円 Standard 52ml 6ml APS 55ml 2.5ml 330,000円 症状などにより治療費は変動する可能性がございます。 詳細やご不明な点は医師またはスタッフにお尋ね下さい。 施術後、患者様の個人的な事情及び金銭等に関する問題に関しては一切の責を負いかねます のでご了承ください。 本治療の実施体制 本治療は、以下の実施体制にて",,
V41_02C2410055,02C2410055,D,V41F70C769660D,関東,東京都,医療法人社団敬和慶友会 自由が丘くびと腰の整形外科関節のクリニック,"世田谷区奥沢5-20-22　フレア3.6.9  2F,3F",第二種,自己脂肪由来間葉系幹細胞を用いた変形性関節症治療,脂肪由来幹細胞,QC,1.0,https://saiseiiryo.mhlw.go.jp/published_plan/download/02C2410055/5/0,,,,,,,,,no price found after rescue text/OCR pass,Rescue completed; OCR page timeouts=0
V41_02C2410056,02C2410056,B,V41F70C769660D,関東,東京都,医療法人社団敬和慶友会 自由が丘くびと腰の整形外科関節のクリニック,"世田谷区奥沢5-20-22 フレア3.6.9  2F,3F",第三種,自己多血小板血漿（Platelet-rich plasma : PRP)を用いた整形外科領域における軟部組織治療,PRP,AUTO,1.0,https://saiseiiryo.mhlw.go.jp/published_plan/download/02C2410056/5/0,45000,税込,,APS|GPS|Condensia,Zimmer Biomet|京セラ,8,,"日より原則10 年間保管いたしま す。 治療にかかる費用について この治療は公的保険の対象ではありませんので、当院所定の施術料をお支払いいただきま す。 採血量 投与量 治療費用(税込) コンデンシア 18ml 2ml 45,000円 GPSIII Mini 26ml 3ml 150,000円 Standard 52ml 6ml APS 55ml 2.5ml 330,000円 症状などにより治療費は変動する可能性がございます。 詳細やご不明な点は医師またはスタッフにお尋ね下さい。 施術後、患者様の個人的な事情及び金銭等に関する問題に関",,
V41_02C2410056,02C2410056,B,V41F70C769660D,関東,東京都,医療法人社団敬和慶友会 自由が丘くびと腰の整形外科関節のクリニック,"世田谷区奥沢5-20-22 フレア3.6.9  2F,3F",第三種,自己多血小板血漿（Platelet-rich plasma : PRP)を用いた整形外科領域における軟部組織治療,PRP,AUTO,1.0,https://saiseiiryo.mhlw.go.jp/published_plan/download/02C2410056/5/0,150000,税込,,APS|GPS|Condensia,Zimmer Biomet|京セラ,8,,"て この治療は公的保険の対象ではありませんので、当院所定の施術料をお支払いいただきま す。 採血量 投与量 治療費用(税込) コンデンシア 18ml 2ml 45,000円 GPSIII Mini 26ml 3ml 150,000円 Standard 52ml 6ml APS 55ml 2.5ml 330,000円 症状などにより治療費は変動する可能性がございます。 詳細やご不明な点は医師またはスタッフにお尋ね下さい。 施術後、患者様の個人的な事情及び金銭等に関する問題に関しては一切の責を負いかねます のでご了承ください。 本治療の",,
V41_02C2410056,02C2410056,B,V41F70C769660D,関東,東京都,医療法人社団敬和慶友会 自由が丘くびと腰の整形外科関節のクリニック,"世田谷区奥沢5-20-22 フレア3.6.9  2F,3F",第三種,自己多血小板血漿（Platelet-rich plasma : PRP)を用いた整形外科領域における軟部組織治療,PRP,AUTO,1.0,https://saiseiiryo.mhlw.go.jp/published_plan/download/02C2410056/5/0,330000,税込,,APS|GPS|Condensia,Zimmer Biomet|京セラ,8,,"せんので、当院所定の施術料をお支払いいただきま す。 採血量 投与量 治療費用(税込) コンデンシア 18ml 2ml 45,000円 GPSIII Mini 26ml 3ml 150,000円 Standard 52ml 6ml APS 55ml 2.5ml 330,000円 症状などにより治療費は変動する可能性がございます。 詳細やご不明な点は医師またはスタッフにお尋ね下さい。 施術後、患者様の個人的な事情及び金銭等に関する問題に関しては一切の責を負いかねます のでご了承ください。 本治療の実施体制 本治療は、以下の実施",,
V41_01C2309002,01C2309002,A,V41FDF57094AB0,関東,東京都,医療法人社団晴美会　麹町リバース今井整形外科クリニック,千代田区麹町4-2-12-1F,第三種,自己多血小板血漿（PRP)を用いた、運動器組織再生療法（主に筋・腱・靱帯）,PRP,AUTO,1.0,https://saiseiiryo.mhlw.go.jp/published_plan/download/01C2309002/5/0,33000,税込,,,,10,1,"る場合があります。 □ 本治療にかかる費用は以下の通りです。 PRP 1ml/採血量 約10ml =33,000円(消費税込) PRP 2ml/採血量 約20ml =66,000円(消費税込) □ 細胞提供者と受領者(施術対象者)は同一人のため、細胞提供者",line-level strong price context,
V41_01C2309002,01C2309002,A,V41FDF57094AB0,関東,東京都,医療法人社団晴美会　麹町リバース今井整形外科クリニック,千代田区麹町4-2-12-1F,第三種,自己多血小板血漿（PRP)を用いた、運動器組織再生療法（主に筋・腱・靱帯）,PRP,AUTO,1.0,https://saiseiiryo.mhlw.go.jp/published_plan/download/01C2309002/5/0,66000,税込,,,,10,1,"□ 本治療にかかる費用は以下の通りです。 PRP 1ml/採血量 約10ml =33,000円(消費税込) PRP 2ml/採血量 約20ml =66,000円(消費税込) □ 細胞提供者と受領者(施術対象者)は同一人のため、細胞提供者 の選択は行いません。",line-level strong price context,
V41_01C2401012,01C2401012,B,V41FF2B2A8F6BD,関東,東京都,医療法人社団最匠会　光伸メディカルクリニック,新宿区北新宿二丁目21番1号新宿フロントタワー3階301区I・J・K室,第三種,自己多血小板血漿（PRP)を活用した、運動器周辺組織再生療法（主に筋・腱・靱帯）,PRP,AUTO,1.0,https://saiseiiryo.mhlw.go.jp/published_plan/download/01C2401012/5/0,30000,税別,,,,10,1,"場合があります。 本治療にかかる費用は以下の通りです。 PRP 1ml/採血量 約10ml = 30,000円(税抜き) PRP 2ml/採血量 約20ml = 50,000円(税抜き) 細胞提供者と受領者(施術対象者)は同一人のため、細胞提供者の",line-level strong price context,
V41_01C2401012,01C2401012,B,V41FF2B2A8F6BD,関東,東京都,医療法人社団最匠会　光伸メディカルクリニック,新宿区北新宿二丁目21番1号新宿フロントタワー3階301区I・J・K室,第三種,自己多血小板血漿（PRP)を活用した、運動器周辺組織再生療法（主に筋・腱・靱帯）,PRP,AUTO,1.0,https://saiseiiryo.mhlw.go.jp/published_plan/download/01C2401012/5/0,50000,税別,,,,10,1,"本治療にかかる費用は以下の通りです。 PRP 1ml/採血量 約10ml = 30,000円(税抜き) PRP 2ml/採血量 約20ml = 50,000円(税抜き) 細胞提供者と受領者(施術対象者)は同一人のため、細胞提供者の 選択は行いません。ただし、 既往症や診察結果で PRP 療法を施行",line-level strong price context,
V41_01C2511011,01C2511011,C,V41FB76FB07D7E,関東,東京都,医療法人社団東京Dタワーホスピタル,東京都江東区豊洲６丁目４番２０号Dタワー豊洲 １階・3階～5階,第二種,変形性関節症に対する脂肪組織由来幹細胞移植治療,脂肪由来幹細胞,AUTO,1.0,https://saiseiiryo.mhlw.go.jp/published_plan/download/01C2511011/5/0,2200000,税込,,,,14,9,費用について この治療は保険が適応されない自由診療となるため、全額自費診療となります。 治療費は、総額220万円(税込)です。移植部位や関節の数に伴う金額の変更はありません。,rescue strong price context,
V41_01C2511011,01C2511011,C,V41FB76FB07D7E,関東,東京都,医療法人社団東京Dタワーホスピタル,東京都江東区豊洲６丁目４番２０号Dタワー豊洲 １階・3階～5階,第二種,変形性関節症に対する脂肪組織由来幹細胞移植治療,脂肪由来幹細胞,AUTO,1.0,https://saiseiiryo.mhlw.go.jp/published_plan/download/01C2511011/5/0,2100000,不明,,,,10,10,・治療前 特別外来 : 1万円 ・治療前 スクリーニング検査 : 9万円 ・脂肪採取、細胞培養、細胞投与 : 210万円 文書による同意を頂いたのち、同意を撤回された場合には、そこまでにかかった費用を請求 させて頂きます。ただし、脂肪採取後に同意を撤回された場合には、撤回のタイミングに関わ,rescue strong price context,
V41_02C2406003,02C2406003,D,V41F6A4CC0A4EC,関東,東京都,"医療法人社団松和会
池上総合病院",東京都大田区池上6-1-19,第二種,膝関節軟骨損傷に対する自己軟骨細胞シート移植,その他MSK,AUTO,1.0,https://saiseiiryo.mhlw.go.jp/published_plan/download/02C2406003/5/0,4400000,税込,,,,8,,"やかに保険会社に連 絡し、必要な対応をとり、再生医療サポート保険(自由診療)によりこれを支払います。 8. この治療にかかる費用について ⚫ この「膝関節軟骨損傷に対する自己軟骨細胞シート移植」という治療は、治療に伴う診察・検査・患者様 の組織採取・細胞シート製造・移植を実施するために、4,400,000 円(税込)かかります。この治療は自 費診療であり、公的医療保険を使用することはできません。 ⚫ この治療にかかる費用の中には、治療に伴う診察・検査、組織採取にかかる費用、細胞シート製造費用、 細胞シート移植費用、入院費が含まれます。費用の内訳は、細胞シート製造費用が3,850,000 円とその他 の治療に伴う費用が550,000 円とな",,
V41_02C2406003,02C2406003,D,V41F6A4CC0A4EC,関東,東京都,"医療法人社団松和会
池上総合病院",東京都大田区池上6-1-19,第二種,膝関節軟骨損傷に対する自己軟骨細胞シート移植,その他MSK,AUTO,1.0,https://saiseiiryo.mhlw.go.jp/published_plan/download/02C2406003/5/0,4400000,不明,,,,7,,"000 円 組織採取日~組織採取後7 日目 2,200,000 円 組織採取後8 日目~移植日 4,400,000 円 細胞シート製造を延長した場合 4,840,000 円 ⚫ 患者様のご都合により細胞シート有効期限内に移植できなかった場合は全額(細胞シート製造の延長がな い場合は4,400,000 円、延長された場合は4,840,000 円)請求させていただきます。 ⚫ 病院側および製造側の都合で中止あるいは延長になった場合は、患者様にその分の費用を負担いただくこ とはございません。 9. 認定再生医療等委員会について この治療は東海大学特定認定再生医療等委員会によって審査され、厚生労働大臣に再生医療等提供計画を提 出し",,
V41_02C2406003,02C2406003,D,V41F6A4CC0A4EC,関東,東京都,"医療法人社団松和会
池上総合病院",東京都大田区池上6-1-19,第二種,膝関節軟骨損傷に対する自己軟骨細胞シート移植,その他MSK,AUTO,1.0,https://saiseiiryo.mhlw.go.jp/published_plan/download/02C2406003/5/0,4840000,不明,,,,7,,"日目 2,200,000 円 組織採取後8 日目~移植日 4,400,000 円 細胞シート製造を延長した場合 4,840,000 円 ⚫ 患者様のご都合により細胞シート有効期限内に移植できなかった場合は全額(細胞シート製造の延長がな い場合は4,400,000 円、延長された場合は4,840,000 円)請求させていただきます。 ⚫ 病院側および製造側の都合で中止あるいは延長になった場合は、患者様にその分の費用を負担いただくこ とはございません。 9. 認定再生医療等委員会について この治療は東海大学特定認定再生医療等委員会によって審査され、厚生労働大臣に再生医療等提供計画を提 出し、治療として受理されています。 【",,
V41_02C2406003,02C2406003,D,V41F6A4CC0A4EC,関東,東京都,"医療法人社団松和会
池上総合病院",東京都大田区池上6-1-19,第二種,膝関節軟骨損傷に対する自己軟骨細胞シート移植,その他MSK,AUTO,1.0,https://saiseiiryo.mhlw.go.jp/published_plan/download/02C2406003/5/0,440000,税込,,,,6,,"ます。 6 / 7 ⚫ 患者様のご都合により治療が中止となった場合、あるいは細胞シート製造が延長となった場合や、培養延 長等の対応を取っても細胞シートが製造できなかった場合、それまでにかかった費用を請求させていただ きます。 日 程 患者様請求費用(税込) 組織採取3 日~1 日前 440,000 円 組織採取日~組織採取後7 日目 2,200,000 円 組織採取後8 日目~移植日 4,400,000 円 細胞シート製造を延長した場合 4,840,000 円 ⚫ 患者様のご都合により細胞シート有効期限内に移植できなかった場合は全額(細胞シート製造の延長がな い場合は4,400,000 円、延長された場合は4,840",,
V41_02C2406003,02C2406003,D,V41F6A4CC0A4EC,関東,東京都,"医療法人社団松和会
池上総合病院",東京都大田区池上6-1-19,第二種,膝関節軟骨損傷に対する自己軟骨細胞シート移植,その他MSK,AUTO,1.0,https://saiseiiryo.mhlw.go.jp/published_plan/download/02C2406003/5/0,550000,税込,,,,6,,"。この治療は自 費診療であり、公的医療保険を使用することはできません。 ⚫ この治療にかかる費用の中には、治療に伴う診察・検査、組織採取にかかる費用、細胞シート製造費用、 細胞シート移植費用、入院費が含まれます。費用の内訳は、細胞シート製造費用が3,850,000 円とその他 の治療に伴う費用が550,000 円となっております。治療の費用は診療報酬点数を参考にしています。 6 / 7 ⚫ 患者様のご都合により治療が中止となった場合、あるいは細胞シート製造が延長となった場合や、培養延 長等の対応を取っても細胞シートが製造できなかった場合、それまでにかかった費用を請求させていただ きます。 日 程 患者様請求費用(税込) 組織採取3",,
V41_02C2406003,02C2406003,D,V41F6A4CC0A4EC,関東,東京都,"医療法人社団松和会
池上総合病院",東京都大田区池上6-1-19,第二種,膝関節軟骨損傷に対する自己軟骨細胞シート移植,その他MSK,AUTO,1.0,https://saiseiiryo.mhlw.go.jp/published_plan/download/02C2406003/5/0,2200000,税込,,,,6,,"中止となった場合、あるいは細胞シート製造が延長となった場合や、培養延 長等の対応を取っても細胞シートが製造できなかった場合、それまでにかかった費用を請求させていただ きます。 日 程 患者様請求費用(税込) 組織採取3 日~1 日前 440,000 円 組織採取日~組織採取後7 日目 2,200,000 円 組織採取後8 日目~移植日 4,400,000 円 細胞シート製造を延長した場合 4,840,000 円 ⚫ 患者様のご都合により細胞シート有効期限内に移植できなかった場合は全額(細胞シート製造の延長がな い場合は4,400,000 円、延長された場合は4,840,000 円)請求させていただきます。 ⚫ 病院側および製",,
V41_02C2406003,02C2406003,D,V41F6A4CC0A4EC,関東,東京都,"医療法人社団松和会
池上総合病院",東京都大田区池上6-1-19,第二種,膝関節軟骨損傷に対する自己軟骨細胞シート移植,その他MSK,AUTO,1.0,https://saiseiiryo.mhlw.go.jp/published_plan/download/02C2406003/5/0,3850000,税込,,,,6,,"るために、4,400,000 円(税込)かかります。この治療は自 費診療であり、公的医療保険を使用することはできません。 ⚫ この治療にかかる費用の中には、治療に伴う診察・検査、組織採取にかかる費用、細胞シート製造費用、 細胞シート移植費用、入院費が含まれます。費用の内訳は、細胞シート製造費用が3,850,000 円とその他 の治療に伴う費用が550,000 円となっております。治療の費用は診療報酬点数を参考にしています。 6 / 7 ⚫ 患者様のご都合により治療が中止となった場合、あるいは細胞シート製造が延長となった場合や、培養延 長等の対応を取っても細胞シートが製造できなかった場合、それまでにかかった費用を請求させていただ きます。 日",,
V41_02C2406003,02C2406003,D,V41F6A4CC0A4EC,関東,東京都,"医療法人社団松和会
池上総合病院",東京都大田区池上6-1-19,第二種,膝関節軟骨損傷に対する自己軟骨細胞シート移植,その他MSK,AUTO,1.0,https://saiseiiryo.mhlw.go.jp/published_plan/download/02C2406003/5/0,4840000,税込,,,,6,,"った場合、それまでにかかった費用を請求させていただ きます。 日 程 患者様請求費用(税込) 組織採取3 日~1 日前 440,000 円 組織採取日~組織採取後7 日目 2,200,000 円 組織採取後8 日目~移植日 4,400,000 円 細胞シート製造を延長した場合 4,840,000 円 ⚫ 患者様のご都合により細胞シート有効期限内に移植できなかった場合は全額(細胞シート製造の延長がな い場合は4,400,000 円、延長された場合は4,840,000 円)請求させていただきます。 ⚫ 病院側および製造側の都合で中止あるいは延長になった場合は、患者様にその分の費用を負担いただくこ とはございません。 9.",,
V41_01C2511037,01C2511037,A,V41FFEB5CF37F2,関東,東京都,医療法人社団松和会 池上総合病院,大田区池上六丁目１番１９号,第三種,「自己多血小板血漿（PRP）を用いた筋肉、腱、靭帯、筋膜（関節外の軟部組織）の治療」,PRP,AUTO,1.0,https://saiseiiryo.mhlw.go.jp/published_plan/download/01C2511037/5/0,120000,不明,1部位,GPS,Zimmer Biomet,8,,"いた筋肉、腱、靭帯、筋膜(関節外の軟部組織)の治療に 関する説明文・同意文書 5 治療にかかる費用について この治療は公的保険の対象ではありませんので、当施設にて施術料をお支払いいただきます。 ・PRP 療法 使用キット 治療提供価格 GPSIIIシステム 1部位 120,000 円 ※患者さまの症状により施術料が変わる場合は別途、ご説明いたします。 その他治療についての注意事項 患者さまの体調が良くない場合や、採取した血液の状態によっては、PRP を分離できないこ とがあります。 その際には、再度採血をさせていただく場合があります。 また、本治",,
V41_01C2512021,01C2512021,B,V41FFEB5CF37F2,関東,東京都,医療法人社団松和会　池上総合病院,大田区池上六丁目１番１９号,第二種,自己多血小板血漿(PRP)の投与による変形性関節症の疼痛緩和を目的とした治療,PRP,AUTO,1.0,https://saiseiiryo.mhlw.go.jp/published_plan/download/01C2512021/5/0,120000,税別,1部位,APS|GPS,Zimmer Biomet,9,,"治療にかかる費用について この治療は公的保険の対象ではありませんので、当院にて実施する治療、治療に必要な検査、 治療の経過観察などの費用は全額自己負担となります。 (税別) 使用キット 治療費用 GPSIIIシステム 1部位 120,000円 APS キット 1部位 300,000円 その他治療についての注意事項 患者さまの体調が良くない場合や、採取した血液の状態によっては、PRP を分離できないこと があります。その際には、再度採血をさせていただく場合があります。その場合、追加費用は 発生いたしません",,
V41_01C2512021,01C2512021,B,V41FFEB5CF37F2,関東,東京都,医療法人社団松和会　池上総合病院,大田区池上六丁目１番１９号,第二種,自己多血小板血漿(PRP)の投与による変形性関節症の疼痛緩和を目的とした治療,PRP,AUTO,1.0,https://saiseiiryo.mhlw.go.jp/published_plan/download/01C2512021/5/0,300000,税別,1部位,APS|GPS,Zimmer Biomet,9,,"この治療は公的保険の対象ではありませんので、当院にて実施する治療、治療に必要な検査、 治療の経過観察などの費用は全額自己負担となります。 (税別) 使用キット 治療費用 GPSIIIシステム 1部位 120,000円 APS キット 1部位 300,000円 その他治療についての注意事項 患者さまの体調が良くない場合や、採取した血液の状態によっては、PRP を分離できないこと があります。その際には、再度採血をさせていただく場合があります。その場合、追加費用は 発生いたしません。 また、本治療に使用する機器は定期的にメンテ",,
V41_01C2405036,01C2405036,C,V41F5949CE9BFE,関東,東京都,医療法人社団松徳会 松倉クリニック,"渋谷区神宮前4-11-6 
表参道千代田ビル9F",第二種,自己脂肪由来幹細胞を用いた変形性関節症の治療,脂肪由来幹細胞,AUTO,1.0,https://saiseiiryo.mhlw.go.jp/published_plan/download/01C2405036/5/0,2200000,税込,1回,,,9,,"、管理 者(院長)へと報告し対応します。 再生医療事務局 電話番号:03-3422-2071 13.費用について 本治療は保険適用外であるため、治療にかかる費用全額をお支払い いただきます。その他、本治療を受けるために必要となった旅費、 交通費などの全ての費用も同様です。 本治療にかかる費用は1回 2,200,000円(税込)です。 なお、脂肪の採取後や、細胞加工物の製造後に同意を撤回された場 合など、同意を撤回される時点までに費用(治療費等)が発生して いる場合は、その時までに発生した費用についてもお支払いいただ きます。 14.他の治療法の有無、本治療法との比較について 変形性関節症の治療法には保存療法と手術療法の2つの方法があり ます。薬物投与",,
V41_01C2406018,01C2406018,D,V41F98A311C8D4,関東,東京都,"医療法人社団桜伸会
サンテクリニック","中央区銀座8-12-15
全国燃料会館ビル2F",第二種,自家培養脂肪由来幹細胞の関節内投与による治療,脂肪由来幹細胞,AUTO,1.0,https://saiseiiryo.mhlw.go.jp/published_plan/download/01C2406018/5/0,2090000,不明,,,,7,,"0 円 血液検査費用 55,000 円 脂肪採取及び初期培養費用 6 億セル 880,000 円 脂肪採取及び初期培養費用 12 億セル 1,210,000 円 自家脂肪由来間葉系幹細胞関節内投与5 千万セル 1,375,000 円 自家脂肪由来間葉系幹細胞関節内投与1 億セル 2,090,000 円 自家脂肪由来間葉系幹細胞関節内投与3 億セル 5,720,000 円 自家脂肪由来間葉系幹細胞関節内投与6 億セル 9,680,000 円 自家脂肪由来間葉系幹細胞関節内投与12 億セル 19,250,000 円 細胞保管費用 6 億セル(1 年) 330,000 円 細胞保管費用 6 億セル(5 年) 1,320,",,
V41_01C2406018,01C2406018,D,V41F98A311C8D4,関東,東京都,"医療法人社団桜伸会
サンテクリニック","中央区銀座8-12-15
全国燃料会館ビル2F",第二種,自家培養脂肪由来幹細胞の関節内投与による治療,脂肪由来幹細胞,AUTO,1.0,https://saiseiiryo.mhlw.go.jp/published_plan/download/01C2406018/5/0,5720000,不明,,,,7,,"億セル 880,000 円 脂肪採取及び初期培養費用 12 億セル 1,210,000 円 自家脂肪由来間葉系幹細胞関節内投与5 千万セル 1,375,000 円 自家脂肪由来間葉系幹細胞関節内投与1 億セル 2,090,000 円 自家脂肪由来間葉系幹細胞関節内投与3 億セル 5,720,000 円 自家脂肪由来間葉系幹細胞関節内投与6 億セル 9,680,000 円 自家脂肪由来間葉系幹細胞関節内投与12 億セル 19,250,000 円 細胞保管費用 6 億セル(1 年) 330,000 円 細胞保管費用 6 億セル(5 年) 1,320,000 円 細胞保管費用 12 億セル(1 年) 660,000 円",,
V41_01C2406018,01C2406018,D,V41F98A311C8D4,関東,東京都,"医療法人社団桜伸会
サンテクリニック","中央区銀座8-12-15
全国燃料会館ビル2F",第二種,自家培養脂肪由来幹細胞の関節内投与による治療,脂肪由来幹細胞,AUTO,1.0,https://saiseiiryo.mhlw.go.jp/published_plan/download/01C2406018/5/0,9680000,不明,,,,7,,"1,210,000 円 自家脂肪由来間葉系幹細胞関節内投与5 千万セル 1,375,000 円 自家脂肪由来間葉系幹細胞関節内投与1 億セル 2,090,000 円 自家脂肪由来間葉系幹細胞関節内投与3 億セル 5,720,000 円 自家脂肪由来間葉系幹細胞関節内投与6 億セル 9,680,000 円 自家脂肪由来間葉系幹細胞関節内投与12 億セル 19,250,000 円 細胞保管費用 6 億セル(1 年) 330,000 円 細胞保管費用 6 億セル(5 年) 1,320,000 円 細胞保管費用 12 億セル(1 年) 660,000 円 細胞保管費用 12 億セル(5 年) 2,640,000 円 I",,
V41_01C2406018,01C2406018,D,V41F98A311C8D4,関東,東京都,"医療法人社団桜伸会
サンテクリニック","中央区銀座8-12-15
全国燃料会館ビル2F",第二種,自家培養脂肪由来幹細胞の関節内投与による治療,脂肪由来幹細胞,AUTO,1.0,https://saiseiiryo.mhlw.go.jp/published_plan/download/01C2406018/5/0,11000,税込,,,,5,,"かります。細胞保管につきましては細胞培養加工施設と患者様の契約となります。 細胞培養加工施設との契約書については脂肪採取の日に当院にてお渡しします。 契約書の内容に関するご不明点つきましては細胞培養加工施設へご確認をお願い いたします。 料金表 項目 費用(税込) 初診料 11,000 円 血液検査費用 55,000 円 脂肪採取及び初期培養費用 6 億セル 880,000 円 脂肪採取及び初期培養費用 12 億セル 1,210,000 円 自家脂肪由来間葉系幹細胞関節内投与5 千万セル 1,375,000 円 自家脂肪由来間葉系幹細胞関節内投与1 億セル 2,090,000 円 自家脂肪由来間葉系幹",,
V41_01C2406018,01C2406018,D,V41F98A311C8D4,関東,東京都,"医療法人社団桜伸会
サンテクリニック","中央区銀座8-12-15
全国燃料会館ビル2F",第二種,自家培養脂肪由来幹細胞の関節内投与による治療,脂肪由来幹細胞,AUTO,1.0,https://saiseiiryo.mhlw.go.jp/published_plan/download/01C2406018/5/0,55000,税込,,,,5,,"培養加工施設と患者様の契約となります。 細胞培養加工施設との契約書については脂肪採取の日に当院にてお渡しします。 契約書の内容に関するご不明点つきましては細胞培養加工施設へご確認をお願い いたします。 料金表 項目 費用(税込) 初診料 11,000 円 血液検査費用 55,000 円 脂肪採取及び初期培養費用 6 億セル 880,000 円 脂肪採取及び初期培養費用 12 億セル 1,210,000 円 自家脂肪由来間葉系幹細胞関節内投与5 千万セル 1,375,000 円 自家脂肪由来間葉系幹細胞関節内投与1 億セル 2,090,000 円 自家脂肪由来間葉系幹細胞関節内投与3 億セル 5,72",,
V41_01C2406018,01C2406018,D,V41F98A311C8D4,関東,東京都,"医療法人社団桜伸会
サンテクリニック","中央区銀座8-12-15
全国燃料会館ビル2F",第二種,自家培養脂肪由来幹細胞の関節内投与による治療,脂肪由来幹細胞,AUTO,1.0,https://saiseiiryo.mhlw.go.jp/published_plan/download/01C2406018/5/0,880000,税込,,,,5,,"の契約書については脂肪採取の日に当院にてお渡しします。 契約書の内容に関するご不明点つきましては細胞培養加工施設へご確認をお願い いたします。 料金表 項目 費用(税込) 初診料 11,000 円 血液検査費用 55,000 円 脂肪採取及び初期培養費用 6 億セル 880,000 円 脂肪採取及び初期培養費用 12 億セル 1,210,000 円 自家脂肪由来間葉系幹細胞関節内投与5 千万セル 1,375,000 円 自家脂肪由来間葉系幹細胞関節内投与1 億セル 2,090,000 円 自家脂肪由来間葉系幹細胞関節内投与3 億セル 5,720,000 円 自家脂肪由来間葉系幹細胞関節内投与6 億セル",,
V41_01C2406018,01C2406018,D,V41F98A311C8D4,関東,東京都,"医療法人社団桜伸会
サンテクリニック","中央区銀座8-12-15
全国燃料会館ビル2F",第二種,自家培養脂肪由来幹細胞の関節内投与による治療,脂肪由来幹細胞,AUTO,1.0,https://saiseiiryo.mhlw.go.jp/published_plan/download/01C2406018/5/0,1210000,税込,,,,5,,"の内容に関するご不明点つきましては細胞培養加工施設へご確認をお願い いたします。 料金表 項目 費用(税込) 初診料 11,000 円 血液検査費用 55,000 円 脂肪採取及び初期培養費用 6 億セル 880,000 円 脂肪採取及び初期培養費用 12 億セル 1,210,000 円 自家脂肪由来間葉系幹細胞関節内投与5 千万セル 1,375,000 円 自家脂肪由来間葉系幹細胞関節内投与1 億セル 2,090,000 円 自家脂肪由来間葉系幹細胞関節内投与3 億セル 5,720,000 円 自家脂肪由来間葉系幹細胞関節内投与6 億セル 9,680,000 円 自家脂肪由来間葉系幹細胞関節内投与12",,
V41_01C2406018,01C2406018,D,V41F98A311C8D4,関東,東京都,"医療法人社団桜伸会
サンテクリニック","中央区銀座8-12-15
全国燃料会館ビル2F",第二種,自家培養脂肪由来幹細胞の関節内投与による治療,脂肪由来幹細胞,AUTO,1.0,https://saiseiiryo.mhlw.go.jp/published_plan/download/01C2406018/5/0,1375000,税込,,,,5,,"ます。 料金表 項目 費用(税込) 初診料 11,000 円 血液検査費用 55,000 円 脂肪採取及び初期培養費用 6 億セル 880,000 円 脂肪採取及び初期培養費用 12 億セル 1,210,000 円 自家脂肪由来間葉系幹細胞関節内投与5 千万セル 1,375,000 円 自家脂肪由来間葉系幹細胞関節内投与1 億セル 2,090,000 円 自家脂肪由来間葉系幹細胞関節内投与3 億セル 5,720,000 円 自家脂肪由来間葉系幹細胞関節内投与6 億セル 9,680,000 円 自家脂肪由来間葉系幹細胞関節内投与12 億セル 19,250,000 円 細胞保管費用 6 億セル(1 年)",,
V41_01C2406018,01C2406018,D,V41F98A311C8D4,関東,東京都,"医療法人社団桜伸会
サンテクリニック","中央区銀座8-12-15
全国燃料会館ビル2F",第二種,自家培養脂肪由来幹細胞の関節内投与による治療,脂肪由来幹細胞,AUTO,1.0,https://saiseiiryo.mhlw.go.jp/published_plan/download/01C2406018/5/0,2090000,税込,,,,0,,"工物の製造前まで) 初診料及び血液検査費用:税込66,000 円 ■細胞の採取後から細胞加工物の製造前までに同意を撤回された場合 脂肪採取費用及び初期培養費用:税込880,000 円(6 億セルの場合) ■細胞加工物の製造後に同意を撤回された場合 自家脂肪由来間葉系幹細胞投与費用:税込2,090,000 円(1 億セルの場合) 細胞保管費用につきましてはそれぞれお申込みの時点で一括お支払いいただきます。 それぞれの保管期間中のキャンセルにつきましては返金いたしません。 13)いつでも相談できること 治療費の説明や、治療の内容、スケジュールにつきましては、いつでもご相談頂くこと が可能です。本治療についての問い合わせ、苦情の",,
V41_01C2406018,01C2406018,D,V41F98A311C8D4,関東,東京都,"医療法人社団桜伸会
サンテクリニック","中央区銀座8-12-15
全国燃料会館ビル2F",第二種,自家培養脂肪由来幹細胞の関節内投与による治療,脂肪由来幹細胞,AUTO,1.0,https://saiseiiryo.mhlw.go.jp/published_plan/download/01C2406018/5/0,330000,不明,,,,-1,,"億セル 2,090,000 円 自家脂肪由来間葉系幹細胞関節内投与3 億セル 5,720,000 円 自家脂肪由来間葉系幹細胞関節内投与6 億セル 9,680,000 円 自家脂肪由来間葉系幹細胞関節内投与12 億セル 19,250,000 円 細胞保管費用 6 億セル(1 年) 330,000 円 細胞保管費用 6 億セル(5 年) 1,320,000 円 細胞保管費用 12 億セル(1 年) 660,000 円 細胞保管費用 12 億セル(5 年) 2,640,000 円 III. 治療をキャンセルされた場合は、キャンセル費用をいただきます。 同意を撤回される時点までに費用が発生している場合は、発生した費用に",,
V41_01C2406018,01C2406018,D,V41F98A311C8D4,関東,東京都,"医療法人社団桜伸会
サンテクリニック","中央区銀座8-12-15
全国燃料会館ビル2F",第二種,自家培養脂肪由来幹細胞の関節内投与による治療,脂肪由来幹細胞,AUTO,1.0,https://saiseiiryo.mhlw.go.jp/published_plan/download/01C2406018/5/0,660000,不明,,,,-1,,"系幹細胞関節内投与6 億セル 9,680,000 円 自家脂肪由来間葉系幹細胞関節内投与12 億セル 19,250,000 円 細胞保管費用 6 億セル(1 年) 330,000 円 細胞保管費用 6 億セル(5 年) 1,320,000 円 細胞保管費用 12 億セル(1 年) 660,000 円 細胞保管費用 12 億セル(5 年) 2,640,000 円 III. 治療をキャンセルされた場合は、キャンセル費用をいただきます。 同意を撤回される時点までに費用が発生している場合は、発生した費用については 患者様にご負担いただきますのでご了承ください。 ■脂肪採取前までに同意を撤回された場合(初期培養後は細胞加工物の",,
V41_01C2406018,01C2406018,D,V41F98A311C8D4,関東,東京都,"医療法人社団桜伸会
サンテクリニック","中央区銀座8-12-15
全国燃料会館ビル2F",第二種,自家培養脂肪由来幹細胞の関節内投与による治療,脂肪由来幹細胞,AUTO,1.0,https://saiseiiryo.mhlw.go.jp/published_plan/download/01C2406018/5/0,1320000,不明,,,,-1,,"関節内投与3 億セル 5,720,000 円 自家脂肪由来間葉系幹細胞関節内投与6 億セル 9,680,000 円 自家脂肪由来間葉系幹細胞関節内投与12 億セル 19,250,000 円 細胞保管費用 6 億セル(1 年) 330,000 円 細胞保管費用 6 億セル(5 年) 1,320,000 円 細胞保管費用 12 億セル(1 年) 660,000 円 細胞保管費用 12 億セル(5 年) 2,640,000 円 III. 治療をキャンセルされた場合は、キャンセル費用をいただきます。 同意を撤回される時点までに費用が発生している場合は、発生した費用については 患者様にご負担いただきますのでご了承ください。 ■",,
V41_01C2406018,01C2406018,D,V41F98A311C8D4,関東,東京都,"医療法人社団桜伸会
サンテクリニック","中央区銀座8-12-15
全国燃料会館ビル2F",第二種,自家培養脂肪由来幹細胞の関節内投与による治療,脂肪由来幹細胞,AUTO,1.0,https://saiseiiryo.mhlw.go.jp/published_plan/download/01C2406018/5/0,19250000,不明,,,,-1,,"1,375,000 円 自家脂肪由来間葉系幹細胞関節内投与1 億セル 2,090,000 円 自家脂肪由来間葉系幹細胞関節内投与3 億セル 5,720,000 円 自家脂肪由来間葉系幹細胞関節内投与6 億セル 9,680,000 円 自家脂肪由来間葉系幹細胞関節内投与12 億セル 19,250,000 円 細胞保管費用 6 億セル(1 年) 330,000 円 細胞保管費用 6 億セル(5 年) 1,320,000 円 細胞保管費用 12 億セル(1 年) 660,000 円 細胞保管費用 12 億セル(5 年) 2,640,000 円 III. 治療をキャンセルされた場合は、キャンセル費用をいただきます。 同意を",,
V41_01C2406018,01C2406018,D,V41F98A311C8D4,関東,東京都,"医療法人社団桜伸会
サンテクリニック","中央区銀座8-12-15
全国燃料会館ビル2F",第二種,自家培養脂肪由来幹細胞の関節内投与による治療,脂肪由来幹細胞,AUTO,1.0,https://saiseiiryo.mhlw.go.jp/published_plan/download/01C2406018/5/0,66000,税込,,,,-3,,"療をキャンセルされた場合は、キャンセル費用をいただきます。 同意を撤回される時点までに費用が発生している場合は、発生した費用については 患者様にご負担いただきますのでご了承ください。 ■脂肪採取前までに同意を撤回された場合(初期培養後は細胞加工物の製造前まで) 初診料及び血液検査費用:税込66,000 円 ■細胞の採取後から細胞加工物の製造前までに同意を撤回された場合 脂肪採取費用及び初期培養費用:税込880,000 円(6 億セルの場合) ■細胞加工物の製造後に同意を撤回された場合 自家脂肪由来間葉系幹細胞投与費用:税込2,090,000 円(1 億セルの場合) 細胞保管費用につきましてはそれぞれお申込みの時点で一括お支",,
V41_01C2406018,01C2406018,D,V41F98A311C8D4,関東,東京都,"医療法人社団桜伸会
サンテクリニック","中央区銀座8-12-15
全国燃料会館ビル2F",第二種,自家培養脂肪由来幹細胞の関節内投与による治療,脂肪由来幹細胞,AUTO,1.0,https://saiseiiryo.mhlw.go.jp/published_plan/download/01C2406018/5/0,2640000,税込,,,,-3,,"脂肪由来間葉系幹細胞関節内投与12 億セル 19,250,000 円 細胞保管費用 6 億セル(1 年) 330,000 円 細胞保管費用 6 億セル(5 年) 1,320,000 円 細胞保管費用 12 億セル(1 年) 660,000 円 細胞保管費用 12 億セル(5 年) 2,640,000 円 III. 治療をキャンセルされた場合は、キャンセル費用をいただきます。 同意を撤回される時点までに費用が発生している場合は、発生した費用については 患者様にご負担いただきますのでご了承ください。 ■脂肪採取前までに同意を撤回された場合(初期培養後は細胞加工物の製造前まで) 初診料及び血液検査費用:税込66,000 円",,
V41_02C2605071,02C2605071,A,V41F2634FAF1FA,関東,東京都,医療法人社団桜伸会　サンテクリニック,中央区銀座8-12-15　全国燃料会館2階,第二種,慢性疼痛緩和を目的とした自家培養脂肪由来間葉系幹細胞の関節内投与による治療,脂肪由来幹細胞,QC,1.0,https://saiseiiryo.mhlw.go.jp/published_plan/download/02C2605071/5/0,350000,不明,,,,6,6,"50,000 円 脂肪採取費用 350,000 円 培養費用・投与費用 2,210,000 円",price candidates remain ambiguous,
V41_02C2605071,02C2605071,A,V41F2634FAF1FA,関東,東京都,医療法人社団桜伸会　サンテクリニック,中央区銀座8-12-15　全国燃料会館2階,第二種,慢性疼痛緩和を目的とした自家培養脂肪由来間葉系幹細胞の関節内投与による治療,脂肪由来幹細胞,QC,1.0,https://saiseiiryo.mhlw.go.jp/published_plan/download/02C2605071/5/0,2210000,不明,,,,6,6,"350,000 円 培養費用・投与費用 2,210,000 円 ※必要に応じて、追加検査費用などが生じる場合がございます。 ※交通費などの実費についても、患者様に負担していただきます。",price candidates remain ambiguous,
V41_02C2605071,02C2605071,A,V41F2634FAF1FA,関東,東京都,医療法人社団桜伸会　サンテクリニック,中央区銀座8-12-15　全国燃料会館2階,第二種,慢性疼痛緩和を目的とした自家培養脂肪由来間葉系幹細胞の関節内投与による治療,脂肪由来幹細胞,QC,1.0,https://saiseiiryo.mhlw.go.jp/published_plan/download/02C2605071/5/0,50000,不明,,,,5,6,"10,000 円 検査費用 50,000 円 脂肪採取費用 350,000 円",price candidates remain ambiguous,
V41_02C2605071,02C2605071,A,V41F2634FAF1FA,関東,東京都,医療法人社団桜伸会　サンテクリニック,中央区銀座8-12-15　全国燃料会館2階,第二種,慢性疼痛緩和を目的とした自家培養脂肪由来間葉系幹細胞の関節内投与による治療,脂肪由来幹細胞,QC,1.0,https://saiseiiryo.mhlw.go.jp/published_plan/download/02C2605071/5/0,10000,税別,,,,4,6,"費用(税別) 初診料 10,000 円 検査費用 50,000 円",price candidates remain ambiguous,
V41_01C2608003,01C2608003,B,V41F4B3F4A1717,関東,東京都,医療法人社団森羅　北砂2丁目だい整形外科,江東区北砂２丁目8-5　ルナパレス1F,第二種,自家多血小板血漿（Platelet-Rich Plasma：PRP）を用いた慢性関節炎の治療（関節内組織）,PRP,QC,1.0,https://saiseiiryo.mhlw.go.jp/published_plan/download/01C2608003/5/0,300000,不明,片側,ACP MAX|ACP,Arthrex,6,8,"HD-PRP(ACP MAX) 片側 90億個 300,000円 ※上記には、採血・調製・注入の技術料が含まれます。 ※キット開封後のキャンセル・返金は、材料等が既に使用されているため、いたしかねます(費用全額を申し受けます)。",price candidates remain ambiguous,
V41_01C2608003,01C2608003,B,V41F4B3F4A1717,関東,東京都,医療法人社団森羅　北砂2丁目だい整形外科,江東区北砂２丁目8-5　ルナパレス1F,第二種,自家多血小板血漿（Platelet-Rich Plasma：PRP）を用いた慢性関節炎の治療（関節内組織）,PRP,QC,1.0,https://saiseiiryo.mhlw.go.jp/published_plan/download/01C2608003/5/0,80000,不明,片側,ACP MAX|ACP,Arthrex,3,8,"ACP-PRP 片側 20億個 80,000円 HD-PRP(ACP MAX) 片側 90億個",price candidates remain ambiguous,
V41_01C2608004,01C2608004,C,V41F4B3F4A1717,関東,東京都,医療法人社団森羅　北砂2丁目だい整形外科,江東区北砂２丁目8-5　ルナパレス1F,第三種,自家多血小板血漿（Platelet-Rich Plasma：PRP）を用いた筋肉、腱、靭帯、筋膜の損傷及び慢性炎症の治療（関節外の軟部組織）,PRP,QC,1.0,https://saiseiiryo.mhlw.go.jp/published_plan/download/01C2608004/5/0,300000,不明,片側,ACP MAX|ACP,Arthrex,6,9,"HD-PRP(ACP MAX) 片側 90億個 300,000円 ※上記には、採血・調製・注入の技術料が含まれます。 ※キット開封後のキャンセル・返金は、材料等が既に使用されているため、いたしかねます(費用全額を申し受けます)。",rescue price candidates remain ambiguous,
V41_01C2608004,01C2608004,C,V41F4B3F4A1717,関東,東京都,医療法人社団森羅　北砂2丁目だい整形外科,江東区北砂２丁目8-5　ルナパレス1F,第三種,自家多血小板血漿（Platelet-Rich Plasma：PRP）を用いた筋肉、腱、靭帯、筋膜の損傷及び慢性炎症の治療（関節外の軟部組織）,PRP,QC,1.0,https://saiseiiryo.mhlw.go.jp/published_plan/download/01C2608004/5/0,80000,不明,片側,ACP MAX|ACP,Arthrex,3,9,"ACP-PRP 片側 20億個 80,000円 HD-PRP(ACP MAX) 片側 90億個",rescue price candidates remain ambiguous,
V41_01C2602025,01C2602025,D,V41F1430F8C805,関東,東京都,医療法人社団正貴会　いくこ皮フ科クリニック,練馬区上石神井1丁目14番4号 エソール2階B号室,第二種,自己脂肪組織由来幹細胞（ASCs）を用いた変形性関節症の治療,脂肪由来幹細胞,AUTO,1.0,https://saiseiiryo.mhlw.go.jp/published_plan/download/01C2602025/5/0,550000,税込,1回,,,7,25,"費用(税込) 1関節1回投与 550,000円 2関節1回投与 770,000円",line-level medium price context,
V41_02C2507007,02C2507007,B,V41FD366B7B697,関東,東京都,医療法人社団洪泳会 東京洪誠病院,足立区西新井栄町一丁目１７番２５号,第二種,多血小板血漿（PRP）の投与による変形性関節症治療,PRP,AUTO,1.0,https://saiseiiryo.mhlw.go.jp/published_plan/download/02C2507007/5/0,100000,税別,,APS|GPS,Zimmer Biomet,8,,"に は否定できない 品質管理された安全性の高いもの だが、アレルギー反応などの可能性 を完全には否定できない 11. 治療にかかる費用について この治療は公的保険の対象ではありませんので、当院の所定の施術料をお支払いいただきま す。 ・PRP を用いた治療(GPSIII キット使用)における施術料 100,000 円(税別) ・濃縮PRP を用いた治療(APS キット使用)における施術料 300,000 円(税別) APS キットにより製造される濃縮PRP を用いた治療では、半年~1年以上の治療効果が期 待できる一方で、GPSIII キットで製造したPRP を用いた治療では、複数回の投与が必要と 第2 種 多血小板血漿(PRP)の投与による変形",,
V41_02C2507007,02C2507007,B,V41FD366B7B697,関東,東京都,医療法人社団洪泳会 東京洪誠病院,足立区西新井栄町一丁目１７番２５号,第二種,多血小板血漿（PRP）の投与による変形性関節症治療,PRP,AUTO,1.0,https://saiseiiryo.mhlw.go.jp/published_plan/download/02C2507007/5/0,300000,税別,,APS|GPS,Zimmer Biomet,8,,"は否定できない 11. 治療にかかる費用について この治療は公的保険の対象ではありませんので、当院の所定の施術料をお支払いいただきま す。 ・PRP を用いた治療(GPSIII キット使用)における施術料 100,000 円(税別) ・濃縮PRP を用いた治療(APS キット使用)における施術料 300,000 円(税別) APS キットにより製造される濃縮PRP を用いた治療では、半年~1年以上の治療効果が期 待できる一方で、GPSIII キットで製造したPRP を用いた治療では、複数回の投与が必要と 第2 種 多血小板血漿(PRP)の投与による変形性関節症治療の説明文・同意文書 7 なる場合があります。ご不明な点は医師・スタッフにお尋ね",,
V41_02C2507008,02C2507008,A,V41F7E46E1F3EB,関東,東京都,医療法人社団洪泳会 東京洪誠病院,足立区西新井栄町1-17-25,第三種,多血小板血漿(PRP)の投与によるスポーツ外傷を含む筋、腱、靱帯損傷治療,PRP,AUTO,1.0,https://saiseiiryo.mhlw.go.jp/published_plan/download/02C2507008/5/0,100000,税別,,,,8,,"2011 より 第3 種 多血小板血漿(PRP)の投与によるスポーツ外傷を含む筋、腱、靱帯損傷治 療の説明文・同意文書 6 10. 治療にかかる費用について この治療は公的保険の対象ではありませんので、当病院所定の下記の施術料をお支払い いただきます。 ・PRP を用いた治療における施術料 100,000 円(税別) ご不明な点は医師・スタッフにお尋ねください。 11. その他治療についての注意事項 患者様の体調が良くない場合や、採取した血液の状態によっては、PRP を分離できな いことがあります。 その際には、再度採血をさせていただく場合があります。 また、PRP を濃縮する機器は定期的にメンテナンスを行っていますが、突然の不具合 発生に",,
V41_03C2510027,03C2510027,C,V41F670C60C80C,関東,東京都,"医療法人社団活寿会
東京ひざ関節症クリニック銀座院","中央区銀座5-3-12
壹番館ビル 7F",第二種,脂肪組織由来幹細胞（adipose-derived mesenchymal stem cell）の投与による関節治療,脂肪由来幹細胞,AUTO,1.0,https://saiseiiryo.mhlw.go.jp/published_plan/download/03C2510027/5/0,220000,税込,,,,8,,"くまれにあります。また、 手術中は感染症予防のために抗生剤の点滴を投与する場合があります。使用する薬剤に アナフィラキシーショックなどのアレルギー症状を生じる可能性がごくまれにあり、そ の際は迅速に対応します。 ■AZACLI 麻布クリニックで脂肪採取される患者さま 脂肪採取に係る料金として220,000 円(税込)を直接クリニックへお支払いくださ い。当クリニック指定の手法のもと、AZACLI 麻布クリニックの医師が採取を行いま す。手術を行う医師は同手法に熟練した形成外科医となります。 3)ASC の移植 ・注入のご予約は注入希望日の1 週間前までに、クリニックまで直接ご連絡ください。 ・培養幹細胞は細胞培養加工施設出荷後48",,
V41_03C2510027,03C2510027,C,V41F670C60C80C,関東,東京都,"医療法人社団活寿会
東京ひざ関節症クリニック銀座院","中央区銀座5-3-12
壹番館ビル 7F",第二種,脂肪組織由来幹細胞（adipose-derived mesenchymal stem cell）の投与による関節治療,脂肪由来幹細胞,AUTO,1.0,https://saiseiiryo.mhlw.go.jp/published_plan/download/03C2510027/5/0,66000,税込,2 回,,,0,,") 1,419,000 円(税込) ※本治療の費用に応じて、返金対応額が異なる場合がございますので、あらかじめご了承く ださい。 ASC は脂肪採取日から最長3 年保管することが可能です。最初の1 年間は無料で保管致し ます。2 年目以降も保管延長をご希望の場合は、1 年ごとに別途更新料66,000 円(税込) が発生致します。2 回目以降保管してある培養幹細胞を注入する際には、別途注入料金、追 加調整料金がかかります。 追加調整料とは、最初に見積もられた費用に含まれていない追加の調整が必要になった場合 に請求される料金です。当クリニックでは、不測の事態や追加治療に備え、1 度の脂肪採取 で最大6V まで細胞を培養します。この培養",,
V41_03C2510027,03C2510027,C,V41F670C60C80C,関東,東京都,"医療法人社団活寿会
東京ひざ関節症クリニック銀座院","中央区銀座5-3-12
壹番館ビル 7F",第二種,脂肪組織由来幹細胞（adipose-derived mesenchymal stem cell）の投与による関節治療,脂肪由来幹細胞,AUTO,1.0,https://saiseiiryo.mhlw.go.jp/published_plan/download/03C2510027/5/0,31900,税込,,,,-2,,"用する際に当クリニックへ 輸送されます。 キャンセル費用:本治療をとりやめた場合、その時点までに行った施術及び細胞培養にかか った以下の費用をお支払いいただき、返金は致しかねます。 期間 キャンセル費用 脂肪採取前に治療をとりやめた場合 ◯予約取得日から施術の1 週間前まで: 31,900 円(税込) ◯予約取得日から施術の3 日前まで: 95,700 円(税込) ◯予約取得日から施術の2 日前~当日: 159,500 円(税込) 脂肪採取〜培養開始前まで 319,000 円(税込) 培養開始後〜投与直前まで(1 関節) 1,122,000 円(税込) 培養開始後〜投与直前まで(2 関節) 1,419",,
V41_03C2510027,03C2510027,C,V41F670C60C80C,関東,東京都,"医療法人社団活寿会
東京ひざ関節症クリニック銀座院","中央区銀座5-3-12
壹番館ビル 7F",第二種,脂肪組織由来幹細胞（adipose-derived mesenchymal stem cell）の投与による関節治療,脂肪由来幹細胞,AUTO,1.0,https://saiseiiryo.mhlw.go.jp/published_plan/download/03C2510027/5/0,95700,税込,,,,-2,,"療をとりやめた場合、その時点までに行った施術及び細胞培養にかか った以下の費用をお支払いいただき、返金は致しかねます。 期間 キャンセル費用 脂肪採取前に治療をとりやめた場合 ◯予約取得日から施術の1 週間前まで: 31,900 円(税込) ◯予約取得日から施術の3 日前まで: 95,700 円(税込) ◯予約取得日から施術の2 日前~当日: 159,500 円(税込) 脂肪採取〜培養開始前まで 319,000 円(税込) 培養開始後〜投与直前まで(1 関節) 1,122,000 円(税込) 培養開始後〜投与直前まで(2 関節) 1,419,000 円(税込) ※本治療の費用に応じて、返金対応額が異なる場",,
V41_03C2510027,03C2510027,C,V41F670C60C80C,関東,東京都,"医療法人社団活寿会
東京ひざ関節症クリニック銀座院","中央区銀座5-3-12
壹番館ビル 7F",第二種,脂肪組織由来幹細胞（adipose-derived mesenchymal stem cell）の投与による関節治療,脂肪由来幹細胞,AUTO,1.0,https://saiseiiryo.mhlw.go.jp/published_plan/download/03C2510027/5/0,159500,税込,,,,-2,,"下の費用をお支払いいただき、返金は致しかねます。 期間 キャンセル費用 脂肪採取前に治療をとりやめた場合 ◯予約取得日から施術の1 週間前まで: 31,900 円(税込) ◯予約取得日から施術の3 日前まで: 95,700 円(税込) ◯予約取得日から施術の2 日前~当日: 159,500 円(税込) 脂肪採取〜培養開始前まで 319,000 円(税込) 培養開始後〜投与直前まで(1 関節) 1,122,000 円(税込) 培養開始後〜投与直前まで(2 関節) 1,419,000 円(税込) ※本治療の費用に応じて、返金対応額が異なる場合がございますので、あらかじめご了承く ださい。 ASC は脂肪採",,
V41_03C2510027,03C2510027,C,V41F670C60C80C,関東,東京都,"医療法人社団活寿会
東京ひざ関節症クリニック銀座院","中央区銀座5-3-12
壹番館ビル 7F",第二種,脂肪組織由来幹細胞（adipose-derived mesenchymal stem cell）の投与による関節治療,脂肪由来幹細胞,AUTO,1.0,https://saiseiiryo.mhlw.go.jp/published_plan/download/03C2510027/5/0,319000,税込,,,,-2,,"キャンセル費用 脂肪採取前に治療をとりやめた場合 ◯予約取得日から施術の1 週間前まで: 31,900 円(税込) ◯予約取得日から施術の3 日前まで: 95,700 円(税込) ◯予約取得日から施術の2 日前~当日: 159,500 円(税込) 脂肪採取〜培養開始前まで 319,000 円(税込) 培養開始後〜投与直前まで(1 関節) 1,122,000 円(税込) 培養開始後〜投与直前まで(2 関節) 1,419,000 円(税込) ※本治療の費用に応じて、返金対応額が異なる場合がございますので、あらかじめご了承く ださい。 ASC は脂肪採取日から最長3 年保管することが可能です。最初の1 年間は無",,
V41_03C2510027,03C2510027,C,V41F670C60C80C,関東,東京都,"医療法人社団活寿会
東京ひざ関節症クリニック銀座院","中央区銀座5-3-12
壹番館ビル 7F",第二種,脂肪組織由来幹細胞（adipose-derived mesenchymal stem cell）の投与による関節治療,脂肪由来幹細胞,AUTO,1.0,https://saiseiiryo.mhlw.go.jp/published_plan/download/03C2510027/5/0,1122000,税込,,,,-2,,"から施術の1 週間前まで: 31,900 円(税込) ◯予約取得日から施術の3 日前まで: 95,700 円(税込) ◯予約取得日から施術の2 日前~当日: 159,500 円(税込) 脂肪採取〜培養開始前まで 319,000 円(税込) 培養開始後〜投与直前まで(1 関節) 1,122,000 円(税込) 培養開始後〜投与直前まで(2 関節) 1,419,000 円(税込) ※本治療の費用に応じて、返金対応額が異なる場合がございますので、あらかじめご了承く ださい。 ASC は脂肪採取日から最長3 年保管することが可能です。最初の1 年間は無料で保管致し ます。2 年目以降も保管延長をご希望の場合は、1 年ごとに別途",,
V41_03C2510027,03C2510027,C,V41F670C60C80C,関東,東京都,"医療法人社団活寿会
東京ひざ関節症クリニック銀座院","中央区銀座5-3-12
壹番館ビル 7F",第二種,脂肪組織由来幹細胞（adipose-derived mesenchymal stem cell）の投与による関節治療,脂肪由来幹細胞,AUTO,1.0,https://saiseiiryo.mhlw.go.jp/published_plan/download/03C2510027/5/0,1287000,税込,,,,-2,,"能性を完 全には否定できない 品質管理された安全性の高いも のだが、アレルギー反応などの可 能性を完全には否定できない 11. 治療にかかる費用について この治療は公的保険の対象ではありませんので、当クリニックの所定の施術料をお支払いい ただきます。 治療費用: 投与部位 1 関節 1,287,000 円(税込) 2関節 1,749,000 円(税込) 治療にかかる費用につきましては、ASC を投与する関節部位による違いはございません。 製造したASC は細胞培養加工施設で一時保管され、本治療に使用する際に当クリニックへ 輸送されます。 キャンセル費用:本治療をとりやめた場合、その時点までに行った施術及び細胞培養にかか った",,
V41_03C2510027,03C2510027,C,V41F670C60C80C,関東,東京都,"医療法人社団活寿会
東京ひざ関節症クリニック銀座院","中央区銀座5-3-12
壹番館ビル 7F",第二種,脂肪組織由来幹細胞（adipose-derived mesenchymal stem cell）の投与による関節治療,脂肪由来幹細胞,AUTO,1.0,https://saiseiiryo.mhlw.go.jp/published_plan/download/03C2510027/5/0,1419000,税込,2 回,,,-2,,"術の3 日前まで: 95,700 円(税込) ◯予約取得日から施術の2 日前~当日: 159,500 円(税込) 脂肪採取〜培養開始前まで 319,000 円(税込) 培養開始後〜投与直前まで(1 関節) 1,122,000 円(税込) 培養開始後〜投与直前まで(2 関節) 1,419,000 円(税込) ※本治療の費用に応じて、返金対応額が異なる場合がございますので、あらかじめご了承く ださい。 ASC は脂肪採取日から最長3 年保管することが可能です。最初の1 年間は無料で保管致し ます。2 年目以降も保管延長をご希望の場合は、1 年ごとに別途更新料66,000 円(税込) が発生致します。2 回目以降保管してある培養",,
V41_03C2510027,03C2510027,C,V41F670C60C80C,関東,東京都,"医療法人社団活寿会
東京ひざ関節症クリニック銀座院","中央区銀座5-3-12
壹番館ビル 7F",第二種,脂肪組織由来幹細胞（adipose-derived mesenchymal stem cell）の投与による関節治療,脂肪由来幹細胞,AUTO,1.0,https://saiseiiryo.mhlw.go.jp/published_plan/download/03C2510027/5/0,1749000,税込,,,,-2,,"た安全性の高いも のだが、アレルギー反応などの可 能性を完全には否定できない 11. 治療にかかる費用について この治療は公的保険の対象ではありませんので、当クリニックの所定の施術料をお支払いい ただきます。 治療費用: 投与部位 1 関節 1,287,000 円(税込) 2関節 1,749,000 円(税込) 治療にかかる費用につきましては、ASC を投与する関節部位による違いはございません。 製造したASC は細胞培養加工施設で一時保管され、本治療に使用する際に当クリニックへ 輸送されます。 キャンセル費用:本治療をとりやめた場合、その時点までに行った施術及び細胞培養にかか った以下の費用をお支払いいただき、返金は致しかね",,
V41_02C2602018,02C2602018,D,V41F8C69D7C090,関東,東京都,医療法人社団活寿会　東京ひざ関節症クリニック新宿院,新宿区西新宿1-4-11　宝ビル9F,第二種,脂肪組織由来幹細胞（adipose-derived mesenchymal stem cell）の投与による関節治療,脂肪由来幹細胞,AUTO,1.0,https://saiseiiryo.mhlw.go.jp/published_plan/download/02C2602018/5/0,1287000,税込,,,,16,6,"この治療は公的保険の対象ではありませんので、当クリニックの所定の施術料をお支払いい ただきます。 治療費用: 投与部位 1 関節 1,287,000 円(税込) 2関節 1,749,000 円(税込) 治療にかかる費用につきましては、ASC を投与する関節部位による違いはございません。 製",line-level strong price context,
V41_02C2602018,02C2602018,D,V41F8C69D7C090,関東,東京都,医療法人社団活寿会　東京ひざ関節症クリニック新宿院,新宿区西新宿1-4-11　宝ビル9F,第二種,脂肪組織由来幹細胞（adipose-derived mesenchymal stem cell）の投与による関節治療,脂肪由来幹細胞,AUTO,1.0,https://saiseiiryo.mhlw.go.jp/published_plan/download/02C2602018/5/0,1749000,税込,,,,11,6,"ただきます。 治療費用: 投与部位 1 関節 1,287,000 円(税込) 2関節 1,749,000 円(税込) 治療にかかる費用につきましては、ASC を投与する関節部位による違いはございません。 製 造したASC は細胞培養加工施設で一時保管され、本治療に使用する際に当クリニックへ輸",line-level strong price context,
V41_01C2503056,01C2503056,A,V41FA0C1E25CE8,関東,東京都,医療法人社団熊野前医院　たいら整形外科,荒川区東尾久4-3-9,第三種,自家多血小板血漿（PRP）を用いた筋腱付着部およびスポーツ障害（筋・腱・靭帯）の治療,PRP,QC,1.0,https://saiseiiryo.mhlw.go.jp/published_plan/download/01C2503056/5/0,,,,,,,,,no price found after text/OCR pass,Document fetched but no price candidate
V41_01C2407028,01C2407028,B,V41FA61A6FC986,関東,東京都,医療法人社団癒合会　高輪和合クリニック,東京都港区高輪4丁目22番10号 小川商事ビル2階201号,第二種,自己多血小板血漿（PRP）による変形性関節症の治療,PRP,AUTO,1.0,https://saiseiiryo.mhlw.go.jp/published_plan/download/01C2407028/5/0,100000,不明,,,,8,6,ます。 (3)費用は、以下のとおりです。 PRP 約1ml(採血量 約11ml) 10 万円 PRP 約2ml(採血量 約22ml) 20 万円 ※初診時には、初診料はかかりません。,line-level medium price context,
V41_01C2407028,01C2407028,B,V41FA61A6FC986,関東,東京都,医療法人社団癒合会　高輪和合クリニック,東京都港区高輪4丁目22番10号 小川商事ビル2階201号,第二種,自己多血小板血漿（PRP）による変形性関節症の治療,PRP,AUTO,1.0,https://saiseiiryo.mhlw.go.jp/published_plan/download/01C2407028/5/0,200000,不明,,,,8,6,(3)費用は、以下のとおりです。 PRP 約1ml(採血量 約11ml) 10 万円 PRP 約2ml(採血量 約22ml) 20 万円 ※初診時には、初診料はかかりません。 (4)費用は、同意書にサイン後、PRP 治療のための採血の前に全額お支払いいただき,line-level medium price context,
V41_01C2509061,01C2509061,C,V41F28564D27AE,関東,東京都,医療法人社団研裕会 紀尾井町プラザクリニック歯科・美容外科,千代田区紀尾井町3番12号紀尾井町ビル 2階,第二種,変形性膝関節症に対する自己脂肪由来間葉系幹細胞治療,脂肪由来幹細胞,AUTO,1.0,https://saiseiiryo.mhlw.go.jp/published_plan/download/01C2509061/5/0,1100000,税込,1 部位,,,8,,"本治療は、保険適用外の治療(自由診療)であるため、本治療の提供にかかる費用は、培養にかかる細胞加工 費、幹細胞投与費、検査費、薬剤などの消耗備品を含め治療費総額 初回 1 部位 1,323,300 円(税込) 2 部位 2,423,300 円(税込) 2 回目以降 1 部位 1,100,000 円(税込) を患者様ご自身にご負担いただきます。 また、治療に使用する細胞の品質が悪く治療ができない場合、再度脂肪組織の採取および細胞培養を行います。その 際に係る費用については、請求することはありませんが、旅費、交通費などの費用はご自身でご負担いただきます。あらか じめご了承ください。なお同意を撤回された場合を含め、治療の中止時に",,
V41_01C2509061,01C2509061,C,V41F28564D27AE,関東,東京都,医療法人社団研裕会 紀尾井町プラザクリニック歯科・美容外科,千代田区紀尾井町3番12号紀尾井町ビル 2階,第二種,変形性膝関節症に対する自己脂肪由来間葉系幹細胞治療,脂肪由来幹細胞,AUTO,1.0,https://saiseiiryo.mhlw.go.jp/published_plan/download/01C2509061/5/0,1323300,税込,1 部位,,,8,,"ませんし、これからの治療に影響することもありま せん。 12. 本治療の費用について 本治療は、保険適用外の治療(自由診療)であるため、本治療の提供にかかる費用は、培養にかかる細胞加工 費、幹細胞投与費、検査費、薬剤などの消耗備品を含め治療費総額 初回 1 部位 1,323,300 円(税込) 2 部位 2,423,300 円(税込) 2 回目以降 1 部位 1,100,000 円(税込) を患者様ご自身にご負担いただきます。 また、治療に使用する細胞の品質が悪く治療ができない場合、再度脂肪組織の採取および細胞培養を行います。その 際に係る費用については、請求することはありませんが、旅費、交通費などの費用は",,
V41_01C2509061,01C2509061,C,V41F28564D27AE,関東,東京都,医療法人社団研裕会 紀尾井町プラザクリニック歯科・美容外科,千代田区紀尾井町3番12号紀尾井町ビル 2階,第二種,変形性膝関節症に対する自己脂肪由来間葉系幹細胞治療,脂肪由来幹細胞,AUTO,1.0,https://saiseiiryo.mhlw.go.jp/published_plan/download/01C2509061/5/0,2423300,税込,1 部位,,,8,,"りま せん。 12. 本治療の費用について 本治療は、保険適用外の治療(自由診療)であるため、本治療の提供にかかる費用は、培養にかかる細胞加工 費、幹細胞投与費、検査費、薬剤などの消耗備品を含め治療費総額 初回 1 部位 1,323,300 円(税込) 2 部位 2,423,300 円(税込) 2 回目以降 1 部位 1,100,000 円(税込) を患者様ご自身にご負担いただきます。 また、治療に使用する細胞の品質が悪く治療ができない場合、再度脂肪組織の採取および細胞培養を行います。その 際に係る費用については、請求することはありませんが、旅費、交通費などの費用はご自身でご負担いただきます。あらか じめご",,
V41_01C2505053,01C2505053,D,V41F28564D27AE,関東,東京都,医療法人社団研裕会　紀尾井町プラザクリニック歯科・美容外科,千代田区紀尾井町3番12号　紀尾井町ビル　2階,第三種,多増殖因子血漿（PRGF）を用いた筋肉、腱、靭帯、筋膜の損傷及び慢性炎症の治療（関節腔外に限る）,PRGF,AUTO,1.0,https://saiseiiryo.mhlw.go.jp/published_plan/download/01C2505053/5/0,165000,不明,1回,PRGF-Endoret,BTI,8,,"療時間:11:00~19:00 ・診療時間外の連絡先:03-3237-6701(24 時間) 14.当該再生医療等の実施に係る費用に関する事項 ☐ 今回提供する医療は、患者様の自己血を無償にてご提供いただいた上で実施されます。 また、保険適用のない自由診療の扱いとなります。費用は1回の治療当り165,000 円(税 込)となりますが、治療に要する特定細胞加工物の量により費用は変動いたします。 そのため具体的な費用については、別途見積もりをご確認ください。 15.他の治療法の有無及び内容並びに他の治療法により予期される利益及び不利益との比較 ☐ PRGF 療法の治療を選択されない場合には、従来の一般療法にて治療を受けることが可能",,
V41_02C2608020,02C2608020,A,V41FD574F41EE5,関東,東京都,医療法人社団福至会　SPES CLINIC TOKYO BAY 晴海中央医院,中央区晴海2-1-40 晴海プライムスクエア11F,第二種,自己脂肪由来幹細胞を用いた変形性関節症の治療,脂肪由来幹細胞,QC,1.0,https://saiseiiryo.mhlw.go.jp/published_plan/download/02C2608020/5/0,,,,,,,,,no price found after rescue text/OCR pass,Rescue completed; OCR page timeouts=0
V41_02C2002036,02C2002036,B,V41F201F15B875,関東,東京都,医療法人社団秀博会BTRアーツ銀座クリニック,港区新橋2-20-15 新橋駅前ビル1号館201,第二種,自己脂肪由来間葉系幹細胞を用いた変形性膝関節症治療,脂肪由来幹細胞,AUTO,1.0,https://saiseiiryo.mhlw.go.jp/published_plan/download/02C2002036/5/0,100000,税別,,,,8,,"関にて実費をお支払い頂きます。 尚、細胞加工物の製造過程に同意を撤回された場合、同意を撤回される時点までに費用が発生してい る場合は、発生した費用については患者様にご負担頂きますので、ご了承ください。 投与日決定後に患者様都合により投与日程を変更する場合には、培養のやり直しが必要となり追加費 用100,000 円(税抜)をご負担頂きます。 高齢者や免疫力が低下している方、以下の罹患している疾患・および治療の為に服用されている薬の 影響で、細胞の増殖が遅くなる場合や幹細胞が増殖しない場合があります。 (1バセドウ病2橋本病3抗がん剤4美容サプリメント5抗凝固剤など内服している薬剤を服用され ている方6血液クレンジングをされている方) 尚、細胞",,
V41_02C2002036,02C2002036,B,V41F201F15B875,関東,東京都,医療法人社団秀博会BTRアーツ銀座クリニック,港区新橋2-20-15 新橋駅前ビル1号館201,第二種,自己脂肪由来間葉系幹細胞を用いた変形性膝関節症治療,脂肪由来幹細胞,AUTO,1.0,https://saiseiiryo.mhlw.go.jp/published_plan/download/02C2002036/5/0,40000,税別,,,,6,,"用について 本治療は公的保険の対象ではありませんので、当院所定の施術料をお支払い頂きます。標準価格は片 膝700,000 円、両膝1,000,000 円(税別)となります。ただし、感染症に罹患している場合には追加費 用が必要となります(感染症1 疾患で15 万円(税別)が追加、以降1 疾患追加毎に4 万円(税別)が加算 されます)。また、海外の患者様は別途通訳を含めたコーディネート費用がかかります。 その他、本治療を受けるために必要となった交通費なども患者様にてご負担頂きます。提携医療機関 などで画像撮影・診断を行い、料金が発生する場合は、その医療機関にて実費をお支払い頂きます。 尚、細胞加工物の製造過程に同意を撤回された場合、同意を",,
V41_02C2002036,02C2002036,B,V41F201F15B875,関東,東京都,医療法人社団秀博会BTRアーツ銀座クリニック,港区新橋2-20-15 新橋駅前ビル1号館201,第二種,自己脂肪由来間葉系幹細胞を用いた変形性膝関節症治療,脂肪由来幹細胞,AUTO,1.0,https://saiseiiryo.mhlw.go.jp/published_plan/download/02C2002036/5/0,150000,税別,,,,6,,"分配慮致します。 14. 治療にかかる費用について 本治療は公的保険の対象ではありませんので、当院所定の施術料をお支払い頂きます。標準価格は片 膝700,000 円、両膝1,000,000 円(税別)となります。ただし、感染症に罹患している場合には追加費 用が必要となります(感染症1 疾患で15 万円(税別)が追加、以降1 疾患追加毎に4 万円(税別)が加算 されます)。また、海外の患者様は別途通訳を含めたコーディネート費用がかかります。 その他、本治療を受けるために必要となった交通費なども患者様にてご負担頂きます。提携医療機関 などで画像撮影・診断を行い、料金が発生する場合は、その医療機関にて実費をお支払い頂きます。 尚、細胞加",,
V41_02C2002036,02C2002036,B,V41F201F15B875,関東,東京都,医療法人社団秀博会BTRアーツ銀座クリニック,港区新橋2-20-15 新橋駅前ビル1号館201,第二種,自己脂肪由来間葉系幹細胞を用いた変形性膝関節症治療,脂肪由来幹細胞,AUTO,1.0,https://saiseiiryo.mhlw.go.jp/published_plan/download/02C2002036/5/0,700000,税別,,,,6,,"能性がありま す。その際、あなたの名前などの個人情報については記号・番号などで匿名化され、外部からはわか らないように加工し、プライバシー保護に十分配慮致します。 14. 治療にかかる費用について 本治療は公的保険の対象ではありませんので、当院所定の施術料をお支払い頂きます。標準価格は片 膝700,000 円、両膝1,000,000 円(税別)となります。ただし、感染症に罹患している場合には追加費 用が必要となります(感染症1 疾患で15 万円(税別)が追加、以降1 疾患追加毎に4 万円(税別)が加算 されます)。また、海外の患者様は別途通訳を含めたコーディネート費用がかかります。 その他、本治療を受けるために必要となった交通費なども患者様",,
V41_02C2002036,02C2002036,B,V41F201F15B875,関東,東京都,医療法人社団秀博会BTRアーツ銀座クリニック,港区新橋2-20-15 新橋駅前ビル1号館201,第二種,自己脂肪由来間葉系幹細胞を用いた変形性膝関節症治療,脂肪由来幹細胞,AUTO,1.0,https://saiseiiryo.mhlw.go.jp/published_plan/download/02C2002036/5/0,1000000,税別,,,,6,,"、あなたの名前などの個人情報については記号・番号などで匿名化され、外部からはわか らないように加工し、プライバシー保護に十分配慮致します。 14. 治療にかかる費用について 本治療は公的保険の対象ではありませんので、当院所定の施術料をお支払い頂きます。標準価格は片 膝700,000 円、両膝1,000,000 円(税別)となります。ただし、感染症に罹患している場合には追加費 用が必要となります(感染症1 疾患で15 万円(税別)が追加、以降1 疾患追加毎に4 万円(税別)が加算 されます)。また、海外の患者様は別途通訳を含めたコーディネート費用がかかります。 その他、本治療を受けるために必要となった交通費なども患者様にてご負担頂きます。提携医療",,
V41_02C2001047,02C2001047,C,V41FF8834ABE27,関東,東京都,医療法人社団秀慈会　リバーシティすずき整形外科,中央区佃1-11-8 リバーシティ21 ピアウエストスクエア2階,第二種,多血小板血漿抽出液による関節症治療,APS/PRP,AUTO,1.0,https://saiseiiryo.mhlw.go.jp/published_plan/download/02C2001047/5/0,320000,税別,,APS|GPS|Zimmer,Zimmer Biomet,8,,"理者(院長)へと報告して対応させていただきます。 窓口部署:事務 連絡先:03-3534-5678 12.費用について この治療は公的保険の対象ではありませんので、当院所定の施術料をお支払いいただきます。 ・ZIMMER BIOMET 製 GPS®IIIシステム、APSキット使用 320,000円(税別) (APSキットを使用してさらに抽出を行い純度を高めて使用する場合) ※患者様の症状、その他の事情等により治療費が変動する場合があります。 なお、細胞の採取後や加工後に同意を撤回された場合など、同意を撤回される時点までに費用が発生し ている場合は、発生した費用については患者様にご負担いただきますのでご了承ください。",,
V41_01C2503047,01C2503047,D,V41F5965CAC44C,関東,東京都,"医療法人社団紘朗会
麻布皮フ科クリニック","港区南麻布4丁目14-6 
プレシャス18 6階",第二種,"自家培養脂肪由来幹細胞を用いた筋肉、腱、靭帯、筋膜の損傷及び慢性炎症の治療
（関節外の軟部組織）",脂肪由来幹細胞,AUTO,1.0,https://saiseiiryo.mhlw.go.jp/published_plan/download/01C2503047/5/0,150000,税込,,,,8,,"判断で 変更される可能性もございます。 契約書の内容に関するご不明点つきましては細胞培養加工施設へご確認をお願い いたします。 料金表1(脂肪採取に関する費用) 項目 費用(税込) 【片側】自家培養脂肪由来間葉系幹細胞 投与0.5 億cells 150,000 円 【両側】自家培養脂肪由来間葉系幹細胞 投与0.5 億cells ずつ 300,000 円 料金表2(細胞移植に関する費用) 項目 費用(税込) 【片側】自家培養脂肪由来間葉系幹細胞 投与0.5 億cells 1,350,000 円 【両側】自家培養脂肪由来間葉系幹細胞 投与0.5 億cells ずつ 2,700",,
V41_01C2503047,01C2503047,D,V41F5965CAC44C,関東,東京都,"医療法人社団紘朗会
麻布皮フ科クリニック","港区南麻布4丁目14-6 
プレシャス18 6階",第二種,"自家培養脂肪由来幹細胞を用いた筋肉、腱、靭帯、筋膜の損傷及び慢性炎症の治療
（関節外の軟部組織）",脂肪由来幹細胞,AUTO,1.0,https://saiseiiryo.mhlw.go.jp/published_plan/download/01C2503047/5/0,300000,税込,,,,8,,"工施設へご確認をお願い いたします。 料金表1(脂肪採取に関する費用) 項目 費用(税込) 【片側】自家培養脂肪由来間葉系幹細胞 投与0.5 億cells 150,000 円 【両側】自家培養脂肪由来間葉系幹細胞 投与0.5 億cells ずつ 300,000 円 料金表2(細胞移植に関する費用) 項目 費用(税込) 【片側】自家培養脂肪由来間葉系幹細胞 投与0.5 億cells 1,350,000 円 【両側】自家培養脂肪由来間葉系幹細胞 投与0.5 億cells ずつ 2,700,000 円 料金表3(脂肪保管に関する費用) 項目 費用(税込) 細胞保管費用6",,
V41_01C2503047,01C2503047,D,V41F5965CAC44C,関東,東京都,"医療法人社団紘朗会
麻布皮フ科クリニック","港区南麻布4丁目14-6 
プレシャス18 6階",第二種,"自家培養脂肪由来幹細胞を用いた筋肉、腱、靭帯、筋膜の損傷及び慢性炎症の治療
（関節外の軟部組織）",脂肪由来幹細胞,AUTO,1.0,https://saiseiiryo.mhlw.go.jp/published_plan/download/01C2503047/5/0,11000,税込,,,,0,,"【片側】自家培養脂肪由来間葉系幹細胞 投与0.5 億cells 1,350,000 円 【両側】自家培養脂肪由来間葉系幹細胞 投与0.5 億cells ずつ 2,700,000 円 料金表3(脂肪保管に関する費用) 項目 費用(税込) 細胞保管費用6 億個(1 か月あたり) 11,000 円 細胞保管費用12 億個(1 か月あたり) 22,000 円 II. 治療をキャンセルされた場合は、キャンセル費用をいただきます。 尚、細胞移植につきましては治療のキャンセルに加えて、日程変更につきましても キャンセル費用をお支払いいただきます。 キャンセル費用1(脂肪採取のキャンセルに関して) 項目 費用(税込)",,
V41_01C2503047,01C2503047,D,V41F5965CAC44C,関東,東京都,"医療法人社団紘朗会
麻布皮フ科クリニック","港区南麻布4丁目14-6 
プレシャス18 6階",第二種,"自家培養脂肪由来幹細胞を用いた筋肉、腱、靭帯、筋膜の損傷及び慢性炎症の治療
（関節外の軟部組織）",脂肪由来幹細胞,AUTO,1.0,https://saiseiiryo.mhlw.go.jp/published_plan/download/01C2503047/5/0,22000,税込,,,,0,,"s 1,350,000 円 【両側】自家培養脂肪由来間葉系幹細胞 投与0.5 億cells ずつ 2,700,000 円 料金表3(脂肪保管に関する費用) 項目 費用(税込) 細胞保管費用6 億個(1 か月あたり) 11,000 円 細胞保管費用12 億個(1 か月あたり) 22,000 円 II. 治療をキャンセルされた場合は、キャンセル費用をいただきます。 尚、細胞移植につきましては治療のキャンセルに加えて、日程変更につきましても キャンセル費用をお支払いいただきます。 キャンセル費用1(脂肪採取のキャンセルに関して) 項目 費用(税込) 脂肪採取日の7 日前まで なし 脂肪採取日の6日前から脂肪採",,
V41_01C2503047,01C2503047,D,V41F5965CAC44C,関東,東京都,"医療法人社団紘朗会
麻布皮フ科クリニック","港区南麻布4丁目14-6 
プレシャス18 6階",第二種,"自家培養脂肪由来幹細胞を用いた筋肉、腱、靭帯、筋膜の損傷及び慢性炎症の治療
（関節外の軟部組織）",脂肪由来幹細胞,AUTO,1.0,https://saiseiiryo.mhlw.go.jp/published_plan/download/01C2503047/5/0,1350000,税込,,,,0,,"脂肪由来間葉系幹細胞 投与0.5 億cells 150,000 円 【両側】自家培養脂肪由来間葉系幹細胞 投与0.5 億cells ずつ 300,000 円 料金表2(細胞移植に関する費用) 項目 費用(税込) 【片側】自家培養脂肪由来間葉系幹細胞 投与0.5 億cells 1,350,000 円 【両側】自家培養脂肪由来間葉系幹細胞 投与0.5 億cells ずつ 2,700,000 円 料金表3(脂肪保管に関する費用) 項目 費用(税込) 細胞保管費用6 億個(1 か月あたり) 11,000 円 細胞保管費用12 億個(1 か月あたり) 22,000 円 II. 治療をキャンセルされた場合は、キャン",,
V41_01C2503047,01C2503047,D,V41F5965CAC44C,関東,東京都,"医療法人社団紘朗会
麻布皮フ科クリニック","港区南麻布4丁目14-6 
プレシャス18 6階",第二種,"自家培養脂肪由来幹細胞を用いた筋肉、腱、靭帯、筋膜の損傷及び慢性炎症の治療
（関節外の軟部組織）",脂肪由来幹細胞,AUTO,1.0,https://saiseiiryo.mhlw.go.jp/published_plan/download/01C2503047/5/0,2700000,税込,,,,0,,"葉系幹細胞 投与0.5 億cells ずつ 300,000 円 料金表2(細胞移植に関する費用) 項目 費用(税込) 【片側】自家培養脂肪由来間葉系幹細胞 投与0.5 億cells 1,350,000 円 【両側】自家培養脂肪由来間葉系幹細胞 投与0.5 億cells ずつ 2,700,000 円 料金表3(脂肪保管に関する費用) 項目 費用(税込) 細胞保管費用6 億個(1 か月あたり) 11,000 円 細胞保管費用12 億個(1 か月あたり) 22,000 円 II. 治療をキャンセルされた場合は、キャンセル費用をいただきます。 尚、細胞移植につきましては治療のキャンセルに加えて、日程変更につきまし",,
V41_01C2505049,01C2505049,A,V41F5965CAC44C,関東,東京都,"医療法人社団紘朗会
麻布皮フ科クリニック","港区南麻布4丁目14-6 
プレシャス18 6階",第二種,自家多血小板血漿（Platelet-Rich Plasma：PRP）を用いた慢性関節炎の治療（関節内組織）,PRP,AUTO,1.0,https://saiseiiryo.mhlw.go.jp/published_plan/download/01C2505049/5/0,55000,税込,1回,,,7,8,"費用(税込み) PRP 投与1回 55,000 円 高濃度PRP 投与1回 220,000 円",rescue medium price context,
V41_01C2402046,01C2402046,B,V41F5965CAC44C,関東,東京都,医療法人社団紘朗会　麻布皮フ科クリニック,"港区南麻布4丁目14-6 
プレシャス18 6階",第二種,自家培養脂肪由来幹細胞を用いた変形性関節症治療,脂肪由来幹細胞,AUTO,1.0,https://saiseiiryo.mhlw.go.jp/published_plan/download/01C2402046/5/0,150000,税込,,,,8,,"管費用につきましては今後細胞培養加工施設の判断で 変更される可能性もございます。 契約書の内容に関するご不明点つきましては細胞培養加工施設へご確認をお願い いたします。 料金表1(脂肪採取に関する費用) 項目 費用(税込) 【片側】自家脂肪由来間葉系幹細胞 投与0.5 億cells 150,000 円 【両側】自家脂肪由来間葉系幹細胞 投与0.5 億cells ずつ 300,000 円 料金表2(細胞移植に関する費用) 項目 費用(税込) 【片側】自家脂肪由来間葉系幹細胞 投与0.5 億cells 1,350,000 円 【両側】自家脂肪由来間葉系幹細胞 投与0.5 億cells ずつ 2,700,000 円",,
V41_01C2402046,01C2402046,B,V41F5965CAC44C,関東,東京都,医療法人社団紘朗会　麻布皮フ科クリニック,"港区南麻布4丁目14-6 
プレシャス18 6階",第二種,自家培養脂肪由来幹細胞を用いた変形性関節症治療,脂肪由来幹細胞,AUTO,1.0,https://saiseiiryo.mhlw.go.jp/published_plan/download/01C2402046/5/0,300000,税込,,,,8,,"書の内容に関するご不明点つきましては細胞培養加工施設へご確認をお願い いたします。 料金表1(脂肪採取に関する費用) 項目 費用(税込) 【片側】自家脂肪由来間葉系幹細胞 投与0.5 億cells 150,000 円 【両側】自家脂肪由来間葉系幹細胞 投与0.5 億cells ずつ 300,000 円 料金表2(細胞移植に関する費用) 項目 費用(税込) 【片側】自家脂肪由来間葉系幹細胞 投与0.5 億cells 1,350,000 円 【両側】自家脂肪由来間葉系幹細胞 投与0.5 億cells ずつ 2,700,000 円 料金表3(脂肪保管に関する費用) 項目 費用(税込) 細胞保管費用6 億個(",,
V41_01C2402046,01C2402046,B,V41F5965CAC44C,関東,東京都,医療法人社団紘朗会　麻布皮フ科クリニック,"港区南麻布4丁目14-6 
プレシャス18 6階",第二種,自家培養脂肪由来幹細胞を用いた変形性関節症治療,脂肪由来幹細胞,AUTO,1.0,https://saiseiiryo.mhlw.go.jp/published_plan/download/01C2402046/5/0,11000,税込,,,,0,,"(税込) 【片側】自家脂肪由来間葉系幹細胞 投与0.5 億cells 1,350,000 円 【両側】自家脂肪由来間葉系幹細胞 投与0.5 億cells ずつ 2,700,000 円 料金表3(脂肪保管に関する費用) 項目 費用(税込) 細胞保管費用6 億個(1 か月あたり) 11,000 円 細胞保管費用12 億個(1 か月あたり) 22,000 円 II. 治療をキャンセルされた場合は、キャンセル費用をいただきます。 尚、細胞移植につきましては治療のキャンセルに加えて、日程変更につきましても キャンセル費用をお支払いいただきます。 キャンセル費用1(脂肪採取のキャンセルに関して) 項目 費用(税込)",,
V41_01C2402046,01C2402046,B,V41F5965CAC44C,関東,東京都,医療法人社団紘朗会　麻布皮フ科クリニック,"港区南麻布4丁目14-6 
プレシャス18 6階",第二種,自家培養脂肪由来幹細胞を用いた変形性関節症治療,脂肪由来幹細胞,AUTO,1.0,https://saiseiiryo.mhlw.go.jp/published_plan/download/01C2402046/5/0,22000,税込,,,,0,,"lls 1,350,000 円 【両側】自家脂肪由来間葉系幹細胞 投与0.5 億cells ずつ 2,700,000 円 料金表3(脂肪保管に関する費用) 項目 費用(税込) 細胞保管費用6 億個(1 か月あたり) 11,000 円 細胞保管費用12 億個(1 か月あたり) 22,000 円 II. 治療をキャンセルされた場合は、キャンセル費用をいただきます。 尚、細胞移植につきましては治療のキャンセルに加えて、日程変更につきましても キャンセル費用をお支払いいただきます。 キャンセル費用1(脂肪採取のキャンセルに関して) 項目 費用(税込) 脂肪採取日の7 日前まで なし 脂肪採取日の6日前から脂肪採",,
V41_01C2402046,01C2402046,B,V41F5965CAC44C,関東,東京都,医療法人社団紘朗会　麻布皮フ科クリニック,"港区南麻布4丁目14-6 
プレシャス18 6階",第二種,自家培養脂肪由来幹細胞を用いた変形性関節症治療,脂肪由来幹細胞,AUTO,1.0,https://saiseiiryo.mhlw.go.jp/published_plan/download/01C2402046/5/0,1350000,税込,,,,0,,"側】自家脂肪由来間葉系幹細胞 投与0.5 億cells 150,000 円 【両側】自家脂肪由来間葉系幹細胞 投与0.5 億cells ずつ 300,000 円 料金表2(細胞移植に関する費用) 項目 費用(税込) 【片側】自家脂肪由来間葉系幹細胞 投与0.5 億cells 1,350,000 円 【両側】自家脂肪由来間葉系幹細胞 投与0.5 億cells ずつ 2,700,000 円 料金表3(脂肪保管に関する費用) 項目 費用(税込) 細胞保管費用6 億個(1 か月あたり) 11,000 円 細胞保管費用12 億個(1 か月あたり) 22,000 円 II. 治療をキャンセルされた場合は、キャンセル",,
V41_01C2402046,01C2402046,B,V41F5965CAC44C,関東,東京都,医療法人社団紘朗会　麻布皮フ科クリニック,"港区南麻布4丁目14-6 
プレシャス18 6階",第二種,自家培養脂肪由来幹細胞を用いた変形性関節症治療,脂肪由来幹細胞,AUTO,1.0,https://saiseiiryo.mhlw.go.jp/published_plan/download/01C2402046/5/0,2700000,税込,,,,0,,"肪由来間葉系幹細胞 投与0.5 億cells ずつ 300,000 円 料金表2(細胞移植に関する費用) 項目 費用(税込) 【片側】自家脂肪由来間葉系幹細胞 投与0.5 億cells 1,350,000 円 【両側】自家脂肪由来間葉系幹細胞 投与0.5 億cells ずつ 2,700,000 円 料金表3(脂肪保管に関する費用) 項目 費用(税込) 細胞保管費用6 億個(1 か月あたり) 11,000 円 細胞保管費用12 億個(1 か月あたり) 22,000 円 II. 治療をキャンセルされた場合は、キャンセル費用をいただきます。 尚、細胞移植につきましては治療のキャンセルに加えて、日程変更につきまし",,
V41_01C2005002,01C2005002,C,V41FBA28ECFABC,関東,東京都,医療法人社団育生会　私のクリニック目白,豊島区目白1-4-1 ホテルメッツ目白1F,第三種,自己多血小板血漿（PRP)を用いた、関節周囲の痛みの治療,PRP,AUTO,1.0,https://saiseiiryo.mhlw.go.jp/published_plan/download/01C2005002/5/0,110000,不明,,,,14,1,□ 他の治療法との比較:ヒアルロン酸やコラーゲン注射、または光線療法とは機序が異なり、類似 する方法はありません。そのため利益・不利益の比較はできません。 □ 治療費は1 患部への治療(左右関節一対の治療の場合も含む)で11 万円(別途消費税)です。 □ 細胞提供者と受領者は同一人のため、細胞提供者の選択は行いません。ただし、既往症や診察結 果でPRP 療法を施行しない場合があります。,rescue strong price context,
V41_01C2207058,01C2207058,D,V41FC7511460C2,関東,東京都,"医療法人社団舜成会　
西国立整形外科クリニック",立川市羽衣町 2-49-7,第三種,自己多血小板血漿（PRP）を用いた筋・腱・靭帯の損傷組織修復療法,PRP,AUTO,1.0,https://saiseiiryo.mhlw.go.jp/published_plan/download/01C2207058/5/0,33000,税込,,,,8,,"スピッツ:約 10ml・ラージスピッツ:約 20ml(各 1 本あたり)の採血を行い、採血した静脈血について遠心分 離機を使用して遠心し血小板を濃縮、PRPを作製します。 □ 血小板活性を促すためにアドレナリン含有リドカインを少量加え る場合があります。 □ 本治療にかかる費用は、PRP 1ml =33,000円(消費税込) PRP 2ml =66,000円(消費税込) です。 □ 細胞提供者と受領者(施術対象者)は同一人のため、細胞提供者 の選択は行いません。ただし、 既往症や診察結果でPRP療法を施行 しない場合があります。 □本治療が原因である健康被害が発生した場合は、協議に応じ医療 を提供する等適切な対応を行います。 また、万が一に備",,
V41_01C2207058,01C2207058,D,V41FC7511460C2,関東,東京都,"医療法人社団舜成会　
西国立整形外科クリニック",立川市羽衣町 2-49-7,第三種,自己多血小板血漿（PRP）を用いた筋・腱・靭帯の損傷組織修復療法,PRP,AUTO,1.0,https://saiseiiryo.mhlw.go.jp/published_plan/download/01C2207058/5/0,66000,税込,,,,8,,"ml(各 1 本あたり)の採血を行い、採血した静脈血について遠心分 離機を使用して遠心し血小板を濃縮、PRPを作製します。 □ 血小板活性を促すためにアドレナリン含有リドカインを少量加え る場合があります。 □ 本治療にかかる費用は、PRP 1ml =33,000円(消費税込) PRP 2ml =66,000円(消費税込) です。 □ 細胞提供者と受領者(施術対象者)は同一人のため、細胞提供者 の選択は行いません。ただし、 既往症や診察結果でPRP療法を施行 しない場合があります。 □本治療が原因である健康被害が発生した場合は、協議に応じ医療 を提供する等適切な対応を行います。 また、万が一に備え、実施医師は東京海上日動パートナーズ順天堂 大",,
V41_01C2006008,01C2006008,A,V41F6F9302362B,関東,東京都,医療法人社団良徳会　RCクリニック,渋谷区神宮前三丁目42番2号　VORT外苑前Ⅲ地下１階,第二種,自己脂肪組織由来幹細胞を用いた変形性関節症治療,脂肪由来幹細胞,QC,1.0,https://saiseiiryo.mhlw.go.jp/published_plan/download/01C2006008/5/0,1400000,不明,,,,3,9,"片膝 1×108 1,400,000円 ※初診料:10,000円、施術料:100,000円がかかりま す。",rescue price candidates remain ambiguous,
V41_01C2006008,01C2006008,A,V41F6F9302362B,関東,東京都,医療法人社団良徳会　RCクリニック,渋谷区神宮前三丁目42番2号　VORT外苑前Ⅲ地下１階,第二種,自己脂肪組織由来幹細胞を用いた変形性関節症治療,脂肪由来幹細胞,QC,1.0,https://saiseiiryo.mhlw.go.jp/published_plan/download/01C2006008/5/0,1000000,不明,,,,0,9,"片膝 1×107 1,000,000円 片膝 1×108",rescue price candidates remain ambiguous,
V41_01C2006008,01C2006008,A,V41F6F9302362B,関東,東京都,医療法人社団良徳会　RCクリニック,渋谷区神宮前三丁目42番2号　VORT外苑前Ⅲ地下１階,第二種,自己脂肪組織由来幹細胞を用いた変形性関節症治療,脂肪由来幹細胞,QC,1.0,https://saiseiiryo.mhlw.go.jp/published_plan/download/01C2006008/5/0,10000,不明,,,,-1,9,"1×108 1,400,000円 ※初診料:10,000円、施術料:100,000円がかかりま す。 (3)費用は、同意書にサイン後、幹細胞治療のための脂肪組織採",rescue price candidates remain ambiguous,
V41_01C2006008,01C2006008,A,V41F6F9302362B,関東,東京都,医療法人社団良徳会　RCクリニック,渋谷区神宮前三丁目42番2号　VORT外苑前Ⅲ地下１階,第二種,自己脂肪組織由来幹細胞を用いた変形性関節症治療,脂肪由来幹細胞,QC,1.0,https://saiseiiryo.mhlw.go.jp/published_plan/download/01C2006008/5/0,100000,不明,,,,-1,9,"1×108 1,400,000円 ※初診料:10,000円、施術料:100,000円がかかりま す。 (3)費用は、同意書にサイン後、幹細胞治療のための脂肪組織採",rescue price candidates remain ambiguous,
V41_01C2602027,01C2602027,B,V41F939DCD9EFD,関東,東京都,医療法人社団色空会　お茶の水整形外科機能リハビリテーションクリニック,千代田区神田駿河台4-1-2 ステラお茶の水ビル2階3階4階5階,第二種,自己多血小板血漿(PRP)療法（治療対象：関節炎・変形性関節症）,PRP,AUTO,1.0,https://saiseiiryo.mhlw.go.jp/published_plan/download/01C2602027/5/0,55000,税込,両側,,,12,18,"PRPを製造いたします。両側(左右)同時に投与する場合は、投与 2回分となります。 PRPを用いた投与1回分(1部位) 55,000円(税込) (別途、血液検査費用をご負担いただきます。) ※投与3回行った場合、1回55,000円×3回=165,000円となります。",line-level strong price context,
V41_01C2602027,01C2602027,B,V41F939DCD9EFD,関東,東京都,医療法人社団色空会　お茶の水整形外科機能リハビリテーションクリニック,千代田区神田駿河台4-1-2 ステラお茶の水ビル2階3階4階5階,第二種,自己多血小板血漿(PRP)療法（治療対象：関節炎・変形性関節症）,PRP,AUTO,1.0,https://saiseiiryo.mhlw.go.jp/published_plan/download/01C2602027/5/0,55000,税込,1回,,,11,18,"PRPを用いた投与1回分(1部位) 55,000円(税込) (別途、血液検査費用をご負担いただきます。) ※投与3回行った場合、1回55,000円×3回=165,000円となります。 ただし、2回目及び3回目の採血はございません。 【本治療キャンセル時の費用】",line-level strong price context,
V41_01C2602027,01C2602027,B,V41F939DCD9EFD,関東,東京都,医療法人社団色空会　お茶の水整形外科機能リハビリテーションクリニック,千代田区神田駿河台4-1-2 ステラお茶の水ビル2階3階4階5階,第二種,自己多血小板血漿(PRP)療法（治療対象：関節炎・変形性関節症）,PRP,AUTO,1.0,https://saiseiiryo.mhlw.go.jp/published_plan/download/01C2602027/5/0,165000,税込,1回,,,11,18,"PRPを用いた投与1回分(1部位) 55,000円(税込) (別途、血液検査費用をご負担いただきます。) ※投与3回行った場合、1回55,000円×3回=165,000円となります。 ただし、2回目及び3回目の採血はございません。 【本治療キャンセル時の費用】",line-level strong price context,
V41_01C1902050,01C1902050,D,V41F820A31812F,関東,東京都,医療法人社団菫会　目黒病院,目黒区中央町２-１２-６,第三種,自己多血小板血漿(PRP)を用いた整形外科領域における軟部組織治療,PRP,AUTO,1.0,https://saiseiiryo.mhlw.go.jp/published_plan/download/01C1902050/5/0,150000,税別,,GPS|Zimmer,Zimmer Biomet,8,,"はありません。 治療にかかる費用について この治療は公的保険の対象ではありませんので、当院の所定の施術料をお支払いいただきま す。 ・参考治療費一例: ZIMMER BIOMET 製 GPSIIIシステム使用 100,000~150,000 円(税抜) 上記費用は一例です。治療費は変動する可能性がございます。 詳細やご不明な点は医師・スタッフまでお気軽にお尋ねください。 施術後、患者様の個人的な事情及び金銭等に関する問題に関しては一切の責を負いかねます のでご了承ください。 本治療の実施体制",,
V41_01C1906008,01C1906008,C,V41F820A31812F,関東,東京都,医療法人社団菫会　目黒病院,目黒区中央町2-12-6,第二種,多血小板血漿（Platelet-rich plasma：PRP）を用いた変形性関節症治療,PRP,AUTO,1.0,https://saiseiiryo.mhlw.go.jp/published_plan/download/01C1906008/5/0,300000,税別,,APS|Zimmer,Zimmer Biomet,8,,"書同意書_目黒病院 5 治療にかかる費用について この治療は公的保険の対象ではありませんので、当院の所定の施術料をお支払いいただきます。 ・参考治療費一例: ZIMMER BIOMET 製 APS キット使用 250,000~300,000 円(税抜) 上記費用は一例です。治療費は変動する可能性がございます。 血液の加工開始後に同意の撤回があった場合にはその加工にかかる医療材料等の費用をご負担いた だきます。 その他詳細やご不明な点は医師・スタッフまでお気軽にお尋ねください。 施術後、患者様の個人的な事情及び金銭等に関する問題に関しては一切の責任を負いかねますので",,
V41_02C2601007,02C2601007,A,V41FF3BA31EA8E,関東,東京都,医療法人社団裕健会 神田クリニック,"千代田区内神田2-4-1
神田メディカルビル 2F-8F",第二種,自己脂肪由来幹細胞を用いた変形性関節症の治療,脂肪由来幹細胞,AUTO,1.0,https://saiseiiryo.mhlw.go.jp/published_plan/download/02C2601007/5/0,1100000,税込,,,,8,,"っているが、今後も本治療を希望される場合は、保 管期間満了前までに一度当院までご相談ください。 14.治療費用に関する事項 本治療は保険適用外の治療(自由診療)であるため、本治療の提供に係る費用は細胞培養 加工費・幹細胞投与費・検査費・薬剤等の消耗品費を含め、1 バイアル(約5,000 万個) で110 万円(税込)、2 バイアル(約1 億個)で154 万円(税込)、3 バイアル(約1 億5,000 万個)で209 万円(税込)、4 バイアル(約2 億個)で264 万円(税込)をご負担いただきま す。 また、本治療に使用する細胞の品質が悪い場合は、再度脂肪組織の採取及び細胞培養を 行います。その際に係る費用については、請求することはありませ",,
V41_02C2601007,02C2601007,A,V41FF3BA31EA8E,関東,東京都,医療法人社団裕健会 神田クリニック,"千代田区内神田2-4-1
神田メディカルビル 2F-8F",第二種,自己脂肪由来幹細胞を用いた変形性関節症の治療,脂肪由来幹細胞,AUTO,1.0,https://saiseiiryo.mhlw.go.jp/published_plan/download/02C2601007/5/0,1540000,税込,,,,8,,"期間満了前までに一度当院までご相談ください。 14.治療費用に関する事項 本治療は保険適用外の治療(自由診療)であるため、本治療の提供に係る費用は細胞培養 加工費・幹細胞投与費・検査費・薬剤等の消耗品費を含め、1 バイアル(約5,000 万個) で110 万円(税込)、2 バイアル(約1 億個)で154 万円(税込)、3 バイアル(約1 億5,000 万個)で209 万円(税込)、4 バイアル(約2 億個)で264 万円(税込)をご負担いただきま す。 また、本治療に使用する細胞の品質が悪い場合は、再度脂肪組織の採取及び細胞培養を 行います。その際に係る費用については、請求することはありません。 尚、脂肪組織の採取後や、細胞加工物の製造後",,
V41_02C2601007,02C2601007,A,V41FF3BA31EA8E,関東,東京都,医療法人社団裕健会 神田クリニック,"千代田区内神田2-4-1
神田メディカルビル 2F-8F",第二種,自己脂肪由来幹細胞を用いた変形性関節症の治療,脂肪由来幹細胞,AUTO,1.0,https://saiseiiryo.mhlw.go.jp/published_plan/download/02C2601007/5/0,2090000,税込,,,,8,,"する事項 本治療は保険適用外の治療(自由診療)であるため、本治療の提供に係る費用は細胞培養 加工費・幹細胞投与費・検査費・薬剤等の消耗品費を含め、1 バイアル(約5,000 万個) で110 万円(税込)、2 バイアル(約1 億個)で154 万円(税込)、3 バイアル(約1 億5,000 万個)で209 万円(税込)、4 バイアル(約2 億個)で264 万円(税込)をご負担いただきま す。 また、本治療に使用する細胞の品質が悪い場合は、再度脂肪組織の採取及び細胞培養を 行います。その際に係る費用については、請求することはありません。 尚、脂肪組織の採取後や、細胞加工物の製造後に同意を撤回された場合など、同意を撤 回される時点までに費用が発",,
V41_02C2601007,02C2601007,A,V41FF3BA31EA8E,関東,東京都,医療法人社団裕健会 神田クリニック,"千代田区内神田2-4-1
神田メディカルビル 2F-8F",第二種,自己脂肪由来幹細胞を用いた変形性関節症の治療,脂肪由来幹細胞,AUTO,1.0,https://saiseiiryo.mhlw.go.jp/published_plan/download/02C2601007/5/0,2640000,税込,,,,8,,"あるため、本治療の提供に係る費用は細胞培養 加工費・幹細胞投与費・検査費・薬剤等の消耗品費を含め、1 バイアル(約5,000 万個) で110 万円(税込)、2 バイアル(約1 億個)で154 万円(税込)、3 バイアル(約1 億5,000 万個)で209 万円(税込)、4 バイアル(約2 億個)で264 万円(税込)をご負担いただきま す。 また、本治療に使用する細胞の品質が悪い場合は、再度脂肪組織の採取及び細胞培養を 行います。その際に係る費用については、請求することはありません。 尚、脂肪組織の採取後や、細胞加工物の製造後に同意を撤回された場合など、同意を撤 回される時点までに費用が発生している場合は、発生した費用についてはあなたにご",,
V41_02C2407061,02C2407061,B,V41F6064592708,関東,東京都,医療法人社団裕健会 神田駅東口クリニック,"千代田区鍛冶町2-8-6
メディカルプライム神田 2F",第二種,自己脂肪由来幹細胞を用いた変形性関節症の治療,脂肪由来幹細胞,AUTO,1.0,https://saiseiiryo.mhlw.go.jp/published_plan/download/02C2407061/5/0,1100000,税込,,,,8,,"ているが、今後も本治療を希望される場合は、保 管期間満了前までに一度当院までご相談ください。 14.治療費用に関する事項 本治療は保険適用外の治療(自由診療)であるため、本治療の提供に係る費用は細胞培養 加工費・幹細胞投与費・検査費・薬剤等の消耗品費を含め、1 バイアル(約5,000 万個) で110 万円(税込)、2 バイアル(約1 億個)で154 万円(税込)、3 バイアル(約1 億5,000 万個)で209 万円(税込)、4 バイアル(約2 億個)で264 万円(税込)をご負担いただきま す。 また、本治療に使用する細胞の品質が悪い場合は、再度脂肪組織の採取及び細胞培養を 行います。その際に係る費用については、請求することはありませ",,
V41_02C2407061,02C2407061,B,V41F6064592708,関東,東京都,医療法人社団裕健会 神田駅東口クリニック,"千代田区鍛冶町2-8-6
メディカルプライム神田 2F",第二種,自己脂肪由来幹細胞を用いた変形性関節症の治療,脂肪由来幹細胞,AUTO,1.0,https://saiseiiryo.mhlw.go.jp/published_plan/download/02C2407061/5/0,1540000,税込,,,,8,,"間満了前までに一度当院までご相談ください。 14.治療費用に関する事項 本治療は保険適用外の治療(自由診療)であるため、本治療の提供に係る費用は細胞培養 加工費・幹細胞投与費・検査費・薬剤等の消耗品費を含め、1 バイアル(約5,000 万個) で110 万円(税込)、2 バイアル(約1 億個)で154 万円(税込)、3 バイアル(約1 億5,000 万個)で209 万円(税込)、4 バイアル(約2 億個)で264 万円(税込)をご負担いただきま す。 また、本治療に使用する細胞の品質が悪い場合は、再度脂肪組織の採取及び細胞培養を 行います。その際に係る費用については、請求することはありません。 尚、脂肪組織の採取後や、細胞加工物の製造後",,
V41_02C2407061,02C2407061,B,V41F6064592708,関東,東京都,医療法人社団裕健会 神田駅東口クリニック,"千代田区鍛冶町2-8-6
メディカルプライム神田 2F",第二種,自己脂肪由来幹細胞を用いた変形性関節症の治療,脂肪由来幹細胞,AUTO,1.0,https://saiseiiryo.mhlw.go.jp/published_plan/download/02C2407061/5/0,2090000,税込,,,,8,,"する事項 本治療は保険適用外の治療(自由診療)であるため、本治療の提供に係る費用は細胞培養 加工費・幹細胞投与費・検査費・薬剤等の消耗品費を含め、1 バイアル(約5,000 万個) で110 万円(税込)、2 バイアル(約1 億個)で154 万円(税込)、3 バイアル(約1 億5,000 万個)で209 万円(税込)、4 バイアル(約2 億個)で264 万円(税込)をご負担いただきま す。 また、本治療に使用する細胞の品質が悪い場合は、再度脂肪組織の採取及び細胞培養を 行います。その際に係る費用については、請求することはありません。 尚、脂肪組織の採取後や、細胞加工物の製造後に同意を撤回された場合など、同意を撤 回される時点までに費用が発",,
V41_02C2407061,02C2407061,B,V41F6064592708,関東,東京都,医療法人社団裕健会 神田駅東口クリニック,"千代田区鍛冶町2-8-6
メディカルプライム神田 2F",第二種,自己脂肪由来幹細胞を用いた変形性関節症の治療,脂肪由来幹細胞,AUTO,1.0,https://saiseiiryo.mhlw.go.jp/published_plan/download/02C2407061/5/0,2640000,税込,,,,8,,"あるため、本治療の提供に係る費用は細胞培養 加工費・幹細胞投与費・検査費・薬剤等の消耗品費を含め、1 バイアル(約5,000 万個) で110 万円(税込)、2 バイアル(約1 億個)で154 万円(税込)、3 バイアル(約1 億5,000 万個)で209 万円(税込)、4 バイアル(約2 億個)で264 万円(税込)をご負担いただきま す。 また、本治療に使用する細胞の品質が悪い場合は、再度脂肪組織の採取及び細胞培養を 行います。その際に係る費用については、請求することはありません。 尚、脂肪組織の採取後や、細胞加工物の製造後に同意を撤回された場合など、同意を撤 回される時点までに費用が発生している場合は、発生した費用についてはあなたにご",,
V41_02C2509032,02C2509032,D,V41F2982F76FBC,関東,東京都,"医療法人社団誠心会
Re:Born Clinic 銀座院",中央区銀座1-15-4　銀座一丁目ビル10F,第二種,自己脂肪由来幹細胞を用いた変形性関節症の治療,脂肪由来幹細胞,QC,1.0,https://saiseiiryo.mhlw.go.jp/published_plan/download/02C2509032/5/0,,,,,,,,,no price found after text/OCR pass,Document fetched but no price candidate
V41_02C2509040,02C2509040,C,V41F2982F76FBC,関東,東京都,"医療法人社団誠心会
Re:Born Clinic 銀座院",中央区銀座1-15-4　銀座一丁目ビル10F,第二種,多血小板血漿を用いた変形性関節症の治療,PRP,QC,1.0,https://saiseiiryo.mhlw.go.jp/published_plan/download/02C2509040/5/0,,,,,,,,,no price found after rescue text/OCR pass,Rescue completed; OCR page timeouts=0
V41_02C2509048,02C2509048,A,V41F2982F76FBC,関東,東京都,"医療法人社団誠心会
Re:Born Clinic 銀座院",中央区銀座1-15-4　銀座一丁目ビル10F,第二種,自己脂肪由来幹細胞を用いた変形性関節症の治療（骨芽前駆細胞誘導Ver.）,脂肪由来幹細胞,QC,1.0,https://saiseiiryo.mhlw.go.jp/published_plan/download/02C2509048/5/0,,,,,,,,,no price found after rescue text/OCR pass,Rescue completed; OCR page timeouts=0
V41_02C2501001,02C2501001,B,V41F48B8D28D45,関東,東京都,"医療法人社団豊饒会
RDクリニック東京銀座","中央区銀座7-9-17
銀座ヤマトビル7F",第二種,多血小板血漿を用いた変形性関節症治療,PRP,QC,1.0,https://saiseiiryo.mhlw.go.jp/published_plan/download/02C2501001/5/0,22000,税込,,,,0,,",000 円 以降追加2cc 毎に +137,500 円 キャンセル料金 キャンセル申出 価格(税込) 採血前 0 円 採血後 0 円 PRP 調製後(2cc) 22,000 円 PRP 調製後(4cc) 33,000 円 PRP 調製後(以降追加2cc 毎に) +22,000 円",no price found after text/OCR pass,No price found after refined text/OCR pass
V41_02C2501001,02C2501001,B,V41F48B8D28D45,関東,東京都,"医療法人社団豊饒会
RDクリニック東京銀座","中央区銀座7-9-17
銀座ヤマトビル7F",第二種,多血小板血漿を用いた変形性関節症治療,PRP,QC,1.0,https://saiseiiryo.mhlw.go.jp/published_plan/download/02C2501001/5/0,33000,税込,1 部位,,,0,,"1 部位) 137,500 円 4cc(2 部位) 275,000 円 以降追加2cc 毎に +137,500 円 キャンセル料金 キャンセル申出 価格(税込) 採血前 0 円 採血後 0 円 PRP 調製後(2cc) 22,000 円 PRP 調製後(4cc) 33,000 円 PRP 調製後(以降追加2cc 毎に) +22,000 円",no price found after text/OCR pass,No price found after refined text/OCR pass
V41_02C2501001,02C2501001,B,V41F48B8D28D45,関東,東京都,"医療法人社団豊饒会
RDクリニック東京銀座","中央区銀座7-9-17
銀座ヤマトビル7F",第二種,多血小板血漿を用いた変形性関節症治療,PRP,QC,1.0,https://saiseiiryo.mhlw.go.jp/published_plan/download/02C2501001/5/0,5500,税込,1 部位,,,-3,,"施術費用 メニュー 価格(税込) 初診料 5,500 円 血液検査料 11,000 円 2cc(1 部位) 137,500 円 4cc(2 部位) 275,000 円 以降追加2cc 毎に +137,500 円 キャンセル料金 キャンセル申出 価格(税込) 採血前 0 円 採血後 0 円 PRP 調製後(2cc) 22,000 円 PRP 調製後(4cc",no price found after text/OCR pass,No price found after refined text/OCR pass
V41_02C2501001,02C2501001,B,V41F48B8D28D45,関東,東京都,"医療法人社団豊饒会
RDクリニック東京銀座","中央区銀座7-9-17
銀座ヤマトビル7F",第二種,多血小板血漿を用いた変形性関節症治療,PRP,QC,1.0,https://saiseiiryo.mhlw.go.jp/published_plan/download/02C2501001/5/0,11000,税込,1 部位,,,-3,,"施術費用 メニュー 価格(税込) 初診料 5,500 円 血液検査料 11,000 円 2cc(1 部位) 137,500 円 4cc(2 部位) 275,000 円 以降追加2cc 毎に +137,500 円 キャンセル料金 キャンセル申出 価格(税込) 採血前 0 円 採血後 0 円 PRP 調製後(2cc) 22,000 円 PRP 調製後(4cc) 33,000 円 PRP",no price found after text/OCR pass,No price found after refined text/OCR pass
V41_02C2501001,02C2501001,B,V41F48B8D28D45,関東,東京都,"医療法人社団豊饒会
RDクリニック東京銀座","中央区銀座7-9-17
銀座ヤマトビル7F",第二種,多血小板血漿を用いた変形性関節症治療,PRP,QC,1.0,https://saiseiiryo.mhlw.go.jp/published_plan/download/02C2501001/5/0,22000,税込,1 部位,,,-3,,"円 血液検査料 11,000 円 2cc(1 部位) 137,500 円 4cc(2 部位) 275,000 円 以降追加2cc 毎に +137,500 円 キャンセル料金 キャンセル申出 価格(税込) 採血前 0 円 採血後 0 円 PRP 調製後(2cc) 22,000 円 PRP 調製後(4cc) 33,000 円 PRP 調製後(以降追加2cc 毎に) +22,000 円",no price found after text/OCR pass,No price found after refined text/OCR pass
V41_02C2501001,02C2501001,B,V41F48B8D28D45,関東,東京都,"医療法人社団豊饒会
RDクリニック東京銀座","中央区銀座7-9-17
銀座ヤマトビル7F",第二種,多血小板血漿を用いた変形性関節症治療,PRP,QC,1.0,https://saiseiiryo.mhlw.go.jp/published_plan/download/02C2501001/5/0,137500,税込,1 部位,,,-3,,"施術費用 メニュー 価格(税込) 初診料 5,500 円 血液検査料 11,000 円 2cc(1 部位) 137,500 円 4cc(2 部位) 275,000 円 以降追加2cc 毎に +137,500 円 キャンセル料金 キャンセル申出 価格(税込) 採血前 0 円 採血後 0 円 PRP 調製後(2cc) 22,000 円 PRP 調製後(4cc) 33,000 円 PRP 調製後(以降追加2cc 毎に) +22,0",no price found after text/OCR pass,No price found after refined text/OCR pass
V41_02C2501001,02C2501001,B,V41F48B8D28D45,関東,東京都,"医療法人社団豊饒会
RDクリニック東京銀座","中央区銀座7-9-17
銀座ヤマトビル7F",第二種,多血小板血漿を用いた変形性関節症治療,PRP,QC,1.0,https://saiseiiryo.mhlw.go.jp/published_plan/download/02C2501001/5/0,275000,税込,1 部位,,,-3,,"施術費用 メニュー 価格(税込) 初診料 5,500 円 血液検査料 11,000 円 2cc(1 部位) 137,500 円 4cc(2 部位) 275,000 円 以降追加2cc 毎に +137,500 円 キャンセル料金 キャンセル申出 価格(税込) 採血前 0 円 採血後 0 円 PRP 調製後(2cc) 22,000 円 PRP 調製後(4cc) 33,000 円 PRP 調製後(以降追加2cc 毎に) +22,000 円",no price found after text/OCR pass,No price found after refined text/OCR pass
V41_02C2512006,02C2512006,C,V41F48B8D28D45,関東,東京都,医療法人社団豊饒会RDクリニック東京銀座,中央区銀座7-9-17　銀座ヤマトビル7F,第二種,自家脂肪由来幹細胞を用いた変形性関節症治療,脂肪由来幹細胞,QC,1.0,https://saiseiiryo.mhlw.go.jp/published_plan/download/02C2512006/5/0,,,,,,,,,no price found after rescue text/OCR pass,Rescue completed; OCR page timeouts=0
V41_01C2507054,01C2507054,D,V41F614F3C0B9E,関東,東京都,"医療法人社団貴陽会
ラカンクリニック東京 麻布台","港区麻布台1丁目3番1号
麻布台ヒルズ森JPタワー4階",第二種,自己多血小板血漿(Platelet-Rich Plasma：PRP)を用いた変形性関節症の治療,PRP,AUTO,1.0,https://saiseiiryo.mhlw.go.jp/published_plan/download/01C2507054/5/0,198000,税込,1 回,,,8,,"麻布台 13.治療費用に関する事項 本治療は保険適用外の治療(自由診療)であるため、本治療の提供に係る費用は、細胞加 工費・幹細胞投与費・検査費・薬剤等の消耗品を含め、下記の表に記載の費用をご負担 いただきます。 PRP 1 本(1 回作製) (最大6mL) 1 回作製(最大6mL)あたり198,000 円(税込) *外国国籍の患者については、通訳の必要性等から追加料金 が発生する場合があります 尚、血液の採取後や、細胞加工物の製造後に同意を撤回された場合など、同意を撤回さ れる時点までに費用が発生している場合は、発生した費用についてはあなたにご負担い ただきますのでご了承ください。 ※ 必要に応じて、追加検査費用などが生じる場合があ",,
V41_01C2507055,01C2507055,A,V41F614F3C0B9E,関東,東京都,"医療法人社団貴陽会
ラカンクリニック東京 麻布台","港区麻布台1丁目3番1号
麻布台ヒルズ森JPタワー4階",第三種,自己多血小板血漿(Platelet-Rich Plasma：PRP)を用いた筋損傷・腱障害・靭帯損傷(関節外に限る)の治療,PRP,AUTO,1.0,https://saiseiiryo.mhlw.go.jp/published_plan/download/01C2507055/5/0,198000,税込,1 回,,,8,,"麻布台 13.治療費用に関する事項 本治療は保険適用外の治療(自由診療)であるため、本治療の提供に係る費用は、細胞加 工費・幹細胞投与費・検査費・薬剤等の消耗品を含め、下記の表に記載の費用をご負担 いただきます。 PRP 1 本(1 回作製) (最大6mL) 1 回作製(最大6mL)あたり198,000 円(税込) *外国国籍の患者については、通訳の必要性等から追加料金 が発生する場合があります 尚、血液の採取後や、細胞加工物の製造後に同意を撤回された場合など、同意を撤回さ れる時点までに費用が発生している場合は、発生した費用についてはあなたにご負担い ただきますのでご了承ください。 ※ 必要に応じて、追加検査費用などが生じる場合があ",,
V41_01C2509044,01C2509044,B,V41F614F3C0B9E,関東,東京都,"医療法人社団貴陽会
ラカンクリニック東京 麻布台","港区麻布台1丁目3番1号
麻布台ヒルズ森JPタワー4階",第二種,自己脂肪由来幹細胞を用いた変形性関節症の治療,脂肪由来幹細胞,AUTO,1.0,https://saiseiiryo.mhlw.go.jp/published_plan/download/01C2509044/5/0,1100000,税込,1 部位,,,8,,"治療費用に関する事項 本治療は保険適用外の治療(自由診療)であるため、本治療の提供に係る費用は、細胞培 養加工費・幹細胞投与費・検査費・薬剤等の消耗品・投与後6 ヶ月後までの経過観察費 用を含め、下記の表に記載の費用をご負担いただきます。 細胞数 約5,000 万個 治療1 部位あたり 1,100,000 円(税込) また、本治療に使用する細胞の品質が悪い場合は、再度脂肪組織の採取及び細胞培養を 行います。その際に係る費用については、請求することはありません。 尚、脂肪組織の採取後や、細胞加工物の製造後に同意を撤回された場合など、同意を撤 回される時点までに費用が発生している場合は、発生した費用についてはあなたにご負 担いただきますのでご",,
V41_01C2409068,01C2409068,C,V41F4EB1AFF117,関東,東京都,"医療法人社団進誠会
豪徳寺整形外科クリニック",世田谷区豪徳寺2丁目31-8ハイム和泉102,第二種,"自家多血小板血漿(Platelet-rich plasma:PRP)を用いた
慢性関節炎の治療(関節内組織)",PRP,QC,1.0,https://saiseiiryo.mhlw.go.jp/published_plan/download/01C2409068/5/0,,,,,,,,,no price found after rescue text/OCR pass,Rescue completed; OCR page timeouts=0
V41_01C2409070,01C2409070,D,V41F4EB1AFF117,関東,東京都,"医療法人社団進誠会
豪徳寺整形外科クリニック",世田谷区豪徳寺2丁目31-8ハイム和泉102,第三種,自家多血小板血漿(Platelet-rich plasma:PRP)を用いた筋肉、腱、靭帯、筋膜の損傷及び慢性炎症の治療(関節腔外に限る),PRP,QC,1.0,https://saiseiiryo.mhlw.go.jp/published_plan/download/01C2409070/5/0,,,,,,,,,no price found after text/OCR pass,RuntimeError: Tesseract process timeout
V41_02C2101009,02C2101009,B,V41F90F1E6F5AF,関東,東京都,医療法人社団青和会　井上整形外科,台東区浅草四丁目41番6号,第二種,多血小板血漿（PRP）の投与による変形性関節症治療,PRP,AUTO,1.0,https://saiseiiryo.mhlw.go.jp/published_plan/download/02C2101009/5/0,150000,税別,1回,APS|GPS,Zimmer Biomet,9,,"を完全 には否定できない 品質管理された安全性の高いものだが、アレルギー反応などの可能 性を完全には否定できない 11. 治療にかかる費用について この治療は公的保険の対象ではありませんので、当院の所定の施術 料をお支払いいただきます。 ・PRPを用いた治療(GPSIIIキット使用)における施術料 150,000 円(税別) ・濃縮PRPを用いた治療(APSキット使用)における施術料 350,000 円(税別) ご不明な点は医師・スタッフにお尋ねください。なお1回の施術あ たりの費用は、患部の状態を確認した医師の判断、PRPの遠心回数 等により変更となる場合がございます。 12. その他治療についての注意事 項",,
V41_02C2101009,02C2101009,B,V41F90F1E6F5AF,関東,東京都,医療法人社団青和会　井上整形外科,台東区浅草四丁目41番6号,第二種,多血小板血漿（PRP）の投与による変形性関節症治療,PRP,AUTO,1.0,https://saiseiiryo.mhlw.go.jp/published_plan/download/02C2101009/5/0,350000,税別,1回,APS|GPS,Zimmer Biomet,9,,"を完全には否定できない 11. 治療にかかる費用について この治療は公的保険の対象ではありませんので、当院の所定の施術 料をお支払いいただきます。 ・PRPを用いた治療(GPSIIIキット使用)における施術料 150,000 円(税別) ・濃縮PRPを用いた治療(APSキット使用)における施術料 350,000 円(税別) ご不明な点は医師・スタッフにお尋ねください。なお1回の施術あ たりの費用は、患部の状態を確認した医師の判断、PRPの遠心回数 等により変更となる場合がございます。 12. その他治療についての注意事 項 患者さまの体調が良くない場合や、採取した血液の状態によって",,
V41_02C2101009,02C2101009,B,V41F90F1E6F5AF,関東,東京都,医療法人社団青和会　井上整形外科,台東区浅草四丁目41番6号,第二種,多血小板血漿（PRP）の投与による変形性関節症治療,PRP,AUTO,1.0,https://saiseiiryo.mhlw.go.jp/published_plan/download/02C2101009/5/0,70000,税別,,APS|GPS,Zimmer Biomet,8,,"めた場合には、とりやめた時点までに発生し た施術および製造にかかった費用をお支払いいただきます。 ・採血前に治療をとりやめた場合、費用のお支払いはございませ ん。 ・採血後から投与までに治療をとりやめた場合、とりやめまでにか かった実費相当の費用として、200,000円(税抜、APSキット使 用)、70,000円(税抜、GPSIIIキット使用)をお支払いいただきま す。 また治療を行った後は、健康管理のために、必要に応じて適切な検 査を受けていただきます。医学的に問題がないか確認します。 14. 個人情報保護について 「個人情報の保護に関する法律」に基づき、当院には、個人情報取 扱実施規程があります。この規程に基づき、患者さまの氏名や病気 のこと",,
V41_02C2101009,02C2101009,B,V41F90F1E6F5AF,関東,東京都,医療法人社団青和会　井上整形外科,台東区浅草四丁目41番6号,第二種,多血小板血漿（PRP）の投与による変形性関節症治療,PRP,AUTO,1.0,https://saiseiiryo.mhlw.go.jp/published_plan/download/02C2101009/5/0,200000,税別,,APS|GPS,Zimmer Biomet,8,,"一切不利益を受けません。 ただし本治療をとりやめた場合には、とりやめた時点までに発生し た施術および製造にかかった費用をお支払いいただきます。 ・採血前に治療をとりやめた場合、費用のお支払いはございませ ん。 ・採血後から投与までに治療をとりやめた場合、とりやめまでにか かった実費相当の費用として、200,000円(税抜、APSキット使 用)、70,000円(税抜、GPSIIIキット使用)をお支払いいただきま す。 また治療を行った後は、健康管理のために、必要に応じて適切な検 査を受けていただきます。医学的に問題がないか確認します。 14. 個人情報保護について 「個人情報の保護に関する法律」に基づき、当院には、個人情報取 扱実施規程があります。こ",,
V41_02C2101010,02C2101010,A,V41F90F1E6F5AF,関東,東京都,医療法人社団青和会　井上整形外科,台東区浅草四丁目41番6号,第三種,多血小板血漿(PRP)の投与によるスポーツ外傷を含む筋、腱、靱帯損傷治療,PRP,AUTO,1.0,https://saiseiiryo.mhlw.go.jp/published_plan/download/02C2101010/5/0,90000,税別,1回,,,9,,"opathy. Vol. 39, No. 6, 2011よ り 10. 治療にかかる費用につい て この治療は公的保険の対象ではありませんので、当病院所定の下記 の施術料をお支払いいただきます。 ・PRPを用いた治療における施術料 90,000円(税別) ご不明な点は医師・スタッフにお尋ねください。なお1回の施術あ たりの費用は、患部の状態を確認した医師の判断、およびそれに応 じたPRP投与量等により変更となる場合がございます。 11. その他治療についての注意事 項 患者さまの体調が良くない場合や、採取した血液",,
V41_02C2101010,02C2101010,A,V41F90F1E6F5AF,関東,東京都,医療法人社団青和会　井上整形外科,台東区浅草四丁目41番6号,第三種,多血小板血漿(PRP)の投与によるスポーツ外傷を含む筋、腱、靱帯損傷治療,PRP,AUTO,1.0,https://saiseiiryo.mhlw.go.jp/published_plan/download/02C2101010/5/0,70000,税別,,GPS,Zimmer Biomet,8,,"切不利益 を受けません。 ただし本治療をとりやめた場合には、とりやめた時点までに発生し た施術および製造にかかった費用をお支払いいただきます。 ・採血前に治療をとりやめた場合、費用のお支払いはございませ ん。 ・採血後から投与までに治療をとりやめた場合、とりやめまでにか かった実費相当の費用として、70,000円(税抜、GPSIIIキット使 用)をお支払いいただきます。 また治療を行った後は、健康管理のために必要に応じて適切な検査 を受けていただき、医学的に問題がないかを確認させていただきま す。 13. 個人情報の保護につい て 「個人情報の保護に関する法律」に基づき、当院には",,
V41_01C1907070,01C1907070,C,V41F2B45736B34,関東,東京都,医療法人社団顕伊会　さい整形外科クリニック,葛飾区堀切3丁目35-10 ｙビル101,第三種,多血小板血漿（Platelet-rich plasma：PRP）を用いた筋、腱、靭帯損傷、肩腱板損傷に対する治療,PRP,QC,1.0,https://saiseiiryo.mhlw.go.jp/published_plan/download/01C1907070/5/0,,,,,,,,,no price found after rescue text/OCR pass,Rescue completed; OCR page timeouts=0
V41_03C2310050,03C2310050,D,V41F8B0F3E9FCB,関東,東京都,医療法人社団高賢会　安田整形外科,大田区蒲田4丁目18番10号,第三種,自家多血小板血漿（PRP）を用いた筋肉、腱、靭帯、筋膜の損傷及び慢性炎症の治療（関節外の軟部組織）,PRP,AUTO,1.0,https://saiseiiryo.mhlw.go.jp/published_plan/download/03C2310050/5/0,90000,不明,1 部位,,,7,,"の高い が、アレルギー反応などの可能性は 完全には否定できない 炎症反応を強く抑制するため、組織 修復の遅延、組織がもろくなること がある 治療にかかる費用について この治療は公的保険の対象ではありませんので、当施設にて施術料をお支払いいただきます。 ・PRP 療法 1 部位1投与 90,000 円 (すべて込み) ※患者さまの症状により施術料が変わる場合は別途、ご説明いたします。 その他治療についての注意事項 患者さまの体調が良くない場合や、採取した血液の状態によっては、PRP を分離できないこ とがあります。 第3 種 自家多血小板血漿(PRP)を用いた筋肉、腱、",,
V41_02C2507026,02C2507026,A,V41FA414C99BAB,関東,東京都,医療法人美健会ルネスクリニック日本橋,"中央区日本橋室町3-3-1
ETS室町ビル3階",第二種,慢性筋骨格系疼痛の緩和を目的とした自己脂肪由来間葉系幹細胞治療（局所投与）,脂肪由来幹細胞,QC,1.0,https://saiseiiryo.mhlw.go.jp/published_plan/download/02C2507026/5/0,,,,,,,,,no price found after rescue text/OCR pass,Rescue completed; OCR page timeouts=0
V41_02C2604069,02C2604069,B,V41F671FEFE803,関東,東京都,"医療法人美喜有会
リペアセルクリニック 東京院","港区海岸一丁目16番1号 
ニューピア竹芝サウスタワー 3階",第三種,自家多血小板血漿を用いた筋腱炎・靭帯炎の治療,PRP,AUTO,1.0,https://saiseiiryo.mhlw.go.jp/published_plan/download/02C2604069/5/0,165000,税込,1回,,,9,,"管理 者(院長)へと報告し対応します。 再生医療事務局 電話番号:03-5473-3030 13.費用について 本治療は保険適用外であるため、治療にかかる費用全額をお支払い いただきます。その他、本治療を受けるために必要となった旅費、 交通費などの全ての費用も同様です。 治療に必要となる費用は1回 165,000円(税込)です。 同意を撤回された場合など、同意を撤回される時点までに発生した 費用(治療費等)については、ご負担いただきますのでご了承くだ さい。 14.他の治療法の有無、本治療法との比較について 筋腱炎や靭帯炎は、ストレッチをこまめに行う、患部を酷使するよ うなスポーツや作業を控えて湿布や外用薬を服用する、局所麻酔薬 やステロイドの注",,
V41_01C2407053,01C2407053,C,V41F8F962F490C,関東,東京都,医療法人財団　健貢会　東京クリニック,千代田区大手町二丁目2番1号　新大手町ビル1階,第三種,筋肉・腱・靭帯・筋膜の損傷及び慢性炎症に対する多血小板血漿（PRP）投与療法,PRP,AUTO,1.0,https://saiseiiryo.mhlw.go.jp/published_plan/download/01C2407053/5/0,300000,税込,1 回,,,9,,し、患者様の治療に最善を尽くします。 ただし、施術後の撤回については、これに該当しません。 本治療にかかる費用 • この治療はすべて自費診療であり、健康保険を使用することはできません。 • この治療にかかる費用はPRP の注入1 回で30 万円(税込)となります。 ※なお1回の施術あたりの費用は、患部の状態を確認した医師の判断、およ びそれに応じたPRP 投与量等により変更となる場合があります。 • 採血後に同意が撤回された場合または血液の加工が開始された後に同意が撤回 された場合はそれまでかかった実費を頂きます。 • 患者様が希望された場合、2 回以上行うことは可能です,,
V41_02C2404031,02C2404031,D,V41FC884C7643F,関東,東京都,医療法人財団檜扇会 クリニック 東京虎ノ門ＣＯＲ,港区虎ノ門四丁目1番17号　神谷町プライムプレイス2階,第二種,変形性腰椎症に対する自己多血小板血漿（PRP）治療,PRP,QC,1.0,https://saiseiiryo.mhlw.go.jp/published_plan/download/02C2404031/5/0,210000,不明,,,,5,7,"120ml 12ml 210,000 円 (3)費用は、同意書にサイン後、PRP 治療のための採血の前に全額お支 払いいただきます。",price candidates remain ambiguous,
V41_02C2404031,02C2404031,D,V41FC884C7643F,関東,東京都,医療法人財団檜扇会 クリニック 東京虎ノ門ＣＯＲ,港区虎ノ門四丁目1番17号　神谷町プライムプレイス2階,第二種,変形性腰椎症に対する自己多血小板血漿（PRP）治療,PRP,QC,1.0,https://saiseiiryo.mhlw.go.jp/published_plan/download/02C2404031/5/0,150000,不明,,,,0,7,"80ml 8ml 150,000 円 120ml 12ml",price candidates remain ambiguous,
V41_02C2404036,02C2404036,A,V41FC884C7643F,関東,東京都,医療法人財団檜扇会 クリニック 東京虎ノ門ＣＯＲ,港区虎ノ門四丁目１番１７号　神谷町プライムプレイス２階,第三種,自己多血小板血漿（PRP)による捻挫、骨折治癒促進、靭帯損傷、腱鞘炎、アキレス腱炎の治療,PRP,QC,1.0,https://saiseiiryo.mhlw.go.jp/published_plan/download/02C2404036/5/0,45000,不明,,,,5,7,"20ml 2ml 45,000 円 (3)費用は、同意書にサイン後、PRP 治療のための採血の前に全額お支 払いいただきます。",rescue price candidates remain ambiguous,
V41_02C2404036,02C2404036,A,V41FC884C7643F,関東,東京都,医療法人財団檜扇会 クリニック 東京虎ノ門ＣＯＲ,港区虎ノ門四丁目１番１７号　神谷町プライムプレイス２階,第三種,自己多血小板血漿（PRP)による捻挫、骨折治癒促進、靭帯損傷、腱鞘炎、アキレス腱炎の治療,PRP,QC,1.0,https://saiseiiryo.mhlw.go.jp/published_plan/download/02C2404036/5/0,30000,不明,,,,0,7,"10ml 1ml 30,000 円 20ml 2ml",rescue price candidates remain ambiguous,
V41_03C2601008,03C2601008,B,V41F9D55F516BD,関東,東京都,医療法人輝鳳会　池袋クリニック,豊島区南池袋1-25-1　第15野萩ビル7階,第二種,多血小板血漿（PRP）を用いた変形性関節症治療,PRP,QC,1.0,https://saiseiiryo.mhlw.go.jp/published_plan/download/03C2601008/5/0,,,,,,,,,no price found after text/OCR pass,RuntimeError: Tesseract process timeout
V41_01C1904038,01C1904038,C,V41F18AF7F0D02,関東,東京都,医療法人鉄蕉会　亀田京橋クリニック,中央区京橋3丁目1番1号東京スクエアガーデン4階・6階,第二種,多血小板血漿（Platelet-rich plasma：PRP）を用いた関節内組織損傷に対する治療,PRP,QC,1.0,https://saiseiiryo.mhlw.go.jp/published_plan/download/01C1904038/5/0,,,,,,,,,no price found after rescue text/OCR pass,Rescue completed; OCR page timeouts=0
V41_01C2209017,01C2209017,D,V41FD076D781A0,関東,東京都,十条整形外科リハビリクリニック,北区十条仲原1－28－13ラファエーラ十条2階,第三種,四肢の靭帯、筋腱付着部およびスポーツ傷害（筋・腱・靭帯）を対象とした自家多血小板血漿（PRP）注入療法,PRP,QC,1.0,https://saiseiiryo.mhlw.go.jp/published_plan/download/01C2209017/5/0,30000,不明,,,,-10,6,"つでも取りやめることができます。この場合でも、一切不利益を受けません。 (採血等にかかる実費等はご負担いただきます。 : 採血後のキャンセル料 5.OOO円 加工後のキャンセル料 30,000 円) もしこの治療を受けることに同意しない場合も、最適と考えられる治療を実施できる KDICBSROGRICRBER<K LES.",price candidates remain ambiguous,
V41_03C2305006,03C2305006,A,V41FD076D781A0,関東,東京都,十条整形外科リハビリクリニック,北区十条仲原1-28-13 ラファエーラ十条 2階,第二種,多血小板血漿（PRP）による変形性関節症治療,PRP,AUTO,1.0,https://saiseiiryo.mhlw.go.jp/published_plan/download/03C2305006/5/0,165000,税込,一部位,,,9,,"データにつきましては再度患者様の同意を頂 くこととします。 11. 患者様の費用負担について 本治療は自由診療※となり、健康保険が適用にならず、本来健康保険が適用される治療も 含め、全額自己負担となります。 施術費用は下記の通りとなります。 PRP 変形性関節症治療(一部位) 165,000 円(税込) PRP 変形性関節症治療(二部位) 275,000 円(税込) (標準的な治療費用。採血及び投与2 回分の費用を含む) · 投与2 回が標準的な治療回数です。治療間隔については症状を見ながら決めていきま すが、原則として2 回終了後3 ヶ月間の経過観察を行い、再度治療の適応があるか判 断致します。 · 治療同意",,
V41_03C2305006,03C2305006,A,V41FD076D781A0,関東,東京都,十条整形外科リハビリクリニック,北区十条仲原1-28-13 ラファエーラ十条 2階,第二種,多血小板血漿（PRP）による変形性関節症治療,PRP,AUTO,1.0,https://saiseiiryo.mhlw.go.jp/published_plan/download/03C2305006/5/0,275000,税込,一部位,,,9,,"1. 患者様の費用負担について 本治療は自由診療※となり、健康保険が適用にならず、本来健康保険が適用される治療も 含め、全額自己負担となります。 施術費用は下記の通りとなります。 PRP 変形性関節症治療(一部位) 165,000 円(税込) PRP 変形性関節症治療(二部位) 275,000 円(税込) (標準的な治療費用。採血及び投与2 回分の費用を含む) · 投与2 回が標準的な治療回数です。治療間隔については症状を見ながら決めていきま すが、原則として2 回終了後3 ヶ月間の経過観察を行い、再度治療の適応があるか判 断致します。 · 治療同意後、採血を実施した際に全ての費用を頂戴いたします。",,
V41_01C2504021,01C2504021,B,V41FA2C1AD7A3A,関東,東京都,千歳船橋整形外科スポーツ・リハビリクリニック,世田谷区船橋1-9-21 マルエツ千歳船橋店3階,第二種,自家多血小板血漿（Platelet-Rich Plasma：PRP）を用いた慢性関節炎の治療（関節内組織）,PRP,AUTO,1.0,https://saiseiiryo.mhlw.go.jp/published_plan/download/01C2504021/5/0,50000,税別,,ACP MAX|ACP,Arthrex,8,,"本治療にかかる費用は、以下のとおりです。なお、費用に含まれるのは、治療に伴う 診査、自家PRP 調製のための採血にかかる費用、自家PRP 調製費用、注入にかかる 費用であり、以下が費用の総額となります。 治療の種類 平均的な血小板注入量 費用(税別) ACP-PRP 20 億個 50,000 円 HD-PRP(ACP MAX の場合) 90 億個 150,000 円 また、ACP-PRP は効果を高めるため、2 倍量1 度に投与することが可能です。 その場合の費用は以下の通りです。 治療の種類 平均的な血小板注入量 費用(税別) ACP-PRP ダブルショット 40 億個 95,000 円",,
V41_01C2504021,01C2504021,B,V41FA2C1AD7A3A,関東,東京都,千歳船橋整形外科スポーツ・リハビリクリニック,世田谷区船橋1-9-21 マルエツ千歳船橋店3階,第二種,自家多血小板血漿（Platelet-Rich Plasma：PRP）を用いた慢性関節炎の治療（関節内組織）,PRP,AUTO,1.0,https://saiseiiryo.mhlw.go.jp/published_plan/download/01C2504021/5/0,150000,税別,,ACP MAX|ACP,Arthrex,8,,"う 診査、自家PRP 調製のための採血にかかる費用、自家PRP 調製費用、注入にかかる 費用であり、以下が費用の総額となります。 治療の種類 平均的な血小板注入量 費用(税別) ACP-PRP 20 億個 50,000 円 HD-PRP(ACP MAX の場合) 90 億個 150,000 円 また、ACP-PRP は効果を高めるため、2 倍量1 度に投与することが可能です。 その場合の費用は以下の通りです。 治療の種類 平均的な血小板注入量 費用(税別) ACP-PRP ダブルショット 40 億個 95,000 円 • 治療終了後も定期的な受診が必要です。 9 11.健康被",,
V41_01C2504021,01C2504021,B,V41FA2C1AD7A3A,関東,東京都,千歳船橋整形外科スポーツ・リハビリクリニック,世田谷区船橋1-9-21 マルエツ千歳船橋店3階,第二種,自家多血小板血漿（Platelet-Rich Plasma：PRP）を用いた慢性関節炎の治療（関節内組織）,PRP,AUTO,1.0,https://saiseiiryo.mhlw.go.jp/published_plan/download/01C2504021/5/0,95000,税別,,ACP MAX|ACP,Arthrex,0,,"P(ACP MAX の場合) 90 億個 150,000 円 また、ACP-PRP は効果を高めるため、2 倍量1 度に投与することが可能です。 その場合の費用は以下の通りです。 治療の種類 平均的な血小板注入量 費用(税別) ACP-PRP ダブルショット 40 億個 95,000 円 • 治療終了後も定期的な受診が必要です。 9 11.健康被害が発生した際の処置と補償等について すべての医療行為にはリスクがあり、ある一定の確率で合併症が起こりえます。 本治療においても『5.予想される効果と起こるかもしれない副作用』でお示しした 合併症については起こらないように細心の注意を払ってい",,
V41_01C2504022,01C2504022,C,V41FFBE4C1D26E,関東,東京都,千歳船橋整形外科スポーツ・リハビリクリニック,東京都世田谷区船橋1-9-21 マルエツ千歳船橋店3階,第三種,自家多血小板血漿（Platelet-Rich Plasma：PRP）を用いた筋肉、腱、靭帯、筋膜の損傷及び慢性炎症の治療（関節外の軟部組織）,PRP,AUTO,1.0,https://saiseiiryo.mhlw.go.jp/published_plan/download/01C2504022/5/0,50000,税別,,ACP MAX|ACP,Arthrex,8,,"本治療にかかる費用は、以下のとおりです。なお、費用に含まれるのは、治療に 伴う診査、自家PRP 調製のための採血にかかる費用、自家PRP 調製費用、注入に かかる費用であり、以下が費用の総額となります。 治療の種類 平均的な血小板注入量 費用(税別) ACP-PRP 20 億個 50,000 円 HD-PRP(ACP MAX の場合) 90 億個 150,000 円 また、ACP-PRP は効果を高めるため、2 倍量1 度に投与することが可能です。 その場合の費用は以下の通りです。 治療の種類 平均的な血小板注入量 費用(税別) ACP-PRP ダブルショット 40 億個 95,000 円",,
V41_01C2504022,01C2504022,C,V41FFBE4C1D26E,関東,東京都,千歳船橋整形外科スポーツ・リハビリクリニック,東京都世田谷区船橋1-9-21 マルエツ千歳船橋店3階,第三種,自家多血小板血漿（Platelet-Rich Plasma：PRP）を用いた筋肉、腱、靭帯、筋膜の損傷及び慢性炎症の治療（関節外の軟部組織）,PRP,AUTO,1.0,https://saiseiiryo.mhlw.go.jp/published_plan/download/01C2504022/5/0,150000,税別,,ACP MAX|ACP,Arthrex,8,,"伴う診査、自家PRP 調製のための採血にかかる費用、自家PRP 調製費用、注入に かかる費用であり、以下が費用の総額となります。 治療の種類 平均的な血小板注入量 費用(税別) ACP-PRP 20 億個 50,000 円 HD-PRP(ACP MAX の場合) 90 億個 150,000 円 また、ACP-PRP は効果を高めるため、2 倍量1 度に投与することが可能です。 その場合の費用は以下の通りです。 治療の種類 平均的な血小板注入量 費用(税別) ACP-PRP ダブルショット 40 億個 95,000 円 • 治療終了後も定期的な受診が必要です。 9 11.健",,
V41_01C2504022,01C2504022,C,V41FFBE4C1D26E,関東,東京都,千歳船橋整形外科スポーツ・リハビリクリニック,東京都世田谷区船橋1-9-21 マルエツ千歳船橋店3階,第三種,自家多血小板血漿（Platelet-Rich Plasma：PRP）を用いた筋肉、腱、靭帯、筋膜の損傷及び慢性炎症の治療（関節外の軟部組織）,PRP,AUTO,1.0,https://saiseiiryo.mhlw.go.jp/published_plan/download/01C2504022/5/0,95000,税別,,ACP MAX|ACP,Arthrex,0,,"P(ACP MAX の場合) 90 億個 150,000 円 また、ACP-PRP は効果を高めるため、2 倍量1 度に投与することが可能です。 その場合の費用は以下の通りです。 治療の種類 平均的な血小板注入量 費用(税別) ACP-PRP ダブルショット 40 億個 95,000 円 • 治療終了後も定期的な受診が必要です。 9 11.健康被害が発生した際の処置と補償等について すべての医療行為にはリスクがあり、ある一定の確率で合併症が起こりえます。 本治療においても『5.予想される効果と起こるかもしれない副作用』でお示しした 合併症については起こらないように細心の注意を払っ",,
V41_01C1906024,01C1906024,D,V41FC0C47D5FED,関東,東京都,南新宿整形外科 リハビリテーションクリニック,東京都渋谷区代々木二丁目１６番７号　山葉ビルメディカルセンター４階,第二種,SVF（Stromal Vascular Fraction）を用いた関節痛、変形性関節症に対する疼痛改善を目的とした治療,脂肪由来幹細胞/SVF,AUTO,1.0,https://saiseiiryo.mhlw.go.jp/published_plan/download/01C1906024/5/0,500000,税別,,,,11,5,"本治療は保険適用外であるため、治療にかかる費用全額をご自分でご負担いただきます。その 他、本治療を受けるために必要となった旅費、交通費などの全ての費用もご自分でご負担いただ きます。実際に必要となる費用については今回の治療は500,000 円(税抜)となります。 尚、脂肪の採取後や、細胞加工物の製造後に同意を撤回された場合など、同意を撤回される時 点までに医療材料等の費用が発生している場合は、発生した費用についてはあなたにご負担い",line-level strong price context,
V41_01C1906016,01C1906016,B,V41F342E554699,関東,東京都,南新宿整形外科リハビリテーションクリニック,"渋谷区代々木二丁目１６番７号
山葉ビルメディカルセンター４階",第二種,自己脂肪由来間葉系幹細胞を用いた関節痛、変形性関節症治療,脂肪由来幹細胞,AUTO,1.0,https://saiseiiryo.mhlw.go.jp/published_plan/download/01C1906016/5/0,600000,税別,,,,11,5,"本治療は保険適用外であるため、治療にかかる費用全額をご自分でご負担いただきます。その 他、本治療を受けるために必要となった旅費、交通費などの全ての費用もご自分でご負担いただ きます。実際に必要となる費用については今回の治療は600,000 円(税抜)となります。 なお、脂肪の採取後や、細胞加工物の製造後に同意を撤回された場合など、同意を撤回される時 点までに費用が発生している場合は、発生した費用についてはあなたにご負担いただきますので",line-level strong price context,
V41_01C2011007,01C2011007,A,V41F342E554699,関東,東京都,南新宿整形外科リハビリテーションクリニック,"渋谷区代々木二丁目１６番７号　
山葉ビルメディカルセンター４階",第三種,自己多血小板血漿（Platelet-rich plasma : PRP)を用いた整形外科領域における軟部組織治療,PRP,AUTO,1.0,https://saiseiiryo.mhlw.go.jp/published_plan/download/01C2011007/5/0,60000,税別,,,,8,,"、 規程に基づき患者様個人を特定できる内容が使われることはありません。 治療にかかる費用について この治療は公的保険の対象ではありませんので、当院所定の施術料をお支払いいただきま す。 ・治療費例:軟部組織治療 40,000~60,000 円 (税抜) 上記価格は一例です。PRP を用いた治療に係る詳しい費用につきましては、医師またはスタ ッフにお尋ね下さい。 施術後、患者様の個人的な事情及び金銭等に関する問題に関しては一切の責を負いかねます のでご了承ください。 本治療の実施体制 本治療の",,
V41_02C2601084,02C2601084,C,V41FEC0A83B548,関東,東京都,"地方独立行政法人東京都立病院機構
東京都立大久保病院",新宿区歌舞伎町2-44-1,第二種,変形性関節症を対象とした自家多血小板血漿（PRP）注入療法,PRP,AUTO,1.0,https://saiseiiryo.mhlw.go.jp/published_plan/download/02C2601084/5/0,150000,税込,1 回,ACP MAX|ACP|APS,Arthrex|Zimmer Biomet,8,,"この治療は、健康保険がご使用できない自由診療です。そのため、患者様の費用負担 が他の治療よりも高額になることがあります。当院において実施される本治療および本 治療に必要な検査などの費用は全額自己負担となります。 血液分離専用容器キットによる施術料1 回: ACP MAX システム 提供価格:150,000 円(税込) APS システム 提供価格:253,000 円(税込) ※上記金額は1) PRP 調製のための採血、2) PRP 調製、3) 炎症部位へのPRP の 注入の施術料です。初診時や再診時の診察、検査等の費用は別途かかります。 ※患者さんの症状によっては、治療を数回行うことがあります。治療前、または治療 後の状態から担当医師",,
V41_02C2601084,02C2601084,C,V41FEC0A83B548,関東,東京都,"地方独立行政法人東京都立病院機構
東京都立大久保病院",新宿区歌舞伎町2-44-1,第二種,変形性関節症を対象とした自家多血小板血漿（PRP）注入療法,PRP,AUTO,1.0,https://saiseiiryo.mhlw.go.jp/published_plan/download/02C2601084/5/0,253000,税込,1 回,ACP MAX|ACP|APS,Arthrex|Zimmer Biomet,8,,"、患者様の費用負担 が他の治療よりも高額になることがあります。当院において実施される本治療および本 治療に必要な検査などの費用は全額自己負担となります。 血液分離専用容器キットによる施術料1 回: ACP MAX システム 提供価格:150,000 円(税込) APS システム 提供価格:253,000 円(税込) ※上記金額は1) PRP 調製のための採血、2) PRP 調製、3) 炎症部位へのPRP の 注入の施術料です。初診時や再診時の診察、検査等の費用は別途かかります。 ※患者さんの症状によっては、治療を数回行うことがあります。治療前、または治療 後の状態から担当医師が判断し、患者さんにお伝えしご相談させて頂きます。 ※",,
V41_01C2302066,01C2302066,D,V41FC9744101D1,関東,東京都,女性のための整形外科 かおるこHappyクリニック,千代田区内幸町1丁目1-1 帝国ホテル本館4階,第二種,変形性関節症および関節腔の傷害を対象とした自家多血小板血漿（PRP）注入療法,PRP,QC,1.0,https://saiseiiryo.mhlw.go.jp/published_plan/download/01C2302066/5/0,,,,,,,,,no price found after text/OCR pass,RuntimeError: Tesseract process timeout
V41_01C2106016,01C2106016,A,V41F9829037BE4,関東,東京都,女性のための整形外科かおるこHappyクリニック,東京都千代⽥区内幸町１丁⽬１−１ 本館4F 帝国ホテル,第三種,自己多血小板血漿(PRP)を用いた筋・腱・靱帯損傷部の治癒促進を目的とした整形外科治療,PRP,AUTO,1.0,https://saiseiiryo.mhlw.go.jp/published_plan/download/01C2106016/5/0,33000,税込,一部位,,,13,1,"□ 血小板活性を促すためにアドレナリン含有リドカインを少量加え る場合があります。 □ 治療費は、一部位につき33,000円 (税込)です。 □ 細胞提供者と受領者(施術対象者)は同一人のため、細胞提供者 の選択は行いません。",rescue strong price context,
V41_03C2603036,03C2603036,B,V41F4533DED309,関東,東京都,学校法人藤田学園　藤田医科大学　羽田クリニック,大田区羽田空港1-1-4,第二種,多血小板血漿（PRP）による変形性関節症治療,PRP,AUTO,1.0,https://saiseiiryo.mhlw.go.jp/published_plan/download/03C2603036/5/0,800000,税込,2 回,,,9,,"12. 患者様の費用負担について 13 本治療は自由診療※となり、健康保険が適用にならず、本来健康保険が適用される治療も 含め、全額自己負担となります。 施術費用は下記の通りとなります。 PRP 変形性関節症治療 1 治療(2 回投与) 800,000 円(税込) (標準的な治療費用。採血及び投与2 回分の費用を含む) · 投与2 回が標準的な治療回数です。治療間隔については症状を見ながら決めていきま すが、原則として2 回終了後3 ヶ月間の経過観察を行い、再度治療の適応があるか判 断致します。 · 治療同意後、採血を実施した際に全ての費用を頂戴いたします。 · 採血後や",,
V41_03C2603036,03C2603036,B,V41F4533DED309,関東,東京都,学校法人藤田学園　藤田医科大学　羽田クリニック,大田区羽田空港1-1-4,第二種,多血小板血漿（PRP）による変形性関節症治療,PRP,AUTO,1.0,https://saiseiiryo.mhlw.go.jp/published_plan/download/03C2603036/5/0,200000,税込,,,,-2,,"断致します。 · 治療同意後、採血を実施した際に全ての費用を頂戴いたします。 · 採血後や加工後に同意を撤回された場合など、同意を撤回されるまでに費用が発生し し ている場合は、発生した費用に した費用については患者様にご負担いただきますのでご了承くだ さい。 【キャンセル料】 採血後:200,000 円(税込) 加工後:400,000 円(税込) · 治療内容により費用が変動する場合があります。施術する前に詳細な説明をいたしま すので、ご納得いただいた上で施術いただきますようお願い申し上げます。 ※自由診療とは保険が適用されない診療のことを言います。厚生労働省が承認していない 労働省が承認していない 治療や薬を使用すると自由診療と",,
V41_03C2603036,03C2603036,B,V41F4533DED309,関東,東京都,学校法人藤田学園　藤田医科大学　羽田クリニック,大田区羽田空港1-1-4,第二種,多血小板血漿（PRP）による変形性関節症治療,PRP,AUTO,1.0,https://saiseiiryo.mhlw.go.jp/published_plan/download/03C2603036/5/0,400000,税込,,,,-2,,"採血を実施した際に全ての費用を頂戴いたします。 · 採血後や加工後に同意を撤回された場合など、同意を撤回されるまでに費用が発生し し ている場合は、発生した費用に した費用については患者様にご負担いただきますのでご了承くだ さい。 【キャンセル料】 採血後:200,000 円(税込) 加工後:400,000 円(税込) · 治療内容により費用が変動する場合があります。施術する前に詳細な説明をいたしま すので、ご納得いただいた上で施術いただきますようお願い申し上げます。 ※自由診療とは保険が適用されない診療のことを言います。厚生労働省が承認していない 労働省が承認していない 治療や薬を使用すると自由診療となり、治療費が全額自己負担となります",,
V41_03C2603037,03C2603037,D,V41F4533DED309,関東,東京都,学校法人藤田学園　藤田医科大学　羽田クリニック,大田区羽田空港1-1-4,第二種,自己脂肪由来幹細胞を用いた変形性関節症の治療,脂肪由来幹細胞,QC,1.0,https://saiseiiryo.mhlw.go.jp/published_plan/download/03C2603037/5/0,,,,,,,,,no price found after text/OCR pass,Document fetched but no price candidate
V41_03C2603038,03C2603038,C,V41F4533DED309,関東,東京都,学校法人藤田学園　藤田医科大学　羽田クリニック,大田区羽田空港1-1-4,第二種,自家培養軟骨細胞（ACC）を用いた移植による低侵襲膝関節軟骨再生治療,その他MSK,QC,1.0,https://saiseiiryo.mhlw.go.jp/published_plan/download/03C2603038/5/0,4500000,不明,,,,3,21,たりの価格 ACC 移植(再) 450万円 使用した細胞数にかかわらず、片膝あ たりの価格,rescue price candidates remain ambiguous,
V41_03C2603038,03C2603038,C,V41F4533DED309,関東,東京都,学校法人藤田学園　藤田医科大学　羽田クリニック,大田区羽田空港1-1-4,第二種,自家培養軟骨細胞（ACC）を用いた移植による低侵襲膝関節軟骨再生治療,その他MSK,QC,1.0,https://saiseiiryo.mhlw.go.jp/published_plan/download/03C2603038/5/0,9000000,不明,,,,3,21,軟骨組織採取 ACC 移植 900万円 使用した細胞数にかかわらず、片膝あ たりの価格,rescue price candidates remain ambiguous,
V41_02C2306054,02C2306054,A,V41FF421A2F9B8,関東,東京都,小石川整形外科,文京区小石川1-5-1 パークコート文京小石川 ザ タワー3F,第二種,自家脂肪組織由来の培養間葉系幹細胞を用いた変形性膝関節症の治療,脂肪由来幹細胞,QC,1.0,https://saiseiiryo.mhlw.go.jp/published_plan/download/02C2306054/5/0,,,,,,,,,no price found after rescue text/OCR pass,Rescue completed; OCR page timeouts=0
V41_01C2601013,01C2601013,B,V41F34A769E095,関東,東京都,幹細胞クリニック東京,中央区銀座５丁目９−１５ 銀座清月堂ビル ５F,第二種,自己脂肪由来間葉系幹細胞を用いた変形性関節症治療,脂肪由来幹細胞,QC,1.0,https://saiseiiryo.mhlw.go.jp/published_plan/download/01C2601013/5/0,,,,,,,,,no price found after text/OCR pass,RuntimeError: Tesseract process timeout
V41_01C2510040,01C2510040,C,V41FAAA5356B17,関東,東京都,新柴又駅前広場クリニック,葛飾区柴又5丁目8-3 グランコート1階,第三種,四肢の筋・腱・靱帯及びその付着部の傷害を対象とした自家多血小板血漿（PRP）注入療法,PRP,AUTO,1.0,https://saiseiiryo.mhlw.go.jp/published_plan/download/01C2510040/5/0,50000,税込,1 回,Condensia,京セラ,9,,"されない自由診療です。そのため、患者様の費用負担が 他の治療よりも高額になることがあります。当院において実施される本治療および本治 療に必要な検査などの費用は全額自己負担となります。 血液分離専用容器キットによる提供価格 PRP:(京セラCondensia システム)使用 ・・・・・1 回50,000 円(税込) ※患者様の症状によっては、治療を数回行うことがあります。治療前、または治療後 の状態から担当医師が判断し、患者様にお伝えしご相談させて頂きます。 ※治療内容・回数により1回あたりの費用が減額される場合がございます。施術する 前に詳細な説明をいたしますので、ご納得いただいた上で施術いただきますようお 願い申し上げます。",,
V41_01C2510040,01C2510040,C,V41FAAA5356B17,関東,東京都,新柴又駅前広場クリニック,葛飾区柴又5丁目8-3 グランコート1階,第三種,四肢の筋・腱・靱帯及びその付着部の傷害を対象とした自家多血小板血漿（PRP）注入療法,PRP,AUTO,1.0,https://saiseiiryo.mhlw.go.jp/published_plan/download/01C2510040/5/0,5000,税込,,,,-7,,"受けた後に同意されない場合でも、一切不利益を受けることはありません。 また同様に、治療を受けることに同意した場合であっても、投与までの間でしたらい つでも取りやめることができます。その場合、その後の治療について一切不利益は受け ません。(ただし下記のキャンセル料は申し受けます) 採血後~加工前 5,000 円(税込) 加工後~投与前 全額 もしこの治療を受けることに同意しない場合も、最適と考えられる治療を実施できる ように患者様の治療に最善を尽くします。 ただし、治療を行った後は、健康管理のために必要に応じて適切な検査を受けていた だき、医学的に問題がないかを確認させていただきます。 11. 試料等の保管及び廃棄の方法につい",,
V41_01C2602040,01C2602040,D,V41F2F89DA8043,関東,東京都,新橋DAYクリニック,港区新橋1-15-7 新橋NFビル6階,第二種,変形性関節症に対する自己脂肪由来間葉系幹細胞を用いた治療,脂肪由来幹細胞,AUTO,1.0,https://saiseiiryo.mhlw.go.jp/published_plan/download/01C2602040/5/0,500000,不明,,,,7,9,"250,000円 関節局所投与手技料(複数)・治療管理料 500,000円 ※上記価格に消費税は含まれておりません。 もし、脂肪の採取後や、細胞加工物の製造後に同意を撤回され、治療をキャンセルされた",line-level medium price context,
V41_03C2510006,03C2510006,A,V41F6D053F833D,関東,東京都,日本医科大学付属病院,文京区千駄木1-1-5,第二種,多血小板血漿（PRP）の投与による変形性関節症治療,PRP,AUTO,1.0,https://saiseiiryo.mhlw.go.jp/published_plan/download/03C2510006/5/0,350000,税別,,APS|GPS,Zimmer Biomet,8,,"険で受けることはでき ません。 8. 治療にかかる費用について この治療は公的保険の対象ではありませんので、当院所定の施術料 をお支払いいただきます。 ・濃縮PRPを用いた治療(APSキット使用)における施術料 450,000円(税抜) ・PRPを用いた治療(GPSIIIキット使用)における施術料 350,000円 (税抜) 9. この治療を受けることはあなたの自由意思で決める事で、断って も不利益は受けないこと この治療を受けるか拒否するかは、ご自身の自由な意思でお決めく ださい。説明を受けた後に同意されない場合でも、一切不利益を受 けません。また、治療を受けることに同意しても、投与までの間で あればいつでも同意を撤回することができます。ただし、",,
V41_03C2510006,03C2510006,A,V41F6D053F833D,関東,東京都,日本医科大学付属病院,文京区千駄木1-1-5,第二種,多血小板血漿（PRP）の投与による変形性関節症治療,PRP,AUTO,1.0,https://saiseiiryo.mhlw.go.jp/published_plan/download/03C2510006/5/0,450000,税別,,APS|GPS,Zimmer Biomet,8,,"くなり長期的な痛みの元になる可能性があります。 社会保険・国民健康保険など医療制度上の保険で受けることはでき ません。 8. 治療にかかる費用について この治療は公的保険の対象ではありませんので、当院所定の施術料 をお支払いいただきます。 ・濃縮PRPを用いた治療(APSキット使用)における施術料 450,000円(税抜) ・PRPを用いた治療(GPSIIIキット使用)における施術料 350,000円 (税抜) 9. この治療を受けることはあなたの自由意思で決める事で、断って も不利益は受けないこと この治療を受けるか拒否するかは、ご自身の自由な意思でお決めく ださい。説明を受けた後に同意されない場合でも、一切不利益を受 けません。また、治療を受け",,
V41_01C2203013,01C2203013,B,V41F7D5DDD79E0,関東,東京都,日本大学医学部附属板橋病院,板橋区大谷口上町３０－１,第二種,自己多血小板血漿（Platelet rich plasma：PRP）を用いた変形性膝・肩関節、腰椎症に対する治療,PRP,AUTO,1.0,https://saiseiiryo.mhlw.go.jp/published_plan/download/01C2203013/5/0,35000,税別,,,,8,10,"40,000 円 ※日本大学の学生は35,000円(税別) (3)採血後に、患者様のご都合でPRPの投与を中止された場合、 PRP治療のための費用の返金は致しません。",line-level medium price context,
V41_01C2409023,01C2409023,C,V41F1EBA2986A8,関東,東京都,日本大学病院,千代田区神田駿河台１丁目６,第二種,自己多血小板血漿（PRP）による整形外科疾患に対する関節内治療,PRP,AUTO,1.0,https://saiseiiryo.mhlw.go.jp/published_plan/download/01C2409023/5/0,35000,税別,,,,8,6,"4ml 40,000 円※ ※日本大学の学生は35,000 円(税別) (3)採血後に、患者様のご都合でPRP の投与を中止された場合、PRP 治療のための 費用の返金は致しません。",rescue medium price context,
V41_01C2409024,01C2409024,D,V41F1EBA2986A8,関東,東京都,日本大学病院,千代田区神田駿河台１丁目６,第三種,自己多血小板血漿（PRP）による靭帯、腱、筋肉、筋膜の損傷及び炎症の治療,PRP,AUTO,1.0,https://saiseiiryo.mhlw.go.jp/published_plan/download/01C2409024/5/0,35000,税別,,,,8,6,"4ml 40,000 円※ ※日本大学の学生は35,000 円(税別) (3)採血後に、患者様のご都合でPRP の投与を中止された場合、PRP 治療のための 費用の返金は致しません。",line-level medium price context,
V41_01C2506017,01C2506017,B,V41F69EEBD7824,関東,東京都,日本橋えがわクリニック,中央区八重洲１－４－１０八重洲仲通りビル８F,第二種,自己脂肪組織由来幹細胞（ASCs）を用いた変形性関節症の治療,脂肪由来幹細胞,QC,1.0,https://saiseiiryo.mhlw.go.jp/published_plan/download/01C2506017/5/0,,,,,,,,,no price found after text/OCR pass,RuntimeError: Tesseract process timeout
V41_02C2503038,02C2503038,A,V41F2CE7058589,関東,東京都,日本橋えがわクリニック,中央区八重洲1－4－10 八重洲仲通りビル8階,第三種,自己多血小板血漿(PRP)を用いた筋・腱・靭帯損傷治療,PRP,AUTO,1.0,https://saiseiiryo.mhlw.go.jp/published_plan/download/02C2503038/5/0,33000,税込,,,,14,1,"□ 血小板活性を促すためにアドレナリン含有リドカインを少量加え る場合があります。 □ 治療費はPRP1ml 当たり 33,000円(税込価格) です。 □ 細胞提供者と受領者(施術対象者)は同一人のため、細胞提供者 の選択は行いません。",rescue strong price context,
V41_02C2512068,02C2512068,C,V41F1885D567CF,関東,東京都,日本橋人形町整形外科,東京都中央区日本橋人形町1−6−8 人形町大内ビル2階,第二種,自己多血小板血漿(PRP)療法（治療対象：外傷性関節炎・変形性関節症）,PRP,QC,1.0,https://saiseiiryo.mhlw.go.jp/published_plan/download/02C2512068/5/0,,,,,,,,,no price found after rescue text/OCR pass,Rescue completed; OCR page timeouts=0
V41_01C2503078,01C2503078,D,V41F767F3D29B2,関東,東京都,明大前整形外科クリニック,世田谷区松原1丁目38-25,第二種,⾃家多⾎⼩板⾎漿（Platelet-rich plasma：PRP）を⽤いた慢性関節炎ならびに関節内軟⾻・靭帯損傷の治療（関節内組織）,PRP,QC,1.0,https://saiseiiryo.mhlw.go.jp/published_plan/download/01C2503078/5/0,50000,税別,1 回(1 部位),ACP,Arthrex,6,7,"費用(税別) ACP 1 回(1 部位) 50,000 円 ACP(学割) 1 回(1 部位) 35,000 円",price candidates remain ambiguous,
V41_01C2503078,01C2503078,D,V41F767F3D29B2,関東,東京都,明大前整形外科クリニック,世田谷区松原1丁目38-25,第二種,⾃家多⾎⼩板⾎漿（Platelet-rich plasma：PRP）を⽤いた慢性関節炎ならびに関節内軟⾻・靭帯損傷の治療（関節内組織）,PRP,QC,1.0,https://saiseiiryo.mhlw.go.jp/published_plan/download/01C2503078/5/0,150000,不明,1 回(1 部位),ACP MAX|ACP,Arthrex,5,7,"1 回(1 部位) 95,000 円 ACP MAX 1 回(1 部位) 150,000 円 (3) 採血を開始してからのキャンセルについては、キャンセル費用をいただ きます。",price candidates remain ambiguous,
V41_01C2503078,01C2503078,D,V41F767F3D29B2,関東,東京都,明大前整形外科クリニック,世田谷区松原1丁目38-25,第二種,⾃家多⾎⼩板⾎漿（Platelet-rich plasma：PRP）を⽤いた慢性関節炎ならびに関節内軟⾻・靭帯損傷の治療（関節内組織）,PRP,QC,1.0,https://saiseiiryo.mhlw.go.jp/published_plan/download/01C2503078/5/0,35000,不明,1 回(1 部位),ACP,Arthrex,2,7,"1 回(1 部位) 50,000 円 ACP(学割) 1 回(1 部位) 35,000 円 ACP ダブルショット 1 回(1 部位) 95,000 円",price candidates remain ambiguous,
V41_01C2503078,01C2503078,D,V41F767F3D29B2,関東,東京都,明大前整形外科クリニック,世田谷区松原1丁目38-25,第二種,⾃家多⾎⼩板⾎漿（Platelet-rich plasma：PRP）を⽤いた慢性関節炎ならびに関節内軟⾻・靭帯損傷の治療（関節内組織）,PRP,QC,1.0,https://saiseiiryo.mhlw.go.jp/published_plan/download/01C2503078/5/0,95000,不明,1 回(1 部位),ACP MAX|ACP,Arthrex,2,7,"1 回(1 部位) 35,000 円 ACP ダブルショット 1 回(1 部位) 95,000 円 ACP MAX 1 回(1 部位) 150,000 円",price candidates remain ambiguous,
V41_01C2503079,01C2503079,A,V41F767F3D29B2,関東,東京都,明大前整形外科クリニック,世田谷区松原1丁目38-25,第三種,⾃家多⾎⼩板⾎漿（Platelet-rich plasma：PRP）を⽤いた筋⾁、腱、靭帯、筋膜の損傷及び慢性炎症の治療（関節外の軟部組織）,PRP,QC,1.0,https://saiseiiryo.mhlw.go.jp/published_plan/download/01C2503079/5/0,50000,税別,1 回,ACP,Arthrex,6,7,"費用(税別) ACP 1 回(1 部位) 50,000 円 ACP(学割) 1 回(1 部位) 35,000 円",rescue price candidates remain ambiguous,
V41_01C2503079,01C2503079,A,V41F767F3D29B2,関東,東京都,明大前整形外科クリニック,世田谷区松原1丁目38-25,第三種,⾃家多⾎⼩板⾎漿（Platelet-rich plasma：PRP）を⽤いた筋⾁、腱、靭帯、筋膜の損傷及び慢性炎症の治療（関節外の軟部組織）,PRP,QC,1.0,https://saiseiiryo.mhlw.go.jp/published_plan/download/01C2503079/5/0,150000,不明,1 回,ACP MAX|ACP,Arthrex,5,7,"1 回(1 部位) 95,000 円 ACP MAX 1 回(1 部位) 150,000 円 (3) 採血を開始してからのキャンセルについては、キャンセル費用をいただ きます。",rescue price candidates remain ambiguous,
V41_01C2503079,01C2503079,A,V41F767F3D29B2,関東,東京都,明大前整形外科クリニック,世田谷区松原1丁目38-25,第三種,⾃家多⾎⼩板⾎漿（Platelet-rich plasma：PRP）を⽤いた筋⾁、腱、靭帯、筋膜の損傷及び慢性炎症の治療（関節外の軟部組織）,PRP,QC,1.0,https://saiseiiryo.mhlw.go.jp/published_plan/download/01C2503079/5/0,35000,不明,1 回,ACP,Arthrex,2,7,"1 回(1 部位) 50,000 円 ACP(学割) 1 回(1 部位) 35,000 円 ACP ダブルショット 1 回(1 部位) 95,000 円",rescue price candidates remain ambiguous,
V41_01C2503079,01C2503079,A,V41F767F3D29B2,関東,東京都,明大前整形外科クリニック,世田谷区松原1丁目38-25,第三種,⾃家多⾎⼩板⾎漿（Platelet-rich plasma：PRP）を⽤いた筋⾁、腱、靭帯、筋膜の損傷及び慢性炎症の治療（関節外の軟部組織）,PRP,QC,1.0,https://saiseiiryo.mhlw.go.jp/published_plan/download/01C2503079/5/0,95000,不明,1 回,ACP MAX|ACP,Arthrex,2,7,"1 回(1 部位) 35,000 円 ACP ダブルショット 1 回(1 部位) 95,000 円 ACP MAX 1 回(1 部位) 150,000 円",rescue price candidates remain ambiguous,
V41_02C2601034,02C2601034,B,V41F0E7D5A7478,関東,東京都,昭和医科大学江東豊洲病院,江東区豊洲5-1-38,第二種,多血小板血漿（Platelet-rich plasma：PRP）を用いた変形性関節症治療,PRP,AUTO,1.0,https://saiseiiryo.mhlw.go.jp/published_plan/download/02C2601034/5/0,330000,税込,1回(片側),,,12,6,"この治療は公的保険の対象ではありませんので、当院の所定の施術料をお支払いいただき ます。 診察料、検査料等が別途必要になる場合がございます。 PRP 投与1回(片側):税込330,000 円 PRP 投与1回(両側):税込550,000 円 詳細やご不明な点は医師・スタッフまでお気軽にお尋ねください。",line-level strong price context,
V41_02C2601034,02C2601034,B,V41F0E7D5A7478,関東,東京都,昭和医科大学江東豊洲病院,江東区豊洲5-1-38,第二種,多血小板血漿（Platelet-rich plasma：PRP）を用いた変形性関節症治療,PRP,AUTO,1.0,https://saiseiiryo.mhlw.go.jp/published_plan/download/02C2601034/5/0,550000,税込,1回(片側),,,9,6,"ます。 診察料、検査料等が別途必要になる場合がございます。 PRP 投与1回(片側):税込330,000 円 PRP 投与1回(両側):税込550,000 円 詳細やご不明な点は医師・スタッフまでお気軽にお尋ねください。 施術後、患者様の個人的な事情及び金銭等に関する問題に関しては一切の責任を負いかね",line-level strong price context,
V41_03C2208002,03C2208002,C,V41F2F76A73C47,関東,東京都,東京医科大学病院,新宿区西新宿6-7-1,第三種,スポーツ傷害（筋・腱・靭帯）を対象とした自己多血小板血漿注入療法,PRP,QC,1.0,https://saiseiiryo.mhlw.go.jp/published_plan/download/03C2208002/5/0,,,,,,,,,no price found after rescue text/OCR pass,Rescue completed; OCR page timeouts=0
V41_02C2309037,02C2309037,D,V41F232118E432,関東,東京都,東京整形外科,調布市富士見町1-6-2 TAOビル3F,第三種,自家多血小板血漿（Platelet-rich plasma：PRP）を用いた筋肉、腱、靭帯、筋膜の損傷及び慢性炎症の治療（関節外の軟部組織）,PRP,QC,1.0,https://saiseiiryo.mhlw.go.jp/published_plan/download/02C2309037/5/0,30000,税込,1 回,ACP|Angel,Arthrex,6,6,"費用(PRP 1 回・税込) ACP 30,000 円 Angel 500,000 円",price candidates remain ambiguous,
V41_02C2309037,02C2309037,D,V41F232118E432,関東,東京都,東京整形外科,調布市富士見町1-6-2 TAOビル3F,第三種,自家多血小板血漿（Platelet-rich plasma：PRP）を用いた筋肉、腱、靭帯、筋膜の損傷及び慢性炎症の治療（関節外の軟部組織）,PRP,QC,1.0,https://saiseiiryo.mhlw.go.jp/published_plan/download/02C2309037/5/0,500000,不明,,Angel,Arthrex,3,6,"30,000 円 Angel 500,000 円 (3) 採血を開始してからキャンセルされた場合は、費用の全額をご負担いた だきます。",price candidates remain ambiguous,
V41_03C2604023,03C2604023,A,V41F01E5ECD7BC,関東,東京都,東京科学大学病院,文京区湯島一丁目5番45号,第三種,筋・腱・靭帯損傷・障害部へのPRP注射,PRP,AUTO,1.0,https://saiseiiryo.mhlw.go.jp/published_plan/download/03C2604023/5/0,74800,税込,1 回,,,10,7,"調整、注射費用がかかり、すべて自己負担となりますので、当施設にてお支払いいただきま す。 ・ PRP 注射1 回 74,800 円(税込) ※注射のための採血後に患者さま都合により治療を取りやめた場合は、費用の返金はできま せん。",rescue strong price context,
V41_02C2302016,02C2302016,B,V41FE56C7519EB,関東,東京都,東急株式会社東急病院,大田区北千束3丁目27番2号,第二種,自家多血小板血漿（Platelet-Rich-Plasma：PRP）による変形性関節症治療,PRP,AUTO,1.0,https://saiseiiryo.mhlw.go.jp/published_plan/download/02C2302016/5/0,220000,税込,,,,8,,"期的な診察が終了した後も、この治療による副作用が起き ないかなどを継続して確認いたします。 費用について 「自家多血小板血漿(Platelet-rich plasma:PRP)を用いた変形性 関節症に対する治療」は、自費診療であり、健康保険を使用するこ とはできません。 自家PRP 療法 の料金 220,000円 (消費税込み) ※この治療の開始後、患者さまの都合や体調により治療を途中中断 した場合は、半額程度(それまでにかかった実費)の料金がかかり ますことをご了承ください。 ※この治療を実施する前後の診察および検査などは、健康保険を使 用します。 他の治療法の有無、本治療法との比較について 変形性関節症の痛みに対する代表的な治療法としてヒアル",,
V41_02C2302016,02C2302016,B,V41FE56C7519EB,関東,東京都,東急株式会社東急病院,大田区北千束3丁目27番2号,第二種,自家多血小板血漿（Platelet-Rich-Plasma：PRP）による変形性関節症治療,PRP,AUTO,1.0,https://saiseiiryo.mhlw.go.jp/published_plan/download/02C2302016/5/0,10000,不明,,,,0,,つく可能性があります。 医薬品として承認されていますので、品質は 安定しています。 アレルギーの 可能性 自家移植のため可能性は比較的低いですが、アレルギー反応などを 完全には否定できません。 品質管理された安全性の高い医薬品ですが、アレルギー反応などを 完全には否定できません。 費 用 22万円 1万円(2千円/回) 保険適応 なし あり この治療を受けることへの同意について この治療を受けるかどうかは、患者さま自身の自由な意思でお決め ください。もし、この治療を受けることに同意されなくても、患者 さまにとって最適と考えられる他の治療方法により、患者さまの治 療に最善を尽くします。 同意の撤回について この治療を受けることに同意された,,
V41_02C2302016,02C2302016,B,V41FE56C7519EB,関東,東京都,東急株式会社東急病院,大田区北千束3丁目27番2号,第二種,自家多血小板血漿（Platelet-Rich-Plasma：PRP）による変形性関節症治療,PRP,AUTO,1.0,https://saiseiiryo.mhlw.go.jp/published_plan/download/02C2302016/5/0,220000,不明,,,,0,,質がば らつく可能性があります。 医薬品として承認されていますので、品質は 安定しています。 アレルギーの 可能性 自家移植のため可能性は比較的低いですが、アレルギー反応などを 完全には否定できません。 品質管理された安全性の高い医薬品ですが、アレルギー反応などを 完全には否定できません。 費 用 22万円 1万円(2千円/回) 保険適応 なし あり この治療を受けることへの同意について この治療を受けるかどうかは、患者さま自身の自由な意思でお決め ください。もし、この治療を受けることに同意されなくても、患者 さまにとって最適と考えられる他の治療方法により、患者さまの治 療に最善を尽くします。 同意の撤回について この治療を受けることに同,,
V41_03C2412023,03C2412023,C,V41FA93B93E73B,関東,東京都,東邦大学医療センター大森病院,大田区大森西6-11-1,第二種,自家多血小板血漿（Platelet-rich plasma：PRP）を用いた慢性関節炎の治療（関節内組織）,PRP,AUTO,1.0,https://saiseiiryo.mhlw.go.jp/published_plan/download/03C2412023/5/0,50000,税別,2 回分,,,9,,"することはできませ ん。 (2) 本治療にかかる費用は、以下のとおりです。なお、費用は、治療に伴う診 査、PRP 調製のための採血にかかる費用、PRP 調製費用、注入にかかる費 用の総額となります。左右両側に投与する場合は、2 回分です。 PRP 1 回(1 部位) 50,000 円(税別) 11. 試料等の保存及び廃棄の方法 患者様から採取した血液と作製したPRP は、患者様ご自身の治療のみ に使用します。ただし、症例検討や学会発表を目的として、血液やPRP の測定を行い、データを取得することがあります。 血液およびPRP は微量で全量を使用するため、保管はしません。治療 に用いない血液またはPRP",,
V41_03C2412027,03C2412027,D,V41FA93B93E73B,関東,東京都,東邦大学医療センター大森病院,大田区大森西6-11-1,第三種,自家多血小板血漿（Platelet-rich plasma：PRP）を用いた筋肉、腱、靭帯、筋膜の損傷及び慢性炎症の治療（関節外の軟部組織）,PRP,AUTO,1.0,https://saiseiiryo.mhlw.go.jp/published_plan/download/03C2412027/5/0,30000,税別,2 回分,,,9,,"することはできませ ん。 (2) 本治療にかかる費用は、以下のとおりです。なお、費用は、治療に伴う診 査、PRP 作製のための採血にかかる費用、PRP 作製費用、注入にかかる費 用の総額となります。左右両側に投与する場合は、2 回分です。 PRP 1 回(1 部位) 30,000 円(税別) 11. 試料等の保存及び廃棄の方法 患者様から採取した血液と作製したPRP は、患者様ご自身の治療のみ に使用します。ただし、症例検討や学会発表を目的として、血液やPRP の測定を行い、データを取得することがあります。 血液およびPRP は微量で全量を使用するため、保管はしません。治療 に用いない血液またはPRP",,
V41_03C2412024,03C2412024,A,V41FC30E4AB16F,関東,東京都,東邦大学医療センター大橋病院,目黒区大橋二丁目２２番３６号,第二種,自己多血小板血漿（Platelet-rich plasma: PRP）を用いた変形性関節症治療,PRP,AUTO,1.0,https://saiseiiryo.mhlw.go.jp/published_plan/download/03C2412024/5/0,180000,税別,1 回,APS|GPS,Zimmer Biomet,8,,"P)を用いた変形性関節症治療に関する説明文・同意文書 9 治療にかかる費用について この治療は公的保険の対象ではありませんので、当院にて実施する治療及び治療に必要な検査などの 費用は全額自己負担となります。 ・PRP を用いた治療(GPSIIIシステム使用)における施術料 1 回 180,000円 (税別) ・APS(濃縮PRP)を用いた治療(APS キット使用) における施術料 1 回 350,000円 (税別) その他治療についての注意事項 患者さまの体調が良くない場合や、採取した血液の状態によっては、PRP を分離できないこと があります。 その際には",,
V41_03C2412024,03C2412024,A,V41FC30E4AB16F,関東,東京都,東邦大学医療センター大橋病院,目黒区大橋二丁目２２番３６号,第二種,自己多血小板血漿（Platelet-rich plasma: PRP）を用いた変形性関節症治療,PRP,AUTO,1.0,https://saiseiiryo.mhlw.go.jp/published_plan/download/03C2412024/5/0,350000,税別,1 回,APS|GPS,Zimmer Biomet,8,,"保険の対象ではありませんので、当院にて実施する治療及び治療に必要な検査などの 費用は全額自己負担となります。 ・PRP を用いた治療(GPSIIIシステム使用)における施術料 1 回 180,000円 (税別) ・APS(濃縮PRP)を用いた治療(APS キット使用) における施術料 1 回 350,000円 (税別) その他治療についての注意事項 患者さまの体調が良くない場合や、採取した血液の状態によっては、PRP を分離できないこと があります。 その際には、再度採血をさせていただく場合があります。 また、本治療に使用する機器は定期的にメンテナンスを行っていますが、突",,
V41_03C2412025,03C2412025,B,V41FC30E4AB16F,関東,東京都,東邦大学医療センター大橋病院,目黒区大橋二丁目２２番３６号,第三種,自己多血小板血漿（Platelet-rich plasma:PRP）を用いた整形外科領域における筋肉、腱、靭帯などの軟部組織損傷に対する治療,PRP,AUTO,1.0,https://saiseiiryo.mhlw.go.jp/published_plan/download/03C2412025/5/0,180000,税別,1 回,GPS,Zimmer Biomet,8,,"逆に ステロイド剤の副作用で重篤な感染症の誘発・骨粗鬆症の増悪・薬剤離脱困難等が生じてし まう可能性があります。 治療にかかる費用について この治療は公的保険の対象ではありませんので、当施設にて施術料をお支払いいただきます。 ・PRP 療法 GPSIIIシステム使用 1 回 180,000円(税別) ※患者さまの症状により施術料が変わる場合は別途、ご説明いたします。 その他治療についての注意事項 患者さまの体調が良くない場合や、採取した血液の状態によっては、PRP を分離できないこ とがあります。 その際には、再度採血をさせていただく場合があります。",,
V41_01C2002036,01C2002036,C,V41F91BB2341F2,関東,東京都,横浜町田関節脊椎病院,町田市南つくし野３丁目１－２,第二種,多血小板血漿抽出液による関節症治療,APS/PRP,AUTO,1.0,https://saiseiiryo.mhlw.go.jp/published_plan/download/01C2002036/5/0,150000,不明,,APS|GPS|Zimmer,Zimmer Biomet,7,,"(院長)へと報告して対応させていただきます。 窓口部署:医事課 連絡先:042-812-2110 12.費用について この治療は公的保険の対象ではありませんので、当院所定の施術料をお支払いいただきます。 ・ZIMMER BIOMET 製 GPS®IIIシステム使用 150,000円 (APSキットを使用せず、作製したPRPをそのまま使用する場合) GPS®IIIシステム、APSキット使用 300,000円 (APSキットを使用してさらに抽出を行い純度を高めて使用する場合) ※患者様の症状、その他の事情等により治療費が変動する場合があります。 なお、細胞の採取後や加工後",,
V41_01C2002036,01C2002036,C,V41F91BB2341F2,関東,東京都,横浜町田関節脊椎病院,町田市南つくし野３丁目１－２,第二種,多血小板血漿抽出液による関節症治療,APS/PRP,AUTO,1.0,https://saiseiiryo.mhlw.go.jp/published_plan/download/01C2002036/5/0,300000,不明,,APS|GPS|Zimmer,Zimmer Biomet,7,,"んので、当院所定の施術料をお支払いいただきます。 ・ZIMMER BIOMET 製 GPS®IIIシステム使用 150,000円 (APSキットを使用せず、作製したPRPをそのまま使用する場合) GPS®IIIシステム、APSキット使用 300,000円 (APSキットを使用してさらに抽出を行い純度を高めて使用する場合) ※患者様の症状、その他の事情等により治療費が変動する場合があります。 なお、細胞の採取後や加工後に同意を撤回された場合など、同意を撤回される時点までに費用が発生し ている場合は、発生した費用については患者様にご負担いただきますのでご了承ください。 13.",,
V41_01C2603069,01C2603069,A,V41FE867B62D8E,関東,東京都,江戸川区まつもと整形外科,江戸川区松本1-34-7 3F,第二種,自家多血小板血漿（PRP）の投与による変形性関節症治療,PRP,AUTO,1.0,https://saiseiiryo.mhlw.go.jp/published_plan/download/01C2603069/5/0,55000,税込,,,,9,2,"ては当院で負担いたします。他の医療機関で受けられた治療費用については協議させていただきます。 9. 治療にかかる費用について この治療は公的保険の対象ではありませんので、当院の所定の施術料として 55,000 円(税込)をお支払いいただ きます。また、キャンセル(同意の撤回)はいつでも可能ですが、同意撤回の時点までに費用が発生している場合は、発 生した費用をご負担いただきますのでご了承ください。",rescue strong price context,
V41_01C2603071,01C2603071,D,V41FE867B62D8E,関東,東京都,江戸川区まつもと整形外科,江戸川区松本1-34-7 3F,第三種,自家多血小板血漿（PRP）の投与によるスポーツ外傷を含む筋・腱・靱帯損傷治療,PRP,AUTO,1.0,https://saiseiiryo.mhlw.go.jp/published_plan/download/01C2603071/5/0,55000,税込,,,,9,2,"ては当院で負担いたします。他の医療機関で受けられた治療費用については協議させていただきます。 9. 治療にかかる費用について この治療は公的保険の対象ではありませんので、当院の所定の施術料として 55,000 円(税込)をお支払いいただ きます。また、キャンセル(同意の撤回)はいつでも可能ですが、同意撤回の時点までに費用が発生している場合は、発 生した費用をご負担いただきますのでご了承ください。",line-level strong price context,
V41_01C2403007,01C2403007,B,V41FE53F617A06,関東,東京都,池尻大橋せらクリニック,東京都目黒区大橋2-22-42 No.R池尻大橋4F,第三種,自家多血小板血漿(Platelet-rich plasma:PRP)を用いた筋肉、腱、靭帯、筋膜の損傷及び慢性炎症の治療（関節腔外に限る）,PRP,QC,1.0,https://saiseiiryo.mhlw.go.jp/published_plan/download/01C2403007/5/0,,,,,,,,,no price found after text/OCR pass,Document fetched but no price candidate
V41_01C2003033,01C2003033,C,V41F5C42B5D569,関東,東京都,独立行政法人労働者健康安全機構　東京労災病院,大田区大森南４－１３－２１,第三種,多血小板血漿を用いた靭帯・筋・腱及び腱付着部の機能障害・疾患の治療,PRP,AUTO,1.0,https://saiseiiryo.mhlw.go.jp/published_plan/download/01C2003033/5/0,70000,不明,,GPS|Zimmer,Zimmer Biomet,7,,"管理者(院長)へと報告して対応させていただきます。 窓口(担当部門:総務課) 電話番号:03-3742-7301 12.費用について この治療は公的保険の対象ではありませんので、当院所定の施術料をお支払いいただきます。 ・ZIMMER BIOMET 製 GPS®IIIシステム使用 70,000円 ※患者様の症状、その他の事情等により治療費が変動する場合があります。 なお、細胞の採取後や加工後に同意を撤回された場合など、同意を撤回される時点までに費用が発生し ている場合は、発生した費用については患者様にご負担いただきますのでご了承ください。 13.他の治療法の有無、本治療法との比較について 靭帯・腱及び腱付着部の機",,
V41_02C2203008,02C2203008,D,V41F5C42B5D569,関東,東京都,独立行政法人労働者健康安全機構　東京労災病院,大田区大森南４－１３－２１,第二種,多血小板血漿抽出液による関節症治療,APS/PRP,AUTO,1.0,https://saiseiiryo.mhlw.go.jp/published_plan/download/02C2203008/5/0,77000,税込,,APS|GPS|PEAK|Zimmer,Zimmer Biomet|PEAK系,8,,"署:医事課 連絡先:03-3742-7301 14.費用について 細胞の提供に際して費用は発生しません。 治療の提供に際しては、本治療は公的保険の対象ではありませんので、当院所定の施術料をお支払いいた だきます。 ・ZIMMER BIOMET 製 GPS®IIIシステム使用 77,000円(税込) (APSキットを使用せず、作製したPRPをそのまま使用する場合) ・ZIMMER BIOMET 製 GPS®IIIシステム、APSキット使用 330,000円(税込) (APSキットを使用してさらに抽出を行い純度を高めて使用する場合) ・ジョンソン・エンド・ジョンソン製 PEAK Platelet Rich",,
V41_02C2203008,02C2203008,D,V41F5C42B5D569,関東,東京都,独立行政法人労働者健康安全機構　東京労災病院,大田区大森南４－１３－２１,第二種,多血小板血漿抽出液による関節症治療,APS/PRP,AUTO,1.0,https://saiseiiryo.mhlw.go.jp/published_plan/download/02C2203008/5/0,80000,税込,,APS|GPS|PEAK|Zimmer,Zimmer Biomet|PEAK系,8,,"・ZIMMER BIOMET 製 GPS®IIIシステム、APSキット使用 330,000円(税込) (APSキットを使用してさらに抽出を行い純度を高めて使用する場合) ・ジョンソン・エンド・ジョンソン製 PEAK Platelet Rich Plasma System 使用 80,000円(税込) ※患者様の症状、その他の事情等により治療費が変動する場合があります。 なお、細胞の採取後や加工後に同意を撤回された場合など、同意を撤回される時点までに費用が発生してい る場合は、発生した費用については患者様にご負担いただきますのでご了承ください。 15.他の治療法の有無、本治療法との比較について 変形性関節症を",,
V41_02C2203008,02C2203008,D,V41F5C42B5D569,関東,東京都,独立行政法人労働者健康安全機構　東京労災病院,大田区大森南４－１３－２１,第二種,多血小板血漿抽出液による関節症治療,APS/PRP,AUTO,1.0,https://saiseiiryo.mhlw.go.jp/published_plan/download/02C2203008/5/0,330000,税込,,APS|GPS|PEAK|Zimmer,Zimmer Biomet|PEAK系,8,,"、当院所定の施術料をお支払いいた だきます。 ・ZIMMER BIOMET 製 GPS®IIIシステム使用 77,000円(税込) (APSキットを使用せず、作製したPRPをそのまま使用する場合) ・ZIMMER BIOMET 製 GPS®IIIシステム、APSキット使用 330,000円(税込) (APSキットを使用してさらに抽出を行い純度を高めて使用する場合) ・ジョンソン・エンド・ジョンソン製 PEAK Platelet Rich Plasma System 使用 80,000円(税込) ※患者様の症状、その他の事情等により治療費が変動する場合があります。 なお、細胞の採取後や加工後に同意を撤回",,
V41_03C2604028,03C2604028,A,V41F0072FF5DB8,関東,東京都,独立行政法人国立病院機構村山医療センター,武蔵村山市学園２－３７－１,第二種,変形性関節症に対する多血小板血漿抽出液（APS）関節内投与療法,APS/PRP,QC,1.0,https://saiseiiryo.mhlw.go.jp/published_plan/download/03C2604028/5/0,330000,税込,,,,6,,"行う医師、管理者(院長)へと報告して対応させていただきます。 窓口部署:企画課(医事) 連絡先:042-561-1221(内線432) 14.費用について 細胞の提供に際して費用は発生しません。 治療の提供に際しては、本治療は公的保険の対象ではありませんので、当院所定の施術料として330,000 円(税込)をお支払いいただきます。 ※患者様の症状、その他の事情等により治療費が変動する場合があります。 なお、細胞の採取後や加工後に同意を撤回された場合など、同意を撤回される時点までに費用が発生している 場合は、発生した費用については患者様にご負担いただきますのでご了承ください。 15.他の治療法の有無、本治療法との比較につ",no price found after rescue text/OCR pass,Rescue completed; OCR page timeouts=0
V41_01C2509004,01C2509004,B,V41FDDE4772218,関東,東京都,白山リハビリ整形外科,文京区白山１丁目３３－１８　白山NTビル4階,第三種,自家多血小板血漿（PRP）を用いた筋腱付着部およびスポーツ傷害（筋・腱・靭帯）の治療,PRP,AUTO,1.0,https://saiseiiryo.mhlw.go.jp/published_plan/download/01C2509004/5/0,50000,税込,1回,,,7,,"り 8 . 治療にかかる費用について この治療は、健康保険がご使用できない自由診療のため、患者様の費用負担が他の治療よりも高 額になることがあります。当院において実施される本治療および本治療に必要な検査などの費用 は全額自己負担となります。 血液分離専用容器キットによる施術料 50,000 円(税込55,000 円) ※ 患者様の症状により治療を数回行うことがあります。治療前または治療後の状態から担当医師 が判断し、患者様にお伝えしご相談させて頂きます。 ※ 治療内容・回数により1回あたりの費用が減額される場合がございます。施術する前に詳細な 説明をいたしますので、ご納得いただいた上で治療をお受けいただけますようお願",,
V41_01C2509004,01C2509004,B,V41FDDE4772218,関東,東京都,白山リハビリ整形外科,文京区白山１丁目３３－１８　白山NTビル4階,第三種,自家多血小板血漿（PRP）を用いた筋腱付着部およびスポーツ傷害（筋・腱・靭帯）の治療,PRP,AUTO,1.0,https://saiseiiryo.mhlw.go.jp/published_plan/download/01C2509004/5/0,55000,税込,1回,,,7,,"療にかかる費用について この治療は、健康保険がご使用できない自由診療のため、患者様の費用負担が他の治療よりも高 額になることがあります。当院において実施される本治療および本治療に必要な検査などの費用 は全額自己負担となります。 血液分離専用容器キットによる施術料 50,000 円(税込55,000 円) ※ 患者様の症状により治療を数回行うことがあります。治療前または治療後の状態から担当医師 が判断し、患者様にお伝えしご相談させて頂きます。 ※ 治療内容・回数により1回あたりの費用が減額される場合がございます。施術する前に詳細な 説明をいたしますので、ご納得いただいた上で治療をお受けいただけますようお願い申し上げ ます。",,
V41_01C2509004,01C2509004,B,V41FDDE4772218,関東,東京都,白山リハビリ整形外科,文京区白山１丁目３３－１８　白山NTビル4階,第三種,自家多血小板血漿（PRP）を用いた筋腱付着部およびスポーツ傷害（筋・腱・靭帯）の治療,PRP,AUTO,1.0,https://saiseiiryo.mhlw.go.jp/published_plan/download/01C2509004/5/0,35000,不明,,,,-3,,"切不利益を受けることはありません。 また同様に、治療を受けることに同意した場合であっても、投与までの間でしたら、いつでも取 りやめることができます。この場合でも、一切不利益を受けません。 (キャンセル料はご負担いただきます:ご予約の2 日前までキャンセル料は無料です。 採血後のキャンセル料は、35,000 円を頂きます。採血後のキャンセル料については、消耗品費用 等を加算させて頂きます。)) もしこの治療を受けることに同意されない場合も、最適と考えられる治療を実施できるように患 者様の治療に最善を尽くします。 ただし、治療を行った後は、健康管理・アフターフォローのために必要に応じて適切な検査を受 けていただき、医学的に問題がないかを確認さ",,
V41_01C2508064,01C2508064,C,V41FBE6EB4AF98,関東,東京都,白金高輪やまと整形外科,港区三田5-12-7 プラウドフラット白金高輪 1階,第二種,自家多血小板血漿（Platelet-Rich Plasma：PRP）を用いた慢性関節炎の治療（関節内組織）,PRP,QC,1.0,https://saiseiiryo.mhlw.go.jp/published_plan/download/01C2508064/5/0,,,,,,,,,no price found after rescue text/OCR pass,Rescue completed; OCR page timeouts=0
V41_01C2508067,01C2508067,D,V41FBE6EB4AF98,関東,東京都,白金高輪やまと整形外科,港区三田5-12-7 プラウドフラット白金高輪 1階,第三種,自家多血小板血漿（Platelet-Rich Plasma：PRP）を用いた筋肉、腱、靭帯、筋膜の損傷及び慢性炎症の治療（関節外の軟部組織）,PRP,AUTO,1.0,https://saiseiiryo.mhlw.go.jp/published_plan/download/01C2508067/5/0,55000,税別,,ACP MAX|ACP,Arthrex,8,,"します。 なお、医師によるカウンセリングを受け、同意書にご署名いただきましたら、予約金として治療費用を事前 にお支払いいただきます。 ご不明な点がございましたら、どうぞご遠慮なく医師までご相談ください。 治療の種類 平均的な血小板注入量 費用(税別) ACP-PRP 20 億個 55000 円 HD-PRP(ACP MAX の場合) 90 億個 190,000 円 また、ACP-PRP は効果を高めるため、2 倍量1 度に投与することが可能です。 その場合の費用は以下の通りです。 治療の種類 平均的な血小板注入量 費用(税別) ACP-PRP ダブルショット 40 億個 100,000 円",,
V41_01C2508067,01C2508067,D,V41FBE6EB4AF98,関東,東京都,白金高輪やまと整形外科,港区三田5-12-7 プラウドフラット白金高輪 1階,第三種,自家多血小板血漿（Platelet-Rich Plasma：PRP）を用いた筋肉、腱、靭帯、筋膜の損傷及び慢性炎症の治療（関節外の軟部組織）,PRP,AUTO,1.0,https://saiseiiryo.mhlw.go.jp/published_plan/download/01C2508067/5/0,100000,税別,,ACP MAX|ACP,Arthrex,0,,"P(ACP MAX の場合) 90 億個 190,000 円 また、ACP-PRP は効果を高めるため、2 倍量1 度に投与することが可能です。 その場合の費用は以下の通りです。 治療の種類 平均的な血小板注入量 費用(税別) ACP-PRP ダブルショット 40 億個 100,000 円 2. キャンセルポリシーについて 治療に関するご同意は、患者様の自由意思に基づき、いつでも撤回することが可能です。 ただし、治療予定日の7 日前以降に同意を撤回された場合など、同意撤回までに既に費用が発生して いる場合には、実施済みの処置等にかかる実費をご負担いただきますことを、あらかじめご了承くだ さい。 なお、特に採",,
V41_01C2508067,01C2508067,D,V41FBE6EB4AF98,関東,東京都,白金高輪やまと整形外科,港区三田5-12-7 プラウドフラット白金高輪 1階,第三種,自家多血小板血漿（Platelet-Rich Plasma：PRP）を用いた筋肉、腱、靭帯、筋膜の損傷及び慢性炎症の治療（関節外の軟部組織）,PRP,AUTO,1.0,https://saiseiiryo.mhlw.go.jp/published_plan/download/01C2508067/5/0,190000,税別,,ACP MAX|ACP,Arthrex,0,,"したら、予約金として治療費用を事前 にお支払いいただきます。 ご不明な点がございましたら、どうぞご遠慮なく医師までご相談ください。 治療の種類 平均的な血小板注入量 費用(税別) ACP-PRP 20 億個 55000 円 HD-PRP(ACP MAX の場合) 90 億個 190,000 円 また、ACP-PRP は効果を高めるため、2 倍量1 度に投与することが可能です。 その場合の費用は以下の通りです。 治療の種類 平均的な血小板注入量 費用(税別) ACP-PRP ダブルショット 40 億個 100,000 円 2. キャンセルポリシーについて 治療に関するご同意は、患者様の自由意思",,
V41_01C2603053,01C2603053,B,V41F248C23888A,関東,東京都,目黒ひざ＆形成外科クリニック,品川区上大崎二丁目13番26号 メイプルトップビル6F,第三種,自己多血小板血漿（PRP）を用いた整形外科領域における軟部組織治療,PRP,AUTO,1.0,https://saiseiiryo.mhlw.go.jp/published_plan/download/01C2603053/5/0,50000,税別,1回,ACP|GPS,Arthrex|Zimmer Biomet,9,,"誘発・骨粗鬆症の増悪・薬剤離脱困難等が生じてし まう可能性があります。 治療にかかる費用について この治療は公的保険の対象ではありませんので、当施設にて施術料をお支払いいただきます。 ・PRP 療法 使用キット 治療提供価格(税別) ACP ダブルシリンジシステム(1回) 50,000 円 ACPMAX PRP システム(1回) 180,000 円 GPSIIIシステム(1 回) 120,000 円 ※患者さまの症状により施術料が変わる場合は別途、ご説明いたします。 その他治療についての注意事項 患者さまの体調が良くない場合や、採取",,
V41_01C2603053,01C2603053,B,V41F248C23888A,関東,東京都,目黒ひざ＆形成外科クリニック,品川区上大崎二丁目13番26号 メイプルトップビル6F,第三種,自己多血小板血漿（PRP）を用いた整形外科領域における軟部組織治療,PRP,AUTO,1.0,https://saiseiiryo.mhlw.go.jp/published_plan/download/01C2603053/5/0,120000,税別,1回,ACP|GPS,Arthrex|Zimmer Biomet,9,,"ではありませんので、当施設にて施術料をお支払いいただきます。 ・PRP 療法 使用キット 治療提供価格(税別) ACP ダブルシリンジシステム(1回) 50,000 円 ACPMAX PRP システム(1回) 180,000 円 GPSIIIシステム(1 回) 120,000 円 ※患者さまの症状により施術料が変わる場合は別途、ご説明いたします。 その他治療についての注意事項 患者さまの体調が良くない場合や、採取した血液の状態によっては、PRP を分離できないこ とがあります。 その際には、再度採血をさせていただく場合があります。 自己多血",,
V41_01C2603053,01C2603053,B,V41F248C23888A,関東,東京都,目黒ひざ＆形成外科クリニック,品川区上大崎二丁目13番26号 メイプルトップビル6F,第三種,自己多血小板血漿（PRP）を用いた整形外科領域における軟部組織治療,PRP,AUTO,1.0,https://saiseiiryo.mhlw.go.jp/published_plan/download/01C2603053/5/0,180000,税別,1回,ACP|GPS,Arthrex|Zimmer Biomet,9,,"ります。 治療にかかる費用について この治療は公的保険の対象ではありませんので、当施設にて施術料をお支払いいただきます。 ・PRP 療法 使用キット 治療提供価格(税別) ACP ダブルシリンジシステム(1回) 50,000 円 ACPMAX PRP システム(1回) 180,000 円 GPSIIIシステム(1 回) 120,000 円 ※患者さまの症状により施術料が変わる場合は別途、ご説明いたします。 その他治療についての注意事項 患者さまの体調が良くない場合や、採取した血液の状態によっては、PRP を分離できないこ とがあります",,
V41_01C2603059,01C2603059,A,V41F248C23888A,関東,東京都,目黒ひざ＆形成外科クリニック,品川区上大崎二丁目13番26号 メイプルトップビル6F,第二種,自己多血小板血漿（PRP）の投与による変形性関節症の治療,PRP,AUTO,1.0,https://saiseiiryo.mhlw.go.jp/published_plan/download/01C2603059/5/0,50000,税別,1回,ACP|APS|GPS,Arthrex|Zimmer Biomet,9,,"る費用について この治療は公的保険の対象ではありませんので、当院にて実施する治療、治療に必要な検査、 治療の経過観察などの費用は全額自己負担となります。 使用キット 治療提供価格(税別) ACP ダブルシリンジシステム(1回) 50,000 円 ACPMAX PRP システム(1回) 180,000 円 GPSIIIシステム(1 回) 120,000 円 APS キット〔濃縮PRP〕(1回) 300,000 円 その他治療についての注意事項 患者さまの体調が良くない場合や、採取した血",,
V41_01C2603059,01C2603059,A,V41F248C23888A,関東,東京都,目黒ひざ＆形成外科クリニック,品川区上大崎二丁目13番26号 メイプルトップビル6F,第二種,自己多血小板血漿（PRP）の投与による変形性関節症の治療,PRP,AUTO,1.0,https://saiseiiryo.mhlw.go.jp/published_plan/download/01C2603059/5/0,120000,税別,1回,ACP|APS|GPS,Arthrex|Zimmer Biomet,9,,"る治療、治療に必要な検査、 治療の経過観察などの費用は全額自己負担となります。 使用キット 治療提供価格(税別) ACP ダブルシリンジシステム(1回) 50,000 円 ACPMAX PRP システム(1回) 180,000 円 GPSIIIシステム(1 回) 120,000 円 APS キット〔濃縮PRP〕(1回) 300,000 円 その他治療についての注意事項 患者さまの体調が良くない場合や、採取した血液の状態によっては、PRP を分離できないこと があります。その際には、再度採血をさせていただく場合があります。その場合、追加費用は 発",,
V41_01C2603059,01C2603059,A,V41F248C23888A,関東,東京都,目黒ひざ＆形成外科クリニック,品川区上大崎二丁目13番26号 メイプルトップビル6F,第二種,自己多血小板血漿（PRP）の投与による変形性関節症の治療,PRP,AUTO,1.0,https://saiseiiryo.mhlw.go.jp/published_plan/download/01C2603059/5/0,180000,税別,1回,ACP|APS|GPS,Arthrex|Zimmer Biomet,9,,"この治療は公的保険の対象ではありませんので、当院にて実施する治療、治療に必要な検査、 治療の経過観察などの費用は全額自己負担となります。 使用キット 治療提供価格(税別) ACP ダブルシリンジシステム(1回) 50,000 円 ACPMAX PRP システム(1回) 180,000 円 GPSIIIシステム(1 回) 120,000 円 APS キット〔濃縮PRP〕(1回) 300,000 円 その他治療についての注意事項 患者さまの体調が良くない場合や、採取した血液の状態によっては、PRP を分離できないこと があります。その",,
V41_01C2603059,01C2603059,A,V41F248C23888A,関東,東京都,目黒ひざ＆形成外科クリニック,品川区上大崎二丁目13番26号 メイプルトップビル6F,第二種,自己多血小板血漿（PRP）の投与による変形性関節症の治療,PRP,AUTO,1.0,https://saiseiiryo.mhlw.go.jp/published_plan/download/01C2603059/5/0,300000,税別,1回,ACP|APS|GPS,Arthrex|Zimmer Biomet,9,,"己負担となります。 使用キット 治療提供価格(税別) ACP ダブルシリンジシステム(1回) 50,000 円 ACPMAX PRP システム(1回) 180,000 円 GPSIIIシステム(1 回) 120,000 円 APS キット〔濃縮PRP〕(1回) 300,000 円 その他治療についての注意事項 患者さまの体調が良くない場合や、採取した血液の状態によっては、PRP を分離できないこと があります。その際には、再度採血をさせていただく場合があります。その場合、追加費用は 発生いたしません。 また、本治療に使用する機器は定期的にメンテ",,
V41_02C2602063,02C2602063,C,V41F56E6FAB465,関東,東京都,社会医療法人財団　仁医会　牧田総合病院,大田区西蒲田8丁目20番1号,第三種,多血小板血漿(Platelet-rich plasma :PRP)を用いた整形外科領域における軟部組織修復治療,PRP,AUTO,1.0,https://saiseiiryo.mhlw.go.jp/published_plan/download/02C2602063/5/0,150000,税別,,APS|GPS,Zimmer Biomet,8,,"結果や 経過・治療部位の写真などを公表する可能性がありますが、規程に基づき患者様個人を特定できる内容 が使われることはありません。 16)治療にかかる費用について この治療は公的保険の対象ではありませんので、当院の所定の施術料をお支払いいただきます。 ジンマーバイオメット社製 GPSIIIシステム 150,000円(税抜) APSキット 300,000円(税抜) ご不明な点は医師・スタッフまでお気軽にお尋ねください。施術後、患者様の個人的な事情及び金銭等 に関する問題に関しては一切の責任を負いかねますのでご了承ください。 17)治療に関する問合せ先 本治療に関して、治療後の不安、疾病等の相談などがございましたら担当医師",,
V41_02C2602063,02C2602063,C,V41F56E6FAB465,関東,東京都,社会医療法人財団　仁医会　牧田総合病院,大田区西蒲田8丁目20番1号,第三種,多血小板血漿(Platelet-rich plasma :PRP)を用いた整形外科領域における軟部組織修復治療,PRP,AUTO,1.0,https://saiseiiryo.mhlw.go.jp/published_plan/download/02C2602063/5/0,300000,税別,,APS|GPS,Zimmer Biomet,8,,"づき患者様個人を特定できる内容 が使われることはありません。 16)治療にかかる費用について この治療は公的保険の対象ではありませんので、当院の所定の施術料をお支払いいただきます。 ジンマーバイオメット社製 GPSIIIシステム 150,000円(税抜) APSキット 300,000円(税抜) ご不明な点は医師・スタッフまでお気軽にお尋ねください。施術後、患者様の個人的な事情及び金銭等 に関する問題に関しては一切の責任を負いかねますのでご了承ください。 17)治療に関する問合せ先 本治療に関して、治療後の不安、疾病等の相談などがございましたら担当医師または以下窓口までお気 軽にご連絡ください。 ・問い合わせ先:整形外科",,
V41_02C1909198,02C1909198,D,V41F3DE4512B69,関東,東京都,"社会福祉法人　みどり福祉会
B&Jクリニック　お茶の水","千代田区神田駿河台2-1-47
廣瀬お茶の水ビル5F",第三種,自家多血小板血漿（PRP）を用いた筋腱付着部炎、筋腱炎、靭帯損傷（関節外に限る）治療,PRP,QC,1.0,https://saiseiiryo.mhlw.go.jp/published_plan/download/02C1909198/5/0,,,,,,,,,no price found after text/OCR pass,Document fetched but no price candidate
V41_03C2502007,03C2502007,A,V41F60936AA2A5,関東,東京都,社会福祉法人同愛記念病院財団 同愛記念病院,墨田区横網二丁目1番11号,第三種,自家多血小板血漿（Platelet-rich plasma：PRP）を用いた筋肉、腱、靭帯、筋膜の損傷及び慢性炎症の治療（関節外の軟部組織）,PRP,AUTO,1.0,https://saiseiiryo.mhlw.go.jp/published_plan/download/03C2502007/5/0,30000,税別,2 回分,,,9,,使用することはできません。 (2) 本治療にかかる費用は、以下のとおりです。なお、費用は、治療に伴う診査、 PRP 作製のための採血にかかる費用、PRP 作製費用、注入にかかる費用の 総額となります。左右両側に投与する場合は、2 回分です。 PRP 療法1回(1 部位) 3万円(消費税別) 11. 試料等の保存及び廃棄の方法 患者様から採取した血液と作製したPRP は、患者様ご自身の治療のみに 使用します。ただし、症例検討や学会発表を目的として、血液やPRP の測 定を行い、データを取得することがあります。 血液およびPRP は微量で全量を使用するため、保管はしません。治療に 用いない血液ま,,
V41_03C2506013,03C2506013,B,V41F1EB132AD11,関東,東京都,社会福祉法人賛育会　賛育会病院,墨田区太平3-20-2,第三種,自己多血小板血漿（PRP)を用いた、運動器組織再生療法（主に筋・腱・靱帯）,PRP,AUTO,1.0,https://saiseiiryo.mhlw.go.jp/published_plan/download/03C2506013/5/0,55000,税込,,,,10,1,"る場合があります。 □ 本治療にかかる費用は以下の通りです。 PRP 1ml/採血量 約10ml =55,000円(消費税込) □ 細胞提供者と受領者(施術対象者)は同一人のため、細胞提供者 の選択は行いません。",line-level strong price context,
V41_03C2310002,03C2310002,C,V41FE74C8C1F4B,関東,東京都,祐天寺整形外科クリニック,"目黒区祐天寺2-8-16
祐天寺K･I･Tビル2階",第三種,多血小板血漿(PRP)の投与によるスポーツ外傷を含む筋、腱、靱帯損傷治療,PRP,AUTO,1.0,https://saiseiiryo.mhlw.go.jp/published_plan/download/03C2310002/5/0,100000,税別,1回,,,9,,"opathy. Vol. 39, No. 6, 2011よ り 10. 治療にかかる費用につい て この治療は公的保険の対象ではありませんので、当病院所定の下記 の施術料をお支払いいただきます。 ・PRPを用いた治療における施術料 100,000円(税別) ご不明な点は医師・スタッフにお尋ねください。なお1回の施術あ たりの費用は、患部の状態を確認した医師の判断、およびそれに応 じたPRP投与量等により変更となる場合がございます。 11. その他治療についての注意事 項 患者様の体調が良くない場合や、採取した血液の",,
V41_02C1910144,02C1910144,D,V41F12A10DD8E3,関東,東京都,神谷整形外科・眼科,世田谷区弦巻1-35-20,第三種,自己多血小板血漿(PRP)を用いた整形療法,PRP,AUTO,1.0,https://saiseiiryo.mhlw.go.jp/published_plan/download/02C1910144/5/0,20000,税別,,,,8,,":多血小板血 漿)注入療法 注入部位: □右 □左 ( ) 治療日: 平成 年 月 日 採血量: □ 10cc □ 20cc 注入量: □ 1単位(1cc) □ 2単位(2cc) 治療費用: □ 1単位(20,000円) □ 2単位(40,000円) *診察料、採血・PRP作製・材料費、注射施術料込み (税別) 私は自己PRP注入療法について、利点や安全性、危険性、治療効 果などについて別紙に沿って十分な説明を受け、理解しました。 自身の静脈血を採取して作製した自己PRP注入療法を受けることに 同意します。 平成 年 月 日",,
V41_02C1910144,02C1910144,D,V41F12A10DD8E3,関東,東京都,神谷整形外科・眼科,世田谷区弦巻1-35-20,第三種,自己多血小板血漿(PRP)を用いた整形療法,PRP,AUTO,1.0,https://saiseiiryo.mhlw.go.jp/published_plan/download/02C1910144/5/0,40000,税別,,,,8,,"注入部位: □右 □左 ( ) 治療日: 平成 年 月 日 採血量: □ 10cc □ 20cc 注入量: □ 1単位(1cc) □ 2単位(2cc) 治療費用: □ 1単位(20,000円) □ 2単位(40,000円) *診察料、採血・PRP作製・材料費、注射施術料込み (税別) 私は自己PRP注入療法について、利点や安全性、危険性、治療効 果などについて別紙に沿って十分な説明を受け、理解しました。 自身の静脈血を採取して作製した自己PRP注入療法を受けることに 同意します。 平成 年 月 日 本人氏 名",,
V41_02C2111033,02C2111033,A,V41F3924FB92E4,関東,東京都,羽田内科医院,世田谷区豪徳寺1-46-20　鈴和ビル１F,第三種,自己多血小板血漿(PRP)を用いた筋・腱・靭帯損傷などに対するPRPの経皮的投与,PRP,AUTO,1.0,https://saiseiiryo.mhlw.go.jp/published_plan/download/02C2111033/5/0,15000,不明,,,,14,1,□その他、予期せぬ副反応や合併症が発生した場合には、その都度 必要な措置を講じます。 □治療費は PRP 1mlあたり 15000円(別途消費税) □PRPの保管及び移動を行うことはありません。 □PRP作製における材料(血液)及び資材は医療廃棄物として処理,rescue strong price context,
V41_01C2507072,01C2507072,B,V41FD6AD97A0C5,関東,東京都,葛西駅前あおぞら整形外科クリニック,江戸川区中葛西5-42-8 須三ビル4,第三種,多血小板血漿を用いた関節炎治療（第３種再生医療）,PRP,AUTO,1.0,https://saiseiiryo.mhlw.go.jp/published_plan/download/01C2507072/5/0,55000,不明,,,,13,9,"PRP 関節投与料金: ・治療前診断料 11,000 円 ・PRP 療法実施費用 55,000 円 *キャンセル規定について ・治療当日の診察前",line-level strong price context,
V41_01C2407094,01C2407094,B,V41F625D929027,関東,東京都,表参道総合医療クリニック,渋谷区神宮前5丁目46-16 イル・チェントロ・セレーノ1階,第二種,自己脂肪由来幹細胞を用いた頚椎症・腰椎症の治療,脂肪由来幹細胞,QC,1.0,https://saiseiiryo.mhlw.go.jp/published_plan/download/01C2407094/5/0,,,,,,,,,no price found after text/OCR pass,Document fetched but no price candidate
V41_01C2504035,01C2504035,D,V41FB6FEEF9F1C,関東,東京都,表参道総合医療クリニック,渋谷区神宮前前5丁目46-16 イル・チェントロ・セレーノ1階,第二種,自家多血小板血漿（Platelet-rich plasma：PRP）を用いた脊椎由来疼痛の治療,PRP,QC,1.0,https://saiseiiryo.mhlw.go.jp/published_plan/download/01C2504035/5/0,,,,,,,,,no price found after text/OCR pass,Document fetched but no price candidate
V41_01C2506021,01C2506021,C,V41FB6FEEF9F1C,関東,東京都,表参道総合医療クリニック,"渋谷区神宮前前5丁目46-16 
イル・チェントロ・セレーノ1階",第二種,自家多血小板血漿（Platelet-Rich Plasma：PRP）を用いた慢性関節炎の治療（関節内組織）,PRP,QC,1.0,https://saiseiiryo.mhlw.go.jp/published_plan/download/01C2506021/5/0,,,,,,,,,no price found after rescue text/OCR pass,Rescue completed; OCR page timeouts=0
V41_01C2506023,01C2506023,A,V41F625D929027,関東,東京都,表参道総合医療クリニック,渋谷区神宮前5丁目46-16 イル・チェントロ・セレーノ1階,第二種,自己脂肪由来幹細胞を用いた関節疾患の治療,脂肪由来幹細胞,QC,1.0,https://saiseiiryo.mhlw.go.jp/published_plan/download/01C2506023/5/0,,,,,,,,,no price found after rescue text/OCR pass,Rescue completed; OCR page timeouts=0
V41_03C2410026,03C2410026,C,V41F31B1A16797,関東,東京都,西新宿整形外科クリニック,"新宿区西新宿7-21-3
西新宿大京ビル7F",第二種,多血小板血漿（PRP）の投与による変形性関節症治療,PRP,AUTO,1.0,https://saiseiiryo.mhlw.go.jp/published_plan/download/03C2410026/5/0,50000,不明,6回,APS|GPS|MyCells,Zimmer Biomet|MyCells系,8,,"理された安全性の高いものだが、アレルギー反応などの可能 性を完全には否定できない 10. 治療にかかる費用について この治療は公的保険の対象ではありませんので、当クリニックの所 定の施術料をお支払いいただきます。 【単回投与コース】 ・PRPを用いた治療における施術料(MyCells®キット使用) 50,000 円 ・PRPを用いた治療における施術料(GPSIIIキット使用) 150,000円 ・PRPを用いた治療における施術料(遠沈管での製造) 170,000円 ・濃縮PRPを用いた治療(APSキット使用)における施術料 400,000円 【6回投与コース】 全6回の投与を行う場合の施術料は以下の通りです(遠沈管の み)。投与間隔は医師の判断に",,
V41_03C2410026,03C2410026,C,V41F31B1A16797,関東,東京都,西新宿整形外科クリニック,"新宿区西新宿7-21-3
西新宿大京ビル7F",第二種,多血小板血漿（PRP）の投与による変形性関節症治療,PRP,AUTO,1.0,https://saiseiiryo.mhlw.go.jp/published_plan/download/03C2410026/5/0,150000,不明,6回,APS|GPS|MyCells,Zimmer Biomet|MyCells系,8,,"10. 治療にかかる費用について この治療は公的保険の対象ではありませんので、当クリニックの所 定の施術料をお支払いいただきます。 【単回投与コース】 ・PRPを用いた治療における施術料(MyCells®キット使用) 50,000 円 ・PRPを用いた治療における施術料(GPSIIIキット使用) 150,000円 ・PRPを用いた治療における施術料(遠沈管での製造) 170,000円 ・濃縮PRPを用いた治療(APSキット使用)における施術料 400,000円 【6回投与コース】 全6回の投与を行う場合の施術料は以下の通りです(遠沈管の み)。投与間隔は医師の判断により決定いたします。 ・PRPを用いた治療(6回投与)における施術料(遠沈管での",,
V41_03C2410026,03C2410026,C,V41F31B1A16797,関東,東京都,西新宿整形外科クリニック,"新宿区西新宿7-21-3
西新宿大京ビル7F",第二種,多血小板血漿（PRP）の投与による変形性関節症治療,PRP,AUTO,1.0,https://saiseiiryo.mhlw.go.jp/published_plan/download/03C2410026/5/0,170000,不明,6回,APS|GPS|MyCells,Zimmer Biomet|MyCells系,8,,"んので、当クリニックの所 定の施術料をお支払いいただきます。 【単回投与コース】 ・PRPを用いた治療における施術料(MyCells®キット使用) 50,000 円 ・PRPを用いた治療における施術料(GPSIIIキット使用) 150,000円 ・PRPを用いた治療における施術料(遠沈管での製造) 170,000円 ・濃縮PRPを用いた治療(APSキット使用)における施術料 400,000円 【6回投与コース】 全6回の投与を行う場合の施術料は以下の通りです(遠沈管の み)。投与間隔は医師の判断により決定いたします。 ・PRPを用いた治療(6回投与)における施術料(遠沈管での製 造) 750,000円 ご不明な点は医師・スタッフにお尋ねください",,
V41_03C2410026,03C2410026,C,V41F31B1A16797,関東,東京都,西新宿整形外科クリニック,"新宿区西新宿7-21-3
西新宿大京ビル7F",第二種,多血小板血漿（PRP）の投与による変形性関節症治療,PRP,AUTO,1.0,https://saiseiiryo.mhlw.go.jp/published_plan/download/03C2410026/5/0,400000,不明,6回,APS|GPS|MyCells,Zimmer Biomet|MyCells系,8,,"】 ・PRPを用いた治療における施術料(MyCells®キット使用) 50,000 円 ・PRPを用いた治療における施術料(GPSIIIキット使用) 150,000円 ・PRPを用いた治療における施術料(遠沈管での製造) 170,000円 ・濃縮PRPを用いた治療(APSキット使用)における施術料 400,000円 【6回投与コース】 全6回の投与を行う場合の施術料は以下の通りです(遠沈管の み)。投与間隔は医師の判断により決定いたします。 ・PRPを用いた治療(6回投与)における施術料(遠沈管での製 造) 750,000円 ご不明な点は医師・スタッフにお尋ねください。なお1回の施術あ たりの費用は、患部の状態を確認した医師の判断、PRPの遠心",,
V41_03C2410026,03C2410026,C,V41F31B1A16797,関東,東京都,西新宿整形外科クリニック,"新宿区西新宿7-21-3
西新宿大京ビル7F",第二種,多血小板血漿（PRP）の投与による変形性関節症治療,PRP,AUTO,1.0,https://saiseiiryo.mhlw.go.jp/published_plan/download/03C2410026/5/0,750000,不明,6回,APS,Zimmer Biomet,0,,") 170,000円 ・濃縮PRPを用いた治療(APSキット使用)における施術料 400,000円 【6回投与コース】 全6回の投与を行う場合の施術料は以下の通りです(遠沈管の み)。投与間隔は医師の判断により決定いたします。 ・PRPを用いた治療(6回投与)における施術料(遠沈管での製 造) 750,000円 ご不明な点は医師・スタッフにお尋ねください。なお1回の施術あ たりの費用は、患部の状態を確認した医師の判断、PRPの遠心回数 等により変更となる場合がございます。 本治療をとりやめた場合には、以下の通り施術料の全額または一部 を返金いたします。 ・採血前に治療をとりやめた場合、施術料を全額返金いたします。 ・採血後から投与までの間に治療",,
V41_01C2406033,01C2406033,D,V41F3E8A4A7E12,関東,東京都,豪徳寺整形外科クリニック,世田谷区豪徳寺2丁目31-8ハイム和泉102,第二種,自家多血小板血漿（Platelet-rich plasma：PRP）を用いた慢性関節炎の治療（関節内組織）,PRP,QC,1.0,https://saiseiiryo.mhlw.go.jp/published_plan/download/01C2406033/5/0,,,,,,,,,no price found after text/OCR pass,RuntimeError: Tesseract process timeout
V41_01C2512048,01C2512048,B,V41F36AAFD6103,関東,東京都,運動器クリニック市ヶ谷,千代田区五番町2番地9 ESCALIER五番町 １階,第三種,自己多血小板血漿（PRP）を用いた整形外科領域における軟部組織治療,PRP,AUTO,1.0,https://saiseiiryo.mhlw.go.jp/published_plan/download/01C2512048/5/0,80000,税別,1部位,GPS,Zimmer Biomet,9,,"における軟部組織治療に関する 説明文・同意文書 5 治療にかかる費用について この治療は公的保険の対象ではありませんので、当施設にて施術料をお支払いいただきます。 ・PRP 療法 使用キット 治療提供価格 GPSIIIシステム 1部位 120,000 円(学生の方:80,000 円)(税別) ※患者さまの症状により施術料が変わる場合は別途、ご説明いたします。 その他治療についての注意事項 患者さまの体調が良くない場合や、採取した血液の状態によっては、PRP を分離できないこ とがあります。 その際には、再度採血をさせていただく場合があります。",,
V41_01C2512048,01C2512048,B,V41F36AAFD6103,関東,東京都,運動器クリニック市ヶ谷,千代田区五番町2番地9 ESCALIER五番町 １階,第三種,自己多血小板血漿（PRP）を用いた整形外科領域における軟部組織治療,PRP,AUTO,1.0,https://saiseiiryo.mhlw.go.jp/published_plan/download/01C2512048/5/0,120000,税別,1部位,GPS,Zimmer Biomet,9,,"(PRP)を用いた整形外科領域における軟部組織治療に関する 説明文・同意文書 5 治療にかかる費用について この治療は公的保険の対象ではありませんので、当施設にて施術料をお支払いいただきます。 ・PRP 療法 使用キット 治療提供価格 GPSIIIシステム 1部位 120,000 円(学生の方:80,000 円)(税別) ※患者さまの症状により施術料が変わる場合は別途、ご説明いたします。 その他治療についての注意事項 患者さまの体調が良くない場合や、採取した血液の状態によっては、PRP を分離できないこ とがあります。 その際には、再度採血をさせて",,
V41_01C2601001,01C2601001,A,V41F36AAFD6103,関東,東京都,運動器クリニック市ヶ谷,千代田区五番町2番地9 ESCALIER五番町 1階,第二種,自己多血小板血漿(PRP)の投与による変形性関節症の疼痛緩和を目的とした治療,PRP,AUTO,1.0,https://saiseiiryo.mhlw.go.jp/published_plan/download/01C2601001/5/0,80000,税別,1部位,APS|GPS,Zimmer Biomet,9,,"この治療は公的保険の対象ではありませんので、当院にて実施する治療、治療に必要な検査、 治療の経過観察などの費用は全額自己負担となります。 (税別) 使用キット 治療費用 GPSIIIシステム 1部位 120,000 円(学生※1・アスリートの方※2:80,000 円) APS キット 1部位 300,000 円(学生※1・アスリートの方※2:240,000 円) ※1 大学生・大学院生で、アルバイト以外の収入のない方 ※2 全国レベル以上の競技会などに参加している方 その他治療についての注意事項 患者さまの体調が良くない場",,
V41_01C2601001,01C2601001,A,V41F36AAFD6103,関東,東京都,運動器クリニック市ヶ谷,千代田区五番町2番地9 ESCALIER五番町 1階,第二種,自己多血小板血漿(PRP)の投与による変形性関節症の疼痛緩和を目的とした治療,PRP,AUTO,1.0,https://saiseiiryo.mhlw.go.jp/published_plan/download/01C2601001/5/0,120000,税別,1部位,APS|GPS,Zimmer Biomet,9,,"治療にかかる費用について この治療は公的保険の対象ではありませんので、当院にて実施する治療、治療に必要な検査、 治療の経過観察などの費用は全額自己負担となります。 (税別) 使用キット 治療費用 GPSIIIシステム 1部位 120,000 円(学生※1・アスリートの方※2:80,000 円) APS キット 1部位 300,000 円(学生※1・アスリートの方※2:240,000 円) ※1 大学生・大学院生で、アルバイト以外の収入のない方 ※2 全国レベル以上の競技会などに参加している方 その他治療についての注意事項",,
V41_01C2601001,01C2601001,A,V41F36AAFD6103,関東,東京都,運動器クリニック市ヶ谷,千代田区五番町2番地9 ESCALIER五番町 1階,第二種,自己多血小板血漿(PRP)の投与による変形性関節症の疼痛緩和を目的とした治療,PRP,AUTO,1.0,https://saiseiiryo.mhlw.go.jp/published_plan/download/01C2601001/5/0,240000,税別,1部位,APS|GPS,Zimmer Biomet,9,,"、治療に必要な検査、 治療の経過観察などの費用は全額自己負担となります。 (税別) 使用キット 治療費用 GPSIIIシステム 1部位 120,000 円(学生※1・アスリートの方※2:80,000 円) APS キット 1部位 300,000 円(学生※1・アスリートの方※2:240,000 円) ※1 大学生・大学院生で、アルバイト以外の収入のない方 ※2 全国レベル以上の競技会などに参加している方 その他治療についての注意事項 患者さまの体調が良くない場合や、採取した血液の状態によっては、PRP を分離できないこと があります。その際には、再度採血をさせ",,
V41_01C2601001,01C2601001,A,V41F36AAFD6103,関東,東京都,運動器クリニック市ヶ谷,千代田区五番町2番地9 ESCALIER五番町 1階,第二種,自己多血小板血漿(PRP)の投与による変形性関節症の疼痛緩和を目的とした治療,PRP,AUTO,1.0,https://saiseiiryo.mhlw.go.jp/published_plan/download/01C2601001/5/0,300000,税別,1部位,APS|GPS,Zimmer Biomet,9,,"保険の対象ではありませんので、当院にて実施する治療、治療に必要な検査、 治療の経過観察などの費用は全額自己負担となります。 (税別) 使用キット 治療費用 GPSIIIシステム 1部位 120,000 円(学生※1・アスリートの方※2:80,000 円) APS キット 1部位 300,000 円(学生※1・アスリートの方※2:240,000 円) ※1 大学生・大学院生で、アルバイト以外の収入のない方 ※2 全国レベル以上の競技会などに参加している方 その他治療についての注意事項 患者さまの体調が良くない場合や、採取した血液の状態によっては、PRP を分離で",,
V41_01C2503076,01C2503076,C,V41F5BD8EE976B,関東,東京都,都立大整形外科クリニック,"目黒区平町1丁目26-3
スミール都立大2F",第二種,⾃家多⾎⼩板⾎漿（Platelet-rich plasma：PRP）を⽤いた慢性関節炎ならびに関節内軟⾻・靭帯損傷の治療（関節内組織）,PRP,QC,1.0,https://saiseiiryo.mhlw.go.jp/published_plan/download/01C2503076/5/0,50000,税別,1 回,ACP,Arthrex,6,7,"費用(税別) ACP 1 回(1 部位) 50,000 円 ACP(学割) 1 回(1 部位) 35,000 円",rescue price candidates remain ambiguous,
V41_01C2503076,01C2503076,C,V41F5BD8EE976B,関東,東京都,都立大整形外科クリニック,"目黒区平町1丁目26-3
スミール都立大2F",第二種,⾃家多⾎⼩板⾎漿（Platelet-rich plasma：PRP）を⽤いた慢性関節炎ならびに関節内軟⾻・靭帯損傷の治療（関節内組織）,PRP,QC,1.0,https://saiseiiryo.mhlw.go.jp/published_plan/download/01C2503076/5/0,150000,不明,1 回,ACP MAX|ACP,Arthrex,5,7,"1 回(1 部位) 95,000 円 ACP MAX 1 回(1 部位) 150,000 円 (3) 採血を開始してからのキャンセルについては、キャンセル費用をいただ きます。",rescue price candidates remain ambiguous,
V41_01C2503076,01C2503076,C,V41F5BD8EE976B,関東,東京都,都立大整形外科クリニック,"目黒区平町1丁目26-3
スミール都立大2F",第二種,⾃家多⾎⼩板⾎漿（Platelet-rich plasma：PRP）を⽤いた慢性関節炎ならびに関節内軟⾻・靭帯損傷の治療（関節内組織）,PRP,QC,1.0,https://saiseiiryo.mhlw.go.jp/published_plan/download/01C2503076/5/0,35000,不明,1 回,ACP,Arthrex,2,7,"1 回(1 部位) 50,000 円 ACP(学割) 1 回(1 部位) 35,000 円 ACP ダブルショット 1 回(1 部位) 95,000 円",rescue price candidates remain ambiguous,
V41_01C2503076,01C2503076,C,V41F5BD8EE976B,関東,東京都,都立大整形外科クリニック,"目黒区平町1丁目26-3
スミール都立大2F",第二種,⾃家多⾎⼩板⾎漿（Platelet-rich plasma：PRP）を⽤いた慢性関節炎ならびに関節内軟⾻・靭帯損傷の治療（関節内組織）,PRP,QC,1.0,https://saiseiiryo.mhlw.go.jp/published_plan/download/01C2503076/5/0,95000,不明,1 回,ACP MAX|ACP,Arthrex,2,7,"1 回(1 部位) 35,000 円 ACP ダブルショット 1 回(1 部位) 95,000 円 ACP MAX 1 回(1 部位) 150,000 円",rescue price candidates remain ambiguous,
V41_01C2503077,01C2503077,D,V41F5BD8EE976B,関東,東京都,都立大整形外科クリニック,"目黒区平町1丁目26-3
スミール都立大2F",第三種,⾃家多⾎⼩板⾎漿（Platelet-rich plasma：PRP）を⽤いた筋⾁、腱、靭帯、筋膜の損傷及び慢性炎症の治療（関節外の軟部組織）,PRP,QC,1.0,https://saiseiiryo.mhlw.go.jp/published_plan/download/01C2503077/5/0,50000,税別,1 回(1 部位),ACP,Arthrex,6,7,"費用(税別) ACP 1 回(1 部位) 50,000 円 ACP(学割) 1 回(1 部位) 35,000 円",price candidates remain ambiguous,
V41_01C2503077,01C2503077,D,V41F5BD8EE976B,関東,東京都,都立大整形外科クリニック,"目黒区平町1丁目26-3
スミール都立大2F",第三種,⾃家多⾎⼩板⾎漿（Platelet-rich plasma：PRP）を⽤いた筋⾁、腱、靭帯、筋膜の損傷及び慢性炎症の治療（関節外の軟部組織）,PRP,QC,1.0,https://saiseiiryo.mhlw.go.jp/published_plan/download/01C2503077/5/0,150000,不明,1 回(1 部位),ACP MAX|ACP,Arthrex,5,7,"1 回(1 部位) 95,000 円 ACP MAX 1 回(1 部位) 150,000 円 (3) 採血を開始してからのキャンセルについては、キャンセル費用をいただ きます。",price candidates remain ambiguous,
V41_01C2503077,01C2503077,D,V41F5BD8EE976B,関東,東京都,都立大整形外科クリニック,"目黒区平町1丁目26-3
スミール都立大2F",第三種,⾃家多⾎⼩板⾎漿（Platelet-rich plasma：PRP）を⽤いた筋⾁、腱、靭帯、筋膜の損傷及び慢性炎症の治療（関節外の軟部組織）,PRP,QC,1.0,https://saiseiiryo.mhlw.go.jp/published_plan/download/01C2503077/5/0,35000,不明,1 回(1 部位),ACP,Arthrex,2,7,"1 回(1 部位) 50,000 円 ACP(学割) 1 回(1 部位) 35,000 円 ACP ダブルショット 1 回(1 部位) 95,000 円",price candidates remain ambiguous,
V41_01C2503077,01C2503077,D,V41F5BD8EE976B,関東,東京都,都立大整形外科クリニック,"目黒区平町1丁目26-3
スミール都立大2F",第三種,⾃家多⾎⼩板⾎漿（Platelet-rich plasma：PRP）を⽤いた筋⾁、腱、靭帯、筋膜の損傷及び慢性炎症の治療（関節外の軟部組織）,PRP,QC,1.0,https://saiseiiryo.mhlw.go.jp/published_plan/download/01C2503077/5/0,95000,不明,1 回(1 部位),ACP MAX|ACP,Arthrex,2,7,"1 回(1 部位) 35,000 円 ACP ダブルショット 1 回(1 部位) 95,000 円 ACP MAX 1 回(1 部位) 150,000 円",price candidates remain ambiguous,
V41_01C2411046,01C2411046,A,V41FD361E6CD7C,関東,東京都,銀座ALIVIO clinic,"中央区銀座5-5-18 
銀座藤小西ビル4F",第二種,自家脂肪由来幹細胞を用いた変形性関節症治療,脂肪由来幹細胞,QC,1.0,https://saiseiiryo.mhlw.go.jp/published_plan/download/01C2411046/5/0,,,,,,,,,no price found after rescue text/OCR pass,Rescue completed; OCR page timeouts=0
V41_03C2606011,03C2606011,C,V41FAC5EA5360E,関東,東京都,銀座YRクリニック,中央区銀座六丁目５番-１３号Ｃｓｓ Ｂｕｉｌｄｉｎｇ Ⅲ 7F,第二種,自己脂肪由来間葉系幹細胞を用いた変形性関節症治療,脂肪由来幹細胞,AUTO,1.0,https://saiseiiryo.mhlw.go.jp/published_plan/download/03C2606011/5/0,1760000,税別,,,,14,6,本治療は保険適用外であるため、治療にかかる費用全額をご自分でご負担いただきます。その 他、本治療を受けるために必要となった旅費、交通費などの全ての費用もご自分でご負担いただ きます。実際に必要となる費用については今回の治療は 176万円(税抜)となります。 なお、脂肪 の採取後や、細胞加工物の製造後に同意を撤回された場合など、同意を撤回される時点までに 費用が発生している場合は、発生した費用についてはあなたにご負担いただきますのでご了承く,rescue strong price context,
V41_03C2606016,03C2606016,B,V41FAC5EA5360E,関東,東京都,銀座YRクリニック,中央区銀座六丁目５番-１３号Ｃｓｓ Ｂｕｉｌｄｉｎｇ Ⅲ 7F,第二種,自家多血小板血漿(PRP)を用いた慢性関節炎治療,PRP,QC,1.0,https://saiseiiryo.mhlw.go.jp/published_plan/download/03C2606016/5/0,214500,不明,1 回,Condensia,京セラ,6,6,"PRP・1 回分 Condensia 214,500 円 PRP・1 回分 (3) 採血を開始してからキャンセルされた場合は、費用の全額をご負担いた",price candidates remain ambiguous,
V41_03C2606016,03C2606016,B,V41FAC5EA5360E,関東,東京都,銀座YRクリニック,中央区銀座六丁目５番-１３号Ｃｓｓ Ｂｕｉｌｄｉｎｇ Ⅲ 7F,第二種,自家多血小板血漿(PRP)を用いた慢性関節炎治療,PRP,QC,1.0,https://saiseiiryo.mhlw.go.jp/published_plan/download/03C2606016/5/0,264000,不明,1 回,MyCells|Condensia,MyCells系|京セラ,3,6,"検査を実施した場合 Mycells 264,000 円 PRP・1 回分 Condensia",price candidates remain ambiguous,
V41_03C2606016,03C2606016,B,V41FAC5EA5360E,関東,東京都,銀座YRクリニック,中央区銀座六丁目５番-１３号Ｃｓｓ Ｂｕｉｌｄｉｎｇ Ⅲ 7F,第二種,自家多血小板血漿(PRP)を用いた慢性関節炎治療,PRP,QC,1.0,https://saiseiiryo.mhlw.go.jp/published_plan/download/03C2606016/5/0,11000,不明,,MyCells,MyCells系,0,6,"備考 血液検査 11,000 円 検査を実施した場合 Mycells",price candidates remain ambiguous,
V41_03C2601047,03C2601047,D,V41FAB9D513ADF,関東,東京都,銀座よしえクリニック都立大院,目黒区平町1-23-14EMON,第二種,自己脂肪組織由来間葉系幹細胞（ADSC）を用いた関節治療,脂肪由来幹細胞,AUTO,1.0,https://saiseiiryo.mhlw.go.jp/published_plan/download/03C2601047/5/0,220000,税込,2回,,,10,12,"脂肪組織採取+細胞抽出・初回培養: 550,000 円 治療用細胞培養 :1,430,000 円 移植技術費用 : 220,000 円 2回目以降: 1,650,000 円 【再診・患部処置費用(税込)】",line-level strong price context,
V41_01C2602054,01C2602054,A,V41FA8526A2F97,関東,東京都,銀座聖愛わクリニック,中央区銀座五丁目10番2号　GINZA MISS PARIS 10階,第二種,膝関節症に対する自己脂肪由来幹細胞による治療,脂肪由来幹細胞,AUTO,1.0,https://saiseiiryo.mhlw.go.jp/published_plan/download/01C2602054/5/0,3650000,税込,1回,,,7,,"10:00~17:00 営業時間外の連絡先:080-6407-5242 14.費用について 細胞の提供に際して費用は発生しません。 本治療は保険適用外であるため、治療にかかる費用全額をご自分でご負担いただきます。本治 療にかかる費用は以下のとおりとなっております(全て税込)。 1回3,650,000 円 2回6,200,000 円 5 回11,300,000 円 ※症状等の事情により金額は前後する可能性があります。 なお、脂肪の採取後や、細胞加工物の製造後に同意を撤回された場合など、同意を撤回される時 点までに費用が発生している場合は、発生した費用についてはあなたにご負担いただきますので ご了承ください。 また、本治療は必",,
V41_01C2602054,01C2602054,A,V41FA8526A2F97,関東,東京都,銀座聖愛わクリニック,中央区銀座五丁目10番2号　GINZA MISS PARIS 10階,第二種,膝関節症に対する自己脂肪由来幹細胞による治療,脂肪由来幹細胞,AUTO,1.0,https://saiseiiryo.mhlw.go.jp/published_plan/download/01C2602054/5/0,6200000,税込,1回,,,7,,"時間外の連絡先:080-6407-5242 14.費用について 細胞の提供に際して費用は発生しません。 本治療は保険適用外であるため、治療にかかる費用全額をご自分でご負担いただきます。本治 療にかかる費用は以下のとおりとなっております(全て税込)。 1回3,650,000 円 2回6,200,000 円 5 回11,300,000 円 ※症状等の事情により金額は前後する可能性があります。 なお、脂肪の採取後や、細胞加工物の製造後に同意を撤回された場合など、同意を撤回される時 点までに費用が発生している場合は、発生した費用についてはあなたにご負担いただきますので ご了承ください。 また、本治療は必ず効果が得られるものではなく、",,
V41_01C2602054,01C2602054,A,V41FA8526A2F97,関東,東京都,銀座聖愛わクリニック,中央区銀座五丁目10番2号　GINZA MISS PARIS 10階,第二種,膝関節症に対する自己脂肪由来幹細胞による治療,脂肪由来幹細胞,AUTO,1.0,https://saiseiiryo.mhlw.go.jp/published_plan/download/01C2602054/5/0,11300000,税込,1回,,,-1,,"-5242 14.費用について 細胞の提供に際して費用は発生しません。 本治療は保険適用外であるため、治療にかかる費用全額をご自分でご負担いただきます。本治 療にかかる費用は以下のとおりとなっております(全て税込)。 1回3,650,000 円 2回6,200,000 円 5 回11,300,000 円 ※症状等の事情により金額は前後する可能性があります。 なお、脂肪の採取後や、細胞加工物の製造後に同意を撤回された場合など、同意を撤回される時 点までに費用が発生している場合は、発生した費用についてはあなたにご負担いただきますので ご了承ください。 また、本治療は必ず効果が得られるものではなく、効果が得られなかった場合でも返金は",,
V41_02C2503035,02C2503035,B,V41FC5B6A394E4,関東,東京都,阿部整形外科クリニック,三鷹市野崎3-3-4-101,第二種,自家多血小板血漿（Platelet-rich plasma：PRP）を用いた慢性関節炎の治療（関節内組織）,PRP,QC,1.0,https://saiseiiryo.mhlw.go.jp/published_plan/download/02C2503035/5/0,77000,税込,1 回,ACP MAX|ACP,Arthrex,6,7,"費用(PRP 1 回・税込) ACP 51,000~77,000 円 ACP Max 165,000~440,000 円",price candidates remain ambiguous,
V41_02C2503035,02C2503035,B,V41FC5B6A394E4,関東,東京都,阿部整形外科クリニック,三鷹市野崎3-3-4-101,第二種,自家多血小板血漿（Platelet-rich plasma：PRP）を用いた慢性関節炎の治療（関節内組織）,PRP,QC,1.0,https://saiseiiryo.mhlw.go.jp/published_plan/download/02C2503035/5/0,440000,不明,,ACP MAX|ACP,Arthrex,5,7,"51,000~77,000 円 ACP Max 165,000~440,000 円 (3) キット開封後にキャンセルされた場合は、費用の全額をご負担いただき ます。",price candidates remain ambiguous,
V41_01C2302046,01C2302046,C,V41FAEA2709811,関東,東京都,陽だまりクリニック 六本木院,"港区六本木6丁目1-26
六本木天城ビル 3F",第三種,PRP(多血小板血漿Platelet Rich Plasma)を用いて筋、腱、靭帯および筋-腱付着部損傷による疾患の治療を目的とした再生医療,PRP,AUTO,1.0,https://saiseiiryo.mhlw.go.jp/published_plan/download/01C2302046/5/0,200000,税込,,,,8,,"注射後の紅斑、内出血などが起こることも ありますが数日~1週間で自然消退します。 4治療中に運動、スポーツなどを行う場合は、医師の指示に従って ください。 V) 施術費用 この再生医療治療は、医療保険適用外(自由診療)施術ですの で全額自費でお支払いいただきます。 施術費は、1.5mL 200,000円(税込)となります。 VI) 術前にご理解いただきたいこと 1治療には効果だけでなく副作用が発症する可能性があることもご 理解ください。また、予期せぬ健康被害が起こりうることがありま すが、医師は出来得る限りの医学的対処を行います。 2心配、不安なことがありましたら、下記までいつでもご連絡、ご 来院下さい。 【問合せ窓口】 担当部署:",,
V41_01C2508039,01C2508039,D,V41F779AAFAA1B,関東,東京都,青海100クリニック,東京都江東区青海2-4-32　タイム24ビル1階,第二種,関節周囲炎の緩和を目的とした自己脂肪由来間葉系間質細胞治療(局所投与),脂肪由来幹細胞,QC,1.0,https://saiseiiryo.mhlw.go.jp/published_plan/download/01C2508039/5/0,,,,,,,,,no price found after text/OCR pass,Document fetched but no price candidate
V41_03C2308020,03C2308020,A,V41F093B946235,関東,東京都,順天堂大学医学部附属練馬病院,練馬区高野台3−1−10,第二種,自家多血小板血漿(Platelet-rich plasma : PRP)を用いた関節内損傷に対する治療,PRP,QC,1.0,https://saiseiiryo.mhlw.go.jp/published_plan/download/03C2308020/5/0,,,,,,,,,no price found after rescue text/OCR pass,Rescue completed; OCR page timeouts=0
V41_03C2308021,03C2308021,B,V41FBAA5979354,関東,東京都,順天堂大学医学部附属練馬病院,東京都練馬区高野台3−1−10,第三種,自家多血小板血漿(Platelet-rich plasma:PRP)を用いた腱付着部炎・腱障害・筋損傷・靭帯損傷(関節外に限る)治療,PRP,AUTO,1.0,https://saiseiiryo.mhlw.go.jp/published_plan/download/03C2308021/5/0,30000,不明,一部位,,,8,,情報の保護について 個人情報の保護に関する法律及び当院が定める患者個人情報保護に 関する指針に基づき、診療録に記載されている患者個人情報や診療 情報は厳重に管理されます。 治療にかかる費用について わが国ではPRP療法は現時点で保険診療として認められていないた め、自費診療となります。費用は一部位3万円となります。 その他について PRP療法の効果は病態や重症度、個人差により異なり、どなたにも 同じような効果が期待できる訳ではなく、複数回の治療を行っても 思うような効果が得られないことも考えられます。その際は代替療 法も考慮しますが、特に慢性障害などでは発症要因となっている動 作改善も必要であり、リハビリを平行して行っていただくこともあ,,
V41_03C2609013,03C2609013,C,V41F52C8BCC0C9,関東,東京都,順天堂大学医学部附属順天堂医院,文京区本郷3-1-3,第二種,自家脂肪組織由来幹細胞（ASC）の投与による変形性関節症治療,脂肪由来幹細胞,AUTO,1.0,https://saiseiiryo.mhlw.go.jp/published_plan/download/03C2609013/5/0,200000,税別,1 回,,,16,8,"支払いいただきます。また、投与から次の投与まで 1 年以上の期間が空く場合、一時保管更 新料として 54,000 円(税別)/年を別途いただきます。 価格表記載の投与回数終了後に ASC が残っている場合、1 回あたり 20 万円(税別)で追 加投与が可能です。詳しくは担当医師とご相談ください。 12. 治療を受けることを拒否することについて",rescue strong price context,
V41_03C2609013,03C2609013,C,V41F52C8BCC0C9,関東,東京都,順天堂大学医学部附属順天堂医院,文京区本郷3-1-3,第二種,自家脂肪組織由来幹細胞（ASC）の投与による変形性関節症治療,脂肪由来幹細胞,AUTO,1.0,https://saiseiiryo.mhlw.go.jp/published_plan/download/03C2609013/5/0,200000,税別,,,,14,4,"極力少なくなるよう最大限のフォローを行います。 1医療法人社団有洸会 三番町クリニックでの採取を希望される場合 脂肪採取に係る料金として 200,000 円(税別)を直接クリニックへお支払いくださ い。当院指定の手法のもと、医療法人社団有洸会 三番町クリニックの医師が採取を行い ます。脂肪採取は手技に熟練した形成外科医が行います。",rescue strong price context,
V41_03C2609013,03C2609013,C,V41F52C8BCC0C9,関東,東京都,順天堂大学医学部附属順天堂医院,文京区本郷3-1-3,第二種,自家脂肪組織由来幹細胞（ASC）の投与による変形性関節症治療,脂肪由来幹細胞,AUTO,1.0,https://saiseiiryo.mhlw.go.jp/published_plan/download/03C2609013/5/0,200000,税別,,,,14,4,"脂肪採取は整形外科医もしくは形成外科医が行います。 ただしブロック法で採取を行う場合は、当院のPRP外来又は整形外科外来処置室で採取 を行うことができます。その場合の料金は200,000 円(税別)となります。脂肪採取は",rescue strong price context,
V41_03C2609013,03C2609013,C,V41F52C8BCC0C9,関東,東京都,順天堂大学医学部附属順天堂医院,文京区本郷3-1-3,第二種,自家脂肪組織由来幹細胞（ASC）の投与による変形性関節症治療,脂肪由来幹細胞,AUTO,1.0,https://saiseiiryo.mhlw.go.jp/published_plan/download/03C2609013/5/0,200000,税別,,,,14,8,"ASC 費用 150 万円+ 引き出し費用 20 万円 *上記 ASC 治療費用に加えて、脂肪採取料(20 万円もしくは 40 万円)を脂肪採取施設へお 支払いいただきます。また、投与から次の投与まで 1 年以上の期間が空く場合、一時保管更 新料として 54,000 円(税別)/年を別途いただきます。",rescue strong price context,
V41_03C2609013,03C2609013,C,V41F52C8BCC0C9,関東,東京都,順天堂大学医学部附属順天堂医院,文京区本郷3-1-3,第二種,自家脂肪組織由来幹細胞（ASC）の投与による変形性関節症治療,脂肪由来幹細胞,AUTO,1.0,https://saiseiiryo.mhlw.go.jp/published_plan/download/03C2609013/5/0,400000,税別,,,,14,4,"ます。脂肪採取は手技に熟練した形成外科医が行います。 2当院での採取を希望される場合 脂肪採取に係る料金として 400,000 円(税別)を頂戴します。採取を行うデイサージ ャリールームは事前予約をいたしますが、当院では手術待ちの患者さんが多いため(通常 約 3 カ月待ち)他の脂肪採取連携施設よりも治療開始が遅れることをご了承ください。",rescue strong price context,
V41_03C2609013,03C2609013,C,V41F52C8BCC0C9,関東,東京都,順天堂大学医学部附属順天堂医院,文京区本郷3-1-3,第二種,自家脂肪組織由来幹細胞（ASC）の投与による変形性関節症治療,脂肪由来幹細胞,AUTO,1.0,https://saiseiiryo.mhlw.go.jp/published_plan/download/03C2609013/5/0,400000,税別,,,,14,8,"ASC 費用 150 万円+ 引き出し費用 20 万円 *上記 ASC 治療費用に加えて、脂肪採取料(20 万円もしくは 40 万円)を脂肪採取施設へお 支払いいただきます。また、投与から次の投与まで 1 年以上の期間が空く場合、一時保管更 新料として 54,000 円(税別)/年を別途いただきます。",rescue strong price context,
V41_03C2609013,03C2609013,C,V41F52C8BCC0C9,関東,東京都,順天堂大学医学部附属順天堂医院,文京区本郷3-1-3,第二種,自家脂肪組織由来幹細胞（ASC）の投与による変形性関節症治療,脂肪由来幹細胞,AUTO,1.0,https://saiseiiryo.mhlw.go.jp/published_plan/download/03C2609013/5/0,200000,不明,,,,10,8,170 万円 ASC 費用 150 万円+ 引き出し費用 20 万円 *上記 ASC 治療費用に加えて、脂肪採取料(20 万円もしくは 40 万円)を脂肪採取施設へお 支払いいただきます。また、投与から次の投与まで 1 年以上の期間が空く場合、一時保管更,rescue strong price context,
V41_03C2609013,03C2609013,C,V41F52C8BCC0C9,関東,東京都,順天堂大学医学部附属順天堂医院,文京区本郷3-1-3,第二種,自家脂肪組織由来幹細胞（ASC）の投与による変形性関節症治療,脂肪由来幹細胞,AUTO,1.0,https://saiseiiryo.mhlw.go.jp/published_plan/download/03C2609013/5/0,1500000,不明,,,,9,8,別々 170 万円 ASC 費用 150 万円+ 引き出し費用 20 万円 *上記 ASC 治療費用に加えて、脂肪採取料(20 万円もしくは 40 万円)を脂肪採取施設へお,rescue strong price context,
V41_03C2609016,03C2609016,D,V41F52C8BCC0C9,関東,東京都,順天堂大学医学部附属順天堂医院,文京区本郷3-1-3,第三種,自己多血小板血漿(PRP)療法（治療対象：筋・腱・靭帯・椎体周囲軟部組織の損傷）,PRP,QC,1.0,https://saiseiiryo.mhlw.go.jp/published_plan/download/03C2609016/5/0,,,,,,,,,no price found after text/OCR pass,Document fetched but no price candidate
V41_03C2609017,03C2609017,A,V41F52C8BCC0C9,関東,東京都,順天堂大学医学部附属順天堂医院,文京区本郷3-1-3,第二種,自己多血小板血漿(PRP)療法（治療対象：関節炎・変形性関節症）,PRP,AUTO,1.0,https://saiseiiryo.mhlw.go.jp/published_plan/download/03C2609017/5/0,300000,不明,,APS,Zimmer Biomet,7,,ます。PRP は、精製法により含まれる血小板濃度や白血球濃度が異なります。当院では患 者さんの病態に応じてPRP 精製キットを使い分けており、どのキットを使用するかによ り提供価格が異なります。 KeyLight 社MyCell キット使用:2 万5 千円 Biomet 社APS キット使用:30 万円 その他、検査や診療に関しては実費となります。 その他について PRP 療法の効果は病態や重症度、個人差により異なり、どなたにも同じような効果 が期待できる訳ではなく、複数回の治療を行っても思うような効果が得られないことも 考えられます。病態や既往歴、健康状態などを診察や検査等を行った上で治療を行うかを 決定致します。効果を認め,,
V41_02C2604007,02C2604007,B,V41F622B725F80,関東,東京都,順天堂大学医学部附属順天堂東京江東高齢者医療センター,江東区新砂3-3-20,第三種,自己多血小板血漿(PRP)を用いた整形外科領域における軟部組織治療,PRP,AUTO,1.0,https://saiseiiryo.mhlw.go.jp/published_plan/download/02C2604007/5/0,35000,税別,,GPS|MyCells,Zimmer Biomet|MyCells系,8,,"ますが、 規程に基づき患者様個人を特定できる内容が使われることはありません。 治療にかかる費用について この治療は公的保険の対象ではありませんので、当院所定の施術料をお支払いいただきま す。 ・治療費例:軟部組織治療 GPSIIIシステム 75,000 円 (税抜) MycellsPRP 35,000 円(税抜) 上記価格は一例です。PRP を用いた治療に係る詳しい費用につきましては、医師またはスタ ッフにお尋ね下さい。 施術後、患者様の個人的な事情及び金銭等に関する問題に関しては一切の責を負いかねます のでご了承ください。 本治療の実施体制 本治療に関して、ご",,
V41_02C2604007,02C2604007,B,V41F622B725F80,関東,東京都,順天堂大学医学部附属順天堂東京江東高齢者医療センター,江東区新砂3-3-20,第三種,自己多血小板血漿(PRP)を用いた整形外科領域における軟部組織治療,PRP,AUTO,1.0,https://saiseiiryo.mhlw.go.jp/published_plan/download/02C2604007/5/0,75000,税別,,GPS|MyCells,Zimmer Biomet|MyCells系,8,,"にて結果や経過・治療部位の写真などを公表する可能性がありますが、 規程に基づき患者様個人を特定できる内容が使われることはありません。 治療にかかる費用について この治療は公的保険の対象ではありませんので、当院所定の施術料をお支払いいただきま す。 ・治療費例:軟部組織治療 GPSIIIシステム 75,000 円 (税抜) MycellsPRP 35,000 円(税抜) 上記価格は一例です。PRP を用いた治療に係る詳しい費用につきましては、医師またはスタ ッフにお尋ね下さい。 施術後、患者様の個人的な事情及び金銭等に関する問題に関しては一切の責を負いかねます のでご了承ください。 本治療の実施体制",,
V41_02C2502053,02C2502053,C,V41FBDE86DC8C5,関東,栃木県,医療法人恭友会　はせがわ整形外科クリニック,宇都宮市一条4-5-13,第三種,自己多血小板血漿（ＰＲＰ）を用いた整形外科治療,PRP,QC,1.0,https://saiseiiryo.mhlw.go.jp/published_plan/download/02C2502053/5/0,,,,,,,,,no price found after rescue text/OCR pass,Rescue completed; OCR page timeouts=0
V41_01C2307023,01C2307023,D,V41F075DAACD91,関東,栃木県,医療法人親仁会　佐藤病院,宇都宮市西3-1-11,第三種,多血小板血漿（PRP）を用いた筋、腱、靭帯への治療,PRP,QC,1.0,https://saiseiiryo.mhlw.go.jp/published_plan/download/01C2307023/5/0,,,,,,,,,no price found after text/OCR pass,Document fetched but no price candidate
V41_02C2604078,02C2604078,A,V41F2EF2F44CF7,関東,栃木県,"学校法人　獨協学園
獨協医科大学病院",下都賀郡壬生町大字北小林880,第三種,四肢の靭帯、筋腱付着部およびスポーツ傷害（筋・腱・靭帯）を対象とした自家多血小板血漿（PRP）注入療法,PRP,AUTO,1.0,https://saiseiiryo.mhlw.go.jp/published_plan/download/02C2604078/5/0,77000,税込,1回,,,7,,"ない 8. 治療にかかる費用について この治療は、健康保険が適用されない自由診療です。そのため、患 者様の費用負担が他の治療よりも高額になることがあります。当院 において実施される本治療および本治療に必要な検査などの費用は 全額自己負担となります。 血液分離専用容器キットによる施術料 1回 77,000円 (税込) 2回セット 138,000円(税 込) 3回セット 198,000円(税 込) ※初回投与は、77,000円(税込)となります。投与後、効果を確認 した上で継続して治療をお受けになりたい方は、2回セットもしく は、3回セットもお選び頂くことが可能です。 ※2",,
V41_02C2604078,02C2604078,A,V41F2EF2F44CF7,関東,栃木県,"学校法人　獨協学園
獨協医科大学病院",下都賀郡壬生町大字北小林880,第三種,四肢の靭帯、筋腱付着部およびスポーツ傷害（筋・腱・靭帯）を対象とした自家多血小板血漿（PRP）注入療法,PRP,AUTO,1.0,https://saiseiiryo.mhlw.go.jp/published_plan/download/02C2604078/5/0,138000,税込,1回,,,7,,"自由診療です。そのため、患 者様の費用負担が他の治療よりも高額になることがあります。当院 において実施される本治療および本治療に必要な検査などの費用は 全額自己負担となります。 血液分離専用容器キットによる施術料 1回 77,000円 (税込) 2回セット 138,000円(税 込) 3回セット 198,000円(税 込) ※初回投与は、77,000円(税込)となります。投与後、効果を確認 した上で継続して治療をお受けになりたい方は、2回セットもしく は、3回セットもお選び頂くことが可能です。 ※2回セットもしくは、3回セットは有効期限1年間とさせて頂きま す。 ※患者様",,
V41_02C2604078,02C2604078,A,V41F2EF2F44CF7,関東,栃木県,"学校法人　獨協学園
獨協医科大学病院",下都賀郡壬生町大字北小林880,第三種,四肢の靭帯、筋腱付着部およびスポーツ傷害（筋・腱・靭帯）を対象とした自家多血小板血漿（PRP）注入療法,PRP,AUTO,1.0,https://saiseiiryo.mhlw.go.jp/published_plan/download/02C2604078/5/0,198000,税込,1回,,,7,,"ります。当院 において実施される本治療および本治療に必要な検査などの費用は 全額自己負担となります。 血液分離専用容器キットによる施術料 1回 77,000円 (税込) 2回セット 138,000円(税 込) 3回セット 198,000円(税 込) ※初回投与は、77,000円(税込)となります。投与後、効果を確認 した上で継続して治療をお受けになりたい方は、2回セットもしく は、3回セットもお選び頂くことが可能です。 ※2回セットもしくは、3回セットは有効期限1年間とさせて頂きま す。 ※患者様の症状によっては、治療を数回行うことがあります。治療 前、または治 療後の状",,
V41_02C2604078,02C2604078,A,V41F2EF2F44CF7,関東,栃木県,"学校法人　獨協学園
獨協医科大学病院",下都賀郡壬生町大字北小林880,第三種,四肢の靭帯、筋腱付着部およびスポーツ傷害（筋・腱・靭帯）を対象とした自家多血小板血漿（PRP）注入療法,PRP,AUTO,1.0,https://saiseiiryo.mhlw.go.jp/published_plan/download/02C2604078/5/0,11000,税込,,,,-7,,"。説明を受けた後に同意されない場合でも、一切不利 益を受けることはありません。 また同様に、治療を受けることに同意した場合であっても、投与ま での間でしたらいつでも取りやめることができます。この場合で も、一切不利益を受けません。 採血等にかかる実費等はご負担いただきます。 :採血後のキャンセル料11,000円(税込)加工後のキャンセル料 77,000円(税込) もしこの治療を受けることに同意しない場合も、最適と考えられる 治療を実施できるように患者様の治療に最善を尽くします。 ただし、治療を行った後は、健康管理のために必要に応じて適切な 検査を受けていただき、医学的に問題がないかを確認させていただ きます。 11. 試料等の保管及び廃棄の方法",,
V41_02C2604078,02C2604078,A,V41F2EF2F44CF7,関東,栃木県,"学校法人　獨協学園
獨協医科大学病院",下都賀郡壬生町大字北小林880,第三種,四肢の靭帯、筋腱付着部およびスポーツ傷害（筋・腱・靭帯）を対象とした自家多血小板血漿（PRP）注入療法,PRP,AUTO,1.0,https://saiseiiryo.mhlw.go.jp/published_plan/download/02C2604078/5/0,77000,税込,,,,-7,,"不利 益を受けることはありません。 また同様に、治療を受けることに同意した場合であっても、投与ま での間でしたらいつでも取りやめることができます。この場合で も、一切不利益を受けません。 採血等にかかる実費等はご負担いただきます。 :採血後のキャンセル料11,000円(税込)加工後のキャンセル料 77,000円(税込) もしこの治療を受けることに同意しない場合も、最適と考えられる 治療を実施できるように患者様の治療に最善を尽くします。 ただし、治療を行った後は、健康管理のために必要に応じて適切な 検査を受けていただき、医学的に問題がないかを確認させていただ きます。 11. 試料等の保管及び廃棄の方法について この治療にて患者様より採取した血液",,
V41_01G2512005,01G2512005,B,V41F08F61AF573,九州沖縄,沖縄県,てだこ整形外科,浦添市前田3丁目13番28号　メディカルスクエアてだこ浦西 3F,第二種,自家脂肪組織由来幹細胞を用いた慢性疼痛の治療,脂肪由来幹細胞,AUTO,1.0,https://saiseiiryo.mhlw.go.jp/published_plan/download/01G2512005/5/0,1800000,税別,1 回,,,9,,"象ではありません。当院で実施される本治療や本治療に必要な検査 などの費用は全額自己負担です。 この治療費は、本治療を実施するために必要な検査や自家脂肪組織由来幹細胞の培養に必 要な脂肪組織の採取に等に先立ち、前もっていただいております。 項目 料金(税抜) 約1 億個以上×1 回投与 1,800,000 円 約1 億個以上×2 回投与 3,000,000 円 約1 億個以上×3 回投与 4,200,000 円 1回投与細胞数の上限は2億個です。 本治療はご本人の自由意思に基づいて受けていただくものですので、治療の開始前・治 療途中であっても中止することができます。ただし、中止のタイミングによっては、すで に実施された診察や検",,
V41_01G2512005,01G2512005,B,V41F08F61AF573,九州沖縄,沖縄県,てだこ整形外科,浦添市前田3丁目13番28号　メディカルスクエアてだこ浦西 3F,第二種,自家脂肪組織由来幹細胞を用いた慢性疼痛の治療,脂肪由来幹細胞,AUTO,1.0,https://saiseiiryo.mhlw.go.jp/published_plan/download/01G2512005/5/0,3000000,税別,1 回,,,9,,"検査 などの費用は全額自己負担です。 この治療費は、本治療を実施するために必要な検査や自家脂肪組織由来幹細胞の培養に必 要な脂肪組織の採取に等に先立ち、前もっていただいております。 項目 料金(税抜) 約1 億個以上×1 回投与 1,800,000 円 約1 億個以上×2 回投与 3,000,000 円 約1 億個以上×3 回投与 4,200,000 円 1回投与細胞数の上限は2億個です。 本治療はご本人の自由意思に基づいて受けていただくものですので、治療の開始前・治 療途中であっても中止することができます。ただし、中止のタイミングによっては、すで に実施された診察や検査、準備又は使用した薬剤や資材などの費用が発生しているこ",,
V41_01G2512005,01G2512005,B,V41F08F61AF573,九州沖縄,沖縄県,てだこ整形外科,浦添市前田3丁目13番28号　メディカルスクエアてだこ浦西 3F,第二種,自家脂肪組織由来幹細胞を用いた慢性疼痛の治療,脂肪由来幹細胞,AUTO,1.0,https://saiseiiryo.mhlw.go.jp/published_plan/download/01G2512005/5/0,4200000,税別,1 回,,,9,,"治療を実施するために必要な検査や自家脂肪組織由来幹細胞の培養に必 要な脂肪組織の採取に等に先立ち、前もっていただいております。 項目 料金(税抜) 約1 億個以上×1 回投与 1,800,000 円 約1 億個以上×2 回投与 3,000,000 円 約1 億個以上×3 回投与 4,200,000 円 1回投与細胞数の上限は2億個です。 本治療はご本人の自由意思に基づいて受けていただくものですので、治療の開始前・治 療途中であっても中止することができます。ただし、中止のタイミングによっては、すで に実施された診察や検査、準備又は使用した薬剤や資材などの費用が発生していることが あります。患者さまのご都合により治療を中止された場",,
V41_01G2512005,01G2512005,B,V41F08F61AF573,九州沖縄,沖縄県,てだこ整形外科,浦添市前田3丁目13番28号　メディカルスクエアてだこ浦西 3F,第二種,自家脂肪組織由来幹細胞を用いた慢性疼痛の治療,脂肪由来幹細胞,AUTO,1.0,https://saiseiiryo.mhlw.go.jp/published_plan/download/01G2512005/5/0,30000,税別,,,,-2,,の定めるキャン セル料をお支払いいただきますので、あらかじめご了承ください。 【キャンセル料】 時期 料金(税抜) 予約確定~脂肪採取の15 日前 なし 脂肪採取の14~9 日前 15 万円 脂肪採取の8 日前~当日 50% 脂肪採取当日~培養7 日目 50%+(培養日数×3 万円) 培養8 日目 50%+24 万円 上記以降 100% やむを得ず日程の変更等が必要となった場合はお早めのご連絡をお願いいたします。 11)問い合わせ先 本治療について、分かりにくかったこと、気になること等がございましたら、些細に感じ ることでも、気兼ねなく、ご質問ください。また説明後でも、同意された後でも、またすで,,
V41_01G2512005,01G2512005,B,V41F08F61AF573,九州沖縄,沖縄県,てだこ整形外科,浦添市前田3丁目13番28号　メディカルスクエアてだこ浦西 3F,第二種,自家脂肪組織由来幹細胞を用いた慢性疼痛の治療,脂肪由来幹細胞,AUTO,1.0,https://saiseiiryo.mhlw.go.jp/published_plan/download/01G2512005/5/0,150000,税別,,,,-2,,資材などの費用が発生していることが あります。患者さまのご都合により治療を中止された場合は、以下の当院の定めるキャン セル料をお支払いいただきますので、あらかじめご了承ください。 【キャンセル料】 時期 料金(税抜) 予約確定~脂肪採取の15 日前 なし 脂肪採取の14~9 日前 15 万円 脂肪採取の8 日前~当日 50% 脂肪採取当日~培養7 日目 50%+(培養日数×3 万円) 培養8 日目 50%+24 万円 上記以降 100% やむを得ず日程の変更等が必要となった場合はお早めのご連絡をお願いいたします。 11)問い合わせ先 本治療について、分かりにくかったこと、気になること等がございました,,
V41_01G2512005,01G2512005,B,V41F08F61AF573,九州沖縄,沖縄県,てだこ整形外科,浦添市前田3丁目13番28号　メディカルスクエアてだこ浦西 3F,第二種,自家脂肪組織由来幹細胞を用いた慢性疼痛の治療,脂肪由来幹細胞,AUTO,1.0,https://saiseiiryo.mhlw.go.jp/published_plan/download/01G2512005/5/0,240000,税別,,,,-2,,きますので、あらかじめご了承ください。 【キャンセル料】 時期 料金(税抜) 予約確定~脂肪採取の15 日前 なし 脂肪採取の14~9 日前 15 万円 脂肪採取の8 日前~当日 50% 脂肪採取当日~培養7 日目 50%+(培養日数×3 万円) 培養8 日目 50%+24 万円 上記以降 100% やむを得ず日程の変更等が必要となった場合はお早めのご連絡をお願いいたします。 11)問い合わせ先 本治療について、分かりにくかったこと、気になること等がございましたら、些細に感じ ることでも、気兼ねなく、ご質問ください。また説明後でも、同意された後でも、またすで に治療が始められた後でも、いつでもかまい,,
V41_02G2503013,02G2503013,C,V41F28A84265DD,九州沖縄,沖縄県,医療法人八重瀬会　同仁病院,浦添市城間１－３７－１２,第三種,多血小板血漿を用いた靭帯・腱及び腱付着部の機能障害・疾患の治療,PRP,AUTO,1.0,https://saiseiiryo.mhlw.go.jp/published_plan/download/02G2503013/5/0,100000,不明,,GPS|Zimmer,Zimmer Biomet,7,,"医師、管理者(院長)へと報告して対応させていただきます。 窓口部署:企画戦略部 連絡先:098-876-2212 12.費用について この治療は公的保険の対象ではありませんので、当院所定の施術料をお支払いいただきます。 ・ZIMMER BIOMET 製 GPS®IIIシステム使用 100,000円 ※患者様の症状、その他の事情等により治療費が変動する場合があります。 施術後、患者様の個人的な事情及び金銭等に関する問題に関しては一切の責を負いかねますのでご了 承ください。 なお、細胞の採取後や加工後に同意を撤回された場合など、同意を撤回される時点までに費用が発生し ている場合は、発生した費用については患者様にご負担いただ",,
V41_02G2001025,02G2001025,D,V41F8F7270A350,九州沖縄,沖縄県,医療法人形成会 当山美容形成外科,那覇市久茂地2-11-18 当山久茂地川医邸　4・5階,第三種,自己多血小板血漿(PRP)を用いた筋・腱・靭帯等の整形外科的軟部組織再生治療,PRP,AUTO,1.0,https://saiseiiryo.mhlw.go.jp/published_plan/download/02G2001025/5/0,200000,税別,1部位,,,9,,"様の状況に応じ検討していま す。しかしながらPRPは、自分自身の血小板から作成したものであ るため、リスクや副作用が非常に少ないというメリットがありま す。また、その効果は数か月間持続します。 治療費 私は、PRP療法を行うにあたり、以下の治療費を支払います。 治療費 1部位 1回の投与につき 200,000円(税抜) その他 このPRP療法の説明後、ご自分の意志で注射を拒否する事は可能で す。 PRP療法を拒否する事、又は同意を撤回することにより治療対象の 患者さんが不利益な扱いを受ける事はありません。 PRPの保管および移動は行いません。 本治療によって得られたPRPは患者様ご自身の治療のみに使用し、 研究者その他の医療に提供することはあり",,
V41_02G2602005,02G2602005,A,V41FBD7C31F7A8,九州沖縄,沖縄県,社会医療法人友愛会友愛医療センター,沖縄県豊見城市字与根50番地212,第三種,靭帯・筋肉・腱・腱付着部に対する自家多血小板血漿（PRP）注入療法,PRP,QC,1.0,https://saiseiiryo.mhlw.go.jp/published_plan/download/02G2602005/5/0,,,,,,,,,no price found after rescue text/OCR pass,Rescue completed; OCR page timeouts=0
V41_01E2408020,01E2408020,B,V41F9938B58156,近畿,滋賀県,"一般社団法人スピナレピオス
淡海せぼねクリニック",近江八幡市出町233-2,第二種,自家多血小板血漿（Platelet-Rich Plasma：PRP）を用いた慢性関節炎の治療（関節内組織）,PRP,AUTO,1.0,https://saiseiiryo.mhlw.go.jp/published_plan/download/01E2408020/5/0,44000,税込,1 回(1 部位),,,10,7,"査、PRP 調製のための採血にかかる費用、PRP 調製費用、注入にかかる費 用の総額となります。 PRP 1 回(1 部位) 44,000 円(税込) (3) 採血を開始してからのキャンセルについては、キャンセル費用をいただ きます。",line-level strong price context,
V41_01E2408021,01E2408021,C,V41F9938B58156,近畿,滋賀県,"一般社団法人スピナレピオス
淡海せぼねクリニック",近江八幡市出町233-2,第三種,自家多血小板血漿（Platelet-rich plasma：PRP）を用いた筋肉、腱、靭帯、筋膜の損傷及び慢性炎症の治療（関節外の軟部組織）,PRP,AUTO,1.0,https://saiseiiryo.mhlw.go.jp/published_plan/download/01E2408021/5/0,33000,税込,両側,,,12,7,"査、PRP 作製のための採血にかかる費用、PRP 作製費用、注入にかかる費 用の総額となります。左右両側に投与する場合は、2 回分です。 PRP 1回(1 部位) 33,000 円(税込) (3) 採血を開始してからのキャンセルについては、キャンセル費用をいただ きます。",rescue strong price context,
V41_01E2307012,01E2307012,D,V41F7F354A1492,近畿,滋賀県,公立甲賀病院,甲賀市水口町松尾1256番地,第三種,自家多血小板血漿（Platelet-rich plasma：PRP）を用いた筋肉、腱、靭帯、筋膜の損傷及び慢性炎症の治療（関節外の軟部組織）,PRP,AUTO,1.0,https://saiseiiryo.mhlw.go.jp/published_plan/download/01E2307012/5/0,35000,税込,両側,,,12,6,"用の総額となります。左右両側に投与する場合は、2 回分の料金となりま す。 PRP 1回(1 部位) 35,000 円(税込) (3) 採血を開始してからキャンセルされた場合は、キャンセル費用をご負担 いただきます。",line-level strong price context,
V41_02E2512024,02E2512024,A,V41F183ECAA334,近畿,滋賀県,医療法人はたスポーツ整形クリニック,守山市下之郷１－１５－８,第三種,多血小板血漿を用いた整形外科領域（関節腔内への投与を除く）の治療,PRP,AUTO,1.0,https://saiseiiryo.mhlw.go.jp/published_plan/download/02E2512024/5/0,55000,税込,,ACP MAX|ACP,Arthrex,8,,"ただきます。 窓口部署:事務 連絡先:077-516-8600 14.費用について 細胞の提供に際して費用は発生しません。 治療の提供に際しては、本治療は公的保険の対象ではありませんので、当院所定の施術料として以下の 金額をお支払いいただきます。 ACPダブルシリンジシステム:55,000 円(税込) ACP MAX PRP システム:132,000 円(税込) ※患者様の症状、その他の事情等により治療費が変動する場合があります。 なお、細胞の採取後や加工後に同意を撤回された場合など、同意を撤回される時点までに費用が発生し ている場合は、発生した費用については患者様にご負担いただきますのでご了承ください。 15.",,
V41_02E2512024,02E2512024,A,V41F183ECAA334,近畿,滋賀県,医療法人はたスポーツ整形クリニック,守山市下之郷１－１５－８,第三種,多血小板血漿を用いた整形外科領域（関節腔内への投与を除く）の治療,PRP,AUTO,1.0,https://saiseiiryo.mhlw.go.jp/published_plan/download/02E2512024/5/0,132000,税込,,ACP MAX|ACP,Arthrex,8,,"00 14.費用について 細胞の提供に際して費用は発生しません。 治療の提供に際しては、本治療は公的保険の対象ではありませんので、当院所定の施術料として以下の 金額をお支払いいただきます。 ACPダブルシリンジシステム:55,000 円(税込) ACP MAX PRP システム:132,000 円(税込) ※患者様の症状、その他の事情等により治療費が変動する場合があります。 なお、細胞の採取後や加工後に同意を撤回された場合など、同意を撤回される時点までに費用が発生し ている場合は、発生した費用については患者様にご負担いただきますのでご了承ください。 15.他の治療法の有無、本治療法との比較について 靭帯・腱及び腱付着",,
V41_01E2405012,01E2405012,B,V41FBB72A8FEDB,近畿,滋賀県,東近江市立能登川病院,東近江市猪子町191,第二種,変形性関節症に対する多血小板血漿（ＰＲＰ）関節内投与療法,PRP,AUTO,1.0,https://saiseiiryo.mhlw.go.jp/published_plan/download/01E2405012/5/0,55000,税込,,,,8,3,"14.費用について 細胞の提供に際して費用は発生しません。 治療の提供に際しては、本治療は公的保険の対象ではありませんので、当院所定の施術料として55,000円 (税込)をお支払いいただきます。 ※患者様の症状、その他の事情等により治療費が変動する場合があります。",line-level medium price context,
V41_01E2404003,01E2404003,C,V41FDC08058A49,近畿,滋賀県,田原整形外科,近江八幡市白鳥町48番地２,第三種,自家多血小板血漿(Platelet-rich plasma:PRP)を用いた筋肉、腱、靭帯、筋膜の損傷及び慢性炎症の治療（関節腔外に限る）,PRP,AUTO,1.0,https://saiseiiryo.mhlw.go.jp/published_plan/download/01E2404003/5/0,50000,税別,1回,,,9,,"治療費用 (1) 本治療は、すべて自費診療であり、健康保険を使用することはできません。 (2) 本治療にかかる費用は、以下のとおりです。なお、費用は、治療に伴う診査、自家PRP 調製のための採血にかかる費用、自家PRP 調製費用、注入にかかる費用の総額となりま す。 PRP 療法1回 5万円 消費税別 11. 試料等の保存及び廃棄の方法 この治療にて採取した血液は、患者様ご自身の治療のみに使用します。ただし,症 例検討や学会発表を目的として,患者様より採取した血液及び調整した細胞加工物 (自家PRP)の測定を行い,データを取得することがあります。 採血した血液の状態により治療に用いなかった血液が発生した場合は",,
V41_03E2607012,03E2607012,D,V41F69E38B4AAB,近畿,滋賀県,長浜赤十字病院,長浜市宮前町14番7号,第二種,多血小板血漿（Platelet-rich plasma：PRP）を用いた変形性関節症治療,PRP,AUTO,1.0,https://saiseiiryo.mhlw.go.jp/published_plan/download/03E2607012/5/0,330000,税込,,,,8,,"や学 会にて結果や経過・治療部位の写真などを公表する可能性がありますが、規程に基づき患者様個人 を特定できる内容が使われることはありません。 当該細胞を用いる再生医療等に係る特許権、著作権その他の財産権又は経済的利 益の帰属に関する事項 該当なし 治療にかかる費用について 330,000 円(消費税込み)/ 一連につき (公的保険の対象ではありません。) 施術後、患者様の個人的な事情及び金銭等に関する問題に関しては一切の責任を負いかねますので ご了承ください。 本治療の実施体制 本治療は、以下の実施体制にて行ないます。 【血液採取を行う医療機関】 医療機関名 住所 : : 長浜赤十字病院 滋賀",,
V41_03E2607012,03E2607012,D,V41F69E38B4AAB,近畿,滋賀県,長浜赤十字病院,長浜市宮前町14番7号,第二種,多血小板血漿（Platelet-rich plasma：PRP）を用いた変形性関節症治療,PRP,AUTO,1.0,https://saiseiiryo.mhlw.go.jp/published_plan/download/03E2607012/5/0,1100,税込,,APS,Zimmer Biomet,-3,,"意思でお決めください。 また、この治療に関して同意した後、患者様のご意思で APS を投与する前までであれば同意を撤回 することができます。同意を撤回することで患者様に不利益が生じることはありません。 尚、PRP 療法当日の同意の撤回について、医師の診察後に同意の撤回があった場合は診察料として 1,100 円(消費税込み)をいただきます。血液加工途中および加工後に同意の撤回があった場合は、 下記の治療にかかる費用の全額をいただきますのでご了承ください。 同意の撤回の後、再度本治療を希望される場合には、改めて説明を受け、同意することで本治療を 受けることができます。 健康被害の補償について 本治療は研究として行われるものではないた",,
V41_02G2511005,02G2511005,A,V41FBA6C214822,九州沖縄,熊本県,熊本整形外科病院,熊本市中央区新屋敷1丁目17-1,第三種,多血小板血漿（Platelet-rich plasma：PRP）を用いた筋、腱、靭帯損傷、肩腱板損傷に対する治療,PRP,AUTO,1.0,https://saiseiiryo.mhlw.go.jp/published_plan/download/02G2511005/5/0,90000,税別,1回,,,9,,"PRP)を用いた筋、腱、靭帯 損傷、肩腱板損傷に対する治療にかかる費用とお支払いに関して この治療は公的保険の対象ではありませんので、当医院の所定の施 術料をお支払いいただきます。 治療にかかる費用は下記の通りとなります。ご不明な点は医師・ス タッフにお尋ねください。 部位を問わず税抜き価格 1回 90,000 円 熊本整形外科病院 住 所 〒862-0975 熊本市中央区新屋敷1丁目 17-1 TEL 096-366-3666 病院長",,
V41_03G2506011,03G2506011,B,V41F7A6CED9A86,九州沖縄,熊本県,"社会医療法人 令和会
熊本リハビリテーション病院",菊池郡菊陽町曲手760,第二種,変形性膝関節症に対する脂肪組織由来再生幹細胞(ADRCs)を用いた細胞治療,脂肪由来幹細胞,AUTO,1.0,https://saiseiiryo.mhlw.go.jp/published_plan/download/03G2506011/5/0,1600000,不明,片側,,,7,8,12. 費用について この治療は保険外診療で、治療にかかる費用は患者様のご負担となります。 片側:160万円・ 両側:180万円(別途消費税) 13. 苦情とお問い合わせ先 この治療内容について、わからないことや、疑問、質問、もう一度聞きたいこと、さら,line-level medium price context,
V41_03G2506011,03G2506011,B,V41F7A6CED9A86,九州沖縄,熊本県,"社会医療法人 令和会
熊本リハビリテーション病院",菊池郡菊陽町曲手760,第二種,変形性膝関節症に対する脂肪組織由来再生幹細胞(ADRCs)を用いた細胞治療,脂肪由来幹細胞,AUTO,1.0,https://saiseiiryo.mhlw.go.jp/published_plan/download/03G2506011/5/0,1800000,不明,片側,,,7,8,12. 費用について この治療は保険外診療で、治療にかかる費用は患者様のご負担となります。 片側:160万円・ 両側:180万円(別途消費税) 13. 苦情とお問い合わせ先 この治療内容について、わからないことや、疑問、質問、もう一度聞きたいこと、さら,line-level medium price context,
V41_03G2506012,03G2506012,C,V41F7A6CED9A86,九州沖縄,熊本県,社会医療法人 令和会　熊本リハビリテーション病院,菊池郡菊陽町曲手760,第二種,慢性疼痛に対する脂肪組織由来再生幹細胞(ADRCs)を用いた細胞治療,脂肪由来幹細胞,QC,1.0,https://saiseiiryo.mhlw.go.jp/published_plan/download/03G2506012/5/0,1750000,不明,,,,5,9,12. 費用について この治療法は保険外診療で、治療にかかる費用は患者様のご負担となります。 175万円(別途消費税) 13. 苦情とお問い合わせ先 この治療内容について、わからないことや、疑問、質問、もう一度聞きたいこと、さら,rescue price candidates remain ambiguous,
V41_01D2408001,01D2408001,D,V41F671E1BEA5A,中部,石川県,特定医療法人社団勝木会　やわたメディカルセンター,小松市八幡イ１２番地７,第二種,自家多血小板血漿（Platelet-rich plasma：PRP）を用いた変形性関節症治療,PRP,AUTO,1.0,https://saiseiiryo.mhlw.go.jp/published_plan/download/01D2408001/5/0,40000,税別,2回,,,9,7,"17.本治療に係る費用に関する事項 本治療は公的保険の対象ではありませんので、当院所定の治療費をお支払いいただきます。 ・治療費用 50,000円(税別) ※学生は40,000円(税別) ・2回目以降 40,000円(税別) ※学生は30,000円(税別) 【キャンセル料について】",line-level strong price context,
V41_01D2408001,01D2408001,D,V41F671E1BEA5A,中部,石川県,特定医療法人社団勝木会　やわたメディカルセンター,小松市八幡イ１２番地７,第二種,自家多血小板血漿（Platelet-rich plasma：PRP）を用いた変形性関節症治療,PRP,AUTO,1.0,https://saiseiiryo.mhlw.go.jp/published_plan/download/01D2408001/5/0,50000,税別,2回,,,9,7,"17.本治療に係る費用に関する事項 本治療は公的保険の対象ではありませんので、当院所定の治療費をお支払いいただきます。 ・治療費用 50,000円(税別) ※学生は40,000円(税別) ・2回目以降 40,000円(税別) ※学生は30,000円(税別) 【キャンセル料について】",line-level strong price context,
V41_03D2512001,03D2512001,A,V41F081A4A2F2A,中部,石川県,金沢泉が丘わたなべクリニック,金沢市泉野出町４丁目１－１１,第二種,変形性関節症に対する多血小板血漿（ＰＲＰ）関節内投与療法,PRP,AUTO,1.0,https://saiseiiryo.mhlw.go.jp/published_plan/download/03D2512001/5/0,45000,税込,,,,8,3,"14.費用について 細胞の提供に際して費用は発生しません。 治療の提供に際しては、本治療は公的保険の対象ではありませんので、当院所定の施術料として45,000円 (税込)をお支払いいただきます。 ※患者様の症状、その他の事情等により治療費が変動する場合があります。",rescue medium price context,
V41_03C2607012,03C2607012,B,V41F555C2C764E,関東,神奈川県,Okuno Clinic.横浜 センター南,横浜市都筑区茅ヶ崎中央36-6　チサンイン横浜都筑2F,第二種,自家多血小板血漿（Platelet-rich plasma：PRP）を用いた慢性関節炎の治療（関節内組織）,PRP,AUTO,1.0,https://saiseiiryo.mhlw.go.jp/published_plan/download/03C2607012/5/0,33000,税込,2 回分,ACP|PEAK,Arthrex|PEAK系,9,,"せ ん。 (2) 本治療にかかる費用は、以下のとおりです。なお、費用は、治療に伴う診 査、PRP 調製のための採血にかかる費用、PRP 調製費用、注入にかかる費 用の総額となります。左右両側に投与する場合は、2 回分です。 キット 費用(PRP 1 回・1 部位)(税込) ACP 33,000 円 PEAK 198,000 円 11. 試料等の保存及び廃棄の方法 患者様から採取した血液と作製したPRP は、患者様ご自身の治療のみ に使用します。ただし、症例検討や学会発表を目的として、血液やPRP の測定を行い、データを取得することがあります。 血液およびPRP は微量で全量を使用するため、保管はしません。治療",,
V41_03C2607012,03C2607012,B,V41F555C2C764E,関東,神奈川県,Okuno Clinic.横浜 センター南,横浜市都筑区茅ヶ崎中央36-6　チサンイン横浜都筑2F,第二種,自家多血小板血漿（Platelet-rich plasma：PRP）を用いた慢性関節炎の治療（関節内組織）,PRP,AUTO,1.0,https://saiseiiryo.mhlw.go.jp/published_plan/download/03C2607012/5/0,198000,税込,2 回分,ACP|PEAK,Arthrex|PEAK系,9,,"かかる費用は、以下のとおりです。なお、費用は、治療に伴う診 査、PRP 調製のための採血にかかる費用、PRP 調製費用、注入にかかる費 用の総額となります。左右両側に投与する場合は、2 回分です。 キット 費用(PRP 1 回・1 部位)(税込) ACP 33,000 円 PEAK 198,000 円 11. 試料等の保存及び廃棄の方法 患者様から採取した血液と作製したPRP は、患者様ご自身の治療のみ に使用します。ただし、症例検討や学会発表を目的として、血液やPRP の測定を行い、データを取得することがあります。 血液およびPRP は微量で全量を使用するため、保管はしません。治療 に用いない血液またはPRP が生じ",,
V41_03C2604033,03C2604033,C,V41F6E97850DA0,関東,神奈川県,SBC整形外科クリニック横浜駅前院,"横浜市西区北幸1-4-1
横浜天理ビル11階",第二種,多血小板血漿（PRP）の投与による変形性関節症治療,PRP,AUTO,1.0,https://saiseiiryo.mhlw.go.jp/published_plan/download/03C2604033/5/0,50000,不明,,,,10,10,"・採血前に治療をとりやめた場合、施術料を全額返金いたします。 ・採血後から投与までの間に治療をとりやめた場合、とりやめまで にかかった実費相当の費用を差し引いた金額として、50,000円(税 別)を返金いたします。 12. その他治療についての注意事項",rescue strong price context,
V41_03C2604033,03C2604033,C,V41F6E97850DA0,関東,神奈川県,SBC整形外科クリニック横浜駅前院,"横浜市西区北幸1-4-1
横浜天理ビル11階",第二種,多血小板血漿（PRP）の投与による変形性関節症治療,PRP,AUTO,1.0,https://saiseiiryo.mhlw.go.jp/published_plan/download/03C2604033/5/0,400000,税別,,,,9,10,"この治療は公的保険の対象ではありませんので、当院の所定の施術 料をお支払いいただきます。 ・施術料 400,000円(税別) (別途、事前の血液検査にかかる費用を実費でご負担いただきま す。)",rescue strong price context,
V41_01C2602018,01C2602018,D,V41F72135F22C1,関東,神奈川県,YSA スポーツと医科学のクリニック 横浜関内,横浜市中区港町1-1-1BASEGATE横浜関内タワー8階,第二種,自家多血小板血漿（PRP）を用いた関節内組織損傷に対する治療,PRP,AUTO,1.0,https://saiseiiryo.mhlw.go.jp/published_plan/download/01C2602018/5/0,36000,税込,1 回,ACP MAX|ACP|APS|GPS,Arthrex|Zimmer Biomet,8,,"れない自由診療です。そのため、患者様の費用負担が高額に なることがあります。当院において実施される本治療および本治療に必要な検査などの費用 は全額自己負担となります。 【自家多血小板血漿(PRP)注入療法の治療費用(1 回)※税別(税込)】 1 ACP ダブルシリンジ システム:36,000 円(39,600 円) 2 ACP MAX PRP システム:180,000 円(198,000 円) 3 GPSIIIシステム:150,000 円(165,000 円) 4 APS キット:350,000 円(385,000 円) ※患者様の症状、その他の事情等により治療費が変動する場合があります。 なお、投与前に同意を撤回",,
V41_01C2602018,01C2602018,D,V41F72135F22C1,関東,神奈川県,YSA スポーツと医科学のクリニック 横浜関内,横浜市中区港町1-1-1BASEGATE横浜関内タワー8階,第二種,自家多血小板血漿（PRP）を用いた関節内組織損傷に対する治療,PRP,AUTO,1.0,https://saiseiiryo.mhlw.go.jp/published_plan/download/01C2602018/5/0,39600,税込,1 回,ACP MAX|ACP|APS|GPS,Arthrex|Zimmer Biomet,8,,"。そのため、患者様の費用負担が高額に なることがあります。当院において実施される本治療および本治療に必要な検査などの費用 は全額自己負担となります。 【自家多血小板血漿(PRP)注入療法の治療費用(1 回)※税別(税込)】 1 ACP ダブルシリンジ システム:36,000 円(39,600 円) 2 ACP MAX PRP システム:180,000 円(198,000 円) 3 GPSIIIシステム:150,000 円(165,000 円) 4 APS キット:350,000 円(385,000 円) ※患者様の症状、その他の事情等により治療費が変動する場合があります。 なお、投与前に同意を撤回した場合、その時点",,
V41_01C2602018,01C2602018,D,V41F72135F22C1,関東,神奈川県,YSA スポーツと医科学のクリニック 横浜関内,横浜市中区港町1-1-1BASEGATE横浜関内タワー8階,第二種,自家多血小板血漿（PRP）を用いた関節内組織損傷に対する治療,PRP,AUTO,1.0,https://saiseiiryo.mhlw.go.jp/published_plan/download/01C2602018/5/0,180000,税込,1 回,ACP MAX|ACP|APS|GPS,Arthrex|Zimmer Biomet,8,,"院において実施される本治療および本治療に必要な検査などの費用 は全額自己負担となります。 【自家多血小板血漿(PRP)注入療法の治療費用(1 回)※税別(税込)】 1 ACP ダブルシリンジ システム:36,000 円(39,600 円) 2 ACP MAX PRP システム:180,000 円(198,000 円) 3 GPSIIIシステム:150,000 円(165,000 円) 4 APS キット:350,000 円(385,000 円) ※患者様の症状、その他の事情等により治療費が変動する場合があります。 なお、投与前に同意を撤回した場合、その時点までに費用が発生している場合、発生した費 用は患者様にご負担い",,
V41_01C2602018,01C2602018,D,V41F72135F22C1,関東,神奈川県,YSA スポーツと医科学のクリニック 横浜関内,横浜市中区港町1-1-1BASEGATE横浜関内タワー8階,第二種,自家多血小板血漿（PRP）を用いた関節内組織損傷に対する治療,PRP,AUTO,1.0,https://saiseiiryo.mhlw.go.jp/published_plan/download/01C2602018/5/0,198000,税込,1 回,ACP MAX|ACP|APS|GPS,Arthrex|Zimmer Biomet,8,,"本治療および本治療に必要な検査などの費用 は全額自己負担となります。 【自家多血小板血漿(PRP)注入療法の治療費用(1 回)※税別(税込)】 1 ACP ダブルシリンジ システム:36,000 円(39,600 円) 2 ACP MAX PRP システム:180,000 円(198,000 円) 3 GPSIIIシステム:150,000 円(165,000 円) 4 APS キット:350,000 円(385,000 円) ※患者様の症状、その他の事情等により治療費が変動する場合があります。 なお、投与前に同意を撤回した場合、その時点までに費用が発生している場合、発生した費 用は患者様にご負担いただきます。",,
V41_01C2602018,01C2602018,D,V41F72135F22C1,関東,神奈川県,YSA スポーツと医科学のクリニック 横浜関内,横浜市中区港町1-1-1BASEGATE横浜関内タワー8階,第二種,自家多血小板血漿（PRP）を用いた関節内組織損傷に対する治療,PRP,AUTO,1.0,https://saiseiiryo.mhlw.go.jp/published_plan/download/01C2602018/5/0,150000,税込,1 回,ACP MAX|ACP|APS|GPS,Arthrex|Zimmer Biomet,0,,"己負担となります。 【自家多血小板血漿(PRP)注入療法の治療費用(1 回)※税別(税込)】 1 ACP ダブルシリンジ システム:36,000 円(39,600 円) 2 ACP MAX PRP システム:180,000 円(198,000 円) 3 GPSIIIシステム:150,000 円(165,000 円) 4 APS キット:350,000 円(385,000 円) ※患者様の症状、その他の事情等により治療費が変動する場合があります。 なお、投与前に同意を撤回した場合、その時点までに費用が発生している場合、発生した費 用は患者様にご負担いただきます。 12. 健康被害発生時の処置と補償 健",,
V41_01C2602018,01C2602018,D,V41F72135F22C1,関東,神奈川県,YSA スポーツと医科学のクリニック 横浜関内,横浜市中区港町1-1-1BASEGATE横浜関内タワー8階,第二種,自家多血小板血漿（PRP）を用いた関節内組織損傷に対する治療,PRP,AUTO,1.0,https://saiseiiryo.mhlw.go.jp/published_plan/download/01C2602018/5/0,165000,税込,1 回,ACP MAX|ACP|APS|GPS,Arthrex|Zimmer Biomet,0,,"【自家多血小板血漿(PRP)注入療法の治療費用(1 回)※税別(税込)】 1 ACP ダブルシリンジ システム:36,000 円(39,600 円) 2 ACP MAX PRP システム:180,000 円(198,000 円) 3 GPSIIIシステム:150,000 円(165,000 円) 4 APS キット:350,000 円(385,000 円) ※患者様の症状、その他の事情等により治療費が変動する場合があります。 なお、投与前に同意を撤回した場合、その時点までに費用が発生している場合、発生した費 用は患者様にご負担いただきます。 12. 健康被害発生時の処置と補償 健康被害が発生した場合",,
V41_01C2602018,01C2602018,D,V41F72135F22C1,関東,神奈川県,YSA スポーツと医科学のクリニック 横浜関内,横浜市中区港町1-1-1BASEGATE横浜関内タワー8階,第二種,自家多血小板血漿（PRP）を用いた関節内組織損傷に対する治療,PRP,AUTO,1.0,https://saiseiiryo.mhlw.go.jp/published_plan/download/01C2602018/5/0,350000,税込,1 回,ACP MAX|ACP|APS|GPS,Arthrex|Zimmer Biomet,0,,")注入療法の治療費用(1 回)※税別(税込)】 1 ACP ダブルシリンジ システム:36,000 円(39,600 円) 2 ACP MAX PRP システム:180,000 円(198,000 円) 3 GPSIIIシステム:150,000 円(165,000 円) 4 APS キット:350,000 円(385,000 円) ※患者様の症状、その他の事情等により治療費が変動する場合があります。 なお、投与前に同意を撤回した場合、その時点までに費用が発生している場合、発生した費 用は患者様にご負担いただきます。 12. 健康被害発生時の処置と補償 健康被害が発生した場合は適切な医療対応を行います。 また、無過失",,
V41_01C2602018,01C2602018,D,V41F72135F22C1,関東,神奈川県,YSA スポーツと医科学のクリニック 横浜関内,横浜市中区港町1-1-1BASEGATE横浜関内タワー8階,第二種,自家多血小板血漿（PRP）を用いた関節内組織損傷に対する治療,PRP,AUTO,1.0,https://saiseiiryo.mhlw.go.jp/published_plan/download/01C2602018/5/0,385000,税込,1 回,ACP MAX|ACP|APS|GPS,Arthrex|Zimmer Biomet,0,,"(1 回)※税別(税込)】 1 ACP ダブルシリンジ システム:36,000 円(39,600 円) 2 ACP MAX PRP システム:180,000 円(198,000 円) 3 GPSIIIシステム:150,000 円(165,000 円) 4 APS キット:350,000 円(385,000 円) ※患者様の症状、その他の事情等により治療費が変動する場合があります。 なお、投与前に同意を撤回した場合、その時点までに費用が発生している場合、発生した費 用は患者様にご負担いただきます。 12. 健康被害発生時の処置と補償 健康被害が発生した場合は適切な医療対応を行います。 また、無過失における補償の制度は",,
V41_01C2602021,01C2602021,A,V41FC92F62991F,関東,神奈川県,YSA スポーツと医科学のクリニック横浜関内,横浜市中区港町1丁目1番地 BASEGATE横浜関内 8F,第三種,四肢の筋・腱・靱帯及びその付着部の外傷・障害を対象とした自家多血小板血漿（PRP）注入療法,PRP,AUTO,1.0,https://saiseiiryo.mhlw.go.jp/published_plan/download/01C2602021/5/0,36000,税込,1 回,ACP MAX|ACP|GPS,Arthrex|Zimmer Biomet,8,,"れない自由診療です。そのため、患者様の費用負担が高額に なることがあります。当院において実施される本治療および本治療に必要な検査などの費用 は全額自己負担となります。 【自家多血小板血漿(PRP)注入療法の治療費用(1 回)※税別(税込)】 1 ACP ダブルシリンジ システム:36,000 円(39,600 円) 2 ACP MAX PRP システム:180,000 円(198,000 円) 3 GPSIIIシステム:150,000 円(165,000 円) ※患者様の症状、その他の事情等により治療費が変動する場合があります。 なお、投与前に同意を撤回した場合、その時点までに費用が発生している場合、発生した費 用は",,
V41_01C2602021,01C2602021,A,V41FC92F62991F,関東,神奈川県,YSA スポーツと医科学のクリニック横浜関内,横浜市中区港町1丁目1番地 BASEGATE横浜関内 8F,第三種,四肢の筋・腱・靱帯及びその付着部の外傷・障害を対象とした自家多血小板血漿（PRP）注入療法,PRP,AUTO,1.0,https://saiseiiryo.mhlw.go.jp/published_plan/download/01C2602021/5/0,39600,税込,1 回,ACP MAX|ACP|GPS,Arthrex|Zimmer Biomet,8,,"。そのため、患者様の費用負担が高額に なることがあります。当院において実施される本治療および本治療に必要な検査などの費用 は全額自己負担となります。 【自家多血小板血漿(PRP)注入療法の治療費用(1 回)※税別(税込)】 1 ACP ダブルシリンジ システム:36,000 円(39,600 円) 2 ACP MAX PRP システム:180,000 円(198,000 円) 3 GPSIIIシステム:150,000 円(165,000 円) ※患者様の症状、その他の事情等により治療費が変動する場合があります。 なお、投与前に同意を撤回した場合、その時点までに費用が発生している場合、発生した費 用は患者様にご負担いた",,
V41_01C2602021,01C2602021,A,V41FC92F62991F,関東,神奈川県,YSA スポーツと医科学のクリニック横浜関内,横浜市中区港町1丁目1番地 BASEGATE横浜関内 8F,第三種,四肢の筋・腱・靱帯及びその付着部の外傷・障害を対象とした自家多血小板血漿（PRP）注入療法,PRP,AUTO,1.0,https://saiseiiryo.mhlw.go.jp/published_plan/download/01C2602021/5/0,150000,税込,1 回,ACP MAX|ACP|GPS,Arthrex|Zimmer Biomet,0,,"己負担となります。 【自家多血小板血漿(PRP)注入療法の治療費用(1 回)※税別(税込)】 1 ACP ダブルシリンジ システム:36,000 円(39,600 円) 2 ACP MAX PRP システム:180,000 円(198,000 円) 3 GPSIIIシステム:150,000 円(165,000 円) ※患者様の症状、その他の事情等により治療費が変動する場合があります。 なお、投与前に同意を撤回した場合、その時点までに費用が発生している場合、発生した費 用は患者様にご負担いただきます。 12. 健康被害発生時の処置と補償 健康被害が発生した場合は適切な医療対応を行います。 また、無過失における補",,
V41_01C2602021,01C2602021,A,V41FC92F62991F,関東,神奈川県,YSA スポーツと医科学のクリニック横浜関内,横浜市中区港町1丁目1番地 BASEGATE横浜関内 8F,第三種,四肢の筋・腱・靱帯及びその付着部の外傷・障害を対象とした自家多血小板血漿（PRP）注入療法,PRP,AUTO,1.0,https://saiseiiryo.mhlw.go.jp/published_plan/download/01C2602021/5/0,165000,税込,1 回,ACP MAX|ACP|GPS,Arthrex|Zimmer Biomet,0,,"【自家多血小板血漿(PRP)注入療法の治療費用(1 回)※税別(税込)】 1 ACP ダブルシリンジ システム:36,000 円(39,600 円) 2 ACP MAX PRP システム:180,000 円(198,000 円) 3 GPSIIIシステム:150,000 円(165,000 円) ※患者様の症状、その他の事情等により治療費が変動する場合があります。 なお、投与前に同意を撤回した場合、その時点までに費用が発生している場合、発生した費 用は患者様にご負担いただきます。 12. 健康被害発生時の処置と補償 健康被害が発生した場合は適切な医療対応を行います。 また、無過失における補償の制度はありません",,
V41_01C2602021,01C2602021,A,V41FC92F62991F,関東,神奈川県,YSA スポーツと医科学のクリニック横浜関内,横浜市中区港町1丁目1番地 BASEGATE横浜関内 8F,第三種,四肢の筋・腱・靱帯及びその付着部の外傷・障害を対象とした自家多血小板血漿（PRP）注入療法,PRP,AUTO,1.0,https://saiseiiryo.mhlw.go.jp/published_plan/download/01C2602021/5/0,180000,税込,1 回,ACP MAX|ACP|GPS,Arthrex|Zimmer Biomet,0,,"院において実施される本治療および本治療に必要な検査などの費用 は全額自己負担となります。 【自家多血小板血漿(PRP)注入療法の治療費用(1 回)※税別(税込)】 1 ACP ダブルシリンジ システム:36,000 円(39,600 円) 2 ACP MAX PRP システム:180,000 円(198,000 円) 3 GPSIIIシステム:150,000 円(165,000 円) ※患者様の症状、その他の事情等により治療費が変動する場合があります。 なお、投与前に同意を撤回した場合、その時点までに費用が発生している場合、発生した費 用は患者様にご負担いただきます。 12. 健康被害発生時の処置と補償 健康被",,
V41_01C2602021,01C2602021,A,V41FC92F62991F,関東,神奈川県,YSA スポーツと医科学のクリニック横浜関内,横浜市中区港町1丁目1番地 BASEGATE横浜関内 8F,第三種,四肢の筋・腱・靱帯及びその付着部の外傷・障害を対象とした自家多血小板血漿（PRP）注入療法,PRP,AUTO,1.0,https://saiseiiryo.mhlw.go.jp/published_plan/download/01C2602021/5/0,198000,税込,1 回,ACP MAX|ACP|GPS,Arthrex|Zimmer Biomet,0,,"本治療および本治療に必要な検査などの費用 は全額自己負担となります。 【自家多血小板血漿(PRP)注入療法の治療費用(1 回)※税別(税込)】 1 ACP ダブルシリンジ システム:36,000 円(39,600 円) 2 ACP MAX PRP システム:180,000 円(198,000 円) 3 GPSIIIシステム:150,000 円(165,000 円) ※患者様の症状、その他の事情等により治療費が変動する場合があります。 なお、投与前に同意を撤回した場合、その時点までに費用が発生している場合、発生した費 用は患者様にご負担いただきます。 12. 健康被害発生時の処置と補償 健康被害が発生した場合は適",,
V41_02C1910113,02C1910113,B,V41F2BC37C8D3F,関東,神奈川県,いしずえ整形外科,"横浜市戸塚区戸塚町99
ポルテさくら2F",第二種,多血小板血漿（PRP）の投与による変形性関節症治療,PRP,AUTO,1.0,https://saiseiiryo.mhlw.go.jp/published_plan/download/02C1910113/5/0,295000,不明,,APS,Zimmer Biomet,7,,"ん 一方でAPS治療は、患者様自身の血液から製造するため、アレル ギー反応等の可能性は極めて低いと考えられます 7.治療費につい て APS治療は公的保険の対象ではないため、当院所定の施術料をお支 払いいただきます APS関節治療 ¥295,000円 (上記金額は当日のみの金額になります 患者様の症状によって は、上記治療費以外に、装具固定費用等、上記金額とは別にいただ く場合がございます) **振り込み先等詳細は別途ご案内いたします 8.その他治療についての注意事 項 患者様の体調が良くない場合や、採取した血液の状",,
V41_01C2605011,01C2605011,D,V41F489D249EC0,関東,神奈川県,さこ整形外科・リハビリテーション科,秦野市大秦町2-16クリエイトエス・ディー秦野大秦町店2F,第二種,自家多血小板血漿（PRP）を用いた関節内組織損傷に対する治療,PRP,AUTO,1.0,https://saiseiiryo.mhlw.go.jp/published_plan/download/01C2605011/5/0,80000,税別,1 回,MyCells|Condensia,MyCells系|京セラ,9,,"この再生医療治療は、医療保険適用外(自由診療)施術ですので全額自費でお支払いい ただきます。病態及び患者との相談により以下のPRP キットから利用するキットを選 択します。治療費は以下の通りです。 【1 回当たりの治療費(税別)】 1 Condensia PRP 調製キットを用いた治療:80,000 円 2 Mycells PRP キットを用いた治療:80,000 円 ※血液検査を実施した場合、検査料が別途必要となります。 ※患者様の症状によっては、治療を数回行うことがあります。治療前、または治療後の 状態から担当医師が判断し、患者様にお伝えしご相談させて頂きます。 ※治療内容・回数により1回あたりの費用が減額される場合がご",,
V41_01C2605012,01C2605012,C,V41F489D249EC0,関東,神奈川県,さこ整形外科・リハビリテーション科,秦野市大秦町2-16クリエイトエス・ディー秦野大秦町店2F,第三種,四肢の筋・腱・靱帯及びその付着部の傷害を対象とした自家多血小板血漿（PRP）注入療法,PRP,AUTO,1.0,https://saiseiiryo.mhlw.go.jp/published_plan/download/01C2605012/5/0,80000,税別,1 回,MyCells|Condensia,MyCells系|京セラ,9,,"この再生医療治療は、医療保険適用外(自由診療)施術ですので全額自費でお支払い いただきます。病態及び患者との相談により以下のPRP キットから利用するキットを 選択します。治療費は以下の通りです。 【1 回当たりの治療費(税別)】 1 Condensia PRP 調製キットを用いた治療:80,000 円 2 Mycells PRP キットを用いた治療:80,000 円 ※血液検査を実施した場合、検査料が別途必要となります。 ※患者様の症状によっては、治療を数回行うことがあります。治療前、または治療後 の状態から担当医師が判断し、患者様にお伝えしご相談させて頂きます。 ※治療内容・回数により1回あたりの費用が減額される場合がご",,
V41_01C2310010,01C2310010,A,V41F159BE50C8B,関東,神奈川県,のぼりと整形外科診療所,川崎市多摩区登戸1854クリエイトS・D 川崎向ヶ丘遊園店 2階,第三種,"自己多血小板血漿(PRP)を用いた筋・腱・靱帯損傷部の
治癒促進を目的とした整形外科治療",PRP,QC,1.0,https://saiseiiryo.mhlw.go.jp/published_plan/download/01C2310010/5/0,33000,税込,,,,5,1,"る場合があります。 □ 治療費は、 スモールスピッツ1本あたり...33,000円(税込) ラージスピッツ1 本あたり...66,000円(税込)です。 □ 細胞提供者と受領者(施術対象者)は同一人のため、細胞提供者",rescue price candidates remain ambiguous,
V41_01C2310010,01C2310010,A,V41F159BE50C8B,関東,神奈川県,のぼりと整形外科診療所,川崎市多摩区登戸1854クリエイトS・D 川崎向ヶ丘遊園店 2階,第三種,"自己多血小板血漿(PRP)を用いた筋・腱・靱帯損傷部の
治癒促進を目的とした整形外科治療",PRP,QC,1.0,https://saiseiiryo.mhlw.go.jp/published_plan/download/01C2310010/5/0,66000,税込,,,,5,1,"□ 治療費は、 スモールスピッツ1本あたり...33,000円(税込) ラージスピッツ1 本あたり...66,000円(税込)です。 □ 細胞提供者と受領者(施術対象者)は同一人のため、細胞提供者 の選択は行いません。",rescue price candidates remain ambiguous,
V41_01C2512039,01C2512039,B,V41F0087EBF330,関東,神奈川県,ふくむら整形外科,"横浜市戸塚区下倉田町１８６９－１　
横浜戸塚メディカルビル　3階",第二種,多血小板血漿（PRP）の投与による変形性関節症治療,PRP,QC,1.0,https://saiseiiryo.mhlw.go.jp/published_plan/download/01C2512039/5/0,,,,,,,,,no price found after text/OCR pass,RuntimeError: Tesseract process timeout
V41_01C2512043,01C2512043,C,V41F0087EBF330,関東,神奈川県,ふくむら整形外科,"横浜市戸塚区下倉田町１８６９－１　
横浜戸塚メディカルビル　3階",第三種,"多血小板血漿（PRP）を用いた筋肉、腱、靭帯、筋膜の損傷及び慢性炎症の治療（関節外の軟部組
織）",PRP,QC,1.0,https://saiseiiryo.mhlw.go.jp/published_plan/download/01C2512043/5/0,,,,,,,,,no price found after rescue text/OCR pass,Rescue completed; OCR page timeouts=0
V41_01C2105005,01C2105005,D,V41FFBF882BFD1,関東,神奈川県,ほんだ整形外科クリニック,平塚市明石町1番23号 平塚明石ビル2・3階,第二種,自家多血小板血漿（Platelet-rich plasma：PRP）を用いた慢性関節炎の治療（関節内組織）,PRP,AUTO,1.0,https://saiseiiryo.mhlw.go.jp/published_plan/download/01C2105005/5/0,40000,税別,2 回分,,,9,,とはできません。 (2) 本治療にかかる費用は、以下のとおりです。なお、費用は、治療に伴う診査、 自家PRP 調製のための採血にかかる費用、自家PRP 調製費用、注入にかか る費用の総額となります。左右両側に投与する場合は、2 回分です。 PRP 療法1回(1 部位) 4万円(消費税別) 11. 試料等の保存及び廃棄の方法 患者様から採取した血液と作製したPRP は、患者様ご自身の治療のみに 使用します。ただし、症例検討や学会発表を目的として、血液やPRP の測 定を行い、データを取得することがあります。 血液およびPRP は微量で全量を使用するため、保管はしません。治療に 用いない血液ま,,
V41_01C2108035,01C2108035,A,V41F0E099E2CA9,関東,神奈川県,エムズクリニック,横浜市鶴見区鶴見中央1丁目9−21 ニッコービルマーク2　1F,第三種,自己多血小板血漿（ＰＲＰ）を用いた筋・腱・靭帯の損傷組織修復療法,PRP,AUTO,1.0,https://saiseiiryo.mhlw.go.jp/published_plan/download/01C2108035/5/0,30000,税込,一部位,,,13,1,"□ 血小板活性を促すためにアドレナリン含有リドカインを少量加え る場合があります。 □ 治療費は、一部位につき 30,000円 (税込)です。 □ 細胞提供者と受領者(施術対象者)は同一人のため、細胞提供者 の選択は行いません。",rescue strong price context,
V41_02C2409002,02C2409002,B,V41F7D5B35BE6C,関東,神奈川県,シン・整形外科 網島,横浜市港北区網島東１丁目７－１０　リンコー網島ビル,第二種,多血小板血漿（PRP）による変形性関節症治療,PRP,AUTO,1.0,https://saiseiiryo.mhlw.go.jp/published_plan/download/02C2409002/5/0,165000,税込,1部位,,,9,,"合は、同意書の該当項目にレ点を入れてください。 11. 患者様の費用負担について 本治療は自由診療※となり、健康保険が適用にならず、本来健康保険が適用される治療も 含め、全額自己負担となります。 施術費用は下記の通りとなります。 PRP 変形性関節症治療 1部位1クール 165,000 円(税込) PRP 変形性関節症治療 2 部位1クール 286,000 円(税込) (標準的な治療費用。採血及び上記投与回数分の費用を含む) · 治療回数は症状及び治療内容により異なるため、担当医師より患者様に最適な治療回 数をご説明します。治療間隔については症状を見ながら決めていきますが、原則とし て既定投与回数が終了",,
V41_02C2409002,02C2409002,B,V41F7D5B35BE6C,関東,神奈川県,シン・整形外科 網島,横浜市港北区網島東１丁目７－１０　リンコー網島ビル,第二種,多血小板血漿（PRP）による変形性関節症治療,PRP,AUTO,1.0,https://saiseiiryo.mhlw.go.jp/published_plan/download/02C2409002/5/0,286000,税込,1部位,,,9,,"いて 本治療は自由診療※となり、健康保険が適用にならず、本来健康保険が適用される治療も 含め、全額自己負担となります。 施術費用は下記の通りとなります。 PRP 変形性関節症治療 1部位1クール 165,000 円(税込) PRP 変形性関節症治療 2 部位1クール 286,000 円(税込) (標準的な治療費用。採血及び上記投与回数分の費用を含む) · 治療回数は症状及び治療内容により異なるため、担当医師より患者様に最適な治療回 数をご説明します。治療間隔については症状を見ながら決めていきますが、原則とし て既定投与回数が終了した後3 ヶ月間の経過観察を行い、再度治療の適応があるか判 断致します。 ·",,
V41_02C2409003,02C2409003,C,V41F7D5B35BE6C,関東,神奈川県,シン・整形外科 網島,横浜市港北区網島東１丁目７－１０　リンコー網島ビル,第三種,多血小板血漿（PRP）を用いた筋、腱、靭帯への治療,PRP,AUTO,1.0,https://saiseiiryo.mhlw.go.jp/published_plan/download/02C2409003/5/0,165000,税込,1 回,,,8,,"の該当項目にレ点を入れてください。 11. 患者様の費用負担について 本治療は自由診療※となり、健康保険が適用にならず、本来健康保険が適用される治療も含 め、すべて全額自己負担となります。 施術費用は下記の通りとなります。 (製造委託) PRP 筋、腱、靭帯への治療 1 回投与 165,000 円(税込) PRP 筋、腱、靭帯への治療 2 回投与 286,000 円(税込) (標準的な治療費用。採血及び上記投与回数分の費用を含む) ・ 治療回数は症状及び治療内容により異なるため、担当医師より患者様に最適な治療回数 をご説明します。治療間隔については症状を見ながら決めていきますが、原則として既 定投与回数が終了した後3",,
V41_02C2409003,02C2409003,C,V41F7D5B35BE6C,関東,神奈川県,シン・整形外科 網島,横浜市港北区網島東１丁目７－１０　リンコー網島ビル,第三種,多血小板血漿（PRP）を用いた筋、腱、靭帯への治療,PRP,AUTO,1.0,https://saiseiiryo.mhlw.go.jp/published_plan/download/02C2409003/5/0,286000,税込,1 回,,,8,,"本治療は自由診療※となり、健康保険が適用にならず、本来健康保険が適用される治療も含 め、すべて全額自己負担となります。 施術費用は下記の通りとなります。 (製造委託) PRP 筋、腱、靭帯への治療 1 回投与 165,000 円(税込) PRP 筋、腱、靭帯への治療 2 回投与 286,000 円(税込) (標準的な治療費用。採血及び上記投与回数分の費用を含む) ・ 治療回数は症状及び治療内容により異なるため、担当医師より患者様に最適な治療回数 をご説明します。治療間隔については症状を見ながら決めていきますが、原則として既 定投与回数が終了した後3 ヶ月間の経過観察を行い、再度治療の適応があるか判断致し ます。",,
V41_01C1909033,01C1909033,A,V41F342EAF9B2F,関東,神奈川県,センター南ＧＯＴＯクリニック,横浜市都筑区茅ヶ崎中央１－２　センター南光ビル　４階,第二種,多血小板血漿抽出液による関節症治療,APS/PRP,AUTO,1.0,https://saiseiiryo.mhlw.go.jp/published_plan/download/01C1909033/5/0,150000,不明,,APS|GPS|Zimmer,Zimmer Biomet,7,,"長)へと報告して対応させていただきます。 窓口部署:問合せ窓口 連絡先:045-532-3508 12.費用について この治療は公的保険の対象ではありませんので、当院所定の施術料をお支払いいただきます。 ・ZIMMER BIOMET 製 GPS®IIIシステム使用 150,000円 (APSキットを使用せず、作製したPRPをそのまま使用する場合) GPS®IIIシステム、APSキット使用 300,000円 (APSキットを使用してさらに抽出を行い純度を高めて使用する場合) ※患者様の症状、その他の事情等により治療費が変動する場合があります。 なお、細胞の採取後や加工後",,
V41_01C1909033,01C1909033,A,V41F342EAF9B2F,関東,神奈川県,センター南ＧＯＴＯクリニック,横浜市都筑区茅ヶ崎中央１－２　センター南光ビル　４階,第二種,多血小板血漿抽出液による関節症治療,APS/PRP,AUTO,1.0,https://saiseiiryo.mhlw.go.jp/published_plan/download/01C1909033/5/0,300000,不明,,APS|GPS|Zimmer,Zimmer Biomet,7,,"んので、当院所定の施術料をお支払いいただきます。 ・ZIMMER BIOMET 製 GPS®IIIシステム使用 150,000円 (APSキットを使用せず、作製したPRPをそのまま使用する場合) GPS®IIIシステム、APSキット使用 300,000円 (APSキットを使用してさらに抽出を行い純度を高めて使用する場合) ※患者様の症状、その他の事情等により治療費が変動する場合があります。 なお、細胞の採取後や加工後に同意を撤回された場合など、同意を撤回される時点までに費用が発生し ている場合は、発生した費用については患者様にご負担いただきますのでご了承ください。 13.",,
V41_01C1909034,01C1909034,D,V41F825CEB6592,関東,神奈川県,センター南ＧＯＴＯクリニック,浜市都筑区茅ヶ崎中央１－２　センター南光ビル　４階,第三種,多血小板血漿を用いた靭帯・腱及び腱付着部の機能障害・疾患の治療,PRP,AUTO,1.0,https://saiseiiryo.mhlw.go.jp/published_plan/download/01C1909034/5/0,80000,不明,,GPS|Zimmer,Zimmer Biomet,7,,"医師、管理者(院長)へと報告して対応させていただきます。 窓口部署:問合せ窓口 連絡先:045-532-3508 12.費用について この治療は公的保険の対象ではありませんので、当院所定の施術料をお支払いいただきます。 ・ZIMMER BIOMET 製 GPS®IIIシステム使用 80,000円 ※患者様の症状、その他の事情等により治療費が変動する場合があります。 なお、細胞の採取後や加工後に同意を撤回された場合など、同意を撤回される時点までに費用が発生し ている場合は、発生した費用については患者様にご負担いただきますのでご了承ください。 13.他の治療法の有無、本治療法との比較について 靭帯・腱及び腱付着部の機",,
V41_01C2302050,01C2302050,B,V41FD071593495,関東,神奈川県,ヴェルディクリニック,川崎市多摩区菅仙谷4-1-1　東京ヴェルディクラブハウス内,第二種,自家多血小板血漿（Platelet-rich plasma：PRP）を用いた慢性関節炎の治療（関節内組織）,PRP,AUTO,1.0,https://saiseiiryo.mhlw.go.jp/published_plan/download/01C2302050/5/0,50000,税込,2 回分,,,9,,"できませ ん。 6 (2) 本治療にかかる費用は、以下のとおりです。なお、費用は、治療に伴う診 査、PRP 調製のための採血にかかる費用、PRP 調製費用、注入にかかる費 用の総額となります。左右両側に投与する場合は、2 回分です。 PRP 1 回(1 部位) 50,000 円(税込) 11. 試料等の保存及び廃棄の方法 患者様から採取した血液と作製したPRP は、患者様ご自身の治療のみ に使用します。ただし、症例検討や学会発表を目的として、血液やPRP の測定を行い、データを取得することがあります。 血液およびPRP は微量で全量を使用するため、保管はしません。治療 に用いない血液またはPRP",,
V41_01C2302051,01C2302051,C,V41FD071593495,関東,神奈川県,ヴェルディクリニック,川崎市多摩区菅仙谷4-1-1　東京ヴェルディクラブハウス内,第三種,自家多血小板血漿（Platelet-rich plasma：PRP）を用いた筋肉、腱、靭帯、筋膜の損傷及び慢性炎症の治療（関節外の軟部組織）,PRP,AUTO,1.0,https://saiseiiryo.mhlw.go.jp/published_plan/download/01C2302051/5/0,50000,税込,2 回分,,,9,,"ることはできませ ん。 (2) 本治療にかかる費用は、以下のとおりです。なお、費用は、治療に伴う診 査、PRP 作製のための採血にかかる費用、PRP 作製費用、注入にかかる費 用の総額となります。左右両側に投与する場合は、2 回分です。 PRP 1 回(1 部位) 50,000 円(税込) 11. 試料等の保存及び廃棄の方法 患者様から採取した血液と作製したPRP は、患者様ご自身の治療のみ に使用します。ただし、症例検討や学会発表を目的として、血液やPRP の測定を行い、データを取得することがあります。 血液およびPRP は微量で全量を使用するため、保管はしません。治療 に用いない血液またはPRP",,
V41_01C2602011,01C2602011,A,V41FBB369DF977,関東,神奈川県,三ツ沢SORA整形外科,横浜市神奈川区三ツ沢上町5-14グランシャリオ三ッ沢 1階,第二種,変形性関節症を対象とした自家多血小板血漿（PRP）注入療法,PRP,AUTO,1.0,https://saiseiiryo.mhlw.go.jp/published_plan/download/01C2602011/5/0,80000,税込,1 回,Condensia,京セラ,9,,"されない自由診療です。そのため、患者様の費用負担が 他の治療よりも高額になることがあります。当院において実施される本治療および本治 療に必要な検査などの費用は全額自己負担となります。 血液分離専用容器キットによる提供価格 PRP:(京セラCondensia システム)使用 ・・・・・1 回80,000 円(税込) ※患者様の症状によっては、治療を数回行うことがあります。治療前、または治療後の 状態から担当医師が判断し、患者様にお伝えしご相談させて頂きます。 ※治療内容・回数により1回あたりの費用が減額される場合がございます。施術する前 に詳細な説明をいたしますので、ご納得いただいた上で施術をお受けいただけますよ うお願い申し上げ",,
V41_01C2602011,01C2602011,A,V41FBB369DF977,関東,神奈川県,三ツ沢SORA整形外科,横浜市神奈川区三ツ沢上町5-14グランシャリオ三ッ沢 1階,第二種,変形性関節症を対象とした自家多血小板血漿（PRP）注入療法,PRP,AUTO,1.0,https://saiseiiryo.mhlw.go.jp/published_plan/download/01C2602011/5/0,15000,不明,,,,-8,,"受けた後に同意されない場合でも、一切不利益を受けることはありません。 また同様に、治療を受けることに同意した場合であっても、投与までの間でしたらい つでも取りやめることができます。その場合、その後の治療について一切不利益は受け ません。(ただし下記のキャンセル料は申し受けます) 採血後~加工前 15,000 円 加工後~投与前 全額 もしこの治療を受けることに同意しない場合も、最適と考えられる治療を実施できる ように患者様の治療に最善を尽くします。 ただし、治療を行った後は、健康管理のために必要に応じて適切な検査を受けていた だき、医学的に問題がないかを確認させていただきます。 11. 試料等の保管及び廃棄の方法について",,
V41_01C2602012,01C2602012,D,V41FBB369DF977,関東,神奈川県,三ツ沢SORA整形外科,横浜市神奈川区三ツ沢上町5-14グランシャリオ三ッ沢 1階,第三種,四肢の筋・腱・靱帯及びその付着部の傷害を対象とした自家多血小板血漿（PRP）注入療法,PRP,AUTO,1.0,https://saiseiiryo.mhlw.go.jp/published_plan/download/01C2602012/5/0,80000,税込,1 回,Condensia,京セラ,9,,"されない自由診療です。そのため、患者様の費用負担が 他の治療よりも高額になることがあります。当院において実施される本治療および本治 療に必要な検査などの費用は全額自己負担となります。 血液分離専用容器キットによる提供価格 PRP:(京セラCondensia システム)使用 ・・・・・1 回80,000 円(税込) ※患者様の症状によっては、治療を数回行うことがあります。治療前、または治療後 の状態から担当医師が判断し、患者様にお伝えしご相談させて頂きます。 ※治療内容・回数により1回あたりの費用が減額される場合がございます。施術する 前に詳細な説明をいたしますので、ご納得いただいた上で施術いただきますようお 願い申し上げます。",,
V41_01C2602012,01C2602012,D,V41FBB369DF977,関東,神奈川県,三ツ沢SORA整形外科,横浜市神奈川区三ツ沢上町5-14グランシャリオ三ッ沢 1階,第三種,四肢の筋・腱・靱帯及びその付着部の傷害を対象とした自家多血小板血漿（PRP）注入療法,PRP,AUTO,1.0,https://saiseiiryo.mhlw.go.jp/published_plan/download/01C2602012/5/0,15000,不明,,,,-8,,"けた後に同意されない場合でも、一切不利益を受けることはありません。 また同様に、治療を受けることに同意した場合であっても、投与までの間でしたらい つでも取りやめることができます。その場合、その後の治療について一切不利益は受け ません。(ただし下記のキャンセル料は申し受けます) 採血後~加工前 15,000 円 加工後~投与前 全額 もしこの治療を受けることに同意しない場合も、最適と考えられる治療を実施できる ように患者様の治療に最善を尽くします。 ただし、治療を行った後は、健康管理のために必要に応じて適切な検査を受けていた だき、医学的に問題がないかを確認させていただきます。 11. 試料等の保管及び廃棄の方法について",,
V41_01C2310016,01C2310016,C,V41FC80039AD2A,関東,神奈川県,二階堂整形外科クリニック,茅ヶ崎市浜見平３番１号BRANCH茅ヶ崎２－１階,第三種,自家多血小板血漿（PRP)を用いた筋肉、腱、靭帯、筋膜の損傷及び慢性炎症の治療（関節外の軟部組織）,PRP,AUTO,1.0,https://saiseiiryo.mhlw.go.jp/published_plan/download/01C2310016/5/0,30000,税別,1 回,ACP|GPS,Arthrex|Zimmer Biomet,9,,"し まう可能性があります。 治療にかかる費用について この治療は公的保険の対象ではありませんので、当施設にて施術料をお支払いいただきます。 ・PRP 療法 GPSIIIシステム使用 1 回 150,000円(税別) ACP ダブルシリンジシステム使用 1回 30,000円(税別) ※患者さまの症状により施術料が変わる場合は別途、ご説明いたします。 その他治療についての注意事項 患者さまの体調が良くない場合や、採取した血液の状態によっては、PRP を分離できないこ とがあります。 その際には、再度採血をさせていただく場合があります。 ま",,
V41_01C2310016,01C2310016,C,V41FC80039AD2A,関東,神奈川県,二階堂整形外科クリニック,茅ヶ崎市浜見平３番１号BRANCH茅ヶ崎２－１階,第三種,自家多血小板血漿（PRP)を用いた筋肉、腱、靭帯、筋膜の損傷及び慢性炎症の治療（関節外の軟部組織）,PRP,AUTO,1.0,https://saiseiiryo.mhlw.go.jp/published_plan/download/01C2310016/5/0,150000,税別,1 回,ACP|GPS,Arthrex|Zimmer Biomet,9,,"ロイド剤の副作用で重篤な感染症の誘発・骨粗鬆症の増悪・薬剤離脱困難等が生じてし まう可能性があります。 治療にかかる費用について この治療は公的保険の対象ではありませんので、当施設にて施術料をお支払いいただきます。 ・PRP 療法 GPSIIIシステム使用 1 回 150,000円(税別) ACP ダブルシリンジシステム使用 1回 30,000円(税別) ※患者さまの症状により施術料が変わる場合は別途、ご説明いたします。 その他治療についての注意事項 患者さまの体調が良くない場合や、採取した血液の状態によっては、PRP を分離できないこ と",,
V41_02C2506011,02C2506011,B,V41F673DA4A7ED,関東,神奈川県,二階堂整形外科クリニック,茅ヶ崎市浜見平３番１号BRANCH茅ヶ崎２ー１階,第二種,自家多血小板血漿（PRP）を用いた慢性関節炎の治療（関節内組織）,PRP,AUTO,1.0,https://saiseiiryo.mhlw.go.jp/published_plan/download/02C2506011/5/0,40000,税別,1回,ACP|APS|GPS,Arthrex|Zimmer Biomet,9,,"関節内組織)に関する説明文・同意文書 10 治療にかかる費用について この治療は公的保険の対象ではありませんので、当院にて実施する治療および治療に必要な検査などの 費用は全額自己負担となります。 使用キット 治療提供価格(税別) ACP ダブルシリンジシステム(1回) 40,000 円 ACPMAX PRP システム(1回) 200,000 円 GPSIIIシステム(1 回) 150,000 円 APS キット〔濃縮PRP〕(1回) 300,000 円 その他治療についての注意事項 患者さまの体調が良くない場合や、採取した血",,
V41_02C2506011,02C2506011,B,V41F673DA4A7ED,関東,神奈川県,二階堂整形外科クリニック,茅ヶ崎市浜見平３番１号BRANCH茅ヶ崎２ー１階,第二種,自家多血小板血漿（PRP）を用いた慢性関節炎の治療（関節内組織）,PRP,AUTO,1.0,https://saiseiiryo.mhlw.go.jp/published_plan/download/02C2506011/5/0,150000,税別,1回,ACP|APS|GPS,Arthrex|Zimmer Biomet,9,,"院にて実施する治療および治療に必要な検査などの 費用は全額自己負担となります。 使用キット 治療提供価格(税別) ACP ダブルシリンジシステム(1回) 40,000 円 ACPMAX PRP システム(1回) 200,000 円 GPSIIIシステム(1 回) 150,000 円 APS キット〔濃縮PRP〕(1回) 300,000 円 その他治療についての注意事項 患者さまの体調が良くない場合や、採取した血液の状態によっては、PRP を分離できないこと があります。 その際には、再度採血をさせていただく場合があります。 また、本治療に使",,
V41_02C2506011,02C2506011,B,V41F673DA4A7ED,関東,神奈川県,二階堂整形外科クリニック,茅ヶ崎市浜見平３番１号BRANCH茅ヶ崎２ー１階,第二種,自家多血小板血漿（PRP）を用いた慢性関節炎の治療（関節内組織）,PRP,AUTO,1.0,https://saiseiiryo.mhlw.go.jp/published_plan/download/02C2506011/5/0,200000,税別,1回,ACP|APS|GPS,Arthrex|Zimmer Biomet,9,,"かかる費用について この治療は公的保険の対象ではありませんので、当院にて実施する治療および治療に必要な検査などの 費用は全額自己負担となります。 使用キット 治療提供価格(税別) ACP ダブルシリンジシステム(1回) 40,000 円 ACPMAX PRP システム(1回) 200,000 円 GPSIIIシステム(1 回) 150,000 円 APS キット〔濃縮PRP〕(1回) 300,000 円 その他治療についての注意事項 患者さまの体調が良くない場合や、採取した血液の状態によっては、PRP を分離できないこと があります。",,
V41_02C2506011,02C2506011,B,V41F673DA4A7ED,関東,神奈川県,二階堂整形外科クリニック,茅ヶ崎市浜見平３番１号BRANCH茅ヶ崎２ー１階,第二種,自家多血小板血漿（PRP）を用いた慢性関節炎の治療（関節内組織）,PRP,AUTO,1.0,https://saiseiiryo.mhlw.go.jp/published_plan/download/02C2506011/5/0,300000,税別,1回,ACP|APS|GPS,Arthrex|Zimmer Biomet,9,,"負担となります。 使用キット 治療提供価格(税別) ACP ダブルシリンジシステム(1回) 40,000 円 ACPMAX PRP システム(1回) 200,000 円 GPSIIIシステム(1 回) 150,000 円 APS キット〔濃縮PRP〕(1回) 300,000 円 その他治療についての注意事項 患者さまの体調が良くない場合や、採取した血液の状態によっては、PRP を分離できないこと があります。 その際には、再度採血をさせていただく場合があります。 また、本治療に使用する機器は定期的にメンテナンスを行っていますが、突然の不具合",,
V41_01C2410005,01C2410005,D,V41F6838454D45,関東,神奈川県,井土ヶ谷整形外科リハビリクリニック,横浜市南区井土ケ谷中町158　アクロスキューブ3F,第二種,多血小板血漿（PRP）による変形性関節症および半月板損傷治療,PRP,QC,1.0,https://saiseiiryo.mhlw.go.jp/published_plan/download/01C2410005/5/0,,,,,,,,,no price found after text/OCR pass,RuntimeError: Tesseract process timeout
V41_02C2411022,02C2411022,A,V41F2BA4E86271,関東,神奈川県,公立大学法人横浜市立大学附属病院,横浜市金沢区福浦3−9,第二種,自家多血小板血漿(Platelet-rich plasma:PRP)を用 いた関節内組織損傷に対する治療,PRP,AUTO,1.0,https://saiseiiryo.mhlw.go.jp/published_plan/download/02C2411022/5/0,40000,税別,1回,,,12,9,組織損傷に対する治療」は、治療に伴う診査、自家PRP調製のため の採血にかかる費用、自家PRP調製費用、注入の総額となります。 ※ PRP療法1回 40000円 消費税別(診療費含む) (1か月程度間を空けて、3回程度行うのが一般的です) (3) PRP投与を中止した場合も、以下の場合は費用が発生します。,rescue strong price context,
V41_01C2508047,01C2508047,B,V41F7D8450826A,関東,神奈川県,内田宙司整形外科,横須賀市湘南国際村1-3-10,第二種,多増殖因子血漿（PRGF）を用いた変形性関節症・関節炎治療,PRGF,AUTO,1.0,https://saiseiiryo.mhlw.go.jp/published_plan/download/01C2508047/5/0,110000,税込,,,,9,2,"4 治療に関する費用 今回使用する医療は保険適用ではありません、自由診療扱いとなります。 治療費は110,000 円(税込)です。 治療費の支払いは、原則として治療当日にお願いいたします。 5 予想される副作用",line-level strong price context,
V41_01C2303041,01C2303041,D,V41F685148C501,関東,神奈川県,"医療法人 よこはまTSC
横浜たまプラーザ運動器スポーツクリニック","横浜市青葉区美しが丘二丁目14番地９
MMPたまプラーザ１０１号室",第二種,変形性関節症および関節腔の傷害を対象とした自家多血小板血漿（PRP）注入療法,PRP,QC,1.0,https://saiseiiryo.mhlw.go.jp/published_plan/download/01C2303041/5/0,,,,,,,,,no price found after rescue text/OCR pass,Rescue completed; OCR page timeouts=0
V41_01C2303050,01C2303050,C,V41F685148C501,関東,神奈川県,"医療法人 よこはまTSC
横浜たまプラーザ運動器スポーツクリニック","横浜市青葉区美しが丘二丁目14番地９
MMPたまプラーザ１０１号室",第三種,四肢の靭帯、筋腱付着部およびスポーツ傷害（筋・腱・靭帯）を対象とした自家多血小板血漿（PRP）注入療法,PRP,QC,1.0,https://saiseiiryo.mhlw.go.jp/published_plan/download/01C2303050/5/0,,,,,,,,,no price found after rescue text/OCR pass,Rescue completed; OCR page timeouts=0
V41_01C2305022,01C2305022,B,V41FAC6B0C1204,関東,神奈川県,医療法人　健進会　井上整形外科,座間市入谷西四丁目2番6号,第二種,変形性関節症および関節腔の傷害を対象とした自家多血小板血漿（PRP）注入療法,PRP,QC,1.0,https://saiseiiryo.mhlw.go.jp/published_plan/download/01C2305022/5/0,,,,,,,,,no price found after text/OCR pass,RuntimeError: Tesseract process timeout
V41_01C2305023,01C2305023,A,V41FAC6B0C1204,関東,神奈川県,医療法人　健進会　井上整形外科,座間市入谷西四丁目2番6号,第三種,四肢の靭帯、筋腱付着部およびスポーツ傷害（筋・腱・靭帯）を対象とした自家多血小板血漿（PRP）注入療法,PRP,AUTO,1.0,https://saiseiiryo.mhlw.go.jp/published_plan/download/01C2305023/5/0,44000,税込,1回,,,11,5,"他の治療よりも高額によなることがあります。 当院において実施される本治療および本治 療に必要な検査などの費用は全額自己負揚となります。 血液分可再用容器キットによる施術料 1回 44,000円 (税込) ※患者様の症状によっては、治療を数回行うことがあります。治療前、または治 療後の状態から担当医師が判断し、愚者様にお伝えしご相談させて頂きます。",rescue strong price context,
V41_03C2409021,03C2409021,C,V41FE55039A084,関東,神奈川県,医療法人光耀会　菊地眼科クリニック,川崎市幸区下平間152-3,第三種,自己多血小板血漿(PRP)を用いた筋・腱・靭帯等の軟部組織再生治療,PRP,AUTO,1.0,https://saiseiiryo.mhlw.go.jp/published_plan/download/03C2409021/5/0,40000,税別,,,,8,,"を受けることを拒否すること又は同意 を撤回することにより不利益な取扱いを受けることはないことを 知っています。もし、治療期間中に疑問を持った場合には、医師に 電話および診察で尋ねることができます。 治療費 私は、PRP療法を行うにあたり、以下の治療費を支払います。 治療費PRP 1mlあたり 40,000円(税抜) 守秘義務 私の医学的情報は法律で要求される期間、秘密を守って保存される ことを理解します。ただし、私個人を特定できないような情報は、 私の許可がなくても、教育や研究に使用してもかまいません。 この書類の理解 私は以上の処置とそれに伴う利点、危険性について完全な情報の提 供を受けたことを確認します。 決定まで十分な時間をかけ、決定",,
V41_01C2410057,01C2410057,A,V41F4B1FAFEBC3,関東,神奈川県,医療法人博桜会　たなべ整形外科　せぼね・骨粗しょう症クリニック,横浜市緑区十日市場町819-13,第二種,自家多血小板血漿（Platelet-rich plasma：PRP）を用いた腰痛症の治療,PRP,AUTO,1.0,https://saiseiiryo.mhlw.go.jp/published_plan/download/01C2410057/5/0,110000,税込,1 回,,,10,7,"査、PRP 調製のための採血にかかる費用、PRP 調製費用、注入(超音波画 像診断装置またはX 線透視下)にかかる費用の総額となります。 PRP 1 回(1 部位) 110,000 円(税込) (3) 採血を開始してからキャンセルされた場合は、費用の全額をご負担いた だきます。",rescue strong price context,
V41_01C2410058,01C2410058,D,V41F4B1FAFEBC3,関東,神奈川県,医療法人博桜会　たなべ整形外科　せぼね・骨粗しょう症クリニック,横浜市緑区十日市場町819-13,第二種,自家多血小板血漿（Platelet-rich plasma：PRP）を用いた慢性関節炎の治療（関節内組織）,PRP,AUTO,1.0,https://saiseiiryo.mhlw.go.jp/published_plan/download/01C2410058/5/0,55000,税込,両側,,,12,7,"査、PRP 調製のための採血にかかる費用、PRP 調製費用、注入にかかる費 用の総額となります。左右両側に投与する場合は、2 回分です。 PRP 1 回分(1 部位) 55,000 円(税込) PRP 2 回分(2 部位同時) 99,000 円(税込) (3) 採血を開始してからキャンセルされた場合は、費用の全額をご負担いた",line-level strong price context,
V41_01C2410058,01C2410058,D,V41F4B1FAFEBC3,関東,神奈川県,医療法人博桜会　たなべ整形外科　せぼね・骨粗しょう症クリニック,横浜市緑区十日市場町819-13,第二種,自家多血小板血漿（Platelet-rich plasma：PRP）を用いた慢性関節炎の治療（関節内組織）,PRP,AUTO,1.0,https://saiseiiryo.mhlw.go.jp/published_plan/download/01C2410058/5/0,99000,税込,両側,,,12,7,"用の総額となります。左右両側に投与する場合は、2 回分です。 PRP 1 回分(1 部位) 55,000 円(税込) PRP 2 回分(2 部位同時) 99,000 円(税込) (3) 採血を開始してからキャンセルされた場合は、費用の全額をご負担いた だきます。",line-level strong price context,
V41_01C2406054,01C2406054,B,V41F71A06BD1E4,関東,神奈川県,医療法人宝円会　湘南つつじ整形外科,茅ヶ崎市萩園２３９３番地３　２F,第三種,自己多血小板血漿(PRP)を用いた筋肉、腱、靱帯、筋膜（関節外の軟部組織）の治療,PRP,AUTO,1.0,https://saiseiiryo.mhlw.go.jp/published_plan/download/01C2406054/5/0,65000,税別,1 回,GPS|TriCeLL,Zimmer Biomet|TriCeLL系,9,,"が、逆に ステロイド剤の副作用で重篤な感染症の誘発・骨粗鬆症の増悪・薬剤離脱困難等が生じてし まう可能性があります。 治療にかかる費用について この治療は公的保険の対象ではありませんので、当施設にて施術料をお支払いいただきます。 ・PRP 療法 GPSIIIシステム使用1 回 65,000円(税別) TriCeLL キット使用 1回 65,000円(税別) ※患者さまの症状により施術料が変わる場合は別途、ご説明いたします。 その他治療についての注意事項 患者さまの体調が良くない場合や、採取した血液の状態によっては、PRP を分離できないこ とがあります",,
V41_03C2604006,03C2604006,C,V41F0379516EB3,関東,神奈川県,医療法人徳洲会　湘南鎌倉人工関節センター,鎌倉市台5-4-17,第二種,多血小板血漿（PRP）の投与による変形性関節症治療,PRP,AUTO,1.0,https://saiseiiryo.mhlw.go.jp/published_plan/download/03C2604006/5/0,300000,税込,,APS,Zimmer Biomet,8,,"お支払いについて この治療は公的保険の対象ではありませんので、当院の所定の施術料をお支払いいただきま す。本治療には、遠心分離によるPRP の製造費用および投与費用、及び投与から1、3、6 ヶ 月後の検診費用が含まれます。 ・濃縮PRP を用いた治療(APS キット使用)における施術料 300,000 円(税込) ご不明な点は医師・スタッフにお尋ねください。 本治療を取りやめた場合、治療を取りやめた時期に応じて、費用のお支払いが必要となる 場合があります。 ・採血前に治療を取りやめた場合、費用のお支払いはございません。 ・採血後から投与前までに治療を取りやめた場合、消耗品費用等として、本施術費用300,000 円(税込)をお支払い",,
V41_03C2604006,03C2604006,C,V41F0379516EB3,関東,神奈川県,医療法人徳洲会　湘南鎌倉人工関節センター,鎌倉市台5-4-17,第二種,多血小板血漿（PRP）の投与による変形性関節症治療,PRP,AUTO,1.0,https://saiseiiryo.mhlw.go.jp/published_plan/download/03C2604006/5/0,300000,税込,,,,8,,"込) ご不明な点は医師・スタッフにお尋ねください。 本治療を取りやめた場合、治療を取りやめた時期に応じて、費用のお支払いが必要となる 場合があります。 ・採血前に治療を取りやめた場合、費用のお支払いはございません。 ・採血後から投与前までに治療を取りやめた場合、消耗品費用等として、本施術費用300,000 円(税込)をお支払いいただきます。 その他治療についての注意事項 患者さまの体調が良くない場合や、採取した血液がPRP 製造に適さないと判断された場合、 PRP の製造を行わず再度採血する場合があります。採血をやり直した場合、追加費用は発生い たしません。なお当院の過失によりPRP 製造キットを複数開封・使用しなければならなくな",,
V41_03C2607029,03C2607029,D,V41FCBA1D7DA3E,関東,神奈川県,医療法人徳洲会　湘南鎌倉総合病院,鎌倉市岡本1370番1,第三種,自家多血小板血漿（PRP:Platelet Rich Plasma）を用いた靭帯、腱及び腱付着部の炎症、筋挫傷に対する治療,PRP,AUTO,1.0,https://saiseiiryo.mhlw.go.jp/published_plan/download/03C2607029/5/0,55000,税込,1 回,ACP|Arthrex,Arthrex,11,7,"本治療は健康保険適用外(自費診療)となります。1 回の投与(注射)ごとに、当院所 定の治療費をお支払いいただきます。 ・Arthrex ACP ダブルシリンジシステム 使用 55,000 円(10%消費税込み) ■ 治療実施後の規定 治療実施後(PRP 投与後)は、患者様のご都合による返金には応じかねますので、あ",line-level strong price context,
V41_02C1910206,02C1910206,B,V41F4927CE1AF1,関東,神奈川県,医療法人愛仁会　太田総合病院,川崎市川崎区日進町1-50,第三種,自己多血小板血漿(PRP)を用いた整形外科領域における軟部組織治療,PRP,AUTO,1.0,https://saiseiiryo.mhlw.go.jp/published_plan/download/02C1910206/5/0,100000,税別,,,,8,,表する可能性がありますが、患者 様個人を特定できる内容が使われることはありません。 治療にかかる費用について この治療は公的保険の対象ではありませんので、当院所定の施術料をお支払いいただきます。 ・治療費例:テニス肘(片肘)10 万円(税抜) 上記価格は一例です。PRPを用いた治療に係る詳しい費用につきましては、医師またはス タッフにお尋ね下さい。 施術後、患者様の個人的な事情及び金銭等に関する問題に関しては一切の責を負いかねます のでご了承ください。 本治療の実施体制 本治療の実施,,
V41_02C1912019,02C1912019,A,V41F4927CE1AF1,関東,神奈川県,医療法人愛仁会　太田総合病院,川崎市川崎区日進町1-50,第二種,多血小板血漿（Platelet-rich plasma：PRP）を用いた変形性関節症治療,PRP,AUTO,1.0,https://saiseiiryo.mhlw.go.jp/published_plan/download/02C1912019/5/0,300000,税別,,APS|Zimmer,Zimmer Biomet,8,,"個人を特定できる内容が使われることはありません。 治療にかかる費用について この治療は公的保険の対象ではありませんので、当クリニックの所定の施術料をお支払いい ただきます。 ・治療費: ZIMMER BIOMET 製 APS キット使用 300,000 円(税抜) 詳細やご不明な点は医師・スタッフまでお気軽にお尋ねください。 施術後、患者様の個人的な事情及び金銭等に関する問題に関しては一切の責を負いかねます のでご了承ください。 本治療の実施体制および問い合わせ先 本治療は、以下の実施体制にて行ないます。 治療に関し",,
V41_02C2608038,02C2608038,C,V41FA4C65591BA,関東,神奈川県,医療法人柿生会 渡辺クリニック,川崎市麻生区上麻生7-22-11,第二種,多血小板血漿（Platelet-rich plasma：PRP）を用いた整形外科疾患に対する治療,PRP,QC,1.0,https://saiseiiryo.mhlw.go.jp/published_plan/download/02C2608038/5/0,,,,,,,,,no price found after rescue text/OCR pass,Rescue completed; OCR page timeouts=0
V41_02C2508001,02C2508001,A,V41F8785B122AB,関東,神奈川県,医療法人横浜未来ヘルスケアシステム　戸塚共立第２病院,横浜市戸塚区吉田町579-1,第三種,自家多血小板血漿（Platelet-rich plasma：PRP）を用いた筋肉、腱、靭帯、筋膜の損傷及び慢性炎症の治療（関節外の軟部組織）,PRP,AUTO,1.0,https://saiseiiryo.mhlw.go.jp/published_plan/download/02C2508001/5/0,33000,税込,2 回分,,,9,,"使用することはできませ ん。 (2) 本治療にかかる費用は、以下のとおりです。なお、費用は、治療に伴う診 査、PRP 作製のための採血にかかる費用、PRP 作製費用、注入にかかる費 用の総額となります。左右両側に投与する場合は、2 回分です。 PRP 1回(1 部位) 33,000 円(税込) 11. 試料等の保存及び廃棄の方法 患者様から採取した血液と作製したPRP は、患者様ご自身の治療のみ に使用します。ただし、症例検討や学会発表を目的として、血液やPRP の測定を行い、データを取得することがあります。 血液およびPRP は微量で全量を使用するため、保管はしません。治療 に用いない血液またはPRP",,
V41_02C2508002,02C2508002,D,V41F8785B122AB,関東,神奈川県,医療法人横浜未来ヘルスケアシステム　戸塚共立第２病院,横浜市戸塚区吉田町579-1,第二種,自家多血小板血漿（Platelet-rich plasma：PRP）を用いた慢性関節炎の治療（関節内組織）,PRP,AUTO,1.0,https://saiseiiryo.mhlw.go.jp/published_plan/download/02C2508002/5/0,44000,税込,2 回分,,,9,,"できませ ん。 6 (2) 本治療にかかる費用は、以下のとおりです。なお、費用は、治療に伴う診 査、PRP 調製のための採血にかかる費用、PRP 調製費用、注入にかかる費 用の総額となります。左右両側に投与する場合は、2 回分です。 PRP 1 回(1 部位) 44,000 円(税込) 11. 試料等の保存及び廃棄の方法 患者様から採取した血液と作製したPRP は、患者様ご自身の治療のみ に使用します。ただし、症例検討や学会発表を目的として、血液やPRP の測定を行い、データを取得することがあります。 血液およびPRP は微量で全量を使用するため、保管はしません。治療 に用いない血液またはPRP",,
V41_02C2508038,02C2508038,B,V41FD7677D490C,関東,神奈川県,医療法人湘美会 SBC横浜駅前整形外科クリニック,横浜市西区北幸1丁目4－1横浜天理ビル11階,第二種,自己脂肪組織由来幹細胞（ASCs）を用いた変形性関節症の治療,脂肪由来幹細胞,QC,1.0,https://saiseiiryo.mhlw.go.jp/published_plan/download/02C2508038/5/0,,,,,,,,,no price found after text/OCR pass,Document fetched but no price candidate
V41_01C1912052,01C1912052,C,V41F1E20E36208,関東,神奈川県,医療法人社団　嘉徳会　かんクリニック　リウマチ・整形外科,逗子市久木4−2−5 ZEROビル1階・2階・3階,第三種,自己多血小板血漿(PRP)を用いた筋・腱・靭帯等の軟部組織治療,PRP,AUTO,1.0,https://saiseiiryo.mhlw.go.jp/published_plan/download/01C1912052/5/0,30000,不明,,,,8,,"ます。 □ PRP注入液を作製するためには、通常スモールスピッツ:約 10ml・ラージスピッツ:約20ml(各1本あたり)の静脈血を片側の肘 の静脈から採血します。 □ 他の治療法との比較:ヒアルロン酸やステロイド注射等とは機 序が異なり、類似する方法はありません。 □ 治療費は、スモールスピッツ:30,000円・ラージスピッツ: 50,000円(各1本あたり)(別途消費税) □ PRPの保管及び移動は行いません。 □ PRP作製に関わる材料(血液)及び器材は医療廃棄物として処 理します。 □ 本治療は「自己多血小板血漿(PRP)を用いた筋・腱・靭帯等の軟 部組織治療」(計画番号: )という名称で、特 定非営利活動法人 日本アンチ",,
V41_01C1912052,01C1912052,C,V41F1E20E36208,関東,神奈川県,医療法人社団　嘉徳会　かんクリニック　リウマチ・整形外科,逗子市久木4−2−5 ZEROビル1階・2階・3階,第三種,自己多血小板血漿(PRP)を用いた筋・腱・靭帯等の軟部組織治療,PRP,AUTO,1.0,https://saiseiiryo.mhlw.go.jp/published_plan/download/01C1912052/5/0,50000,不明,,,,8,,"ためには、通常スモールスピッツ:約 10ml・ラージスピッツ:約20ml(各1本あたり)の静脈血を片側の肘 の静脈から採血します。 □ 他の治療法との比較:ヒアルロン酸やステロイド注射等とは機 序が異なり、類似する方法はありません。 □ 治療費は、スモールスピッツ:30,000円・ラージスピッツ: 50,000円(各1本あたり)(別途消費税) □ PRPの保管及び移動は行いません。 □ PRP作製に関わる材料(血液)及び器材は医療廃棄物として処 理します。 □ 本治療は「自己多血小板血漿(PRP)を用いた筋・腱・靭帯等の軟 部組織治療」(計画番号: )という名称で、特 定非営利活動法人 日本アンチエイジング医療協会 認定再生医療",,
V41_03C2305018,03C2305018,D,V41F2C83AE0394,関東,神奈川県,医療法人社団　総生会 麻生リハビリ総合病院,川崎市麻生区上麻生6-23-50,第二種,多血小板血漿（PRP）による変形性膝関節症治療,PRP,AUTO,1.0,https://saiseiiryo.mhlw.go.jp/published_plan/download/03C2305018/5/0,250000,不明,3 回分,,,9,11,"康保険が適用される治療も含め、すべて全額自己負担となります。 施術費用は下記の通りとなります。 PRP 変形性膝関節症治療 250,000 円 (標準的な治療費用。採血及び投与3 回分の費用を含む。) ・ 治療同意後、採血を実施した際に全ての費用を頂戴いたします。",line-level strong price context,
V41_02C2104005,02C2104005,A,V41F6CD422CED3,関東,神奈川県,医療法人社団　葵会　AOI国際病院,川崎市川崎区田町2-9-1,第三種,整形外科領域におけるPRP（多血小板血漿）療法,PRP,QC,1.0,https://saiseiiryo.mhlw.go.jp/published_plan/download/02C2104005/5/0,,,,,,,,,no price found after rescue text/OCR pass,Rescue completed; OCR page timeouts=0
V41_01C2107014,01C2107014,B,V41FB4A42DEB6D,関東,神奈川県,"医療法人社団アスクレピオス
ランドマーク横浜国際クリニック","横浜市西区みなとみらい2-2-1
ランドマークプラザ1階",第二種,変形性関節症に対する自己脂肪由来幹細胞を用いた治療,脂肪由来幹細胞,AUTO,1.0,https://saiseiiryo.mhlw.go.jp/published_plan/download/01C2107014/5/0,110000,税込,1回,,,9,,情報が開示されることもございません。なお本治 療を中止した場合は、試料等を医療廃棄物として廃棄致します。 11) この治療の費用について この治療は保険適用外のため、当クリニックにおいて実施される本療法および本治療に必要 な検査などの費用は全額自己負担となります。 初診料 11万円(税込) 治療費用 1回 220万円(税込) また、治療を決定して脂肪を採取するとすぐに治療費(培養費)が発生するため、脂肪を採 取した当日に治療費をお振込みいただきます。(培養技師のスケジュールを確定し、培養に必 要な製剤を準備する為に必要となります。「治療費」には自己脂肪由来幹細胞治療を行うため の諸費用【細胞加工技術料、,,
V41_01C2107014,01C2107014,B,V41FB4A42DEB6D,関東,神奈川県,"医療法人社団アスクレピオス
ランドマーク横浜国際クリニック","横浜市西区みなとみらい2-2-1
ランドマークプラザ1階",第二種,変形性関節症に対する自己脂肪由来幹細胞を用いた治療,脂肪由来幹細胞,AUTO,1.0,https://saiseiiryo.mhlw.go.jp/published_plan/download/01C2107014/5/0,2200000,税込,1回,,,9,,本治 療を中止した場合は、試料等を医療廃棄物として廃棄致します。 11) この治療の費用について この治療は保険適用外のため、当クリニックにおいて実施される本療法および本治療に必要 な検査などの費用は全額自己負担となります。 初診料 11万円(税込) 治療費用 1回 220万円(税込) また、治療を決定して脂肪を採取するとすぐに治療費(培養費)が発生するため、脂肪を採 取した当日に治療費をお振込みいただきます。(培養技師のスケジュールを確定し、培養に必 要な製剤を準備する為に必要となります。「治療費」には自己脂肪由来幹細胞治療を行うため の諸費用【細胞加工技術料、手技料(採取・投与)、再診料等】がすべて含,,
V41_01C2408062,01C2408062,C,V41F28D3D942DE,関東,神奈川県,医療法人社団三成会　新百合ヶ丘総合病院,川崎市麻生区古沢都古255,第二種,自家多血小板血漿（Platelet-rich plasma：PRP）を用いた慢性関節炎の治療（関節内組織）,PRP,QC,1.0,https://saiseiiryo.mhlw.go.jp/published_plan/download/01C2408062/5/0,50000,税別,1 回,ACP|Angel,Arthrex,6,7,"費用【PRP 1 回・1 部位】(税別) ACP 50,000 円 Angel 250,000 円",rescue price candidates remain ambiguous,
V41_01C2408062,01C2408062,C,V41F28D3D942DE,関東,神奈川県,医療法人社団三成会　新百合ヶ丘総合病院,川崎市麻生区古沢都古255,第二種,自家多血小板血漿（Platelet-rich plasma：PRP）を用いた慢性関節炎の治療（関節内組織）,PRP,QC,1.0,https://saiseiiryo.mhlw.go.jp/published_plan/download/01C2408062/5/0,250000,不明,,Angel,Arthrex,3,7,"50,000 円 Angel 250,000 円 (3) キットを開封した後にキャンセルされた場合は、費用の全額をご負担い ただきます。",rescue price candidates remain ambiguous,
V41_01C2408063,01C2408063,D,V41F28D3D942DE,関東,神奈川県,医療法人社団三成会　新百合ヶ丘総合病院,川崎市麻生区古沢都古255,第三種,自家多血小板血漿（Platelet-rich plasma：PRP）を用いた筋肉、腱、靭帯、筋膜の損傷及び慢性炎症の治療（関節外の軟部組織）,PRP,QC,1.0,https://saiseiiryo.mhlw.go.jp/published_plan/download/01C2408063/5/0,50000,税別,1 回,ACP|Angel,Arthrex,6,6,"費用【PRP 1 回・1 部位】(税別) ACP 50,000 円 Angel 250,000 円",price candidates remain ambiguous,
V41_01C2408063,01C2408063,D,V41F28D3D942DE,関東,神奈川県,医療法人社団三成会　新百合ヶ丘総合病院,川崎市麻生区古沢都古255,第三種,自家多血小板血漿（Platelet-rich plasma：PRP）を用いた筋肉、腱、靭帯、筋膜の損傷及び慢性炎症の治療（関節外の軟部組織）,PRP,QC,1.0,https://saiseiiryo.mhlw.go.jp/published_plan/download/01C2408063/5/0,250000,不明,,Angel,Arthrex,3,6,"50,000 円 Angel 250,000 円 (3) 採血を開始してからキャンセルされた場合は、費用の全額をご負担いた だきます。",price candidates remain ambiguous,
V41_01C2411084,01C2411084,A,V41FE77155AC34,関東,神奈川県,医療法人社団三穂会　三宅整形外科小児科クリニック,横須賀市浦賀5-2-3,第二種,変形性関節症に対する多血小板血漿（ＰＲＰ）関節内投与療法,PRP,QC,1.0,https://saiseiiryo.mhlw.go.jp/published_plan/download/01C2411084/5/0,330000,税込,,,,6,,"業時間:9:00~12:00 15:00~18:30 土曜午後、日祝祭日休診 営業時間外の連絡先:046-842-1301(折り返し連絡) 14.費用について 細胞の提供に際して費用は発生しません。 治療の提供に際しては、本治療は公的保険の対象ではありませんので、当院所定の施術料として330,000 円(税込)をお支払いいただきます。 ※患者様の症状、その他の事情等により治療費が変動する場合があります。 なお、細胞の採取後や加工後に同意を撤回された場合など、同意を撤回される時点までに費用が発生している 場合は、発生した費用については患者様にご負担いただきますのでご了承ください。 15.他の治療法の有無、本治療法との比較につ",no price found after rescue text/OCR pass,Rescue completed; OCR page timeouts=0
V41_01C2411085,01C2411085,B,V41FE77155AC34,関東,神奈川県,医療法人社団三穂会　三宅整形外科小児科クリニック,横須賀市浦賀5-2-3,第三種,多血小板血漿を用いた整形外科領域（関節腔内への投与を除く）の治療,PRP,QC,1.0,https://saiseiiryo.mhlw.go.jp/published_plan/download/01C2411085/5/0,132000,税込,,,,6,,"業時間:9:00~12:00 15:00~18:30 土曜午後、日祝祭日休診 営業時間外の連絡先:046-842-1301(折り返し連絡) 14.費用について 細胞の提供に際して費用は発生しません。 治療の提供に際しては、本治療は公的保険の対象ではありませんので、当院所定の施術料として132,000 円(税込)をお支払いいただきます。 ※患者様の症状、その他の事情等により治療費が変動する場合があります。 なお、細胞の採取後や加工後に同意を撤回された場合など、同意を撤回される時点までに費用が発生している 場合は、発生した費用については患者様にご負担いただきますのでご了承ください。 15.他の治療法の有無、本治療法との比較につ",no price found after text/OCR pass,No price found after refined text/OCR pass
V41_01C2303043,01C2303043,D,V41F7BB70789FF,関東,神奈川県,"医療法人社団優洸会
相模大野整形・形成外科","相模原市南区相模大野3-11-5
KAJIYA第2ビル4F、5F",第二種,自家培養脂肪由来幹細胞を用いた変形性膝関節症治療,脂肪由来幹細胞,QC,1.0,https://saiseiiryo.mhlw.go.jp/published_plan/download/01C2303043/5/0,,,,,,,,,no price found after text/OCR pass,Document fetched but no price candidate
V41_01C2303044,01C2303044,C,V41F7BB70789FF,関東,神奈川県,"医療法人社団優洸会
相模大野整形・形成外科","相模原市南区相模大野3-11-5
KAJIYA第2ビル4F、5F",第二種,多血小板血漿を用いた変形性関節症治療,PRP,AUTO,1.0,https://saiseiiryo.mhlw.go.jp/published_plan/download/01C2303044/5/0,45000,税別,一部位,,,9,,"じることはありません。 11. 患者さんの費用負担について 本治療は再生医療の技術の内、古くから実用化されており、既にその有効性と 安全性が確認されていますが、現状は保険収載されていないことから全額自費 診療となり費用は以下の通りです。診察、採血、PRP を投与する費用をすべて 含み、一部位45,000 円(税抜)です。 12. 担当医師及び相談窓口 以下の担当医師が、あなたを担当致しますので、いつでもご相談ください。 この治療について知りたいことや、ご心配なことがありましたら、遠慮なく担 当医師にご相談下さい。 9 ●担当医師 :",,
V41_01C2008023,01C2008023,A,V41FB82B010244,関東,神奈川県,医療法人社団快晴会　田奈整形外科・外科,横浜市青葉区田奈町15-7 第二東ビル2階,第三種,自家多血小板血漿(PRP)の投与によるスポーツ外傷を含む筋、腱、靱帯損傷治療,PRP,AUTO,1.0,https://saiseiiryo.mhlw.go.jp/published_plan/download/01C2008023/5/0,26000,税別,1回,GPS|MyCells,Zimmer Biomet|MyCells系,9,,"Patellar Tendinopathy. Vol. 39, No. 6, 2011よ り 10. 治療にかかる費用について この治療は公的保険の対象ではありませんので、当院所定の下記の 施術料をお支払いいただきます。 ・PRPを用いた治療(MyCells®使用)における施術料 投与部位1か所 26,000円(税別) ・PRPを用いた治療(GPSIIIシステム使用)における施術料 投与部位1か所 150,000円(税別) ご不明な点は医師・スタッフにお尋ねください。なお1回の施術あ たりの費用は、患部の 状態を確認した医師の判断、およびそれに応じた自家PRP投与量等 により変更となる場合がございます。 11. その他治療についての注意事項",,
V41_01C2008023,01C2008023,A,V41FB82B010244,関東,神奈川県,医療法人社団快晴会　田奈整形外科・外科,横浜市青葉区田奈町15-7 第二東ビル2階,第三種,自家多血小板血漿(PRP)の投与によるスポーツ外傷を含む筋、腱、靱帯損傷治療,PRP,AUTO,1.0,https://saiseiiryo.mhlw.go.jp/published_plan/download/01C2008023/5/0,150000,税別,1回,GPS|MyCells,Zimmer Biomet|MyCells系,9,,"治療にかかる費用について この治療は公的保険の対象ではありませんので、当院所定の下記の 施術料をお支払いいただきます。 ・PRPを用いた治療(MyCells®使用)における施術料 投与部位1か所 26,000円(税別) ・PRPを用いた治療(GPSIIIシステム使用)における施術料 投与部位1か所 150,000円(税別) ご不明な点は医師・スタッフにお尋ねください。なお1回の施術あ たりの費用は、患部の 状態を確認した医師の判断、およびそれに応じた自家PRP投与量等 により変更となる場合がございます。 11. その他治療についての注意事項 患者様の体調が良くない場合や、採取した血液の状態によっては、 PRPを分離できないことがあります。 その際",,
V41_01C2009074,01C2009074,B,V41FB82B010244,関東,神奈川県,医療法人社団快晴会　田奈整形外科・外科,横浜市青葉区田奈町15-7 第二東ビル2階,第二種,自家多血小板血漿（PRP）の投与による変形性関節症治療,PRP,AUTO,1.0,https://saiseiiryo.mhlw.go.jp/published_plan/download/01C2009074/5/0,26000,税別,,GPS|MyCells,Zimmer Biomet|MyCells系,12,10,"・PRPを用いた治療(MyCells®使用)における施術料 投与部位1か所 26,000円(税別) ・PRPを用いた治療(GPSIIIシステム使用)における施術料 投与部位1か所 150,000円(税別)",line-level strong price context,
V41_01C2009074,01C2009074,B,V41FB82B010244,関東,神奈川県,医療法人社団快晴会　田奈整形外科・外科,横浜市青葉区田奈町15-7 第二東ビル2階,第二種,自家多血小板血漿（PRP）の投与による変形性関節症治療,PRP,AUTO,1.0,https://saiseiiryo.mhlw.go.jp/published_plan/download/01C2009074/5/0,150000,税別,1回,GPS,Zimmer Biomet,12,10,"投与部位1か所 26,000円(税別) ・PRPを用いた治療(GPSIIIシステム使用)における施術料 投与部位1か所 150,000円(税別) ご不明な点は医師・スタッフにお尋ねください。なお1回の施術あ たりの費用は、患部の状態を確認した医師の判断等により変更とな",line-level strong price context,
V41_01C2009074,01C2009074,B,V41FB82B010244,関東,神奈川県,医療法人社団快晴会　田奈整形外科・外科,横浜市青葉区田奈町15-7 第二東ビル2階,第二種,自家多血小板血漿（PRP）の投与による変形性関節症治療,PRP,AUTO,1.0,https://saiseiiryo.mhlw.go.jp/published_plan/download/01C2009074/5/0,90000,税別,,GPS|MyCells,Zimmer Biomet|MyCells系,10,11,"かった実費相当の費用をお支払いいただきます。 MyCells®を使用した場合 15,600円(税別) GPSIIIシステムを使用した場合 90,000円(税別) また治療を行った後は、健康管理のために、必要に応じて適切な検 査を受けていただきます。医学的に問題がないか確認します。",line-level strong price context,
V41_02C2504042,02C2504042,C,V41FB82B010244,関東,神奈川県,医療法人社団快晴会　田奈整形外科・外科,横浜市青葉区田奈町15-7 第二東ビル2階,第二種,自家脂肪組織由来幹細胞（ASC）の投与による関節治療,脂肪由来幹細胞,AUTO,1.0,https://saiseiiryo.mhlw.go.jp/published_plan/download/02C2504042/5/0,300000,税別,,,,12,6,"た費用をお支払いいただきます。 ・ 脂肪採取前に治療をとりやめた場合、費用のお支払いはございません。 ・ 脂肪採取後から投与予定日前日までに治療をとりやめた場合、300,000 円(税抜)を お支払いいただきます。 ・ 投与日もしくは投与直前に治療をとりやめた場合、500,000 円(税抜)をお支払いい",rescue strong price context,
V41_02C2504042,02C2504042,C,V41FB82B010244,関東,神奈川県,医療法人社団快晴会　田奈整形外科・外科,横浜市青葉区田奈町15-7 第二東ビル2階,第二種,自家脂肪組織由来幹細胞（ASC）の投与による関節治療,脂肪由来幹細胞,AUTO,1.0,https://saiseiiryo.mhlw.go.jp/published_plan/download/02C2504042/5/0,500000,税別,,,,9,6,"・ 脂肪採取後から投与予定日前日までに治療をとりやめた場合、300,000 円(税抜)を お支払いいただきます。 ・ 投与日もしくは投与直前に治療をとりやめた場合、500,000 円(税抜)をお支払いい ただきます。 また治療を行った後は、健康管理のために必要に応じて適切な検査を受けていただき、医学",rescue strong price context,
V41_03C2305019,03C2305019,D,V41FEDB9A6E5CE,関東,神奈川県,医療法人社団慈誠会　神人整形外科クリニック,"横浜市中区伊勢佐木町６－１４６
ストーク伊勢佐木六番館１Ｆ",第二種,多血小板血漿（PRP）による変形性膝関節症治療,PRP,QC,1.0,https://saiseiiryo.mhlw.go.jp/published_plan/download/03C2305019/5/0,,,,,,,,,no price found after text/OCR pass,RuntimeError: Tesseract process timeout
V41_01C2103001,01C2103001,B,V41FE499C63A14,関東,神奈川県,医療法人社団明和会　亀田病院,横浜市西区御所山町77番地,第二種,関節炎・変形性関節症の自己多血小板血漿（PRP）治療法,PRP,QC,1.0,https://saiseiiryo.mhlw.go.jp/published_plan/download/01C2103001/5/0,,,,,,,,,no price found after text/OCR pass,Document fetched but no price candidate
V41_02C2604080,02C2604080,A,V41FE499C63A14,関東,神奈川県,医療法人社団明和会　亀田病院,横浜市西区御所山町77番地,第三種,自己多血小板血漿（PRP)を用いた、筋・腱・靭帯への軟部組織再生療法,PRP,QC,1.0,https://saiseiiryo.mhlw.go.jp/published_plan/download/02C2604080/5/0,70000,税別,,,,4,1,"スモールスピッツ:約10mlの場合 1 本あたり 50,000 円 (税抜価格) ラージスピッツ :約 20mlの場合 1 本あたり 70,000 円 (税抜価格) です。 □ 細胞提供者と受領者(施術対象者)は同一人のため、細胞提供者",rescue price candidates remain ambiguous,
V41_03C2111004,03C2111004,C,V41F091C6DD8D8,関東,神奈川県,医療法人社団栄親会　横浜整形外科クリニック,横浜市西区岡野二丁目5番18号2F,第三種,自己多血小板血漿（PRP)を用いた、筋・腱・靭帯の軟部組織再生療法,PRP,QC,1.0,https://saiseiiryo.mhlw.go.jp/published_plan/download/03C2111004/5/0,35000,税別,,,,4,1,"スモールスピッツ:約10mlの場合 1 本あたり 25,000 円 (税抜価格) ラージスピッツ :約 20mlの場合 1 本あたり 35,000 円 (税抜価格) です。 □ 細胞提供者と受領者(施術対象者)は同一人のため、細胞提供者",rescue price candidates remain ambiguous,
V41_01C2209020,01C2209020,A,V41FAF8317BA68,関東,神奈川県,医療法人社団梅沢医院　梅沢整形外科,横浜市旭区東希望が丘77-2,第三種,自家多血小板血漿（Platelet-rich plasma：PRP）を用いた筋肉、腱、靭帯、筋膜の損傷及び慢性炎症の治療（関節外の軟部組織）,PRP,AUTO,1.0,https://saiseiiryo.mhlw.go.jp/published_plan/download/01C2209020/5/0,44000,税込,2 回分,,,9,,"。なお、費用は、治療に伴う診 査、PRP 作製のための採血にかかる費用、PRP 作製費用、注入にかかる費 用の総額となります。左右両側に投与する場合は、2 回分です。 PRP1 回(1 部位) : 55,000 円(税込) 学生の場合、PRP1 回(1 部位) : 44,000 円(税込) 11. 試料等の保存及び廃棄の方法 患者様から採取した血液と作製したPRP は、患者様ご自身の治療のみ に使用します。ただし、症例検討や学会発表を目的として、血液やPRP の測定を行い、データを取得することがあります。 血液およびPRP は微量で全量を使用するため、保管はしません。治療 に用いない血液またはPRP",,
V41_01C2209020,01C2209020,A,V41FAF8317BA68,関東,神奈川県,医療法人社団梅沢医院　梅沢整形外科,横浜市旭区東希望が丘77-2,第三種,自家多血小板血漿（Platelet-rich plasma：PRP）を用いた筋肉、腱、靭帯、筋膜の損傷及び慢性炎症の治療（関節外の軟部組織）,PRP,AUTO,1.0,https://saiseiiryo.mhlw.go.jp/published_plan/download/01C2209020/5/0,55000,税込,2 回分,,,9,,"はできませ ん。 (2) 本治療にかかる費用は、以下のとおりです。なお、費用は、治療に伴う診 査、PRP 作製のための採血にかかる費用、PRP 作製費用、注入にかかる費 用の総額となります。左右両側に投与する場合は、2 回分です。 PRP1 回(1 部位) : 55,000 円(税込) 学生の場合、PRP1 回(1 部位) : 44,000 円(税込) 11. 試料等の保存及び廃棄の方法 患者様から採取した血液と作製したPRP は、患者様ご自身の治療のみ に使用します。ただし、症例検討や学会発表を目的として、血液やPRP の測定を行い、データを取得することがあります。 血液およびPRP は微量",,
V41_02C1906040,02C1906040,D,V41FAF8317BA68,関東,神奈川県,医療法人社団梅沢医院　梅沢整形外科,横浜市旭区東希望が丘77-2,第三種,多血小板血漿を用いた再生医療,PRP,QC,1.0,https://saiseiiryo.mhlw.go.jp/published_plan/download/02C1906040/5/0,,,,,,,,,no price found after text/OCR pass,Document fetched but no price candidate
V41_02C2603036,02C2603036,B,V41F2F18627392,関東,神奈川県,医療法人社団活寿会 横浜ひざ関節症クリニック,横浜市西区北幸1-1-8 エキニア横浜8F 802A,第二種,脂肪組織由来幹細胞（ASC）の投与による関節治療,脂肪由来幹細胞,AUTO,1.0,https://saiseiiryo.mhlw.go.jp/published_plan/download/02C2603036/5/0,1287000,税込,,,,16,6,"この治療は公的保険の対象ではありませんので、当クリニックの所定の施術料をお支払いい ただきます。 治療費用: 投与部位 1 関節 1,287,000 円(税込) 2関節 1,749,000 円(税込) 治療にかかる費用につきましては、ASC を投与する関節部位による違いはございません。",line-level strong price context,
V41_02C2603036,02C2603036,B,V41F2F18627392,関東,神奈川県,医療法人社団活寿会 横浜ひざ関節症クリニック,横浜市西区北幸1-1-8 エキニア横浜8F 802A,第二種,脂肪組織由来幹細胞（ASC）の投与による関節治療,脂肪由来幹細胞,AUTO,1.0,https://saiseiiryo.mhlw.go.jp/published_plan/download/02C2603036/5/0,1749000,税込,,,,11,6,"ただきます。 治療費用: 投与部位 1 関節 1,287,000 円(税込) 2関節 1,749,000 円(税込) 治療にかかる費用につきましては、ASC を投与する関節部位による違いはございません。 製造したASC は細胞培養加工施設で一時保管され、本治療に使用する際に当クリニックへ",line-level strong price context,
V41_03C2504060,03C2504060,C,V41F2B7B888406,関東,神奈川県,医療法人社団皆吉会プライムコーストみなとみらいクリニック,横浜市西区みなとみらい６丁目３−４　プライムコーストみなとみらい　２Ｆ,第二種,変形性関節症に対する多血小板血漿（ＰＲＰ）関節内投与療法,PRP,AUTO,1.0,https://saiseiiryo.mhlw.go.jp/published_plan/download/03C2504060/5/0,200000,税別,,,,7,2,12.費用について この治療は公的保険の対象ではありませんので、当院所定の施術料として一関節への投与につき税別 20万円をお支払いいただきます。 ※患者様の症状、その他の事情等により治療費が変動する場合があります。 なお、細胞の採取後や加工後に同意を撤回された場合など、同意を撤回される時点までに費用が発生し,rescue medium price context,
V41_03C2504061,03C2504061,D,V41F2B7B888406,関東,神奈川県,医療法人社団皆吉会プライムコーストみなとみらいクリニック,横浜市西区みなとみらい６丁目３−４　プライムコーストみなとみらい　２Ｆ,第三種,多血小板血漿を用いた整形外科領域（関節腔内への投与を除く）の治療,PRP,AUTO,1.0,https://saiseiiryo.mhlw.go.jp/published_plan/download/03C2504061/5/0,200000,税別,一部位,,,7,,での 受付後、治療を行う医師、管理者(院長)へと報告して対応させていただきます。 窓口部署:事務 連絡先:045-681-3715 14.費用について 細胞の提供に際して費用は発生しません。 この治療は公的保険の対象ではありませんので、当院所定の施術料として一部位への投与につき税別20万円 をお支払いいただきます。 ※患者様の症状、その他の事情等により治療費が変動する場合があります。 なお、細胞の採取後や加工後に同意を撤回された場合など、同意を撤回される時点までに費用が発生してい る場合は、発生した費用については患者様にご負担いただきますのでご了承ください。 15.他の治療法の有無、本治療法との比較について,,
V41_02C2001097,02C2001097,A,V41F6A830C1F3C,関東,神奈川県,医療法人社団総生会 麻生総合病院,川崎市麻生区上麻生６－２５－１,第三種,自己多血小板血漿（Platelet-rich plasma：PRP）を用いた、筋腱付着部炎・筋損傷・靭帯損傷の治癒促進,PRP,AUTO,1.0,https://saiseiiryo.mhlw.go.jp/published_plan/download/02C2001097/5/0,30000,不明,1回,ACP|Arthrex,Arthrex,8,,"れております。 治療にかかる費用につい て この治療は公的保険の対象ではありませんので、当院所定の施術料 をお支払いいただきます。 Arthrex 製 ACPダブルシリンジ ・採血量15ml/PRP投与量 約3-4ml 30,000円 (1回) 施術後、患者様の個人的な事情及び金銭等に関する問題に関しては 一切の責を負いかねますので ご了承ください。 この治療の審査を担当した委員会につい て この治療は下記の認定再生医療等委員会で審査されております。 特定非営利活動法人 先端医療推進機構 認定再生医",,
V41_01C2410043,01C2410043,C,V41F6F8D305986,関東,神奈川県,"医療法人社団耀風会
仲野整形外科スポーツ・ウェルネスクリニック",藤沢市鵠沼神明5丁目14-15,第三種,自家多血小板血漿（Platelet-rich plasma：PRP）を用いた筋肉、腱、靭帯、筋膜の損傷及び慢性炎症の治療（関節外の軟部組織）,PRP,QC,1.0,https://saiseiiryo.mhlw.go.jp/published_plan/download/01C2410043/5/0,350000,不明,両側,Angel,Arthrex,6,7,"PRP 両側 Angel 350,000 円 (3) 採血を開始してからのキャンセルについては、キャンセル費用をいただ きます。",rescue price candidates remain ambiguous,
V41_01C2410043,01C2410043,C,V41F6F8D305986,関東,神奈川県,"医療法人社団耀風会
仲野整形外科スポーツ・ウェルネスクリニック",藤沢市鵠沼神明5丁目14-15,第三種,自家多血小板血漿（Platelet-rich plasma：PRP）を用いた筋肉、腱、靭帯、筋膜の損傷及び慢性炎症の治療（関節外の軟部組織）,PRP,QC,1.0,https://saiseiiryo.mhlw.go.jp/published_plan/download/01C2410043/5/0,10000,不明,片側,Condensia,京セラ,3,7,"血液検査(感染症チェック) ― 10,000 円 PRP 片側 Condensia",rescue price candidates remain ambiguous,
V41_01C2410043,01C2410043,C,V41F6F8D305986,関東,神奈川県,"医療法人社団耀風会
仲野整形外科スポーツ・ウェルネスクリニック",藤沢市鵠沼神明5丁目14-15,第三種,自家多血小板血漿（Platelet-rich plasma：PRP）を用いた筋肉、腱、靭帯、筋膜の損傷及び慢性炎症の治療（関節外の軟部組織）,PRP,QC,1.0,https://saiseiiryo.mhlw.go.jp/published_plan/download/01C2410043/5/0,40000,不明,片側,ACP|Condensia,Arthrex|京セラ,3,7,"PRP 片側 Condensia 40,000 円 ACP 40,000 円",rescue price candidates remain ambiguous,
V41_01C2410043,01C2410043,C,V41F6F8D305986,関東,神奈川県,"医療法人社団耀風会
仲野整形外科スポーツ・ウェルネスクリニック",藤沢市鵠沼神明5丁目14-15,第三種,自家多血小板血漿（Platelet-rich plasma：PRP）を用いた筋肉、腱、靭帯、筋膜の損傷及び慢性炎症の治療（関節外の軟部組織）,PRP,QC,1.0,https://saiseiiryo.mhlw.go.jp/published_plan/download/01C2410043/5/0,220000,不明,両側,Angel,Arthrex,3,7,"40,000 円 Angel 220,000 円 PRP 両側 Angel",rescue price candidates remain ambiguous,
V41_01C2410043,01C2410043,C,V41F6F8D305986,関東,神奈川県,"医療法人社団耀風会
仲野整形外科スポーツ・ウェルネスクリニック",藤沢市鵠沼神明5丁目14-15,第三種,自家多血小板血漿（Platelet-rich plasma：PRP）を用いた筋肉、腱、靭帯、筋膜の損傷及び慢性炎症の治療（関節外の軟部組織）,PRP,QC,1.0,https://saiseiiryo.mhlw.go.jp/published_plan/download/01C2410043/5/0,40000,不明,,ACP|Angel,Arthrex,2,7,"40,000 円 ACP 40,000 円 Angel 220,000 円",rescue price candidates remain ambiguous,
V41_01C2411083,01C2411083,B,V41F6F8D305986,関東,神奈川県,"医療法人社団耀風会
仲野整形外科スポーツ・ウェルネスクリニック",藤沢市鵠沼神明5丁目14-15,第二種,自家多血小板血漿（Platelet-Rich Plasma：PRP）を用いた慢性関節炎の治療（関節内組織）,PRP,QC,1.0,https://saiseiiryo.mhlw.go.jp/published_plan/download/01C2411083/5/0,360000,不明,両側,Angel,Arthrex,6,7,"PRP 両側 Angel 360,000 円 (3) 採血を開始してからのキャンセルについては、キャンセル費用をいただ きます。",price candidates remain ambiguous,
V41_01C2411083,01C2411083,B,V41F6F8D305986,関東,神奈川県,"医療法人社団耀風会
仲野整形外科スポーツ・ウェルネスクリニック",藤沢市鵠沼神明5丁目14-15,第二種,自家多血小板血漿（Platelet-Rich Plasma：PRP）を用いた慢性関節炎の治療（関節内組織）,PRP,QC,1.0,https://saiseiiryo.mhlw.go.jp/published_plan/download/01C2411083/5/0,10000,不明,片側,Condensia,京セラ,3,7,"血液検査(感染症チェック) ― 10,000 円 PRP 片側 Condensia",price candidates remain ambiguous,
V41_01C2411083,01C2411083,B,V41F6F8D305986,関東,神奈川県,"医療法人社団耀風会
仲野整形外科スポーツ・ウェルネスクリニック",藤沢市鵠沼神明5丁目14-15,第二種,自家多血小板血漿（Platelet-Rich Plasma：PRP）を用いた慢性関節炎の治療（関節内組織）,PRP,QC,1.0,https://saiseiiryo.mhlw.go.jp/published_plan/download/01C2411083/5/0,50000,不明,片側,ACP|Condensia,Arthrex|京セラ,3,7,"PRP 片側 Condensia 50,000 円 ACP 50,000 円",price candidates remain ambiguous,
V41_01C2411083,01C2411083,B,V41F6F8D305986,関東,神奈川県,"医療法人社団耀風会
仲野整形外科スポーツ・ウェルネスクリニック",藤沢市鵠沼神明5丁目14-15,第二種,自家多血小板血漿（Platelet-Rich Plasma：PRP）を用いた慢性関節炎の治療（関節内組織）,PRP,QC,1.0,https://saiseiiryo.mhlw.go.jp/published_plan/download/01C2411083/5/0,230000,不明,両側,Angel,Arthrex,3,7,"50,000 円 Angel 230,000 円 PRP 両側 Angel",price candidates remain ambiguous,
V41_01C2411083,01C2411083,B,V41F6F8D305986,関東,神奈川県,"医療法人社団耀風会
仲野整形外科スポーツ・ウェルネスクリニック",藤沢市鵠沼神明5丁目14-15,第二種,自家多血小板血漿（Platelet-Rich Plasma：PRP）を用いた慢性関節炎の治療（関節内組織）,PRP,QC,1.0,https://saiseiiryo.mhlw.go.jp/published_plan/download/01C2411083/5/0,50000,不明,,ACP|Angel,Arthrex,2,7,"50,000 円 ACP 50,000 円 Angel 230,000 円",price candidates remain ambiguous,
V41_01C2605036,01C2605036,D,V41F76A8CE1F68,関東,神奈川県,医療法人社団豊葉会　ザ・ヨコハマフロント・ベイサイドクリニック,横浜市神奈川区鶴屋町1丁目41 ザ・ヨコハマフロント3階,第二種,自家多血小板血漿（Platelet-Rich Plasma：PRP）を用いた慢性関節炎の治療（関節内組織）,PRP,QC,1.0,https://saiseiiryo.mhlw.go.jp/published_plan/download/01C2605036/5/0,600000,不明,,Angel,Arthrex,5,6,"570,000円 30,000円 600,000円 Angel PRP なお、PRP治療当日はすべて自由診療となるため、治療費とは別に診察・検査費用が発生します。詳細は医師より",price candidates remain ambiguous,
V41_01C2605036,01C2605036,D,V41F76A8CE1F68,関東,神奈川県,医療法人社団豊葉会　ザ・ヨコハマフロント・ベイサイドクリニック,横浜市神奈川区鶴屋町1丁目41 ザ・ヨコハマフロント3階,第二種,自家多血小板血漿（Platelet-Rich Plasma：PRP）を用いた慢性関節炎の治療（関節内組織）,PRP,QC,1.0,https://saiseiiryo.mhlw.go.jp/published_plan/download/01C2605036/5/0,39600,税込,,,,4,6,"治療費(税込) 一般 39,600円 5,000円 44,600円",price candidates remain ambiguous,
V41_01C2605036,01C2605036,D,V41F76A8CE1F68,関東,神奈川県,医療法人社団豊葉会　ザ・ヨコハマフロント・ベイサイドクリニック,横浜市神奈川区鶴屋町1丁目41 ザ・ヨコハマフロント3階,第二種,自家多血小板血漿（Platelet-Rich Plasma：PRP）を用いた慢性関節炎の治療（関節内組織）,PRP,QC,1.0,https://saiseiiryo.mhlw.go.jp/published_plan/download/01C2605036/5/0,165000,不明,1部位,ACP MAX|ACP,Arthrex,3,6,"155,000円 10,000円 165,000円 ACP MAX 一般・学生(1部位)",price candidates remain ambiguous,
V41_01C2605036,01C2605036,D,V41F76A8CE1F68,関東,神奈川県,医療法人社団豊葉会　ザ・ヨコハマフロント・ベイサイドクリニック,横浜市神奈川区鶴屋町1丁目41 ザ・ヨコハマフロント3階,第二種,自家多血小板血漿（Platelet-Rich Plasma：PRP）を用いた慢性関節炎の治療（関節内組織）,PRP,QC,1.0,https://saiseiiryo.mhlw.go.jp/published_plan/download/01C2605036/5/0,280000,不明,1部位,ACP MAX|ACP,Arthrex,3,6,"ACP MAX 一般・学生(1部位) 280,000円 15,000円 295,000円",price candidates remain ambiguous,
V41_01C2605036,01C2605036,D,V41F76A8CE1F68,関東,神奈川県,医療法人社団豊葉会　ザ・ヨコハマフロント・ベイサイドクリニック,横浜市神奈川区鶴屋町1丁目41 ザ・ヨコハマフロント3階,第二種,自家多血小板血漿（Platelet-Rich Plasma：PRP）を用いた慢性関節炎の治療（関節内組織）,PRP,QC,1.0,https://saiseiiryo.mhlw.go.jp/published_plan/download/01C2605036/5/0,35000,不明,,ACP,Arthrex,2,6,"30,000円 5,000円 35,000円 ACP 一般",price candidates remain ambiguous,
V41_01C2605036,01C2605036,D,V41F76A8CE1F68,関東,神奈川県,医療法人社団豊葉会　ザ・ヨコハマフロント・ベイサイドクリニック,横浜市神奈川区鶴屋町1丁目41 ザ・ヨコハマフロント3階,第二種,自家多血小板血漿（Platelet-Rich Plasma：PRP）を用いた慢性関節炎の治療（関節内組織）,PRP,QC,1.0,https://saiseiiryo.mhlw.go.jp/published_plan/download/01C2605036/5/0,180000,不明,,ACP,Arthrex,2,6,"ACP 一般 180,000円 10,000円 190,000円",price candidates remain ambiguous,
V41_01C2605036,01C2605036,D,V41F76A8CE1F68,関東,神奈川県,医療法人社団豊葉会　ザ・ヨコハマフロント・ベイサイドクリニック,横浜市神奈川区鶴屋町1丁目41 ザ・ヨコハマフロント3階,第二種,自家多血小板血漿（Platelet-Rich Plasma：PRP）を用いた慢性関節炎の治療（関節内組織）,PRP,QC,1.0,https://saiseiiryo.mhlw.go.jp/published_plan/download/01C2605036/5/0,15000,不明,1部位,,,1,6,"一般・学生(1部位) 280,000円 15,000円 295,000円 一般・学生(2部位)",price candidates remain ambiguous,
V41_01C2605036,01C2605036,D,V41F76A8CE1F68,関東,神奈川県,医療法人社団豊葉会　ザ・ヨコハマフロント・ベイサイドクリニック,横浜市神奈川区鶴屋町1丁目41 ザ・ヨコハマフロント3階,第二種,自家多血小板血漿（Platelet-Rich Plasma：PRP）を用いた慢性関節炎の治療（関節内組織）,PRP,QC,1.0,https://saiseiiryo.mhlw.go.jp/published_plan/download/01C2605036/5/0,5000,不明,,,,0,6,"一般 39,600円 5,000円 44,600円 学生",price candidates remain ambiguous,
V41_01C2605036,01C2605036,D,V41F76A8CE1F68,関東,神奈川県,医療法人社団豊葉会　ザ・ヨコハマフロント・ベイサイドクリニック,横浜市神奈川区鶴屋町1丁目41 ザ・ヨコハマフロント3階,第二種,自家多血小板血漿（Platelet-Rich Plasma：PRP）を用いた慢性関節炎の治療（関節内組織）,PRP,QC,1.0,https://saiseiiryo.mhlw.go.jp/published_plan/download/01C2605036/5/0,10000,不明,,,,0,6,"一般 180,000円 10,000円 190,000円 学生",price candidates remain ambiguous,
V41_01C2605036,01C2605036,D,V41F76A8CE1F68,関東,神奈川県,医療法人社団豊葉会　ザ・ヨコハマフロント・ベイサイドクリニック,横浜市神奈川区鶴屋町1丁目41 ザ・ヨコハマフロント3階,第二種,自家多血小板血漿（Platelet-Rich Plasma：PRP）を用いた慢性関節炎の治療（関節内組織）,PRP,QC,1.0,https://saiseiiryo.mhlw.go.jp/published_plan/download/01C2605036/5/0,15000,不明,,,,0,6,"一般・学生(2部位) 400,000円 15,000円 415,000円 一般・学生(3部位)",price candidates remain ambiguous,
V41_01C2605036,01C2605036,D,V41F76A8CE1F68,関東,神奈川県,医療法人社団豊葉会　ザ・ヨコハマフロント・ベイサイドクリニック,横浜市神奈川区鶴屋町1丁目41 ザ・ヨコハマフロント3階,第二種,自家多血小板血漿（Platelet-Rich Plasma：PRP）を用いた慢性関節炎の治療（関節内組織）,PRP,QC,1.0,https://saiseiiryo.mhlw.go.jp/published_plan/download/01C2605036/5/0,30000,不明,,,,0,6,"44,600円 学生 30,000円 5,000円 35,000円",price candidates remain ambiguous,
V41_01C2605036,01C2605036,D,V41F76A8CE1F68,関東,神奈川県,医療法人社団豊葉会　ザ・ヨコハマフロント・ベイサイドクリニック,横浜市神奈川区鶴屋町1丁目41 ザ・ヨコハマフロント3階,第二種,自家多血小板血漿（Platelet-Rich Plasma：PRP）を用いた慢性関節炎の治療（関節内組織）,PRP,QC,1.0,https://saiseiiryo.mhlw.go.jp/published_plan/download/01C2605036/5/0,44600,不明,,,,0,6,"39,600円 5,000円 44,600円 学生 30,000円",price candidates remain ambiguous,
V41_01C2605036,01C2605036,D,V41F76A8CE1F68,関東,神奈川県,医療法人社団豊葉会　ザ・ヨコハマフロント・ベイサイドクリニック,横浜市神奈川区鶴屋町1丁目41 ザ・ヨコハマフロント3階,第二種,自家多血小板血漿（Platelet-Rich Plasma：PRP）を用いた慢性関節炎の治療（関節内組織）,PRP,QC,1.0,https://saiseiiryo.mhlw.go.jp/published_plan/download/01C2605036/5/0,155000,不明,,,,0,6,"190,000円 学生 155,000円 10,000円 165,000円",price candidates remain ambiguous,
V41_01C2605036,01C2605036,D,V41F76A8CE1F68,関東,神奈川県,医療法人社団豊葉会　ザ・ヨコハマフロント・ベイサイドクリニック,横浜市神奈川区鶴屋町1丁目41 ザ・ヨコハマフロント3階,第二種,自家多血小板血漿（Platelet-Rich Plasma：PRP）を用いた慢性関節炎の治療（関節内組織）,PRP,QC,1.0,https://saiseiiryo.mhlw.go.jp/published_plan/download/01C2605036/5/0,190000,不明,,,,0,6,"180,000円 10,000円 190,000円 学生 155,000円",price candidates remain ambiguous,
V41_01C2605036,01C2605036,D,V41F76A8CE1F68,関東,神奈川県,医療法人社団豊葉会　ザ・ヨコハマフロント・ベイサイドクリニック,横浜市神奈川区鶴屋町1丁目41 ザ・ヨコハマフロント3階,第二種,自家多血小板血漿（Platelet-Rich Plasma：PRP）を用いた慢性関節炎の治療（関節内組織）,PRP,QC,1.0,https://saiseiiryo.mhlw.go.jp/published_plan/download/01C2605036/5/0,295000,不明,,,,0,6,"280,000円 15,000円 295,000円 一般・学生(2部位) 400,000円",price candidates remain ambiguous,
V41_01C2605036,01C2605036,D,V41F76A8CE1F68,関東,神奈川県,医療法人社団豊葉会　ザ・ヨコハマフロント・ベイサイドクリニック,横浜市神奈川区鶴屋町1丁目41 ザ・ヨコハマフロント3階,第二種,自家多血小板血漿（Platelet-Rich Plasma：PRP）を用いた慢性関節炎の治療（関節内組織）,PRP,QC,1.0,https://saiseiiryo.mhlw.go.jp/published_plan/download/01C2605036/5/0,400000,不明,,,,0,6,"295,000円 一般・学生(2部位) 400,000円 15,000円 415,000円",price candidates remain ambiguous,
V41_01C2605037,01C2605037,A,V41F76A8CE1F68,関東,神奈川県,医療法人社団豊葉会　ザ・ヨコハマフロント・ベイサイドクリニック,横浜市神奈川区鶴屋町1丁目41 ザ・ヨコハマフロント3階,第三種,自家多血小板血漿（Platelet-Rich Plasma：PRP）を用いた筋肉、腱、靭帯、筋膜の損傷及び慢性炎症の治療（関節外の軟部組織）,PRP,QC,1.0,https://saiseiiryo.mhlw.go.jp/published_plan/download/01C2605037/5/0,215000,不明,,Angel,Arthrex,5,6,"200,000円 15,000円 215,000円 Angel PRP なお、PRP治療当日はすべて自由診療となるため、治療費とは別に診察・検査費用が発生します。詳細は医師より",rescue price candidates remain ambiguous,
V41_01C2605037,01C2605037,A,V41F76A8CE1F68,関東,神奈川県,医療法人社団豊葉会　ザ・ヨコハマフロント・ベイサイドクリニック,横浜市神奈川区鶴屋町1丁目41 ザ・ヨコハマフロント3階,第三種,自家多血小板血漿（Platelet-Rich Plasma：PRP）を用いた筋肉、腱、靭帯、筋膜の損傷及び慢性炎症の治療（関節外の軟部組織）,PRP,QC,1.0,https://saiseiiryo.mhlw.go.jp/published_plan/download/01C2605037/5/0,29700,税込,,,,4,6,"治療費(税込) 一般 29,700円 5,000円 34,700円",rescue price candidates remain ambiguous,
V41_01C2605037,01C2605037,A,V41F76A8CE1F68,関東,神奈川県,医療法人社団豊葉会　ザ・ヨコハマフロント・ベイサイドクリニック,横浜市神奈川区鶴屋町1丁目41 ザ・ヨコハマフロント3階,第三種,自家多血小板血漿（Platelet-Rich Plasma：PRP）を用いた筋肉、腱、靭帯、筋膜の損傷及び慢性炎症の治療（関節外の軟部組織）,PRP,QC,1.0,https://saiseiiryo.mhlw.go.jp/published_plan/download/01C2605037/5/0,15000,不明,,Angel,Arthrex,2,6,"一般・学生 200,000円 15,000円 215,000円 Angel PRP",rescue price candidates remain ambiguous,
V41_01C2605037,01C2605037,A,V41F76A8CE1F68,関東,神奈川県,医療法人社団豊葉会　ザ・ヨコハマフロント・ベイサイドクリニック,横浜市神奈川区鶴屋町1丁目41 ザ・ヨコハマフロント3階,第三種,自家多血小板血漿（Platelet-Rich Plasma：PRP）を用いた筋肉、腱、靭帯、筋膜の損傷及び慢性炎症の治療（関節外の軟部組織）,PRP,QC,1.0,https://saiseiiryo.mhlw.go.jp/published_plan/download/01C2605037/5/0,29000,不明,,ACP,Arthrex,2,6,"24,000円 5,000円 29,000円 ACP 一般",rescue price candidates remain ambiguous,
V41_01C2605037,01C2605037,A,V41F76A8CE1F68,関東,神奈川県,医療法人社団豊葉会　ザ・ヨコハマフロント・ベイサイドクリニック,横浜市神奈川区鶴屋町1丁目41 ザ・ヨコハマフロント3階,第三種,自家多血小板血漿（Platelet-Rich Plasma：PRP）を用いた筋肉、腱、靭帯、筋膜の損傷及び慢性炎症の治療（関節外の軟部組織）,PRP,QC,1.0,https://saiseiiryo.mhlw.go.jp/published_plan/download/01C2605037/5/0,135000,不明,,ACP MAX|ACP,Arthrex,2,6,"125,000円 10,000円 135,000円 ACP MAX 一般・学生",rescue price candidates remain ambiguous,
V41_01C2605037,01C2605037,A,V41F76A8CE1F68,関東,神奈川県,医療法人社団豊葉会　ザ・ヨコハマフロント・ベイサイドクリニック,横浜市神奈川区鶴屋町1丁目41 ザ・ヨコハマフロント3階,第三種,自家多血小板血漿（Platelet-Rich Plasma：PRP）を用いた筋肉、腱、靭帯、筋膜の損傷及び慢性炎症の治療（関節外の軟部組織）,PRP,QC,1.0,https://saiseiiryo.mhlw.go.jp/published_plan/download/01C2605037/5/0,150000,不明,,ACP,Arthrex,2,6,"ACP 一般 150,000円 10,000円 160,000円",rescue price candidates remain ambiguous,
V41_01C2605037,01C2605037,A,V41F76A8CE1F68,関東,神奈川県,医療法人社団豊葉会　ザ・ヨコハマフロント・ベイサイドクリニック,横浜市神奈川区鶴屋町1丁目41 ザ・ヨコハマフロント3階,第三種,自家多血小板血漿（Platelet-Rich Plasma：PRP）を用いた筋肉、腱、靭帯、筋膜の損傷及び慢性炎症の治療（関節外の軟部組織）,PRP,QC,1.0,https://saiseiiryo.mhlw.go.jp/published_plan/download/01C2605037/5/0,200000,不明,,ACP MAX|ACP,Arthrex,2,6,"ACP MAX 一般・学生 200,000円 15,000円 215,000円",rescue price candidates remain ambiguous,
V41_01C2605037,01C2605037,A,V41F76A8CE1F68,関東,神奈川県,医療法人社団豊葉会　ザ・ヨコハマフロント・ベイサイドクリニック,横浜市神奈川区鶴屋町1丁目41 ザ・ヨコハマフロント3階,第三種,自家多血小板血漿（Platelet-Rich Plasma：PRP）を用いた筋肉、腱、靭帯、筋膜の損傷及び慢性炎症の治療（関節外の軟部組織）,PRP,QC,1.0,https://saiseiiryo.mhlw.go.jp/published_plan/download/01C2605037/5/0,5000,不明,,,,0,6,"一般 29,700円 5,000円 34,700円 学生",rescue price candidates remain ambiguous,
V41_01C2605037,01C2605037,A,V41F76A8CE1F68,関東,神奈川県,医療法人社団豊葉会　ザ・ヨコハマフロント・ベイサイドクリニック,横浜市神奈川区鶴屋町1丁目41 ザ・ヨコハマフロント3階,第三種,自家多血小板血漿（Platelet-Rich Plasma：PRP）を用いた筋肉、腱、靭帯、筋膜の損傷及び慢性炎症の治療（関節外の軟部組織）,PRP,QC,1.0,https://saiseiiryo.mhlw.go.jp/published_plan/download/01C2605037/5/0,10000,不明,,,,0,6,"一般 150,000円 10,000円 160,000円 学生",rescue price candidates remain ambiguous,
V41_01C2605037,01C2605037,A,V41F76A8CE1F68,関東,神奈川県,医療法人社団豊葉会　ザ・ヨコハマフロント・ベイサイドクリニック,横浜市神奈川区鶴屋町1丁目41 ザ・ヨコハマフロント3階,第三種,自家多血小板血漿（Platelet-Rich Plasma：PRP）を用いた筋肉、腱、靭帯、筋膜の損傷及び慢性炎症の治療（関節外の軟部組織）,PRP,QC,1.0,https://saiseiiryo.mhlw.go.jp/published_plan/download/01C2605037/5/0,24000,不明,,,,0,6,"34,700円 学生 24,000円 5,000円 29,000円",rescue price candidates remain ambiguous,
V41_01C2605037,01C2605037,A,V41F76A8CE1F68,関東,神奈川県,医療法人社団豊葉会　ザ・ヨコハマフロント・ベイサイドクリニック,横浜市神奈川区鶴屋町1丁目41 ザ・ヨコハマフロント3階,第三種,自家多血小板血漿（Platelet-Rich Plasma：PRP）を用いた筋肉、腱、靭帯、筋膜の損傷及び慢性炎症の治療（関節外の軟部組織）,PRP,QC,1.0,https://saiseiiryo.mhlw.go.jp/published_plan/download/01C2605037/5/0,34700,不明,,,,0,6,"29,700円 5,000円 34,700円 学生 24,000円",rescue price candidates remain ambiguous,
V41_01C2605037,01C2605037,A,V41F76A8CE1F68,関東,神奈川県,医療法人社団豊葉会　ザ・ヨコハマフロント・ベイサイドクリニック,横浜市神奈川区鶴屋町1丁目41 ザ・ヨコハマフロント3階,第三種,自家多血小板血漿（Platelet-Rich Plasma：PRP）を用いた筋肉、腱、靭帯、筋膜の損傷及び慢性炎症の治療（関節外の軟部組織）,PRP,QC,1.0,https://saiseiiryo.mhlw.go.jp/published_plan/download/01C2605037/5/0,125000,不明,,,,0,6,"160,000円 学生 125,000円 10,000円 135,000円",rescue price candidates remain ambiguous,
V41_01C2605037,01C2605037,A,V41F76A8CE1F68,関東,神奈川県,医療法人社団豊葉会　ザ・ヨコハマフロント・ベイサイドクリニック,横浜市神奈川区鶴屋町1丁目41 ザ・ヨコハマフロント3階,第三種,自家多血小板血漿（Platelet-Rich Plasma：PRP）を用いた筋肉、腱、靭帯、筋膜の損傷及び慢性炎症の治療（関節外の軟部組織）,PRP,QC,1.0,https://saiseiiryo.mhlw.go.jp/published_plan/download/01C2605037/5/0,160000,不明,,,,0,6,"150,000円 10,000円 160,000円 学生 125,000円",rescue price candidates remain ambiguous,
V41_03C2310079,03C2310079,B,V41F54EDE0D713,関東,神奈川県,医療法人緑樹会　あおば整形外科,横浜市青葉区しらとり台１番地１２　グリーングラスビル,第三種,多血小板血漿を用いた靭帯・腱及び腱付着部の機能障害・疾患の治療,PRP,AUTO,1.0,https://saiseiiryo.mhlw.go.jp/published_plan/download/03C2310079/5/0,150000,不明,,GPS|Zimmer,Zimmer Biomet,7,,"行う医師、管理者(院長)へと報告して対応させていただきます。 窓口部署:事務局 連絡先:045-985-3602 12.費用について この治療は公的保険の対象ではありませんので、当院所定の施術料をお支払いいただきます。 ・ZIMMER BIOMET 製 GPS®IIIシステム使用 150,000円 ※患者様の症状、その他の事情等により治療費が変動する場合があります。 施術後、患者様の個人的な事情及び金銭等に関する問題に関しては一切の責を負いかねますのでご了 承ください。 なお、細胞の採取後や加工後に同意を撤回された場合など、同意を撤回される時点までに費用が発生し ている場合は、発生した費用については患者様にご負担いただ",,
V41_01C2405046,01C2405046,C,V41FA87CDC6E15,関東,神奈川県,医療法人誠仁会　誠友クリニック,横浜市中区山下町224-2　パークポイント山下町　1F,第三種,多血小板血漿を用いた整形外科領域（関節腔内への投与を除く）の治療,PRP,QC,1.0,https://saiseiiryo.mhlw.go.jp/published_plan/download/01C2405046/5/0,,,,,,,,,no price found after rescue text/OCR pass,Rescue completed; OCR page timeouts=0
V41_01C2412055,01C2412055,D,V41FD15C5E30AC,関東,神奈川県,医療法人野球医学ベースボール＆スポーツクリニック,川崎市中原区小杉町2丁目228番地1パークシティ武蔵小杉ザガーデンタワーズウエスト１階W４,第三種,多血小板血漿を用いた整形外科領域（関節腔内への投与を除く）の治療,PRP,QC,1.0,https://saiseiiryo.mhlw.go.jp/published_plan/download/01C2412055/5/0,,,,,,,,,no price found after text/OCR pass,Document fetched but no price candidate
V41_01C2006014,01C2006014,A,V41F40F69ADEEA,関東,神奈川県,医療法人順正会　横浜鶴ヶ峰病院付属予防医療クリニック,横浜市旭区鶴ヶ峰2-82-1 ココロットつるがみね5階,第二種,変形性膝関節症（OA）に対する多血小板血漿（自家PRP）治療,PRP,AUTO,1.0,https://saiseiiryo.mhlw.go.jp/published_plan/download/01C2006014/5/0,40000,税別,1回,,,12,7,この治療にかかる費用について この治療は初診料の他、1回の投与につき4万円(税別)かかりま す。治療 にかかる全ての費用は自費となります。,rescue strong price context,
V41_01C2605035,01C2605035,B,V41F62C99AB377,関東,神奈川県,医療法人颯成会　さいとう整形クリニック,横須賀市吉井2丁目3番3号,第二種,自家多血小板血漿（Platelet-Rich Plasma：PRP）を用いた慢性関節炎の治療（関節内組織）,PRP,QC,1.0,https://saiseiiryo.mhlw.go.jp/published_plan/download/01C2605035/5/0,,,,,,,,,no price found after text/OCR pass,Document fetched but no price candidate
V41_03C2412021,03C2412021,C,V41F14E05B6B00,関東,神奈川県,原整形外科医院,横浜市南区弘明寺町268,第二種,多血小板血漿（PRP）による変形性膝関節症治療,PRP,AUTO,1.0,https://saiseiiryo.mhlw.go.jp/published_plan/download/03C2412021/5/0,300000,不明,3 回分,,,8,,"者様への周知徹底を図ります。 12. 患者さんの費用負担について 本治療は自由診療※となり、健康保険が適用にならず、全額自己負担になる治療で本来健康保険 が適用される治療も含め、すべて全額自己負担となります。 施術費用は下記の通りとなります。 PRP 変形性膝関節症治療 300,000 円 (当院がさだめた治療費用。採血及び投与3 回分の費用を含む。) ・ 3 回が当院がさだめた治療回数です。治療間隔については症状を見ながら決めていきますが、 3 回終了後半年間の経過観察を行い、再度治療の適応があるかどうかを決めていきます。 ・ 治療同意後、採血を実施した際に全ての費用を頂戴いたします。 ・ 患者様の都合又は",,
V41_01C2606028,01C2606028,A,V41F43885636C6,関東,神奈川県,吉野整形外科,横浜市神奈川区大口通56-5 大口メディカルセンター1F,第二種,自家多血小板血漿（PRP）を用いた関節内組織損傷に対する治療,PRP,AUTO,1.0,https://saiseiiryo.mhlw.go.jp/published_plan/download/01C2606028/5/0,77000,税込,1回,Condensia,京セラ,9,,"えない自由 じゆう 診療 しんりょう のため、他 ほか の治療費 ちりょうひ が高額 こうがく になることがあります。 【1回 かい 当たり あ た り の治療費 ちりょうひ (税込 ぜいこみ )】 ) ・Condensia PRP調製 ちょうせい キットを用いた もちいた 治療 ちりょう :77,000円 えん ※治療 ちりょう を数回 すうかい 行 おこな うことがあります。 ※一回あたりの治療費 ちりょうひ が割引 わりびき されることがあります。 5.個人 こじん 情報 じょうほう 保護 ほ ご について あなたの個人 こじん 情報 じょうほう は法律 ほうりつ に基 もと づいて厳 きび しく保護 ほ ご ・管理 か",,
V41_01C2606029,01C2606029,D,V41F43885636C6,関東,神奈川県,吉野整形外科,横浜市神奈川区大口通56-5 大口メディカルセンター1F,第三種,四肢の筋・腱・靱帯及びその付着部の傷害を対象とした自家多血小板血漿（PRP）注入療法,PRP,AUTO,1.0,https://saiseiiryo.mhlw.go.jp/published_plan/download/01C2606029/5/0,77000,税込,1回,Condensia,京セラ,9,,"んりょう ではなく自由 じゆう 診療 しんりょう のため、他 ほか の治療費 ちりょうひ が高額 こうがく になることがあります。 【1回 かい 当たり あ た り の治療費 ちりょうひ (税込)】 ) ・Condensia PRP調製 ちょうせい キットを用いた もちいた 治療 ちりょう :77,000 円 治療 ちりょう を数回 すうかい 行 おこな うことがあります。一回あたりの治療費 ちりょうひ が割引 わりびき されることがあります。 5.個人 こじん 情報 じょうほう 保護 ほ ご について あなたの個人 こじん 情報 じょうほう は法律 ほうりつ に基 もと づいて厳 きび しく保護 ほ ご ・管理 かんり されます",,
V41_02C2411039,02C2411039,B,V41F0BD84E86C2,関東,神奈川県,国家公務員共済組合連合会　横浜南共済病院,神奈川県横浜市金沢区六浦東1-21-1,第三種,自家多血小板血漿（PRP）を用いた腱付着部炎・腱障害・筋損傷・靭帯損傷（関節外に限る）治療,PRP,QC,1.0,https://saiseiiryo.mhlw.go.jp/published_plan/download/02C2411039/5/0,,,,,,,,,no price found after text/OCR pass,Document fetched but no price candidate
V41_02C2502024,02C2502024,C,V41F7AAE4023FC,関東,神奈川県,小田原市立病院,小田原市久野46番地,第三種,多血小板血漿を用いた筋腱炎の治療（Arthrex社製）,PRP,QC,1.0,https://saiseiiryo.mhlw.go.jp/published_plan/download/02C2502024/5/0,,,,,,,,,no price found after rescue text/OCR pass,Rescue completed; OCR page timeouts=0
V41_02C2602044,02C2602044,D,V41FF71C95FC03,関東,神奈川県,山下公園スパインクリニック,横浜市中区山下町30-1　パークコート山下公園２階,第二種,自家多血小板血漿（PRP）を用いた変形性関節症及び関節腔内の治療,PRP,AUTO,1.0,https://saiseiiryo.mhlw.go.jp/published_plan/download/02C2602044/5/0,160000,税込,1 回,,,7,,"ついて この治療は、健康保険がご使用できない自由診療です。そのため、患者様の費用負担が他の治療 よりも高額になることがあります。当院において実施される本治療および本治療に必要な検査な どの費用は全額自己負担となります。 血液分離専用容器キットによる施術料(1 回の治療で、2 キット使用) 160,000 円(税込176,000円) ※ 患者様の症状によっては治療を数回行うことがあります。治療前または治療後の状態から担当 医師が判断し、患者様にお伝えしご相談させて頂きます。 ※ 治療内容・回数により1回あたりの費用が減額される場合がございます。施術する前に詳細な 説明をいたしますので、ご納得いただいた上で治療をお受けいただけますよう",,
V41_02C2602044,02C2602044,D,V41FF71C95FC03,関東,神奈川県,山下公園スパインクリニック,横浜市中区山下町30-1　パークコート山下公園２階,第二種,自家多血小板血漿（PRP）を用いた変形性関節症及び関節腔内の治療,PRP,AUTO,1.0,https://saiseiiryo.mhlw.go.jp/published_plan/download/02C2602044/5/0,176000,税込,1 回,,,7,,"康保険がご使用できない自由診療です。そのため、患者様の費用負担が他の治療 よりも高額になることがあります。当院において実施される本治療および本治療に必要な検査な どの費用は全額自己負担となります。 血液分離専用容器キットによる施術料(1 回の治療で、2 キット使用) 160,000 円(税込176,000円) ※ 患者様の症状によっては治療を数回行うことがあります。治療前または治療後の状態から担当 医師が判断し、患者様にお伝えしご相談させて頂きます。 ※ 治療内容・回数により1回あたりの費用が減額される場合がございます。施術する前に詳細な 説明をいたしますので、ご納得いただいた上で治療をお受けいただけますようお願い申し上げ ます。",,
V41_02C2602044,02C2602044,D,V41FF71C95FC03,関東,神奈川県,山下公園スパインクリニック,横浜市中区山下町30-1　パークコート山下公園２階,第二種,自家多血小板血漿（PRP）を用いた変形性関節症及び関節腔内の治療,PRP,AUTO,1.0,https://saiseiiryo.mhlw.go.jp/published_plan/download/02C2602044/5/0,10000,不明,,,,-3,,"切不利益を受けることはありません。 また同様に、治療を受けることに同意した場合であっても、投与までの間でしたら、いつでも取 りやめることができます。この場合でも、一切不利益を受けません。 (キャンセル料はご負担いただきます。:ご予約の2 日前までキャンセル料は無料です。 当日のキャンセル料は、10,000 円を頂きます。採血後のキャンセル料については、消耗品費用等 を加算させて頂きます。) もしこの治療を受けることに同意されない場合も、最適と考えられる治療を実施できるように患 者様の治療に最善を尽くします。 ただし、治療を行った後は、健康管理・アフターフォローのために必要に応じて適切な検査を受 けていただき、医学的に問題がないかを確認させ",,
V41_02C2603016,02C2603016,A,V41FF71C95FC03,関東,神奈川県,山下公園スパインクリニック,横浜市中区山下町30-1　パークコート山下公園２階,第三種,自家多血小板血漿（PRP）を用いた筋腱付着部およびスポーツ傷害（筋・腱・靭帯）の治療,PRP,AUTO,1.0,https://saiseiiryo.mhlw.go.jp/published_plan/download/02C2603016/5/0,60000,税込,1回,,,7,,"り 8 . 治療にかかる費用について この治療は、健康保険がご使用できない自由診療のため、患者様の費用負担が他の治療よりも高 額になることがあります。当院において実施される本治療および本治療に必要な検査などの費用 は全額自己負担となります。 血液分離専用容器キットによる施術料 60,000 円(税込66,000 円) ※ 患者様の症状により治療を数回行うことがあります。治療前または治療後の状態から担当医師 が判断し、患者様にお伝えしご相談させて頂きます。 ※ 治療内容・回数により1回あたりの費用が減額される場合がございます。施術する前に詳細な 説明をいたしますので、ご納得いただいた上で治療をお受けいただけますようお願",,
V41_02C2603016,02C2603016,A,V41FF71C95FC03,関東,神奈川県,山下公園スパインクリニック,横浜市中区山下町30-1　パークコート山下公園２階,第三種,自家多血小板血漿（PRP）を用いた筋腱付着部およびスポーツ傷害（筋・腱・靭帯）の治療,PRP,AUTO,1.0,https://saiseiiryo.mhlw.go.jp/published_plan/download/02C2603016/5/0,66000,税込,1回,,,7,,"療にかかる費用について この治療は、健康保険がご使用できない自由診療のため、患者様の費用負担が他の治療よりも高 額になることがあります。当院において実施される本治療および本治療に必要な検査などの費用 は全額自己負担となります。 血液分離専用容器キットによる施術料 60,000 円(税込66,000 円) ※ 患者様の症状により治療を数回行うことがあります。治療前または治療後の状態から担当医師 が判断し、患者様にお伝えしご相談させて頂きます。 ※ 治療内容・回数により1回あたりの費用が減額される場合がございます。施術する前に詳細な 説明をいたしますので、ご納得いただいた上で治療をお受けいただけますようお願い申し上げ ます。",,
V41_02C2603016,02C2603016,A,V41FF71C95FC03,関東,神奈川県,山下公園スパインクリニック,横浜市中区山下町30-1　パークコート山下公園２階,第三種,自家多血小板血漿（PRP）を用いた筋腱付着部およびスポーツ傷害（筋・腱・靭帯）の治療,PRP,AUTO,1.0,https://saiseiiryo.mhlw.go.jp/published_plan/download/02C2603016/5/0,10000,不明,,,,-3,,"一切不利益を受けることはありません。 また同様に、治療を受けることに同意した場合であっても、投与までの間でしたら、いつでも取 りやめることができます。この場合でも、一切不利益を受けません。 (キャンセル料はご負担いただきます:ご予約の2 日前までキャンセル料は無料です。 当日のキャンセル料は、10,000 円を頂きます。採血後のキャンセル料については、消耗品費用等 を加算させて頂きます。)) もしこの治療を受けることに同意されない場合も、最適と考えられる治療を実施できるように患 者様の治療に最善を尽くします。 ただし、治療を行った後は、健康管理・アフターフォローのために必要に応じて適切な検査を受 けていただき、医学的に問題がないかを確認さ",,
V41_01C2502023,01C2502023,B,V41F0AA5AE12F1,関東,神奈川県,弘明寺整形外科リハビリテーションクリニック,横浜市南区六ツ川1-81 FHCビル3階,第二種,"自家多血小板血漿（Platelet-Rich Plasma：PRP）を用いた
慢性関節炎の治療（関節内組織）",PRP,QC,1.0,https://saiseiiryo.mhlw.go.jp/published_plan/download/01C2502023/5/0,5000,税込,1回(採血が15ml の場合),,,8,7,かかる費用であり、以下が費用の総額となります。 PRP 療法の費用(消費税込み) 1回(採血が15ml の場合) 3 万5000 円 1 回(採血が15ml 超の場合) 18 万5000 円 治療終了後も定期的な受診が必要です。,price candidates remain ambiguous,
V41_01C2502023,01C2502023,B,V41F0AA5AE12F1,関東,神奈川県,弘明寺整形外科リハビリテーションクリニック,横浜市南区六ツ川1-81 FHCビル3階,第二種,"自家多血小板血漿（Platelet-Rich Plasma：PRP）を用いた
慢性関節炎の治療（関節内組織）",PRP,QC,1.0,https://saiseiiryo.mhlw.go.jp/published_plan/download/01C2502023/5/0,5000,税込,1回(採血が15ml の場合),,,7,7,PRP 療法の費用(消費税込み) 1回(採血が15ml の場合) 3 万5000 円 1 回(採血が15ml 超の場合) 18 万5000 円 治療終了後も定期的な受診が必要です。 尚、この治療は治療効果の保証制度(返金保証)の対象外となります。,price candidates remain ambiguous,
V41_02C2411019,02C2411019,C,V41FB758840114,関東,神奈川県,横浜市立大学附属病院,横浜市金沢区福浦3−９,第三種,自家多血小板血漿(PRP)を用いた腱付着部炎・腱障害・筋損傷・靭帯損傷(関節外に限る)治療,PRP,AUTO,1.0,https://saiseiiryo.mhlw.go.jp/published_plan/download/02C2411019/5/0,30000,税別,1回,,,12,9,製のための採血にかかる費用、自家PRP調製費用、注入の総額とな ります。 ※ PRP療法1回 30000円 消費税別(診療費含む) (1か月程度間を空けて、1〜3回程度行うのが一般的で す),rescue strong price context,
V41_01C2604046,01C2604046,D,V41FADB05B24D7,関東,神奈川県,横浜駅前さいとう整形外科・スポーツクリニック,横浜市神奈川区鶴屋町2-11-8 第8安田ビル（メディカルスクエア鶴屋町）2F,第三種,自己多血小板血漿（PRP）を用いた整形外科領域における軟部組織治療,PRP,AUTO,1.0,https://saiseiiryo.mhlw.go.jp/published_plan/download/01C2604046/5/0,95000,税別,1部位,GPS,Zimmer Biomet,9,,"における軟部組織治療に関する 説明文・同意文書 5 治療にかかる費用について この治療は公的保険の対象ではありませんので、当施設にて施術料をお支払いいただきます。 ・PRP 療法 使用キット 治療提供価格 GPSIIIシステム 1部位 120,000 円(学生の方:95,000 円)(税別) ※患者さまの症状により施術料が変わる場合は別途、ご説明いたします。 その他治療についての注意事項 患者さまの体調が良くない場合や、採取した血液の状態によっては、PRP を分離できないこ とがあります。 その際には、再度採血をさせていただく場合があります。",,
V41_01C2604046,01C2604046,D,V41FADB05B24D7,関東,神奈川県,横浜駅前さいとう整形外科・スポーツクリニック,横浜市神奈川区鶴屋町2-11-8 第8安田ビル（メディカルスクエア鶴屋町）2F,第三種,自己多血小板血漿（PRP）を用いた整形外科領域における軟部組織治療,PRP,AUTO,1.0,https://saiseiiryo.mhlw.go.jp/published_plan/download/01C2604046/5/0,120000,税別,1部位,GPS,Zimmer Biomet,9,,"(PRP)を用いた整形外科領域における軟部組織治療に関する 説明文・同意文書 5 治療にかかる費用について この治療は公的保険の対象ではありませんので、当施設にて施術料をお支払いいただきます。 ・PRP 療法 使用キット 治療提供価格 GPSIIIシステム 1部位 120,000 円(学生の方:95,000 円)(税別) ※患者さまの症状により施術料が変わる場合は別途、ご説明いたします。 その他治療についての注意事項 患者さまの体調が良くない場合や、採取した血液の状態によっては、PRP を分離できないこ とがあります。 その際には、再度採血をさせて",,
V41_01C2206044,01C2206044,A,V41F1A33B5FC80,関東,神奈川県,横浜鶴ヶ峰病院付属予防医療クリニック,神奈川県横浜市旭区鶴ヶ峰2-82-1ココロットつるがみね5階,第三種,自家多血小板血漿（PRP）投与によるスポーツ外傷を含む筋肉、腱、靭帯損傷及び慢性炎症の治療(関節外の軟部組織）,PRP,AUTO,1.0,https://saiseiiryo.mhlw.go.jp/published_plan/download/01C2206044/5/0,44000,税込,1回,,,9,,あり、健康保険を使用することはできません。 (2) 本治療にかかる費用は、以下のとおりです。なお、費用は、1回の治療に伴 う診査、PRP 作製のための採血にかかる費用、PRP 作製費用、注入にかか る費用の総額となります。左右両側に投与する場合は、2 回分です。 PRP 療法1回(1 部位) 44000 円(消費税込) 11. 試料等の保存及び廃棄の方法 患者様から採取した血液と作製したPRP は、患者様ご自身の治療のみに 使用します。ただし、症例検討や学会発表を目的として、血液やPRP の測 定を行い、データを取得することがあります。 血液およびPRP は微量で全量を使用するため、保管はしません。治療に 用いない血液またはPRP が生,,
V41_02C1911221,02C1911221,B,V41FFA19E3C0DB,関東,神奈川県,横濱松宮整形外科リハビリテーションクリニック,横浜市中区曙町2-19-1　曙町新井ビル1F,第三種,多血小板血漿（PRP）を用いた筋腱付着部炎、筋腱炎、靭帯損傷（関節外に限る）治療,PRP,AUTO,1.0,https://saiseiiryo.mhlw.go.jp/published_plan/download/02C1911221/5/0,35000,税別,1回,,,9,,"10. 治療費用 (1) 本治療は、すべて自費診療であり、健康保険を使用することはできません。 (2) 本治療にかかる費用は、以下のとおりです。なお、費用は、治療に伴う診査、 自家PRP 調製のための採血にかかる費用、自家PRP 調製費用、注入の総額と なります。 PRP 療法1回 35,000 円 消費税別 11. 試料等の保存及び廃棄の方法 この治療にて採取した血液は、患者様ご自身の治療のみに使用します。 ただし,症例検討や学会発表を目的として,患者様より採取した血液及び 調整した細胞加工物(自家PRP)の測定を行い,データを取得することが あります。 採血した血液の状態により治療に用いなかった血液が発生した場合",,
V41_03C2508002,03C2508002,C,V41FDD03FF8FC6,関東,神奈川県,横須賀市立市民病院,横須賀市長坂1-3-2,第二種,多血小板血漿（PRP）を用いた変形性関節症の治療,PRP,AUTO,1.0,https://saiseiiryo.mhlw.go.jp/published_plan/download/03C2508002/5/0,330000,不明,1回,APS,Zimmer Biomet,8,,"、アレルギー反応 などの可能性を完全には否定できない。 品質管理されており安全性の高いものだが、アレルギー反応などの 可能性を完全には否定できない。 治療にかかる費用について この治療は、すべて自費診療であり、健康保険を使用することはで きません。 ・APS療法 1回分費用 : 330,000円(税 込) ※投与は、原則1回ですが、投与後の経過を勘案し複数回の投与を検 討する場合もあります。 ご不明な点は、医師・スタッフにお尋ねください。 その他治療についての注意事 項 患者さまの体調が良くない場合や、採取した血液の状態によって は、PRPを製造できないことがあり",,
V41_02C1905075,02C1905075,D,V41F7EF461DC53,関東,神奈川県,武蔵小杉整形外科,川崎市中原区小杉町1－403　武蔵小杉タワープレイス2階,第三種,自己多血小板血漿（Platelet Rich Plasma: PRP)を用いた結合組織修復療法,PRP,AUTO,1.0,https://saiseiiryo.mhlw.go.jp/published_plan/download/02C1905075/5/0,20000,税込,,,,16,1,*他の治療法との比較:ステロイド注射などの抗炎症療法とは機 序が異なり、他に組織再生・治癒促進を促す方法はありません。 *治療費:1単位2万円(消費税込);投与部位によりますが、上,rescue strong price context,
V41_01C2512015,01C2512015,B,V41F4606A60852,関東,神奈川県,池田整形外科 形成外科・美容外科,横浜市旭区本村町101番地第7パレス桜咲2階,第二種,変形性関節症を対象とした自家多血小板血漿（PRP）注入療法,PRP,AUTO,1.0,https://saiseiiryo.mhlw.go.jp/published_plan/download/01C2512015/5/0,70000,税込,1 回,Condensia,京セラ,9,,"されない自由診療です。そのため、患者様の費用負担が 他の治療よりも高額になることがあります。当院において実施される本治療および本治 療に必要な検査などの費用は全額自己負担となります。 血液分離専用容器キットによる提供価格 PRP:(京セラCondensia システム)使用 ・・・・・1 回70,000 円(税込) ※患者様の症状によっては、治療を数回行うことがあります。治療前、または治療後の 状態から担当医師が判断し、患者様にお伝えしご相談させて頂きます。 ※治療内容・回数により1回あたりの費用が減額される場合がございます。施術する前 に詳細な説明をいたしますので、ご納得いただいた上で施術をお受けいただけますよ うお願い申し上げ",,
V41_01C2512015,01C2512015,B,V41F4606A60852,関東,神奈川県,池田整形外科 形成外科・美容外科,横浜市旭区本村町101番地第7パレス桜咲2階,第二種,変形性関節症を対象とした自家多血小板血漿（PRP）注入療法,PRP,AUTO,1.0,https://saiseiiryo.mhlw.go.jp/published_plan/download/01C2512015/5/0,15000,不明,,,,-8,,"受けた後に同意されない場合でも、一切不利益を受けることはありません。 また同様に、治療を受けることに同意した場合であっても、投与までの間でしたらい つでも取りやめることができます。その場合、その後の治療について一切不利益は受け ません。(ただし下記のキャンセル料は申し受けます) 採血後~加工前 15,000 円 加工後~投与前 全額 もしこの治療を受けることに同意しない場合も、最適と考えられる治療を実施できる ように患者様の治療に最善を尽くします。 ただし、治療を行った後は、健康管理のために必要に応じて適切な検査を受けていた だき、医学的に問題がないかを確認させていただきます。 11. 試料等の保管及び廃棄の方法について",,
V41_01C2512016,01C2512016,A,V41F4606A60852,関東,神奈川県,池田整形外科 形成外科・美容外科,横浜市旭区本村町101番地第7パレス桜咲2階,第三種,四肢の筋・腱・靱帯及びその付着部の傷害を対象とした自家多血小板血漿（PRP）注入療法,PRP,AUTO,1.0,https://saiseiiryo.mhlw.go.jp/published_plan/download/01C2512016/5/0,70000,税込,1 回,Condensia,京セラ,9,,"されない自由診療です。そのため、患者様の費用負担が 他の治療よりも高額になることがあります。当院において実施される本治療および本治 療に必要な検査などの費用は全額自己負担となります。 血液分離専用容器キットによる提供価格 PRP:(京セラCondensia システム)使用 ・・・・・1 回70,000 円(税込) ※患者様の症状によっては、治療を数回行うことがあります。治療前、または治療後 の状態から担当医師が判断し、患者様にお伝えしご相談させて頂きます。 ※治療内容・回数により1回あたりの費用が減額される場合がございます。施術する 前に詳細な説明をいたしますので、ご納得いただいた上で施術いただきますようお 願い申し上げます。",,
V41_01C2512016,01C2512016,A,V41F4606A60852,関東,神奈川県,池田整形外科 形成外科・美容外科,横浜市旭区本村町101番地第7パレス桜咲2階,第三種,四肢の筋・腱・靱帯及びその付着部の傷害を対象とした自家多血小板血漿（PRP）注入療法,PRP,AUTO,1.0,https://saiseiiryo.mhlw.go.jp/published_plan/download/01C2512016/5/0,15000,不明,,,,-8,,"けた後に同意されない場合でも、一切不利益を受けることはありません。 また同様に、治療を受けることに同意した場合であっても、投与までの間でしたらい つでも取りやめることができます。その場合、その後の治療について一切不利益は受け ません。(ただし下記のキャンセル料は申し受けます) 採血後~加工前 15,000 円 加工後~投与前 全額 もしこの治療を受けることに同意しない場合も、最適と考えられる治療を実施できる ように患者様の治療に最善を尽くします。 ただし、治療を行った後は、健康管理のために必要に応じて適切な検査を受けていた だき、医学的に問題がないかを確認させていただきます。 11. 試料等の保管及び廃棄の方法について",,
V41_02C1911192,02C1911192,C,V41FAFB7EE1170,関東,神奈川県,特定医療法人 社団育成社 佐々木病院,横浜市鶴見区下末吉1-13-8,第三種,自己多血小板血漿(PRP)を用いた筋・腱・靭帯等の軟部組織整形外科的治療,PRP,AUTO,1.0,https://saiseiiryo.mhlw.go.jp/published_plan/download/02C1911192/5/0,40000,不明,,,,8,,炎・内出血斑・神経損傷を起こす可能性があります。 □PRP注入後、腫れや内出血が起こります。 □PRP注入液を作製するためには、通常10~20mlの静脈血を片側の 肘の静脈から採血します。 □他の治療法との比較:ヒアルロン酸やステロイド注射等とは機序 が異なり、類似する方法はありません。 □治療費は4万円(別途消費税) □PRPの保管及び移動は行いません。 □PRP作製に関わる材料(血液)及び器材は医療廃棄物として処理 します。 □本治療は「自己多血小板血漿(PRP)を用いた筋・腱・靭帯等の軟部 組織整形外科的治療」(計画番号: PC3180137)という名称で、特 定非営利活動法人日本アンチエイジング医療協会認定再生医療等委 員会(認定,,
V41_03C2412016,03C2412016,D,V41F51AD0B86C4,関東,神奈川県,相模原協同病院,相模原市緑区橋本台4-3-1,第三種,多血小板血漿を用いた整形外科領域（関節腔内への投与を除く）の治療,PRP,AUTO,1.0,https://saiseiiryo.mhlw.go.jp/published_plan/download/03C2412016/5/0,33000,税込,,ACP|GPS,Arthrex|Zimmer Biomet,8,,"す。 窓口部署:相模原協同病院 連絡先:042-761-6020 14.費用について 細胞の提供に際して費用は発生しません。 治療の提供に際しては、本治療は公的保険の対象ではありませんので、当院所定の施術料として以下の 金額をお支払いいただきます。 1ACP ダブルシリンジ:33,000円(税込) 2GPS®IIIシステム:132,000円(税込) ※患者様の症状、その他の事情等により治療費が変動する場合があります。 なお、細胞の採取後や加工後に同意を撤回された場合など、同意を撤回される時点までに費用が発生し ている場合は、発生した費用については患者様にご負担いただきますのでご了承ください。 15.他の治療",,
V41_03C2412016,03C2412016,D,V41F51AD0B86C4,関東,神奈川県,相模原協同病院,相模原市緑区橋本台4-3-1,第三種,多血小板血漿を用いた整形外科領域（関節腔内への投与を除く）の治療,PRP,AUTO,1.0,https://saiseiiryo.mhlw.go.jp/published_plan/download/03C2412016/5/0,132000,税込,,ACP|GPS,Arthrex|Zimmer Biomet,8,,"2-761-6020 14.費用について 細胞の提供に際して費用は発生しません。 治療の提供に際しては、本治療は公的保険の対象ではありませんので、当院所定の施術料として以下の 金額をお支払いいただきます。 1ACP ダブルシリンジ:33,000円(税込) 2GPS®IIIシステム:132,000円(税込) ※患者様の症状、その他の事情等により治療費が変動する場合があります。 なお、細胞の採取後や加工後に同意を撤回された場合など、同意を撤回される時点までに費用が発生し ている場合は、発生した費用については患者様にご負担いただきますのでご了承ください。 15.他の治療法の有無、本治療法との比較について 靭帯・腱及び腱付",,
V41_02C2607021,02C2607021,A,V41F68AFC01601,関東,神奈川県,社会福祉法人恩賜財団済生会　横浜市東部病院,横浜市鶴見区下末吉三丁目６番１号,第三種,多血小板血漿(PRP)の投与によるスポーツ外傷を含む筋、腱、靱帯損傷治療,PRP,AUTO,1.0,https://saiseiiryo.mhlw.go.jp/published_plan/download/02C2607021/5/0,120000,税込,1 回,,,8,,"thy. Vol. 39, No. 6, 2011 より 10. 治療にかかる費用について この治療は公的保険の対象ではありませんので、当病院所定の下記の施術料をお支払い いただきます。 ・PRP を用いた治療における施術料 120,000 円(税込) ご不明な点は医師・スタッフにお尋ねください。なお1 回の施術あたりの費用は、患部 の状態を確認した医師の判断、およびそれに応じたPRP 投与量等により変更となる場 第3 種 多血小板血漿(PRP)の投与によるスポーツ外傷を含む筋、腱、靱帯損傷治 療の説明文・同意文書 6 合がございます。 11. その他治療",,
V41_03C2210001,03C2210001,B,V41FE24F405898,関東,神奈川県,社会福祉法人聖隷福祉事業団　聖隷横浜病院,横浜市保土ケ谷区岩井町２１５,第二種,多血小板血漿抽出液による関節症治療,APS/PRP,AUTO,1.0,https://saiseiiryo.mhlw.go.jp/published_plan/download/03C2210001/5/0,100000,不明,,,,7,2,連絡先:045-715-3111 12.費用について この治療は公的保険の対象ではありませんので、当院所定の施術料(10万円~30万円程度)をお支 払いいただきます。 ※患者さんの症状、その他の事情等により選択する治療法が異なり、治療費が変動します。,line-level medium price context,
V41_03C2210001,03C2210001,B,V41FE24F405898,関東,神奈川県,社会福祉法人聖隷福祉事業団　聖隷横浜病院,横浜市保土ケ谷区岩井町２１５,第二種,多血小板血漿抽出液による関節症治療,APS/PRP,AUTO,1.0,https://saiseiiryo.mhlw.go.jp/published_plan/download/03C2210001/5/0,300000,不明,,,,7,2,連絡先:045-715-3111 12.費用について この治療は公的保険の対象ではありませんので、当院所定の施術料(10万円~30万円程度)をお支 払いいただきます。 ※患者さんの症状、その他の事情等により選択する治療法が異なり、治療費が変動します。,line-level medium price context,
V41_01C2503019,01C2503019,C,V41FC526ECE3EC,関東,神奈川県,羽沢よこはま国大整形外科リウマチ科・関節鏡クリニック,横浜市神奈川区羽沢南2-44-7 HAZAAR 4階,第二種,自家多血小板血漿（PRP）を用いた変形性関節症及び関節腔内の治療,PRP,QC,1.0,https://saiseiiryo.mhlw.go.jp/published_plan/download/01C2503019/5/0,,,,,,,,,no price found after rescue text/OCR pass,Rescue completed; OCR page timeouts=0
V41_01C2504013,01C2504013,D,V41F6C7AD09107,関東,神奈川県,羽沢よこはま国大整形外科リウマチ科・関節鏡クリニック,神奈川県横浜市神奈川区羽沢南2-44-7 HAZAAR 4階,第三種,自家多血小板血漿（PRP）を用いた筋腱付着部およびスポーツ障害（筋・腱・靭帯）の治療,PRP,QC,1.0,https://saiseiiryo.mhlw.go.jp/published_plan/download/01C2504013/5/0,,,,,,,,,no price found after rescue text/OCR pass,Rescue completed; OCR page timeouts=0
V41_03C2305022,03C2305022,A,V41F1F85F83ADF,関東,神奈川県,藤沢整形外科クリニック,藤沢市藤沢６１０－１　２Ｆ,第二種,多血小板血漿（PRP）による変形性関節症治療,PRP,QC,1.0,https://saiseiiryo.mhlw.go.jp/published_plan/download/03C2305022/5/0,,,,,,,,,no price found after rescue text/OCR pass,Rescue completed; OCR page timeouts=0
V41_01C2403005,01C2403005,C,V41FD9FB4F1223,関東,神奈川県,金沢八景整形外科,"横浜市金沢区六浦1-14-12
金沢八景国際コミュニティプラザ1階104号",第三種,自家多血小板血漿(Platelet-rich plasma:PRP)を用いた筋肉、腱、靭帯、筋膜の損傷及び慢性炎症の治療（関節腔外に限る）,PRP,AUTO,1.0,https://saiseiiryo.mhlw.go.jp/published_plan/download/01C2403005/5/0,50000,税別,1回,,,9,,"治療費用 (1) 本治療は、すべて自費診療であり、健康保険を使用することはできません。 (2) 本治療にかかる費用は、以下のとおりです。なお、費用は、治療に伴う診査、自家PRP 調製のための採血にかかる費用、自家PRP 調製費用、注入にかかる費用の総額となりま す。 PRP 療法1回 5万円 消費税別 11. 試料等の保存及び廃棄の方法 この治療にて採取した血液は、患者様ご自身の治療のみに使用します。ただし,症 例検討や学会発表を目的として,患者様より採取した血液及び調整した細胞加工物 (自家PRP)の測定を行い,データを取得することがあります。 採血した血液の状態により治療に用いなかった血液が発生した場合は",,
V41_01C2403006,01C2403006,B,V41FD9FB4F1223,関東,神奈川県,金沢八景整形外科,"横浜市金沢区六浦1-14-12
金沢八景国際コミュニティプラザ1階104号",第二種,自家多血小板血漿（Platelet-rich plasma：PRP）を用いた慢性関節炎の治療（関節内組織）,PRP,AUTO,1.0,https://saiseiiryo.mhlw.go.jp/published_plan/download/01C2403006/5/0,250000,税込,2 回分,,,9,,"用することはできませ ん。 (2) 本治療にかかる費用は、以下のとおりです。なお、費用は、治療に伴う診 査、PRP 調製のための採血にかかる費用、PRP 調製費用、注入にかかる費 用の総額となります。左右両側に投与する場合は、2 回分です。 PRP 1 回分(1 部位) 250,000 円(税込) PRP 2 回分(2 部位同時) 300,000 円(税込) 11. 試料等の保存及び廃棄の方法 患者様から採取した血液と作製したPRP は、患者様ご自身の治療のみ に使用します。ただし、症例検討や学会発表を目的として、血液やPRP の測定を行い、データを取得することがあります。 血液およびPR",,
V41_01C2403006,01C2403006,B,V41FD9FB4F1223,関東,神奈川県,金沢八景整形外科,"横浜市金沢区六浦1-14-12
金沢八景国際コミュニティプラザ1階104号",第二種,自家多血小板血漿（Platelet-rich plasma：PRP）を用いた慢性関節炎の治療（関節内組織）,PRP,AUTO,1.0,https://saiseiiryo.mhlw.go.jp/published_plan/download/01C2403006/5/0,300000,税込,2 回分,,,9,,"お、費用は、治療に伴う診 査、PRP 調製のための採血にかかる費用、PRP 調製費用、注入にかかる費 用の総額となります。左右両側に投与する場合は、2 回分です。 PRP 1 回分(1 部位) 250,000 円(税込) PRP 2 回分(2 部位同時) 300,000 円(税込) 11. 試料等の保存及び廃棄の方法 患者様から採取した血液と作製したPRP は、患者様ご自身の治療のみ に使用します。ただし、症例検討や学会発表を目的として、血液やPRP の測定を行い、データを取得することがあります。 血液およびPRP は微量で全量を使用するため、保管はしません。治療 に用いない血液またはPRP",,
V41_01C2504023,01C2504023,D,V41F9E4A4011FC,関東,神奈川県,開成くさやま整形外科リハビリクリニック,足柄上郡開成町みなみ4-5-7,第二種,自家多血小板血漿（Platelet-Rich Plasma：PRP）を用いた慢性関節炎の治療（関節内組織）,PRP,QC,1.0,https://saiseiiryo.mhlw.go.jp/published_plan/download/01C2504023/5/0,45000,不明,,ACP MAX|ACP,Arthrex,2,8,"ACP-PRP 20 億個 45,000 円 HD-PRP(ACP MAX の場合) 90 億個",rescue price candidates remain ambiguous,
V41_01C2504023,01C2504023,D,V41F9E4A4011FC,関東,神奈川県,開成くさやま整形外科リハビリクリニック,足柄上郡開成町みなみ4-5-7,第二種,自家多血小板血漿（Platelet-Rich Plasma：PRP）を用いた慢性関節炎の治療（関節内組織）,PRP,QC,1.0,https://saiseiiryo.mhlw.go.jp/published_plan/download/01C2504023/5/0,180000,不明,,ACP MAX|ACP,Arthrex,2,8,"HD-PRP(ACP MAX の場合) 90 億個 180,000 円 • 治療終了後も定期的な受診が必要です。",rescue price candidates remain ambiguous,
V41_01C2504024,01C2504024,A,V41FAE82B9D2D7,関東,神奈川県,開成くさやま整形外科リハビリクリニック,神奈川県足柄上郡開成町みなみ4-5-7,第三種,自家多血小板血漿（Platelet-Rich Plasma：PRP）を用いた筋肉、腱、靭帯、筋膜の損傷及び慢性炎症の治療（関節外の軟部組織）,PRP,QC,1.0,https://saiseiiryo.mhlw.go.jp/published_plan/download/01C2504024/5/0,45000,不明,,ACP MAX|ACP,Arthrex,2,8,"ACP-PRP 20 億個 45,000 円 HD-PRP(ACP MAX の場合) 90 億個",rescue price candidates remain ambiguous,
V41_01C2504024,01C2504024,A,V41FAE82B9D2D7,関東,神奈川県,開成くさやま整形外科リハビリクリニック,神奈川県足柄上郡開成町みなみ4-5-7,第三種,自家多血小板血漿（Platelet-Rich Plasma：PRP）を用いた筋肉、腱、靭帯、筋膜の損傷及び慢性炎症の治療（関節外の軟部組織）,PRP,QC,1.0,https://saiseiiryo.mhlw.go.jp/published_plan/download/01C2504024/5/0,180000,不明,,ACP MAX|ACP,Arthrex,2,8,"HD-PRP(ACP MAX の場合) 90 億個 180,000 円 • 治療終了後も定期的な受診が必要です。",rescue price candidates remain ambiguous,
V41_01C2603054,01C2603054,C,V41F7C86178123,関東,神奈川県,黒河内整形外科プラウドタワー相模大野クロスクリニック,相模原市南区相模大野4丁目4番3号201,第二種,変形性関節症を対象とした自家多血小板血漿（PRP）注入療法,PRP,AUTO,1.0,https://saiseiiryo.mhlw.go.jp/published_plan/download/01C2603054/5/0,55000,税込,1 回,Condensia,京セラ,9,,"されない自由診療です。そのため、患者様の費用負担が 他の治療よりも高額になることがあります。当院において実施される本治療および本治 療に必要な検査などの費用は全額自己負担となります。 血液分離専用容器キットによる提供価格 PRP:(京セラCondensia システム)使用 ・・・・・1 回55,000 円(税込) ※患者様の症状によっては、治療を数回行うことがあります。治療前、または治療後の 状態から担当医師が判断し、患者様にお伝えしご相談させて頂きます。 ※治療内容・回数により1回あたりの費用が減額される場合がございます。施術する前 に詳細な説明をいたしますので、ご納得いただいた上で施術をお受けいただけますよ うお願い申し上げま",,
V41_01C2604032,01C2604032,B,V41F7C86178123,関東,神奈川県,黒河内整形外科プラウドタワー相模大野クロスクリニック,相模原市南区相模大野4丁目4番3号201,第三種,四肢の筋・腱・靱帯及びその付着部の傷害を対象とした自家多血小板血漿（PRP）注入療法,PRP,AUTO,1.0,https://saiseiiryo.mhlw.go.jp/published_plan/download/01C2604032/5/0,55000,税込,1 回,Condensia,京セラ,9,,"されない自由診療です。そのため、患者様の費用負担が 他の治療よりも高額になることがあります。当院において実施される本治療および本治 療に必要な検査などの費用は全額自己負担となります。 血液分離専用容器キットによる提供価格 PRP:(京セラCondensia システム)使用 ・・・・・1 回55,000 円(税込) ※患者様の症状によっては、治療を数回行うことがあります。治療前、または治療後 の状態から担当医師が判断し、患者様にお伝えしご相談させて頂きます。 ※治療内容・回数により1回あたりの費用が減額される場合がございます。施術する 前に詳細な説明をいたしますので、ご納得いただいた上で施術いただきますようお 願い申し上げます。",,
V41_01G2506020,01G2506020,A,V41F4643476442,九州沖縄,福岡県,Tenjin Toya Clinic,福岡市中央区渡辺通五丁目24番32号　FPG links TENJIN MINAMI 5階,第二種,変形性関節症に対する脂肪組織由来幹細胞移植治療,脂肪由来幹細胞,AUTO,1.0,https://saiseiiryo.mhlw.go.jp/published_plan/download/01G2506020/5/0,2200000,税込,,,,14,11,費用について この治療は保険が適応されない自由診療となるため、全額自費診療となります。 治療費は、総額220万円(税込)です。移植部位や関節の数に伴う金額の変更はありません。 詳細な内訳は下記の通りです。 ・治療前 特別外来 : 1万円,rescue strong price context,
V41_01G2508001,01G2508001,B,V41F4643476442,九州沖縄,福岡県,Tenjin Toya Clinic,福岡市中央区渡辺通五丁目24番32号　FPG links TENJIN MINAMI 5階,第二種,多血小板血漿（PRP）を用いた変形性関節症・関節炎治療,PRP,QC,1.0,https://saiseiiryo.mhlw.go.jp/published_plan/download/01G2508001/5/0,,,,,,,,,no price found after text/OCR pass,Document fetched but no price candidate
V41_01G2508002,01G2508002,C,V41F4643476442,九州沖縄,福岡県,Tenjin Toya Clinic,福岡市中央区渡辺通五丁目24番32号　FPG links TENJIN MINAMI 5階,第三種,多血小板血漿（PRP）を用いた筋肉、腱、靭帯、筋膜の損傷及び慢性炎症の治療（関節腔外に限る）,PRP,QC,1.0,https://saiseiiryo.mhlw.go.jp/published_plan/download/01G2508002/5/0,,,,,,,,,terminal rescue fetch/parse failure,FileDataError: Failed to open stream
V41_01G2508005,01G2508005,D,V41F4643476442,九州沖縄,福岡県,Tenjin Toya Clinic,福岡市中央区渡辺通五丁目24番32号 FPG links TENJIN MINAMI 5階,第二種,変形性関節症に対する微小細断脂肪組織片を用いた疼痛緩和治療,MFAT,QC,1.0,https://saiseiiryo.mhlw.go.jp/published_plan/download/01G2508005/5/0,990000,税込,,,,5,10,"600,000円(税込) 2部位 990,000円(税込) 文書による同意を頂いたのち、同意を撤回された場合には、そこまでにかかった費用を請求 させて頂きます。",rescue price candidates remain ambiguous,
V41_01G2508005,01G2508005,D,V41F4643476442,九州沖縄,福岡県,Tenjin Toya Clinic,福岡市中央区渡辺通五丁目24番32号 FPG links TENJIN MINAMI 5階,第二種,変形性関節症に対する微小細断脂肪組織片を用いた疼痛緩和治療,MFAT,QC,1.0,https://saiseiiryo.mhlw.go.jp/published_plan/download/01G2508005/5/0,600000,税込,1部位,,,3,10,"金額 1部位 600,000円(税込) 2部位 990,000円(税込)",rescue price candidates remain ambiguous,
V41_01G1906001,01G1906001,D,V41F71441C95AB,九州沖縄,福岡県,とも整形外科スポーツクリニック,福岡市博多区豊1丁目4番32号,第三種,自家多血小板血漿(PRP)を用いた腱付着部炎・腱障害・筋 損傷・靭帯損傷(関節腔外に限る)治療,PRP,AUTO,1.0,https://saiseiiryo.mhlw.go.jp/published_plan/download/01G1906001/5/0,50000,税別,1回,,,9,,"Platelet-rich plasma:PRP)を用いた腱付着部炎・ 腱障害・筋損傷・靭帯損傷(関節腔外に限る)治療」にかかる費用は,以 下のとおりです。なお,費用は,治療に伴う診査,自家PRP 調製のための 採血にかかる費用,自家PRP 調製費用,注入の総額となります。 PRP 療法1回 5 万円 消費税別 11.採取した血液の保存及び廃棄の方法について この治療にて採取した血液は,患者様ご自身の治療のみに使用します。 また,患者様より採取した血液のすべてを治療に用いるため,保管は一切 行いません。 採血した血液の状態により治療に用いなかった血液が発生した場合は,適 切に処理し,すべ",,
V41_01G2001007,01G2001007,A,V41F71441C95AB,九州沖縄,福岡県,とも整形外科スポーツクリニック,福岡市博多区豊1丁目4番32号,第二種,自家多血小板血漿（Platelet-rich plasma：PRP）を用いた慢性関節炎の治療（関節内組織）,PRP,AUTO,1.0,https://saiseiiryo.mhlw.go.jp/published_plan/download/01G2001007/5/0,50000,税別,2 回分,,,9,,はできません。 (2) 本治療にかかる費用は、以下のとおりです。なお、費用は、治療に伴う診査、 自家PRP 調製のための採血にかかる費用、自家PRP 調製費用、注入にかかる 費用の総額となります。左右両側に投与する場合は、2 回分です。 PRP 療法1回(1 部位) 5万円(消費税別) PRP 療法2 回分(2 部位)を同時に行う場合 10万円(消費税別) 11. 試料等の保存及び廃棄の方法 患者様から採取した血液と作製したPRP は、患者様ご自身の治療のみに 使用します。ただし、症例検討や学会発表を目的として、血液やPRP の測 定を行い、データを取得することがあります。 血液およ,,
V41_01G2001007,01G2001007,A,V41F71441C95AB,九州沖縄,福岡県,とも整形外科スポーツクリニック,福岡市博多区豊1丁目4番32号,第二種,自家多血小板血漿（Platelet-rich plasma：PRP）を用いた慢性関節炎の治療（関節内組織）,PRP,AUTO,1.0,https://saiseiiryo.mhlw.go.jp/published_plan/download/01G2001007/5/0,100000,税別,2 回分,,,9,,、費用は、治療に伴う診査、 自家PRP 調製のための採血にかかる費用、自家PRP 調製費用、注入にかかる 費用の総額となります。左右両側に投与する場合は、2 回分です。 PRP 療法1回(1 部位) 5万円(消費税別) PRP 療法2 回分(2 部位)を同時に行う場合 10万円(消費税別) 11. 試料等の保存及び廃棄の方法 患者様から採取した血液と作製したPRP は、患者様ご自身の治療のみに 使用します。ただし、症例検討や学会発表を目的として、血液やPRP の測 定を行い、データを取得することがあります。 血液およびPRP は微量で全量を使用するため、保管はしません。治療に 用いない血液ま,,
V41_01G2105006,01G2105006,B,V41F847C1F6851,九州沖縄,福岡県,ガーデンクリニック 福岡院,福岡市中央区大名一丁目15番35号 247ビル5階,第三種,自家多血小板血漿（Platelet-rich plasma：PRP）を用いた筋肉、腱、靭帯、筋膜の損傷及び慢性炎症の治療（関節外の軟部組織）,PRP,AUTO,1.0,https://saiseiiryo.mhlw.go.jp/published_plan/download/01G2105006/5/0,319000,税込,2 回分,,,9,,"て自費診療です。 (2) 本治療にかかる費用は、以下のとおりです。なお、費用は、治療に伴う診査、 自家PRP 調製のための採血にかかる費用、自家PRP 調製費用、注入にかか る費用の総額となります。左右両側に投与する場合は、2 回分です。 PRP 療法1回(1 部位) 319,000 円(税込) 11. 試料等の保存及び廃棄の方法 患者様から採取した血液と作製したPRP は、患者様ご自身の治療のみに 使用します。ただし、症例検討や学会発表を目的として、血液やPRP の測 定を行い、データを取得することがあります。 血液およびPRP は微量で全量を使用するため、保管はしません。治療に 用いない血液ま",,
V41_01G2604009,01G2604009,C,V41F679F74286E,九州沖縄,福岡県,シンセルクリニック福岡院,福岡市博多区博多駅前２丁目５−９ 歯臓ビル 3F,第二種,自己脂肪由来幹細胞を用いた変形性関節症の治療,脂肪由来幹細胞,AUTO,1.0,https://saiseiiryo.mhlw.go.jp/published_plan/download/01G2604009/5/0,1650000,税込,,,,7,3,"細胞の提供に際して費用は発生しません。 治療の提供に際しては、本治療は公的保険の対象ではありませんので、当院所定の施術料として 1,650,000 円(税込)をお支払いいただきます。 ※患者様の症状、その他の事情等により治療費が変動する場合があります。 なお、脂肪の採取後や、細胞加工物の製造後に同意を撤回された場合など、同意を撤回される時",rescue medium price context,
V41_03G2411009,03G2411009,D,V41F92C264516C,九州沖縄,福岡県,セルメディカルチームジャパン,"福岡市博多区博多駅前3丁目30-15
ライオンズマンション博多1階",第二種,脂肪組織由来再生（幹）細胞（ADRC)を用いた変形性関節症に対する治療,その他MSK,AUTO,1.0,https://saiseiiryo.mhlw.go.jp/published_plan/download/03G2411009/5/0,1000000,税別,1 回,,,12,8,1 回の治療費は1 か所200 万円(税別)、2 か所300 万円(税別)です。 複数回投与を希望される場合は、2 回目1 か所150 万円(税別)、2 か所250 万円(税別)、 3 回目1 か所100 万円(税別)、2 か所200 万円(税別)となります。4 回目以降の費用は、 冷凍保存されているADRC があれば1 か所100 万円(税別)/回、2 か所200 万円(税別)/ 回です。保存している細胞が無い場合には、適切な期間(半年以上)を空けてから、改めて,rescue strong price context,
V41_03G2411009,03G2411009,D,V41F92C264516C,九州沖縄,福岡県,セルメディカルチームジャパン,"福岡市博多区博多駅前3丁目30-15
ライオンズマンション博多1階",第二種,脂肪組織由来再生（幹）細胞（ADRC)を用いた変形性関節症に対する治療,その他MSK,AUTO,1.0,https://saiseiiryo.mhlw.go.jp/published_plan/download/03G2411009/5/0,1500000,税別,1 回,,,12,8,したがいまして、患者様の負担額は10 割となります。 1 回の治療費は1 か所200 万円(税別)、2 か所300 万円(税別)です。 複数回投与を希望される場合は、2 回目1 か所150 万円(税別)、2 か所250 万円(税別)、 3 回目1 か所100 万円(税別)、2 か所200 万円(税別)となります。4 回目以降の費用は、 冷凍保存されているADRC があれば1 か所100 万円(税別)/回、2 か所200 万円(税別)/,rescue strong price context,
V41_03G2411009,03G2411009,D,V41F92C264516C,九州沖縄,福岡県,セルメディカルチームジャパン,"福岡市博多区博多駅前3丁目30-15
ライオンズマンション博多1階",第二種,脂肪組織由来再生（幹）細胞（ADRC)を用いた変形性関節症に対する治療,その他MSK,AUTO,1.0,https://saiseiiryo.mhlw.go.jp/published_plan/download/03G2411009/5/0,2000000,税別,1 回,,,12,8,険適応外となり、自由診療です。 したがいまして、患者様の負担額は10 割となります。 1 回の治療費は1 か所200 万円(税別)、2 か所300 万円(税別)です。 複数回投与を希望される場合は、2 回目1 か所150 万円(税別)、2 か所250 万円(税別)、 3 回目1 か所100 万円(税別)、2 か所200 万円(税別)となります。4 回目以降の費用は、,rescue strong price context,
V41_03G2411009,03G2411009,D,V41F92C264516C,九州沖縄,福岡県,セルメディカルチームジャパン,"福岡市博多区博多駅前3丁目30-15
ライオンズマンション博多1階",第二種,脂肪組織由来再生（幹）細胞（ADRC)を用いた変形性関節症に対する治療,その他MSK,AUTO,1.0,https://saiseiiryo.mhlw.go.jp/published_plan/download/03G2411009/5/0,2000000,税別,1 回,,,12,8,1 回の治療費は1 か所200 万円(税別)、2 か所300 万円(税別)です。 複数回投与を希望される場合は、2 回目1 か所150 万円(税別)、2 か所250 万円(税別)、 3 回目1 か所100 万円(税別)、2 か所200 万円(税別)となります。4 回目以降の費用は、 冷凍保存されているADRC があれば1 か所100 万円(税別)/回、2 か所200 万円(税別)/ 回です。保存している細胞が無い場合には、適切な期間(半年以上)を空けてから、改めて,rescue strong price context,
V41_03G2411009,03G2411009,D,V41F92C264516C,九州沖縄,福岡県,セルメディカルチームジャパン,"福岡市博多区博多駅前3丁目30-15
ライオンズマンション博多1階",第二種,脂肪組織由来再生（幹）細胞（ADRC)を用いた変形性関節症に対する治療,その他MSK,AUTO,1.0,https://saiseiiryo.mhlw.go.jp/published_plan/download/03G2411009/5/0,2500000,税別,1 回,,,12,8,したがいまして、患者様の負担額は10 割となります。 1 回の治療費は1 か所200 万円(税別)、2 か所300 万円(税別)です。 複数回投与を希望される場合は、2 回目1 か所150 万円(税別)、2 か所250 万円(税別)、 3 回目1 か所100 万円(税別)、2 か所200 万円(税別)となります。4 回目以降の費用は、 冷凍保存されているADRC があれば1 か所100 万円(税別)/回、2 か所200 万円(税別)/,rescue strong price context,
V41_03G2411009,03G2411009,D,V41F92C264516C,九州沖縄,福岡県,セルメディカルチームジャパン,"福岡市博多区博多駅前3丁目30-15
ライオンズマンション博多1階",第二種,脂肪組織由来再生（幹）細胞（ADRC)を用いた変形性関節症に対する治療,その他MSK,AUTO,1.0,https://saiseiiryo.mhlw.go.jp/published_plan/download/03G2411009/5/0,3000000,税別,1 回,,,12,8,険適応外となり、自由診療です。 したがいまして、患者様の負担額は10 割となります。 1 回の治療費は1 か所200 万円(税別)、2 か所300 万円(税別)です。 複数回投与を希望される場合は、2 回目1 か所150 万円(税別)、2 か所250 万円(税別)、 3 回目1 か所100 万円(税別)、2 か所200 万円(税別)となります。4 回目以降の費用は、,rescue strong price context,
V41_02G2310004,02G2310004,A,V41F47E93061AD,九州沖縄,福岡県,ヴィヴィアン美容クリニック,福岡市中央区大名2-6-39 ジラソーレビル8F,第二種,自己脂肪由来幹細胞を用いた変形性関節症の治療,脂肪由来幹細胞,AUTO,1.0,https://saiseiiryo.mhlw.go.jp/published_plan/download/02G2310004/5/0,2500000,税別,1回,,,9,,法に関する苦情及びお問い合わせの窓口を設置しております。窓口での 受付後、治療を行う医師、管理者(院長)へと報告して対応させていただきます。 窓口部署:再生医療部 連絡先:092-753-7147 12.費用について この治療は公的保険の対象ではありませんので、当院所定の施術料として1回250万円(税別)をお支払 いいただきます。 なお、細胞の採取後や加工後に同意を撤回された場合など、同意を撤回される時点までに費用が発生し ている場合は、発生した費用については患者様にご負担いただきますのでご了承ください。 13.他の治療法の有無、本治療法との比較について 変形性関節症の治療法には保存療法と手術療法の2 つの方法がありま,,
V41_02G2604007,02G2604007,B,V41FEA102FF11B,九州沖縄,福岡県,"一般社団法人センチュリー再生医療機構
ザ センチュリークリニック",朝倉市板屋2番地1,第二種,脂肪組織由来再生(幹)細胞を含む間質血管細胞群(SVF)を用いた変形性関節症に対する治療(LipoCube版),SVF,AUTO,1.0,https://saiseiiryo.mhlw.go.jp/published_plan/download/02G2604007/5/0,2750000,税込,,,,9,9,15.費用について この治療は保険が適応されない自由診療となるため、全額自費診療となります。 治療費は、275万円(税込)です。 ※治療により期待した効果が得られなかった場合であっても、返金等には応じられ ませんので予めご了承ください。,line-level strong price context,
V41_03G2603007,03G2603007,C,V41FEA102FF11B,九州沖縄,福岡県,"一般社団法人センチュリー再生医療機構 
ザ センチュリークリニック",朝倉市板屋2番地1,第二種,自己脂肪由来幹細胞を用いた変形性関節症の治療,脂肪由来幹細胞,AUTO,1.0,https://saiseiiryo.mhlw.go.jp/published_plan/download/03G2603007/5/0,1470000,税別,1 回,,,8,,るが、今後も本治療を希望される場合は、保 管期間満了前までに一度当院までご相談ください。 14.治療費用に関する事項 本治療は保険適用外の治療(自由診療)であるため、細胞培養加工費・幹細胞投与費・検 査費・薬剤等の消耗品を含め、下記の治療費用をご負担いただきます。 1 回投与(約2 億個) 147 万円(税別) 2 回投与(約2 億個×2 回) 294 万円(税別) 3 回投与(約2 億個×3 回) 440 万円(税別) 4 回投与(約2 億個×4 回) 588 万円(税別) 5 回投与(約2 億個×5 回) 735 万円(税別) *治療回数が多い場合は、脂肪組織を複数回採取する可能性がございます また、本治療に使用,,
V41_03G2603007,03G2603007,C,V41FEA102FF11B,九州沖縄,福岡県,"一般社団法人センチュリー再生医療機構 
ザ センチュリークリニック",朝倉市板屋2番地1,第二種,自己脂肪由来幹細胞を用いた変形性関節症の治療,脂肪由来幹細胞,AUTO,1.0,https://saiseiiryo.mhlw.go.jp/published_plan/download/03G2603007/5/0,2940000,税別,1 回,,,8,,一度当院までご相談ください。 14.治療費用に関する事項 本治療は保険適用外の治療(自由診療)であるため、細胞培養加工費・幹細胞投与費・検 査費・薬剤等の消耗品を含め、下記の治療費用をご負担いただきます。 1 回投与(約2 億個) 147 万円(税別) 2 回投与(約2 億個×2 回) 294 万円(税別) 3 回投与(約2 億個×3 回) 440 万円(税別) 4 回投与(約2 億個×4 回) 588 万円(税別) 5 回投与(約2 億個×5 回) 735 万円(税別) *治療回数が多い場合は、脂肪組織を複数回採取する可能性がございます また、本治療に使用する細胞の品質が悪い場合は、再度脂肪組織の採取及び細胞培養を,,
V41_03G2603007,03G2603007,C,V41FEA102FF11B,九州沖縄,福岡県,"一般社団法人センチュリー再生医療機構 
ザ センチュリークリニック",朝倉市板屋2番地1,第二種,自己脂肪由来幹細胞を用いた変形性関節症の治療,脂肪由来幹細胞,AUTO,1.0,https://saiseiiryo.mhlw.go.jp/published_plan/download/03G2603007/5/0,4400000,税別,1 回,,,8,,本治療は保険適用外の治療(自由診療)であるため、細胞培養加工費・幹細胞投与費・検 査費・薬剤等の消耗品を含め、下記の治療費用をご負担いただきます。 1 回投与(約2 億個) 147 万円(税別) 2 回投与(約2 億個×2 回) 294 万円(税別) 3 回投与(約2 億個×3 回) 440 万円(税別) 4 回投与(約2 億個×4 回) 588 万円(税別) 5 回投与(約2 億個×5 回) 735 万円(税別) *治療回数が多い場合は、脂肪組織を複数回採取する可能性がございます また、本治療に使用する細胞の品質が悪い場合は、再度脂肪組織の採取及び細胞培養を 行います。その際に係る費用については、請求することはありま,,
V41_03G2603007,03G2603007,C,V41FEA102FF11B,九州沖縄,福岡県,"一般社団法人センチュリー再生医療機構 
ザ センチュリークリニック",朝倉市板屋2番地1,第二種,自己脂肪由来幹細胞を用いた変形性関節症の治療,脂肪由来幹細胞,AUTO,1.0,https://saiseiiryo.mhlw.go.jp/published_plan/download/03G2603007/5/0,5880000,税別,1 回,,,8,,工費・幹細胞投与費・検 査費・薬剤等の消耗品を含め、下記の治療費用をご負担いただきます。 1 回投与(約2 億個) 147 万円(税別) 2 回投与(約2 億個×2 回) 294 万円(税別) 3 回投与(約2 億個×3 回) 440 万円(税別) 4 回投与(約2 億個×4 回) 588 万円(税別) 5 回投与(約2 億個×5 回) 735 万円(税別) *治療回数が多い場合は、脂肪組織を複数回採取する可能性がございます また、本治療に使用する細胞の品質が悪い場合は、再度脂肪組織の採取及び細胞培養を 行います。その際に係る費用については、請求することはありません。尚、脂肪組織の 採取後や、細胞加工物の製造後に同意を撤,,
V41_03G2603007,03G2603007,C,V41FEA102FF11B,九州沖縄,福岡県,"一般社団法人センチュリー再生医療機構 
ザ センチュリークリニック",朝倉市板屋2番地1,第二種,自己脂肪由来幹細胞を用いた変形性関節症の治療,脂肪由来幹細胞,AUTO,1.0,https://saiseiiryo.mhlw.go.jp/published_plan/download/03G2603007/5/0,7350000,税別,1 回,,,6,,療費用をご負担いただきます。 1 回投与(約2 億個) 147 万円(税別) 2 回投与(約2 億個×2 回) 294 万円(税別) 3 回投与(約2 億個×3 回) 440 万円(税別) 4 回投与(約2 億個×4 回) 588 万円(税別) 5 回投与(約2 億個×5 回) 735 万円(税別) *治療回数が多い場合は、脂肪組織を複数回採取する可能性がございます また、本治療に使用する細胞の品質が悪い場合は、再度脂肪組織の採取及び細胞培養を 行います。その際に係る費用については、請求することはありません。尚、脂肪組織の 採取後や、細胞加工物の製造後に同意を撤回された場合など、同意を撤回される時点ま でに費用が発生して,,
V41_02G2201004,02G2201004,D,V41F6C0B010492,九州沖縄,福岡県,医療法人 おおしま整形外科,朝倉市甘木2072-1,第二種,自己脂肪由来幹細胞を用いた慢性疼痛の治療,脂肪由来幹細胞,AUTO,1.0,https://saiseiiryo.mhlw.go.jp/published_plan/download/02G2201004/5/0,2420000,税込,1回,,,9,,ていただきます。 再生医療事務局 電話番号:0946-23-9201 12.費用について 本治療は保険適用外であるため、治療にかかる費用全額をご自分で ご負担いただきます。その他、本治療を受けるために必要となった 旅費、交通費などの全ての費用もご自分でご負担いただきます。本 治療にかかる費用は1回242万円(税込)となっております。 なお、脂肪の採取後や、細胞加工物の製造後に同意を撤回された場 合など、同意を撤回される時点までに費用が発生している場合は、 発生した費用についてはあなたにご負担いただきますのでご了承く ださい。 13.他の治療法の有無、本治療法との比較について 慢性疼痛の治療法は対症療法が主であり、手術療法などの根治療法 がな,,
V41_01G2302003,01G2302003,B,V41FCE7B54111A,九州沖縄,福岡県,医療法人 桜康会 三宮整形外科医院,久留米市諏訪野町１７７５－２,第二種,変形性関節症に対する多血小板血漿（ＰＲＰ）関節内投与療法,PRP,AUTO,1.0,https://saiseiiryo.mhlw.go.jp/published_plan/download/01G2302003/5/0,35000,税込,,,,8,3,"治療の提供に際しては、本治療は公的保険の対象ではありませんので、当院所定の施術料として35,000円 (税込)をお支払いいただきます。 ※患者様の症状、その他の事情等により治療費が変動する場合があります。",line-level medium price context,
V41_01G2302004,01G2302004,C,V41FCE7B54111A,九州沖縄,福岡県,医療法人 桜康会 三宮整形外科医院,久留米市諏訪野町１７７５－２,第三種,多血小板血漿を用いた整形外科領域（関節腔内への投与を除く）の治療,PRP,QC,1.0,https://saiseiiryo.mhlw.go.jp/published_plan/download/01G2302004/5/0,,,,,,,,,no price found after rescue text/OCR pass,Rescue completed; OCR page timeouts=0
V41_01G2505003,01G2505003,D,V41FA98159A45F,九州沖縄,福岡県,医療法人NEO まなべ整形外科クリニック,福岡市西区愛宕4丁目14-22,第二種,自家多血小板血漿（Platelet-Rich Plasma：PRP）を用いた慢性関節炎の治療（関節内組織）,PRP,AUTO,1.0,https://saiseiiryo.mhlw.go.jp/published_plan/download/01G2505003/5/0,165000,税込,,ACP MAX|ACP,Arthrex,8,,"入にかかる費用がすべて含まれており、以下の金額が 総額となります。 PRP の種類 血小板注入量のめやす 費用(税込) ACP-PRP 20 億個 44,000 円 ACP-PRP ダブル* 40 億個 77,000 円 ACP MAX(HD-PRP)** 90 億個 165,000 円 * ACP-PRP ダブル:効果を高めるため、通常の2 倍量を投与します。 ** ACP MAX(HD-PRP):より多くの血小板や成⻑因子を含む濃縮されたPRP を用います。 9 11.試料等の保存及び廃棄の方法 患者様から採取した血液と作製したPRP は、患者様ご自身の治",,
V41_01G2505003,01G2505003,D,V41FA98159A45F,九州沖縄,福岡県,医療法人NEO まなべ整形外科クリニック,福岡市西区愛宕4丁目14-22,第二種,自家多血小板血漿（Platelet-Rich Plasma：PRP）を用いた慢性関節炎の治療（関節内組織）,PRP,AUTO,1.0,https://saiseiiryo.mhlw.go.jp/published_plan/download/01G2505003/5/0,44000,税込,,ACP MAX|ACP,Arthrex,5,,"とはできません。 • 本治療にかかる費用は以下のとおりです。なお、費用には、治療に伴う診察料、採血 費用、自家PRP 調製費用、注入にかかる費用がすべて含まれており、以下の金額が 総額となります。 PRP の種類 血小板注入量のめやす 費用(税込) ACP-PRP 20 億個 44,000 円 ACP-PRP ダブル* 40 億個 77,000 円 ACP MAX(HD-PRP)** 90 億個 165,000 円 * ACP-PRP ダブル:効果を高めるため、通常の2 倍量を投与します。 ** ACP MAX(HD-PRP):より多くの血小板や成⻑因子を含む濃縮されたPRP を用います。",,
V41_01G2505003,01G2505003,D,V41FA98159A45F,九州沖縄,福岡県,医療法人NEO まなべ整形外科クリニック,福岡市西区愛宕4丁目14-22,第二種,自家多血小板血漿（Platelet-Rich Plasma：PRP）を用いた慢性関節炎の治療（関節内組織）,PRP,AUTO,1.0,https://saiseiiryo.mhlw.go.jp/published_plan/download/01G2505003/5/0,77000,税込,,ACP MAX|ACP,Arthrex,5,,"。なお、費用には、治療に伴う診察料、採血 費用、自家PRP 調製費用、注入にかかる費用がすべて含まれており、以下の金額が 総額となります。 PRP の種類 血小板注入量のめやす 費用(税込) ACP-PRP 20 億個 44,000 円 ACP-PRP ダブル* 40 億個 77,000 円 ACP MAX(HD-PRP)** 90 億個 165,000 円 * ACP-PRP ダブル:効果を高めるため、通常の2 倍量を投与します。 ** ACP MAX(HD-PRP):より多くの血小板や成⻑因子を含む濃縮されたPRP を用います。 9 11.試料等の保存及び廃棄",,
V41_02G2002005,02G2002005,A,V41FA59EAF0927,九州沖縄,福岡県,医療法人Yanaga CLinic,"福岡市中央区天神1-2-12
メットライフ天神ビル3F",第二種,軟骨、骨の組織欠損、変形、又は低形成に対する自家培養軟骨細胞移植,その他MSK,AUTO,1.0,https://saiseiiryo.mhlw.go.jp/published_plan/download/02G2002005/5/0,1500000,税別,,,,11,9,培養軟骨による治療は健康保険適応外です。通常のインプラントによる隆鼻術や従 来法の耳介軟骨、側頭筋膜移植による方法よりも高額になります。例えば、隆鼻に対す る治療費は約150 万円~(税別)です。ただし、移植量、疾患、手術回数、必要な術式、 必要とされる培養軟骨細胞の量により患者さんそれぞれ治療費は異なります。最終的 には診察を行ったうえで決定します。,rescue strong price context,
V41_02G2412004,02G2412004,A,V41FB26C6CB973,九州沖縄,福岡県,医療法人　同信会　福岡整形外科病院,福岡市南区柳河内2-10-50,第二種,自家滑膜幹細胞注射による変形性膝関節症治療,滑膜幹細胞,AUTO,1.0,https://saiseiiryo.mhlw.go.jp/published_plan/download/02G2412004/5/0,1999800,税込,,,,8,,"安定している。 アレルギーの 可能性 自家移植のため可能性は低い。 自己組織由来ではないので、可能性 を否定できない。 11. 治療にかかる費用について 本治療は自費診療であり、公的保険の対象ではありませんので、当院の所定の施術料をお支払いいただ きます。 治療費用(片膝) 1,999,800 円(税込)  治療に伴う診察、自己血清のための採血、滑膜採取、滑膜幹細胞注射、注射後1 か月時の診 察が含まれています。  注射前検査の採血費用は含まれておりませんので別途費用がかかります。  注射3 か月後、6 か月後の診察は含まれておりませんので別途費用がかかります。  「中止基準(2)細胞の培養等が計画通りに実施できな",,
V41_03G2101003,03G2101003,B,V41F04A1DFA892,九州沖縄,福岡県,医療法人かつの整形外科リハビリテーション科,福岡市西区福重4丁目7-6　2F,第二種,多血小板血漿（Platelet-rich plasma：PRP）を用いた整形外科疾患に対する治療,PRP,AUTO,1.0,https://saiseiiryo.mhlw.go.jp/published_plan/download/03G2101003/5/0,200000,税別,1回,,,7,,"telet-Rich Plasma)を用いた整形外科 疾患に対する治療にかかる費用とお支払いに関して この治療は公的保険の対象ではありませんので、当医院の所定の施 術料をお支払いいただきます。 治療にかかる費用は下記の通りとなります。ご不明な点は医師・ス タッフにお尋ねください。 税抜き価格 1回 200,000円 医療法人かつの整形外科リハビリテーション科 住 所 〒819-0022 福岡市西区福重4丁目7-6 2F TEL 092-892-1188 理事長 勝野 雷二郎",,
V41_03G2101004,03G2101004,C,V41F04A1DFA892,九州沖縄,福岡県,医療法人かつの整形外科・リハビリテーション科,福岡市西区福重4丁目7-6　2F,第三種,多血小板血漿（Platelet-rich plasma：PRP）を用いた筋、腱、靭帯損傷、肩腱板損傷に対する治療,PRP,QC,1.0,https://saiseiiryo.mhlw.go.jp/published_plan/download/03G2101004/5/0,,,,,,,,,no price found after rescue text/OCR pass,Rescue completed; OCR page timeouts=0
V41_01G1909002,01G1909002,D,V41FF97AA58D45,九州沖縄,福岡県,医療法人オアシス　福岡志恩病院,小郡市美鈴が丘一丁目５番３,第三種,多血小板血漿(PRP)の投与によるスポーツ外傷を含む筋、腱、靱帯損傷治療,PRP,AUTO,1.0,https://saiseiiryo.mhlw.go.jp/published_plan/download/01G1909002/5/0,85000,不明,1 部位,,,7,,"炎症反応を強く抑制するため、組織 修復の遅延、組織がもろくなること がある 治療にかかる費用について この治療は公的保険の対象ではありませんので、当施設にて施術料をお支払いいただきます。また同意を 撤回された場合でも、採血後は所定の費用を申し受けます。 ・PRP 療法 1 部位1投与 85,000 円 ※患者様の症状により施術料が変わる場合は別途、ご説明いたします。 その他治療についての注意事項 患者さんの体調が良くない場合や、採取した血液の状態によっては、PRP を分離できないこ とがあります。 その際には、再度採血をさせていただく場合があります。 また",,
V41_01G2011006,01G2011006,A,V41FDFE1A31048,九州沖縄,福岡県,医療法人一寿会西尾病院,直方市津田町9番38号,第三種,自家多血小板血漿（Platelet-rich plasma：PRP）を用いた筋肉、腱、靭帯、筋膜の損傷及び慢性炎症の治療（関節外の軟部組織）,PRP,AUTO,1.0,https://saiseiiryo.mhlw.go.jp/published_plan/download/01G2011006/5/0,30000,税別,2 回分,,,9,,を使用することはできません。 (2) 本治療にかかる費用は、以下のとおりです。なお、費用は、治療に伴う診査、 PRP 作製のための採血にかかる費用、PRP 作製費用、注入にかかる費用の 総額となります。左右両側に投与する場合は、2 回分です。 PRP 療法1回(1 部位) 3万円(消費税別) 11. 試料等の保存及び廃棄の方法 患者様から採取した血液と作製したPRP は、患者様ご自身の治療のみに 使用します。ただし、症例検討や学会発表を目的として、血液やPRP の測 定を行い、データを取得することがあります。 血液およびPRP は微量で全量を使用するため、保管はしません。治療に 用いない血液ま,,
V41_02G1904001,02G1904001,B,V41FC0B9D558DC,九州沖縄,福岡県,医療法人前川整形外科医院,北九州市八幡西区浅川学園台3-10-8,第三種,多血小板血漿(platelet rich plasma)治療,PRP,QC,1.0,https://saiseiiryo.mhlw.go.jp/published_plan/download/02G1904001/5/0,,,,,,,,,no price found after text/OCR pass,Document fetched but no price candidate
V41_01G2002004,01G2002004,C,V41F167802D210,九州沖縄,福岡県,医療法人社団サンセール会　SCクリニック福岡,福岡市東区松島6丁目14番12号,第二種,自家脂肪由来間葉系幹細胞を用いた変形性膝関節症の治療,脂肪由来幹細胞,QC,1.0,https://saiseiiryo.mhlw.go.jp/published_plan/download/01G2002004/5/0,,,,,,,,,no price found after rescue text/OCR pass,Rescue completed; OCR page timeouts=0
V41_02G2606005,02G2606005,D,V41FE5847E3F4E,九州沖縄,福岡県,医療法人福岡聖友会福岡セントフレンズクリニック,福岡市中央区地行浜2-2-3ヒルトン福岡シーホーク4F,第二種,自己脂肪組織由来間葉系幹細胞による変形性関節症治療,脂肪由来幹細胞,AUTO,1.0,https://saiseiiryo.mhlw.go.jp/published_plan/download/02G2606005/5/0,100000,不明,1 回,,,7,2,・治療(細胞投与等)費 30万円(1 回ごと) (細胞品質評価費10万円+調剤・細胞投与15万円+投与後管理費5万円),rescue medium price context,
V41_02G2606005,02G2606005,D,V41FE5847E3F4E,九州沖縄,福岡県,医療法人福岡聖友会福岡セントフレンズクリニック,福岡市中央区地行浜2-2-3ヒルトン福岡シーホーク4F,第二種,自己脂肪組織由来間葉系幹細胞による変形性関節症治療,脂肪由来幹細胞,AUTO,1.0,https://saiseiiryo.mhlw.go.jp/published_plan/download/02G2606005/5/0,150000,不明,1 回,,,7,2,・治療(細胞投与等)費 30万円(1 回ごと) (細胞品質評価費10万円+調剤・細胞投与15万円+投与後管理費5万円),rescue medium price context,
V41_03G2502010,03G2502010,A,V41F2C5087FA36,九州沖縄,福岡県,医療法人秀英会　新庄整形外科医院,北九州市若松区東二島4-4-1,第二種,PRP（自家多血小板血漿抽出液）を用いた慢性関節炎の治療（関節内組織）,APS/PRP,AUTO,1.0,https://saiseiiryo.mhlw.go.jp/published_plan/download/03G2502010/5/0,100000,税別,2 回分,ACP|APS|GPS|Zimmer,Arthrex|Zimmer Biomet,9,,"P 調製のための採血にかかる費用、PRP 調製費用、注入にかかる費用の総 額となります。左右両側に投与する場合は2 回分です。 APS キット(Zimmer Biomet,55mL 採血) 300,000 円 GPSIII(Zimmer Biomet, 26mL 又は52mL 採血) 100,000 円 ACP ダブルシリンジ(Arthrex, 15mL 採血) 30,000 円 ※全て1 回(1 部位)あたり、消費税別 11. 試料等の保存及び廃棄の方法 患者様から採取した血液と作製したPRP は、患者様ご自身の治療のみに 使用します。ただし、症例検討や学会発表を目的として、血液やPRP の測 定を行い、デ",,
V41_03G2502010,03G2502010,A,V41F2C5087FA36,九州沖縄,福岡県,医療法人秀英会　新庄整形外科医院,北九州市若松区東二島4-4-1,第二種,PRP（自家多血小板血漿抽出液）を用いた慢性関節炎の治療（関節内組織）,APS/PRP,AUTO,1.0,https://saiseiiryo.mhlw.go.jp/published_plan/download/03G2502010/5/0,300000,税別,2 回分,ACP|APS|GPS|Zimmer,Arthrex|Zimmer Biomet,9,,"せん。 (2) 本治療にかかる費用は、以下のとおりです。なお、費用は、治療に伴う診査、 PRP 調製のための採血にかかる費用、PRP 調製費用、注入にかかる費用の総 額となります。左右両側に投与する場合は2 回分です。 APS キット(Zimmer Biomet,55mL 採血) 300,000 円 GPSIII(Zimmer Biomet, 26mL 又は52mL 採血) 100,000 円 ACP ダブルシリンジ(Arthrex, 15mL 採血) 30,000 円 ※全て1 回(1 部位)あたり、消費税別 11. 試料等の保存及び廃棄の方法 患者様から採取した血液と作製したPRP は、患者様ご自身",,
V41_03G2502010,03G2502010,A,V41F2C5087FA36,九州沖縄,福岡県,医療法人秀英会　新庄整形外科医院,北九州市若松区東二島4-4-1,第二種,PRP（自家多血小板血漿抽出液）を用いた慢性関節炎の治療（関節内組織）,APS/PRP,AUTO,1.0,https://saiseiiryo.mhlw.go.jp/published_plan/download/03G2502010/5/0,30000,税別,2 回分,ACP|APS|GPS|Zimmer,Arthrex|Zimmer Biomet,4,,"左右両側に投与する場合は2 回分です。 APS キット(Zimmer Biomet,55mL 採血) 300,000 円 GPSIII(Zimmer Biomet, 26mL 又は52mL 採血) 100,000 円 ACP ダブルシリンジ(Arthrex, 15mL 採血) 30,000 円 ※全て1 回(1 部位)あたり、消費税別 11. 試料等の保存及び廃棄の方法 患者様から採取した血液と作製したPRP は、患者様ご自身の治療のみに 使用します。ただし、症例検討や学会発表を目的として、血液やPRP の測 定を行い、データを取得することがあります。 血液およびPRP は微量で全量を使用するため、保管は",,
V41_01G2506018,01G2506018,B,V41F4584C1F0DD,九州沖縄,福岡県,医療法人笑運舎　戸畑駅Fプラス整形外科,北九州市戸畑区汐井町1-1 戸畑駅2F,第二種,自家多血小板血漿（Platelet-Rich Plasma：PRP）を用いた慢性関節炎の治療（関節内組織）,PRP,AUTO,1.0,https://saiseiiryo.mhlw.go.jp/published_plan/download/01G2506018/5/0,39600,税込,,ACP MAX|ACP,Arthrex,8,,"本治療にかかる費用は、以下のとおりです。なお、費用に含まれるのは、治療に伴う 診査、自家PRP 調製のための採血にかかる費用、自家PRP 調製費用、注入にかかる 費用であり、以下が費用の総額となります。 治療の種類 平均的な血小板注入量 費用(税込) ACP-PRP 20 億個 39,600 円 HD-PRP(ACP MAX の場合) 90 億個 165,000 円 また、ACP-PRP は効果を高めるため、2 倍量1 度に投与することが可能です。 その場合の費用は以下の通りです。 治療の種類 平均的な血小板注入量 費用(税込) ACP-PRP ダブルショット 40 億個 77,000 円",,
V41_01G2506018,01G2506018,B,V41F4584C1F0DD,九州沖縄,福岡県,医療法人笑運舎　戸畑駅Fプラス整形外科,北九州市戸畑区汐井町1-1 戸畑駅2F,第二種,自家多血小板血漿（Platelet-Rich Plasma：PRP）を用いた慢性関節炎の治療（関節内組織）,PRP,AUTO,1.0,https://saiseiiryo.mhlw.go.jp/published_plan/download/01G2506018/5/0,77000,税込,,ACP MAX|ACP,Arthrex,8,,"P(ACP MAX の場合) 90 億個 165,000 円 また、ACP-PRP は効果を高めるため、2 倍量1 度に投与することが可能です。 その場合の費用は以下の通りです。 治療の種類 平均的な血小板注入量 費用(税込) ACP-PRP ダブルショット 40 億個 77,000 円 • 治療終了後も定期的な受診が必要です。 9 11.試料等の保存及び廃棄の方法 患者様から採取した血液と作製したPRP は、患者様ご自身の治療のみに使用しま す。ただし、症例検討や学会発表を目的として、血液やPRP の測定を行い、データ を取得することがあります。 血液およびPRP は微量で全量を使用",,
V41_01G2506018,01G2506018,B,V41F4584C1F0DD,九州沖縄,福岡県,医療法人笑運舎　戸畑駅Fプラス整形外科,北九州市戸畑区汐井町1-1 戸畑駅2F,第二種,自家多血小板血漿（Platelet-Rich Plasma：PRP）を用いた慢性関節炎の治療（関節内組織）,PRP,AUTO,1.0,https://saiseiiryo.mhlw.go.jp/published_plan/download/01G2506018/5/0,165000,税込,,ACP MAX|ACP,Arthrex,8,,"う 診査、自家PRP 調製のための採血にかかる費用、自家PRP 調製費用、注入にかかる 費用であり、以下が費用の総額となります。 治療の種類 平均的な血小板注入量 費用(税込) ACP-PRP 20 億個 39,600 円 HD-PRP(ACP MAX の場合) 90 億個 165,000 円 また、ACP-PRP は効果を高めるため、2 倍量1 度に投与することが可能です。 その場合の費用は以下の通りです。 治療の種類 平均的な血小板注入量 費用(税込) ACP-PRP ダブルショット 40 億個 77,000 円 • 治療終了後も定期的な受診が必要です。 9 11.試料等",,
V41_01G2506019,01G2506019,C,V41F4584C1F0DD,九州沖縄,福岡県,医療法人笑運舎　戸畑駅Fプラス整形外科,北九州市戸畑区汐井町1-1 戸畑駅2F,第三種,自家多血小板血漿（Platelet-Rich Plasma：PRP）を用いた筋肉、腱、靭帯、筋膜の損傷及び慢性炎症の治療（関節外の軟部組織）,PRP,AUTO,1.0,https://saiseiiryo.mhlw.go.jp/published_plan/download/01G2506019/5/0,29700,税込,,ACP MAX|ACP,Arthrex,8,,"伴う診査、自家PRP 調製のための採血にかかる費用、自家PRP 調製費用、注入に かかる費用であり、以下が費用の総額となります。 治療の種類 平均的な血小板注入量 費用(税込) ACP-PRP(一般の方) 20 億個 39,600 円 ACP-PRP (学生の方*) 20 億個 29,700 円 HD-PRP(ACP MAX の場合) 90 億個 165,000 円 *本制度の対象は、大学生までとなります。詳細につきましては、診察時に医師より ご説明いたします。 また、ACP-PRP は効果を高めるため、2 倍量を1 度に投与することが可能です。 その場合の費用は以下の通りです。 治療の種類 平均的な血小板注入量",,
V41_01G2506019,01G2506019,C,V41F4584C1F0DD,九州沖縄,福岡県,医療法人笑運舎　戸畑駅Fプラス整形外科,北九州市戸畑区汐井町1-1 戸畑駅2F,第三種,自家多血小板血漿（Platelet-Rich Plasma：PRP）を用いた筋肉、腱、靭帯、筋膜の損傷及び慢性炎症の治療（関節外の軟部組織）,PRP,AUTO,1.0,https://saiseiiryo.mhlw.go.jp/published_plan/download/01G2506019/5/0,39600,税込,,ACP MAX|ACP,Arthrex,8,,"にかかる費用は、以下のとおりです。なお、費用に含まれるのは、治療に 伴う診査、自家PRP 調製のための採血にかかる費用、自家PRP 調製費用、注入に かかる費用であり、以下が費用の総額となります。 治療の種類 平均的な血小板注入量 費用(税込) ACP-PRP(一般の方) 20 億個 39,600 円 ACP-PRP (学生の方*) 20 億個 29,700 円 HD-PRP(ACP MAX の場合) 90 億個 165,000 円 *本制度の対象は、大学生までとなります。詳細につきましては、診察時に医師より ご説明いたします。 また、ACP-PRP は効果を高めるため、2 倍量を1 度に投与することが可能です。",,
V41_01G2506019,01G2506019,C,V41F4584C1F0DD,九州沖縄,福岡県,医療法人笑運舎　戸畑駅Fプラス整形外科,北九州市戸畑区汐井町1-1 戸畑駅2F,第三種,自家多血小板血漿（Platelet-Rich Plasma：PRP）を用いた筋肉、腱、靭帯、筋膜の損傷及び慢性炎症の治療（関節外の軟部組織）,PRP,AUTO,1.0,https://saiseiiryo.mhlw.go.jp/published_plan/download/01G2506019/5/0,77000,税込,,ACP,Arthrex,8,,"でとなります。詳細につきましては、診察時に医師より ご説明いたします。 また、ACP-PRP は効果を高めるため、2 倍量を1 度に投与することが可能です。 その場合の費用は以下の通りです。 治療の種類 平均的な血小板注入量 費用(税込) ACP-PRP ダブルショット 40 億個 77,000 円 • 治療終了後も定期的な受診が必要です。 9 11.試料等の保存及び廃棄の方法 患者様から採取した血液と作製したPRP は、患者様ご自身の治療のみに使用しま す。ただし、症例検討や学会発表を目的として、血液やPRP の測定を行い、データ を取得することがあります。 血液およびPRP は微量で全量を使用する",,
V41_01G2506019,01G2506019,C,V41F4584C1F0DD,九州沖縄,福岡県,医療法人笑運舎　戸畑駅Fプラス整形外科,北九州市戸畑区汐井町1-1 戸畑駅2F,第三種,自家多血小板血漿（Platelet-Rich Plasma：PRP）を用いた筋肉、腱、靭帯、筋膜の損傷及び慢性炎症の治療（関節外の軟部組織）,PRP,AUTO,1.0,https://saiseiiryo.mhlw.go.jp/published_plan/download/01G2506019/5/0,165000,税込,,ACP MAX|ACP,Arthrex,8,,"入に かかる費用であり、以下が費用の総額となります。 治療の種類 平均的な血小板注入量 費用(税込) ACP-PRP(一般の方) 20 億個 39,600 円 ACP-PRP (学生の方*) 20 億個 29,700 円 HD-PRP(ACP MAX の場合) 90 億個 165,000 円 *本制度の対象は、大学生までとなります。詳細につきましては、診察時に医師より ご説明いたします。 また、ACP-PRP は効果を高めるため、2 倍量を1 度に投与することが可能です。 その場合の費用は以下の通りです。 治療の種類 平均的な血小板注入量 費用(税込) ACP-PRP ダブルショット 40 億個 77,00",,
V41_01G2603002,01G2603002,D,V41FCC5FECF976,九州沖縄,福岡県,学校法人 国際志学園　ZERO100クリニック,北九州市小倉北区馬借1-1-2,第二種,変形性関節症に対する多血小板血漿（PRP）関節内投与療法,PRP,AUTO,1.0,https://saiseiiryo.mhlw.go.jp/published_plan/download/01G2603002/5/0,27500,税込,,,,8,,"は公的保険の対象ではありませんので、当院所定の施術料と して片膝165,000 円(税込)をお支払いいただきます。 ※患者様の症状、その他の事情等により治療費が変動する場合があります。 医師の診察を受けて、医師から本治療の説明をお聞きになり、本治療に同意されなかった場 合は、医師の診察料として、27,500 円(税込)が発生します。 本治療に同意されてから、血液採取前に同意を撤回された場合は、医師の診察料として、 27,500 円(税込)が発生します。 本治療に同意されてから、血液の採取後に同意を撤回された場合は、すでにPRP の加工に 着手しておりますので、当院所定の施術料として片膝165,000 円(税込)が発生します。 本治療は必ず",,
V41_01G2603002,01G2603002,D,V41FCC5FECF976,九州沖縄,福岡県,学校法人 国際志学園　ZERO100クリニック,北九州市小倉北区馬借1-1-2,第二種,変形性関節症に対する多血小板血漿（PRP）関節内投与療法,PRP,AUTO,1.0,https://saiseiiryo.mhlw.go.jp/published_plan/download/01G2603002/5/0,165000,税込,,,,6,,"93-551-1192 担当:社(やしろ) 営業時間:10:00〜14:00、15:00〜19:00 営業時間外の連絡先:080-6434-0466(担当:社(やしろ)) 14.費用について 治療の提供に際しては、本治療は公的保険の対象ではありませんので、当院所定の施術料と して片膝165,000 円(税込)をお支払いいただきます。 ※患者様の症状、その他の事情等により治療費が変動する場合があります。 医師の診察を受けて、医師から本治療の説明をお聞きになり、本治療に同意されなかった場 合は、医師の診察料として、27,500 円(税込)が発生します。 本治療に同意されてから、血液採取前に同意を撤回された場合は、医師の診察料として、",,
V41_03G2403004,03G2403004,A,V41FC7A655E44B,九州沖縄,福岡県,産業医科大学若松病院,北九州市若松区浜町1-17-1,第三種,整形外科領域における多血小板血漿(PRP)療法,PRP,QC,1.0,https://saiseiiryo.mhlw.go.jp/published_plan/download/03G2403004/5/0,,,,,,,,,terminal rescue fetch/parse failure,FileDataError: Failed to open stream
V41_01C2104018,01C2104018,B,V41FA66506F148,関東,群馬県,あさくらスポーツリハビリテーションクリニック,前橋市朝倉町２４９－１,第三種,下肢の靭帯、筋腱付着部およびスポーツ傷害（筋・腱・靭帯）を対象とした自家多血小板血漿(自家PRP)注入療法,PRP,QC,1.0,https://saiseiiryo.mhlw.go.jp/published_plan/download/01C2104018/5/0,30000,税込,,Condensia,京セラ,5,4,"この治療は、健康保険が適用されない自由診療です。そのため、患者様の費用負担が 他の治療よりも高額になることがあります。Condensia による施術料は1 キットにつ き、30,000 円(税込)となります。 今回の療法での具体的な費用は、 キット × 30,000 円(税込) = 円(税込)",price candidates remain ambiguous,
V41_01C2104018,01C2104018,B,V41FA66506F148,関東,群馬県,あさくらスポーツリハビリテーションクリニック,前橋市朝倉町２４９－１,第三種,下肢の靭帯、筋腱付着部およびスポーツ傷害（筋・腱・靭帯）を対象とした自家多血小板血漿(自家PRP)注入療法,PRP,QC,1.0,https://saiseiiryo.mhlw.go.jp/published_plan/download/01C2104018/5/0,30000,税込,,,,5,4,"き、30,000 円(税込)となります。 今回の療法での具体的な費用は、 キット × 30,000 円(税込) = 円(税込) ご負担いただきます。ご不明な点は医師・スタッフにお尋ねください。 9.健康被害が発生した際の処置と補償等について",price candidates remain ambiguous,
V41_01C2206015,01C2206015,C,V41F439538D391,関東,群馬県,医療法人山本整形外科医院,前橋市西片貝町1-200,第三種,四肢の靭帯、筋腱付着部およびスポーツ傷害（筋・腱・靭帯）を対象とした自家多血小板血漿（PRP）注入療法,PRP,QC,1.0,https://saiseiiryo.mhlw.go.jp/published_plan/download/01C2206015/5/0,,,,,,,,,no price found after rescue text/OCR pass,Rescue completed; OCR page timeouts=0
V41_02C1910156,02C1910156,D,V41FB509DC04F2,関東,群馬県,医療法人石井会　石井病院,伊勢崎市波志江１１５２,第二種,変形性関節症に対する自己脂肪組織由来間葉系前駆細胞移植による治療,脂肪由来幹細胞,AUTO,1.0,https://saiseiiryo.mhlw.go.jp/published_plan/download/02C1910156/5/0,1500000,税別,,,,9,2,ことなく、第三者提供しません。 7本治療の実施にかかる費用に関して: 本治療の治療費は150万円(税別)です。治療費の提示ならびに説 明を受け、同意しました。海外在住の方は、手数料などのため、別 途追加の治療費をいただく場合がございます。,rescue strong price context,
V41_01C2207022,01C2207022,B,V41FF525DA5E0E,関東,群馬県,医療法人秀躍会　もぎ整形外科クリニック,高崎市井野町800－11,第二種,変形性関節症および関節腔の傷害を対象とした自家多血小板血漿（PRP）注入療法,PRP,QC,1.0,https://saiseiiryo.mhlw.go.jp/published_plan/download/01C2207022/5/0,,,,,,,,,no price found after text/OCR pass,RuntimeError: Tesseract process timeout
V41_01C2207023,01C2207023,A,V41FF525DA5E0E,関東,群馬県,医療法人秀躍会　もぎ整形外科クリニック,高崎市井野町800－11,第三種,四肢の靭帯、筋腱付着部およびスポーツ傷害（筋・腱・靭帯）を対象とした自家多血小板血漿（PRP）注入療法,PRP,QC,1.0,https://saiseiiryo.mhlw.go.jp/published_plan/download/01C2207023/5/0,,,,,,,,,no price found after rescue text/OCR pass,Rescue completed; OCR page timeouts=0
V41_01C1906015,01C1906015,D,V41FBEAA3D4434,関東,群馬県,慶友整形外科クリニック,館林市羽附町1741,第二種,自家多血小板血漿（Platelet-rich plasma：PRP）を用いた関節内組織損傷に対する治療,PRP,AUTO,1.0,https://saiseiiryo.mhlw.go.jp/published_plan/download/01C1906015/5/0,300000,不明,1回,,,8,,"うに患者様の治 療に最善を尽くします。 治療費用 本治療は、すべて自費診療であり、健康保険を使用することはでき ません。 本治療にかかる費用は、以下のとおりです。なお、費用は、治療に 伴う診査、自家PRP調製のための採血にかかる費用、自家PRP調製 費用、注入の総額となります。 PRP療法1回 300000円 試料等の保存及び廃棄の方法 この治療にて採取した血液は、患者様ご自身の治療のみに使用しま す。ただし,症例検討や学会発表を目的として,患者様より採取し た血液及び調整した細胞加工物(自家PRP)の測定を行い,データ を取得することがあります。 採血した血液の状態により治療に用いなかった血液が発生した場合 は、適切に処理し、すべて廃棄",,
V41_01C1910017,01C1910017,C,V41FBEAA3D4434,関東,群馬県,慶友整形外科クリニック,館林市羽附町1741,第三種,小白血球多血小板血漿（leukocyte poor PRP：LP-PRP）を用いた膝蓋腱炎、上腕骨外側顆炎、腱板炎、足底筋膜炎、靭帯損傷、腱鞘炎の修復,PRP,AUTO,1.0,https://saiseiiryo.mhlw.go.jp/published_plan/download/01C1910017/5/0,150000,不明,一回,,,10,9,復」は、治療に伴う診査、自家PRP調製のための採血にかかる費 用、自家PRP調製費用、注入の総額となります。 ※ PRP療法一回 150000円 11.健康被害が発生した際の処置と補償等について 病院に過失が認められない場合において患者様が健康被害を被った,rescue strong price context,
V41_02C2304008,02C2304008,A,V41FBEAA3D4434,関東,群馬県,慶友整形外科クリニック,館林市羽附町1741,第三種,高白血球多血小板血漿（leukocyte rich PRP：LR-PRP）を用いた膝蓋腱炎、上腕骨外側顆炎、腱板炎、足底筋膜炎、靭帯損傷、腱鞘炎の修復,PRP,QC,1.0,https://saiseiiryo.mhlw.go.jp/published_plan/download/02C2304008/5/0,,,,,,,,,no price found after rescue text/OCR pass,Rescue completed; OCR page timeouts=0
V41_01C2412022,01C2412022,B,V41FD3E55D4CC7,関東,群馬県,石井病院,伊勢崎市波志江町１１５２,第二種,変形性関節症に対する自己脂肪・滑膜由来培養間葉系幹細胞の関節内投与療法,滑膜幹細胞/脂肪由来幹細胞,AUTO,1.0,https://saiseiiryo.mhlw.go.jp/published_plan/download/01C2412022/5/0,1500000,税別,1回,,,9,,"用外ですので、治療にかかる費用全額をご自分でご 負担いただきます。その他、本治療を受けるために必要となった宿 泊費・交通費などの全ての費用もご自分でご負担いただきます。 治療に必要な費用は細胞採取費用・局所麻酔料・培養費用・細胞保 管料・関節内投与料・鎮痛剤・抗生物質などを含めて、幹細胞1億 個:1,500,000円/回(税別)となっております。症状やMRI 等の画 像診断結果により投与量(細胞数)が異なります。 また、1回の脂肪採取で1〜4回の投与分の細胞培養が可能です (採取した脂肪や細胞の状況により異なります)。なお、患者様ご とに投与量、投与回数と投与回数に応じたトータル費用(概算)を 説明しますので、必ず担当医の説明を受けてください。2 回",,
V41_01C2605018,01C2605018,C,V41FA330B325D2,関東,群馬県,社会医療法人慶友会　慶友整形外科クリニック,館林市羽附町1741,第三種,自家多血小板血漿（Platelet-Rich Plasma：PRP）を用いた筋肉、腱、靭帯、筋膜の損傷及び慢性炎症の治療（関節外の軟部組織）,PRP,AUTO,1.0,https://saiseiiryo.mhlw.go.jp/published_plan/download/01C2605018/5/0,150000,税別,1回,,,12,8,採血開始後のキャンセルは、材料等が既に使用されているため、費用全額を申し受け ます。 PRP 療法1回(1部位) 15 万円(消費税別) HD-PRP 療法1回(1部位) 30 万円(消費税別) 11.試料等の保存及び廃棄の方法,rescue strong price context,
V41_01C2605018,01C2605018,C,V41FA330B325D2,関東,群馬県,社会医療法人慶友会　慶友整形外科クリニック,館林市羽附町1741,第三種,自家多血小板血漿（Platelet-Rich Plasma：PRP）を用いた筋肉、腱、靭帯、筋膜の損傷及び慢性炎症の治療（関節外の軟部組織）,PRP,AUTO,1.0,https://saiseiiryo.mhlw.go.jp/published_plan/download/01C2605018/5/0,300000,税別,1回,,,9,8,"ます。 PRP 療法1回(1部位) 15 万円(消費税別) HD-PRP 療法1回(1部位) 30 万円(消費税別) 11.試料等の保存及び廃棄の方法 この治療にて採取した血液は、患者様ご自身の治療のみに使用します。ただし,",rescue strong price context,
V41_01C2605017,01C2605017,D,V41F8DDE7D0B29,関東,群馬県,社会医療法人社団慶友会　慶友整形外科クリニック,館林市羽附町1741,第二種,自家多血小板血漿（Platelet-rich plasma：PRP）を用いた関節内組織損傷に対する治療,PRP,AUTO,1.0,https://saiseiiryo.mhlw.go.jp/published_plan/download/01C2605017/5/0,150000,税別,1回,,,12,8,採血開始後のキャンセルは、材料等が既に使用されているため、費用全額を申し受け ます。 PRP 療法1回(1部位) 15 万円(消費税別) HD-PRP 療法1回(1部位) 30 万円(消費税別),rescue strong price context,
V41_01C2605017,01C2605017,D,V41F8DDE7D0B29,関東,群馬県,社会医療法人社団慶友会　慶友整形外科クリニック,館林市羽附町1741,第二種,自家多血小板血漿（Platelet-rich plasma：PRP）を用いた関節内組織損傷に対する治療,PRP,AUTO,1.0,https://saiseiiryo.mhlw.go.jp/published_plan/download/01C2605017/5/0,300000,税別,1回,,,9,8,ます。 PRP 療法1回(1部位) 15 万円(消費税別) HD-PRP 療法1回(1部位) 30 万円(消費税別),rescue strong price context,
V41_01C2407019,01C2407019,A,V41FAB7C34ED9D,関東,茨城県,すずらん整形＆ラボ,つくば市東平塚７２７－１,第三種,自家多血小板血漿(Platelet-rich plasma：PRP)を用いた筋肉、腱、靭帯、筋膜の損傷及び慢性炎症の治療（関節腔外に限る）,PRP,AUTO,1.0,https://saiseiiryo.mhlw.go.jp/published_plan/download/01C2407019/5/0,60000,税込,1回,,,12,7,"のための採血にかかる費用、自家PRP調製費用、注入にかかる費用の総額となります。 血液検査: \ 10,000円(税込) (脊椎)PRP1回・1部位: \ 60,000円(税込) (関節)PRP1回・1部位: \ 60,000円(税込) (筋腱)PRP1回・1部位: \ 60,000円(税込)",rescue strong price context,
V41_01C2407019,01C2407019,A,V41FAB7C34ED9D,関東,茨城県,すずらん整形＆ラボ,つくば市東平塚７２７－１,第三種,自家多血小板血漿(Platelet-rich plasma：PRP)を用いた筋肉、腱、靭帯、筋膜の損傷及び慢性炎症の治療（関節腔外に限る）,PRP,AUTO,1.0,https://saiseiiryo.mhlw.go.jp/published_plan/download/01C2407019/5/0,60000,税込,1回,,,9,7,"血液検査: \ 10,000円(税込) (脊椎)PRP1回・1部位: \ 60,000円(税込) (関節)PRP1回・1部位: \ 60,000円(税込) (筋腱)PRP1回・1部位: \ 60,000円(税込) 11. 試料等の保存及び廃棄の方法",rescue strong price context,
V41_01C2407019,01C2407019,A,V41FAB7C34ED9D,関東,茨城県,すずらん整形＆ラボ,つくば市東平塚７２７－１,第三種,自家多血小板血漿(Platelet-rich plasma：PRP)を用いた筋肉、腱、靭帯、筋膜の損傷及び慢性炎症の治療（関節腔外に限る）,PRP,AUTO,1.0,https://saiseiiryo.mhlw.go.jp/published_plan/download/01C2407019/5/0,60000,税込,1回,,,9,7,"(脊椎)PRP1回・1部位: \ 60,000円(税込) (関節)PRP1回・1部位: \ 60,000円(税込) (筋腱)PRP1回・1部位: \ 60,000円(税込) 11. 試料等の保存及び廃棄の方法 患者様から採取した血液と作製したPRPは、患者様ご自身の治療のみに使用します。ただし、",rescue strong price context,
V41_03C2311001,03C2311001,C,V41F897007AA88,関東,茨城県,アントラーズスポーツクリニック,鹿嶋市神向寺後山26-2,第二種,変形性関節症及び関節腔を対象とした自家多血小板血漿注入療法,PRP,AUTO,1.0,https://saiseiiryo.mhlw.go.jp/published_plan/download/03C2311001/5/0,30000,税込,,Condensia,京セラ,9,7,"Condensiaによる施術料は1キットにつき、30,000円(税込)とな ります。 今回の療法での具体的な費用は、",rescue strong price context,
V41_03C2311002,03C2311002,B,V41F897007AA88,関東,茨城県,アントラーズスポーツクリニック,鹿嶋市神向寺後山26-2,第三種,四肢の靱帯、筋腱付着部およびスポーツ傷害（筋・腱・靭 帯）を対象とした自己多血小板血漿注入療法,PRP,QC,1.0,https://saiseiiryo.mhlw.go.jp/published_plan/download/03C2311002/5/0,,,,,,,,,no price found after text/OCR pass,Document fetched but no price candidate
V41_03C2305020,03C2305020,D,V41F16882C964C,関東,茨城県,"医療法人ここの実会
嶋崎病院",日立市会瀬町３丁目２３番１号,第二種,多血小板血漿（PRP）による変形性関節症治療,PRP,AUTO,1.0,https://saiseiiryo.mhlw.go.jp/published_plan/download/03C2305020/5/0,200000,不明,3 回分,,,8,,"11 11. 患者さんの費用負担について 本治療は自由診療※となり、健康保険が適用にならず、全額自己負担になる治 療で本来健康保険が適用される治療も含め、すべて全額自己負担となります。 施術費用は下記の通りとなります。 PRP 変形性関節症治療 200,000 円 (標準的な治療費用。採血及び投与3 回分の費用を含む) · 治療内容により費用が変動いたします。施術する前に詳細な説明をいたし ますので、ご納得いただいた上で施術いただきますようお願い申し上げま す。 · 治療同意後、採血を実施した際に全ての費用を頂戴いたします。 · 患者様の都合又は患者様に起因する原因により治療が中",,
V41_02C2603010,02C2603010,A,V41F218BB24527,関東,茨城県,医療法人健佑会いちはら病院,つくば市大曽根3681,第三種,多血小板血漿(PRP)の投与によるスポーツ外傷を含む筋、腱、靱帯損傷治療,PRP,AUTO,1.0,https://saiseiiryo.mhlw.go.jp/published_plan/download/02C2603010/5/0,33000,税込,1 回,ACP|GPS|Zimmer|Arthrex,Arthrex|Zimmer Biomet,8,,"ずれかのキットを使用します。使用するキット により製造されたPRP に含まれる血小板の濃度や施術料が異なります。 ・ZIMMER BIOMET 製 GPSIII キットを使用した施術料 88,000 円(税込) ・Arthrex Japan 製 ACP ダブルシリンジを使用した施術料 33,000 円(税込) ・B.T.I. Biotechnology Institute 製 ENDORET PRGF を使用した施術料 33,000 円(税込) ご不明な点は医師・スタッフにお尋ねください。なお1 回の施術あたりの費用は、患部 の状態を確認した医師の判断、およびそれに応じたPRP 投与量等により変更となる場 合がございます",,
V41_02C2603010,02C2603010,A,V41F218BB24527,関東,茨城県,医療法人健佑会いちはら病院,つくば市大曽根3681,第三種,多血小板血漿(PRP)の投与によるスポーツ外傷を含む筋、腱、靱帯損傷治療,PRP,AUTO,1.0,https://saiseiiryo.mhlw.go.jp/published_plan/download/02C2603010/5/0,33000,税込,1 回,ACP|GPS|Arthrex|PRGF-Endoret,Arthrex|Zimmer Biomet|BTI,8,,"T 製 GPSIII キットを使用した施術料 88,000 円(税込) ・Arthrex Japan 製 ACP ダブルシリンジを使用した施術料 33,000 円(税込) ・B.T.I. Biotechnology Institute 製 ENDORET PRGF を使用した施術料 33,000 円(税込) ご不明な点は医師・スタッフにお尋ねください。なお1 回の施術あたりの費用は、患部 の状態を確認した医師の判断、およびそれに応じたPRP 投与量等により変更となる場 合がございます。 11. その他治療についての注意事項 患者様の体調が良くない場合や、採取した血液の",,
V41_02C2603010,02C2603010,A,V41F218BB24527,関東,茨城県,医療法人健佑会いちはら病院,つくば市大曽根3681,第三種,多血小板血漿(PRP)の投与によるスポーツ外傷を含む筋、腱、靱帯損傷治療,PRP,AUTO,1.0,https://saiseiiryo.mhlw.go.jp/published_plan/download/02C2603010/5/0,88000,税込,1 回,ACP|GPS|Zimmer|Arthrex,Arthrex|Zimmer Biomet,8,,"保険の対象ではありませんので、当病院所定の下記の施術料をお支払い いただきます。PRP の製造には以下のいずれかのキットを使用します。使用するキット により製造されたPRP に含まれる血小板の濃度や施術料が異なります。 ・ZIMMER BIOMET 製 GPSIII キットを使用した施術料 88,000 円(税込) ・Arthrex Japan 製 ACP ダブルシリンジを使用した施術料 33,000 円(税込) ・B.T.I. Biotechnology Institute 製 ENDORET PRGF を使用した施術料 33,000 円(税込) ご不明な点は医師・スタッフにお尋ねください。なお1 回の施術あたりの費用",,
V41_02C2408099,02C2408099,B,V41F61AB80B39E,関東,茨城県,医療法人社団　筑波記念会　筑波記念病院,茨城県つくば市要1187-299,第三種,自家多血小板血漿（PRP）を用いた腱付着部炎・腱障害・筋損傷・靭帯損傷（関節外に限る）治療,PRP,QC,1.0,https://saiseiiryo.mhlw.go.jp/published_plan/download/02C2408099/5/0,,,,,,,,,no price found after text/OCR pass,Document fetched but no price candidate
V41_02C2409071,02C2409071,C,V41F61AB80B39E,関東,茨城県,医療法人社団　筑波記念会　筑波記念病院,茨城県つくば市要1187-299,第二種,自家多血小板血漿（Platelet-rich plasma：PRP）を用いた関節内組織損傷に対する治療,PRP,AUTO,1.0,https://saiseiiryo.mhlw.go.jp/published_plan/download/02C2409071/5/0,30000,税別,1回,ACP|Arthrex,Arthrex,9,,"患者様の治 療に最善を尽くします。 治療費用 本治療は、すべて自費診療であり、健康保険を使用することはでき ません。 本治療にかかる費用は、以下のとおりです。なお、費用は、治療に 伴う診査、自家PRP調製のための採血にかかる費用、自家PRP調製 費用、注入の総額となります。 注射1回あたり 30,000円(税別) 注射2回(同時に実施時) 50,000円(税別) ※ 注射部位に関わらず料金は同じです。 ※ 疾患・症状により複数回の治療が望ましい場合もありますの で、 詳細は診察時に担当医にお問い合わせください。 注射1回あたりの投与の分量はArthrex社のACPダブルシリンジ1キ ットで生成された分量となります。 試料等の保存及",,
V41_02C2409071,02C2409071,C,V41F61AB80B39E,関東,茨城県,医療法人社団　筑波記念会　筑波記念病院,茨城県つくば市要1187-299,第二種,自家多血小板血漿（Platelet-rich plasma：PRP）を用いた関節内組織損傷に対する治療,PRP,AUTO,1.0,https://saiseiiryo.mhlw.go.jp/published_plan/download/02C2409071/5/0,50000,税別,1回,ACP|Arthrex,Arthrex,9,,"すべて自費診療であり、健康保険を使用することはでき ません。 本治療にかかる費用は、以下のとおりです。なお、費用は、治療に 伴う診査、自家PRP調製のための採血にかかる費用、自家PRP調製 費用、注入の総額となります。 注射1回あたり 30,000円(税別) 注射2回(同時に実施時) 50,000円(税別) ※ 注射部位に関わらず料金は同じです。 ※ 疾患・症状により複数回の治療が望ましい場合もありますの で、 詳細は診察時に担当医にお問い合わせください。 注射1回あたりの投与の分量はArthrex社のACPダブルシリンジ1キ ットで生成された分量となります。 試料等の保存及び廃棄の方法 この治療にて採取した血液は、患者様ご自",,
V41_01G2311007,01G2311007,D,V41F359490247A,九州沖縄,長崎県,チカラ整形外科スポーツリウマチクリニック,諫早市新道町68-1,第三種,自家多血小板血漿（Platelet-rich plasma：PRP）を用いた筋肉、腱、靭帯、筋膜の損傷及び慢性炎症の治療（関節外の軟部組織）,PRP,AUTO,1.0,https://saiseiiryo.mhlw.go.jp/published_plan/download/01G2311007/5/0,33000,税込,1 回,,,9,,"康保険を使用することはできません。 (2) 本治療にかかる費用は、以下のとおりです。なお、費用は、1 回の治療に伴 う診査、PRP 作製のための採血にかかる費用、PRP 作製費用、注入にかか る費用の総額となります。左右両側に投与する場合は、2 回分です。 PRP 療法1回(1 部位) 33,000 円(消費税込) 11. 試料等の保存及び廃棄の方法 患者様から採取した血液と作製したPRP は、患者様ご自身の治療のみに 使用します。ただし、症例検討や学会発表を目的として、血液やPRP の測 定を行い、データを取得することがあります。 血液およびPRP は微量で全量を使用するため、保管はしません。治療に 用いない血",,
V41_01G1906006,01G1906006,A,V41F73CFA69FEE,九州沖縄,長崎県,医療法人増田整形外科,佐世保市高砂町４－２１,第三種,多血小板血漿を用いた靭帯・腱及び腱付着部の機能障害・疾患の治療,PRP,AUTO,1.0,https://saiseiiryo.mhlw.go.jp/published_plan/download/01G1906006/5/0,120000,不明,,GPS|Zimmer,Zimmer Biomet,7,,"長)へと報告して対応させていただきます。 窓口部署:医療クラーク 連絡先:095-624-0056 12.費用について この治療は公的保険の対象ではありませんので、当院所定の施術料をお支払いいただきます。 ・ZIMMER BIOMET 製 GPS®IIIシステム使用 70,000~120,000 円 ※患者様の症状により治療費が変動いたします。 施術後、患者様の個人的な事情及び金銭等に関する問題に関しては一切の責を負いかねますのでご了 承ください。 なお、細胞の採取後や加工後に同意を撤回された場合など、同意を撤回される時点までに費用が発生し ている場合は、発生した費用については患者様にご負担いただきますのでご了承ください",,
V41_03G2305005,03G2305005,B,V41F2269D6950F,九州沖縄,長崎県,社会医療法人財団白十字会　佐世保中央病院,佐世保市大和町１５番地,第二種,多血小板血漿抽出液による関節症治療,APS/PRP,AUTO,1.0,https://saiseiiryo.mhlw.go.jp/published_plan/download/03G2305005/5/0,250000,税別,,APS|GPS|Zimmer,Zimmer Biomet,8,,"告して対応させていただきます。 窓口部署:整形外科 窓口 連絡先:0956-33-7151(代表) 12.費用について この治療は公的保険の対象ではありませんので、当院所定の施術料をお支払いいただきます。 ・ZIMMER BIOMET 製 GPS®IIIシステム、APSキット使用 250,000円(消費税別) ※患者様の症状、その他の事情等により治療費が変動する場合があります。 なお、細胞の採取後や加工後に同意を撤回された場合など、同意を撤回される時点までに費用が発生し ている場合は、発生した費用については患者様にご負担いただきますのでご了承ください。 13.他の治療法の有無、本治療法との比較について 変形性関",,
V41_01D2507005,01D2507005,C,V41F982873906E,中部,静岡県,ばんどう整形外科・ファミリークリニック,掛川市成滝480-5,第三種,自家多血小板血漿（Platelet-Rich Plasma：PRP）を用いた筋肉、腱、靭帯、筋膜の損傷及び慢性炎症の治療（関節外の軟部組織）,PRP,AUTO,1.0,https://saiseiiryo.mhlw.go.jp/published_plan/download/01D2507005/5/0,50000,税込,,ACP MAX|ACP,Arthrex,8,,"ま氏名 代諾者氏名: (続柄: ) 12 (別紙) 本再生医療等の費用は以下のとおりです。 治療の種類 平均的な血小板注入量 費用(税込み) ACP-PRP 20 億個 50,000 円 HD-PRP(ACP MAX の場合) 90 億個 209,000 円 ACP-PRP は効果を高めるため、2 倍量1 度に投与することが可能です。その場合の 費用は以下の通りです。 治療の種類 平均的な血小板注入量 費用(税込み) ACP-PRP ダブルショット 40 億個 99,000 円 治療終了後も定期的",,
V41_01D2507005,01D2507005,C,V41F982873906E,中部,静岡県,ばんどう整形外科・ファミリークリニック,掛川市成滝480-5,第三種,自家多血小板血漿（Platelet-Rich Plasma：PRP）を用いた筋肉、腱、靭帯、筋膜の損傷及び慢性炎症の治療（関節外の軟部組織）,PRP,AUTO,1.0,https://saiseiiryo.mhlw.go.jp/published_plan/download/01D2507005/5/0,99000,税込,,ACP MAX|ACP,Arthrex,8,,"円 HD-PRP(ACP MAX の場合) 90 億個 209,000 円 ACP-PRP は効果を高めるため、2 倍量1 度に投与することが可能です。その場合の 費用は以下の通りです。 治療の種類 平均的な血小板注入量 費用(税込み) ACP-PRP ダブルショット 40 億個 99,000 円 治療終了後も定期的な受診をお願いしております。 本治療は医療費控除の対象となる可能性があります。詳細は国税庁や税理士にご確 認ください。 以上",,
V41_01D2507005,01D2507005,C,V41F982873906E,中部,静岡県,ばんどう整形外科・ファミリークリニック,掛川市成滝480-5,第三種,自家多血小板血漿（Platelet-Rich Plasma：PRP）を用いた筋肉、腱、靭帯、筋膜の損傷及び慢性炎症の治療（関節外の軟部組織）,PRP,AUTO,1.0,https://saiseiiryo.mhlw.go.jp/published_plan/download/01D2507005/5/0,209000,税込,,ACP MAX|ACP,Arthrex,8,,"氏名: (続柄: ) 12 (別紙) 本再生医療等の費用は以下のとおりです。 治療の種類 平均的な血小板注入量 費用(税込み) ACP-PRP 20 億個 50,000 円 HD-PRP(ACP MAX の場合) 90 億個 209,000 円 ACP-PRP は効果を高めるため、2 倍量1 度に投与することが可能です。その場合の 費用は以下の通りです。 治療の種類 平均的な血小板注入量 費用(税込み) ACP-PRP ダブルショット 40 億個 99,000 円 治療終了後も定期的な受診をお願いしております。 本治療は医療費控除の対象となる可能性が",,
V41_01D2511004,01D2511004,D,V41F959067BB24,中部,静岡県,みしま痛み＆リハビリクリニック,三島市広小路町9番16号クボタビル1階,第三種,自己多血小板血漿(PRP)を用いた筋・腱・靭帯の損傷及び慢性炎症に対する治療,PRP,AUTO,1.0,https://saiseiiryo.mhlw.go.jp/published_plan/download/01D2511004/5/0,33000,税込,,MyCells,MyCells系,8,,"す。患者様が、治療を受けることへの同意を撤回することにより患者様に不利益が 生じることはありません。もし患者様が同意を撤回されても、最適と考えられる治療を実施で きるよう最善を尽くします。 10.治療費用: Mycells PRP キット(スモールスピッツ・採血量約10ml)1本あたり・・・33,000円(税込) MyCellsR22(ラージスピッツ・採血量約20ml)1本あたり ・・・66,000円(税込) ※患部の状態を確認した医師の判断、およびそれに応じたPRPの投与量等により変更となる 場合があります。 11.PRPの保管と廃棄 患者様から採取した血液と作製したPRP は、患者様ご自身の治療のみに使用します。",,
V41_01D2511004,01D2511004,D,V41F959067BB24,中部,静岡県,みしま痛み＆リハビリクリニック,三島市広小路町9番16号クボタビル1階,第三種,自己多血小板血漿(PRP)を用いた筋・腱・靭帯の損傷及び慢性炎症に対する治療,PRP,AUTO,1.0,https://saiseiiryo.mhlw.go.jp/published_plan/download/01D2511004/5/0,66000,税込,,MyCells,MyCells系,8,,"が同意を撤回されても、最適と考えられる治療を実施で きるよう最善を尽くします。 10.治療費用: Mycells PRP キット(スモールスピッツ・採血量約10ml)1本あたり・・・33,000円(税込) MyCellsR22(ラージスピッツ・採血量約20ml)1本あたり ・・・66,000円(税込) ※患部の状態を確認した医師の判断、およびそれに応じたPRPの投与量等により変更となる 場合があります。 11.PRPの保管と廃棄 患者様から採取した血液と作製したPRP は、患者様ご自身の治療のみに使用します。ただし、 症例検討や学会発表を目的として、血液やPRP の測定を行い、データを取得することが あります。PR",,
V41_02D2403002,02D2403002,A,V41FCC73DFCA70,中部,静岡県,伊豆高原メディカル　たかやなぎ整形外科,伊東市八幡野1191-6,第三種,自家多血小板血漿（Platelet-rich plasma：PRP）を用いた筋肉、腱、靭帯、筋膜の損傷及び慢性炎症の治療（関節外の軟部組織）,PRP,QC,1.0,https://saiseiiryo.mhlw.go.jp/published_plan/download/02D2403002/5/0,15000,税込,1 回,ACP,Arthrex,6,7,"費用(税込) 血液検査 10,000~15,000 円 ACP(1 回・1 部位) 55,000 円",rescue price candidates remain ambiguous,
V41_02D2403002,02D2403002,A,V41FCC73DFCA70,中部,静岡県,伊豆高原メディカル　たかやなぎ整形外科,伊東市八幡野1191-6,第三種,自家多血小板血漿（Platelet-rich plasma：PRP）を用いた筋肉、腱、靭帯、筋膜の損傷及び慢性炎症の治療（関節外の軟部組織）,PRP,QC,1.0,https://saiseiiryo.mhlw.go.jp/published_plan/download/02D2403002/5/0,44000,不明,1 回,Condensia,京セラ,3,7,"55,000 円 Condensia(1 回・1 部位) 44,000 円 (3) 採血を開始してからキャンセルされた場合は、費用の全額をご負担いた だきます。",rescue price candidates remain ambiguous,
V41_02D2403002,02D2403002,A,V41FCC73DFCA70,中部,静岡県,伊豆高原メディカル　たかやなぎ整形外科,伊東市八幡野1191-6,第三種,自家多血小板血漿（Platelet-rich plasma：PRP）を用いた筋肉、腱、靭帯、筋膜の損傷及び慢性炎症の治療（関節外の軟部組織）,PRP,QC,1.0,https://saiseiiryo.mhlw.go.jp/published_plan/download/02D2403002/5/0,55000,不明,1 回,ACP|Condensia,Arthrex|京セラ,2,7,"10,000~15,000 円 ACP(1 回・1 部位) 55,000 円 Condensia(1 回・1 部位) 44,000 円",rescue price candidates remain ambiguous,
V41_01D2504007,01D2504007,B,V41FDBFDA5FF58,中部,静岡県,医療法人社団志隆　ふくだ整形外科リウマチ科,静岡市葵区昭府2丁目18-38,第二種,変形性関節症に対する多血小板血漿（ＰＲＰ）関節内投与療法,PRP,AUTO,1.0,https://saiseiiryo.mhlw.go.jp/published_plan/download/01D2504007/5/0,55000,不明,,ACP MAX|ACP|GPS,Arthrex|Zimmer Biomet,8,4,"治療の提供に際しては、本治療は公的保険の対象ではありませんので、当院所定の施術料とし て以下の金額をお支払いいただきます。 1ACP ダブルシリンジ:55,000円 2GPSIIIシステム:110,000円 3ACP Max PRP システム:231,000円",line-level medium price context,
V41_01D2504007,01D2504007,B,V41FDBFDA5FF58,中部,静岡県,医療法人社団志隆　ふくだ整形外科リウマチ科,静岡市葵区昭府2丁目18-38,第二種,変形性関節症に対する多血小板血漿（ＰＲＰ）関節内投与療法,PRP,AUTO,1.0,https://saiseiiryo.mhlw.go.jp/published_plan/download/01D2504007/5/0,330000,不明,,ACP MAX|ACP|APS|GPS,Arthrex|Zimmer Biomet,8,4,"2GPSIIIシステム:110,000円 3ACP Max PRP システム:231,000円 4GPSIIIシステム及びAPSキット:330,000円 5Angel cPRP システム:550,000円 ※患者様の症状、その他の事情等により治療費が変動する場合があります。",line-level medium price context,
V41_01D2504007,01D2504007,B,V41FDBFDA5FF58,中部,静岡県,医療法人社団志隆　ふくだ整形外科リウマチ科,静岡市葵区昭府2丁目18-38,第二種,変形性関節症に対する多血小板血漿（ＰＲＰ）関節内投与療法,PRP,AUTO,1.0,https://saiseiiryo.mhlw.go.jp/published_plan/download/01D2504007/5/0,550000,不明,,ACP MAX|ACP|APS|GPS,Arthrex|Zimmer Biomet,8,4,"3ACP Max PRP システム:231,000円 4GPSIIIシステム及びAPSキット:330,000円 5Angel cPRP システム:550,000円 ※患者様の症状、その他の事情等により治療費が変動する場合があります。 なお、細胞の採取後や加工後に同意を撤回された場合など、同意を撤回される時点までに費用",line-level medium price context,
V41_03D2510005,03D2510005,C,V41F4BB55A795D,中部,静岡県,医療法人社団明徳会 十全記念病院,浜松市浜名区小松1700,第三種,多血小板血漿(PRP)の投与によるスポーツ外傷を含む筋、腱、靱帯損傷治療,PRP,AUTO,1.0,https://saiseiiryo.mhlw.go.jp/published_plan/download/03D2510005/5/0,15000,税込,,,,14,9,"込) 【京セラ】 ・PRPを用いた治療における施術料(一般) 15,000円(税込) ・PRPを用いた治療における施術料(学生料金) 20,000円(税 込)",rescue strong price context,
V41_03D2510005,03D2510005,C,V41F4BB55A795D,中部,静岡県,医療法人社団明徳会 十全記念病院,浜松市浜名区小松1700,第三種,多血小板血漿(PRP)の投与によるスポーツ外傷を含む筋、腱、靱帯損傷治療,PRP,AUTO,1.0,https://saiseiiryo.mhlw.go.jp/published_plan/download/03D2510005/5/0,20000,税込,1回,,,14,9,"【京セラ】 ・PRPを用いた治療における施術料(一般) 15,000円(税込) ・PRPを用いた治療における施術料(学生料金) 20,000円(税 込) ご不明な点は医師・スタッフにお尋ねください。なお1回の施術あ",rescue strong price context,
V41_03D2510005,03D2510005,C,V41F4BB55A795D,中部,静岡県,医療法人社団明徳会 十全記念病院,浜松市浜名区小松1700,第三種,多血小板血漿(PRP)の投与によるスポーツ外傷を含む筋、腱、靱帯損傷治療,PRP,AUTO,1.0,https://saiseiiryo.mhlw.go.jp/published_plan/download/03D2510005/5/0,80000,税込,,GPS,Zimmer Biomet,14,9,"【GPSIII】 ・PRPを用いた治療における施術料(一般) 80,000円(税込) ・PRPを用いた治療における施術料(学生料金) 70,000円(税 込)",rescue strong price context,
V41_03D2510005,03D2510005,C,V41F4BB55A795D,中部,静岡県,医療法人社団明徳会 十全記念病院,浜松市浜名区小松1700,第三種,多血小板血漿(PRP)の投与によるスポーツ外傷を含む筋、腱、靱帯損傷治療,PRP,AUTO,1.0,https://saiseiiryo.mhlw.go.jp/published_plan/download/03D2510005/5/0,70000,税込,,GPS,Zimmer Biomet,13,9,"【GPSIII】 ・PRPを用いた治療における施術料(一般) 80,000円(税込) ・PRPを用いた治療における施術料(学生料金) 70,000円(税 込) 【京セラ】",rescue strong price context,
V41_03F2505004,03F2505004,D,V41F2AAA31D23B,中国四国,香川県,医療法人弘仁会　三条整形外科スポーツクリニック,高松市三条町482番地1,第三種,自己多血小板血漿（ＰＲＰ）を用いた整形外科療法,PRP,QC,1.0,https://saiseiiryo.mhlw.go.jp/published_plan/download/03F2505004/5/0,,,,,,,,,terminal rescue fetch/parse failure,FileDataError: Failed to open stream
V41_03F2309003,03F2309003,A,V41F885987A792,中国四国,香川県,香川県厚生農業協同組合連合会　屋島総合病院,高松市屋島西町2105番17,第三種,自家多血小板血漿（Platelet-rich plasma：PRP）を用いた筋肉、腱、靭帯、筋膜の損傷及び慢性炎症の治療（関節外の軟部組織）,PRP,AUTO,1.0,https://saiseiiryo.mhlw.go.jp/published_plan/download/03F2309003/5/0,33000,税込,2 回分,,,9,,"保険を使用することはできません。 (2) 本治療にかかる費用は、以下のとおりです。なお、費用は、治療に伴う診査、 PRP 作製のための採血にかかる費用、PRP 作製費用、注入にかかる費用の 総額となります。左右両側に投与する場合は、2 回分です。 PRP 療法1回(1 部位) 33,000 円(消費税込) 11. 試料等の保存及び廃棄の方法 患者様から採取した血液と作製したPRP は、患者様ご自身の治療のみに 使用します。ただし、症例検討や学会発表を目的として、血液やPRP の測 定を行い、データを取得することがあります。 血液およびPRP は微量で全量を使用するため、保管はしません。治療に 用いない血",,
V41_01F2203002,01F2203002,B,V41FD1DDD9FC1D,中国四国,香川県,高松南整形外科スポーツクリニック,高松市三名町65番,第三種,自家多血小板血漿（Platelet-rich plasma：PRP）を用いた筋肉、腱、靭帯、筋膜の損傷及び慢性炎症の治療（関節外の軟部組織）,PRP,AUTO,1.0,https://saiseiiryo.mhlw.go.jp/published_plan/download/01F2203002/5/0,45000,税込,2 回分,,,9,,"P 作製費用、注入にかかる費 用の総額となります。左右両側に投与する場合は、2 回分です。 PRP 1 回(1 部位) 50,000 円(税込) PRP 2 回分(2 部位同時) 90,000 円(税込) 学生に限り、PRP1 回(1 部位) 45,000 円(税込) 11. 試料等の保存及び廃棄の方法 患者様から採取した血液と作製したPRP は、患者様ご自身の治療のみ に使用します。ただし、症例検討や学会発表を目的として、血液やPRP の測定を行い、データを取得することがあります。 血液およびPRP は微量で全量を使用するため、保管はしません。治療 に用いない血液またはPRP",,
V41_01F2203002,01F2203002,B,V41FD1DDD9FC1D,中国四国,香川県,高松南整形外科スポーツクリニック,高松市三名町65番,第三種,自家多血小板血漿（Platelet-rich plasma：PRP）を用いた筋肉、腱、靭帯、筋膜の損傷及び慢性炎症の治療（関節外の軟部組織）,PRP,AUTO,1.0,https://saiseiiryo.mhlw.go.jp/published_plan/download/01F2203002/5/0,50000,税込,2 回分,,,9,,"ることはできませ ん。 (2) 本治療にかかる費用は、以下のとおりです。なお、費用は、治療に伴う診 査、PRP 作製のための採血にかかる費用、PRP 作製費用、注入にかかる費 用の総額となります。左右両側に投与する場合は、2 回分です。 PRP 1 回(1 部位) 50,000 円(税込) PRP 2 回分(2 部位同時) 90,000 円(税込) 学生に限り、PRP1 回(1 部位) 45,000 円(税込) 11. 試料等の保存及び廃棄の方法 患者様から採取した血液と作製したPRP は、患者様ご自身の治療のみ に使用します。ただし、症例検討や学会発表を目的として、血液や",,
V41_01F2203002,01F2203002,B,V41FD1DDD9FC1D,中国四国,香川県,高松南整形外科スポーツクリニック,高松市三名町65番,第三種,自家多血小板血漿（Platelet-rich plasma：PRP）を用いた筋肉、腱、靭帯、筋膜の損傷及び慢性炎症の治療（関節外の軟部組織）,PRP,AUTO,1.0,https://saiseiiryo.mhlw.go.jp/published_plan/download/01F2203002/5/0,90000,税込,2 回分,,,9,,"。なお、費用は、治療に伴う診 査、PRP 作製のための採血にかかる費用、PRP 作製費用、注入にかかる費 用の総額となります。左右両側に投与する場合は、2 回分です。 PRP 1 回(1 部位) 50,000 円(税込) PRP 2 回分(2 部位同時) 90,000 円(税込) 学生に限り、PRP1 回(1 部位) 45,000 円(税込) 11. 試料等の保存及び廃棄の方法 患者様から採取した血液と作製したPRP は、患者様ご自身の治療のみ に使用します。ただし、症例検討や学会発表を目的として、血液やPRP の測定を行い、データを取得することがあります。 血液およびPRP",,
V41_03F2505002,03F2505002,C,V41F1DF1E2DEB4,中国四国,高知県,医療法人緑風会　海里マリン病院,高知市仁井田１６１７－５,第三種,多血小板血漿を用いた靭帯・腱及び腱付着部の機能障害・疾患の治療,PRP,AUTO,1.0,https://saiseiiryo.mhlw.go.jp/published_plan/download/03F2505002/5/0,120000,不明,,GPS|Zimmer,Zimmer Biomet,7,,"理者(院長)へと報告して対応させていただきます。 窓口部署:事務 連絡先:088-847-0101 12.費用について この治療は公的保険の対象ではありませんので、当院所定の施術料をお支払いいただきます。 ・ZIMMER BIOMET 製 GPS®IIIシステム使用 70,000~120,000 円 ※患者様の症状、その他の事情等により治療費が変動する場合があります。 なお、細胞の採取後や加工後に同意を撤回された場合など、同意を撤回される時点までに費用が発生し ている場合は、発生した費用については患者様にご負担いただきますのでご了承ください。 13.他の治療法の有無、本治療法との比較について 靭帯・腱及び腱付着部の機",,
V41_01F2604004,01F2604004,D,V41FCFE89C6D69,中国四国,鳥取県,医療法人YSOC　米子南整形外科クリニック,米子市道笑町４丁目122番地2,第三種,多血小板血漿を用いた整形外科領域（関節腔内への投与を除く）の治療,PRP,AUTO,1.0,https://saiseiiryo.mhlw.go.jp/published_plan/download/01F2604004/5/0,50000,税込,,,,8,4,"細胞の提供に際して費用は発生しません。 治療の提供に際しては、本治療は公的保険の対象ではありませんので、当院所定の施術料として50,000円 (税込)をお支払いいただきます。 ※患者様の症状、その他の事情等により治療費が変動する場合があります。",rescue medium price context,
V41_03F2509001,03F2509001,A,V41F1D47F7B5E4,中国四国,鳥取県,鳥取大学医学部附属病院,米子市西町36番地1,第三種,自己多血小板血漿（Platelet-rich plasma：PRP）を用いた整形外科領域における軟部組織治療,PRP,AUTO,1.0,https://saiseiiryo.mhlw.go.jp/published_plan/download/03F2509001/5/0,65450,税別,1 回,,,8,,"併症(過去に報告はありませんがアレルギー反応等)に係る医療費についても、全額御本人 の負担となります。その他の合併症については、担当医師が生じた疾患によって随時判断す ることとなります。 ・PRP 療法 1 回 100,000 円 (税抜) ※尚、血液加工開始後の同意撤回の場合、資材費として別途65,450 円(税抜)を請求させて頂き ます。ご了承の程お願いいたします。 また、患者様の症状により施術料が変わる場合は別途、ご説明いたします。 施術後、患者様の個人的な事情及び金銭等に関する問題に関しては一切の責を負いかねま すのでご了承ください。 詳細やご不明な点は医師・スタッフまでお気軽にお尋ねください。 15.治療の同意を撤回する場",,
V41_03F2509001,03F2509001,A,V41F1D47F7B5E4,中国四国,鳥取県,鳥取大学医学部附属病院,米子市西町36番地1,第三種,自己多血小板血漿（Platelet-rich plasma：PRP）を用いた整形外科領域における軟部組織治療,PRP,AUTO,1.0,https://saiseiiryo.mhlw.go.jp/published_plan/download/03F2509001/5/0,100000,税別,1 回,,,8,,"全額が御本人の負担となります。また、PRP そのものに由来する有害事象として生じた合 併症(過去に報告はありませんがアレルギー反応等)に係る医療費についても、全額御本人 の負担となります。その他の合併症については、担当医師が生じた疾患によって随時判断す ることとなります。 ・PRP 療法 1 回 100,000 円 (税抜) ※尚、血液加工開始後の同意撤回の場合、資材費として別途65,450 円(税抜)を請求させて頂き ます。ご了承の程お願いいたします。 また、患者様の症状により施術料が変わる場合は別途、ご説明いたします。 施術後、患者様の個人的な事情及び金銭等に関する問題に関しては一切の責を負いかねま すのでご了承ください。 詳細やご不明",,
V41_02G2405005,02G2405005,B,V41F27DA18A83E,九州沖縄,鹿児島県,医療法人　慈圭会　八反丸リハビリテーション病院,鹿児島市下竜尾町3番28号,第三種,"自己多血小板血漿(PRP)を用いた筋・腱・靱帯等の軟部組織
再生治療",PRP,AUTO,1.0,https://saiseiiryo.mhlw.go.jp/published_plan/download/02G2405005/5/0,15000,不明,,,,12,4,"(ヨ.当該細胞の提供に係る費用に関する事項) 自己多血小板血漿(PRP)に係る費用は以下の通りです。 治療費:自己多血小板血漿(PRP) 1mlあたり15,000円(成人) 治療費:自己多血小板血漿(PRP) 1mlあたり12,000円(学生) (タ.当該細胞の提供による健康被害に対する補償に関する事項)",line-level strong price context,
V41_01G2607001,01G2607001,C,V41F95CF23CB49,九州沖縄,鹿児島県,医療法人七徳会 大井病院,姶良市加治木町本町141番地,第二種,自家多血小板血漿（PRP）を用いた関節内組織損傷に対する治療,PRP,AUTO,1.0,https://saiseiiryo.mhlw.go.jp/published_plan/download/01G2607001/5/0,70000,税込,1 回,Condensia,京セラ,9,,"されない自由診療です。そのため、患者様の費用負担が 他の治療よりも高額になることがあります。当院において実施される本治療および本治 療に必要な検査などの費用は全額自己負担となります。 血液分離専用容器キットによる提供価格 PRP:(京セラCondensia システム)使用 ・・・・・1 回70,000 円(税込) ※患者様の症状によっては、治療を数回行うことがあります。治療前、または治療後の 状態から担当医師が判断し、患者様にお伝えしご相談させて頂きます。 ※治療内容・回数により1回あたりの費用が減額される場合がございます。施術する前 に詳細な説明をいたしますので、ご納得いただいた上で施術をお受けいただけますよ うお願い申し上げ",,
V41_01G2406010,01G2406010,D,V41F04E31ABAD7,九州沖縄,鹿児島県,医療法人吉祥会 吉井整形外科内科中央病院,出水市平和町336番地,第二種,自家多血小板血漿（Platelet-rich plasma：PRP）を用いた慢性関節炎の治療（関節内組織）,PRP,AUTO,1.0,https://saiseiiryo.mhlw.go.jp/published_plan/download/01G2406010/5/0,38500,税込,2回分,,,9,,"療は、すべて自費診療であり、健康保険を使用することはできません。 (2) 本治療にかかる費用は、以下のとおりです。なお、費用は、治療に伴う診査、 PRP調製のための採血にかかる費用、PRP調製費用、注入にかかる費用の総 額となります。左右両側に投与する場合は、2回分です。 PRP1回・1部位: \ 38,500円(税込) 11. 試料等の保存及び廃棄の方法 患者様から採取した血液と作製したPRPは、患者様ご自身の治療のみに使用しま 5 す。ただし、症例検討や学会発表を目的として、血液やPRPの測定を行い、データを 取得することがあります。 血液およびPRPは微量で全量を使用するため、保管はしません。治療に用いない 血液またはPRPが生じた場",,
V41_01G2404012,01G2404012,A,V41F04E31ABAD7,九州沖縄,鹿児島県,医療法人吉祥会　吉井整形外科内科中央病院,出水市平和町336番地,第三種,自家多血小板血漿(Platelet-rich plasma:PRP)を用いた筋 肉、腱、靭帯、筋膜の損傷及び慢性炎症の治療(関節腔外に 限る),PRP,QC,1.0,https://saiseiiryo.mhlw.go.jp/published_plan/download/01G2404012/5/0,,,,,,,,,no price found after rescue text/OCR pass,Rescue completed; OCR page timeouts=0
V41_01G2308005,01G2308005,B,V41F4ABABC9BF3,九州沖縄,鹿児島県,鹿児島中央整形外科スポーツクリニック,鹿児島市中央町24番12号,第三種,自家多血小板血漿（Platelet-rich plasma：PRP）を用いた筋肉、腱、靭帯、筋膜の損傷及び慢性炎症の治療（関節外の軟部組織）,PRP,QC,1.0,https://saiseiiryo.mhlw.go.jp/published_plan/download/01G2308005/5/0,16500,税込,1 回,,,6,6,"費用(税込) 血液検査 16,500 円 PRP(1 回) 38,500 円",price candidates remain ambiguous,
V41_01G2308005,01G2308005,B,V41F4ABABC9BF3,九州沖縄,鹿児島県,鹿児島中央整形外科スポーツクリニック,鹿児島市中央町24番12号,第三種,自家多血小板血漿（Platelet-rich plasma：PRP）を用いた筋肉、腱、靭帯、筋膜の損傷及び慢性炎症の治療（関節外の軟部組織）,PRP,QC,1.0,https://saiseiiryo.mhlw.go.jp/published_plan/download/01G2308005/5/0,71500,不明,2 回,,,5,6,"38,500 円 PRP(2 回・2 部位同時) 71,500 円 (3) 採血を開始してからキャンセルされた場合は、費用の全額をご負担いた だきます。",price candidates remain ambiguous,
V41_01G2308005,01G2308005,B,V41F4ABABC9BF3,九州沖縄,鹿児島県,鹿児島中央整形外科スポーツクリニック,鹿児島市中央町24番12号,第三種,自家多血小板血漿（Platelet-rich plasma：PRP）を用いた筋肉、腱、靭帯、筋膜の損傷及び慢性炎症の治療（関節外の軟部組織）,PRP,QC,1.0,https://saiseiiryo.mhlw.go.jp/published_plan/download/01G2308005/5/0,38500,不明,1 回,,,2,6,"16,500 円 PRP(1 回) 38,500 円 PRP(2 回・2 部位同時) 71,500 円",price candidates remain ambiguous,
