global_candidate_count	repo_facility_count	batch	batch_index	facility_key	prefecture	facility	mhlw_plan_codes	treatment_classes	source_generations	baseline_products	products_found	explicit_makers	validated_inferred_makers	unvalidated_products	final_makers	maker_evidence_type	safe_resolved	pdf_count	attempts	retry_403	context_resets_so_far	document_urls	http_statuses	evidence_json
366	812	0	1	三重県|社会医療法人峰和会鈴鹿回生病院	三重県	社会医療法人峰和会 鈴鹿回生病院	03D2506007	PRP	v40_queue							NONE	NO	1	3	0	0	https://saiseiiryo.mhlw.go.jp/published_plan/download/03D2506007/5/0	03D2506007:0:200|03D2506007:1:404|03D2506007:2:404	[]
366	812	0	2	千葉県|医療法人社団誠馨会千葉メディカルセンター	千葉県	医療法人社団誠馨会 千葉メディカルセンター	02C2506050|02C2506051	PRP	v41							NONE	NO	2	6	0	0	https://saiseiiryo.mhlw.go.jp/published_plan/download/02C2506050/5/0|https://saiseiiryo.mhlw.go.jp/published_plan/download/02C2506051/5/0	02C2506050:0:200|02C2506050:1:404|02C2506050:2:404|02C2506051:0:200|02C2506051:1:404|02C2506051:2:404	[]
366	812	0	3	大阪府|医療法人井上クリニック	大阪府	医療法人 井上クリニック	01E2104016	PRP	v40_queue							NONE	NO	1	3	0	0	https://saiseiiryo.mhlw.go.jp/published_plan/download/01E2104016/5/0	01E2104016:0:200|01E2104016:1:404|01E2104016:2:404	[]
366	812	0	4	山口県|森山整形クリニック	山口県	森山整形クリニック	01F2305001	PRP	v40_queue							NONE	NO	1	3	0	0	https://saiseiiryo.mhlw.go.jp/published_plan/download/01F2305001/5/0	01F2305001:0:200|01F2305001:1:404|01F2305001:2:404	[]
366	812	0	5	東京都|RiCarnaClinic	東京都	RiCarna Clinic	01C2502013	PRP	v40_queue							NONE	NO	1	3	0	0	https://saiseiiryo.mhlw.go.jp/published_plan/download/01C2502013/5/0	01C2502013:0:200|01C2502013:1:404|01C2502013:2:404	[]
366	812	0	6	東京都|医療法人社団平成会たいら整形外科クリニック	東京都	医療法人社団平成会 たいら整形外科クリニック	01C2210027	PRP	v40_queue							NONE	NO	1	3	0	1	https://saiseiiryo.mhlw.go.jp/published_plan/download/01C2210027/5/0	01C2210027:0:200|01C2210027:1:404|01C2210027:2:404	[]
366	812	0	7	東京都|江戸川区まつもと整形外科	東京都	江戸川区まつもと整形外科	01C2603069|01C2603071	PRP	v41							NONE	NO	2	6	0	1	https://saiseiiryo.mhlw.go.jp/published_plan/download/01C2603069/5/0|https://saiseiiryo.mhlw.go.jp/published_plan/download/01C2603071/5/0	01C2603069:0:200|01C2603069:1:404|01C2603069:2:404|01C2603071:0:200|01C2603071:1:404|01C2603071:2:404	[]
366	812	0	8	神奈川県|医療法人健進会井上整形外科	神奈川県	医療法人 健進会 井上整形外科	01C2305022|01C2305023	PRP	v41	PRP						NONE	NO	2	6	0	1	https://saiseiiryo.mhlw.go.jp/published_plan/download/01C2305022/5/0|https://saiseiiryo.mhlw.go.jp/published_plan/download/01C2305023/5/0	01C2305022:0:200|01C2305022:1:404|01C2305022:2:404|01C2305023:0:200|01C2305023:1:404|01C2305023:2:404	[]
366	812	0	9	福岡県|医療法人一寿会西尾病院	福岡県	医療法人一寿会西尾病院	01G2011006	PRP	v41							NONE	NO	1	3	0	1	https://saiseiiryo.mhlw.go.jp/published_plan/download/01G2011006/5/0	01G2011006:0:200|01G2011006:1:404|01G2011006:2:404	[]
366	812	0	10	高知県|細木病院	高知県	細木病院	03F2207001|03F2207002	PRP	v40_queue							NONE	NO	2	6	0	1	https://saiseiiryo.mhlw.go.jp/published_plan/download/03F2207001/5/0|https://saiseiiryo.mhlw.go.jp/published_plan/download/03F2207002/5/0	03F2207001:0:200|03F2207001:1:404|03F2207001:2:404|03F2207002:0:200|03F2207002:1:404|03F2207002:2:404	[]
366	812	1	1	京都府|CliniqueHaruKyoto	京都府	Clinique Haru Kyoto	01E2605013|01E2605018	PRP|脂肪由来幹細胞	v41		ACP|APS|GPS|MyCells|TriCeLL		Arthrex|Zimmer Biomet	MyCells|TriCeLL	Arthrex|Zimmer Biomet	VALIDATED_PRODUCT_MAP	YES	3	7	0	0	https://saiseiiryo.mhlw.go.jp/published_plan/download/01E2605013/5/0|https://saiseiiryo.mhlw.go.jp/published_plan/download/01E2605018/5/0|https://saiseiiryo.mhlw.go.jp/published_plan/download/01E2605018/5/1	01E2605013:0:200|01E2605013:1:404|01E2605013:2:404|01E2605018:0:200|01E2605018:1:200|01E2605018:2:404|01E2605018:3:404	"[{""code"": ""01E2605018"", ""idx"": 1, ""url"": ""https://saiseiiryo.mhlw.go.jp/published_plan/download/01E2605018/5/1"", ""page"": 1, ""type"": ""product"", ""hit"": ""ACP"", ""context"": ""価格表 キット名 価格(税込) マイセル(MyCells) 1回44,000円、3回1セットで110,000円 ACPダブルシリンジシステム 1回55,000円、3回1セットで143,000円 トライセル(TriCeLL) 1回165,000円 GPSIIIシステム 1回220,000円 APSキット 1回440,000円""}, {""code"": ""01E2605018"", ""idx"": 1, ""url"": ""https://saiseiiryo.mhlw.go.jp/published_plan/download/01E2605018/5/1"", ""page"": 1, ""type"": ""product"", ""hit"": ""GPS"", ""context"": ""マイセル(MyCells) 1回44,000円、3回1セットで110,000円 ACPダブルシリンジシステム 1回55,000円、3回1セットで143,000円 トライセル(TriCeLL) 1回165,000円 GPSIIIシステム 1回220,000円 APSキット 1回440,000円""}, {""code"": ""01E2605018"", ""idx"": 1, ""url"": ""https://saiseiiryo.mhlw.go.jp/published_plan/download/01E2605018/5/1"", ""page"": 1, ""type"": ""product"", ""hit"": ""APS"", ""context"": ""、3回1セットで110,000円 ACPダブルシリンジシステム 1回55,000円、3回1セットで143,000円 トライセル(TriCeLL) 1回165,000円 GPSIIIシステム 1回220,000円 APSキット 1回440,000円""}, {""code"": ""01E2605018"", ""idx"": 1, ""url"": ""https://saiseiiryo.mhlw.go.jp/published_plan/download/01E2605018/5/1"", ""page"": 1, ""type"": ""product"", ""hit"": ""MyCells"", ""context"": ""価格表 キット名 価格(税込) マイセル(MyCells) 1回44,000円、3回1セットで110,000円 ACPダブルシリンジシステム 1回55,000円、3回1セットで143,000円 トライセル(TriCeLL) 1回165,000円 GPSIIIシステム 1回220,000円 APSキット 1回440,000円""}, {""code"": ""01E2605018"", ""idx"": 1, ""url"": ""https://saiseiiryo.mhlw.go.jp/published_plan/download/01E2605018/5/1"", ""page"": 1, ""type"": ""product"", ""hit"": ""TriCeLL"", ""context"": ""価格表 キット名 価格(税込) マイセル(MyCells) 1回44,000円、3回1セットで110,000円 ACPダブルシリンジシステム 1回55,000円、3回1セットで143,000円 トライセル(TriCeLL) 1回165,000円 GPSIIIシステム 1回220,000円 APSキット 1回440,000円""}]"
366	812	1	2	千葉県|千葉ニュータウン整形外科リハビリテーションクリニック	千葉県	千葉ニュータウン整形外科リハビリテーションクリニック	01C2407085|01C2407086	PRP	v41							NONE	NO	2	6	0	0	https://saiseiiryo.mhlw.go.jp/published_plan/download/01C2407085/5/0|https://saiseiiryo.mhlw.go.jp/published_plan/download/01C2407086/5/0	01C2407085:0:200|01C2407085:1:404|01C2407085:2:404|01C2407086:0:200|01C2407086:1:404|01C2407086:2:404	[]
366	812	1	3	大阪府|医療法人翔寿会こんどう整形外科クリニック	大阪府	医療法人 翔寿会 こんどう整形外科クリニック	01E2411017|01E2411018	PRP	v40_queue|v41							NONE	NO	2	6	0	0	https://saiseiiryo.mhlw.go.jp/published_plan/download/01E2411017/5/0|https://saiseiiryo.mhlw.go.jp/published_plan/download/01E2411018/5/0	01E2411017:0:200|01E2411017:1:404|01E2411017:2:404|01E2411018:0:200|01E2411018:1:404|01E2411018:2:404	[]
366	812	1	4	山梨県|東甲府医院	山梨県	東甲府医院	01C2411014	PRP	v40_queue							NONE	NO	1	3	0	0	https://saiseiiryo.mhlw.go.jp/published_plan/download/01C2411014/5/0	01C2411014:0:200|01C2411014:1:404|01C2411014:2:404	[]
366	812	1	5	東京都|いたばし整形外科関節クリニック	東京都	いたばし整形外科関節クリニック	01C2605016	PRP	v41							NONE	NO	1	3	0	0	https://saiseiiryo.mhlw.go.jp/published_plan/download/01C2605016/5/0	01C2605016:0:200|01C2605016:1:404|01C2605016:2:404	[]
366	812	1	6	東京都|医療法人社団彩康会十条整形外科リハビリクリニック	東京都	医療法人社団彩康会 十条整形外科リハビリクリニック	01C2604064|01C2604065	PRP	v40_queue|v41		APS|TriCeLL		Zimmer Biomet	TriCeLL	Zimmer Biomet	VALIDATED_PRODUCT_MAP	YES	2	6	0	1	https://saiseiiryo.mhlw.go.jp/published_plan/download/01C2604064/5/0|https://saiseiiryo.mhlw.go.jp/published_plan/download/01C2604065/5/0	01C2604064:0:200|01C2604064:1:404|01C2604064:2:404|01C2604065:0:200|01C2604065:1:404|01C2604065:2:404	"[{""code"": ""01C2604064"", ""idx"": 0, ""url"": ""https://saiseiiryo.mhlw.go.jp/published_plan/download/01C2604064/5/0"", ""page"": 4, ""type"": ""product"", ""hit"": ""TriCeLL"", ""context"": ""適応の場合、治療を行う日程を決めます 。PRP治療は日帰りで行うことができます。 (2)治療の方法 【院内製造の場合】 PRP院内製造の場合は、 1) PRP調製のための 約 30 ~32mL採血、 2) TriCeLLPRP濃縮 キットを用いて遠心分離・クリーンベンチ内での PRP調製、 3) 炎症部位への PRPの注入、 4) 経過観察 (フォローアップ ) の段階で行われます 。 PRPの注入は診察室 または 処置室で 行います 。 ※院内製造の場合のメリット:採血量が少なく体への負担が少ないこと、投与量・投与回数に融 通が利き、一回の治療は一日で完了いたしま""}, {""code"": ""01C2604064"", ""idx"": 0, ""url"": ""https://saiseiiryo.mhlw.go.jp/published_plan/download/01C2604064/5/0"", ""page"": 6, ""type"": ""product"", ""hit"": ""APS"", ""context"": ""¥130,000 (税込額¥143,000) 【院内製造の場合】 T riCeLL 血液分離専用容器キットによる施術料(1 回) ¥100,000 (税込額¥110,000) APS 血液分離専用容器キットによる施術料(1 回) ¥300,000 (税込額¥330,000) ※ 患者様の症状によっては治療を数回行うことがあります。症状や治療内容により治療価格が変 わる場合がございます 。治療前または治療後の状態から担当医師が判断し、患者様にお伝えし ご相談させて頂きます 。 ※施術する前に詳細な説明をいたしま""}, {""code"": ""01C2604064"", ""idx"": 0, ""url"": ""https://saiseiiryo.mhlw.go.jp/published_plan/download/01C2604064/5/0"", ""page"": 7, ""type"": ""product"", ""hit"": ""APS"", ""context"": ""場合】 採血後(¥5,000 税込) 加工後のキャンセル料(¥70,000 税込) 【院内製造の場合】 T riCeLL 採血後(¥5,000 税込) 加工後のキャンセル料(¥50,000 税込) APS 採血後(¥5,000 税込) 加工後のキャンセル料(¥200,000 税込) もしこの治療を受けることに同意されない場合も、最適と考えられる治療を実施できるように患 者様の治療に最善を尽くします 。 ただし、治療を行った後は、健康管理・アフターフォローのために必要に応じて適切な検査を受 けていただき、医""}]"
366	812	1	7	東京都|池尻大橋せらクリニック	東京都	池尻大橋せらクリニック	01C2403007	PRP	v41	PRP						NONE	NO	1	3	0	1	https://saiseiiryo.mhlw.go.jp/published_plan/download/01C2403007/5/0	01C2403007:0:200|01C2403007:1:404|01C2403007:2:404	[]
366	812	1	8	神奈川県|医療法人光耀会菊地眼科クリニック	神奈川県	医療法人光耀会 菊地眼科クリニック	03C2409021	PRP	v41							NONE	NO	1	3	0	1	https://saiseiiryo.mhlw.go.jp/published_plan/download/03C2409021/5/0	03C2409021:0:200|03C2409021:1:404|03C2409021:2:404	[]
366	812	1	9	福岡県|学校法人国際志学園ZERO100クリニック	福岡県	学校法人 国際志学園 ZERO100クリニック	01G2603002	PRP	v41							NONE	NO	1	3	0	1	https://saiseiiryo.mhlw.go.jp/published_plan/download/01G2603002/5/0	01G2603002:0:200|01G2603002:1:404|01G2603002:2:404	[]
366	812	1	10	鳥取県|医療法人育生会高島病院	鳥取県	医療法人育生会 高島病院	01F2202004|01F2202005	PRP	v40_queue							NONE	NO	2	6	0	1	https://saiseiiryo.mhlw.go.jp/published_plan/download/01F2202004/5/0|https://saiseiiryo.mhlw.go.jp/published_plan/download/01F2202005/5/0	01F2202004:0:200|01F2202004:1:404|01F2202004:2:404|01F2202005:0:200|01F2202005:1:404|01F2202005:2:404	[]
366	812	10	1	兵庫県|あまのペインクリニック	兵庫県	あまのペインクリニック	01E2110005	PRP	v40_queue							NONE	NO	1	3	0	0	https://saiseiiryo.mhlw.go.jp/published_plan/download/01E2110005/5/0	01E2110005:0:200|01E2110005:1:404|01E2110005:2:404	[]
366	812	10	2	埼玉県|医療法人川久保病院	埼玉県	医療法人 川久保病院	02C2001042	PRP	v41							NONE	NO	1	3	0	0	https://saiseiiryo.mhlw.go.jp/published_plan/download/02C2001042/5/0	02C2001042:0:200|02C2001042:1:404|02C2001042:2:404	[]
366	812	10	3	大阪府|医療法人天野整形外科	大阪府	医療法人天野整形外科	01E2310023|01E2310024	PRP	v41							NONE	NO	2	6	0	0	https://saiseiiryo.mhlw.go.jp/published_plan/download/01E2310023/5/0|https://saiseiiryo.mhlw.go.jp/published_plan/download/01E2310024/5/0	01E2310023:0:200|01E2310023:1:404|01E2310023:2:404|01E2310024:0:200|01E2310024:1:404|01E2310024:2:404	[]
366	812	10	4	広島県|医療法人社団日本鋼管福山病院	広島県	医療法人社団 日本鋼管福山病院	03F2506005	PRP	v40_queue							NONE	NO	1	3	0	0	https://saiseiiryo.mhlw.go.jp/published_plan/download/03F2506005/5/0	03F2506005:0:200|03F2506005:1:404|03F2506005:2:404	[]
366	812	10	5	東京都|一般社団法人健寿会表参道イーグルクリニック	東京都	一般社団法人健寿会 表参道イーグルクリニック	02C2410002|02C2410004	PRP|脂肪由来幹細胞	v40_queue							NONE	NO	2	6	0	0	https://saiseiiryo.mhlw.go.jp/published_plan/download/02C2410002/5/0|https://saiseiiryo.mhlw.go.jp/published_plan/download/02C2410004/5/0	02C2410002:0:200|02C2410002:1:404|02C2410002:2:404|02C2410004:0:200|02C2410004:1:404|02C2410004:2:404	[]
366	812	10	6	東京都|医療法人社団熊野前医院たいら整形外科	東京都	医療法人社団熊野前医院 たいら整形外科	01C2503037|01C2503056	PRP	v40_queue|v41	PRP						NONE	NO	2	6	0	1	https://saiseiiryo.mhlw.go.jp/published_plan/download/01C2503037/5/0|https://saiseiiryo.mhlw.go.jp/published_plan/download/01C2503056/5/0	01C2503037:0:200|01C2503037:1:404|01C2503037:2:404|01C2503056:0:200|01C2503056:1:404|01C2503056:2:404	[]
366	812	10	7	東京都|葛西駅前あおぞら整形外科クリニック	東京都	葛西駅前あおぞら整形外科クリニック	01C2506025|01C2507072	PRP	v40_queue|v41							NONE	NO	2	6	0	1	https://saiseiiryo.mhlw.go.jp/published_plan/download/01C2506025/5/0|https://saiseiiryo.mhlw.go.jp/published_plan/download/01C2507072/5/0	01C2506025:0:200|01C2506025:1:404|01C2506025:2:404|01C2507072:0:200|01C2507072:1:404|01C2507072:2:404	[]
366	812	10	8	神奈川県|医療法人社団栄親会横浜整形外科クリニック	神奈川県	医療法人社団栄親会 横浜整形外科クリニック	03C2111004	PRP	v41	PRP						NONE	NO	1	3	0	1	https://saiseiiryo.mhlw.go.jp/published_plan/download/03C2111004/5/0	03C2111004:0:200|03C2111004:1:404|03C2111004:2:404	[]
366	812	10	9	長崎県|チカラ整形外科スポーツリウマチクリニック	長崎県	チカラ整形外科スポーツリウマチクリニック	01G2311007	PRP	v41							NONE	NO	1	3	0	1	https://saiseiiryo.mhlw.go.jp/published_plan/download/01G2311007/5/0	01G2311007:0:200|01G2311007:1:404|01G2311007:2:404	[]
366	812	11	1	兵庫県|かみはらペインクリニック	兵庫県	かみはらペインクリニック	01E2412007	PRP	v40_queue							NONE	NO	1	3	0	0	https://saiseiiryo.mhlw.go.jp/published_plan/download/01E2412007/5/0	01E2412007:0:200|01E2412007:1:404|01E2412007:2:404	[]
366	812	11	2	埼玉県|医療法人元志会川越TACA川越下肢静脈瘤膝関節クリニック	埼玉県	医療法人元志会  川越TACA川越下肢静脈瘤膝関節クリニック	03C2607036	PRP	v41							NONE	NO	1	3	0	0	https://saiseiiryo.mhlw.go.jp/published_plan/download/03C2607036/5/0	03C2607036:0:200|03C2607036:1:404|03C2607036:2:404	[]
366	812	11	3	大阪府|医療法人想千あわ整形外科クリニック	大阪府	医療法人想千あわ整形外科クリニック	03E2404012	PRP	v41							NONE	NO	1	3	0	0	https://saiseiiryo.mhlw.go.jp/published_plan/download/03E2404012/5/0	03E2404012:0:200|03E2404012:1:404|03E2404012:2:404	[]
366	812	11	4	広島県|医療法人社団成和会うたのはら整形外科クリニック	広島県	医療法人社団成和会 うたのはら整形外科クリニック	01F2212005	PRP	v40_queue							NONE	NO	1	3	0	0	https://saiseiiryo.mhlw.go.jp/published_plan/download/01F2212005/5/0	01F2212005:0:200|01F2212005:1:404|01F2212005:2:404	[]
366	812	11	5	東京都|一般社団法人再健会シン・整形外科代々木上原	東京都	一般社団法人再健会 シン・整形外科 代々木上原	01C2603035	PRP	v41							NONE	NO	3	5	0	0	https://saiseiiryo.mhlw.go.jp/published_plan/download/01C2603035/5/0|https://saiseiiryo.mhlw.go.jp/published_plan/download/01C2603035/5/1|https://saiseiiryo.mhlw.go.jp/published_plan/download/01C2603035/5/2	01C2603035:0:200|01C2603035:1:200|01C2603035:2:200|01C2603035:3:404|01C2603035:4:404	[]
366	812	11	6	東京都|医療法人社団癒合会高輪和合クリニック	東京都	医療法人社団癒合会 高輪和合クリニック	01C2407028	PRP	v41		MyCells			MyCells		PRODUCT_ONLY_UNVALIDATED	NO	1	3	0	1	https://saiseiiryo.mhlw.go.jp/published_plan/download/01C2407028/5/0	01C2407028:0:200|01C2407028:1:404|01C2407028:2:404	"[{""code"": ""01C2407028"", ""idx"": 0, ""url"": ""https://saiseiiryo.mhlw.go.jp/published_plan/download/01C2407028/5/0"", ""page"": 3, ""type"": ""product"", ""hit"": ""MyCells"", ""context"": ""担当医が不適当と判断した患者様 (2)治療の方法 この治療は、1末梢血の採血、2PRP 作製、3PRP 注射投与の流れで行われます。 1 採血 本治療提供当日、診察室1~4において、 PRP 抽出キット(Mycells PRP キット、 Kaylight 社製)のスピッツに翼状針付採血ホルダーを使用し、患者の腕の末梢血管より、 約 11ml(スモールスピッツの場合)または約 22ml(ラージスピッツの場合)ほど採血して キャップを締めます。スピッツを 20~30 回程度、転倒させて混ぜます。 2 PRP 作成 PRP 調整室において、スピッツを遠心分離機にセットし""}]"
366	812	11	7	東京都|順天堂大学医学部附属練馬病院	東京都	順天堂大学医学部附属練馬病院	03C2308020|03C2308021	PRP	v41	PRP						NONE	NO	2	6	0	1	https://saiseiiryo.mhlw.go.jp/published_plan/download/03C2308020/5/0|https://saiseiiryo.mhlw.go.jp/published_plan/download/03C2308021/5/0	03C2308020:0:200|03C2308020:1:404|03C2308020:2:404|03C2308021:0:200|03C2308021:1:404|03C2308021:2:404	[]
366	812	11	8	神奈川県|医療法人社団皆吉会プライムコーストみなとみらいクリニック	神奈川県	医療法人社団皆吉会プライムコーストみなとみらいクリニック	03C2504060|03C2504061	PRP	v41							NONE	NO	2	6	0	1	https://saiseiiryo.mhlw.go.jp/published_plan/download/03C2504060/5/0|https://saiseiiryo.mhlw.go.jp/published_plan/download/03C2504061/5/0	03C2504060:0:200|03C2504060:1:404|03C2504060:2:404|03C2504061:0:200|03C2504061:1:404|03C2504061:2:404	[]
366	812	11	9	長野県|Aiクリニック整形外科リハビリテーション科	長野県	Aiクリニック整形外科リハビリテーション科	01C2308062|01C2308063	PRP	v40_queue							NONE	NO	2	6	0	1	https://saiseiiryo.mhlw.go.jp/published_plan/download/01C2308062/5/0|https://saiseiiryo.mhlw.go.jp/published_plan/download/01C2308063/5/0	01C2308062:0:200|01C2308062:1:404|01C2308062:2:404|01C2308063:0:200|01C2308063:1:404|01C2308063:2:404	[]
366	812	12	1	兵庫県|たちはら整形外科・肩とスポーツのクリニック	兵庫県	たちはら整形外科・肩とスポーツのクリニック	01E2402021|01E2402024	PRP	v41							NONE	NO	2	6	0	0	https://saiseiiryo.mhlw.go.jp/published_plan/download/01E2402021/5/0|https://saiseiiryo.mhlw.go.jp/published_plan/download/01E2402024/5/0	01E2402021:0:200|01E2402021:1:404|01E2402021:2:404|01E2402024:0:200|01E2402024:1:404|01E2402024:2:404	[]
366	812	12	2	埼玉県|医療法人彰友会小林整形外科	埼玉県	医療法人彰友会 小林整形外科	01C2401026	PRP	v40_queue							NONE	NO	1	3	0	0	https://saiseiiryo.mhlw.go.jp/published_plan/download/01C2401026/5/0	01C2401026:0:200|01C2401026:1:404|01C2401026:2:404	[]
366	812	12	3	大阪府|医療法人慶春会福永記念診療所	大阪府	医療法人慶春会 福永記念診療所	02E2506021|02E2506026|03E2407016	PRP|脂肪由来幹細胞	v40_queue							NONE	NO	5	11	0	0	https://saiseiiryo.mhlw.go.jp/published_plan/download/02E2506021/5/0|https://saiseiiryo.mhlw.go.jp/published_plan/download/02E2506021/5/1|https://saiseiiryo.mhlw.go.jp/published_plan/download/02E2506026/5/0|https://saiseiiryo.mhlw.go.jp/published_plan/download/02E2506026/5/1|https://saiseiiryo.mhlw.go.jp/published_plan/download/03E2407016/5/0	02E2506021:0:200|02E2506021:1:200|02E2506021:2:404|02E2506021:3:404|02E2506026:0:200|02E2506026:1:200|02E2506026:2:404|02E2506026:3:404|03E2407016:0:200|03E2407016:1:404|03E2407016:2:404	[]
366	812	12	4	広島県|医療法人龍樹会池田整形外科リハビリテーションクリニック	広島県	医療法人龍樹会 池田整形外科リハビリテーションクリニック	01F2309003|01F2310002	PRP	v40_queue|v41	PRP						NONE	NO	2	6	0	0	https://saiseiiryo.mhlw.go.jp/published_plan/download/01F2309003/5/0|https://saiseiiryo.mhlw.go.jp/published_plan/download/01F2310002/5/0	01F2309003:0:200|01F2309003:1:404|01F2309003:2:404|01F2310002:0:200|01F2310002:1:404|01F2310002:2:404	[]
366	812	12	5	東京都|一般社団法人再生医療皮膚科研究会TokyoBeautyMasterClinic.	東京都	一般社団法人再生医療皮膚科研究会 Tokyo Beauty Master Clinic.	01C2601051	PRP	v41							NONE	NO	1	3	0	0	https://saiseiiryo.mhlw.go.jp/published_plan/download/01C2601051/5/0	01C2601051:0:200|01C2601051:1:404|01C2601051:2:404	[]
366	812	12	6	東京都|医療法人社団紘朗会麻布皮フ科クリニック	東京都	医療法人社団紘朗会  麻布皮フ科クリニック	01C2505049	PRP	v41							NONE	NO	1	3	0	1	https://saiseiiryo.mhlw.go.jp/published_plan/download/01C2505049/5/0	01C2505049:0:200|01C2505049:1:404|01C2505049:2:404	[]
366	812	12	7	栃木県|医療法人一燈会かみもとスポーツクリニック	栃木県	医療法人一燈会 かみもとスポーツクリニック	01C2302004	PRP	v40_queue							NONE	NO	2	4	0	1	https://saiseiiryo.mhlw.go.jp/published_plan/download/01C2302004/5/0|https://saiseiiryo.mhlw.go.jp/published_plan/download/01C2302004/5/1	01C2302004:0:200|01C2302004:1:200|01C2302004:2:404|01C2302004:3:404	[]
366	812	12	8	神奈川県|医療法人野球医学ベースボール&スポーツクリニック	神奈川県	医療法人野球医学 ベースボール&スポーツクリニック	01C2412054	PRP	v40_queue							NONE	NO	1	3	0	1	https://saiseiiryo.mhlw.go.jp/published_plan/download/01C2412054/5/0	01C2412054:0:200|01C2412054:1:404|01C2412054:2:404	[]
366	812	12	9	長野県|サンマリーンクリニック	長野県	サンマリーンクリニック	01C2506002	PRP	v40_queue							NONE	NO	1	3	0	1	https://saiseiiryo.mhlw.go.jp/published_plan/download/01C2506002/5/0	01C2506002:0:200|01C2506002:1:404|01C2506002:2:404	[]
366	812	13	1	兵庫県|三輪整形外科クリニック	兵庫県	三輪整形外科クリニック	01E2101022|01E2212025	PRP	v40_queue|v41							NONE	NO	2	6	0	0	https://saiseiiryo.mhlw.go.jp/published_plan/download/01E2101022/5/0|https://saiseiiryo.mhlw.go.jp/published_plan/download/01E2212025/5/0	01E2101022:0:200|01E2101022:1:404|01E2101022:2:404|01E2212025:0:200|01E2212025:1:404|01E2212025:2:404	[]
366	812	13	2	埼玉県|医療法人社団iDさいたま新都心iD整形外科	埼玉県	医療法人社団iD さいたま新都心iD整形外科	01C2503031	PRP	v40_queue							NONE	NO	1	3	0	0	https://saiseiiryo.mhlw.go.jp/published_plan/download/01C2503031/5/0	01C2503031:0:200|01C2503031:1:404|01C2503031:2:404	[]
366	812	13	3	大阪府|医療法人村上整形外科	大阪府	医療法人村上整形外科	01E2308018|01E2308019	PRP	v41							NONE	NO	2	6	0	0	https://saiseiiryo.mhlw.go.jp/published_plan/download/01E2308018/5/0|https://saiseiiryo.mhlw.go.jp/published_plan/download/01E2308019/5/0	01E2308018:0:200|01E2308018:1:404|01E2308018:2:404|01E2308019:0:200|01E2308019:1:404|01E2308019:2:404	[]
366	812	13	4	広島県|広島大学病院	広島県	広島大学病院	02F2604001|02F2604002	PRP	v40_queue|v41							NONE	NO	2	6	0	0	https://saiseiiryo.mhlw.go.jp/published_plan/download/02F2604001/5/0|https://saiseiiryo.mhlw.go.jp/published_plan/download/02F2604002/5/0	02F2604001:0:200|02F2604001:1:404|02F2604001:2:404|02F2604002:0:200|02F2604002:1:404|02F2604002:2:404	[]
366	812	13	5	東京都|一般社団法人天美会TenviClinicGinza	東京都	一般社団法人天美会Tenvi Clinic Ginza	01C2602050	PRP	v41							NONE	NO	1	3	0	0	https://saiseiiryo.mhlw.go.jp/published_plan/download/01C2602050/5/0	01C2602050:0:200|01C2602050:1:404|01C2602050:2:404	[]
366	812	13	6	東京都|医療法人社団育生会私のクリニック目白	東京都	医療法人社団育生会 私のクリニック目白	01C2005002	PRP	v41							NONE	NO	1	3	0	1	https://saiseiiryo.mhlw.go.jp/published_plan/download/01C2005002/5/0	01C2005002:0:200|01C2005002:1:404|01C2005002:2:404	[]
366	812	13	7	栃木県|医療法人俊紅会那須高原クリニック	栃木県	医療法人俊紅会 那須高原クリニック	01C2309055|01C2310025	PRP	v40_queue							NONE	NO	2	6	0	1	https://saiseiiryo.mhlw.go.jp/published_plan/download/01C2309055/5/0|https://saiseiiryo.mhlw.go.jp/published_plan/download/01C2310025/5/0	01C2309055:0:200|01C2309055:1:404|01C2309055:2:404|01C2310025:0:200|01C2310025:1:404|01C2310025:2:404	[]
366	812	13	8	神奈川県|医療法人順正会横浜鶴ヶ峰病院付属予防医療クリニック	神奈川県	医療法人順正会 横浜鶴ヶ峰病院付属予防医療クリニック	01C2006014	PRP	v41							NONE	NO	1	3	0	1	https://saiseiiryo.mhlw.go.jp/published_plan/download/01C2006014/5/0	01C2006014:0:200|01C2006014:1:404|01C2006014:2:404	[]
366	812	13	9	長野県|佐久市立国保浅間総合病院	長野県	佐久市立国保浅間総合病院	03C2504072	PRP	v40_queue		APS|GPS	Zimmer Biomet	Zimmer Biomet		Zimmer Biomet	EXPLICIT_MHLW	YES	1	3	0	1	https://saiseiiryo.mhlw.go.jp/published_plan/download/03C2504072/5/0	03C2504072:0:200|03C2504072:1:404|03C2504072:2:404	"[{""code"": ""03C2504072"", ""idx"": 0, ""url"": ""https://saiseiiryo.mhlw.go.jp/published_plan/download/03C2504072/5/0"", ""page"": 2, ""type"": ""product"", ""hit"": ""GPS"", ""context"": ""療の方法について 本治療では、人への治療に使用することが認められた医療機器である本治療専用の遠心分離機と 専用チューブ(GPSIIIまたはAPS キット、どちらもZIMMER BIOMET 社製)を用います。治療に使用す るキットについては患者様とご相談、同意を得た上で決定を致します。 【本治療を受けることができる方】 ・保険治療では改善が見られない方で、再建手術や修復手術を希望しない場合に、以下の基準を満 たしている方が対象となります。 ・外来通院が可能であること ・インフ""}, {""code"": ""03C2504072"", ""idx"": 0, ""url"": ""https://saiseiiryo.mhlw.go.jp/published_plan/download/03C2504072/5/0"", ""page"": 2, ""type"": ""product"", ""hit"": ""APS"", ""context"": ""本治療では、人への治療に使用することが認められた医療機器である本治療専用の遠心分離機と 専用チューブ(GPSIIIまたはAPS キット、どちらもZIMMER BIOMET 社製)を用います。治療に使用す るキットについては患者様とご相談、同意を得た上で決定を致します。 【本治療を受けることができる方】 ・保険治療では改善が見られない方で、再建手術や修復手術を希望しない場合に、以下の基準を満 たしている方が対象となります。 ・外来通院が可能であること ・インフォームド・コ""}, {""code"": ""03C2504072"", ""idx"": 0, ""url"": ""https://saiseiiryo.mhlw.go.jp/published_plan/download/03C2504072/5/0"", ""page"": 2, ""type"": ""maker"", ""hit"": ""Zimmer Biomet"", ""context"": ""本治療では、人への治療に使用することが認められた医療機器である本治療専用の遠心分離機と 専用チューブ(GPSIIIまたはAPS キット、どちらもZIMMER BIOMET 社製)を用います。治療に使用す るキットについては患者様とご相談、同意を得た上で決定を致します。 【本治療を受けることができる方】 ・保険治療では改善が見られない方で、再建手術や修復手術を希望しない場合に、以下の基準を満 たしている方が対象となります。 ・外来通院が可能であること ・インフォームド・コンセントを受けていること ・この治療につい""}, {""code"": ""03C2504072"", ""idx"": 0, ""url"": ""https://saiseiiryo.mhlw.go.jp/published_plan/download/03C2504072/5/0"", ""page"": 3, ""type"": ""product"", ""hit"": ""GPS"", ""context"": ""、年齢の上限制限はありません。 ・治療痕が残りにくく、何度でも治療を受けることができます。 ・1 回の投与で修復作用が上手く働けば、 痛みの軽減や機能改善に対する長期的な効果持続が期待で きます(海外の臨床試験にて、GPSIIIシステムでは最大で6~12 ヶ月、APS キットでは最大で24 ヶ 月効果が持続していたとの報告があります) 。 治療の欠点と副作用(デメリット)について ・患者様ご自身の血液を使用するため体調や年齢などに左右され、場合によっては安定した効果が 出にくいといった欠点があります。(治療効果・効果""}, {""code"": ""03C2504072"", ""idx"": 0, ""url"": ""https://saiseiiryo.mhlw.go.jp/published_plan/download/03C2504072/5/0"", ""page"": 3, ""type"": ""product"", ""hit"": ""APS"", ""context"": ""07_説明文書同意書_佐久市立国保浅間総合病院 3.施術:患部へPRPを注入していきます。 血液採取後、投与までの間、患者様は待合室にてお待ちください。(20分程度) ※採血量は関節部位により選択致します。 APSキット 1. 採血:1キット約55mlの血液を採取します。 2. PRP分離:採取した血液を、人への治療に使用することが認められた医療機器である本治療専用 の遠心分離機と専用チューブを用いて2度遠心分離し、PRPを精製抽出します。加工されるPRPは 2.5mlです。 3. 施術:患部へPRPを注入していきます。 血液採取後、投与までの間、患者様は""}, {""code"": ""03C2504072"", ""idx"": 0, ""url"": ""https://saiseiiryo.mhlw.go.jp/published_plan/download/03C2504072/5/0"", ""page"": 5, ""type"": ""product"", ""hit"": ""GPS"", ""context"": ""【PRP】1_07_説明文書同意書_佐久市立国保浅間総合病院 PRP ヒアルロン酸注入 GPS®III APS 概要 関節腔内に投与するこ とで、 損傷した患部の疼 痛を和らげ る効果があ り、 また、組織を修復す る効果が期待される。 GPS®IIIをさらに濃縮して いるので、 関節腔内に投与 することで、 損傷した患部 の疼痛を和らげる効果や 組織を修復する効果がよ り期待される。 ヒアルロン酸は関節腔内 に注入されるとクッショ ンのよう""}, {""code"": ""03C2504072"", ""idx"": 0, ""url"": ""https://saiseiiryo.mhlw.go.jp/published_plan/download/03C2504072/5/0"", ""page"": 5, ""type"": ""product"", ""hit"": ""APS"", ""context"": ""【PRP】1_07_説明文書同意書_佐久市立国保浅間総合病院 PRP ヒアルロン酸注入 GPS®III APS 概要 関節腔内に投与するこ とで、 損傷した患部の疼 痛を和らげ る効果があ り、 また、組織を修復す る効果が期待される。 GPS®IIIをさらに濃縮して いるので、 関節腔内に投与 することで、 損傷した患部 の疼痛を和らげる効果や 組織を修復する効果がよ り期待される。 ヒアルロン酸は関節腔内 に注入されるとクッショ ンのような働きをし、 痛""}]"
366	812	14	1	兵庫県|兵庫県立リハビリテーション中央病院	兵庫県	兵庫県立リハビリテーション中央病院	03E2507022|03E2509015	PRP	v40_queue|v41							NONE	NO	2	6	0	0	https://saiseiiryo.mhlw.go.jp/published_plan/download/03E2507022/5/0|https://saiseiiryo.mhlw.go.jp/published_plan/download/03E2509015/5/0	03E2507022:0:200|03E2507022:1:404|03E2507022:2:404|03E2509015:0:200|03E2509015:1:404|03E2509015:2:404	[]
366	812	14	2	埼玉県|医療法人社団スマイル&ファインいしがみ整形外科クリニック	埼玉県	医療法人社団スマイル&ファイン いしがみ整形外科クリニック	01C2402038	PRP	v41							NONE	NO	1	3	0	0	https://saiseiiryo.mhlw.go.jp/published_plan/download/01C2402038/5/0	01C2402038:0:200|01C2402038:1:404|01C2402038:2:404	[]
366	812	14	3	大阪府|医療法人桂礼会小阪医院	大阪府	医療法人桂礼会 小阪医院	01E2408018|01E2408019	PRP	v41							NONE	NO	2	6	0	0	https://saiseiiryo.mhlw.go.jp/published_plan/download/01E2408018/5/0|https://saiseiiryo.mhlw.go.jp/published_plan/download/01E2408019/5/0	01E2408018:0:200|01E2408018:1:404|01E2408018:2:404|01E2408019:0:200|01E2408019:1:404|01E2408019:2:404	[]
366	812	14	4	愛媛県|医療法人鎌野病院	愛媛県	医療法人 鎌野病院	03F2606001|03F2606002	PRP	v40_queue							NONE	NO	2	6	0	0	https://saiseiiryo.mhlw.go.jp/published_plan/download/03F2606001/5/0|https://saiseiiryo.mhlw.go.jp/published_plan/download/03F2606002/5/0	03F2606001:0:200|03F2606001:1:404|03F2606001:2:404|03F2606002:0:200|03F2606002:1:404|03F2606002:2:404	[]
366	812	14	5	東京都|一般社団法人未来医療センターSENSHINCLINIC	東京都	一般社団法人未来医療センター  SENSHIN CLINIC	01C2506006|01C2601039|01C2602055	PRP|脂肪由来幹細胞	v41							NONE	NO	4	10	0	0	https://saiseiiryo.mhlw.go.jp/published_plan/download/01C2506006/5/0|https://saiseiiryo.mhlw.go.jp/published_plan/download/01C2601039/5/0|https://saiseiiryo.mhlw.go.jp/published_plan/download/01C2602055/5/0|https://saiseiiryo.mhlw.go.jp/published_plan/download/01C2602055/5/1	01C2506006:0:200|01C2506006:1:404|01C2506006:2:404|01C2601039:0:200|01C2601039:1:404|01C2601039:2:404|01C2602055:0:200|01C2602055:1:200|01C2602055:2:404|01C2602055:3:404	[]
366	812	14	6	東京都|医療法人社団舜成会西国立整形外科クリニック	東京都	医療法人社団舜成会   西国立整形外科クリニック	01C2207058	PRP	v41							NONE	NO	1	3	0	1	https://saiseiiryo.mhlw.go.jp/published_plan/download/01C2207058/5/0	01C2207058:0:200|01C2207058:1:404|01C2207058:2:404	[]
366	812	14	7	栃木県|医療法人健寿会小山整形外科内科クリニック	栃木県	医療法人健寿会 小山整形外科内科クリニック	02C1908009	PRP	v40_queue							NONE	NO	1	3	0	1	https://saiseiiryo.mhlw.go.jp/published_plan/download/02C1908009/5/0	02C1908009:0:200|02C1908009:1:404|02C1908009:2:404	[]
366	812	14	8	神奈川県|原整形外科医院	神奈川県	原整形外科医院	03C2412021	PRP	v41							NONE	NO	3	5	0	1	https://saiseiiryo.mhlw.go.jp/published_plan/download/03C2412021/5/0|https://saiseiiryo.mhlw.go.jp/published_plan/download/03C2412021/5/1|https://saiseiiryo.mhlw.go.jp/published_plan/download/03C2412021/5/2	03C2412021:0:200|03C2412021:1:200|03C2412021:2:200|03C2412021:3:404|03C2412021:4:404	[]
366	812	14	9	長野県|医療法人仁雄会穂高病院	長野県	医療法人仁雄会 穂高病院	01C2507002	PRP	v40_queue							NONE	NO	1	3	0	1	https://saiseiiryo.mhlw.go.jp/published_plan/download/01C2507002/5/0	01C2507002:0:200|01C2507002:1:404|01C2507002:2:404	[]
366	812	15	1	兵庫県|医療法人LIGHTKobeOCEANSClinic	兵庫県	医療法人LIGHT Kobe OCEANS Clinic	01E2303021|01E2303022	PRP|脂肪由来幹細胞	v40_queue							NONE	NO	4	8	0	0	https://saiseiiryo.mhlw.go.jp/published_plan/download/01E2303021/5/0|https://saiseiiryo.mhlw.go.jp/published_plan/download/01E2303021/5/1|https://saiseiiryo.mhlw.go.jp/published_plan/download/01E2303021/5/2|https://saiseiiryo.mhlw.go.jp/published_plan/download/01E2303022/5/0	01E2303021:0:200|01E2303021:1:200|01E2303021:2:200|01E2303021:3:404|01E2303021:4:404|01E2303022:0:200|01E2303022:1:404|01E2303022:2:404	[]
366	812	15	2	埼玉県|医療法人社団南越谷病院	埼玉県	医療法人社団南越谷病院	01C2102010|01C2102011	PRP	v41							NONE	NO	2	6	0	0	https://saiseiiryo.mhlw.go.jp/published_plan/download/01C2102010/5/0|https://saiseiiryo.mhlw.go.jp/published_plan/download/01C2102011/5/0	01C2102010:0:200|01C2102010:1:404|01C2102010:2:404|01C2102011:0:200|01C2102011:1:404|01C2102011:2:404	[]
366	812	15	3	大阪府|医療法人桜希会東朋八尾健診クリニック	大阪府	医療法人桜希会 東朋八尾健診クリニック	03E2405011	PRP	v41							NONE	NO	1	3	0	0	https://saiseiiryo.mhlw.go.jp/published_plan/download/03E2405011/5/0	03E2405011:0:200|03E2405011:1:404|03E2405011:2:404	[]
366	812	15	4	愛媛県|医療法人補天会光生クリニック	愛媛県	医療法人補天会 光生クリニック	03F2501002|03F2501003	PRP	v40_queue							NONE	NO	4	8	0	0	https://saiseiiryo.mhlw.go.jp/published_plan/download/03F2501002/5/0|https://saiseiiryo.mhlw.go.jp/published_plan/download/03F2501003/5/0|https://saiseiiryo.mhlw.go.jp/published_plan/download/03F2501003/5/1|https://saiseiiryo.mhlw.go.jp/published_plan/download/03F2501003/5/2	03F2501002:0:200|03F2501002:1:404|03F2501002:2:404|03F2501003:0:200|03F2501003:1:200|03F2501003:2:200|03F2501003:3:404|03F2501003:4:404	[]
366	812	15	5	東京都|一般社団法人東京LAB高輪ゲートウェイ駅前整形外科クリニック	東京都	一般社団法人東京LAB 高輪ゲートウェイ駅前整形外科クリニック	01C2601048|01C2603033	PRP	v40_queue|v41		Condensia		京セラ		京セラ	VALIDATED_PRODUCT_MAP	YES	2	6	0	0	https://saiseiiryo.mhlw.go.jp/published_plan/download/01C2601048/5/0|https://saiseiiryo.mhlw.go.jp/published_plan/download/01C2603033/5/0	01C2601048:0:200|01C2601048:1:404|01C2601048:2:404|01C2603033:0:200|01C2603033:1:404|01C2603033:2:404	"[{""code"": ""01C2601048"", ""idx"": 0, ""url"": ""https://saiseiiryo.mhlw.go.jp/published_plan/download/01C2601048/5/0"", ""page"": 2, ""type"": ""product"", ""hit"": ""Condensia"", ""context"": ""治療の方法について (治療の流れ) 採血 ⇒ PRP 分離 ⇒ 施術 すべての治療は当日中に完了します。 Condensia システム: 1.採血:1 キット約 20ml の血液を採取します。 2.PRP分離採取した血液を、人への治療に使用することが認められた医療機器である遠 心分離機と専用キットを用いて遠心しPRPを精製抽出します。 3.施術:患部へPRPを注入していきます。 ※血液採取後、投与までの間、患者様は待合室にてお待ちください。 (20~30 分程度)""}, {""code"": ""01C2603033"", ""idx"": 0, ""url"": ""https://saiseiiryo.mhlw.go.jp/published_plan/download/01C2603033/5/0"", ""page"": 2, ""type"": ""product"", ""hit"": ""Condensia"", ""context"": ""治療の方法について 【治療の流れ】 採血 ⇒ PRP 抽出 ⇒ 施術 すべての治療は当日中に完了します。 Condensia システム: 1.採血:1 キット約 20ml の血液を採取します。 2.PRP分離採取した血液を、人への治療に使用することが認められた医療機器である遠心分離 機と専用キットを用いて遠心しPRPを精製抽出します。 3.施術:患部へPRPを注入していきます。 ※採血量は関節部位により選択致します。 ※PRP投与後、約30分院内で安静にして頂いた後、ご""}]"
366	812	15	6	東京都|医療法人社団色空会お茶の水整形外科機能リハビリテーションクリニック	東京都	医療法人社団色空会 お茶の水整形外科機能リハビリテーションクリニック	01C2602027	PRP	v41							NONE	NO	1	3	0	1	https://saiseiiryo.mhlw.go.jp/published_plan/download/01C2602027/5/0	01C2602027:0:200|01C2602027:1:404|01C2602027:2:404	[]
366	812	15	7	栃木県|医療法人恭友会はせがわ整形外科クリニック	栃木県	医療法人恭友会 はせがわ整形外科クリニック	01C2502004|02C2502053	PRP	v40_queue|v41	PRP						NONE	NO	4	8	0	1	https://saiseiiryo.mhlw.go.jp/published_plan/download/01C2502004/5/0|https://saiseiiryo.mhlw.go.jp/published_plan/download/02C2502053/5/0|https://saiseiiryo.mhlw.go.jp/published_plan/download/02C2502053/5/1|https://saiseiiryo.mhlw.go.jp/published_plan/download/02C2502053/5/2	01C2502004:0:200|01C2502004:1:404|01C2502004:2:404|02C2502053:0:200|02C2502053:1:200|02C2502053:2:200|02C2502053:3:404|02C2502053:4:404	[]
366	812	15	8	神奈川県|山下公園スパインクリニック	神奈川県	山下公園スパインクリニック	02C2602044|02C2603016	PRP	v41							NONE	NO	2	6	0	1	https://saiseiiryo.mhlw.go.jp/published_plan/download/02C2602044/5/0|https://saiseiiryo.mhlw.go.jp/published_plan/download/02C2603016/5/0	02C2602044:0:200|02C2602044:1:404|02C2602044:2:404|02C2603016:0:200|02C2603016:1:404|02C2603016:2:404	[]
366	812	15	9	長野県|医療法人弘仁会かもいクリニック	長野県	医療法人弘仁会 かもいクリニック	01C2210029|01C2210030	PRP	v40_queue							NONE	NO	2	6	0	1	https://saiseiiryo.mhlw.go.jp/published_plan/download/01C2210029/5/0|https://saiseiiryo.mhlw.go.jp/published_plan/download/01C2210030/5/0	01C2210029:0:200|01C2210029:1:404|01C2210029:2:404|01C2210030:0:200|01C2210030:1:404|01C2210030:2:404	[]
366	812	16	1	兵庫県|医療法人社団中神クリニック	兵庫県	医療法人社団 中神クリニック	03E2305041	PRP	v40_queue							NONE	NO	3	5	0	0	https://saiseiiryo.mhlw.go.jp/published_plan/download/03E2305041/5/0|https://saiseiiryo.mhlw.go.jp/published_plan/download/03E2305041/5/1|https://saiseiiryo.mhlw.go.jp/published_plan/download/03E2305041/5/2	03E2305041:0:200|03E2305041:1:200|03E2305041:2:200|03E2305041:3:404|03E2305041:4:404	[]
366	812	16	2	埼玉県|医療法人社団幸祥会東整形外科	埼玉県	医療法人社団幸祥会 東整形外科	02C2607073	PRP	v41		APS|Condensia|GPS		Zimmer Biomet|京セラ		Zimmer Biomet|京セラ	VALIDATED_PRODUCT_MAP	YES	1	3	0	0	https://saiseiiryo.mhlw.go.jp/published_plan/download/02C2607073/5/0	02C2607073:0:200|02C2607073:1:404|02C2607073:2:404	"[{""code"": ""02C2607073"", ""idx"": 0, ""url"": ""https://saiseiiryo.mhlw.go.jp/published_plan/download/02C2607073/5/0"", ""page"": 2, ""type"": ""product"", ""hit"": ""GPS"", ""context"": ""細胞増殖因子(FGF) 内皮細胞および線維芽細胞の増殖を促進します。血管形成を刺激します。 治療の方法について 【治療の流れ】 採血 ⇒ PRP 抽出 ⇒ 施術 すべての治療は当日中に完了します。 GPSIIIシステム 1. 採血:1 キット約 26ml または 52ml の血液を採取します。 2. PRP 分離:採取した血液を、人への治療に使用することが認められた医療機器である本治療専 用の遠心分離機と専用チューブを用いて遠心し PRP を精製抽出します。 加工される PRP は 3ml ま た は 6ml です。 3. 施術:患部へ PRP を注入していきます""}, {""code"": ""02C2607073"", ""idx"": 0, ""url"": ""https://saiseiiryo.mhlw.go.jp/published_plan/download/02C2607073/5/0"", ""page"": 2, ""type"": ""product"", ""hit"": ""APS"", ""context"": ""れた医療機器である本治療専 用の遠心分離機と専用チューブを用いて遠心し PRP を精製抽出します。 加工される PRP は 3ml ま た は 6ml です。 3. 施術:患部へ PRP を注入していきます。 APS キット 1. 採血:1 キット 約 55ml の血液を採取します。 2. PRP 分離:採取した血液を、人への治療に使用することが認められた医療機器である本治療 専用の遠心分離機と専用チューブを用いて 2 度遠心分離し、より高濃度な PRP を 精製抽出します。加工される PRP は 2.5ml です。 3. 施術:患部へ PRP を注入していきます""}, {""code"": ""02C2607073"", ""idx"": 0, ""url"": ""https://saiseiiryo.mhlw.go.jp/published_plan/download/02C2607073/5/0"", ""page"": 2, ""type"": ""product"", ""hit"": ""Condensia"", ""context"": ""機器である本治療 専用の遠心分離機と専用チューブを用いて 2 度遠心分離し、より高濃度な PRP を 精製抽出します。加工される PRP は 2.5ml です。 3. 施術:患部へ PRP を注入していきます。 Condensia システム 1. 採血:1 キット最大 20ml の血液を採取します。 2. PRP 分離:採取した血液を、人への治療に使用することが認められた医療機器である本治療 専用の容器と遠心分離機を用いて 2 度遠心分離し、PRP を精製抽出します。 加工される PRP は 1-4ml です。 3. 施術:患部へ PRP を注入していきます。 ※""}, {""code"": ""02C2607073"", ""idx"": 0, ""url"": ""https://saiseiiryo.mhlw.go.jp/published_plan/download/02C2607073/5/0"", ""page"": 3, ""type"": ""product"", ""hit"": ""GPS"", ""context"": ""3 治療 比較表 PRP ヒアルロン酸注入 Condensia GPS®III APS 概要 関 節 腔 内 に 投 与 す る こ と で、損傷した患部の疼痛を和 らげる効果があ り、また、組 織を修復する効果が期待され る。 GPS®IIIをさらに濃縮し ているので、関節腔内に 投与することで、損傷し た患部の疼痛を和らげ る効果や組織を修復す る効果がよ り期待され る。 ヒ ア ル ロ ン 酸""}, {""code"": ""02C2607073"", ""idx"": 0, ""url"": ""https://saiseiiryo.mhlw.go.jp/published_plan/download/02C2607073/5/0"", ""page"": 3, ""type"": ""product"", ""hit"": ""APS"", ""context"": ""3 治療 比較表 PRP ヒアルロン酸注入 Condensia GPS®III APS 概要 関 節 腔 内 に 投 与 す る こ と で、損傷した患部の疼痛を和 らげる効果があ り、また、組 織を修復する効果が期待され る。 GPS®IIIをさらに濃縮し ているので、関節腔内に 投与することで、損傷し た患部の疼痛を和らげ る効果や組織を修復す る効果がよ り期待され る。 ヒ ア ル ロ ン 酸 は 関 節 腔""}, {""code"": ""02C2607073"", ""idx"": 0, ""url"": ""https://saiseiiryo.mhlw.go.jp/published_plan/download/02C2607073/5/0"", ""page"": 3, ""type"": ""product"", ""hit"": ""Condensia"", ""context"": ""3 治療 比較表 PRP ヒアルロン酸注入 Condensia GPS®III APS 概要 関 節 腔 内 に 投 与 す る こ と で、損傷した患部の疼痛を和 らげる効果があ り、また、組 織を修復する効果が期待され る。 GPS®IIIをさらに濃縮し ているので、関節腔内に 投与することで、損傷し た患部の疼痛を和らげ る効果や組織を修復す る効果がよ り期待され る。 ヒ ア ル ロ""}]"
366	812	16	3	大阪府|医療法人生樹会渡辺病院	大阪府	医療法人生樹会 渡辺病院	01E2412014	PRP	v41							NONE	NO	1	3	0	0	https://saiseiiryo.mhlw.go.jp/published_plan/download/01E2412014/5/0	01E2412014:0:200|01E2412014:1:404|01E2412014:2:404	[]
366	812	16	4	愛媛県|社会医療法人石川記念会HITO病院	愛媛県	社会医療法人石川記念会 HITO病院	03F2405001|03F2405002	PRP	v40_queue		APS|GPS	Zimmer Biomet	Zimmer Biomet		Zimmer Biomet	EXPLICIT_MHLW	YES	2	6	0	0	https://saiseiiryo.mhlw.go.jp/published_plan/download/03F2405001/5/0|https://saiseiiryo.mhlw.go.jp/published_plan/download/03F2405002/5/0	03F2405001:0:200|03F2405001:1:404|03F2405001:2:404|03F2405002:0:200|03F2405002:1:404|03F2405002:2:404	"[{""code"": ""03F2405001"", ""idx"": 0, ""url"": ""https://saiseiiryo.mhlw.go.jp/published_plan/download/03F2405001/5/0"", ""page"": 2, ""type"": ""product"", ""hit"": ""GPS"", ""context"": ""療の方法について 本治療では、人への治療に使用することが認められた医療機器である本治療専用の遠心分離機と 専用チューブ(GPSIIIまたはAPS キット、どちらもZIMMER BIOMET 社製)を用います。治療に使用す るキットについては患者様とご相談、同意を得た上で決定を致します。 (治療の流れ) 採血 ⇒ PRP 抽出 ⇒ 施術 すべての治療は当日中に完了します。場合によって局部麻酔を行うことがあります。 GPSIIIシステム 1.採血:1キット約26ml(min""}, {""code"": ""03F2405001"", ""idx"": 0, ""url"": ""https://saiseiiryo.mhlw.go.jp/published_plan/download/03F2405001/5/0"", ""page"": 2, ""type"": ""product"", ""hit"": ""APS"", ""context"": ""本治療では、人への治療に使用することが認められた医療機器である本治療専用の遠心分離機と 専用チューブ(GPSIIIまたはAPS キット、どちらもZIMMER BIOMET 社製)を用います。治療に使用す るキットについては患者様とご相談、同意を得た上で決定を致します。 (治療の流れ) 採血 ⇒ PRP 抽出 ⇒ 施術 すべての治療は当日中に完了します。場合によって局部麻酔を行うことがあります。 GPSIIIシステム 1.採血:1キット約26ml(mini用)または""}, {""code"": ""03F2405001"", ""idx"": 0, ""url"": ""https://saiseiiryo.mhlw.go.jp/published_plan/download/03F2405001/5/0"", ""page"": 2, ""type"": ""maker"", ""hit"": ""Zimmer Biomet"", ""context"": ""本治療では、人への治療に使用することが認められた医療機器である本治療専用の遠心分離機と 専用チューブ(GPSIIIまたはAPS キット、どちらもZIMMER BIOMET 社製)を用います。治療に使用す るキットについては患者様とご相談、同意を得た上で決定を致します。 (治療の流れ) 採血 ⇒ PRP 抽出 ⇒ 施術 すべての治療は当日中に完了します。場合によって局部麻酔を行うことがあります。 GPSIIIシステム 1.採血:1キット約26ml(mini用)または52ml(standard用)の血液を採取し""}, {""code"": ""03F2405001"", ""idx"": 0, ""url"": ""https://saiseiiryo.mhlw.go.jp/published_plan/download/03F2405001/5/0"", ""page"": 3, ""type"": ""product"", ""hit"": ""GPS"", ""context"": ""、年齢の上限制限はありません。 ・治療痕が残りにくく、何度でも治療を受けることができます。 ・1 回の投与で修復作用が上手く働けば、 痛みの軽減や機能改善に対する長期的な効果持続が期待で きます(海外の臨床試験にて、GPSIIIシステムでは最大で6~12 ヶ月、APS キットでは最大で24 ヶ 月効果が持続していたとの報告があります) 。 治療の欠点と副作用(デメリット)について ・患者様ご自身の血液を使用するため体調や年齢などに左右され、場合によっては安定した効果が 出にくいといった欠点があります。(治療効果・効果""}, {""code"": ""03F2405001"", ""idx"": 0, ""url"": ""https://saiseiiryo.mhlw.go.jp/published_plan/download/03F2405001/5/0"", ""page"": 3, ""type"": ""product"", ""hit"": ""APS"", ""context"": ""りにくく、何度でも治療を受けることができます。 ・1 回の投与で修復作用が上手く働けば、 痛みの軽減や機能改善に対する長期的な効果持続が期待で きます(海外の臨床試験にて、GPSIIIシステムでは最大で6~12 ヶ月、APS キットでは最大で24 ヶ 月効果が持続していたとの報告があります) 。 治療の欠点と副作用(デメリット)について ・患者様ご自身の血液を使用するため体調や年齢などに左右され、場合によっては安定した効果が 出にくいといった欠点があります。(治療効果・効果の持続期間には個人差があります)""}, {""code"": ""03F2405001"", ""idx"": 0, ""url"": ""https://saiseiiryo.mhlw.go.jp/published_plan/download/03F2405001/5/0"", ""page"": 4, ""type"": ""product"", ""hit"": ""GPS"", ""context"": ""【PRP】1_07_説明文書同意書_HITO 病院 PRP ヒアルロン酸注入 GPS®III APS 概要 関節腔内に投与するこ とで、 損傷した患部の疼 痛を和らげ る効果があ り、 また、組織を修復す る効果が期待される。 GPS®IIIをさらに濃縮して いるので、 関節腔内に投与 することで、 損傷した患部 の疼痛を和らげる効果や 組織を修復する効果がよ り期待される。 ヒアルロン酸は関節腔内 に注入されるとクッショ ンのよう""}, {""code"": ""03F2405001"", ""idx"": 0, ""url"": ""https://saiseiiryo.mhlw.go.jp/published_plan/download/03F2405001/5/0"", ""page"": 4, ""type"": ""product"", ""hit"": ""APS"", ""context"": ""【PRP】1_07_説明文書同意書_HITO 病院 PRP ヒアルロン酸注入 GPS®III APS 概要 関節腔内に投与するこ とで、 損傷した患部の疼 痛を和らげ る効果があ り、 また、組織を修復す る効果が期待される。 GPS®IIIをさらに濃縮して いるので、 関節腔内に投与 することで、 損傷した患部 の疼痛を和らげる効果や 組織を修復する効果がよ り期待される。 ヒアルロン酸は関節腔内 に注入されるとクッショ ンのような働きをし、 痛""}, {""code"": ""03F2405001"", ""idx"": 0, ""url"": ""https://saiseiiryo.mhlw.go.jp/published_plan/download/03F2405001/5/0"", ""page"": 7, ""type"": ""product"", ""hit"": ""GPS"", ""context"": "")の提供を受けることについて、「再生医療等提供のご説明」に沿って以下の説明 を受けました。 □再生医療等の内容及び目的について □再生医療等に使用する PRP について (今回の治療で使用するキット名称: □GPS®IIIシステム □APS キット) □再生医療等を受けることによる効果、危険について □他の治療法について □再生医療等を受けることを拒否することができること □再生医療等を受けることの拒否、同意の撤回により、不利益な扱いを受けないこと □採取した血液の保管及び廃棄について □健康・遺伝的特徴等の重要な知見が得られた場合の取り扱いについて""}, {""code"": ""03F2405001"", ""idx"": 0, ""url"": ""https://saiseiiryo.mhlw.go.jp/published_plan/download/03F2405001/5/0"", ""page"": 7, ""type"": ""product"", ""hit"": ""APS"", ""context"": ""いて、「再生医療等提供のご説明」に沿って以下の説明 を受けました。 □再生医療等の内容及び目的について □再生医療等に使用する PRP について (今回の治療で使用するキット名称: □GPS®IIIシステム □APS キット) □再生医療等を受けることによる効果、危険について □他の治療法について □再生医療等を受けることを拒否することができること □再生医療等を受けることの拒否、同意の撤回により、不利益な扱いを受けないこと □採取した血液の保管及び廃棄について □健康・遺伝的特徴等の重要な知見が得られた場合の取り扱いについて □再生医療等にて得られた試""}]"
366	812	16	5	東京都|一般社団法人東京リライフ東京リライフクリニック	東京都	一般社団法人東京リライフ 東京リライフクリニック	02C2602047|03C2603001|03C2603002	PRP|脂肪由来幹細胞	v40_queue|v41	PRP|脂肪由来幹細胞						NONE	NO	3	9	0	0	https://saiseiiryo.mhlw.go.jp/published_plan/download/02C2602047/5/0|https://saiseiiryo.mhlw.go.jp/published_plan/download/03C2603001/5/0|https://saiseiiryo.mhlw.go.jp/published_plan/download/03C2603002/5/0	02C2602047:0:200|02C2602047:1:404|02C2602047:2:404|03C2603001:0:200|03C2603001:1:404|03C2603001:2:404|03C2603002:0:200|03C2603002:1:404|03C2603002:2:404	[]
366	812	16	6	東京都|医療法人社団誠心会Re:BornClinic銀座院	東京都	医療法人社団誠心会  Re:Born Clinic 銀座院	02C2509032|02C2509040|02C2509048	PRP|脂肪由来幹細胞	v41	PRP|脂肪由来幹細胞						NONE	NO	9	15	0	1	https://saiseiiryo.mhlw.go.jp/published_plan/download/02C2509032/5/0|https://saiseiiryo.mhlw.go.jp/published_plan/download/02C2509032/5/1|https://saiseiiryo.mhlw.go.jp/published_plan/download/02C2509032/5/2|https://saiseiiryo.mhlw.go.jp/published_plan/download/02C2509040/5/0|https://saiseiiryo.mhlw.go.jp/published_plan/download/02C2509040/5/1|https://saiseiiryo.mhlw.go.jp/published_plan/download/02C2509040/5/2|https://saiseiiryo.mhlw.go.jp/published_plan/download/02C2509048/5/0|https://saiseiiryo.mhlw.go.jp/published_plan/download/02C2509048/5/1|https://saiseiiryo.mhlw.go.jp/published_plan/download/02C2509048/5/2	02C2509032:0:200|02C2509032:1:200|02C2509032:2:200|02C2509032:3:404|02C2509032:4:404|02C2509040:0:200|02C2509040:1:200|02C2509040:2:200|02C2509040:3:404|02C2509040:4:404|02C2509048:0:200|02C2509048:1:200|02C2509048:2:200|02C2509048:3:404|02C2509048:4:404	[]
366	812	16	7	栃木県|医療法人親仁会佐藤病院	栃木県	医療法人親仁会 佐藤病院	01C2306023|01C2307023	PRP	v40_queue|v41	PRP						NONE	NO	6	10	0	1	https://saiseiiryo.mhlw.go.jp/published_plan/download/01C2306023/5/0|https://saiseiiryo.mhlw.go.jp/published_plan/download/01C2306023/5/1|https://saiseiiryo.mhlw.go.jp/published_plan/download/01C2306023/5/2|https://saiseiiryo.mhlw.go.jp/published_plan/download/01C2307023/5/0|https://saiseiiryo.mhlw.go.jp/published_plan/download/01C2307023/5/1|https://saiseiiryo.mhlw.go.jp/published_plan/download/01C2307023/5/2	01C2306023:0:200|01C2306023:1:200|01C2306023:2:200|01C2306023:3:404|01C2306023:4:404|01C2307023:0:200|01C2307023:1:200|01C2307023:2:200|01C2307023:3:404|01C2307023:4:404	[]
366	812	16	8	神奈川県|東海大学医学部付属病院	神奈川県	東海大学医学部付属病院	03C2604001	PRP	v40_queue							NONE	NO	1	3	0	1	https://saiseiiryo.mhlw.go.jp/published_plan/download/03C2604001/5/0	03C2604001:0:200|03C2604001:1:404|03C2604001:2:404	[]
366	812	16	9	長野県|医療法人都甲クリニック	長野県	医療法人都甲クリニック	01C2308046|01C2308047	PRP	v40_queue							NONE	NO	2	6	0	1	https://saiseiiryo.mhlw.go.jp/published_plan/download/01C2308046/5/0|https://saiseiiryo.mhlw.go.jp/published_plan/download/01C2308047/5/0	01C2308046:0:200|01C2308046:1:404|01C2308046:2:404|01C2308047:0:200|01C2308047:1:404|01C2308047:2:404	[]
366	812	17	1	兵庫県|医療法人社団武部整形外科リハビリテーション	兵庫県	医療法人社団武部整形外科リハビリテーション	01E2109006|01E2110023	PRP	v40_queue|v41							NONE	NO	2	6	0	0	https://saiseiiryo.mhlw.go.jp/published_plan/download/01E2109006/5/0|https://saiseiiryo.mhlw.go.jp/published_plan/download/01E2110023/5/0	01E2109006:0:200|01E2109006:1:404|01E2109006:2:404|01E2110023:0:200|01E2110023:1:404|01E2110023:2:404	[]
366	812	17	2	埼玉県|医療法人社団愛友会三郷中央総合病院	埼玉県	医療法人社団愛友会 三郷中央総合病院	03C2412018	PRP	v40_queue		APS|GPS	Zimmer Biomet	Zimmer Biomet		Zimmer Biomet	EXPLICIT_MHLW	YES	1	3	0	0	https://saiseiiryo.mhlw.go.jp/published_plan/download/03C2412018/5/0	03C2412018:0:200|03C2412018:1:404|03C2412018:2:404	"[{""code"": ""03C2412018"", ""idx"": 0, ""url"": ""https://saiseiiryo.mhlw.go.jp/published_plan/download/03C2412018/5/0"", ""page"": 2, ""type"": ""product"", ""hit"": ""GPS"", ""context"": ""療の方法について 本治療では、人への治療に使用することが認められた医療機器である本治療専用の遠心分離機と 専用チューブ(GPSIIIまたはAPS キット、どちらもZIMMER BIOMET 社製)を用います。治療に使用す るキットについては患者様とご相談、同意を得た上で決定を致します。 (治療の流れ) 採血 ⇒ PRP 抽出 ⇒ 施術 すべての治療は当日中に完了します。場合によって局部麻酔を行うことがあります。 GPSIIIシステム 1.採血:1 キット約26ml また""}, {""code"": ""03C2412018"", ""idx"": 0, ""url"": ""https://saiseiiryo.mhlw.go.jp/published_plan/download/03C2412018/5/0"", ""page"": 2, ""type"": ""product"", ""hit"": ""APS"", ""context"": ""本治療では、人への治療に使用することが認められた医療機器である本治療専用の遠心分離機と 専用チューブ(GPSIIIまたはAPS キット、どちらもZIMMER BIOMET 社製)を用います。治療に使用す るキットについては患者様とご相談、同意を得た上で決定を致します。 (治療の流れ) 採血 ⇒ PRP 抽出 ⇒ 施術 すべての治療は当日中に完了します。場合によって局部麻酔を行うことがあります。 GPSIIIシステム 1.採血:1 キット約26ml または 52ml""}, {""code"": ""03C2412018"", ""idx"": 0, ""url"": ""https://saiseiiryo.mhlw.go.jp/published_plan/download/03C2412018/5/0"", ""page"": 2, ""type"": ""maker"", ""hit"": ""Zimmer Biomet"", ""context"": ""本治療では、人への治療に使用することが認められた医療機器である本治療専用の遠心分離機と 専用チューブ(GPSIIIまたはAPS キット、どちらもZIMMER BIOMET 社製)を用います。治療に使用す るキットについては患者様とご相談、同意を得た上で決定を致します。 (治療の流れ) 採血 ⇒ PRP 抽出 ⇒ 施術 すべての治療は当日中に完了します。場合によって局部麻酔を行うことがあります。 GPSIIIシステム 1.採血:1 キット約26ml または 52ml の血液を採取します。 2. PRP 分離""}, {""code"": ""03C2412018"", ""idx"": 0, ""url"": ""https://saiseiiryo.mhlw.go.jp/published_plan/download/03C2412018/5/0"", ""page"": 3, ""type"": ""product"", ""hit"": ""GPS"", ""context"": ""、年齢の上限制限はありません。 ・治療痕が残りにくく、何度でも治療を受けることができます。 ・1 回の投与で修復作用が上手く働けば、 痛みの軽減や機能改善に対する長期的な効果持続が期待で きます(海外の臨床試験にて、GPSIIIシステムでは最大で6~12 ヶ月、APS キットでは最大で24 ヶ 月効果が持続していたとの報告があります) 。 治療の欠点と副作用(デメリット)について ・患者様ご自身の血液を使用するため体調や年齢などに左右され、場合によっては安定した効果が 出にくいといった欠点があります。(治療効果・効果""}, {""code"": ""03C2412018"", ""idx"": 0, ""url"": ""https://saiseiiryo.mhlw.go.jp/published_plan/download/03C2412018/5/0"", ""page"": 3, ""type"": ""product"", ""hit"": ""APS"", ""context"": ""りにくく、何度でも治療を受けることができます。 ・1 回の投与で修復作用が上手く働けば、 痛みの軽減や機能改善に対する長期的な効果持続が期待で きます(海外の臨床試験にて、GPSIIIシステムでは最大で6~12 ヶ月、APS キットでは最大で24 ヶ 月効果が持続していたとの報告があります) 。 治療の欠点と副作用(デメリット)について ・患者様ご自身の血液を使用するため体調や年齢などに左右され、場合によっては安定した効果が 出にくいといった欠点があります。(治療効果・効果の持続期間には個人差があります)""}, {""code"": ""03C2412018"", ""idx"": 0, ""url"": ""https://saiseiiryo.mhlw.go.jp/published_plan/download/03C2412018/5/0"", ""page"": 4, ""type"": ""product"", ""hit"": ""GPS"", ""context"": ""【PRP】1_07_説明文書同意書_三郷中央総合病院 PRP ヒアルロン酸注入 GPS®III APS 概要 関節腔内に投与すること で、損傷した患部の疼痛 を和らげる効果があり、 また、組織を修復する 効 果が期待される。 GPS®IIIをさらに濃縮して いるので、関節腔内に投与 することで、損傷した患部 の疼痛を和らげる効果や組 織を修復する効果がより期 待される。 ヒアルロン酸は関節腔内に 注入されるとクッションの ような働きを""}, {""code"": ""03C2412018"", ""idx"": 0, ""url"": ""https://saiseiiryo.mhlw.go.jp/published_plan/download/03C2412018/5/0"", ""page"": 4, ""type"": ""product"", ""hit"": ""APS"", ""context"": ""【PRP】1_07_説明文書同意書_三郷中央総合病院 PRP ヒアルロン酸注入 GPS®III APS 概要 関節腔内に投与すること で、損傷した患部の疼痛 を和らげる効果があり、 また、組織を修復する 効 果が期待される。 GPS®IIIをさらに濃縮して いるので、関節腔内に投与 することで、損傷した患部 の疼痛を和らげる効果や組 織を修復する効果がより期 待される。 ヒアルロン酸は関節腔内に 注入されるとクッションの ような働きをし、痛みを和 ら""}, {""code"": ""03C2412018"", ""idx"": 0, ""url"": ""https://saiseiiryo.mhlw.go.jp/published_plan/download/03C2412018/5/0"", ""page"": 7, ""type"": ""product"", ""hit"": ""GPS"", ""context"": ""」 )の提供を受けることについて、「再生医療等提供のご説明」に沿って以下の説明 を受けました。 □再生医療等の内容及び目的について □再生医療等に使用する PRP について (今回の治療で使用するキット名称:□GPS®IIIシステム□APS キット) □再生医療等を受けることによる効果、危険について □他の治療法について □再生医療等を受けることを拒否することができること □再生医療等を受けることの拒否、同意の撤回により、不利益な扱いを受けないこと □同意の撤回について □採取した血液の保管及び廃棄について □健康・遺伝的特徴等の重要な知見が得られた場合""}, {""code"": ""03C2412018"", ""idx"": 0, ""url"": ""https://saiseiiryo.mhlw.go.jp/published_plan/download/03C2412018/5/0"", ""page"": 7, ""type"": ""product"", ""hit"": ""APS"", ""context"": ""について、「再生医療等提供のご説明」に沿って以下の説明 を受けました。 □再生医療等の内容及び目的について □再生医療等に使用する PRP について (今回の治療で使用するキット名称:□GPS®IIIシステム□APS キット) □再生医療等を受けることによる効果、危険について □他の治療法について □再生医療等を受けることを拒否することができること □再生医療等を受けることの拒否、同意の撤回により、不利益な扱いを受けないこと □同意の撤回について □採取した血液の保管及び廃棄について □健康・遺伝的特徴等の重要な知見が得られた場合の取り扱いについて □""}]"
366	812	17	3	大阪府|医療法人社団彦星会健都よねだスポーツ整形外科	大阪府	医療法人社団彦星会 健都よねだスポーツ整形外科	01E2503011	PRP	v40_queue							NONE	NO	1	3	0	0	https://saiseiiryo.mhlw.go.jp/published_plan/download/01E2503011/5/0	01E2503011:0:200|01E2503011:1:404|01E2503011:2:404	[]
366	812	17	4	愛知県|HIMECLINIC	愛知県	HIME CLINIC	01D2603004	PRP	v41	PRP						NONE	NO	3	5	0	0	https://saiseiiryo.mhlw.go.jp/published_plan/download/01D2603004/5/0|https://saiseiiryo.mhlw.go.jp/published_plan/download/01D2603004/5/1|https://saiseiiryo.mhlw.go.jp/published_plan/download/01D2603004/5/2	01D2603004:0:200|01D2603004:1:200|01D2603004:2:200|01D2603004:3:404|01D2603004:4:404	[]
366	812	17	5	東京都|一般社団法人雲動会あおぞらクリニック整形外科	東京都	一般社団法人雲動会 あおぞらクリニック整形外科	01C2503018|01C2503021|01C2508095	PRP|脂肪由来幹細胞	v40_queue|v41							NONE	NO	3	9	0	0	https://saiseiiryo.mhlw.go.jp/published_plan/download/01C2503018/5/0|https://saiseiiryo.mhlw.go.jp/published_plan/download/01C2503021/5/0|https://saiseiiryo.mhlw.go.jp/published_plan/download/01C2508095/5/0	01C2503018:0:200|01C2503018:1:404|01C2503018:2:404|01C2503021:0:200|01C2503021:1:404|01C2503021:2:404|01C2508095:0:200|01C2508095:1:404|01C2508095:2:404	[]
366	812	17	6	東京都|医療法人社団豊饒会RDクリニック東京銀座	東京都	医療法人社団豊饒会RDクリニック東京銀座	02C2501001|02C2512006	PRP|脂肪由来幹細胞	v41	PRP|脂肪由来幹細胞						NONE	NO	4	8	0	1	https://saiseiiryo.mhlw.go.jp/published_plan/download/02C2501001/5/0|https://saiseiiryo.mhlw.go.jp/published_plan/download/02C2501001/5/1|https://saiseiiryo.mhlw.go.jp/published_plan/download/02C2512006/5/0|https://saiseiiryo.mhlw.go.jp/published_plan/download/02C2512006/5/1	02C2501001:0:200|02C2501001:1:200|02C2501001:2:404|02C2501001:3:404|02C2512006:0:200|02C2512006:1:200|02C2512006:2:404|02C2512006:3:404	[]
366	812	17	7	栃木県|学校法人獨協学園獨協医科大学病院	栃木県	学校法人 獨協学園  獨協医科大学病院	02C2604070|02C2604078	PRP	v40_queue|v41							NONE	NO	2	6	0	1	https://saiseiiryo.mhlw.go.jp/published_plan/download/02C2604070/5/0|https://saiseiiryo.mhlw.go.jp/published_plan/download/02C2604078/5/0	02C2604070:0:200|02C2604070:1:404|02C2604070:2:404|02C2604078:0:200|02C2604078:1:404|02C2604078:2:404	[]
366	812	17	8	神奈川県|横浜市立大学附属病院	神奈川県	横浜市立大学附属病院	02C2411019	PRP	v41							NONE	NO	2	4	0	1	https://saiseiiryo.mhlw.go.jp/published_plan/download/02C2411019/5/0|https://saiseiiryo.mhlw.go.jp/published_plan/download/02C2411019/5/1	02C2411019:0:200|02C2411019:1:200|02C2411019:2:404|02C2411019:3:404	[]
366	812	17	9	長野県|医療法人雨宮病院	長野県	医療法人雨宮病院	01C2206051|01C2206052	PRP	v40_queue							NONE	NO	4	8	0	1	https://saiseiiryo.mhlw.go.jp/published_plan/download/01C2206051/5/0|https://saiseiiryo.mhlw.go.jp/published_plan/download/01C2206051/5/1|https://saiseiiryo.mhlw.go.jp/published_plan/download/01C2206052/5/0|https://saiseiiryo.mhlw.go.jp/published_plan/download/01C2206052/5/1	01C2206051:0:200|01C2206051:1:200|01C2206051:2:404|01C2206051:3:404|01C2206052:0:200|01C2206052:1:200|01C2206052:2:404|01C2206052:3:404	[]
366	812	18	1	兵庫県|医療法人社団高遼会整形外科たかひろクリニック	兵庫県	医療法人社団高遼会 整形外科たかひろクリニック	01E2101025	PRP	v40_queue		APS|GPS	Zimmer Biomet	Zimmer Biomet		Zimmer Biomet	EXPLICIT_MHLW	YES	1	3	0	0	https://saiseiiryo.mhlw.go.jp/published_plan/download/01E2101025/5/0	01E2101025:0:200|01E2101025:1:404|01E2101025:2:404	"[{""code"": ""01E2101025"", ""idx"": 0, ""url"": ""https://saiseiiryo.mhlw.go.jp/published_plan/download/01E2101025/5/0"", ""page"": 2, ""type"": ""product"", ""hit"": ""GPS"", ""context"": ""療の方法について 本治療では、人への治療に使用することが認められた医療機器である本治療専用の遠心分離機と 専用チューブ(GPSIIIまたはAPS キット、どちらもZIMMER BIOMET 社製)を用います。治療に使用す るキットについては患者様とご相談、同意を得た上で決定を致します。 (治療の流れ) 採血 ⇒ PRP 抽出 ⇒ 施術 すべての治療は当日中に完了します。場合によって局部麻酔を行うことがあります。 GPSIIIシステム 1.採血:1 キット約26ml(mi""}, {""code"": ""01E2101025"", ""idx"": 0, ""url"": ""https://saiseiiryo.mhlw.go.jp/published_plan/download/01E2101025/5/0"", ""page"": 2, ""type"": ""product"", ""hit"": ""APS"", ""context"": ""本治療では、人への治療に使用することが認められた医療機器である本治療専用の遠心分離機と 専用チューブ(GPSIIIまたはAPS キット、どちらもZIMMER BIOMET 社製)を用います。治療に使用す るキットについては患者様とご相談、同意を得た上で決定を致します。 (治療の流れ) 採血 ⇒ PRP 抽出 ⇒ 施術 すべての治療は当日中に完了します。場合によって局部麻酔を行うことがあります。 GPSIIIシステム 1.採血:1 キット約26ml(mini 用)ま""}, {""code"": ""01E2101025"", ""idx"": 0, ""url"": ""https://saiseiiryo.mhlw.go.jp/published_plan/download/01E2101025/5/0"", ""page"": 2, ""type"": ""maker"", ""hit"": ""Zimmer Biomet"", ""context"": ""本治療では、人への治療に使用することが認められた医療機器である本治療専用の遠心分離機と 専用チューブ(GPSIIIまたはAPS キット、どちらもZIMMER BIOMET 社製)を用います。治療に使用す るキットについては患者様とご相談、同意を得た上で決定を致します。 (治療の流れ) 採血 ⇒ PRP 抽出 ⇒ 施術 すべての治療は当日中に完了します。場合によって局部麻酔を行うことがあります。 GPSIIIシステム 1.採血:1 キット約26ml(mini 用)または52ml(standard 用)の血液を""}, {""code"": ""01E2101025"", ""idx"": 0, ""url"": ""https://saiseiiryo.mhlw.go.jp/published_plan/download/01E2101025/5/0"", ""page"": 3, ""type"": ""product"", ""hit"": ""GPS"", ""context"": ""、年齢の上限制限はありません。 ・治療痕が残りにくく、何度でも治療を受けることができます。 ・1 回の投与で修復作用が上手く働けば、 痛みの軽減や機能改善に対する長期的な効果持続が期待で きます(海外の臨床試験にて、GPSIIIシステムでは最大で 6~12 ヶ月、APS キットでは最大で 24 ヶ 月効果が持続していたとの報告があります)。 治療の欠点と副作用(デメリット)について ・患者様ご自身の血液を使用するため体調や年齢などに左右され、場合によっては安定した効果が 出にくいといった欠点があります。(治療効果・効""}, {""code"": ""01E2101025"", ""idx"": 0, ""url"": ""https://saiseiiryo.mhlw.go.jp/published_plan/download/01E2101025/5/0"", ""page"": 3, ""type"": ""product"", ""hit"": ""APS"", ""context"": ""にくく、何度でも治療を受けることができます。 ・1 回の投与で修復作用が上手く働けば、 痛みの軽減や機能改善に対する長期的な効果持続が期待で きます(海外の臨床試験にて、GPSIIIシステムでは最大で 6~12 ヶ月、APS キットでは最大で 24 ヶ 月効果が持続していたとの報告があります)。 治療の欠点と副作用(デメリット)について ・患者様ご自身の血液を使用するため体調や年齢などに左右され、場合によっては安定した効果が 出にくいといった欠点があります。(治療効果・効果の持続期間には個人差があります)""}, {""code"": ""01E2101025"", ""idx"": 0, ""url"": ""https://saiseiiryo.mhlw.go.jp/published_plan/download/01E2101025/5/0"", ""page"": 4, ""type"": ""product"", ""hit"": ""GPS"", ""context"": ""1_07_説明文書同意書_たかひろクリニック PRP ヒアルロン酸注入 GPS®III APS 概要 関節腔内に投与すること で、損傷した患部の疼痛 を和らげる効果があり、 また、組織を修復する 効 果が期待される。 GPS®IIIをさらに濃縮してい るので、関節腔内に投与す ることで、損傷した患部の 疼痛を和らげる効果や組織 を修復する効果がより期待 される。 ヒアルロン酸は関節腔内に 注入されるとクッションの ような働きを""}, {""code"": ""01E2101025"", ""idx"": 0, ""url"": ""https://saiseiiryo.mhlw.go.jp/published_plan/download/01E2101025/5/0"", ""page"": 4, ""type"": ""product"", ""hit"": ""APS"", ""context"": ""1_07_説明文書同意書_たかひろクリニック PRP ヒアルロン酸注入 GPS®III APS 概要 関節腔内に投与すること で、損傷した患部の疼痛 を和らげる効果があり、 また、組織を修復する 効 果が期待される。 GPS®IIIをさらに濃縮してい るので、関節腔内に投与す ることで、損傷した患部の 疼痛を和らげる効果や組織 を修復する効果がより期待 される。 ヒアルロン酸は関節腔内に 注入されるとクッションの ような働きをし、痛みを和 ら""}, {""code"": ""01E2101025"", ""idx"": 0, ""url"": ""https://saiseiiryo.mhlw.go.jp/published_plan/download/01E2101025/5/0"", ""page"": 8, ""type"": ""product"", ""hit"": ""GPS"", ""context"": "")の提供を受けることについて、「再生医療等提供のご説明」に沿って以下の説明 を受けました。 □再生医療等の内容及び目的について □再生医療等に使用する PRP について (今回の治療で使用するキット名称: □GPS®IIIシステム □APS キット) □再生医療等を受けることによる効果、危険について □他の治療法について □再生医療等を受けることを拒否することができること □再生医療等を受けることの拒否、同意の撤回により、不利益な扱いを受けないこと □採取した血液の保管及び廃棄について □健康・遺伝的特徴等の重要な知見が得られた場合の取り扱いについて""}, {""code"": ""01E2101025"", ""idx"": 0, ""url"": ""https://saiseiiryo.mhlw.go.jp/published_plan/download/01E2101025/5/0"", ""page"": 8, ""type"": ""product"", ""hit"": ""APS"", ""context"": ""いて、「再生医療等提供のご説明」に沿って以下の説明 を受けました。 □再生医療等の内容及び目的について □再生医療等に使用する PRP について (今回の治療で使用するキット名称: □GPS®IIIシステム □APS キット) □再生医療等を受けることによる効果、危険について □他の治療法について □再生医療等を受けることを拒否することができること □再生医療等を受けることの拒否、同意の撤回により、不利益な扱いを受けないこと □採取した血液の保管及び廃棄について □健康・遺伝的特徴等の重要な知見が得られた場合の取り扱いについて □再生医療等にて得られた試""}]"
366	812	18	2	埼玉県|医療法人社団慶辰会新越谷駅前えがわ整形外科クリニック	埼玉県	医療法人社団慶辰会 新越谷駅前えがわ整形外科クリニック	01C2012028	PRP	v40_queue		APS|GPS	Zimmer Biomet	Zimmer Biomet		Zimmer Biomet	EXPLICIT_MHLW	YES	1	3	0	0	https://saiseiiryo.mhlw.go.jp/published_plan/download/01C2012028/5/0	01C2012028:0:200|01C2012028:1:404|01C2012028:2:404	"[{""code"": ""01C2012028"", ""idx"": 0, ""url"": ""https://saiseiiryo.mhlw.go.jp/published_plan/download/01C2012028/5/0"", ""page"": 2, ""type"": ""product"", ""hit"": ""GPS"", ""context"": ""治療の方法について 本治療では、人への治療に使用することが認められた医療機器である本治療専用の遠心分離機と 専用チューブ(GPSIIIまたはAPS キット、どちらもZIMMER BIOMET 社製)を用います。治療に使用す るキットについては患者様とご相談、同意を得た上で決定を致します。 (治療の流れ) 採血 ⇒ PRP 抽出 ⇒ 施術 すべての治療は当日中に完了します、局部麻酔を行うことがあります GPSIIIシステム 1.採血:1 キット約26ml""}, {""code"": ""01C2012028"", ""idx"": 0, ""url"": ""https://saiseiiryo.mhlw.go.jp/published_plan/download/01C2012028/5/0"", ""page"": 2, ""type"": ""product"", ""hit"": ""APS"", ""context"": ""本治療では、人への治療に使用することが認められた医療機器である本治療専用の遠心分離機と 専用チューブ(GPSIIIまたはAPS キット、どちらもZIMMER BIOMET 社製)を用います。治療に使用す るキットについては患者様とご相談、同意を得た上で決定を致します。 (治療の流れ) 採血 ⇒ PRP 抽出 ⇒ 施術 すべての治療は当日中に完了します、局部麻酔を行うことがあります GPSIIIシステム 1.採血:1 キット約26ml または52m""}, {""code"": ""01C2012028"", ""idx"": 0, ""url"": ""https://saiseiiryo.mhlw.go.jp/published_plan/download/01C2012028/5/0"", ""page"": 2, ""type"": ""maker"", ""hit"": ""Zimmer Biomet"", ""context"": ""本治療では、人への治療に使用することが認められた医療機器である本治療専用の遠心分離機と 専用チューブ(GPSIIIまたはAPS キット、どちらもZIMMER BIOMET 社製)を用います。治療に使用す るキットについては患者様とご相談、同意を得た上で決定を致します。 (治療の流れ) 採血 ⇒ PRP 抽出 ⇒ 施術 すべての治療は当日中に完了します、局部麻酔を行うことがあります GPSIIIシステム 1.採血:1 キット約26ml または52ml の血液を採取します。 2. PRP 分""}, {""code"": ""01C2012028"", ""idx"": 0, ""url"": ""https://saiseiiryo.mhlw.go.jp/published_plan/download/01C2012028/5/0"", ""page"": 3, ""type"": ""product"", ""hit"": ""GPS"", ""context"": ""ができます。 ・PRP の投与により、損傷した組織の修復や疼痛の改善効果が期待できます。 ・1 回の投与で修復作用が上手く働けば、 痛みの軽減や機能改善に対する長期的な効果持続が期待で きます (海外の臨床試験にて、GPSIIIシステムでは最大で6~12 ヶ月、APS では最大で24 ヶ月効果が 持続していたとの報告があります) 。 治療の欠点と副作用(デメリット)について ・患者様ご自身の血液を使用するため体調や年齢などに左右され、場合によっては安定した効果が 出にくいといった欠点があります(治療効果・効果の持続期""}, {""code"": ""01C2012028"", ""idx"": 0, ""url"": ""https://saiseiiryo.mhlw.go.jp/published_plan/download/01C2012028/5/0"", ""page"": 3, ""type"": ""product"", ""hit"": ""APS"", ""context"": ""た組織の修復や疼痛の改善効果が期待できます。 ・1 回の投与で修復作用が上手く働けば、 痛みの軽減や機能改善に対する長期的な効果持続が期待で きます (海外の臨床試験にて、GPSIIIシステムでは最大で6~12 ヶ月、APS では最大で24 ヶ月効果が 持続していたとの報告があります) 。 治療の欠点と副作用(デメリット)について ・患者様ご自身の血液を使用するため体調や年齢などに左右され、場合によっては安定した効果が 出にくいといった欠点があります(治療効果・効果の持続期間には個人差があります) ・施""}, {""code"": ""01C2012028"", ""idx"": 0, ""url"": ""https://saiseiiryo.mhlw.go.jp/published_plan/download/01C2012028/5/0"", ""page"": 4, ""type"": ""product"", ""hit"": ""GPS"", ""context"": ""定期的にメンテナンスを行っていますが、 突然の不具合発生により、 治療の日程やお時間を変更させていただくことがございますので、ご理解の程お願いいたします。 PRP ヒアルロン酸注入 ステロイド剤投与 GPS®III APS 概要 関節腔内に投与す ることで、損傷し た患部の疼痛を和 らげ る効果があ り、 また、組織を修 復する 効果が期待 される。 GPS®IIIをさらに濃縮 しているので、関節 腔内に投与すること で、損傷した患部の 疼痛を和らげる効果 や組織を修復する効 果 が よ り 期 待 さ れ る。 ヒアルロン酸は関節 腔内に注入されると""}, {""code"": ""01C2012028"", ""idx"": 0, ""url"": ""https://saiseiiryo.mhlw.go.jp/published_plan/download/01C2012028/5/0"", ""page"": 4, ""type"": ""product"", ""hit"": ""APS"", ""context"": ""ンスを行っていますが、 突然の不具合発生により、 治療の日程やお時間を変更させていただくことがございますので、ご理解の程お願いいたします。 PRP ヒアルロン酸注入 ステロイド剤投与 GPS®III APS 概要 関節腔内に投与す ることで、損傷し た患部の疼痛を和 らげ る効果があ り、 また、組織を修 復する 効果が期待 される。 GPS®IIIをさらに濃縮 しているので、関節 腔内に投与すること で、損傷した患部の 疼痛を和らげる効果 や組織を修復する効 果 が よ り 期 待 さ れ る。 ヒアルロン酸は関節 腔内に注入されると クッションのよ""}]"
366	812	18	3	大阪府|医療法人社団彦星会大阪中之島整形外科	大阪府	医療法人社団彦星会 大阪中之島整形外科	01E2312020|01E2402001|01E2408024|01E2411001	PRP|その他MSK|脂肪由来幹細胞	v40_queue|v41	脂肪由来幹細胞	APS		Zimmer Biomet		Zimmer Biomet	VALIDATED_PRODUCT_MAP	YES	4	12	0	0	https://saiseiiryo.mhlw.go.jp/published_plan/download/01E2312020/5/0|https://saiseiiryo.mhlw.go.jp/published_plan/download/01E2402001/5/0|https://saiseiiryo.mhlw.go.jp/published_plan/download/01E2408024/5/0|https://saiseiiryo.mhlw.go.jp/published_plan/download/01E2411001/5/0	01E2312020:0:200|01E2312020:1:404|01E2312020:2:404|01E2402001:0:200|01E2402001:1:404|01E2402001:2:404|01E2408024:0:200|01E2408024:1:404|01E2408024:2:404|01E2411001:0:200|01E2411001:1:404|01E2411001:2:404	"[{""code"": ""01E2402001"", ""idx"": 0, ""url"": ""https://saiseiiryo.mhlw.go.jp/published_plan/download/01E2402001/5/0"", ""page"": 3, ""type"": ""product"", ""hit"": ""APS"", ""context"": ""や足場に対して、物理的な負荷(圧力をかける、伸び縮みさせる、こするな ど)を加えることにより、その場所に必要な強度や物性を持った組織が作られると考えら れています。 • 自家 PRP の製造は、 医療機器承認を得ているAPS キットを用いて行います。APS キット では、キットに含まれる細胞分離チューブと濃縮チューブの2本のチューブを用いて製造 することで、より多くの成長因子などを含む PRP が製造されます。 • APS キットで製造した PRP の臨床研究では、片膝に中程度の変形性関節症をもつ患者 46 人を 2 グループに分け、PRP(31 人)と生理食塩水(15 人)""}]"
366	812	18	4	愛知県|あいせい紀年病院	愛知県	あいせい紀年病院	03D2606001	PRP	v40_queue							NONE	NO	1	3	0	0	https://saiseiiryo.mhlw.go.jp/published_plan/download/03D2606001/5/0	03D2606001:0:200|03D2606001:1:404|03D2606001:2:404	[]
366	812	18	5	東京都|三宿通り整形外科クリニック	東京都	三宿通り整形外科クリニック	01C2308049|01C2308050	PRP	v40_queue|v41							NONE	NO	2	6	0	0	https://saiseiiryo.mhlw.go.jp/published_plan/download/01C2308049/5/0|https://saiseiiryo.mhlw.go.jp/published_plan/download/01C2308050/5/0	01C2308049:0:200|01C2308049:1:404|01C2308049:2:404|01C2308050:0:200|01C2308050:1:404|01C2308050:2:404	[]
366	812	18	6	東京都|医療法人社団貴陽会ラカンクリニック東京麻布台	東京都	医療法人社団貴陽会  ラカンクリニック東京 麻布台	01C2507054|01C2507055|01C2509044	PRP|脂肪由来幹細胞	v41							NONE	NO	3	9	0	1	https://saiseiiryo.mhlw.go.jp/published_plan/download/01C2507054/5/0|https://saiseiiryo.mhlw.go.jp/published_plan/download/01C2507055/5/0|https://saiseiiryo.mhlw.go.jp/published_plan/download/01C2509044/5/0	01C2507054:0:200|01C2507054:1:404|01C2507054:2:404|01C2507055:0:200|01C2507055:1:404|01C2507055:2:404|01C2509044:0:200|01C2509044:1:404|01C2509044:2:404	[]
366	812	18	7	沖縄県|医療法人形成会当山美容形成外科	沖縄県	医療法人形成会 当山美容形成外科	02G2001025	PRP	v41							NONE	NO	1	3	0	1	https://saiseiiryo.mhlw.go.jp/published_plan/download/02G2001025/5/0	02G2001025:0:200|02G2001025:1:404|02G2001025:2:404	[]
366	812	18	8	神奈川県|横浜整形外科クリニック	神奈川県	横浜整形外科クリニック	03C2305023	PRP	v40_queue							NONE	NO	3	5	0	1	https://saiseiiryo.mhlw.go.jp/published_plan/download/03C2305023/5/0|https://saiseiiryo.mhlw.go.jp/published_plan/download/03C2305023/5/1|https://saiseiiryo.mhlw.go.jp/published_plan/download/03C2305023/5/2	03C2305023:0:200|03C2305023:1:200|03C2305023:2:200|03C2305023:3:404|03C2305023:4:404	[]
366	812	18	9	長野県|社会医療法人恵仁会くろさわ病院	長野県	社会医療法人恵仁会 くろさわ病院	01C2408006|01C2408007	PRP	v40_queue							NONE	NO	2	6	0	1	https://saiseiiryo.mhlw.go.jp/published_plan/download/01C2408006/5/0|https://saiseiiryo.mhlw.go.jp/published_plan/download/01C2408007/5/0	01C2408006:0:200|01C2408006:1:404|01C2408006:2:404|01C2408007:0:200|01C2408007:1:404|01C2408007:2:404	[]
366	812	19	1	兵庫県|医療法人財団神戸海星病院	兵庫県	医療法人財団 神戸海星病院	02E2504009	PRP	v41							NONE	NO	2	4	0	0	https://saiseiiryo.mhlw.go.jp/published_plan/download/02E2504009/5/0|https://saiseiiryo.mhlw.go.jp/published_plan/download/02E2504009/5/1	02E2504009:0:200|02E2504009:1:200|02E2504009:2:404|02E2504009:3:404	[]
366	812	19	2	埼玉県|医療法人社団武蔵野会TMGあさか医療センター	埼玉県	医療法人社団武蔵野会 TMGあさか医療センター	03C2407109	PRP	v40_queue		APS|GPS	Zimmer Biomet	Zimmer Biomet		Zimmer Biomet	EXPLICIT_MHLW	YES	1	3	0	0	https://saiseiiryo.mhlw.go.jp/published_plan/download/03C2407109/5/0	03C2407109:0:200|03C2407109:1:404|03C2407109:2:404	"[{""code"": ""03C2407109"", ""idx"": 0, ""url"": ""https://saiseiiryo.mhlw.go.jp/published_plan/download/03C2407109/5/0"", ""page"": 2, ""type"": ""product"", ""hit"": ""GPS"", ""context"": ""療の方法について 本治療では、人への治療に使用することが認められた医療機器である本治療専用の遠心分離機と 専用チューブ(GPSIIIまたはAPS キット、どちらもZIMMER BIOMET 社製)を用います。治療に使用す るキットについては患者様とご相談、同意を得た上で決定を致します。 (治療の流れ) 採血 ⇒ PRP 抽出 ⇒ 施術 すべての治療は当日中に完了します。場合によって局部麻酔を行うことがあります。 通常の検査等のための採血よりも採取量が多くなりますが、ご了承く""}, {""code"": ""03C2407109"", ""idx"": 0, ""url"": ""https://saiseiiryo.mhlw.go.jp/published_plan/download/03C2407109/5/0"", ""page"": 2, ""type"": ""product"", ""hit"": ""APS"", ""context"": ""本治療では、人への治療に使用することが認められた医療機器である本治療専用の遠心分離機と 専用チューブ(GPSIIIまたはAPS キット、どちらもZIMMER BIOMET 社製)を用います。治療に使用す るキットについては患者様とご相談、同意を得た上で決定を致します。 (治療の流れ) 採血 ⇒ PRP 抽出 ⇒ 施術 すべての治療は当日中に完了します。場合によって局部麻酔を行うことがあります。 通常の検査等のための採血よりも採取量が多くなりますが、ご了承ください。""}, {""code"": ""03C2407109"", ""idx"": 0, ""url"": ""https://saiseiiryo.mhlw.go.jp/published_plan/download/03C2407109/5/0"", ""page"": 2, ""type"": ""maker"", ""hit"": ""Zimmer Biomet"", ""context"": ""本治療では、人への治療に使用することが認められた医療機器である本治療専用の遠心分離機と 専用チューブ(GPSIIIまたはAPS キット、どちらもZIMMER BIOMET 社製)を用います。治療に使用す るキットについては患者様とご相談、同意を得た上で決定を致します。 (治療の流れ) 採血 ⇒ PRP 抽出 ⇒ 施術 すべての治療は当日中に完了します。場合によって局部麻酔を行うことがあります。 通常の検査等のための採血よりも採取量が多くなりますが、ご了承ください。 症状の経過によっては間隔をあけて数回、PR""}, {""code"": ""03C2407109"", ""idx"": 0, ""url"": ""https://saiseiiryo.mhlw.go.jp/published_plan/download/03C2407109/5/0"", ""page"": 3, ""type"": ""product"", ""hit"": ""GPS"", ""context"": ""、年齢の上限制限はありません。 ・治療痕が残りにくく、何度でも治療を受けることができます。 ・1 回の投与で修復作用が上手く働けば、 痛みの軽減や機能改善に対する長期的な効果持続が期待で きます(海外の臨床試験にて、GPSIIIシステムでは最大で6~12 ヶ月、APS キットでは最大で24 ヶ 月効果が持続していたとの報告があります) 。 治療の欠点と副作用(デメリット)について ・患者様ご自身の血液を使用するため体調や年齢などに左右され、場合によっては安定した効果が 出にくいといった欠点があります。(治療効果・効果""}, {""code"": ""03C2407109"", ""idx"": 0, ""url"": ""https://saiseiiryo.mhlw.go.jp/published_plan/download/03C2407109/5/0"", ""page"": 3, ""type"": ""product"", ""hit"": ""APS"", ""context"": ""りにくく、何度でも治療を受けることができます。 ・1 回の投与で修復作用が上手く働けば、 痛みの軽減や機能改善に対する長期的な効果持続が期待で きます(海外の臨床試験にて、GPSIIIシステムでは最大で6~12 ヶ月、APS キットでは最大で24 ヶ 月効果が持続していたとの報告があります) 。 治療の欠点と副作用(デメリット)について ・患者様ご自身の血液を使用するため体調や年齢などに左右され、場合によっては安定した効果が 出にくいといった欠点があります。(治療効果・効果の持続期間には個人差があります)""}, {""code"": ""03C2407109"", ""idx"": 0, ""url"": ""https://saiseiiryo.mhlw.go.jp/published_plan/download/03C2407109/5/0"", ""page"": 4, ""type"": ""product"", ""hit"": ""GPS"", ""context"": ""【PRP】1_07_説明文書同意書_TMG あさか医療センター PRP ヒアルロン酸注入 GPS®III APS 概要 関節腔内に投与するこ とで、 損傷した患部の疼 痛を和らげ る効果があ り、 また、組織を修復す る効果が期待される。 GPS®IIIをさらに濃縮して いるので、 関節腔内に投与 することで、 損傷した患部 の疼痛を和らげる効果や 組織を修復する効果がよ り期待される。 ヒアルロン酸は関節腔内 に注入されるとクッショ ンのよう""}, {""code"": ""03C2407109"", ""idx"": 0, ""url"": ""https://saiseiiryo.mhlw.go.jp/published_plan/download/03C2407109/5/0"", ""page"": 4, ""type"": ""product"", ""hit"": ""APS"", ""context"": ""【PRP】1_07_説明文書同意書_TMG あさか医療センター PRP ヒアルロン酸注入 GPS®III APS 概要 関節腔内に投与するこ とで、 損傷した患部の疼 痛を和らげ る効果があ り、 また、組織を修復す る効果が期待される。 GPS®IIIをさらに濃縮して いるので、 関節腔内に投与 することで、 損傷した患部 の疼痛を和らげる効果や 組織を修復する効果がよ り期待される。 ヒアルロン酸は関節腔内 に注入されるとクッショ ンのような働きをし、 痛""}]"
366	812	19	3	大阪府|医療法人社団日生会リバースセルクリニック	大阪府	医療法人社団日生会 リバースセルクリニック	03E2602011|03E2602012	PRP	v41	院内PRP|高濃度PRP						NONE	NO	4	8	0	0	https://saiseiiryo.mhlw.go.jp/published_plan/download/03E2602011/5/0|https://saiseiiryo.mhlw.go.jp/published_plan/download/03E2602011/5/1|https://saiseiiryo.mhlw.go.jp/published_plan/download/03E2602012/5/0|https://saiseiiryo.mhlw.go.jp/published_plan/download/03E2602012/5/1	03E2602011:0:200|03E2602011:1:200|03E2602011:2:404|03E2602011:3:404|03E2602012:0:200|03E2602012:1:200|03E2602012:2:404|03E2602012:3:404	[]
366	812	19	4	愛知県|おかざき足の血管外科・痛みのクリニック	愛知県	おかざき足の血管外科・痛みのクリニック	01D2205007	PRP	v40_queue							NONE	NO	1	3	0	0	https://saiseiiryo.mhlw.go.jp/published_plan/download/01D2205007/5/0	01D2205007:0:200|01D2205007:1:404|01D2205007:2:404	[]
366	812	19	5	東京都|上石神井オチクリニック整形外科	東京都	上石神井オチクリニック整形外科	02C2601089|02C2601090	PRP	v40_queue							NONE	NO	2	6	0	0	https://saiseiiryo.mhlw.go.jp/published_plan/download/02C2601089/5/0|https://saiseiiryo.mhlw.go.jp/published_plan/download/02C2601090/5/0	02C2601089:0:200|02C2601089:1:404|02C2601089:2:404|02C2601090:0:200|02C2601090:1:404|02C2601090:2:404	[]
366	812	19	6	東京都|医療法人社団順公会佐藤整形外科	東京都	医療法人社団順公会 佐藤整形外科	02C2512064	PRP	v40_queue							NONE	NO	3	5	0	1	https://saiseiiryo.mhlw.go.jp/published_plan/download/02C2512064/5/0|https://saiseiiryo.mhlw.go.jp/published_plan/download/02C2512064/5/1|https://saiseiiryo.mhlw.go.jp/published_plan/download/02C2512064/5/2	02C2512064:0:200|02C2512064:1:200|02C2512064:2:200|02C2512064:3:404|02C2512064:4:404	[]
366	812	19	7	沖縄県|社会医療法人友愛会友愛医療センター	沖縄県	社会医療法人友愛会友愛医療センター	02G2602005	PRP	v41	PRP						NONE	NO	2	4	0	1	https://saiseiiryo.mhlw.go.jp/published_plan/download/02G2602005/5/0|https://saiseiiryo.mhlw.go.jp/published_plan/download/02G2602005/5/1	02G2602005:0:200|02G2602005:1:200|02G2602005:2:404|02G2602005:3:404	[]
366	812	19	8	神奈川県|横浜鶴ヶ峰病院付属予防医療クリニック	神奈川県	横浜鶴ヶ峰病院付属予防医療クリニック	01C2206044	PRP	v41							NONE	NO	1	3	0	1	https://saiseiiryo.mhlw.go.jp/published_plan/download/01C2206044/5/0	01C2206044:0:200|01C2206044:1:404|01C2206044:2:404	[]
366	812	19	9	長野県|社会医療法人栗山会飯田病院	長野県	社会医療法人栗山会飯田病院	01C2104001	PRP	v40_queue		APS	Zimmer Biomet	Zimmer Biomet		Zimmer Biomet	EXPLICIT_MHLW	YES	1	3	0	1	https://saiseiiryo.mhlw.go.jp/published_plan/download/01C2104001/5/0	01C2104001:0:200|01C2104001:1:404|01C2104001:2:404	"[{""code"": ""01C2104001"", ""idx"": 0, ""url"": ""https://saiseiiryo.mhlw.go.jp/published_plan/download/01C2104001/5/0"", ""page"": 2, ""type"": ""product"", ""hit"": ""APS"", ""context"": ""療の方法について 本治療では、人への治療に使用することが認められた医療機器である本治療専用の遠心分離機と 専用チューブ(APS キット、ZIMMER BIOMET 社製)を用います。 【本治療を受けることができる方】 ・保険治療では改善が見られない方で、再建手術や修復手術を希望しない場合に、以下の基準を満 たしている方が対象となります。 ・外来通院が可能であること ・インフォームド・コンセントを受けていること ・この治療について十分な理解が得られていること ※以""}, {""code"": ""01C2104001"", ""idx"": 0, ""url"": ""https://saiseiiryo.mhlw.go.jp/published_plan/download/01C2104001/5/0"", ""page"": 2, ""type"": ""maker"", ""hit"": ""Zimmer Biomet"", ""context"": ""本治療では、人への治療に使用することが認められた医療機器である本治療専用の遠心分離機と 専用チューブ(APS キット、ZIMMER BIOMET 社製)を用います。 【本治療を受けることができる方】 ・保険治療では改善が見られない方で、再建手術や修復手術を希望しない場合に、以下の基準を満 たしている方が対象となります。 ・外来通院が可能であること ・インフォームド・コンセントを受けていること ・この治療について十分な理解が得られていること ※以下に該当される方は、治療を受けること""}, {""code"": ""01C2104001"", ""idx"": 0, ""url"": ""https://saiseiiryo.mhlw.go.jp/published_plan/download/01C2104001/5/0"", ""page"": 4, ""type"": ""product"", ""hit"": ""APS"", ""context"": ""みをコントロールするために使用されますが、 鎮痛剤の服用による消化器系のダメージ、 連用による効果減弱の可能性があります。 ※アルツ関節注25mg 添付 PRP(APS キット) ヒアルロン酸注入 概要 関節腔内に投与することで、 損傷し た患部の疼痛を和らげる効果や組 織を修復する効果がより期待され る。 ヒアルロン酸は関節腔内に注入されると クッションのような働きをし、痛みを和 らげる効果がある。 効果持続期間 最大 24 ヶ月 6 ヶ月程 治療後のリスク (注入部位の痛 み、腫れなど) リスクはほとんど""}]"
366	812	2	1	京都府|SclinicKyoto	京都府	S clinic Kyoto	03E2210008	PRP	v41							NONE	NO	1	3	0	0	https://saiseiiryo.mhlw.go.jp/published_plan/download/03E2210008/5/0	03E2210008:0:200|03E2210008:1:404|03E2210008:2:404	[]
366	812	2	2	千葉県|柏の葉キャンパス整形外科	千葉県	柏の葉キャンパス整形外科	03C2410007|03C2410034	PRP	v41							NONE	NO	2	6	0	0	https://saiseiiryo.mhlw.go.jp/published_plan/download/03C2410007/5/0|https://saiseiiryo.mhlw.go.jp/published_plan/download/03C2410034/5/0	03C2410007:0:200|03C2410007:1:404|03C2410007:2:404|03C2410034:0:200|03C2410034:1:404|03C2410034:2:404	[]
366	812	2	3	大阪府|医療法人いずみ会阪堺病院	大阪府	医療法人いずみ会 阪堺病院	03E2105004|03E2305033	PRP	v40_queue							NONE	NO	4	8	0	0	https://saiseiiryo.mhlw.go.jp/published_plan/download/03E2105004/5/0|https://saiseiiryo.mhlw.go.jp/published_plan/download/03E2105004/5/1|https://saiseiiryo.mhlw.go.jp/published_plan/download/03E2305033/5/0|https://saiseiiryo.mhlw.go.jp/published_plan/download/03E2305033/5/1	03E2105004:0:200|03E2105004:1:200|03E2105004:2:404|03E2105004:3:404|03E2305033:0:200|03E2305033:1:200|03E2305033:2:404|03E2305033:3:404	[]
366	812	2	4	山梨県|独立行政法人地域医療機能推進機構山梨病院	山梨県	独立行政法人地域医療機能推進機構 山梨病院	02C2605091	PRP	v40_queue							NONE	NO	1	3	0	0	https://saiseiiryo.mhlw.go.jp/published_plan/download/02C2605091/5/0	02C2605091:0:200|02C2605091:1:404|02C2605091:2:404	[]
366	812	2	5	東京都|おかのクリニック	東京都	おかのクリニック	01C2205034|01C2205035	PRP	v41							NONE	NO	2	6	0	0	https://saiseiiryo.mhlw.go.jp/published_plan/download/01C2205034/5/0|https://saiseiiryo.mhlw.go.jp/published_plan/download/01C2205035/5/0	01C2205034:0:200|01C2205034:1:404|01C2205034:2:404|01C2205035:0:200|01C2205035:1:404|01C2205035:2:404	[]
366	812	2	6	東京都|医療法人社団心愛会麻布台ビューティセルクリニック	東京都	医療法人社団心愛会 麻布台ビューティセルクリニック	01C2507026|01C2507038	PRP|脂肪由来幹細胞	v40_queue							NONE	NO	4	8	0	1	https://saiseiiryo.mhlw.go.jp/published_plan/download/01C2507026/5/0|https://saiseiiryo.mhlw.go.jp/published_plan/download/01C2507026/5/1|https://saiseiiryo.mhlw.go.jp/published_plan/download/01C2507038/5/0|https://saiseiiryo.mhlw.go.jp/published_plan/download/01C2507038/5/1	01C2507026:0:200|01C2507026:1:200|01C2507026:2:404|01C2507026:3:404|01C2507038:0:200|01C2507038:1:200|01C2507038:2:404|01C2507038:3:404	[]
366	812	2	7	東京都|独立行政法人国立病院機構東京医療センター	東京都	独立行政法人国立病院機構東京医療センター	03C2603058|03C2603059	PRP|脂肪由来ASC	v40_queue		APS	Zimmer Biomet	Zimmer Biomet		Zimmer Biomet	EXPLICIT_MHLW	YES	2	6	0	1	https://saiseiiryo.mhlw.go.jp/published_plan/download/03C2603058/5/0|https://saiseiiryo.mhlw.go.jp/published_plan/download/03C2603059/5/0	03C2603058:0:200|03C2603058:1:404|03C2603058:2:404|03C2603059:0:200|03C2603059:1:404|03C2603059:2:404	"[{""code"": ""03C2603059"", ""idx"": 0, ""url"": ""https://saiseiiryo.mhlw.go.jp/published_plan/download/03C2603059/5/0"", ""page"": 2, ""type"": ""product"", ""hit"": ""APS"", ""context"": ""療の方法について 本治療では、人への治療に使用することが認められた医療機器である本治療専用の遠心分離機と 専用チューブ(APS キット、ZIMMER BIOMET 社製)を用います。 (治療の流れ) 採血 ⇒ PRP 抽出 ⇒ 施術 すべての治療は当日中に完了します。 APSキット 1. 採血:1キット約55mlの血液を採取します。 2. PRP分離:採取した血液を、人への治療に使用することが認められた医療機器である本治療専用 の遠心分離機と専用チューブを用いて""}, {""code"": ""03C2603059"", ""idx"": 0, ""url"": ""https://saiseiiryo.mhlw.go.jp/published_plan/download/03C2603059/5/0"", ""page"": 2, ""type"": ""maker"", ""hit"": ""Zimmer Biomet"", ""context"": ""本治療では、人への治療に使用することが認められた医療機器である本治療専用の遠心分離機と 専用チューブ(APS キット、ZIMMER BIOMET 社製)を用います。 (治療の流れ) 採血 ⇒ PRP 抽出 ⇒ 施術 すべての治療は当日中に完了します。 APSキット 1. 採血:1キット約55mlの血液を採取します。 2. PRP分離:採取した血液を、人への治療に使用することが認められた医療機器である本治療専用 の遠心分離機と専用チューブを用いて2度遠心分離し、PRPを精製抽出しま""}, {""code"": ""03C2603059"", ""idx"": 0, ""url"": ""https://saiseiiryo.mhlw.go.jp/published_plan/download/03C2603059/5/0"", ""page"": 4, ""type"": ""product"", ""hit"": ""APS"", ""context"": ""【PRP】1_07_説明文書同意書 PRP(APS キット) ヒアルロン酸注入 概要 関節腔内に投与することで、損傷した 患部の疼痛を和らげる効果や組織を修 復する効果がより期待される。 ヒアルロン酸は関節腔内に注入される とクッションのような働きをし、痛み を和らげる効果がある。 効果持続期間 最大 24 ヶ月 6 ヶ月程 治療後のリスク (注入部位の痛 み、腫れなど) リスクはほとんど変わ""}]"
366	812	2	8	神奈川県|医療法人博桜会たなべ整形外科せぼね・骨粗しょう症クリニック	神奈川県	医療法人博桜会 たなべ整形外科 せぼね・骨粗しょう症クリニック	01C2410057|01C2410058	PRP	v41							NONE	NO	2	6	0	1	https://saiseiiryo.mhlw.go.jp/published_plan/download/01C2410057/5/0|https://saiseiiryo.mhlw.go.jp/published_plan/download/01C2410058/5/0	01C2410057:0:200|01C2410057:1:404|01C2410057:2:404|01C2410058:0:200|01C2410058:1:404|01C2410058:2:404	[]
366	812	2	9	福岡県|櫛田学整形外科クリニック	福岡県	櫛田学整形外科クリニック	01G2107003	PRP	v40_queue							NONE	NO	1	3	0	1	https://saiseiiryo.mhlw.go.jp/published_plan/download/01G2107003/5/0	01G2107003:0:200|01G2107003:1:404|01G2107003:2:404	[]
366	812	2	10	鹿児島県|医療法人慈圭会八反丸リハビリテーション病院	鹿児島県	医療法人 慈圭会 八反丸リハビリテーション病院	02G2405005	PRP	v41							NONE	NO	1	3	0	1	https://saiseiiryo.mhlw.go.jp/published_plan/download/02G2405005/5/0	02G2405005:0:200|02G2405005:1:404|02G2405005:2:404	[]
366	812	20	1	兵庫県|医療法人雅武富整形外科	兵庫県	医療法人雅 武富整形外科	01E2308015	PRP	v40_queue							NONE	NO	1	3	0	0	https://saiseiiryo.mhlw.go.jp/published_plan/download/01E2308015/5/0	01E2308015:0:200|01E2308015:1:404|01E2308015:2:404	[]
366	812	20	2	埼玉県|医療法人社団祐慈会井上整形外科クリニック	埼玉県	医療法人社団祐慈会 井上整形外科クリニック	03C2305016	PRP	v41	PRP						NONE	NO	2	4	0	0	https://saiseiiryo.mhlw.go.jp/published_plan/download/03C2305016/5/0|https://saiseiiryo.mhlw.go.jp/published_plan/download/03C2305016/5/1	03C2305016:0:200|03C2305016:1:200|03C2305016:2:404|03C2305016:3:404	[]
366	812	20	3	大阪府|医療法人美喜有会リペアセルクリニック	大阪府	医療法人美喜有会  リペアセルクリニック	02E2603026|02E2603028|02E2603029|02E2603032	PRP|脂肪由来幹細胞	v40_queue|v41							NONE	NO	4	12	0	0	https://saiseiiryo.mhlw.go.jp/published_plan/download/02E2603026/5/0|https://saiseiiryo.mhlw.go.jp/published_plan/download/02E2603028/5/0|https://saiseiiryo.mhlw.go.jp/published_plan/download/02E2603029/5/0|https://saiseiiryo.mhlw.go.jp/published_plan/download/02E2603032/5/0	02E2603026:0:200|02E2603026:1:404|02E2603026:2:404|02E2603028:0:200|02E2603028:1:404|02E2603028:2:404|02E2603029:0:200|02E2603029:1:404|02E2603029:2:404|02E2603032:0:200|02E2603032:1:404|02E2603032:2:404	[]
366	812	20	4	愛知県|ふくだ整形外科骨粗しょう症スポーツクリニック	愛知県	ふくだ整形外科骨粗しょう症スポーツクリニック	01D2211013|01D2211014	PRP	v40_queue							NONE	NO	2	6	0	0	https://saiseiiryo.mhlw.go.jp/published_plan/download/01D2211013/5/0|https://saiseiiryo.mhlw.go.jp/published_plan/download/01D2211014/5/0	01D2211013:0:200|01D2211013:1:404|01D2211013:2:404|01D2211014:0:200|01D2211014:1:404|01D2211014:2:404	[]
366	812	20	5	東京都|元浅草いけだクリニック	東京都	元浅草いけだクリニック	01C1905038	PRP	v41	PRP						NONE	NO	1	3	0	0	https://saiseiiryo.mhlw.go.jp/published_plan/download/01C1905038/5/0	01C1905038:0:200|01C1905038:1:404|01C1905038:2:404	[]
366	812	20	6	東京都|医療法人社団順永会目黒さこだ整形外科	東京都	医療法人社団順永会 目黒さこだ整形外科	01C2603045	PRP	v40_queue							NONE	NO	1	3	0	1	https://saiseiiryo.mhlw.go.jp/published_plan/download/01C2603045/5/0	01C2603045:0:200|01C2603045:1:404|01C2603045:2:404	[]
366	812	20	7	滋賀県|一般社団法人スピナレピオス淡海せぼねクリニック	滋賀県	一般社団法人スピナレピオス  淡海せぼねクリニック	01E2408020|01E2408021	PRP	v41							NONE	NO	2	6	0	1	https://saiseiiryo.mhlw.go.jp/published_plan/download/01E2408020/5/0|https://saiseiiryo.mhlw.go.jp/published_plan/download/01E2408021/5/0	01E2408020:0:200|01E2408020:1:404|01E2408020:2:404|01E2408021:0:200|01E2408021:1:404|01E2408021:2:404	[]
366	812	20	8	神奈川県|横濱松宮整形外科リハビリテーションクリニック	神奈川県	横濱松宮整形外科リハビリテーションクリニック	01C2603018|02C1911221|02C1912004	PRP|脂肪由来MSC	v40_queue|v41							NONE	NO	3	9	0	1	https://saiseiiryo.mhlw.go.jp/published_plan/download/01C2603018/5/0|https://saiseiiryo.mhlw.go.jp/published_plan/download/02C1911221/5/0|https://saiseiiryo.mhlw.go.jp/published_plan/download/02C1912004/5/0	01C2603018:0:200|01C2603018:1:404|01C2603018:2:404|02C1911221:0:200|02C1911221:1:404|02C1911221:2:404|02C1912004:0:200|02C1912004:1:404|02C1912004:2:404	[]
366	812	20	9	長野県|長野松代総合病院	長野県	長野松代総合病院	01C2310035	PRP	v40_queue							NONE	NO	1	3	0	1	https://saiseiiryo.mhlw.go.jp/published_plan/download/01C2310035/5/0	01C2310035:0:200|01C2310035:1:404|01C2310035:2:404	[]
366	812	21	1	兵庫県|木本整形外科クリニック	兵庫県	木本整形外科クリニック	01E2511015|01E2511019	PRP	v40_queue|v41							NONE	NO	2	6	0	0	https://saiseiiryo.mhlw.go.jp/published_plan/download/01E2511015/5/0|https://saiseiiryo.mhlw.go.jp/published_plan/download/01E2511019/5/0	01E2511015:0:200|01E2511015:1:404|01E2511015:2:404|01E2511019:0:200|01E2511019:1:404|01E2511019:2:404	[]
366	812	21	2	埼玉県|埼玉整形外科スポーツクリニック	埼玉県	埼玉整形外科スポーツクリニック	01C2606063|01C2607019	PRP	v40_queue							NONE	NO	2	6	0	0	https://saiseiiryo.mhlw.go.jp/published_plan/download/01C2606063/5/0|https://saiseiiryo.mhlw.go.jp/published_plan/download/01C2607019/5/0	01C2606063:0:200|01C2606063:1:404|01C2606063:2:404|01C2607019:0:200|01C2607019:1:404|01C2607019:2:404	[]
366	812	21	3	大阪府|医療法人良花会整形外科とくはらクリニック	大阪府	医療法人良花会 整形外科とくはらクリニック	01E2004008|01E2004009	PRP	v40_queue|v41							NONE	NO	2	6	0	0	https://saiseiiryo.mhlw.go.jp/published_plan/download/01E2004008/5/0|https://saiseiiryo.mhlw.go.jp/published_plan/download/01E2004009/5/0	01E2004008:0:200|01E2004008:1:404|01E2004008:2:404|01E2004009:0:200|01E2004009:1:404|01E2004009:2:404	[]
366	812	21	4	愛知県|ふくの森リハビリ整形外科	愛知県	ふくの森リハビリ整形外科	01D2404006	PRP	v40_queue							NONE	NO	1	3	0	0	https://saiseiiryo.mhlw.go.jp/published_plan/download/01D2404006/5/0	01D2404006:0:200|01D2404006:1:404|01D2404006:2:404	[]
366	812	21	5	東京都|六本木北浜診療所	東京都	六本木北浜診療所	01C2603001	PRP	v40_queue							NONE	NO	1	3	0	0	https://saiseiiryo.mhlw.go.jp/published_plan/download/01C2603001/5/0	01C2603001:0:200|01C2603001:1:404|01C2603001:2:404	[]
366	812	21	6	東京都|医療法人社団顕伊会さい整形外科クリニック	東京都	医療法人社団顕伊会 さい整形外科クリニック	01C1907048|01C1907070	PRP	v41	PRP						NONE	NO	2	6	0	1	https://saiseiiryo.mhlw.go.jp/published_plan/download/01C1907048/5/0|https://saiseiiryo.mhlw.go.jp/published_plan/download/01C1907070/5/0	01C1907048:0:200|01C1907048:1:404|01C1907048:2:404|01C1907070:0:200|01C1907070:1:404|01C1907070:2:404	[]
366	812	21	7	滋賀県|公立甲賀病院	滋賀県	公立甲賀病院	01E2307011|01E2307012	PRP	v40_queue|v41							NONE	NO	2	6	0	1	https://saiseiiryo.mhlw.go.jp/published_plan/download/01E2307011/5/0|https://saiseiiryo.mhlw.go.jp/published_plan/download/01E2307012/5/0	01E2307011:0:200|01E2307011:1:404|01E2307011:2:404|01E2307012:0:200|01E2307012:1:404|01E2307012:2:404	[]
366	812	21	8	神奈川県|武蔵小杉整形外科	神奈川県	武蔵小杉整形外科	02C1905075	PRP	v41							NONE	NO	1	3	0	1	https://saiseiiryo.mhlw.go.jp/published_plan/download/02C1905075/5/0	02C1905075:0:200|02C1905075:1:404|02C1905075:2:404	[]
366	812	21	9	長野県|長野県厚生農業協同組合連合会長野松代総合病院	長野県	長野県厚生農業協同組合連合会 長野松代総合病院	01C2310037	PRP	v40_queue							NONE	NO	1	3	0	1	https://saiseiiryo.mhlw.go.jp/published_plan/download/01C2310037/5/0	01C2310037:0:200|01C2310037:1:404|01C2310037:2:404	[]
366	812	22	1	兵庫県|特定医療法人誠仁会大久保病院	兵庫県	特定医療法人誠仁会 大久保病院	02E1906017	PRP	v41							NONE	NO	2	4	0	0	https://saiseiiryo.mhlw.go.jp/published_plan/download/02E1906017/5/0|https://saiseiiryo.mhlw.go.jp/published_plan/download/02E1906017/5/1	02E1906017:0:200|02E1906017:1:200|02E1906017:2:404|02E1906017:3:404	[]
366	812	22	2	埼玉県|大宮はしもと整形外科	埼玉県	大宮はしもと整形外科	01C2204013|01C2212041	PRP|脂肪由来幹細胞	v41							NONE	NO	2	6	0	0	https://saiseiiryo.mhlw.go.jp/published_plan/download/01C2204013/5/0|https://saiseiiryo.mhlw.go.jp/published_plan/download/01C2212041/5/0	01C2204013:0:200|01C2204013:1:404|01C2204013:2:404|01C2212041:0:200|01C2212041:1:404|01C2212041:2:404	[]
366	812	22	3	大阪府|医療法人蒼優会NLC野中腰痛クリニック	大阪府	医療法人蒼優会 NLC野中腰痛クリニック	01E2312014	PRP	v40_queue							NONE	NO	1	3	0	0	https://saiseiiryo.mhlw.go.jp/published_plan/download/01E2312014/5/0	01E2312014:0:200|01E2312014:1:404|01E2312014:2:404	[]
366	812	22	4	愛知県|オーダーメイド・クリニックNAGOYA	愛知県	オーダーメイド・クリニック NAGOYA	01D2306010	PRP	v40_queue							NONE	NO	1	3	0	0	https://saiseiiryo.mhlw.go.jp/published_plan/download/01D2306010/5/0	01D2306010:0:200|01D2306010:1:404|01D2306010:2:404	[]
366	812	22	5	東京都|医療法人保仁会神谷整形外科・眼科	東京都	医療法人 保仁会 神谷整形外科・眼科	02C1907031	PRP	v41	PRP						NONE	NO	2	4	0	0	https://saiseiiryo.mhlw.go.jp/published_plan/download/02C1907031/5/0|https://saiseiiryo.mhlw.go.jp/published_plan/download/02C1907031/5/1	02C1907031:0:200|02C1907031:1:200|02C1907031:2:404|02C1907031:3:404	[]
366	812	22	6	東京都|医療法人美喜有会リペアセルクリニック東京院	東京都	医療法人美喜有会  リペアセルクリニック 東京院	02C2604060|02C2604065|02C2604067|02C2604069	PRP|脂肪由来幹細胞	v40_queue|v41							NONE	NO	4	12	0	1	https://saiseiiryo.mhlw.go.jp/published_plan/download/02C2604060/5/0|https://saiseiiryo.mhlw.go.jp/published_plan/download/02C2604065/5/0|https://saiseiiryo.mhlw.go.jp/published_plan/download/02C2604067/5/0|https://saiseiiryo.mhlw.go.jp/published_plan/download/02C2604069/5/0	02C2604060:0:200|02C2604060:1:404|02C2604060:2:404|02C2604065:0:200|02C2604065:1:404|02C2604065:2:404|02C2604067:0:200|02C2604067:1:404|02C2604067:2:404|02C2604069:0:200|02C2604069:1:404|02C2604069:2:404	[]
366	812	22	7	滋賀県|医療法人翠蓮会とがの整形外科クリニック	滋賀県	医療法人翠蓮会 とがの整形外科クリニック	01E2412010|01E2412027	PRP	v40_queue							NONE	NO	2	6	0	1	https://saiseiiryo.mhlw.go.jp/published_plan/download/01E2412010/5/0|https://saiseiiryo.mhlw.go.jp/published_plan/download/01E2412027/5/0	01E2412010:0:200|01E2412010:1:404|01E2412010:2:404|01E2412027:0:200|01E2412027:1:404|01E2412027:2:404	[]
366	812	22	8	神奈川県|湘南台まつえ整形外科・内科・リハビリテーションクリニック	神奈川県	湘南台まつえ整形外科・内科・リハビリテーションクリニック	01C2509005|01C2509007	PRP	v40_queue							NONE	NO	2	6	0	1	https://saiseiiryo.mhlw.go.jp/published_plan/download/01C2509005/5/0|https://saiseiiryo.mhlw.go.jp/published_plan/download/01C2509007/5/0	01C2509005:0:200|01C2509005:1:404|01C2509005:2:404|01C2509007:0:200|01C2509007:1:404|01C2509007:2:404	[]
366	812	22	9	長野県|長野県立信州医療センター	長野県	長野県立信州医療センター	03C2606030	PRP	v40_queue							NONE	NO	1	3	0	1	https://saiseiiryo.mhlw.go.jp/published_plan/download/03C2606030/5/0	03C2606030:0:200|03C2606030:1:404|03C2606030:2:404	[]
366	812	23	1	兵庫県|藤田整形外科スポーツクリニック	兵庫県	藤田整形外科 スポーツクリニック	01E2506023|01E2506024	PRP	v40_queue|v41							NONE	NO	2	6	0	0	https://saiseiiryo.mhlw.go.jp/published_plan/download/01E2506023/5/0|https://saiseiiryo.mhlw.go.jp/published_plan/download/01E2506024/5/0	01E2506023:0:200|01E2506023:1:404|01E2506023:2:404|01E2506024:0:200|01E2506024:1:404|01E2506024:2:404	[]
366	812	23	2	埼玉県|根本外科整形外科	埼玉県	根本外科整形外科	01C2303014|01C2303015	PRP	v40_queue|v41							NONE	NO	2	6	0	0	https://saiseiiryo.mhlw.go.jp/published_plan/download/01C2303014/5/0|https://saiseiiryo.mhlw.go.jp/published_plan/download/01C2303015/5/0	01C2303014:0:200|01C2303014:1:404|01C2303014:2:404|01C2303015:0:200|01C2303015:1:404|01C2303015:2:404	[]
366	812	23	3	大阪府|医療法人讃高会枚方東整形外科病院	大阪府	医療法人讃高会 枚方東整形外科病院	02E2507044|02E2507045	PRP	v40_queue|v41							NONE	NO	2	6	0	0	https://saiseiiryo.mhlw.go.jp/published_plan/download/02E2507044/5/0|https://saiseiiryo.mhlw.go.jp/published_plan/download/02E2507045/5/0	02E2507044:0:200|02E2507044:1:404|02E2507044:2:404|02E2507045:0:200|02E2507045:1:404|02E2507045:2:404	[]
366	812	23	4	愛知県|フェリシティークリニック名古屋	愛知県	フェリシティークリニック名古屋	01D1906001	PRP	v40_queue							NONE	NO	3	5	0	0	https://saiseiiryo.mhlw.go.jp/published_plan/download/01D1906001/5/0|https://saiseiiryo.mhlw.go.jp/published_plan/download/01D1906001/5/1|https://saiseiiryo.mhlw.go.jp/published_plan/download/01D1906001/5/2	01D1906001:0:200|01D1906001:1:200|01D1906001:2:200|01D1906001:3:404|01D1906001:4:404	[]
366	812	23	5	東京都|医療法人さくら会銀座NANAクリニック	東京都	医療法人さくら会 銀座NANAクリニック	01C2307044	PRP	v40_queue							NONE	NO	1	3	0	0	https://saiseiiryo.mhlw.go.jp/published_plan/download/01C2307044/5/0	01C2307044:0:200|01C2307044:1:404|01C2307044:2:404	[]
366	812	23	6	東京都|医療法人財団健貢会東京クリニック	東京都	医療法人財団 健貢会 東京クリニック	01C2407053	PRP	v41							NONE	NO	1	3	0	1	https://saiseiiryo.mhlw.go.jp/published_plan/download/01C2407053/5/0	01C2407053:0:200|01C2407053:1:404|01C2407053:2:404	[]
366	812	23	7	滋賀県|東近江市立能登川病院	滋賀県	東近江市立能登川病院	01E2402012|01E2405012	PRP	v40_queue|v41							NONE	NO	2	6	0	1	https://saiseiiryo.mhlw.go.jp/published_plan/download/01E2402012/5/0|https://saiseiiryo.mhlw.go.jp/published_plan/download/01E2405012/5/0	01E2402012:0:200|01E2402012:1:404|01E2402012:2:404|01E2405012:0:200|01E2405012:1:404|01E2405012:2:404	[]
366	812	23	8	神奈川県|特定医療法人社団育成社佐々木病院	神奈川県	特定医療法人 社団育成社 佐々木病院	02C1911192	PRP	v41							NONE	NO	1	3	0	1	https://saiseiiryo.mhlw.go.jp/published_plan/download/02C1911192/5/0	02C1911192:0:200|02C1911192:1:404|02C1911192:2:404	[]
366	812	23	9	静岡県|TOBU整形外科スポーツ&リハビリクリニック	静岡県	TOBU整形外科スポーツ&リハビリクリニック	01D2508003|01D2508004	PRP	v40_queue		Condensia	京セラ	京セラ		京セラ	EXPLICIT_MHLW	YES	2	6	0	1	https://saiseiiryo.mhlw.go.jp/published_plan/download/01D2508003/5/0|https://saiseiiryo.mhlw.go.jp/published_plan/download/01D2508004/5/0	01D2508003:0:200|01D2508003:1:404|01D2508003:2:404|01D2508004:0:200|01D2508004:1:404|01D2508004:2:404	"[{""code"": ""01D2508004"", ""idx"": 0, ""url"": ""https://saiseiiryo.mhlw.go.jp/published_plan/download/01D2508004/5/0"", ""page"": 5, ""type"": ""product"", ""hit"": ""Condensia"", ""context"": ""負担が 他の治療よりも高額になることがあります。 当院において実施される本治療および本治 療に必要な検査などの費用は全額自己負担となります。 血液分離専用容器キットによる提供価格 各 1 回: PRP:(京セラ Condensia システム) 使用 ・・ ・ ・ ・ ・ ・・1 回35,000 円(税込) ※患者様の症状によっては、治療を数回行うことがあります。治療前、または治療後 の状態から担当医師が判断し、患者様にお伝えしご相談させて頂きます。 ※治療内容・回数により1回あたりの費用が減額される場合がございます。施術する 前に詳細な説明をいたしますので、ご納得いただいた上""}, {""code"": ""01D2508004"", ""idx"": 0, ""url"": ""https://saiseiiryo.mhlw.go.jp/published_plan/download/01D2508004/5/0"", ""page"": 5, ""type"": ""maker"", ""hit"": ""京セラ"", ""context"": ""様の費用負担が 他の治療よりも高額になることがあります。 当院において実施される本治療および本治 療に必要な検査などの費用は全額自己負担となります。 血液分離専用容器キットによる提供価格 各 1 回: PRP:(京セラ Condensia システム) 使用 ・・ ・ ・ ・ ・ ・・1 回35,000 円(税込) ※患者様の症状によっては、治療を数回行うことがあります。治療前、または治療後 の状態から担当医師が判断し、患者様にお伝えしご相談させて頂きます。 ※治療内容・回数により1回あたりの費用が減額される場合がございます。施術する 前に詳細な説明をいたしますので""}]"
366	812	24	1	北海道|札幌ひざのセルクリニック	北海道	札幌ひざのセルクリニック	01A2312001|01A2312002|01A2312003	PRP|脂肪由来幹細胞	v41	脂肪由来幹細胞						NONE	NO	3	9	0	0	https://saiseiiryo.mhlw.go.jp/published_plan/download/01A2312001/5/0|https://saiseiiryo.mhlw.go.jp/published_plan/download/01A2312002/5/0|https://saiseiiryo.mhlw.go.jp/published_plan/download/01A2312003/5/0	01A2312001:0:200|01A2312001:1:404|01A2312001:2:404|01A2312002:0:200|01A2312002:1:404|01A2312002:2:404|01A2312003:0:200|01A2312003:1:404|01A2312003:2:404	[]
366	812	24	2	埼玉県|独立行政法人国立病院機構西埼玉中央病院	埼玉県	独立行政法人国立病院機構西埼玉中央病院	02C1911189	PRP	v40_queue							NONE	NO	2	4	0	0	https://saiseiiryo.mhlw.go.jp/published_plan/download/02C1911189/5/0|https://saiseiiryo.mhlw.go.jp/published_plan/download/02C1911189/5/1	02C1911189:0:200|02C1911189:1:200|02C1911189:2:404|02C1911189:3:404	[]
366	812	24	3	大阪府|医療法人酒井会さかいペインクリニック	大阪府	医療法人酒井会 さかいペインクリニック	01E2403005|01E2403006	PRP	v40_queue|v41							NONE	NO	2	6	0	0	https://saiseiiryo.mhlw.go.jp/published_plan/download/01E2403005/5/0|https://saiseiiryo.mhlw.go.jp/published_plan/download/01E2403006/5/0	01E2403005:0:200|01E2403005:1:404|01E2403005:2:404|01E2403006:0:200|01E2403006:1:404|01E2403006:2:404	[]
366	812	24	4	愛知県|リジェネレーションクリニック	愛知県	リジェネレーションクリニック	01D2404004|01D2404005	PRP	v40_queue							NONE	NO	2	6	0	0	https://saiseiiryo.mhlw.go.jp/published_plan/download/01D2404004/5/0|https://saiseiiryo.mhlw.go.jp/published_plan/download/01D2404005/5/0	01D2404004:0:200|01D2404004:1:404|01D2404004:2:404|01D2404005:0:200|01D2404005:1:404|01D2404005:2:404	[]
366	812	24	5	東京都|医療法人京華会CLINICABellaForma	東京都	医療法人京華会 CLINICA BellaForma	01C2604016|02C2409025|02C2409026|02C2607072	PRP|脂肪由来幹細胞	v41							NONE	NO	4	12	0	0	https://saiseiiryo.mhlw.go.jp/published_plan/download/01C2604016/5/0|https://saiseiiryo.mhlw.go.jp/published_plan/download/02C2409025/5/0|https://saiseiiryo.mhlw.go.jp/published_plan/download/02C2409026/5/0|https://saiseiiryo.mhlw.go.jp/published_plan/download/02C2607072/5/0	01C2604016:0:200|01C2604016:1:404|01C2604016:2:404|02C2409025:0:200|02C2409025:1:404|02C2409025:2:404|02C2409026:0:200|02C2409026:1:404|02C2409026:2:404|02C2607072:0:200|02C2607072:1:404|02C2607072:2:404	[]
366	812	24	6	東京都|医療法人財団檜扇会クリニック東京虎ノ門COR	東京都	医療法人財団檜扇会 クリニック 東京虎ノ門COR	02C2404031|02C2404032|02C2404033|02C2404034|02C2404036	PRP|脂肪由来幹細胞	v40_queue|v41	PRP						NONE	NO	15	25	0	1	https://saiseiiryo.mhlw.go.jp/published_plan/download/02C2404031/5/0|https://saiseiiryo.mhlw.go.jp/published_plan/download/02C2404031/5/1|https://saiseiiryo.mhlw.go.jp/published_plan/download/02C2404031/5/2|https://saiseiiryo.mhlw.go.jp/published_plan/download/02C2404032/5/0|https://saiseiiryo.mhlw.go.jp/published_plan/download/02C2404032/5/1|https://saiseiiryo.mhlw.go.jp/published_plan/download/02C2404032/5/2|https://saiseiiryo.mhlw.go.jp/published_plan/download/02C2404033/5/0|https://saiseiiryo.mhlw.go.jp/published_plan/download/02C2404033/5/1|https://saiseiiryo.mhlw.go.jp/published_plan/download/02C2404033/5/2|https://saiseiiryo.mhlw.go.jp/published_plan/download/02C2404034/5/0|https://saiseiiryo.mhlw.go.jp/published_plan/download/02C2404034/5/1|https://saiseiiryo.mhlw.go.jp/published_plan/download/02C2404034/5/2|https://saiseiiryo.mhlw.go.jp/published_plan/download/02C2404036/5/0|https://saiseiiryo.mhlw.go.jp/published_plan/download/02C2404036/5/1|https://saiseiiryo.mhlw.go.jp/published_plan/download/02C2404036/5/2	02C2404031:0:200|02C2404031:1:200|02C2404031:2:200|02C2404031:3:404|02C2404031:4:404|02C2404032:0:200|02C2404032:1:200|02C2404032:2:200|02C2404032:3:404|02C2404032:4:404|02C2404033:0:200|02C2404033:1:200|02C2404033:2:200|02C2404033:3:404|02C2404033:4:404|02C2404034:0:200|02C2404034:1:200|02C2404034:2:200|02C2404034:3:404|02C2404034:4:404|02C2404036:0:200|02C2404036:1:200|02C2404036:2:200|02C2404036:3:404|02C2404036:4:404	[]
366	812	24	7	滋賀県|田原整形外科	滋賀県	田原整形外科	01E2404003	PRP	v41							NONE	NO	1	3	0	1	https://saiseiiryo.mhlw.go.jp/published_plan/download/01E2404003/5/0	01E2404003:0:200|01E2404003:1:404|01E2404003:2:404	[]
366	812	24	8	神奈川県|社会福祉法人恩賜財団済生会横浜市東部病院	神奈川県	社会福祉法人恩賜財団済生会 横浜市東部病院	02C2607021	PRP	v41							NONE	NO	2	4	0	1	https://saiseiiryo.mhlw.go.jp/published_plan/download/02C2607021/5/0|https://saiseiiryo.mhlw.go.jp/published_plan/download/02C2607021/5/1	02C2607021:0:200|02C2607021:1:200|02C2607021:2:404|02C2607021:3:404	[]
366	812	24	9	静岡県|かわぐち整形外科	静岡県	かわぐち整形外科	01D2102006	PRP	v40_queue							NONE	NO	1	3	0	1	https://saiseiiryo.mhlw.go.jp/published_plan/download/01D2102006/5/0	01D2102006:0:200|01D2102006:1:404|01D2102006:2:404	[]
366	812	25	1	千葉県|しろやまいたみのクリニック	千葉県	しろやまいたみのクリニック	01C2502010	PRP	v41							NONE	NO	1	3	0	0	https://saiseiiryo.mhlw.go.jp/published_plan/download/01C2502010/5/0	01C2502010:0:200|01C2502010:1:404|01C2502010:2:404	[]
366	812	25	2	大分県|仙波整形外科	大分県	仙波整形外科	01G2101005	PRP	v40_queue							NONE	NO	1	3	0	0	https://saiseiiryo.mhlw.go.jp/published_plan/download/01G2101005/5/0	01G2101005:0:200|01G2101005:1:404|01G2101005:2:404	[]
366	812	25	3	大阪府|医療法人香華会Re:BornClinic大阪院	大阪府	医療法人香華会 Re:Born Clinic 大阪院	02E2605005|02E2605006|02E2605014|02E2605018	PRP|脂肪由来幹細胞	v40_queue							NONE	NO	12	20	0	0	https://saiseiiryo.mhlw.go.jp/published_plan/download/02E2605005/5/0|https://saiseiiryo.mhlw.go.jp/published_plan/download/02E2605005/5/1|https://saiseiiryo.mhlw.go.jp/published_plan/download/02E2605005/5/2|https://saiseiiryo.mhlw.go.jp/published_plan/download/02E2605006/5/0|https://saiseiiryo.mhlw.go.jp/published_plan/download/02E2605006/5/1|https://saiseiiryo.mhlw.go.jp/published_plan/download/02E2605006/5/2|https://saiseiiryo.mhlw.go.jp/published_plan/download/02E2605014/5/0|https://saiseiiryo.mhlw.go.jp/published_plan/download/02E2605014/5/1|https://saiseiiryo.mhlw.go.jp/published_plan/download/02E2605014/5/2|https://saiseiiryo.mhlw.go.jp/published_plan/download/02E2605018/5/0|https://saiseiiryo.mhlw.go.jp/published_plan/download/02E2605018/5/1|https://saiseiiryo.mhlw.go.jp/published_plan/download/02E2605018/5/2	02E2605005:0:200|02E2605005:1:200|02E2605005:2:200|02E2605005:3:404|02E2605005:4:404|02E2605006:0:200|02E2605006:1:200|02E2605006:2:200|02E2605006:3:404|02E2605006:4:404|02E2605014:0:200|02E2605014:1:200|02E2605014:2:200|02E2605014:3:404|02E2605014:4:404|02E2605018:0:200|02E2605018:1:200|02E2605018:2:200|02E2605018:3:404|02E2605018:4:404	[]
366	812	25	4	愛知県|医療法人SmartClinic小牧スマートクリニック	愛知県	医療法人SmartClinic 小牧スマートクリニック	01D2505006	PRP	v40_queue							NONE	NO	1	3	0	0	https://saiseiiryo.mhlw.go.jp/published_plan/download/01D2505006/5/0	01D2505006:0:200|01D2505006:1:404|01D2505006:2:404	[]
366	812	25	5	東京都|医療法人社団山手クリニック	東京都	医療法人社団 山手クリニック	01C2310059	PRP	v41	PRP						NONE	NO	1	3	0	0	https://saiseiiryo.mhlw.go.jp/published_plan/download/01C2310059/5/0	01C2310059:0:200|01C2310059:1:404|01C2310059:2:404	[]
366	812	25	6	東京都|十条整形外科リハビリクリニック	東京都	十条整形外科リハビリクリニック	01C2209017|03C2305006	PRP	v41	PRP						NONE	NO	5	9	0	1	https://saiseiiryo.mhlw.go.jp/published_plan/download/01C2209017/5/0|https://saiseiiryo.mhlw.go.jp/published_plan/download/01C2209017/5/1|https://saiseiiryo.mhlw.go.jp/published_plan/download/03C2305006/5/0|https://saiseiiryo.mhlw.go.jp/published_plan/download/03C2305006/5/1|https://saiseiiryo.mhlw.go.jp/published_plan/download/03C2305006/5/2	01C2209017:0:200|01C2209017:1:200|01C2209017:2:404|01C2209017:3:404|03C2305006:0:200|03C2305006:1:200|03C2305006:2:200|03C2305006:3:404|03C2305006:4:404	[]
366	812	25	7	熊本県|保田窪整形外科病院	熊本県	保田窪整形外科病院	01G2506014	PRP	v40_queue							NONE	NO	2	4	0	1	https://saiseiiryo.mhlw.go.jp/published_plan/download/01G2506014/5/0|https://saiseiiryo.mhlw.go.jp/published_plan/download/01G2506014/5/1	01G2506014:0:200|01G2506014:1:200|01G2506014:2:404|01G2506014:3:404	[]
366	812	25	8	神奈川県|社会福祉法人聖隷福祉事業団聖隷横浜病院	神奈川県	社会福祉法人聖隷福祉事業団 聖隷横浜病院	03C2210001	APS/PRP	v41		APS		Zimmer Biomet		Zimmer Biomet	VALIDATED_PRODUCT_MAP	YES	1	3	0	1	https://saiseiiryo.mhlw.go.jp/published_plan/download/03C2210001/5/0	03C2210001:0:200|03C2210001:1:404|03C2210001:2:404	"[{""code"": ""03C2210001"", ""idx"": 0, ""url"": ""https://saiseiiryo.mhlw.go.jp/published_plan/download/03C2210001/5/0"", ""page"": 1, ""type"": ""product"", ""hit"": ""APS"", ""context"": ""小板血漿(抽出液) を製造し ます。製造した多血小板血漿(抽出液)は注射器を用いて患部に注入を行います。 ※以下、血小板を濃縮した多血小板血漿を PRP、PRP からさらに抽出を行い純度を高めた多血小板血漿 抽出液を APS と記載いたします。 (治療の流れ) 採血 ⇒ PRP・APS 抽出 ⇒ 患部に投与 すべての治療は当日中に完了します。必要に応じて、施術の際に局部麻酔を行うことがあります。 1.採血 : 1 キット約 55mL の血液を採取します。 2.PRP・APS 分離 : 採取した血液を「医薬品、医療機器等の品質、有効性及び安全性の確保等に関す る法""}, {""code"": ""03C2210001"", ""idx"": 0, ""url"": ""https://saiseiiryo.mhlw.go.jp/published_plan/download/03C2210001/5/0"", ""page"": 2, ""type"": ""product"", ""hit"": ""APS"", ""context"": ""行う際にあなたから取得した個人情報は、本院が定める個人情報取扱実施規程に従い適切に 管理、保護されます。 10.細胞などの保管及び廃棄の方法について 本治療のために採取させていただいた血液や、製造した PRP、APS の一部の保管は行いません。血液 の採取後や PRP、APS の製造後に同意を撤回されたことにより使用しなくなった場合は、廃棄物処理法に 従い感染性廃棄物として処理業者に委託して廃棄を行います。 11.苦情及びお問い合わせの体制について 当院では、以下のとおり本治療法に関する苦情及びお問い合わせの窓口を設置しております。窓口での 受付後、治療を行う""}, {""code"": ""03C2210001"", ""idx"": 0, ""url"": ""https://saiseiiryo.mhlw.go.jp/published_plan/download/03C2210001/5/0"", ""page"": 3, ""type"": ""product"", ""hit"": ""APS"", ""context"": ""、治療の日程やお 時間を変更させていただくことがございますので、ご理解の程お願いいたします。 ・本治療の実施にあたって、ヒトゲノム・遺伝子解析は行いません。 ・本治療の実施にあたって採取した細胞、 製造した PRP、APS を今後別の治療、研究に用いることはありませ ん。""}]"
366	812	25	9	静岡県|医療法人社団オステオケアないとう整形外科クリニック	静岡県	医療法人社団オステオケア ないとう整形外科クリニック	01D2303008|01D2303009	PRP	v40_queue							NONE	NO	4	8	0	1	https://saiseiiryo.mhlw.go.jp/published_plan/download/01D2303008/5/0|https://saiseiiryo.mhlw.go.jp/published_plan/download/01D2303008/5/1|https://saiseiiryo.mhlw.go.jp/published_plan/download/01D2303009/5/0|https://saiseiiryo.mhlw.go.jp/published_plan/download/01D2303009/5/1	01D2303008:0:200|01D2303008:1:200|01D2303008:2:404|01D2303008:3:404|01D2303009:0:200|01D2303009:1:200|01D2303009:2:404|01D2303009:3:404	[]
366	812	26	1	千葉県|ジェフユナイテッド株式会社診療所	千葉県	ジェフユナイテッド株式会社 診療所	02C2201001	PRP	v41							NONE	NO	4	6	0	0	https://saiseiiryo.mhlw.go.jp/published_plan/download/02C2201001/5/0|https://saiseiiryo.mhlw.go.jp/published_plan/download/02C2201001/5/1|https://saiseiiryo.mhlw.go.jp/published_plan/download/02C2201001/5/2|https://saiseiiryo.mhlw.go.jp/published_plan/download/02C2201001/5/3	02C2201001:0:200|02C2201001:1:200|02C2201001:2:200|02C2201001:3:200|02C2201001:4:404|02C2201001:5:404	[]
366	812	26	2	大分県|医療法人恵愛会中村病院	大分県	医療法人恵愛会 中村病院	02G1911002	PRP	v41							NONE	NO	2	4	0	0	https://saiseiiryo.mhlw.go.jp/published_plan/download/02G1911002/5/0|https://saiseiiryo.mhlw.go.jp/published_plan/download/02G1911002/5/1	02G1911002:0:200|02G1911002:1:200|02G1911002:2:404|02G1911002:3:404	[]
366	812	26	3	大阪府|吹田くわた内科・ペインクリニック	大阪府	吹田くわた内科・ペインクリニック	01E2505012|01E2505013	PRP	v41	PRP		京セラ			京セラ	EXPLICIT_MHLW	YES	4	8	0	0	https://saiseiiryo.mhlw.go.jp/published_plan/download/01E2505012/5/0|https://saiseiiryo.mhlw.go.jp/published_plan/download/01E2505012/5/1|https://saiseiiryo.mhlw.go.jp/published_plan/download/01E2505013/5/0|https://saiseiiryo.mhlw.go.jp/published_plan/download/01E2505013/5/1	01E2505012:0:200|01E2505012:1:200|01E2505012:2:404|01E2505012:3:404|01E2505013:0:200|01E2505013:1:200|01E2505013:2:404|01E2505013:3:404	"[{""code"": ""01E2505012"", ""idx"": 1, ""url"": ""https://saiseiiryo.mhlw.go.jp/published_plan/download/01E2505012/5/1"", ""page"": 1, ""type"": ""maker"", ""hit"": ""京セラ"", ""context"": ""療費用(税込) 】 区分 料金 初回お試し 50,000円 1回(2回目以降) 60,000円 3回セット 165,000円(1回あたり55,000円) 【料金に含まれる内容】 • PRP採血および調製(京セラダブルスピン法) • エコーガイド下注射 • 術後経過観察(再診1回) • 術前カウンセリング(治療説明・適応確認) 【オプション(税込) 】 項目 料金 部位追加(1箇所) +15,000円 術後フォローカウンセリング(15分) +3,000円 疼痛コントロールキット +2,500円 (冷却パック・サポーター・自主トレ冊子) 術後""}, {""code"": ""01E2505013"", ""idx"": 1, ""url"": ""https://saiseiiryo.mhlw.go.jp/published_plan/download/01E2505013/5/1"", ""page"": 1, ""type"": ""maker"", ""hit"": ""京セラ"", ""context"": ""療費用(税込) 】 区分 料金 初回お試し 50,000円 1回(2回目以降) 60,000円 3回セット 165,000円(1回あたり55,000円) 【料金に含まれる内容】 • PRP採血および調製(京セラダブルスピン法) • エコーガイド下注射 • 術後経過観察(再診1回) • 術前カウンセリング(治療説明・適応確認) 【オプション(税込) 】 項目 料金 部位追加(1箇所) +15,000円 術後フォローカウンセリング(15分) +3,000円 疼痛コントロールキット +2,500円 (冷却パック・サポーター・自主トレ冊子) 術後""}]"
366	812	26	4	愛知県|医療法人愛恵会愛光整形外科	愛知県	医療法人愛恵会 愛光整形外科	02D1909077	PRP	v40_queue							NONE	NO	1	3	0	0	https://saiseiiryo.mhlw.go.jp/published_plan/download/02D1909077/5/0	02D1909077:0:200|02D1909077:1:404|02D1909077:2:404	[]
366	812	26	5	東京都|医療法人社団ARen大森整形外科	東京都	医療法人社団ARen 大森整形外科	03C2309035	PRP	v40_queue							NONE	NO	1	3	0	0	https://saiseiiryo.mhlw.go.jp/published_plan/download/03C2309035/5/0	03C2309035:0:200|03C2309035:1:404|03C2309035:2:404	[]
366	812	26	6	東京都|南新宿整形外科リハビリテーションクリニック	東京都	南新宿整形外科リハビリテーションクリニック	01C1906016|01C1906024|01C2011007	PRP|脂肪由来幹細胞|脂肪由来幹細胞/SVF	v41							NONE	NO	3	9	0	1	https://saiseiiryo.mhlw.go.jp/published_plan/download/01C1906016/5/0|https://saiseiiryo.mhlw.go.jp/published_plan/download/01C1906024/5/0|https://saiseiiryo.mhlw.go.jp/published_plan/download/01C2011007/5/0	01C1906016:0:200|01C1906016:1:404|01C1906016:2:404|01C1906024:0:200|01C1906024:1:404|01C1906024:2:404|01C2011007:0:200|01C2011007:1:404|01C2011007:2:404	[]
366	812	26	7	熊本県|熊本整形外科病院	熊本県	熊本整形外科病院	02G2511005	PRP	v41							NONE	NO	3	5	0	1	https://saiseiiryo.mhlw.go.jp/published_plan/download/02G2511005/5/0|https://saiseiiryo.mhlw.go.jp/published_plan/download/02G2511005/5/1|https://saiseiiryo.mhlw.go.jp/published_plan/download/02G2511005/5/2	02G2511005:0:200|02G2511005:1:200|02G2511005:2:200|02G2511005:3:404|02G2511005:4:404	[]
366	812	26	8	神奈川県|金沢八景整形外科	神奈川県	金沢八景整形外科	01C2403005|01C2403006	PRP	v41							NONE	NO	2	6	0	1	https://saiseiiryo.mhlw.go.jp/published_plan/download/01C2403005/5/0|https://saiseiiryo.mhlw.go.jp/published_plan/download/01C2403006/5/0	01C2403005:0:200|01C2403005:1:404|01C2403005:2:404|01C2403006:0:200|01C2403006:1:404|01C2403006:2:404	[]
366	812	26	9	静岡県|医療法人社団平成会藤枝平成記念病院	静岡県	医療法人社団平成会 藤枝平成記念病院	01D2510006	PRP	v40_queue		APS		Zimmer Biomet		Zimmer Biomet	VALIDATED_PRODUCT_MAP	YES	1	3	0	1	https://saiseiiryo.mhlw.go.jp/published_plan/download/01D2510006/5/0	01D2510006:0:200|01D2510006:1:404|01D2510006:2:404	"[{""code"": ""01D2510006"", ""idx"": 0, ""url"": ""https://saiseiiryo.mhlw.go.jp/published_plan/download/01D2510006/5/0"", ""page"": 1, ""type"": ""product"", ""hit"": ""APS"", ""context"": ""なた)から血液を採取し、血小板を濃縮した多血小板血漿を製造しま す。製造した多血小板血漿は注射器を用いて患部に注入を行います。 ※以下、血小板を濃縮した多血小板血漿をPRP、PRPをさらに濃縮した多血小板血漿抽出液を APSと記載いたします。 4.細胞提供者として選定された理由 本治療法では、再生医療等を受ける本人(あなた)から採取した細胞を用いるため、あなたが細胞 提供者として選定されました。 (選定基準) 再生医療等を受ける本人であること。 (除外基準) 細胞提供にあたって再生医療等を受ける者の除外基準に抵触せず、重症貧血・血小板減少症等 の診断された場合を""}, {""code"": ""01D2510006"", ""idx"": 0, ""url"": ""https://saiseiiryo.mhlw.go.jp/published_plan/download/01D2510006/5/0"", ""page"": 2, ""type"": ""product"", ""hit"": ""APS"", ""context"": "")を有する ・薬剤過敏症の既往歴を有する その他、治療を受ける者の健康状態、身体的条件を勘案し、本治療を実施する医師が治療の提 供の可否を判断する。 5.再生医療等に用いる細胞について 本治療に用いるPRP、APSは再生医療等を受ける本人(あなた)から採取した血液を元に製造し、 主に血小板から構成されます。血液の採取は当院にて、注射器を用いて採取します。採取した血 液を本治療専用の医療機器を用いて遠心分離(遠心力を利用して、細胞の大きさによって血液中 の細胞を分離する方法)によりPRP、APSを精製抽出します。 6.細胞の提供や再生医療等を受けることによる利益(""}, {""code"": ""01D2510006"", ""idx"": 0, ""url"": ""https://saiseiiryo.mhlw.go.jp/published_plan/download/01D2510006/5/0"", ""page"": 3, ""type"": ""product"", ""hit"": ""APS"", ""context"": ""に当クリニックの治療成績 の公表等へ匿名化した上で患者様の治療結果を使用させていただくことがあります。 11.細胞などの保管及び廃棄の方法について 本治療のために採取させていただいた血液の一部及び作製したPRP、APSの保管は行いませ ん。血液の採取後に同意を撤回されたことにより使用しなくなった場合は、個人情報を分からない ようにした上で、医療廃棄物として処理業者に委託して廃棄を行います。 12.再生医療等に係る特許権、著作権その他の財産権、経済的利益の帰属について あなたから提供を受けた細胞を用いる再生医療等について新たに生じた特許権、著作権その他 の財産権、経""}, {""code"": ""01D2510006"", ""idx"": 0, ""url"": ""https://saiseiiryo.mhlw.go.jp/published_plan/download/01D2510006/5/0"", ""page"": 4, ""type"": ""product"", ""hit"": ""APS"", ""context"": ""る法律」により定められた「再生医療等提供基準」に照らして審査を受けています。 18.その他の特記事項 ・細胞の提供及び治療の実施にあたって、ヒトゲノム・遺伝子解析は行いません。 ・採取した細胞や製造したPRP、APSを今後別の治療、研究に用いることはありません。 ・本治療を受けていただいた後は、健康被害の発生や治療の効果について検証させていただくた め、本治療を受けた日から本治療を受けた日から1、3、6ヶ月後を目安に定期的に通院いただき 経過観察をさせていただきます。また、必要に応じてそれ以外の時期にも通院をお願いさせてい ただく可能性がございます。""}, {""code"": ""01D2510006"", ""idx"": 0, ""url"": ""https://saiseiiryo.mhlw.go.jp/published_plan/download/01D2510006/5/0"", ""page"": 5, ""type"": ""product"", ""hit"": ""APS"", ""context"": ""•治療を受けられた患者さまに術前術後の診察時に施術部位のレントゲン撮影をお願いする場合 がございますので、その場合はご協力をお願いいたします。 ・患者様の体調が良くない場合や、採取した血液の状態によっては、PRP、APSを分離できない ことがあります。その際には、再度採血をさせていただく場合があります。 ・PRP、APSを濃縮する機器は定期的にメンテナンスを行っていますが、突然の不具合発生によ り、治療の日程やお時間を変更させていただくことがございますので、大変申し訳ありませんがご 理解の程お願いいたします。 ・治療後に腫脹や熱感等の症状が無く、リハビリテーションをご希""}]"
366	812	27	1	千葉県|医療法人成春会北習志野花輪病院	千葉県	医療法人成春会 北習志野花輪病院	02C2512026	PRP	v40_queue							NONE	NO	2	4	0	0	https://saiseiiryo.mhlw.go.jp/published_plan/download/02C2512026/5/0|https://saiseiiryo.mhlw.go.jp/published_plan/download/02C2512026/5/1	02C2512026:0:200|02C2512026:1:200|02C2512026:2:404|02C2512026:3:404	[]
366	812	27	2	大分県|猿渡整形外科スポーツリハクリニック	大分県	猿渡整形外科スポーツリハクリニック	01G2010001	PRP	v41							NONE	NO	1	3	0	0	https://saiseiiryo.mhlw.go.jp/published_plan/download/01G2010001/5/0	01G2010001:0:200|01G2010001:1:404|01G2010001:2:404	[]
366	812	27	3	大阪府|大阪市立総合医療センター	大阪府	大阪市立総合医療センター	03E2604001|03E2604002	PRP	v41							NONE	NO	2	6	0	0	https://saiseiiryo.mhlw.go.jp/published_plan/download/03E2604001/5/0|https://saiseiiryo.mhlw.go.jp/published_plan/download/03E2604002/5/0	03E2604001:0:200|03E2604001:1:404|03E2604001:2:404|03E2604002:0:200|03E2604002:1:404|03E2604002:2:404	[]
366	812	27	4	愛知県|医療法人社団交和会リブラささしまメディカルクリニック	愛知県	医療法人社団交和会 リブラささしまメディカルクリニック	03D2606014|03D2606015	PRP|脂肪由来幹細胞	v40_queue							NONE	NO	5	9	0	0	https://saiseiiryo.mhlw.go.jp/published_plan/download/03D2606014/5/0|https://saiseiiryo.mhlw.go.jp/published_plan/download/03D2606015/5/0|https://saiseiiryo.mhlw.go.jp/published_plan/download/03D2606015/5/1|https://saiseiiryo.mhlw.go.jp/published_plan/download/03D2606015/5/2|https://saiseiiryo.mhlw.go.jp/published_plan/download/03D2606015/5/3	03D2606014:0:200|03D2606014:1:404|03D2606014:2:404|03D2606015:0:200|03D2606015:1:200|03D2606015:2:200|03D2606015:3:200|03D2606015:4:404|03D2606015:5:404	[]
366	812	27	5	東京都|医療法人社団BODHIDr.KAKUKOスポーツクリニック	東京都	医療法人社団BODHI Dr.KAKUKOスポーツクリニック	01C1912059	PRP	v40_queue							NONE	NO	1	3	0	0	https://saiseiiryo.mhlw.go.jp/published_plan/download/01C1912059/5/0	01C1912059:0:200|01C1912059:1:404|01C1912059:2:404	[]
366	812	27	6	東京都|女性のための整形外科かおるこHappyクリニック	東京都	女性のための整形外科かおるこHappyクリニック	01C2106016|01C2302066	PRP	v41	PRP						NONE	NO	3	7	0	1	https://saiseiiryo.mhlw.go.jp/published_plan/download/01C2106016/5/0|https://saiseiiryo.mhlw.go.jp/published_plan/download/01C2302066/5/0|https://saiseiiryo.mhlw.go.jp/published_plan/download/01C2302066/5/1	01C2106016:0:200|01C2106016:1:404|01C2106016:2:404|01C2302066:0:200|01C2302066:1:200|01C2302066:2:404|01C2302066:3:404	[]
366	812	27	7	石川県|医療法人EKOC東金沢整形外科クリニック	石川県	医療法人EKOC 東金沢整形外科クリニック	01D2407008|01D2407009	PRP	v40_queue							NONE	NO	5	9	0	1	https://saiseiiryo.mhlw.go.jp/published_plan/download/01D2407008/5/0|https://saiseiiryo.mhlw.go.jp/published_plan/download/01D2407008/5/1|https://saiseiiryo.mhlw.go.jp/published_plan/download/01D2407009/5/0|https://saiseiiryo.mhlw.go.jp/published_plan/download/01D2407009/5/1|https://saiseiiryo.mhlw.go.jp/published_plan/download/01D2407009/5/2	01D2407008:0:200|01D2407008:1:200|01D2407008:2:404|01D2407008:3:404|01D2407009:0:200|01D2407009:1:200|01D2407009:2:200|01D2407009:3:404|01D2407009:4:404	[]
366	812	27	8	福井県|Mクリニック	福井県	Mクリニック	01E2510006	PRP	v40_queue							NONE	NO	1	3	0	1	https://saiseiiryo.mhlw.go.jp/published_plan/download/01E2510006/5/0	01E2510006:0:200|01E2510006:1:404|01E2510006:2:404	[]
366	812	27	9	静岡県|医療法人社団明仁会静岡リハビリペインクリニック	静岡県	医療法人社団明仁会 静岡リハビリペインクリニック	01D2505007|01D2505008	PRP	v40_queue							NONE	NO	2	6	0	1	https://saiseiiryo.mhlw.go.jp/published_plan/download/01D2505007/5/0|https://saiseiiryo.mhlw.go.jp/published_plan/download/01D2505008/5/0	01D2505007:0:200|01D2505007:1:404|01D2505007:2:404|01D2505008:0:200|01D2505008:1:404|01D2505008:2:404	[]
366	812	28	1	千葉県|医療法人社団順徳会下総中山整形外科クリニック	千葉県	医療法人社団 順徳会 下総中山整形外科クリニック	02C2601085|02C2601086|02C2601087	PRP|脂肪由来幹細胞	v41	PRP|脂肪由来幹細胞						NONE	NO	9	15	0	0	https://saiseiiryo.mhlw.go.jp/published_plan/download/02C2601085/5/0|https://saiseiiryo.mhlw.go.jp/published_plan/download/02C2601085/5/1|https://saiseiiryo.mhlw.go.jp/published_plan/download/02C2601085/5/2|https://saiseiiryo.mhlw.go.jp/published_plan/download/02C2601086/5/0|https://saiseiiryo.mhlw.go.jp/published_plan/download/02C2601086/5/1|https://saiseiiryo.mhlw.go.jp/published_plan/download/02C2601086/5/2|https://saiseiiryo.mhlw.go.jp/published_plan/download/02C2601087/5/0|https://saiseiiryo.mhlw.go.jp/published_plan/download/02C2601087/5/1|https://saiseiiryo.mhlw.go.jp/published_plan/download/02C2601087/5/2	02C2601085:0:200|02C2601085:1:200|02C2601085:2:200|02C2601085:3:404|02C2601085:4:404|02C2601086:0:200|02C2601086:1:200|02C2601086:2:200|02C2601086:3:404|02C2601086:4:404|02C2601087:0:200|02C2601087:1:200|02C2601087:2:200|02C2601087:3:404|02C2601087:4:404	[]
366	812	28	2	大阪府|CELLGRANDCLINIC	大阪府	CELL GRAND CLINIC	01E2412017|01E2502004|01E2602015	PRP|脂肪由来幹細胞	v41							NONE	NO	4	10	0	0	https://saiseiiryo.mhlw.go.jp/published_plan/download/01E2412017/5/0|https://saiseiiryo.mhlw.go.jp/published_plan/download/01E2502004/5/0|https://saiseiiryo.mhlw.go.jp/published_plan/download/01E2602015/5/0|https://saiseiiryo.mhlw.go.jp/published_plan/download/01E2602015/5/1	01E2412017:0:200|01E2412017:1:404|01E2412017:2:404|01E2502004:0:200|01E2502004:1:404|01E2502004:2:404|01E2602015:0:200|01E2602015:1:200|01E2602015:2:404|01E2602015:3:404	[]
366	812	28	3	大阪府|大阪梅田セルクリニック	大阪府	大阪梅田セルクリニック	02E2309002|02E2310001|02E2602002	PRP|脂肪由来幹細胞	v41	脂肪由来幹細胞						NONE	NO	4	10	0	0	https://saiseiiryo.mhlw.go.jp/published_plan/download/02E2309002/5/0|https://saiseiiryo.mhlw.go.jp/published_plan/download/02E2310001/5/0|https://saiseiiryo.mhlw.go.jp/published_plan/download/02E2310001/5/1|https://saiseiiryo.mhlw.go.jp/published_plan/download/02E2602002/5/0	02E2309002:0:200|02E2309002:1:404|02E2309002:2:404|02E2310001:0:200|02E2310001:1:200|02E2310001:2:404|02E2310001:3:404|02E2602002:0:200|02E2602002:1:404|02E2602002:2:404	[]
366	812	28	4	愛知県|医療法人社団福祉会高須病院	愛知県	医療法人社団福祉会 高須病院	01D2405005|01D2408010|01D2509003	PRP|脂肪由来MSC	v40_queue							NONE	NO	3	9	0	0	https://saiseiiryo.mhlw.go.jp/published_plan/download/01D2405005/5/0|https://saiseiiryo.mhlw.go.jp/published_plan/download/01D2408010/5/0|https://saiseiiryo.mhlw.go.jp/published_plan/download/01D2509003/5/0	01D2405005:0:200|01D2405005:1:404|01D2405005:2:404|01D2408010:0:200|01D2408010:1:404|01D2408010:2:404|01D2509003:0:200|01D2509003:1:404|01D2509003:2:404	[]
366	812	28	5	東京都|医療法人社団KRMG東京ヴェインクリニック	東京都	医療法人社団KRMG 東京ヴェインクリニック	01C2301038	PRP	v40_queue							NONE	NO	2	4	0	0	https://saiseiiryo.mhlw.go.jp/published_plan/download/01C2301038/5/0|https://saiseiiryo.mhlw.go.jp/published_plan/download/01C2301038/5/1	01C2301038:0:200|01C2301038:1:200|01C2301038:2:404|01C2301038:3:404	[]
366	812	28	6	東京都|学校法人藤田学園藤田医科大学羽田クリニック	東京都	学校法人藤田学園 藤田医科大学 羽田クリニック	03C2603036|03C2603037|03C2603038	PRP|その他MSK|脂肪由来幹細胞	v41	ACC|脂肪由来幹細胞						NONE	NO	3	9	0	1	https://saiseiiryo.mhlw.go.jp/published_plan/download/03C2603036/5/0|https://saiseiiryo.mhlw.go.jp/published_plan/download/03C2603037/5/0|https://saiseiiryo.mhlw.go.jp/published_plan/download/03C2603038/5/0	03C2603036:0:200|03C2603036:1:404|03C2603036:2:404|03C2603037:0:200|03C2603037:1:404|03C2603037:2:404|03C2603038:0:200|03C2603038:1:404|03C2603038:2:404	[]
366	812	28	7	石川県|医療法人社団まえだクリニックまえだ整形外科骨・関節クリニック	石川県	医療法人社団まえだクリニック まえだ整形外科 骨・関節クリニック	01D2601002	PRP	v40_queue		ACP|ACP MAX	Arthrex	Arthrex		Arthrex	EXPLICIT_MHLW	YES	3	5	0	1	https://saiseiiryo.mhlw.go.jp/published_plan/download/01D2601002/5/0|https://saiseiiryo.mhlw.go.jp/published_plan/download/01D2601002/5/1|https://saiseiiryo.mhlw.go.jp/published_plan/download/01D2601002/5/2	01D2601002:0:200|01D2601002:1:200|01D2601002:2:200|01D2601002:3:404|01D2601002:4:404	"[{""code"": ""01D2601002"", ""idx"": 1, ""url"": ""https://saiseiiryo.mhlw.go.jp/published_plan/download/01D2601002/5/1"", ""page"": 1, ""type"": ""product"", ""hit"": ""ACP"", ""context"": ""ください。 本治療にかかる費用は、以下のとおりです。 費用には、PRP調製のための採血費用、PRPの調製費用、および注入にかかる費用がすべて含まれており ます。 PRPを調製するためのキットはArthrex社製の「ACP」を使用いたします。 ご不明な点がございましたら、どうぞご遠慮なく医師までご相談ください。 PRP 療法 (ACP使用) 45,000 円(税込) *上記の金額はPRPキット1本使用時の費用となります。 2. キャンセルポリシーについて 採血開始後のキャンセルにつきましては""}, {""code"": ""01D2601002"", ""idx"": 1, ""url"": ""https://saiseiiryo.mhlw.go.jp/published_plan/download/01D2601002/5/1"", ""page"": 1, ""type"": ""maker"", ""hit"": ""Arthrex"", ""context"": ""あらかじめ ご承知おきください。 本治療にかかる費用は、以下のとおりです。 費用には、PRP調製のための採血費用、PRPの調製費用、および注入にかかる費用がすべて含まれており ます。 PRPを調製するためのキットはArthrex社製の「ACP」を使用いたします。 ご不明な点がございましたら、どうぞご遠慮なく医師までご相談ください。 PRP 療法 (ACP使用) 45,000 円(税込) *上記の金額はPRPキット1本使用時の費用となります。 2. キャンセルポリシーについて 採血開始後のキャンセル""}, {""code"": ""01D2601002"", ""idx"": 2, ""url"": ""https://saiseiiryo.mhlw.go.jp/published_plan/download/01D2601002/5/2"", ""page"": 1, ""type"": ""product"", ""hit"": ""ACP MAX"", ""context"": ""は、以下のとおりです。 費用には、PRP調製のための採血費用、PRPの調製費用、および注入にかかる費用がすべて含まれており ます。 PRPを調製するためのキットは2種類あり、いずれもArthrex社製の「ACP」と「ACP MAX」となります。 どちらのキットを使用するかについては、患者さまのご希望や症状を考慮し、患者さまと医師が協議の上で 決定いたします。 ご不明な点がございましたら、どうぞご遠慮なく医師までご相談ください。 PRP 療法(ACP使用) 45,000 円(税込) HD-PRP 療法(ACP MAX 使用) 170,000 円(税込)""}, {""code"": ""01D2601002"", ""idx"": 2, ""url"": ""https://saiseiiryo.mhlw.go.jp/published_plan/download/01D2601002/5/2"", ""page"": 1, ""type"": ""product"", ""hit"": ""ACP"", ""context"": ""にかかる費用は、以下のとおりです。 費用には、PRP調製のための採血費用、PRPの調製費用、および注入にかかる費用がすべて含まれており ます。 PRPを調製するためのキットは2種類あり、いずれもArthrex社製の「ACP」と「ACP MAX」となります。 どちらのキットを使用するかについては、患者さまのご希望や症状を考慮し、患者さまと医師が協議の上で 決定いたします。 ご不明な点がございましたら、どうぞご遠慮なく医師までご相談ください。 PRP 療法(ACP使用) 45,000 円(税込) HD-PRP 療法(ACP MAX 使用) 170,""}, {""code"": ""01D2601002"", ""idx"": 2, ""url"": ""https://saiseiiryo.mhlw.go.jp/published_plan/download/01D2601002/5/2"", ""page"": 1, ""type"": ""maker"", ""hit"": ""Arthrex"", ""context"": ""きください。 本治療にかかる費用は、以下のとおりです。 費用には、PRP調製のための採血費用、PRPの調製費用、および注入にかかる費用がすべて含まれており ます。 PRPを調製するためのキットは2種類あり、いずれもArthrex社製の「ACP」と「ACP MAX」となります。 どちらのキットを使用するかについては、患者さまのご希望や症状を考慮し、患者さまと医師が協議の上で 決定いたします。 ご不明な点がございましたら、どうぞご遠慮なく医師までご相談ください。 PRP 療法(ACP使用) 45,000 円(税込) HD-PRP 療法(ACP MAX 使用)""}]"
366	812	28	8	福井県|春江病院	福井県	春江病院	03E2511007	PRP	v40_queue							NONE	NO	1	3	0	1	https://saiseiiryo.mhlw.go.jp/published_plan/download/03E2511007/5/0	03E2511007:0:200|03E2511007:1:404|03E2511007:2:404	[]
366	812	28	9	静岡県|国立大学法人浜松医科大学浜松医科大学医学部附属病院	静岡県	国立大学法人浜松医科大学 浜松医科大学医学部附属病院	03D2504001|03D2504002	PRP	v40_queue							NONE	NO	3	7	0	1	https://saiseiiryo.mhlw.go.jp/published_plan/download/03D2504001/5/0|https://saiseiiryo.mhlw.go.jp/published_plan/download/03D2504002/5/0|https://saiseiiryo.mhlw.go.jp/published_plan/download/03D2504002/5/1	03D2504001:0:200|03D2504001:1:404|03D2504001:2:404|03D2504002:0:200|03D2504002:1:200|03D2504002:2:404|03D2504002:3:404	[]
366	812	29	1	千葉県|医療法人社団オルソプラスむらた整形外科	千葉県	医療法人社団オルソプラス  むらた整形外科	01C2409051|01C2409052	PRP	v40_queue|v41							NONE	NO	2	6	0	0	https://saiseiiryo.mhlw.go.jp/published_plan/download/01C2409051/5/0|https://saiseiiryo.mhlw.go.jp/published_plan/download/01C2409052/5/0	01C2409051:0:200|01C2409051:1:404|01C2409051:2:404|01C2409052:0:200|01C2409052:1:404|01C2409052:2:404	[]
366	812	29	2	大阪府|ONECLINIC梅田	大阪府	ONE CLINIC 梅田	01E2112013	PRP	v41							NONE	NO	1	3	0	0	https://saiseiiryo.mhlw.go.jp/published_plan/download/01E2112013/5/0	01E2112013:0:200|01E2112013:1:404|01E2112013:2:404	[]
366	812	29	3	大阪府|桃谷うすい整形外科	大阪府	桃谷うすい整形外科	01E2402008	PRP	v40_queue							NONE	NO	1	3	0	0	https://saiseiiryo.mhlw.go.jp/published_plan/download/01E2402008/5/0	01E2402008:0:200|01E2402008:1:404|01E2402008:2:404	[]
366	812	29	4	愛知県|医療法人蜂友会はちや整形外科病院	愛知県	医療法人蜂友会 はちや整形外科病院	03D2605008	PRP	v40_queue							NONE	NO	2	4	0	0	https://saiseiiryo.mhlw.go.jp/published_plan/download/03D2605008/5/0|https://saiseiiryo.mhlw.go.jp/published_plan/download/03D2605008/5/1	03D2605008:0:200|03D2605008:1:200|03D2605008:2:404|03D2605008:3:404	[]
366	812	29	5	東京都|医療法人社団ことのは両国きたむら整形外科	東京都	医療法人社団ことのは 両国きたむら整形外科	02C2606060	PRP	v41							NONE	NO	1	3	0	0	https://saiseiiryo.mhlw.go.jp/published_plan/download/02C2606060/5/0	02C2606060:0:200|02C2606060:1:404|02C2606060:2:404	[]
366	812	29	6	東京都|慶應義塾大学病院	東京都	慶應義塾大学病院	02C2605038|02C2605040	PRP	v40_queue		GPS	Zimmer Biomet	Zimmer Biomet		Zimmer Biomet	EXPLICIT_MHLW	YES	4	8	0	1	https://saiseiiryo.mhlw.go.jp/published_plan/download/02C2605038/5/0|https://saiseiiryo.mhlw.go.jp/published_plan/download/02C2605038/5/1|https://saiseiiryo.mhlw.go.jp/published_plan/download/02C2605040/5/0|https://saiseiiryo.mhlw.go.jp/published_plan/download/02C2605040/5/1	02C2605038:0:200|02C2605038:1:200|02C2605038:2:404|02C2605038:3:404|02C2605040:0:200|02C2605040:1:200|02C2605040:2:404|02C2605040:3:404	"[{""code"": ""02C2605038"", ""idx"": 0, ""url"": ""https://saiseiiryo.mhlw.go.jp/published_plan/download/02C2605038/5/0"", ""page"": 4, ""type"": ""product"", ""hit"": ""GPS"", ""context"": ""少なさ 〇 ◎ 血小板の純度 〇 ◎ 血小板の機能 〇 ◎ 期待される効果 〇 ◎ 2 白血球を含むPRP この治療で使用する「白血球を含むPRP」は、ジンマー・バイオメット社が 販売しているPRP調製キット(GPSIIIシステム)を用いて製造されます。 (2) この治療の対象となるのは、以下の基準を満たす方です。 1 変形性膝関節症、変形性股関節症、手の変形性関節症、足の変形性関節症、又 は肩腱板損傷と診断された方 2 外来通院が可能な方 3 患部の状態がPRP投与可能な方 4 PRP調製のための採血が可能な方 5 治療の内容を理解し、本人の自由意志による文書同意 が得""}, {""code"": ""02C2605038"", ""idx"": 0, ""url"": ""https://saiseiiryo.mhlw.go.jp/published_plan/download/02C2605038/5/0"", ""page"": 4, ""type"": ""maker"", ""hit"": ""Zimmer Biomet"", ""context"": ""oSeeds社の遠心法 (本治療で使う方法) 白血球の少なさ 〇 ◎ 血小板の純度 〇 ◎ 血小板の機能 〇 ◎ 期待される効果 〇 ◎ 2 白血球を含むPRP この治療で使用する「白血球を含むPRP」は、ジンマー・バイオメット社が 販売しているPRP調製キット(GPSIIIシステム)を用いて製造されます。 (2) この治療の対象となるのは、以下の基準を満たす方です。 1 変形性膝関節症、変形性股関節症、手の変形性関節症、足の変形性関節症、又 は肩腱板損傷と診断された方 2 外来通院が可能な方 3 患部の状態がPRP投与可能な方 4 PRP調製のための採血が可能な方 5""}, {""code"": ""02C2605038"", ""idx"": 1, ""url"": ""https://saiseiiryo.mhlw.go.jp/published_plan/download/02C2605038/5/1"", ""page"": 4, ""type"": ""product"", ""hit"": ""GPS"", ""context"": ""少なさ 〇 ◎ 血小板の純度 〇 ◎ 血小板の機能 〇 ◎ 期待される効果 〇 ◎ 2 白血球を含むPRP この治療で使用する「白血球を含むPRP」は、ジンマー・バイオメット社が 販売しているPRP調製キット(GPSIIIシステム)を用いて製造されます。 (2) この治療の対象となるのは、以下の基準を満たす方です。 1 変形性膝関節症、変形性股関節症、手の変形性関節症、足の変形性関節症、又 は肩腱板損傷と診断された方 2 外来通院が可能な方 3 患部の状態がPRP投与可能な方 4 PRP調製のための採血が可能な方 5 治療の内容を理解し、本人の自由意志による文書同意 が得""}, {""code"": ""02C2605038"", ""idx"": 1, ""url"": ""https://saiseiiryo.mhlw.go.jp/published_plan/download/02C2605038/5/1"", ""page"": 4, ""type"": ""maker"", ""hit"": ""Zimmer Biomet"", ""context"": ""oSeeds社の遠心法 (本治療で使う方法) 白血球の少なさ 〇 ◎ 血小板の純度 〇 ◎ 血小板の機能 〇 ◎ 期待される効果 〇 ◎ 2 白血球を含むPRP この治療で使用する「白血球を含むPRP」は、ジンマー・バイオメット社が 販売しているPRP調製キット(GPSIIIシステム)を用いて製造されます。 (2) この治療の対象となるのは、以下の基準を満たす方です。 1 変形性膝関節症、変形性股関節症、手の変形性関節症、足の変形性関節症、又 は肩腱板損傷と診断された方 2 外来通院が可能な方 3 患部の状態がPRP投与可能な方 4 PRP調製のための採血が可能な方 5""}, {""code"": ""02C2605040"", ""idx"": 0, ""url"": ""https://saiseiiryo.mhlw.go.jp/published_plan/download/02C2605040/5/0"", ""page"": 4, ""type"": ""product"", ""hit"": ""GPS"", ""context"": ""少なさ 〇 ◎ 血小板の純度 〇 ◎ 血小板の機能 〇 ◎ 期待される効果 〇 ◎ 2 白血球を含むPRP この治療で使用する「白血球を含むPRP」は、ジンマー・バイオメット社が 販売しているPRP調製キット(GPSIIIシステム)を用いて製造されます。 (2) この治療の対象となるのは、以下の基準を満たす方です。 1 上腕骨外側上顆炎、肘内側側副靱帯損傷、上腕骨内側上顆炎、急性筋障害(肉 離れ)、肩関節周囲炎、膝蓋腱炎、又は足底腱膜炎と診断された方 2 外来通院が可能な方 3 患部の状態がPRP投与可能な方 4 PRP調製のための採血が可能な方 5 治療の内容を理解し、""}, {""code"": ""02C2605040"", ""idx"": 0, ""url"": ""https://saiseiiryo.mhlw.go.jp/published_plan/download/02C2605040/5/0"", ""page"": 4, ""type"": ""maker"", ""hit"": ""Zimmer Biomet"", ""context"": ""oSeeds社の遠心法 (本治療で使う方法) 白血球の少なさ 〇 ◎ 血小板の純度 〇 ◎ 血小板の機能 〇 ◎ 期待される効果 〇 ◎ 2 白血球を含むPRP この治療で使用する「白血球を含むPRP」は、ジンマー・バイオメット社が 販売しているPRP調製キット(GPSIIIシステム)を用いて製造されます。 (2) この治療の対象となるのは、以下の基準を満たす方です。 1 上腕骨外側上顆炎、肘内側側副靱帯損傷、上腕骨内側上顆炎、急性筋障害(肉 離れ)、肩関節周囲炎、膝蓋腱炎、又は足底腱膜炎と診断された方 2 外来通院が可能な方 3 患部の状態がPRP投与可能な方 4 PR""}, {""code"": ""02C2605040"", ""idx"": 1, ""url"": ""https://saiseiiryo.mhlw.go.jp/published_plan/download/02C2605040/5/1"", ""page"": 4, ""type"": ""product"", ""hit"": ""GPS"", ""context"": ""少なさ 〇 ◎ 血小板の純度 〇 ◎ 血小板の機能 〇 ◎ 期待される効果 〇 ◎ 2 白血球を含むPRP この治療で使用する「白血球を含むPRP」は、ジンマー・バイオメット社が 販売しているPRP調製キット(GPSIIIシステム)を用いて製造されます。 (2) この治療の対象となるのは、以下の基準を満たす方です。 1 上腕骨外側上顆炎、肘内側側副靱帯損傷、上腕骨内側上顆炎、急性筋障害(肉 離れ)、肩関節周囲炎、膝蓋腱炎、又は足底腱膜炎と診断された方 2 外来通院が可能な方 3 患部の状態がPRP投与可能な方 4 PRP調製のための採血が可能な方 5 治療の内容を理解し、""}, {""code"": ""02C2605040"", ""idx"": 1, ""url"": ""https://saiseiiryo.mhlw.go.jp/published_plan/download/02C2605040/5/1"", ""page"": 4, ""type"": ""maker"", ""hit"": ""Zimmer Biomet"", ""context"": ""oSeeds社の遠心法 (本治療で使う方法) 白血球の少なさ 〇 ◎ 血小板の純度 〇 ◎ 血小板の機能 〇 ◎ 期待される効果 〇 ◎ 2 白血球を含むPRP この治療で使用する「白血球を含むPRP」は、ジンマー・バイオメット社が 販売しているPRP調製キット(GPSIIIシステム)を用いて製造されます。 (2) この治療の対象となるのは、以下の基準を満たす方です。 1 上腕骨外側上顆炎、肘内側側副靱帯損傷、上腕骨内側上顆炎、急性筋障害(肉 離れ)、肩関節周囲炎、膝蓋腱炎、又は足底腱膜炎と診断された方 2 外来通院が可能な方 3 患部の状態がPRP投与可能な方 4 PR""}]"
366	812	29	7	石川県|特定医療法人社団勝木会やわたメディカルセンター	石川県	特定医療法人社団勝木会 やわたメディカルセンター	01D2405007|01D2408001	PRP	v40_queue|v41							NONE	NO	2	6	0	1	https://saiseiiryo.mhlw.go.jp/published_plan/download/01D2405007/5/0|https://saiseiiryo.mhlw.go.jp/published_plan/download/01D2408001/5/0	01D2405007:0:200|01D2405007:1:404|01D2405007:2:404|01D2408001:0:200|01D2408001:1:404|01D2408001:2:404	[]
366	812	29	8	福岡県|Re:BornClinic本院	福岡県	Re:Born Clinic 本院	03G2508016|03G2508026|03G2509014	PRP|脂肪由来幹細胞	v40_queue							NONE	NO	9	15	0	1	https://saiseiiryo.mhlw.go.jp/published_plan/download/03G2508016/5/0|https://saiseiiryo.mhlw.go.jp/published_plan/download/03G2508016/5/1|https://saiseiiryo.mhlw.go.jp/published_plan/download/03G2508016/5/2|https://saiseiiryo.mhlw.go.jp/published_plan/download/03G2508026/5/0|https://saiseiiryo.mhlw.go.jp/published_plan/download/03G2508026/5/1|https://saiseiiryo.mhlw.go.jp/published_plan/download/03G2508026/5/2|https://saiseiiryo.mhlw.go.jp/published_plan/download/03G2509014/5/0|https://saiseiiryo.mhlw.go.jp/published_plan/download/03G2509014/5/1|https://saiseiiryo.mhlw.go.jp/published_plan/download/03G2509014/5/2	03G2508016:0:200|03G2508016:1:200|03G2508016:2:200|03G2508016:3:404|03G2508016:4:404|03G2508026:0:200|03G2508026:1:200|03G2508026:2:200|03G2508026:3:404|03G2508026:4:404|03G2509014:0:200|03G2509014:1:200|03G2509014:2:200|03G2509014:3:404|03G2509014:4:404	[]
366	812	29	9	静岡県|富士整形外科病院	静岡県	富士整形外科病院	02D2510005|02D2510006	PRP	v40_queue							NONE	NO	2	6	0	1	https://saiseiiryo.mhlw.go.jp/published_plan/download/02D2510005/5/0|https://saiseiiryo.mhlw.go.jp/published_plan/download/02D2510006/5/0	02D2510005:0:200|02D2510005:1:404|02D2510005:2:404|02D2510006:0:200|02D2510006:1:404|02D2510006:2:404	[]
366	812	3	1	京都府|医療法人いちまる整形外科クリニック	京都府	医療法人いちまる整形外科クリニック	01E2307003|01E2307004	PRP	v40_queue|v41							NONE	NO	2	6	0	0	https://saiseiiryo.mhlw.go.jp/published_plan/download/01E2307003/5/0|https://saiseiiryo.mhlw.go.jp/published_plan/download/01E2307004/5/0	01E2307003:0:200|01E2307003:1:404|01E2307003:2:404|01E2307004:0:200|01E2307004:1:404|01E2307004:2:404	[]
366	812	3	2	千葉県|柏はせがわ整形外科	千葉県	柏はせがわ整形外科	01C2206026	PRP	v41							NONE	NO	1	3	0	0	https://saiseiiryo.mhlw.go.jp/published_plan/download/01C2206026/5/0	01C2206026:0:200|01C2206026:1:404|01C2206026:2:404	[]
366	812	3	3	大阪府|医療法人じんないクリニック	大阪府	医療法人じんないクリニック	01E2604019	PRP	v40_queue							NONE	NO	1	3	0	0	https://saiseiiryo.mhlw.go.jp/published_plan/download/01E2604019/5/0	01E2604019:0:200|01E2604019:1:404|01E2604019:2:404	[]
366	812	3	4	岐阜県|公立学校共済組合東海中央病院	岐阜県	公立学校共済組合 東海中央病院	03D2509003	PRP	v40_queue							NONE	NO	2	4	0	0	https://saiseiiryo.mhlw.go.jp/published_plan/download/03D2509003/5/0|https://saiseiiryo.mhlw.go.jp/published_plan/download/03D2509003/5/1	03D2509003:0:200|03D2509003:1:200|03D2509003:2:404|03D2509003:3:404	[]
366	812	3	5	東京都|すみだ運動器リハビリテーションクリニック	東京都	すみだ運動器リハビリテーションクリニック	01C2302048	PRP	v41							NONE	NO	1	3	0	0	https://saiseiiryo.mhlw.go.jp/published_plan/download/01C2302048/5/0	01C2302048:0:200|01C2302048:1:404|01C2302048:2:404	[]
366	812	3	6	東京都|医療法人社団慶光会大城クリニック	東京都	医療法人社団慶光会 大城クリニック	01C1911015	PRP	v41							NONE	NO	1	3	0	1	https://saiseiiryo.mhlw.go.jp/published_plan/download/01C1911015/5/0	01C1911015:0:200|01C1911015:1:404|01C1911015:2:404	[]
366	812	3	7	東京都|白山リハビリ整形外科	東京都	白山リハビリ整形外科	01C2507079|01C2509004	PRP	v40_queue|v41		TriCeLL			TriCeLL		PRODUCT_ONLY_UNVALIDATED	NO	4	8	0	1	https://saiseiiryo.mhlw.go.jp/published_plan/download/01C2507079/5/0|https://saiseiiryo.mhlw.go.jp/published_plan/download/01C2507079/5/1|https://saiseiiryo.mhlw.go.jp/published_plan/download/01C2507079/5/2|https://saiseiiryo.mhlw.go.jp/published_plan/download/01C2509004/5/0	01C2507079:0:200|01C2507079:1:200|01C2507079:2:200|01C2507079:3:404|01C2507079:4:404|01C2509004:0:200|01C2509004:1:404|01C2509004:2:404	"[{""code"": ""01C2507079"", ""idx"": 0, ""url"": ""https://saiseiiryo.mhlw.go.jp/published_plan/download/01C2507079/5/0"", ""page"": 5, ""type"": ""product"", ""hit"": ""TriCeLL"", ""context"": ""存の治療法については、 「7.多血小板血漿を用いた治療を受けられない場合 の他の治療法について」をご覧いただくほか、担当医師とご相談下さい。 院内製造の場合は、1) PRP 調製のための約 30mL 採血、2) TriCell PRP 分離・濃縮キッ トを用いて遠心分離・クリーンベンチ内での PRP 調製、3) 炎症部位への PRP の注入、4) 経過観察 (フォローアップ) の段階で行われます。 PRP の注入は診察室、処置室または手術室で行います。 1,膝関節又は半月板損傷治療の場合 通常、 膝蓋骨(お皿の骨)の外側やや頭側または膝蓋骨の遠 位内側から関節内""}]"
366	812	3	8	神奈川県|医療法人横浜未来ヘルスケアシステム戸塚共立第2病院	神奈川県	医療法人横浜未来ヘルスケアシステム 戸塚共立第2病院	02C2508001|02C2508002	PRP	v41							NONE	NO	4	8	0	1	https://saiseiiryo.mhlw.go.jp/published_plan/download/02C2508001/5/0|https://saiseiiryo.mhlw.go.jp/published_plan/download/02C2508001/5/1|https://saiseiiryo.mhlw.go.jp/published_plan/download/02C2508002/5/0|https://saiseiiryo.mhlw.go.jp/published_plan/download/02C2508002/5/1	02C2508001:0:200|02C2508001:1:200|02C2508001:2:404|02C2508001:3:404|02C2508002:0:200|02C2508002:1:200|02C2508002:2:404|02C2508002:3:404	[]
366	812	3	9	群馬県|ぐんまスポーツ整形外科	群馬県	ぐんまスポーツ整形外科	01C2203028	PRP	v40_queue							NONE	NO	1	3	0	1	https://saiseiiryo.mhlw.go.jp/published_plan/download/01C2203028/5/0	01C2203028:0:200|01C2203028:1:404|01C2203028:2:404	[]
366	812	3	10	鹿児島県|医療法人吉祥会吉井整形外科内科中央病院	鹿児島県	医療法人吉祥会 吉井整形外科内科中央病院	01G2406010	PRP	v41							NONE	NO	1	3	0	1	https://saiseiiryo.mhlw.go.jp/published_plan/download/01G2406010/5/0	01G2406010:0:200|01G2406010:1:404|01G2406010:2:404	[]
366	812	30	1	千葉県|医療法人社団仁敬会そがセントラルクリニック	千葉県	医療法人社団仁敬会 そがセントラルクリニック	01C2202017|01C2202018	PRP	v41							NONE	NO	2	6	0	0	https://saiseiiryo.mhlw.go.jp/published_plan/download/01C2202017/5/0|https://saiseiiryo.mhlw.go.jp/published_plan/download/01C2202018/5/0	01C2202017:0:200|01C2202017:1:404|01C2202017:2:404|01C2202018:0:200|01C2202018:1:404|01C2202018:2:404	[]
366	812	30	2	大阪府|TCB東京中央美容外科・TCBスキンクリニックBSクリニックPrestige梅田大阪駅前院	大阪府	TCB 東京中央美容外科・TCB スキンクリニック BSクリニック Prestige 梅田大阪駅前院	03E2602016	PRP	v40_queue							NONE	NO	1	3	0	0	https://saiseiiryo.mhlw.go.jp/published_plan/download/03E2602016/5/0	03E2602016:0:200|03E2602016:1:404|03E2602016:2:404	[]
366	812	30	3	大阪府|社会医療法人大阪国際メディカル&サイエンスセンター大阪警察病院	大阪府	社会医療法人 大阪国際メディカル&サイエンスセンター 大阪警察病院	01E2506026	PRP	v40_queue							NONE	NO	1	3	0	0	https://saiseiiryo.mhlw.go.jp/published_plan/download/01E2506026/5/0	01E2506026:0:200|01E2506026:1:404|01E2506026:2:404	[]
366	812	30	4	愛知県|医療法人財団檜扇会クリニック名古屋ちくさヒルズ	愛知県	医療法人財団 檜扇会 クリニック 名古屋ちくさヒルズ	03D2505012|03D2505013|03D2505018|03D2505020	APS|PRP|脂肪由来幹細胞	v40_queue|v41	PRP						NONE	NO	4	12	0	0	https://saiseiiryo.mhlw.go.jp/published_plan/download/03D2505012/5/0|https://saiseiiryo.mhlw.go.jp/published_plan/download/03D2505013/5/0|https://saiseiiryo.mhlw.go.jp/published_plan/download/03D2505018/5/0|https://saiseiiryo.mhlw.go.jp/published_plan/download/03D2505020/5/0	03D2505012:0:200|03D2505012:1:404|03D2505012:2:404|03D2505013:0:200|03D2505013:1:404|03D2505013:2:404|03D2505018:0:200|03D2505018:1:404|03D2505018:2:404|03D2505020:0:200|03D2505020:1:404|03D2505020:2:404	[]
366	812	30	5	東京都|医療法人社団しぜん会まつだ整形外科・リウマチ科	東京都	医療法人社団しぜん会 まつだ整形外科・リウマチ科	02C1912131	PRP	v41							NONE	NO	2	4	0	0	https://saiseiiryo.mhlw.go.jp/published_plan/download/02C1912131/5/0|https://saiseiiryo.mhlw.go.jp/published_plan/download/02C1912131/5/1	02C1912131:0:200|02C1912131:1:200|02C1912131:2:404|02C1912131:3:404	[]
366	812	30	6	東京都|日本橋えがわクリニック	東京都	日本橋えがわクリニック	01C2506017|02C2503038	PRP|脂肪由来幹細胞	v41	脂肪由来幹細胞						NONE	NO	3	7	0	1	https://saiseiiryo.mhlw.go.jp/published_plan/download/01C2506017/5/0|https://saiseiiryo.mhlw.go.jp/published_plan/download/01C2506017/5/1|https://saiseiiryo.mhlw.go.jp/published_plan/download/02C2503038/5/0	01C2506017:0:200|01C2506017:1:200|01C2506017:2:404|01C2506017:3:404|02C2503038:0:200|02C2503038:1:404|02C2503038:2:404	[]
366	812	30	7	石川県|金沢泉が丘わたなべクリニック	石川県	金沢泉が丘わたなべクリニック	03D2512001|03D2512002	PRP	v40_queue|v41		Condensia		京セラ		京セラ	VALIDATED_PRODUCT_MAP	YES	2	6	0	1	https://saiseiiryo.mhlw.go.jp/published_plan/download/03D2512001/5/0|https://saiseiiryo.mhlw.go.jp/published_plan/download/03D2512002/5/0	03D2512001:0:200|03D2512001:1:404|03D2512001:2:404|03D2512002:0:200|03D2512002:1:404|03D2512002:2:404	"[{""code"": ""03D2512002"", ""idx"": 0, ""url"": ""https://saiseiiryo.mhlw.go.jp/published_plan/download/03D2512002/5/0"", ""page"": 3, ""type"": ""product"", ""hit"": ""Condensia"", ""context"": ""Condensiaシステム:30,000円(税込) ※患者様の症状、その他の事情等により治療費が変動する場合があります。 なお、細胞の採取後や加工後に同意を撤回された場合など、同意を撤回される時点までに費用が発生している 場合は、発生した費用については患者様にご負担いただきますのでご了承ください。 15.他の治療法の有無、本治療法との比較について 靭帯・腱及び""}]"
366	812	30	8	福岡県|ZERO100クリニック	福岡県	ZERO100クリニック	01G2603002	PRP	v40_queue							NONE	NO	1	3	0	1	https://saiseiiryo.mhlw.go.jp/published_plan/download/01G2603002/5/0	01G2603002:0:200|01G2603002:1:404|01G2603002:2:404	[]
366	812	30	9	静岡県|錦野クリニック	静岡県	錦野クリニック	01D1903003|01D1903004	PRP	v40_queue							NONE	NO	2	6	0	1	https://saiseiiryo.mhlw.go.jp/published_plan/download/01D1903003/5/0|https://saiseiiryo.mhlw.go.jp/published_plan/download/01D1903004/5/0	01D1903003:0:200|01D1903003:1:404|01D1903003:2:404|01D1903004:0:200|01D1903004:1:404|01D1903004:2:404	[]
366	812	31	1	千葉県|医療法人社団千聡会北原整形外科	千葉県	医療法人社団千聡会  北原整形外科	02C2501012|02C2501013	PRP	v41							NONE	NO	2	6	0	0	https://saiseiiryo.mhlw.go.jp/published_plan/download/02C2501012/5/0|https://saiseiiryo.mhlw.go.jp/published_plan/download/02C2501013/5/0	02C2501012:0:200|02C2501012:1:404|02C2501012:2:404|02C2501013:0:200|02C2501013:1:404|02C2501013:2:404	[]
366	812	31	2	大阪府|しらい痛みのクリニック	大阪府	しらい痛みのクリニック	01E2511022	PRP	v41							NONE	NO	1	3	0	0	https://saiseiiryo.mhlw.go.jp/published_plan/download/01E2511022/5/0	01E2511022:0:200|01E2511022:1:404|01E2511022:2:404	[]
366	812	31	3	大阪府|社会医療法人大阪国際メディカル&サイエンスセンター第二大阪警察病院	大阪府	社会医療法人 大阪国際メディカル&サイエンスセンター 第二大阪警察病院	03E2409027	PRP	v40_queue							NONE	NO	1	3	0	0	https://saiseiiryo.mhlw.go.jp/published_plan/download/03E2409027/5/0	03E2409027:0:200|03E2409027:1:404|03E2409027:2:404	[]
366	812	31	4	愛知県|名古屋麻酔科クリニック	愛知県	名古屋麻酔科クリニック	01D2511003	PRP	v41							NONE	NO	1	3	0	0	https://saiseiiryo.mhlw.go.jp/published_plan/download/01D2511003/5/0	01D2511003:0:200|01D2511003:1:404|01D2511003:2:404	[]
366	812	31	5	東京都|医療法人社団アーツメディックさかい整形外科	東京都	医療法人社団アーツメディック さかい整形外科	01C2404006	PRP	v40_queue		Condensia	京セラ	京セラ		京セラ	EXPLICIT_MHLW	YES	3	5	0	0	https://saiseiiryo.mhlw.go.jp/published_plan/download/01C2404006/5/0|https://saiseiiryo.mhlw.go.jp/published_plan/download/01C2404006/5/1|https://saiseiiryo.mhlw.go.jp/published_plan/download/01C2404006/5/2	01C2404006:0:200|01C2404006:1:200|01C2404006:2:200|01C2404006:3:404|01C2404006:4:404	"[{""code"": ""01C2404006"", ""idx"": 0, ""url"": ""https://saiseiiryo.mhlw.go.jp/published_plan/download/01C2404006/5/0"", ""page"": 5, ""type"": ""product"", ""hit"": ""Condensia"", ""context"": ""ります。 この治療法で効果がない場合は、 既存の治療法も含め検討 します。※既存の治療法については担当医師とご相談ください。 PRP 院内製造の場合は、1) PRP 調製のための約 20mL 採血、2) 京セラ・コンデンシアキ ットを用いて遠心分離・クリーンベンチ内での PRP 調製、3) 炎症部位への PRP の注入、4) 経過観察 (フォローアップ) の段階で行われます。 PRP の注入は診察室、処置室または手術室で行います。 患者様それぞれの状態に合わせて担当医師が説明し、 ご相談の上、 どちらをご選択いただき ます。 患部の状態により、治療回数や治療""}, {""code"": ""01C2404006"", ""idx"": 0, ""url"": ""https://saiseiiryo.mhlw.go.jp/published_plan/download/01C2404006/5/0"", ""page"": 5, ""type"": ""maker"", ""hit"": ""京セラ"", ""context"": ""人差があります。 この治療法で効果がない場合は、 既存の治療法も含め検討 します。※既存の治療法については担当医師とご相談ください。 PRP 院内製造の場合は、1) PRP 調製のための約 20mL 採血、2) 京セラ・コンデンシアキ ットを用いて遠心分離・クリーンベンチ内での PRP 調製、3) 炎症部位への PRP の注入、4) 経過観察 (フォローアップ) の段階で行われます。 PRP の注入は診察室、処置室または手術室で行います。 患者様それぞれの状態に合わせて担当医師が説明し、 ご相談の上、 どちらをご選択いただき ます。 患部の状態により、""}]"
366	812	31	6	東京都|日本橋人形町整形外科	東京都	日本橋人形町整形外科	02C2512068	PRP	v41	PRP						NONE	NO	3	5	0	1	https://saiseiiryo.mhlw.go.jp/published_plan/download/02C2512068/5/0|https://saiseiiryo.mhlw.go.jp/published_plan/download/02C2512068/5/1|https://saiseiiryo.mhlw.go.jp/published_plan/download/02C2512068/5/2	02C2512068:0:200|02C2512068:1:200|02C2512068:2:200|02C2512068:3:404|02C2512068:4:404	[]
366	812	31	7	神奈川県|SBC整形外科クリニック横浜駅前院	神奈川県	SBC整形外科クリニック横浜駅前院	03C2604033	PRP	v41							NONE	NO	1	3	0	1	https://saiseiiryo.mhlw.go.jp/published_plan/download/03C2604033/5/0	03C2604033:0:200|03C2604033:1:404|03C2604033:2:404	[]
366	812	31	8	福岡県|うらはし整形外科クリニック	福岡県	うらはし整形外科クリニック	01G2604001|03G2104001|03G2406014	PRP|脂肪由来幹細胞	v40_queue							NONE	NO	3	9	0	1	https://saiseiiryo.mhlw.go.jp/published_plan/download/01G2604001/5/0|https://saiseiiryo.mhlw.go.jp/published_plan/download/03G2104001/5/0|https://saiseiiryo.mhlw.go.jp/published_plan/download/03G2406014/5/0	01G2604001:0:200|01G2604001:1:404|01G2604001:2:404|03G2104001:0:200|03G2104001:1:404|03G2104001:2:404|03G2406014:0:200|03G2406014:1:404|03G2406014:2:404	[]
366	812	31	9	静岡県|順天堂大学医学部附属静岡病院	静岡県	順天堂大学医学部附属 静岡病院	03D2607002	PRP	v40_queue		APS	Zimmer Biomet	Zimmer Biomet		Zimmer Biomet	EXPLICIT_MHLW	YES	1	3	0	1	https://saiseiiryo.mhlw.go.jp/published_plan/download/03D2607002/5/0	03D2607002:0:200|03D2607002:1:404|03D2607002:2:404	"[{""code"": ""03D2607002"", ""idx"": 0, ""url"": ""https://saiseiiryo.mhlw.go.jp/published_plan/download/03D2607002/5/0"", ""page"": 2, ""type"": ""product"", ""hit"": ""APS"", ""context"": ""療の方法について 本治療では、人への治療に使用することが認められた医療機器である本治療専用の遠心分離機と 専用チューブ(APS キット、ZIMMER BIOMET 社製)を用います。治療に使用するキットについては患 者様とご相談、同意を得た上で決定を致します。 (治療の流れ) 採血 ⇒ PRP 抽出 ⇒ 施術 すべての治療は当日中に完了します。場合によって局部麻酔を行うことがあります。 通常の検査等のための採血よりも採取量が多くなりますが、ご了承ください。 A""}, {""code"": ""03D2607002"", ""idx"": 0, ""url"": ""https://saiseiiryo.mhlw.go.jp/published_plan/download/03D2607002/5/0"", ""page"": 2, ""type"": ""maker"", ""hit"": ""Zimmer Biomet"", ""context"": ""本治療では、人への治療に使用することが認められた医療機器である本治療専用の遠心分離機と 専用チューブ(APS キット、ZIMMER BIOMET 社製)を用います。治療に使用するキットについては患 者様とご相談、同意を得た上で決定を致します。 (治療の流れ) 採血 ⇒ PRP 抽出 ⇒ 施術 すべての治療は当日中に完了します。場合によって局部麻酔を行うことがあります。 通常の検査等のための採血よりも採取量が多くなりますが、ご了承ください。 APSキット 1. 採血:1キット約""}, {""code"": ""03D2607002"", ""idx"": 0, ""url"": ""https://saiseiiryo.mhlw.go.jp/published_plan/download/03D2607002/5/0"", ""page"": 3, ""type"": ""product"", ""hit"": ""APS"", ""context"": ""、年齢の上限制限はありません。 ・治療痕が残りにくく、何度でも治療を受けることができます。 ・1 回の投与で修復作用が上手く働けば、 痛みの軽減や機能改善に対する長期的な効果持続が期待で きます(海外の臨床試験にて、APS キットは最大で 24 ヶ月効果が持続していたとの報告がありま す) 。 治療の欠点と副作用(デメリット)について ・患者様ご自身の血液を使用するため体調や年齢などに左右され、場合によっては安定した効果が 出にくいといった欠点があります。(治療効果・効果の持続期間には個人差があります)""}, {""code"": ""03D2607002"", ""idx"": 0, ""url"": ""https://saiseiiryo.mhlw.go.jp/published_plan/download/03D2607002/5/0"", ""page"": 4, ""type"": ""product"", ""hit"": ""APS"", ""context"": ""【PRP】1_07_説明文書同意書_順天堂大学医学部附属静岡病院 APS 療法 ヒアルロン酸注入 概要 遠心を2度行い、濃縮しているの で関節腔内に投与することで、損 傷した患部の疼痛を和らげる効果 や組織を修復する効果がより期待 される。 ヒアルロン酸は関節腔内に注入 されるとクッションのような働 きをし、 痛みを和らげる効果があ る。 効果 持続期間 最大 24 カ月 効果の持続期間が長いため、相対 的に注射回""}]"
366	812	32	1	千葉県|医療法人社団奏の杜整形外科	千葉県	医療法人社団奏の杜整形外科	01C2102007	PRP	v40_queue							NONE	NO	1	3	0	0	https://saiseiiryo.mhlw.go.jp/published_plan/download/01C2102007/5/0	01C2102007:0:200|01C2102007:1:404|01C2102007:2:404	[]
366	812	32	2	大阪府|たけうち整形外科リウマチ科	大阪府	たけうち整形外科リウマチ科	01E2101003	PRP	v40_queue		APS|GPS	Zimmer Biomet	Zimmer Biomet		Zimmer Biomet	EXPLICIT_MHLW	YES	1	3	0	0	https://saiseiiryo.mhlw.go.jp/published_plan/download/01E2101003/5/0	01E2101003:0:200|01E2101003:1:404|01E2101003:2:404	"[{""code"": ""01E2101003"", ""idx"": 0, ""url"": ""https://saiseiiryo.mhlw.go.jp/published_plan/download/01E2101003/5/0"", ""page"": 2, ""type"": ""product"", ""hit"": ""GPS"", ""context"": ""療の方法について 本治療では、人への治療に使用することが認められた医療機器である本治療専用の遠心分離機と 専用チューブ(GPSIIIまたはAPS キット、どちらもZIMMER BIOMET 社製)を用います。治療に使用する キットについては患者様とご相談、同意を得た上で決定を致します。 (治療の流れ) 採血 ⇒ PRP 抽出 ⇒ 施術 すべての治療は当日中に完了します。 (1)GPSIIIシステム 1.採血:1キット約26ml(mini用)または52ml(standar""}, {""code"": ""01E2101003"", ""idx"": 0, ""url"": ""https://saiseiiryo.mhlw.go.jp/published_plan/download/01E2101003/5/0"", ""page"": 2, ""type"": ""product"", ""hit"": ""APS"", ""context"": ""本治療では、人への治療に使用することが認められた医療機器である本治療専用の遠心分離機と 専用チューブ(GPSIIIまたはAPS キット、どちらもZIMMER BIOMET 社製)を用います。治療に使用する キットについては患者様とご相談、同意を得た上で決定を致します。 (治療の流れ) 採血 ⇒ PRP 抽出 ⇒ 施術 すべての治療は当日中に完了します。 (1)GPSIIIシステム 1.採血:1キット約26ml(mini用)または52ml(standard用)の血液""}, {""code"": ""01E2101003"", ""idx"": 0, ""url"": ""https://saiseiiryo.mhlw.go.jp/published_plan/download/01E2101003/5/0"", ""page"": 2, ""type"": ""maker"", ""hit"": ""Zimmer Biomet"", ""context"": ""本治療では、人への治療に使用することが認められた医療機器である本治療専用の遠心分離機と 専用チューブ(GPSIIIまたはAPS キット、どちらもZIMMER BIOMET 社製)を用います。治療に使用する キットについては患者様とご相談、同意を得た上で決定を致します。 (治療の流れ) 採血 ⇒ PRP 抽出 ⇒ 施術 すべての治療は当日中に完了します。 (1)GPSIIIシステム 1.採血:1キット約26ml(mini用)または52ml(standard用)の血液を採取します。 2. PRP分離:採取した""}, {""code"": ""01E2101003"", ""idx"": 0, ""url"": ""https://saiseiiryo.mhlw.go.jp/published_plan/download/01E2101003/5/0"", ""page"": 3, ""type"": ""product"", ""hit"": ""GPS"", ""context"": ""、年齢の上限制限はありません。 ・治療痕が残りにくく、何度でも治療を受けることができます。 ・1 回の投与で修復作用が上手く働けば、 痛みの軽減や機能改善に対する長期的な効果持続が期待で きます(海外の臨床試験にて、GPSIIIシステムでは最大で 6~12 ヶ月、APS キットでは最大で 24 ヶ 月効果が持続していたとの報告があります)。 治療の欠点と副作用(デメリット)について ・患者様ご自身の血液を使用するため体調や年齢などに左右され、場合によっては安定した効果が 出にくいといった欠点があります。(治療効果・効""}, {""code"": ""01E2101003"", ""idx"": 0, ""url"": ""https://saiseiiryo.mhlw.go.jp/published_plan/download/01E2101003/5/0"", ""page"": 3, ""type"": ""product"", ""hit"": ""APS"", ""context"": ""【PRP】1_07_説明文書同意書_たけうち整形外科リウマチ科 (2)APSキット 1. 採血:1キット約55mlの血液を採取します。 2. PRP分離:採取した血液を、人への治療に使用することが認められた医療機器である本治療専用 の遠心分離機と専用チューブを用いて2度遠心分離し、PRPを精製抽出します。加工されるPRPは 2.5mlです。 3. 施術:患部へPRPを注入していきます。 血液採取後、投与までの間、患者様は待合""}, {""code"": ""01E2101003"", ""idx"": 0, ""url"": ""https://saiseiiryo.mhlw.go.jp/published_plan/download/01E2101003/5/0"", ""page"": 4, ""type"": ""product"", ""hit"": ""GPS"", ""context"": ""炎症や痛みをコントロールするために使用されますが、 鎮痛剤の服用による消化器系のダメージ、 連用による効果減弱の可能性があります。 ※アルツ関節注25mg 添付 PRP ヒアルロン酸注入 GPS®III APS 概要 関節腔内に投与するこ とで、 損傷した患部の疼 痛を和らげ る効果があ り、 また、組織を修復す る効果が期待される。 GPS®IIIをさらに濃縮して いるので、 関節腔内に投与 することで、 損傷した患部 の疼痛を和らげる効果や 組織を修復する効果がよ り期待される。 ヒアルロン酸は関節腔内 に注入されるとクッショ ンのよう""}, {""code"": ""01E2101003"", ""idx"": 0, ""url"": ""https://saiseiiryo.mhlw.go.jp/published_plan/download/01E2101003/5/0"", ""page"": 4, ""type"": ""product"", ""hit"": ""APS"", ""context"": ""コントロールするために使用されますが、 鎮痛剤の服用による消化器系のダメージ、 連用による効果減弱の可能性があります。 ※アルツ関節注25mg 添付 PRP ヒアルロン酸注入 GPS®III APS 概要 関節腔内に投与するこ とで、 損傷した患部の疼 痛を和らげ る効果があ り、 また、組織を修復す る効果が期待される。 GPS®IIIをさらに濃縮して いるので、 関節腔内に投与 することで、 損傷した患部 の疼痛を和らげる効果や 組織を修復する効果がよ り期待される。 ヒアルロン酸は関節腔内 に注入されるとクッショ ンのような働きをし、 痛""}]"
366	812	32	3	大阪府|社会医療法人報恩会長吉総合病院	大阪府	社会医療法人報恩会 長吉総合病院	03E2603010|03E2603011	PRP	v40_queue							NONE	NO	2	6	0	0	https://saiseiiryo.mhlw.go.jp/published_plan/download/03E2603010/5/0|https://saiseiiryo.mhlw.go.jp/published_plan/download/03E2603011/5/0	03E2603010:0:200|03E2603010:1:404|03E2603010:2:404|03E2603011:0:200|03E2603011:1:404|03E2603011:2:404	[]
366	812	32	4	愛知県|名鉄病院	愛知県	名鉄病院	03D2205001	PRP	v41							NONE	NO	1	3	0	0	https://saiseiiryo.mhlw.go.jp/published_plan/download/03D2205001/5/0	03D2205001:0:200|03D2205001:1:404|03D2205001:2:404	[]
366	812	32	5	東京都|医療法人社団主正会かわさきクリニック	東京都	医療法人社団主正会 かわさきクリニック	01C1910051	PRP	v40_queue							NONE	NO	1	3	0	0	https://saiseiiryo.mhlw.go.jp/published_plan/download/01C1910051/5/0	01C1910051:0:200|01C1910051:1:404|01C1910051:2:404	[]
366	812	32	6	東京都|昭和医科大学江東豊洲病院	東京都	昭和医科大学江東豊洲病院	02C2601034	PRP	v41		ACP MAX	Arthrex	Arthrex		Arthrex	EXPLICIT_MHLW	YES	1	3	0	1	https://saiseiiryo.mhlw.go.jp/published_plan/download/02C2601034/5/0	02C2601034:0:200|02C2601034:1:404|02C2601034:2:404	"[{""code"": ""02C2601034"", ""idx"": 0, ""url"": ""https://saiseiiryo.mhlw.go.jp/published_plan/download/02C2601034/5/0"", ""page"": 2, ""type"": ""product"", ""hit"": ""ACP MAX"", ""context"": ""GF) 内皮細胞および線維芽細胞の増殖を促進します。血管形成を刺激します。 治療の方法について 本治療では、人への治療に使用することが認められた医療機器である本治療専用の遠心分 離機と専用チューブ(ACPおよびACP MAX、いずれもArthrex社製)を用います。 治療に使用するキットについては患者様とご相談、同意を得た上で決定を致します。 【治療の流れ】 採血⇒PRP抽出⇒施術 すべての治療は当日中に完了します。 PRPシステム 1.採血:15〜78mlの血液を採取します。 2.PRP分離:採取した血液を、人への治療に使用することが認められた医療機器である""}, {""code"": ""02C2601034"", ""idx"": 0, ""url"": ""https://saiseiiryo.mhlw.go.jp/published_plan/download/02C2601034/5/0"", ""page"": 2, ""type"": ""maker"", ""hit"": ""Arthrex"", ""context"": ""線維芽細胞の増殖を促進します。血管形成を刺激します。 治療の方法について 本治療では、人への治療に使用することが認められた医療機器である本治療専用の遠心分 離機と専用チューブ(ACPおよびACP MAX、いずれもArthrex社製)を用います。 治療に使用するキットについては患者様とご相談、同意を得た上で決定を致します。 【治療の流れ】 採血⇒PRP抽出⇒施術 すべての治療は当日中に完了します。 PRPシステム 1.採血:15〜78mlの血液を採取します。 2.PRP分離:採取した血液を、人への治療に使用することが認められた医療機器である 本治療専用の遠心分離""}]"
366	812	32	7	神奈川県|のぼりと整形外科診療所	神奈川県	のぼりと整形外科診療所	01C2310010	PRP	v41							NONE	NO	1	3	0	1	https://saiseiiryo.mhlw.go.jp/published_plan/download/01C2310010/5/0	01C2310010:0:200|01C2310010:1:404|01C2310010:2:404	[]
366	812	32	8	福岡県|とも整形外科スポーツクリニック	福岡県	とも整形外科スポーツクリニック	01G1906001|01G2001007	PRP	v41							NONE	NO	2	6	0	1	https://saiseiiryo.mhlw.go.jp/published_plan/download/01G1906001/5/0|https://saiseiiryo.mhlw.go.jp/published_plan/download/01G2001007/5/0	01G1906001:0:200|01G1906001:1:404|01G1906001:2:404|01G2001007:0:200|01G2001007:1:404|01G2001007:2:404	[]
366	812	32	9	香川県|医療法人弘仁会三条整形外科スポーツクリニック	香川県	医療法人弘仁会 三条整形外科スポーツクリニック	01F2207002|01F2207003	PRP	v40_queue							NONE	NO	2	6	0	1	https://saiseiiryo.mhlw.go.jp/published_plan/download/01F2207002/5/0|https://saiseiiryo.mhlw.go.jp/published_plan/download/01F2207003/5/0	01F2207002:0:200|01F2207002:1:404|01F2207002:2:404|01F2207003:0:200|01F2207003:1:404|01F2207003:2:404	[]
366	812	33	1	千葉県|医療法人社団実幸会いらはら診療所	千葉県	医療法人社団実幸会 いらはら診療所	01C2509021|01C2509027	PRP	v40_queue		Condensia	京セラ	京セラ		京セラ	EXPLICIT_MHLW	YES	2	6	0	0	https://saiseiiryo.mhlw.go.jp/published_plan/download/01C2509021/5/0|https://saiseiiryo.mhlw.go.jp/published_plan/download/01C2509027/5/0	01C2509021:0:200|01C2509021:1:404|01C2509021:2:404|01C2509027:0:200|01C2509027:1:404|01C2509027:2:404	"[{""code"": ""01C2509021"", ""idx"": 0, ""url"": ""https://saiseiiryo.mhlw.go.jp/published_plan/download/01C2509021/5/0"", ""page"": 6, ""type"": ""product"", ""hit"": ""Condensia"", ""context"": ""患者様の費用負担が 他の治療よりも高額になることがあります。当院において実施される本治療および本治 療に必要な検査などの費用は全額自己負担となります。 血液分離専用容器キットによる提供価格 PRP:(京セラ Condensia システム)使用 ・・・・・1 回 33,000 円(税込) ※患者様の症状によっては、 治療を数回行うことがあります。 治療前、 または治療後の 状態から担当医師が判断し、患者様にお伝えしご相談させて頂きます。 ※治療内容・回数により1回あたりの費用が減額される場合がございます。施術する前 に詳細な説明をいたしますので、 ご納得いただいた上で施術を""}, {""code"": ""01C2509021"", ""idx"": 0, ""url"": ""https://saiseiiryo.mhlw.go.jp/published_plan/download/01C2509021/5/0"", ""page"": 6, ""type"": ""maker"", ""hit"": ""京セラ"", ""context"": ""のため、 患者様の費用負担が 他の治療よりも高額になることがあります。当院において実施される本治療および本治 療に必要な検査などの費用は全額自己負担となります。 血液分離専用容器キットによる提供価格 PRP:(京セラ Condensia システム)使用 ・・・・・1 回 33,000 円(税込) ※患者様の症状によっては、 治療を数回行うことがあります。 治療前、 または治療後の 状態から担当医師が判断し、患者様にお伝えしご相談させて頂きます。 ※治療内容・回数により1回あたりの費用が減額される場合がございます。施術する前 に詳細な説明をいたしますので、 ご納得""}, {""code"": ""01C2509027"", ""idx"": 0, ""url"": ""https://saiseiiryo.mhlw.go.jp/published_plan/download/01C2509027/5/0"", ""page"": 5, ""type"": ""product"", ""hit"": ""Condensia"", ""context"": ""患者様の費用負担が 他の治療よりも高額になることがあります。 当院において実施される本治療および本治 療に必要な検査などの費用は全額自己負担となります。 血液分離専用容器キットによる提供価格 PRP:(京セラ Condensia システム)使用 ・・・・1 回 33,000 円(税込) ※患者様の症状によっては、治療を数回行うことがあります。治療前、または治療後 の状態から担当医師が判断し、患者様にお伝えしご相談させて頂きます。 ※治療内容・回数により1回あたりの費用が減額される場合がございます。施術する 前に詳細な説明をいたしますので、ご納得いただいた上で施術いただきます""}, {""code"": ""01C2509027"", ""idx"": 0, ""url"": ""https://saiseiiryo.mhlw.go.jp/published_plan/download/01C2509027/5/0"", ""page"": 5, ""type"": ""maker"", ""hit"": ""京セラ"", ""context"": ""のため、 患者様の費用負担が 他の治療よりも高額になることがあります。 当院において実施される本治療および本治 療に必要な検査などの費用は全額自己負担となります。 血液分離専用容器キットによる提供価格 PRP:(京セラ Condensia システム)使用 ・・・・1 回 33,000 円(税込) ※患者様の症状によっては、治療を数回行うことがあります。治療前、または治療後 の状態から担当医師が判断し、患者様にお伝えしご相談させて頂きます。 ※治療内容・回数により1回あたりの費用が減額される場合がございます。施術する 前に詳細な説明をいたしますので、ご納得いただいた""}]"
366	812	33	2	大阪府|つねとう痛みのクリニック	大阪府	つねとう痛みのクリニック	01E2505003	PRP	v41							NONE	NO	1	3	0	0	https://saiseiiryo.mhlw.go.jp/published_plan/download/01E2505003/5/0	01E2505003:0:200|01E2505003:1:404|01E2505003:2:404	[]
366	812	33	3	大阪府|運動器ケアしまだ病院	大阪府	運動器ケア しまだ病院	02E2411001	PRP	v40_queue		APS|GPS	Zimmer Biomet	Zimmer Biomet		Zimmer Biomet	EXPLICIT_MHLW	YES	1	3	0	0	https://saiseiiryo.mhlw.go.jp/published_plan/download/02E2411001/5/0	02E2411001:0:200|02E2411001:1:404|02E2411001:2:404	"[{""code"": ""02E2411001"", ""idx"": 0, ""url"": ""https://saiseiiryo.mhlw.go.jp/published_plan/download/02E2411001/5/0"", ""page"": 2, ""type"": ""product"", ""hit"": ""GPS"", ""context"": ""療の方法について 本治療では、人への治療に使用することが認められた医療機器である本治療専用の遠心分離機と 専用チューブ(GPSIIIまたはAPS キット、どちらもZIMMER BIOMET 社製)を用います。治療に使用す るキットについては患者様とご相談、同意を得た上で決定を致します。 (治療の流れ) 採血 ⇒ PRP 抽出 ⇒ 施術 すべての治療は当日中に完了します。 GPSIIIシステム 1.採血:1キット約26ml(mini用)または52ml(standard用)""}, {""code"": ""02E2411001"", ""idx"": 0, ""url"": ""https://saiseiiryo.mhlw.go.jp/published_plan/download/02E2411001/5/0"", ""page"": 2, ""type"": ""product"", ""hit"": ""APS"", ""context"": ""本治療では、人への治療に使用することが認められた医療機器である本治療専用の遠心分離機と 専用チューブ(GPSIIIまたはAPS キット、どちらもZIMMER BIOMET 社製)を用います。治療に使用す るキットについては患者様とご相談、同意を得た上で決定を致します。 (治療の流れ) 採血 ⇒ PRP 抽出 ⇒ 施術 すべての治療は当日中に完了します。 GPSIIIシステム 1.採血:1キット約26ml(mini用)または52ml(standard用)の血液を採取""}, {""code"": ""02E2411001"", ""idx"": 0, ""url"": ""https://saiseiiryo.mhlw.go.jp/published_plan/download/02E2411001/5/0"", ""page"": 2, ""type"": ""maker"", ""hit"": ""Zimmer Biomet"", ""context"": ""本治療では、人への治療に使用することが認められた医療機器である本治療専用の遠心分離機と 専用チューブ(GPSIIIまたはAPS キット、どちらもZIMMER BIOMET 社製)を用います。治療に使用す るキットについては患者様とご相談、同意を得た上で決定を致します。 (治療の流れ) 採血 ⇒ PRP 抽出 ⇒ 施術 すべての治療は当日中に完了します。 GPSIIIシステム 1.採血:1キット約26ml(mini用)または52ml(standard用)の血液を採取します。 2. PRP分離:採取した血液を""}, {""code"": ""02E2411001"", ""idx"": 0, ""url"": ""https://saiseiiryo.mhlw.go.jp/published_plan/download/02E2411001/5/0"", ""page"": 3, ""type"": ""product"", ""hit"": ""GPS"", ""context"": ""、年齢の上限制限はありません。 ・治療痕が残りにくく、何度でも治療を受けることができます。 ・1 回の投与で修復作用が上手く働けば、 痛みの軽減や機能改善に対する長期的な効果持続が期待で きます(海外の臨床試験にて、GPSIIIシステムでは最大で6~12 ヶ月、APS キットでは最大で24 ヶ 月効果が持続していたとの報告があります) 。 治療の欠点と副作用(デメリット)について ・患者様ご自身の血液を使用するため体調や年齢などに左右され、場合によっては安定した効果が 出にくいといった欠点があります。(治療効果・効果""}, {""code"": ""02E2411001"", ""idx"": 0, ""url"": ""https://saiseiiryo.mhlw.go.jp/published_plan/download/02E2411001/5/0"", ""page"": 3, ""type"": ""product"", ""hit"": ""APS"", ""context"": ""りにくく、何度でも治療を受けることができます。 ・1 回の投与で修復作用が上手く働けば、 痛みの軽減や機能改善に対する長期的な効果持続が期待で きます(海外の臨床試験にて、GPSIIIシステムでは最大で6~12 ヶ月、APS キットでは最大で24 ヶ 月効果が持続していたとの報告があります) 。 治療の欠点と副作用(デメリット)について ・患者様ご自身の血液を使用するため体調や年齢などに左右され、場合によっては安定した効果が 出にくいといった欠点があります。(治療効果・効果の持続期間には個人差があります)""}, {""code"": ""02E2411001"", ""idx"": 0, ""url"": ""https://saiseiiryo.mhlw.go.jp/published_plan/download/02E2411001/5/0"", ""page"": 4, ""type"": ""product"", ""hit"": ""GPS"", ""context"": ""【PRP】1_07_説明文書同意書 PRP ヒアルロン酸注入 GPS®III APS 概要 関節腔内に投与するこ とで、 損傷した患部の疼 痛を和らげ る効果があ り、 また、組織を修復す る効果が期待される。 GPS®IIIをさらに濃縮して いるので、 関節腔内に投与 することで、 損傷した患部 の疼痛を和らげる効果や 組織を修復する効果がよ り期待される。 ヒアルロン酸は関節腔内 に注入されるとクッショ ンのよう""}, {""code"": ""02E2411001"", ""idx"": 0, ""url"": ""https://saiseiiryo.mhlw.go.jp/published_plan/download/02E2411001/5/0"", ""page"": 4, ""type"": ""product"", ""hit"": ""APS"", ""context"": ""【PRP】1_07_説明文書同意書 PRP ヒアルロン酸注入 GPS®III APS 概要 関節腔内に投与するこ とで、 損傷した患部の疼 痛を和らげ る効果があ り、 また、組織を修復す る効果が期待される。 GPS®IIIをさらに濃縮して いるので、 関節腔内に投与 することで、 損傷した患部 の疼痛を和らげる効果や 組織を修復する効果がよ り期待される。 ヒアルロン酸は関節腔内 に注入されるとクッショ ンのような働きをし、 痛""}]"
366	812	33	4	愛知県|愛知医科大学病院	愛知県	愛知医科大学病院	03D2606002	PRP	v40_queue							NONE	NO	1	3	0	0	https://saiseiiryo.mhlw.go.jp/published_plan/download/03D2606002/5/0	03D2606002:0:200|03D2606002:1:404|03D2606002:2:404	[]
366	812	33	5	東京都|医療法人社団井上いのうえ整形外科	東京都	医療法人社団井上 いのうえ整形外科	02C2601088	PRP	v40_queue							NONE	NO	1	3	0	0	https://saiseiiryo.mhlw.go.jp/published_plan/download/02C2601088/5/0	02C2601088:0:200|02C2601088:1:404|02C2601088:2:404	[]
366	812	33	6	東京都|東京医科大学病院	東京都	東京医科大学病院	03C2208001	PRP	v40_queue							NONE	NO	2	4	0	1	https://saiseiiryo.mhlw.go.jp/published_plan/download/03C2208001/5/0|https://saiseiiryo.mhlw.go.jp/published_plan/download/03C2208001/5/1	03C2208001:0:200|03C2208001:1:200|03C2208001:2:404|03C2208001:3:404	[]
366	812	33	7	神奈川県|ふくむら整形外科	神奈川県	ふくむら整形外科	01C2512039|01C2512043	PRP	v41	PRP						NONE	NO	4	8	0	1	https://saiseiiryo.mhlw.go.jp/published_plan/download/01C2512039/5/0|https://saiseiiryo.mhlw.go.jp/published_plan/download/01C2512039/5/1|https://saiseiiryo.mhlw.go.jp/published_plan/download/01C2512043/5/0|https://saiseiiryo.mhlw.go.jp/published_plan/download/01C2512043/5/1	01C2512039:0:200|01C2512039:1:200|01C2512039:2:404|01C2512039:3:404|01C2512043:0:200|01C2512043:1:200|01C2512043:2:404|01C2512043:3:404	[]
366	812	33	8	福岡県|ガーデンクリニック福岡院	福岡県	ガーデンクリニック 福岡院	01G2105006	PRP	v41							NONE	NO	1	3	0	1	https://saiseiiryo.mhlw.go.jp/published_plan/download/01G2105006/5/0	01G2105006:0:200|01G2105006:1:404|01G2105006:2:404	[]
366	812	33	9	香川県|医療法人社団まえだ整形外科外科医院	香川県	医療法人社団 まえだ整形外科外科医院	01F2205004	PRP	v40_queue							NONE	NO	2	4	0	1	https://saiseiiryo.mhlw.go.jp/published_plan/download/01F2205004/5/0|https://saiseiiryo.mhlw.go.jp/published_plan/download/01F2205004/5/1	01F2205004:0:200|01F2205004:1:200|01F2205004:2:404|01F2205004:3:404	[]
366	812	34	1	千葉県|医療法人社団志高会たてやま整形外科クリニック	千葉県	医療法人社団志高会 たてやま整形外科クリニック	01C2312002|01C2312003	PRP	v40_queue							NONE	NO	2	6	0	0	https://saiseiiryo.mhlw.go.jp/published_plan/download/01C2312002/5/0|https://saiseiiryo.mhlw.go.jp/published_plan/download/01C2312003/5/0	01C2312002:0:200|01C2312002:1:404|01C2312002:2:404|01C2312003:0:200|01C2312003:1:404|01C2312003:2:404	[]
366	812	34	2	大阪府|ひらまつ整形外科難波膝スポーツクリニック	大阪府	ひらまつ整形外科 難波膝スポーツクリニック	01E2605008	PRP	v40_queue							NONE	NO	1	3	0	0	https://saiseiiryo.mhlw.go.jp/published_plan/download/01E2605008/5/0	01E2605008:0:200|01E2605008:1:404|01E2605008:2:404	[]
366	812	34	3	奈良県|医療法人ポイントワンならやまと整形外科スポーツクリニック	奈良県	医療法人ポイントワン ならやまと整形外科スポーツクリニック	01E2303002	PRP	v41	PRP						NONE	NO	2	4	0	0	https://saiseiiryo.mhlw.go.jp/published_plan/download/01E2303002/5/0|https://saiseiiryo.mhlw.go.jp/published_plan/download/01E2303002/5/1	01E2303002:0:200|01E2303002:1:200|01E2303002:2:404|01E2303002:3:404	[]
366	812	34	4	愛知県|春日井整形あさひ病院	愛知県	春日井整形あさひ病院	03D2506004	PRP	v41	PRP						NONE	NO	2	4	0	0	https://saiseiiryo.mhlw.go.jp/published_plan/download/03D2506004/5/0|https://saiseiiryo.mhlw.go.jp/published_plan/download/03D2506004/5/1	03D2506004:0:200|03D2506004:1:200|03D2506004:2:404|03D2506004:3:404	[]
366	812	34	5	東京都|医療法人社団健翔会豊島長崎クリニック	東京都	医療法人社団健翔会 豊島長崎クリニック	02C1912115	PRP	v41							NONE	NO	1	3	0	0	https://saiseiiryo.mhlw.go.jp/published_plan/download/02C1912115/5/0	02C1912115:0:200|02C1912115:1:404|02C1912115:2:404	[]
366	812	34	6	東京都|東京塔医院	東京都	東京塔医院	01C2510073	PRP	v40_queue							NONE	NO	1	3	0	1	https://saiseiiryo.mhlw.go.jp/published_plan/download/01C2510073/5/0	01C2510073:0:200|01C2510073:1:404|01C2510073:2:404	[]
366	812	34	7	神奈川県|ほんだ整形外科クリニック	神奈川県	ほんだ整形外科クリニック	01C2105005	PRP	v41							NONE	NO	1	3	0	1	https://saiseiiryo.mhlw.go.jp/published_plan/download/01C2105005/5/0	01C2105005:0:200|01C2105005:1:404|01C2105005:2:404	[]
366	812	34	8	福岡県|医療法人前川整形外科医院前川整形外科スポーツクリニック	福岡県	医療法人 前川整形外科医院 前川整形外科スポーツクリニック	01G2208003	PRP	v40_queue							NONE	NO	1	3	0	1	https://saiseiiryo.mhlw.go.jp/published_plan/download/01G2208003/5/0	01G2208003:0:200|01G2208003:1:404|01G2208003:2:404	[]
366	812	34	9	香川県|医療法人社団研宣会広瀬病院	香川県	医療法人社団研宣会 広瀬病院	02F1910006	PRP	v40_queue							NONE	NO	2	4	0	1	https://saiseiiryo.mhlw.go.jp/published_plan/download/02F1910006/5/0|https://saiseiiryo.mhlw.go.jp/published_plan/download/02F1910006/5/1	02F1910006:0:200|02F1910006:1:200|02F1910006:2:404|02F1910006:3:404	[]
366	812	35	1	千葉県|医療法人社団慈宏会まさき整形外科	千葉県	医療法人社団慈宏会 まさき整形外科	01C2505025|01C2505026	PRP	v40_queue		APS		Zimmer Biomet		Zimmer Biomet	VALIDATED_PRODUCT_MAP	YES	2	6	0	0	https://saiseiiryo.mhlw.go.jp/published_plan/download/01C2505025/5/0|https://saiseiiryo.mhlw.go.jp/published_plan/download/01C2505026/5/0	01C2505025:0:200|01C2505025:1:404|01C2505025:2:404|01C2505026:0:200|01C2505026:1:404|01C2505026:2:404	"[{""code"": ""01C2505025"", ""idx"": 0, ""url"": ""https://saiseiiryo.mhlw.go.jp/published_plan/download/01C2505025/5/0"", ""page"": 1, ""type"": ""product"", ""hit"": ""APS"", ""context"": ""なた)から血液を採取し、血小板を濃縮した多血小板血漿を製造しま す。製造した多血小板血漿は注射器を用いて患部に注入を行います。 ※以下、血小板を濃縮した多血小板血漿をPRP、PRPをさらに濃縮した多血小板血漿抽出液を APSと記載いたします。 4.細胞提供者として選定された理由 本治療法では、再生医療等を受ける本人(あなた)から採取した細胞を用いるため、あなたが細胞 提供者として選定されました。 (選定基準) 再生医療等を受ける本人であること。 (除外基準) 細胞提供にあたって再生医療等を受ける者の除外基準に抵触せず、重症貧血・血小板減少症等 の診断された場合を""}, {""code"": ""01C2505025"", ""idx"": 0, ""url"": ""https://saiseiiryo.mhlw.go.jp/published_plan/download/01C2505025/5/0"", ""page"": 2, ""type"": ""product"", ""hit"": ""APS"", ""context"": "")を有する ・薬剤過敏症の既往歴を有する その他、治療を受ける者の健康状態、身体的条件を勘案し、本治療を実施する医師が治療の提 供の可否を判断する。 5.再生医療等に用いる細胞について 本治療に用いるPRP、APSは再生医療等を受ける本人(あなた)から採取した血液を元に製造し、 主に血小板から構成されます。血液の採取は当院にて、注射器を用いて採取します。採取した血 液を本治療専用の医療機器を用いて遠心分離(遠心力を利用して、細胞の大きさによって血液中 の細胞を分離する方法)によりPRP、APSを精製抽出します。 6.細胞の提供や再生医療等を受けることによる利益(""}, {""code"": ""01C2505025"", ""idx"": 0, ""url"": ""https://saiseiiryo.mhlw.go.jp/published_plan/download/01C2505025/5/0"", ""page"": 3, ""type"": ""product"", ""hit"": ""APS"", ""context"": ""に当クリニックの治療成績 の公表等へ匿名化した上で患者様の治療結果を使用させていただくことがあります。 11.細胞などの保管及び廃棄の方法について 本治療のために採取させていただいた血液の一部及び作製したPRP、APSの保管は行いませ ん。血液の採取後に同意を撤回されたことにより使用しなくなった場合は、個人情報を分からない ようにした上で、医療廃棄物として処理業者に委託して廃棄を行います。 12.再生医療等に係る特許権、著作権その他の財産権、経済的利益の帰属について あなたから提供を受けた細胞を用いる再生医療等について新たに生じた特許権、著作権その他 の財産権、経""}, {""code"": ""01C2505025"", ""idx"": 0, ""url"": ""https://saiseiiryo.mhlw.go.jp/published_plan/download/01C2505025/5/0"", ""page"": 4, ""type"": ""product"", ""hit"": ""APS"", ""context"": ""る法律」により定められた「再生医療等提供基準」に照らして審査を受けています。 18.その他の特記事項 ・細胞の提供及び治療の実施にあたって、ヒトゲノム・遺伝子解析は行いません。 ・採取した細胞や製造したPRP、APSを今後別の治療、研究に用いることはありません。 ・本治療を受けていただいた後は、健康被害の発生や治療の効果について検証させていただくた め、本治療を受けた日から本治療を受けた日から1、3、6ヶ月後を目安に定期的に通院いただき 経過観察をさせていただきます。また、必要に応じてそれ以外の時期にも通院をお願いさせてい ただく可能性がございます。""}, {""code"": ""01C2505025"", ""idx"": 0, ""url"": ""https://saiseiiryo.mhlw.go.jp/published_plan/download/01C2505025/5/0"", ""page"": 5, ""type"": ""product"", ""hit"": ""APS"", ""context"": ""•治療を受けられた患者さまに術前術後の診察時に施術部位のレントゲン撮影をお願いする場合 がございますので、その場合はご協力をお願いいたします。 ・患者様の体調が良くない場合や、採取した血液の状態によっては、PRP、APSを分離できない ことがあります。その際には、再度採血をさせていただく場合があります。 ・PRP、APSを濃縮する機器は定期的にメンテナンスを行っていますが、突然の不具合発生によ り、治療の日程やお時間を変更させていただくことがございますので、大変申し訳ありませんがご 理解の程お願いいたします。 ・治療後に腫脹や熱感等の症状が無く、リハビリテーションをご希""}]"
366	812	35	2	大阪府|アスレティックス整形外科肩膝スポーツクリニック	大阪府	アスレティックス整形外科肩膝スポーツクリニック	01E2511016|01E2511017	PRP	v40_queue|v41							NONE	NO	2	6	0	0	https://saiseiiryo.mhlw.go.jp/published_plan/download/01E2511016/5/0|https://saiseiiryo.mhlw.go.jp/published_plan/download/01E2511017/5/0	01E2511016:0:200|01E2511016:1:404|01E2511016:2:404|01E2511017:0:200|01E2511017:1:404|01E2511017:2:404	[]
366	812	35	3	奈良県|医療法人興生会吉本整形外科・外科病院	奈良県	医療法人興生会 吉本整形外科・外科病院	01E2407015|01E2407016	PRP	v40_queue							NONE	NO	2	6	0	0	https://saiseiiryo.mhlw.go.jp/published_plan/download/01E2407015/5/0|https://saiseiiryo.mhlw.go.jp/published_plan/download/01E2407016/5/0	01E2407015:0:200|01E2407015:1:404|01E2407015:2:404|01E2407016:0:200|01E2407016:1:404|01E2407016:2:404	[]
366	812	35	4	愛知県|瀬戸にしな整形外科クリニック	愛知県	瀬戸にしな整形外科クリニック	01D2111003	PRP	v40_queue							NONE	NO	1	3	0	0	https://saiseiiryo.mhlw.go.jp/published_plan/download/01D2111003/5/0	01D2111003:0:200|01D2111003:1:404|01D2111003:2:404	[]
366	812	35	5	東京都|医療法人社団円徳慶友整形外科脊椎関節病院	東京都	医療法人社団円徳 慶友整形外科脊椎関節病院	01C2309057|01C2312020|01C2312021|01C2409063|03C2308022	PRP|脂肪由来ASC|脂肪由来MSC|脂肪由来幹細胞	v40_queue|v41	脂肪由来幹細胞						NONE	NO	7	17	0	0	https://saiseiiryo.mhlw.go.jp/published_plan/download/01C2309057/5/0|https://saiseiiryo.mhlw.go.jp/published_plan/download/01C2312020/5/0|https://saiseiiryo.mhlw.go.jp/published_plan/download/01C2312020/5/1|https://saiseiiryo.mhlw.go.jp/published_plan/download/01C2312021/5/0|https://saiseiiryo.mhlw.go.jp/published_plan/download/01C2312021/5/1|https://saiseiiryo.mhlw.go.jp/published_plan/download/01C2409063/5/0|https://saiseiiryo.mhlw.go.jp/published_plan/download/03C2308022/5/0	01C2309057:0:200|01C2309057:1:404|01C2309057:2:404|01C2312020:0:200|01C2312020:1:200|01C2312020:2:404|01C2312020:3:404|01C2312021:0:200|01C2312021:1:200|01C2312021:2:404|01C2312021:3:404|01C2409063:0:200|01C2409063:1:404|01C2409063:2:404|03C2308022:0:200|03C2308022:1:404|03C2308022:2:404	[]
366	812	35	6	東京都|東京科学大学病院	東京都	東京科学大学病院	02C2604032|02C2604033|03C2604022|03C2604023	PRP|滑膜幹細胞	v40_queue|v41		APS|GPS	Zimmer Biomet	Zimmer Biomet		Zimmer Biomet	EXPLICIT_MHLW	YES	9	17	0	1	https://saiseiiryo.mhlw.go.jp/published_plan/download/02C2604032/5/0|https://saiseiiryo.mhlw.go.jp/published_plan/download/02C2604032/5/1|https://saiseiiryo.mhlw.go.jp/published_plan/download/02C2604032/5/2|https://saiseiiryo.mhlw.go.jp/published_plan/download/02C2604033/5/0|https://saiseiiryo.mhlw.go.jp/published_plan/download/02C2604033/5/1|https://saiseiiryo.mhlw.go.jp/published_plan/download/02C2604033/5/2|https://saiseiiryo.mhlw.go.jp/published_plan/download/02C2604033/5/3|https://saiseiiryo.mhlw.go.jp/published_plan/download/03C2604022/5/0|https://saiseiiryo.mhlw.go.jp/published_plan/download/03C2604023/5/0	02C2604032:0:200|02C2604032:1:200|02C2604032:2:200|02C2604032:3:404|02C2604032:4:404|02C2604033:0:200|02C2604033:1:200|02C2604033:2:200|02C2604033:3:200|02C2604033:4:404|02C2604033:5:404|03C2604022:0:200|03C2604022:1:404|03C2604022:2:404|03C2604023:0:200|03C2604023:1:404|03C2604023:2:404	"[{""code"": ""02C2604033"", ""idx"": 0, ""url"": ""https://saiseiiryo.mhlw.go.jp/published_plan/download/02C2604033/5/0"", ""page"": 4, ""type"": ""product"", ""hit"": ""APS"", ""context"": ""1 [PRP 膝関節注射]) 今回の治療に用いる PRP の種類 PRP は血液を遠心分離して血小板を多く含む成分を抽出するものですが、今回使 用する PRP はさらに専用のビーズを使用して濃縮するもので、APS と呼ばれるもので す。APS とは自己タンパク質溶液、 Autologous オートローガス Protein プロテイン Solution ソリューション の略称です。APS は PRP よりもインターロイキン-1 レセプターアンタゴニスト(IL-1Ra)などの抗炎症物質を 豊富に含みます。そのため APS は PRP よりも変形性関節症の膝に注射する""}, {""code"": ""02C2604033"", ""idx"": 0, ""url"": ""https://saiseiiryo.mhlw.go.jp/published_plan/download/02C2604033/5/0"", ""page"": 7, ""type"": ""product"", ""hit"": ""APS"", ""context"": ""が起こる可能性がある。 ・治療が社会保険や国民健康保険など公的医療保険の適用を受けることができない。 (3)検査・治療の実施予定日、期間 ・治療実施予定日:西暦 年 月 日 ・採血して APS を用意するまでに約 1 時間を要します。 ・注射して 1、 3、 6 か月後に診察を行います。また注射 6 か月後に MRI 検査を行いま す。 (4)検査・治療の副作用、危険性、合併症など 1炎 症 注射後、一過性に膝が熱を持ったり、腫れたり、痛みが強くなったりする ことがあります(およそ 2 回に 1 回)。 2感 染 PRP また""}, {""code"": ""02C2604033"", ""idx"": 0, ""url"": ""https://saiseiiryo.mhlw.go.jp/published_plan/download/02C2604033/5/0"", ""page"": 8, ""type"": ""product"", ""hit"": ""APS"", ""context"": ""低いと考えられます。 変形性膝関節症に対する手術としては、骨切り術と人工関節置換術があります。どちらも 注射と比較すると身体に対する負担が大きく、入院を必要とします。 表:関節注射治療の比較表 PRP(APS 使用) ヒアルロン酸 概要 関節内に投与により 1 損傷した患部の疼痛を和らげる効 果 2 軟骨保護効果 3 関節内の炎症を抑制する効果 が期待される 関節内に投与により 痛みを和らげる効果がある""}, {""code"": ""02C2604033"", ""idx"": 1, ""url"": ""https://saiseiiryo.mhlw.go.jp/published_plan/download/02C2604033/5/1"", ""page"": 3, ""type"": ""product"", ""hit"": ""APS"", ""context"": ""注射の説明文・同意文書 3 今回の治療に用いる PRP の種類 PRP は血液を遠心分離して血小板を多く含む成分を抽出するものですが、 今回使用するPRP はさらに専用のビーズを使用して濃縮するもので、APS と呼ばれるものです。APS とは自己 タンパク質溶液、 AEAutologousE オートロガス A AEProteinE プロテイン A AESolutionE ソリューション Aの略称です。APS は PRP よりもインターロイ キン-1 レセプターアンタゴニスト(IL -1Ra)などの抗炎症物質を豊富に含みます。そのため APS は PRP よりも変""}, {""code"": ""02C2604033"", ""idx"": 1, ""url"": ""https://saiseiiryo.mhlw.go.jp/published_plan/download/02C2604033/5/1"", ""page"": 7, ""type"": ""product"", ""hit"": ""APS"", ""context"": ""PRP 膝関節内注射の説明文・同意文書 7 表:関節注射治療の比較表 PRP(APS 使用) ヒアルロン酸 概要 関節内に投与により 1 損傷した患部の疼痛を和らげ る効果 2 軟骨保護効果 3 関節内の炎症を抑制する効果 が期待される 関節内に投与により 痛みを和らげる効果がある 疼痛抑制 効果持続期間 単回投与で 最大 24 ヶ月 連続 5 回/1 週間投与で 6 ヶ月程 治療後のリスク 注射部位の痛み""}, {""code"": ""02C2604033"", ""idx"": 2, ""url"": ""https://saiseiiryo.mhlw.go.jp/published_plan/download/02C2604033/5/2"", ""page"": 3, ""type"": ""product"", ""hit"": ""APS"", ""context"": ""21 年 5 月 26 日 3 今回の治療に用いる PRP の種類 PRP は血液を遠心分離して血小板を多く含む成分を抽出するものですが、 今回使用するPRP はさらに専用のビーズを使用して濃縮するもので、APS と呼ばれるものです。APS とは自己 タンパク質溶液、 AEAutologousE オートロガス A AEProteinE プロテイン A AESolutionE ソリューション Aの略称です。APS は PRP よりもインターロイ キン-1 レセプターアンタゴニスト(IL -1Ra)などの抗炎症物質を豊富に含みます。そのため APS は PRP よりも変""}, {""code"": ""02C2604033"", ""idx"": 2, ""url"": ""https://saiseiiryo.mhlw.go.jp/published_plan/download/02C2604033/5/2"", ""page"": 7, ""type"": ""product"", ""hit"": ""APS"", ""context"": ""PRP 膝関節内注射の説明文・同意文書 第 2 版 改訂日:2021 年 5 月 26 日 7 表:関節注射治療の比較表 PRP(APS 使用) ヒアルロン酸 概要 関節内に投与により 1 損傷した患部の疼痛を和らげ る効果 2 軟骨保護効果 3 関節内の炎症を抑制する効果 が期待される 関節内に投与により 痛みを和らげる効果がある 疼痛抑制 効果持続期間 単回投与で 最大 24 ヶ月 連続 5 回/1 週間投与で 6 ヶ月程 治療後のリスク 注射部位の痛み""}, {""code"": ""03C2604023"", ""idx"": 0, ""url"": ""https://saiseiiryo.mhlw.go.jp/published_plan/download/03C2604023/5/0"", ""page"": 2, ""type"": ""product"", ""hit"": ""GPS"", ""context"": ""、 患者さまご自身の血液から抽出したPRP を患部に注射で投与することにより、 患部の疼痛の軽減を目的とした治療です。この治療で使用する PRP は、 高濃度の白血球を含 む LR-PRP(高白血球多血小板血漿)であり、GPSIIISTD(Zimmer Biomet 社製)というキ ットを用いて抽出します。以下、PRP とは本製品のことを指します。 PRP は Platelet プレートレット E-E - AAErichE リッチ A AEPlasmaE プラスマ Aを略した名称で、日本語では多血小板血漿と言います。PRP は血液から血小板を濃縮することにより、血小板に含まれる活性の""}, {""code"": ""03C2604023"", ""idx"": 0, ""url"": ""https://saiseiiryo.mhlw.go.jp/published_plan/download/03C2604023/5/0"", ""page"": 2, ""type"": ""maker"", ""hit"": ""Zimmer Biomet"", ""context"": ""血液から抽出したPRP を患部に注射で投与することにより、 患部の疼痛の軽減を目的とした治療です。この治療で使用する PRP は、 高濃度の白血球を含 む LR-PRP(高白血球多血小板血漿)であり、GPSIIISTD(Zimmer Biomet 社製)というキ ットを用いて抽出します。以下、PRP とは本製品のことを指します。 PRP は Platelet プレートレット E-E - AAErichE リッチ A AEPlasmaE プラスマ Aを略した名称で、日本語では多血小板血漿と言います。PRP は血液から血小板を濃縮することにより、血小板に含まれる活性の高い成長因子を多く含み ます。血小""}]"
366	812	35	7	神奈川県|エムズクリニック	神奈川県	エムズクリニック	01C2108035	PRP	v41							NONE	NO	1	3	0	1	https://saiseiiryo.mhlw.go.jp/published_plan/download/01C2108035/5/0	01C2108035:0:200|01C2108035:1:404|01C2108035:2:404	[]
366	812	35	8	福岡県|医療法人桜康会三宮整形外科医院	福岡県	医療法人 桜康会 三宮整形外科医院	01G2302003	PRP	v41							NONE	NO	1	3	0	1	https://saiseiiryo.mhlw.go.jp/published_plan/download/01G2302003/5/0	01G2302003:0:200|01G2302003:1:404|01G2302003:2:404	[]
366	812	35	9	香川県|医療法人社団藤井外科胃腸科・整形外科	香川県	医療法人社団藤井外科胃腸科・整形外科	01F2311002	PRP	v40_queue							NONE	NO	1	3	0	1	https://saiseiiryo.mhlw.go.jp/published_plan/download/01F2311002/5/0	01F2311002:0:200|01F2311002:1:404|01F2311002:2:404	[]
366	812	36	1	千葉県|医療法人社団明敬会重城病院	千葉県	医療法人社団明敬会 重城病院	03C2207033|03C2207034	PRP	v40_queue							NONE	NO	3	7	0	0	https://saiseiiryo.mhlw.go.jp/published_plan/download/03C2207033/5/0|https://saiseiiryo.mhlw.go.jp/published_plan/download/03C2207033/5/1|https://saiseiiryo.mhlw.go.jp/published_plan/download/03C2207034/5/0	03C2207033:0:200|03C2207033:1:200|03C2207033:2:404|03C2207033:3:404|03C2207034:0:200|03C2207034:1:404|03C2207034:2:404	[]
366	812	36	2	大阪府|リセリングクリニック	大阪府	リセリングクリニック	03E2506014|03E2506015|03E2506016	PRP|その他MSK|脂肪由来MSC	v40_queue|v41	骨髄由来幹細胞						NONE	NO	3	9	0	0	https://saiseiiryo.mhlw.go.jp/published_plan/download/03E2506014/5/0|https://saiseiiryo.mhlw.go.jp/published_plan/download/03E2506015/5/0|https://saiseiiryo.mhlw.go.jp/published_plan/download/03E2506016/5/0	03E2506014:0:200|03E2506014:1:404|03E2506014:2:404|03E2506015:0:200|03E2506015:1:404|03E2506015:2:404|03E2506016:0:200|03E2506016:1:404|03E2506016:2:404	[]
366	812	36	3	宮崎県|くもん整形外科スポーツ・骨関節クリニック	宮崎県	くもん整形外科 スポーツ・骨関節クリニック	01G2404003	PRP	v41							NONE	NO	1	3	0	0	https://saiseiiryo.mhlw.go.jp/published_plan/download/01G2404003/5/0	01G2404003:0:200|01G2404003:1:404|01G2404003:2:404	[]
366	812	36	4	愛知県|米田病院	愛知県	米田病院	03D2604004|03D2604005	PRP	v40_queue							NONE	NO	2	6	0	0	https://saiseiiryo.mhlw.go.jp/published_plan/download/03D2604004/5/0|https://saiseiiryo.mhlw.go.jp/published_plan/download/03D2604005/5/0	03D2604004:0:200|03D2604004:1:404|03D2604004:2:404|03D2604005:0:200|03D2604005:1:404|03D2604005:2:404	[]
366	812	36	5	東京都|医療法人社団和み會東京長寿医学クリニック	東京都	医療法人社団和み會 東京長寿医学クリニック	03C2606046|03C2607026	PRP|脂肪由来幹細胞	v40_queue|v41							NONE	NO	2	6	0	0	https://saiseiiryo.mhlw.go.jp/published_plan/download/03C2606046/5/0|https://saiseiiryo.mhlw.go.jp/published_plan/download/03C2607026/5/0	03C2606046:0:200|03C2606046:1:404|03C2606046:2:404|03C2607026:0:200|03C2607026:1:404|03C2607026:2:404	[]
366	812	36	6	東京都|東京銀座ウェルネス&エイジングクリニック	東京都	東京銀座ウェルネス&エイジングクリニック	01C2108015	PRP	v40_queue		APS		Zimmer Biomet		Zimmer Biomet	VALIDATED_PRODUCT_MAP	YES	1	3	0	1	https://saiseiiryo.mhlw.go.jp/published_plan/download/01C2108015/5/0	01C2108015:0:200|01C2108015:1:404|01C2108015:2:404	"[{""code"": ""01C2108015"", ""idx"": 0, ""url"": ""https://saiseiiryo.mhlw.go.jp/published_plan/download/01C2108015/5/0"", ""page"": 3, ""type"": ""product"", ""hit"": ""APS"", ""context"": ""、治療の日程やお 時間を変更させていただくことがございますので、ご理解の程お願いいたします。 ・本治療の実施にあたって、ヒトゲノム・遺伝子解析は行いません。 ・本治療の実施にあたって採取した細胞、 製造した PRP、APS を今後別の治療、研究に用いることはありませ ん。""}]"
366	812	36	7	神奈川県|シン・整形外科網島	神奈川県	シン・整形外科 網島	02C2409002|02C2409003	PRP	v41							NONE	NO	6	10	0	1	https://saiseiiryo.mhlw.go.jp/published_plan/download/02C2409002/5/0|https://saiseiiryo.mhlw.go.jp/published_plan/download/02C2409002/5/1|https://saiseiiryo.mhlw.go.jp/published_plan/download/02C2409002/5/2|https://saiseiiryo.mhlw.go.jp/published_plan/download/02C2409003/5/0|https://saiseiiryo.mhlw.go.jp/published_plan/download/02C2409003/5/1|https://saiseiiryo.mhlw.go.jp/published_plan/download/02C2409003/5/2	02C2409002:0:200|02C2409002:1:200|02C2409002:2:200|02C2409002:3:404|02C2409002:4:404|02C2409003:0:200|02C2409003:1:200|02C2409003:2:200|02C2409003:3:404|02C2409003:4:404	[]
366	812	36	8	福岡県|医療法人HMCブレインメディカルクリニック博多	福岡県	医療法人HMC ブレインメディカルクリニック博多	01G2408004	PRP	v40_queue							NONE	NO	1	3	0	1	https://saiseiiryo.mhlw.go.jp/published_plan/download/01G2408004/5/0	01G2408004:0:200|01G2408004:1:404|01G2408004:2:404	[]
366	812	36	9	香川県|社会医療法人財団大樹会総合病院回生病院	香川県	社会医療法人財団 大樹会 総合病院 回生病院	03F2403002|03F2403003	PRP|脂肪由来MSC	v40_queue		APS		Zimmer Biomet		Zimmer Biomet	VALIDATED_PRODUCT_MAP	YES	2	6	0	1	https://saiseiiryo.mhlw.go.jp/published_plan/download/03F2403002/5/0|https://saiseiiryo.mhlw.go.jp/published_plan/download/03F2403003/5/0	03F2403002:0:200|03F2403002:1:404|03F2403002:2:404|03F2403003:0:200|03F2403003:1:404|03F2403003:2:404	"[{""code"": ""03F2403002"", ""idx"": 0, ""url"": ""https://saiseiiryo.mhlw.go.jp/published_plan/download/03F2403002/5/0"", ""page"": 2, ""type"": ""product"", ""hit"": ""APS"", ""context"": ""治療の方法について 【治療の流れ】 採血 ⇒ PRP 抽出 ⇒ 施術 すべての治療は当日中に完了します。 APS キット 1. 採血:1 キット約55ml の血液を採取します。 2. PRP 分離:採取した血液を、人への治療に使用することが認められた医療機器である本治療 専用の遠心分離機と専用チューブを用いて 2 度遠心分離し、より高濃度な PRP を 精製抽出します。加工されるPRP は 2.5ml です。 3. 施術:患部へPRP を注入していきます。""}, {""code"": ""03F2403002"", ""idx"": 0, ""url"": ""https://saiseiiryo.mhlw.go.jp/published_plan/download/03F2403002/5/0"", ""page"": 3, ""type"": ""product"", ""hit"": ""APS"", ""context"": ""治療比較表 APS ヒアルロン酸注入 概要 濃縮率が高いので、関節腔内に投与 することで、損傷した患部の疼痛を 和らげる効果や組織を修復する効果 がより期待される。 ヒアルロン酸は関節腔内に注入され るとクッションのような働きをし、 痛みを和らげる効果がある。 効果持続期間 最大 24 ヶ月 6 ヶ月程 治療後のリスク (注入部位の痛み、 腫れなど) リスクはほ""}]"
366	812	37	1	千葉県|医療法人社団曙会流山中央病院	千葉県	医療法人社団曙会 流山中央病院	01C2106043|01C2108006	PRP	v40_queue|v41							NONE	NO	2	6	0	0	https://saiseiiryo.mhlw.go.jp/published_plan/download/01C2106043/5/0|https://saiseiiryo.mhlw.go.jp/published_plan/download/01C2108006/5/0	01C2106043:0:200|01C2106043:1:404|01C2106043:2:404|01C2108006:0:200|01C2108006:1:404|01C2108006:2:404	[]
366	812	37	2	大阪府|ルナペインクリニック	大阪府	ルナペインクリニック	01E2403004	PRP	v41							NONE	NO	1	3	0	0	https://saiseiiryo.mhlw.go.jp/published_plan/download/01E2403004/5/0	01E2403004:0:200|01E2403004:1:404|01E2403004:2:404	[]
366	812	37	3	宮崎県|整形外科押領司病院	宮崎県	整形外科 押領司病院	01G2301006	PRP	v41							NONE	NO	1	3	0	0	https://saiseiiryo.mhlw.go.jp/published_plan/download/01G2301006/5/0	01G2301006:0:200|01G2301006:1:404|01G2301006:2:404	[]
366	812	37	4	新潟県|医療法人社団ibisこばり坂クリニック	新潟県	医療法人社団ibis こばり坂クリニック	01C2411010|01C2411011	PRP	v40_queue		ACP|APS|GPS		Arthrex|Zimmer Biomet		Arthrex|Zimmer Biomet	VALIDATED_PRODUCT_MAP	YES	2	6	0	0	https://saiseiiryo.mhlw.go.jp/published_plan/download/01C2411010/5/0|https://saiseiiryo.mhlw.go.jp/published_plan/download/01C2411011/5/0	01C2411010:0:200|01C2411010:1:404|01C2411010:2:404|01C2411011:0:200|01C2411011:1:404|01C2411011:2:404	"[{""code"": ""01C2411010"", ""idx"": 0, ""url"": ""https://saiseiiryo.mhlw.go.jp/published_plan/download/01C2411010/5/0"", ""page"": 1, ""type"": ""product"", ""hit"": ""ACP"", ""context"": ""部に注入を行います。 ※以下、血小板を濃縮した多血小板血漿をPRP、PRPをさらに濃縮した多血小板血漿抽出液を APSと記載いたします。 本治療では、PRPを製造するキットとして以下の3種類から選択します。 1ACPダブルシリンジシステム 2GPSIIIシステム 5GPSIIIシステム及びAPSキット これらのキットは採血量や製造したPRP、APSの投与量が異なり、効果にも差が出る可能性があ ります。 年齢・病態の重症度で使い分け、患者様のご希望も伺った上で医師の判断で使用するキットを決 定します。 4.細胞提供者として選定された理由""}, {""code"": ""01C2411010"", ""idx"": 0, ""url"": ""https://saiseiiryo.mhlw.go.jp/published_plan/download/01C2411010/5/0"", ""page"": 1, ""type"": ""product"", ""hit"": ""GPS"", ""context"": ""小板を濃縮した多血小板血漿をPRP、PRPをさらに濃縮した多血小板血漿抽出液を APSと記載いたします。 本治療では、PRPを製造するキットとして以下の3種類から選択します。 1ACPダブルシリンジシステム 2GPSIIIシステム 5GPSIIIシステム及びAPSキット これらのキットは採血量や製造したPRP、APSの投与量が異なり、効果にも差が出る可能性があ ります。 年齢・病態の重症度で使い分け、患者様のご希望も伺った上で医師の判断で使用するキットを決 定します。 4.細胞提供者として選定された理由""}, {""code"": ""01C2411010"", ""idx"": 0, ""url"": ""https://saiseiiryo.mhlw.go.jp/published_plan/download/01C2411010/5/0"", ""page"": 1, ""type"": ""product"", ""hit"": ""APS"", ""context"": ""なた)から血液を採取し、血小板を濃縮した多血小板血漿を製造しま す。製造した多血小板血漿は注射器を用いて患部に注入を行います。 ※以下、血小板を濃縮した多血小板血漿をPRP、PRPをさらに濃縮した多血小板血漿抽出液を APSと記載いたします。 本治療では、PRPを製造するキットとして以下の3種類から選択します。 1ACPダブルシリンジシステム 2GPSIIIシステム 5GPSIIIシステム及びAPSキット これらのキットは採血量や製造したPRP、APSの投与量が異なり、効果にも差が出る可能性があ ります。 年齢・病態の重症度で使い分け、患者様のご希望も伺った""}, {""code"": ""01C2411010"", ""idx"": 0, ""url"": ""https://saiseiiryo.mhlw.go.jp/published_plan/download/01C2411010/5/0"", ""page"": 2, ""type"": ""product"", ""hit"": ""APS"", ""context"": "")を有する ・薬剤過敏症の既往歴を有する その他、治療を受ける者の健康状態、身体的条件を勘案し、本治療を実施する医師が治療の提 供の可否を判断する。 5.再生医療等に用いる細胞について 本治療に用いるPRP、APSは再生医療等を受ける本人(あなた)から採取した血液を元に製造し、 主に血小板から構成されます。血液の採取は当院にて、注射器を用いて採取します。採取した血 液を本治療専用の医療機器を用いて遠心分離(遠心力を利用して、細胞の大きさによって血液中 の細胞を分離する方法)によりPRP、APSを精製抽出します。 6.細胞の提供や再生医療等を受けることによる利益(""}, {""code"": ""01C2411010"", ""idx"": 0, ""url"": ""https://saiseiiryo.mhlw.go.jp/published_plan/download/01C2411010/5/0"", ""page"": 3, ""type"": ""product"", ""hit"": ""APS"", ""context"": ""に当クリニックの治療成績 の公表等へ匿名化した上で患者様の治療結果を使用させていただくことがあります。 11.細胞などの保管及び廃棄の方法について 本治療のために採取させていただいた血液の一部及び作製したPRP、APSの保管は行いませ ん。血液の採取後に同意を撤回されたことにより使用しなくなった場合は、個人情報を分からない ようにした上で、医療廃棄物として処理業者に委託して廃棄を行います。 12.再生医療等に係る特許権、著作権その他の財産権、経済的利益の帰属について あなたから提供を受けた細胞を用いる再生医療等について新たに生じた特許権、著作権その他 の財産権、経""}, {""code"": ""01C2411010"", ""idx"": 0, ""url"": ""https://saiseiiryo.mhlw.go.jp/published_plan/download/01C2411010/5/0"", ""page"": 5, ""type"": ""product"", ""hit"": ""APS"", ""context"": ""る法律」により定められた「再生医療等提供基準」に照らして審査を受けています。 18.その他の特記事項 ・細胞の提供及び治療の実施にあたって、ヒトゲノム・遺伝子解析は行いません。 ・採取した細胞や製造したPRP、APSを今後別の治療、研究に用いることはありません。 ・本治療を受けていただいた後は、健康被害の発生や治療の効果について検証させていただくた め、本治療を受けた日から本治療を受けた日から1、3、6ヶ月後を目安に定期的に通院いただき 経過観察をさせていただきます。また、必要に応じてそれ以外の時期にも通院をお願いさせてい ただく可能性がございます。 •治療を受けら""}, {""code"": ""01C2411011"", ""idx"": 0, ""url"": ""https://saiseiiryo.mhlw.go.jp/published_plan/download/01C2411011/5/0"", ""page"": 1, ""type"": ""product"", ""hit"": ""ACP"", ""context"": ""製造します。製造 した多血小板血漿は注射器を用いて患部に注入を行います。 ※以下、血小板を濃縮した多血小板血漿をPRPと記載いたします。 本治療では、PRPを製造するキットとして以下の2種類から選択します。 1ACPダブルシリンジシステム 2GPSIIIシステム これらのキットは採血量や製造したPRPの投与量が異なり、効果にも差が出る可能性があります。 年齢・病態の重症度で使い分け、患者様のご希望も伺った上で医師の判断で使用するキットを決定します。 4.細胞提供者として選定された理由 本治療法では、再生医療等を受ける本人(あなた)から採取した細胞を用いるため、あな""}, {""code"": ""01C2411011"", ""idx"": 0, ""url"": ""https://saiseiiryo.mhlw.go.jp/published_plan/download/01C2411011/5/0"", ""page"": 1, ""type"": ""product"", ""hit"": ""GPS"", ""context"": ""は注射器を用いて患部に注入を行います。 ※以下、血小板を濃縮した多血小板血漿をPRPと記載いたします。 本治療では、PRPを製造するキットとして以下の2種類から選択します。 1ACPダブルシリンジシステム 2GPSIIIシステム これらのキットは採血量や製造したPRPの投与量が異なり、効果にも差が出る可能性があります。 年齢・病態の重症度で使い分け、患者様のご希望も伺った上で医師の判断で使用するキットを決定します。 4.細胞提供者として選定された理由 本治療法では、再生医療等を受ける本人(あなた)から採取した細胞を用いるため、あなたが細胞提供者 として選定されまし""}]"
366	812	37	5	東京都|医療法人社団善用会講道館ビルクリニック	東京都	医療法人社団善用会 講道館ビルクリニック	01C2603012	PRP	v41							NONE	NO	1	3	0	0	https://saiseiiryo.mhlw.go.jp/published_plan/download/01C2603012/5/0	01C2603012:0:200|01C2603012:1:404|01C2603012:2:404	[]
366	812	37	6	東京都|東京銀座国際醫院	東京都	東京銀座国際醫院	01C2002030|01C2002032	BMAC|PRP	v40_queue							NONE	NO	2	6	0	1	https://saiseiiryo.mhlw.go.jp/published_plan/download/01C2002030/5/0|https://saiseiiryo.mhlw.go.jp/published_plan/download/01C2002032/5/0	01C2002030:0:200|01C2002030:1:404|01C2002030:2:404|01C2002032:0:200|01C2002032:1:404|01C2002032:2:404	[]
366	812	37	7	神奈川県|ヴェルディクリニック	神奈川県	ヴェルディクリニック	01C2302050|01C2302051	PRP	v41							NONE	NO	2	6	0	1	https://saiseiiryo.mhlw.go.jp/published_plan/download/01C2302050/5/0|https://saiseiiryo.mhlw.go.jp/published_plan/download/01C2302051/5/0	01C2302050:0:200|01C2302050:1:404|01C2302050:2:404|01C2302051:0:200|01C2302051:1:404|01C2302051:2:404	[]
366	812	37	8	福岡県|医療法人かつの整形外科リハビリテーション科	福岡県	医療法人かつの整形外科リハビリテーション科	03G2101003	PRP	v41							NONE	NO	2	4	0	1	https://saiseiiryo.mhlw.go.jp/published_plan/download/03G2101003/5/0|https://saiseiiryo.mhlw.go.jp/published_plan/download/03G2101003/5/1	03G2101003:0:200|03G2101003:1:200|03G2101003:2:404|03G2101003:3:404	[]
366	812	37	9	香川県|香川県厚生農業協同組合連合会屋島総合病院	香川県	香川県厚生農業協同組合連合会 屋島総合病院	03F2309003|03F2309004	PRP	v40_queue|v41							NONE	NO	2	6	0	1	https://saiseiiryo.mhlw.go.jp/published_plan/download/03F2309003/5/0|https://saiseiiryo.mhlw.go.jp/published_plan/download/03F2309004/5/0	03F2309003:0:200|03F2309003:1:404|03F2309003:2:404|03F2309004:0:200|03F2309004:1:404|03F2309004:2:404	[]
366	812	38	1	千葉県|医療法人社団煌和会國分クリニック	千葉県	医療法人社団煌和会 國分クリニック	01C2202006	PRP	v41							NONE	NO	1	3	0	0	https://saiseiiryo.mhlw.go.jp/published_plan/download/01C2202006/5/0	01C2202006:0:200|01C2202006:1:404|01C2202006:2:404	[]
366	812	38	2	大阪府|一般社団法人澄佳会松山淳記念クリニック	大阪府	一般社団法人澄佳会 松山淳記念クリニック	01E2508030|02E2607017	PRP|脂肪由来幹細胞	v40_queue|v41							NONE	NO	3	7	0	0	https://saiseiiryo.mhlw.go.jp/published_plan/download/01E2508030/5/0|https://saiseiiryo.mhlw.go.jp/published_plan/download/02E2607017/5/0|https://saiseiiryo.mhlw.go.jp/published_plan/download/02E2607017/5/1	01E2508030:0:200|01E2508030:1:404|01E2508030:2:404|02E2607017:0:200|02E2607017:1:200|02E2607017:2:404|02E2607017:3:404	[]
366	812	38	3	山口県|医療法人社団宇部興産中央病院	山口県	医療法人社団 宇部興産中央病院	01F2206003|03F2208001	PRP	v40_queue							NONE	NO	3	7	0	0	https://saiseiiryo.mhlw.go.jp/published_plan/download/01F2206003/5/0|https://saiseiiryo.mhlw.go.jp/published_plan/download/03F2208001/5/0|https://saiseiiryo.mhlw.go.jp/published_plan/download/03F2208001/5/1	01F2206003:0:200|01F2206003:1:404|01F2206003:2:404|03F2208001:0:200|03F2208001:1:200|03F2208001:2:404|03F2208001:3:404	[]
366	812	38	4	新潟県|医療法人社団おおたに整形外科クリニック	新潟県	医療法人社団おおたに整形外科クリニック	01C2605002|01C2605008	PRP	v40_queue							NONE	NO	2	6	0	0	https://saiseiiryo.mhlw.go.jp/published_plan/download/01C2605002/5/0|https://saiseiiryo.mhlw.go.jp/published_plan/download/01C2605008/5/0	01C2605002:0:200|01C2605002:1:404|01C2605002:2:404|01C2605008:0:200|01C2605008:1:404|01C2605008:2:404	[]
366	812	38	5	東京都|医療法人社団喜美会自由が丘クリニック	東京都	医療法人社団喜美会 自由が丘クリニック	01C2508073|01C2508074|01C2603057	PRP|脂肪由来幹細胞	v41	PRP|脂肪由来幹細胞						NONE	NO	6	12	0	0	https://saiseiiryo.mhlw.go.jp/published_plan/download/01C2508073/5/0|https://saiseiiryo.mhlw.go.jp/published_plan/download/01C2508073/5/1|https://saiseiiryo.mhlw.go.jp/published_plan/download/01C2508074/5/0|https://saiseiiryo.mhlw.go.jp/published_plan/download/01C2508074/5/1|https://saiseiiryo.mhlw.go.jp/published_plan/download/01C2603057/5/0|https://saiseiiryo.mhlw.go.jp/published_plan/download/01C2603057/5/1	01C2508073:0:200|01C2508073:1:200|01C2508073:2:404|01C2508073:3:404|01C2508074:0:200|01C2508074:1:200|01C2508074:2:404|01C2508074:3:404|01C2603057:0:200|01C2603057:1:200|01C2603057:2:404|01C2603057:3:404	[]
366	812	38	6	東京都|東急株式会社東急病院	東京都	東急株式会社東急病院	02C2302016	PRP	v41							NONE	NO	2	4	0	1	https://saiseiiryo.mhlw.go.jp/published_plan/download/02C2302016/5/0|https://saiseiiryo.mhlw.go.jp/published_plan/download/02C2302016/5/1	02C2302016:0:200|02C2302016:1:200|02C2302016:2:404|02C2302016:3:404	[]
366	812	38	7	神奈川県|井土ヶ谷整形外科リハビリクリニック	神奈川県	井土ヶ谷整形外科リハビリクリニック	01C2410005	PRP	v41	PRP						NONE	NO	3	5	0	1	https://saiseiiryo.mhlw.go.jp/published_plan/download/01C2410005/5/0|https://saiseiiryo.mhlw.go.jp/published_plan/download/01C2410005/5/1|https://saiseiiryo.mhlw.go.jp/published_plan/download/01C2410005/5/2	01C2410005:0:200|01C2410005:1:200|01C2410005:2:200|01C2410005:3:404|01C2410005:4:404	[]
366	812	38	8	福岡県|医療法人かつの整形外科・リハビリテーション科	福岡県	医療法人かつの整形外科・リハビリテーション科	03G2101004	PRP	v41	PRP						NONE	NO	2	4	0	1	https://saiseiiryo.mhlw.go.jp/published_plan/download/03G2101004/5/0|https://saiseiiryo.mhlw.go.jp/published_plan/download/03G2101004/5/1	03G2101004:0:200|03G2101004:1:200|03G2101004:2:404|03G2101004:3:404	[]
366	812	38	9	香川県|高松南整形外科スポーツクリニック	香川県	高松南整形外科スポーツクリニック	01F2203001|01F2203002	PRP	v40_queue|v41							NONE	NO	2	6	0	1	https://saiseiiryo.mhlw.go.jp/published_plan/download/01F2203001/5/0|https://saiseiiryo.mhlw.go.jp/published_plan/download/01F2203002/5/0	01F2203001:0:200|01F2203001:1:404|01F2203001:2:404|01F2203002:0:200|01F2203002:1:404|01F2203002:2:404	[]
366	812	39	1	千葉県|医療法人社団誠富会成田整形外科	千葉県	医療法人社団誠富会 成田整形外科	02C2503026|02C2503029	PRP	v41							NONE	NO	2	6	0	0	https://saiseiiryo.mhlw.go.jp/published_plan/download/02C2503026/5/0|https://saiseiiryo.mhlw.go.jp/published_plan/download/02C2503029/5/0	02C2503026:0:200|02C2503026:1:404|02C2503026:2:404|02C2503029:0:200|02C2503029:1:404|02C2503029:2:404	[]
366	812	39	2	大阪府|一般社団法人隆起会おおたき整形外科	大阪府	一般社団法人隆起会 おおたき整形外科	01E2604017|01E2604018	PRP	v40_queue|v41							NONE	NO	2	6	0	0	https://saiseiiryo.mhlw.go.jp/published_plan/download/01E2604017/5/0|https://saiseiiryo.mhlw.go.jp/published_plan/download/01E2604018/5/0	01E2604017:0:200|01E2604017:1:404|01E2604017:2:404|01E2604018:0:200|01E2604018:1:404|01E2604018:2:404	[]
366	812	39	3	山口県|山口県厚生農業協同組合連合会小郡第一総合病院	山口県	山口県厚生農業協同組合連合会 小郡第一総合病院	03F2602001	PRP	v40_queue		APS|GPS	Zimmer Biomet	Zimmer Biomet		Zimmer Biomet	EXPLICIT_MHLW	YES	1	3	0	0	https://saiseiiryo.mhlw.go.jp/published_plan/download/03F2602001/5/0	03F2602001:0:200|03F2602001:1:404|03F2602001:2:404	"[{""code"": ""03F2602001"", ""idx"": 0, ""url"": ""https://saiseiiryo.mhlw.go.jp/published_plan/download/03F2602001/5/0"", ""page"": 2, ""type"": ""product"", ""hit"": ""GPS"", ""context"": ""療の方法について 本治療では、人への治療に使用することが認められた医療機器である本治療専用の遠心分離機と 専用チューブ(GPSIIIまたはAPS キット、どちらもZIMMER BIOMET 社製)を用います。治療に使用す るキットについては患者様とご相談、同意を得た上で決定を致します。 (治療の流れ) 採血 ⇒ PRP 抽出 ⇒ 施術 すべての治療は当日中に完了します。場合によって局部麻酔を行うことがあります。 GPSIIIシステム 1.採血:1キット約26ml(ミニ用""}, {""code"": ""03F2602001"", ""idx"": 0, ""url"": ""https://saiseiiryo.mhlw.go.jp/published_plan/download/03F2602001/5/0"", ""page"": 2, ""type"": ""product"", ""hit"": ""APS"", ""context"": ""本治療では、人への治療に使用することが認められた医療機器である本治療専用の遠心分離機と 専用チューブ(GPSIIIまたはAPS キット、どちらもZIMMER BIOMET 社製)を用います。治療に使用す るキットについては患者様とご相談、同意を得た上で決定を致します。 (治療の流れ) 採血 ⇒ PRP 抽出 ⇒ 施術 すべての治療は当日中に完了します。場合によって局部麻酔を行うことがあります。 GPSIIIシステム 1.採血:1キット約26ml(ミニ用)または52""}, {""code"": ""03F2602001"", ""idx"": 0, ""url"": ""https://saiseiiryo.mhlw.go.jp/published_plan/download/03F2602001/5/0"", ""page"": 2, ""type"": ""maker"", ""hit"": ""Zimmer Biomet"", ""context"": ""本治療では、人への治療に使用することが認められた医療機器である本治療専用の遠心分離機と 専用チューブ(GPSIIIまたはAPS キット、どちらもZIMMER BIOMET 社製)を用います。治療に使用す るキットについては患者様とご相談、同意を得た上で決定を致します。 (治療の流れ) 採血 ⇒ PRP 抽出 ⇒ 施術 すべての治療は当日中に完了します。場合によって局部麻酔を行うことがあります。 GPSIIIシステム 1.採血:1キット約26ml(ミニ用)または52ml(STD用)の血液を採取します。 2.""}, {""code"": ""03F2602001"", ""idx"": 0, ""url"": ""https://saiseiiryo.mhlw.go.jp/published_plan/download/03F2602001/5/0"", ""page"": 3, ""type"": ""product"", ""hit"": ""GPS"", ""context"": ""、年齢の上限制限はありません。 ・治療痕が残りにくく、何度でも治療を受けることができます。 ・1 回の投与で修復作用が上手く働けば、 痛みの軽減や機能改善に対する長期的な効果持続が期待で きます(海外の臨床試験にて、GPSIIIシステムでは最大で6~12 ヶ月、APS キットでは最大で24 ヶ 月効果が持続していたとの報告があります) 。 治療の欠点と副作用(デメリット)について ・患者様ご自身の血液を使用するため体調や年齢などに左右され、場合によっては安定した効果が 出にくいといった欠点があります。(治療効果・効果""}, {""code"": ""03F2602001"", ""idx"": 0, ""url"": ""https://saiseiiryo.mhlw.go.jp/published_plan/download/03F2602001/5/0"", ""page"": 3, ""type"": ""product"", ""hit"": ""APS"", ""context"": ""りにくく、何度でも治療を受けることができます。 ・1 回の投与で修復作用が上手く働けば、 痛みの軽減や機能改善に対する長期的な効果持続が期待で きます(海外の臨床試験にて、GPSIIIシステムでは最大で6~12 ヶ月、APS キットでは最大で24 ヶ 月効果が持続していたとの報告があります) 。 治療の欠点と副作用(デメリット)について ・患者様ご自身の血液を使用するため体調や年齢などに左右され、場合によっては安定した効果が 出にくいといった欠点があります。(治療効果・効果の持続期間には個人差があります)""}, {""code"": ""03F2602001"", ""idx"": 0, ""url"": ""https://saiseiiryo.mhlw.go.jp/published_plan/download/03F2602001/5/0"", ""page"": 4, ""type"": ""product"", ""hit"": ""GPS"", ""context"": ""【PRP】1_07_説明文書同意書_小郡第一総合病院 PRP ヒアルロン酸注入 GPS®III APS 概要 関節腔内に投与するこ とで、 損傷した患部の疼 痛を和らげ る効果があ り、 また、組織を修復す る効果が期待される。 GPS®IIIをさらに濃縮して いるので、 関節腔内に投与 することで、 損傷した患部 の疼痛を和らげる効果や 組織を修復する効果がよ り期待される。 ヒアルロン酸は関節腔内 に注入されるとクッショ ンのよう""}, {""code"": ""03F2602001"", ""idx"": 0, ""url"": ""https://saiseiiryo.mhlw.go.jp/published_plan/download/03F2602001/5/0"", ""page"": 4, ""type"": ""product"", ""hit"": ""APS"", ""context"": ""【PRP】1_07_説明文書同意書_小郡第一総合病院 PRP ヒアルロン酸注入 GPS®III APS 概要 関節腔内に投与するこ とで、 損傷した患部の疼 痛を和らげ る効果があ り、 また、組織を修復す る効果が期待される。 GPS®IIIをさらに濃縮して いるので、 関節腔内に投与 することで、 損傷した患部 の疼痛を和らげる効果や 組織を修復する効果がよ り期待される。 ヒアルロン酸は関節腔内 に注入されるとクッショ ンのような働きをし、 痛""}, {""code"": ""03F2602001"", ""idx"": 0, ""url"": ""https://saiseiiryo.mhlw.go.jp/published_plan/download/03F2602001/5/0"", ""page"": 7, ""type"": ""product"", ""hit"": ""GPS"", ""context"": "")の提供を受けることについて、「再生医療等提供のご説明」に沿って以下の説明 を受けました。 □再生医療等の内容及び目的について □再生医療等に使用する PRP について (今回の治療で使用するキット名称: □GPS®IIIシステム □APS キット) □再生医療等を受けることによる効果、危険について □他の治療法について □再生医療等を受けることを拒否することができること □再生医療等を受けることの拒否、同意の撤回により、不利益な扱いを受けないこと □採取した血液の保管及び廃棄について □健康・遺伝的特徴等の重要な知見が得られた場合の取り扱いについて""}, {""code"": ""03F2602001"", ""idx"": 0, ""url"": ""https://saiseiiryo.mhlw.go.jp/published_plan/download/03F2602001/5/0"", ""page"": 7, ""type"": ""product"", ""hit"": ""APS"", ""context"": ""いて、「再生医療等提供のご説明」に沿って以下の説明 を受けました。 □再生医療等の内容及び目的について □再生医療等に使用する PRP について (今回の治療で使用するキット名称: □GPS®IIIシステム □APS キット) □再生医療等を受けることによる効果、危険について □他の治療法について □再生医療等を受けることを拒否することができること □再生医療等を受けることの拒否、同意の撤回により、不利益な扱いを受けないこと □採取した血液の保管及び廃棄について □健康・遺伝的特徴等の重要な知見が得られた場合の取り扱いについて □再生医療等にて得られた試""}]"
366	812	39	4	東京都|NAG整形外科	東京都	NAG整形外科	01C2304054|01C2305018|01C2305019	PRP|脂肪由来幹細胞	v41							NONE	NO	3	9	0	0	https://saiseiiryo.mhlw.go.jp/published_plan/download/01C2304054/5/0|https://saiseiiryo.mhlw.go.jp/published_plan/download/01C2305018/5/0|https://saiseiiryo.mhlw.go.jp/published_plan/download/01C2305019/5/0	01C2304054:0:200|01C2304054:1:404|01C2304054:2:404|01C2305018:0:200|01C2305018:1:404|01C2305018:2:404|01C2305019:0:200|01C2305019:1:404|01C2305019:2:404	[]
366	812	39	5	東京都|医療法人社団小﨑会常盤台らいおん整形外科	東京都	医療法人社団小﨑会 常盤台らいおん整形外科	03C2305004	PRP	v41							NONE	NO	3	5	0	0	https://saiseiiryo.mhlw.go.jp/published_plan/download/03C2305004/5/0|https://saiseiiryo.mhlw.go.jp/published_plan/download/03C2305004/5/1|https://saiseiiryo.mhlw.go.jp/published_plan/download/03C2305004/5/2	03C2305004:0:200|03C2305004:1:200|03C2305004:2:200|03C2305004:3:404|03C2305004:4:404	[]
366	812	39	6	東京都|東邦大学医療センター大森病院	東京都	東邦大学医療センター大森病院	03C2412023|03C2412027	PRP	v41							NONE	NO	2	6	0	1	https://saiseiiryo.mhlw.go.jp/published_plan/download/03C2412023/5/0|https://saiseiiryo.mhlw.go.jp/published_plan/download/03C2412027/5/0	03C2412023:0:200|03C2412023:1:404|03C2412023:2:404|03C2412027:0:200|03C2412027:1:404|03C2412027:2:404	[]
366	812	39	7	神奈川県|公立大学法人横浜市立大学附属病院	神奈川県	公立大学法人横浜市立大学附属病院	02C2411022	PRP	v41							NONE	NO	2	4	0	1	https://saiseiiryo.mhlw.go.jp/published_plan/download/02C2411022/5/0|https://saiseiiryo.mhlw.go.jp/published_plan/download/02C2411022/5/1	02C2411022:0:200|02C2411022:1:200|02C2411022:2:404|02C2411022:3:404	[]
366	812	39	8	福岡県|医療法人オアシス福岡志恩病院	福岡県	医療法人オアシス 福岡志恩病院	01G1909002	PRP	v41							NONE	NO	1	3	0	1	https://saiseiiryo.mhlw.go.jp/published_plan/download/01G1909002/5/0	01G1909002:0:200|01G1909002:1:404|01G1909002:2:404	[]
366	812	39	9	高知県|独立行政法人地域医療機能推進機構高知西病院	高知県	独立行政法人地域医療機能推進機構 高知西病院	03F2603001	PRP	v40_queue		APS|GPS		Zimmer Biomet		Zimmer Biomet	VALIDATED_PRODUCT_MAP	YES	1	3	0	1	https://saiseiiryo.mhlw.go.jp/published_plan/download/03F2603001/5/0	03F2603001:0:200|03F2603001:1:404|03F2603001:2:404	"[{""code"": ""03F2603001"", ""idx"": 0, ""url"": ""https://saiseiiryo.mhlw.go.jp/published_plan/download/03F2603001/5/0"", ""page"": 2, ""type"": ""product"", ""hit"": ""GPS"", ""context"": ""すべての治療は当日中に完了します。 治療後、原則として1 ヵ月後、3 ヵ月後及び6 ヵ月後にご来院いただき経過観察を行います。 治療に使用するキットについては患者様とご相談、同意を得た上で決定を致します。 GPSIIIシステム 1.採血:1 キット約26ml または 52ml の血液を採取します。 2. PRP 分離:採取した血液を、人への治療に使用することが認められた医療機器である本治療専用 の遠心分離機と専用チューブを用いて遠心しPRP を精製抽出します。 加工されるPRP は3ml または6ml です。 3.施術:患部へPRP を注入していきます。 APS キ""}, {""code"": ""03F2603001"", ""idx"": 0, ""url"": ""https://saiseiiryo.mhlw.go.jp/published_plan/download/03F2603001/5/0"", ""page"": 2, ""type"": ""product"", ""hit"": ""APS"", ""context"": ""することが認められた医療機器である本治療専用 の遠心分離機と専用チューブを用いて遠心しPRP を精製抽出します。 加工されるPRP は3ml または6ml です。 3.施術:患部へPRP を注入していきます。 APS キット 1. 採血:1 キット約55ml の血液を採取します。 2. PRP 分離:採取した血液を、人への治療に使用することが認められた医療機器である本治療専用 の遠心分離機と専用チューブを用いて 2 度遠心分離し、より高濃度な PRP を精製抽出 します。加工されるPRP は 2.5ml です。 3. 施術:患部へPRP を注入していきます。""}, {""code"": ""03F2603001"", ""idx"": 0, ""url"": ""https://saiseiiryo.mhlw.go.jp/published_plan/download/03F2603001/5/0"", ""page"": 3, ""type"": ""product"", ""hit"": ""GPS"", ""context"": ""わるようなことは お控えください。 ※治療部位の感染を防ぐため、当日の入浴はお控えください。 ※PRP投与後、約30分院内で安静にして頂いた後、ご帰宅となります。 治療比較表 PRP ヒアルロン酸注入 GPS®III APS 概要 関節腔内に投与するこ とで、 損傷した患部の疼 痛を和らげ る効果があ り、 また、組織を修復す る効果が期待される。 GPS®IIIをさらに濃縮して いるので、 関節腔内に投与 することで、 損傷した患部 の疼痛を和らげる効果や 組織を修復する効果がよ り期待される。 ヒアルロン酸は関節腔内 に注入されるとクッショ ンのよう""}, {""code"": ""03F2603001"", ""idx"": 0, ""url"": ""https://saiseiiryo.mhlw.go.jp/published_plan/download/03F2603001/5/0"", ""page"": 3, ""type"": ""product"", ""hit"": ""APS"", ""context"": ""お控えください。 ※治療部位の感染を防ぐため、当日の入浴はお控えください。 ※PRP投与後、約30分院内で安静にして頂いた後、ご帰宅となります。 治療比較表 PRP ヒアルロン酸注入 GPS®III APS 概要 関節腔内に投与するこ とで、 損傷した患部の疼 痛を和らげ る効果があ り、 また、組織を修復す る効果が期待される。 GPS®IIIをさらに濃縮して いるので、 関節腔内に投与 することで、 損傷した患部 の疼痛を和らげる効果や 組織を修復する効果がよ り期待される。 ヒアルロン酸は関節腔内 に注入されるとクッショ ンのような働きをし、 痛""}]"
366	812	4	1	京都府|医療法人社団蒼樹会山本整形外科	京都府	医療法人社団蒼樹会 山本整形外科	01E2403019	PRP	v41							NONE	NO	1	3	0	0	https://saiseiiryo.mhlw.go.jp/published_plan/download/01E2403019/5/0	01E2403019:0:200|01E2403019:1:404|01E2403019:2:404	[]
366	812	4	2	千葉県|順天堂大学医学部附属浦安病院	千葉県	順天堂大学医学部附属浦安病院	02C2109023|02C2109024	PRP	v41							NONE	NO	2	6	0	0	https://saiseiiryo.mhlw.go.jp/published_plan/download/02C2109023/5/0|https://saiseiiryo.mhlw.go.jp/published_plan/download/02C2109024/5/0	02C2109023:0:200|02C2109023:1:404|02C2109023:2:404|02C2109024:0:200|02C2109024:1:404|02C2109024:2:404	[]
366	812	4	3	大阪府|医療法人一幸会いっしん整形外科	大阪府	医療法人一幸会 いっしん整形外科	01E2104018|01E2105009	PRP	v40_queue|v41							NONE	NO	2	6	0	0	https://saiseiiryo.mhlw.go.jp/published_plan/download/01E2104018/5/0|https://saiseiiryo.mhlw.go.jp/published_plan/download/01E2105009/5/0	01E2104018:0:200|01E2104018:1:404|01E2104018:2:404|01E2105009:0:200|01E2105009:1:404|01E2105009:2:404	[]
366	812	4	4	岐阜県|多治見スマートクリニック	岐阜県	多治見スマートクリニック	01D2311005	PRP	v40_queue							NONE	NO	1	3	0	0	https://saiseiiryo.mhlw.go.jp/published_plan/download/01D2311005/5/0	01D2311005:0:200|01D2311005:1:404|01D2311005:2:404	[]
366	812	4	5	東京都|つくる整形外科祐天寺駅前スポーツクリニック	東京都	つくる整形外科 祐天寺駅前スポーツクリニック	01C2211047|01C2211048	PRP	v41							NONE	NO	2	6	0	0	https://saiseiiryo.mhlw.go.jp/published_plan/download/01C2211047/5/0|https://saiseiiryo.mhlw.go.jp/published_plan/download/01C2211048/5/0	01C2211047:0:200|01C2211047:1:404|01C2211047:2:404|01C2211048:0:200|01C2211048:1:404|01C2211048:2:404	[]
366	812	4	6	東京都|医療法人社団慶永会徳永整形外科	東京都	医療法人社団慶永会 徳永整形外科	01C2206030	PRP	v40_queue							NONE	NO	3	5	0	1	https://saiseiiryo.mhlw.go.jp/published_plan/download/01C2206030/5/0|https://saiseiiryo.mhlw.go.jp/published_plan/download/01C2206030/5/1|https://saiseiiryo.mhlw.go.jp/published_plan/download/01C2206030/5/2	01C2206030:0:200|01C2206030:1:200|01C2206030:2:200|01C2206030:3:404|01C2206030:4:404	[]
366	812	4	7	東京都|社会福祉法人みどり福祉会B&Jクリニックお茶の水	東京都	社会福祉法人 みどり福祉会  B&Jクリニック お茶の水	02C1909198|02C1912136	PRP	v40_queue|v41	PRP						NONE	NO	2	6	0	1	https://saiseiiryo.mhlw.go.jp/published_plan/download/02C1909198/5/0|https://saiseiiryo.mhlw.go.jp/published_plan/download/02C1912136/5/0	02C1909198:0:200|02C1909198:1:404|02C1909198:2:404|02C1912136:0:200|02C1912136:1:404|02C1912136:2:404	[]
366	812	4	8	神奈川県|医療法人社団三朋会嶺整形外科クリニック	神奈川県	医療法人社団 三朋会 嶺整形外科クリニック	01C2001039	PRP	v40_queue							NONE	NO	1	3	0	1	https://saiseiiryo.mhlw.go.jp/published_plan/download/01C2001039/5/0	01C2001039:0:200|01C2001039:1:404|01C2001039:2:404	[]
366	812	4	9	群馬県|医療法人秀躍会もぎ整形外科クリニック	群馬県	医療法人秀躍会 もぎ整形外科クリニック	01C2207022|01C2207023	PRP	v41	PRP						NONE	NO	6	10	0	1	https://saiseiiryo.mhlw.go.jp/published_plan/download/01C2207022/5/0|https://saiseiiryo.mhlw.go.jp/published_plan/download/01C2207022/5/1|https://saiseiiryo.mhlw.go.jp/published_plan/download/01C2207022/5/2|https://saiseiiryo.mhlw.go.jp/published_plan/download/01C2207023/5/0|https://saiseiiryo.mhlw.go.jp/published_plan/download/01C2207023/5/1|https://saiseiiryo.mhlw.go.jp/published_plan/download/01C2207023/5/2	01C2207022:0:200|01C2207022:1:200|01C2207022:2:200|01C2207022:3:404|01C2207022:4:404|01C2207023:0:200|01C2207023:1:200|01C2207023:2:200|01C2207023:3:404|01C2207023:4:404	[]
366	812	4	10	鹿児島県|天陽会中央クリニック	鹿児島県	天陽会中央クリニック	01G2110006	PRP	v40_queue							NONE	NO	1	3	0	1	https://saiseiiryo.mhlw.go.jp/published_plan/download/01G2110006/5/0	01G2110006:0:200|01G2110006:1:404|01G2110006:2:404	[]
366	812	5	1	京都府|医療法人社団貴順会吉川病院	京都府	医療法人社団貴順会吉川病院	02E2306012|02E2307009|02E2312001	PRP|脂肪由来MSC	v40_queue|v41							NONE	NO	3	9	0	0	https://saiseiiryo.mhlw.go.jp/published_plan/download/02E2306012/5/0|https://saiseiiryo.mhlw.go.jp/published_plan/download/02E2307009/5/0|https://saiseiiryo.mhlw.go.jp/published_plan/download/02E2312001/5/0	02E2306012:0:200|02E2306012:1:404|02E2306012:2:404|02E2307009:0:200|02E2307009:1:404|02E2307009:2:404|02E2312001:0:200|02E2312001:1:404|02E2312001:2:404	[]
366	812	5	2	和歌山県|医療法人たちばな会西岡病院	和歌山県	医療法人たちばな会 西岡病院	02E2511003	PRP	v40_queue		Condensia		京セラ		京セラ	VALIDATED_PRODUCT_MAP	YES	1	3	0	0	https://saiseiiryo.mhlw.go.jp/published_plan/download/02E2511003/5/0	02E2511003:0:200|02E2511003:1:404|02E2511003:2:404	"[{""code"": ""02E2511003"", ""idx"": 0, ""url"": ""https://saiseiiryo.mhlw.go.jp/published_plan/download/02E2511003/5/0"", ""page"": 2, ""type"": ""product"", ""hit"": ""Condensia"", ""context"": ""治療の方法について 【治療の流れ】 採血 ⇒ PRP 抽出 ⇒ 施術 すべての治療は当日中に完了します。 Condensia システム: 1.採血:1 キット約 20ml の血液を採取します。 2.PRP分離採取した血液を、人への治療に使用することが認められた医療機器である遠心分離 機と専用キットを用いて遠心しPRPを精製抽出します。 3.施術:患部へPRPを注入していきます。 ※採血量は関節部位により選択致します。 ※PRP投与後、約30分院内で安静にして頂い""}]"
366	812	5	3	大阪府|医療法人仁由会日本ウェルネス再生クリニック	大阪府	医療法人仁由会 日本ウェルネス再生クリニック	03E2206013|03E2206024	PRP|脂肪由来MSC	v40_queue							NONE	NO	2	6	0	0	https://saiseiiryo.mhlw.go.jp/published_plan/download/03E2206013/5/0|https://saiseiiryo.mhlw.go.jp/published_plan/download/03E2206024/5/0	03E2206013:0:200|03E2206013:1:404|03E2206013:2:404|03E2206024:0:200|03E2206024:1:404|03E2206024:2:404	[]
366	812	5	4	岐阜県|朝日大学医科歯科医療センター	岐阜県	朝日大学医科歯科医療センター	03D2511009	PRP	v40_queue							NONE	NO	2	4	0	0	https://saiseiiryo.mhlw.go.jp/published_plan/download/03D2511009/5/0|https://saiseiiryo.mhlw.go.jp/published_plan/download/03D2511009/5/1	03D2511009:0:200|03D2511009:1:200|03D2511009:2:404|03D2511009:3:404	[]
366	812	5	5	東京都|ガーデンクリニックザ・ホワイトデンタルクリニック品川院	東京都	ガーデンクリニック ザ・ホワイトデンタルクリニック 品川院	03C2110022|03C2408009	PRP	v40_queue|v41							NONE	NO	2	6	0	0	https://saiseiiryo.mhlw.go.jp/published_plan/download/03C2110022/5/0|https://saiseiiryo.mhlw.go.jp/published_plan/download/03C2408009/5/0	03C2110022:0:200|03C2110022:1:404|03C2110022:2:404|03C2408009:0:200|03C2408009:1:404|03C2408009:2:404	[]
366	812	5	6	東京都|医療法人社団成煌会瑞江整形外科	東京都	医療法人社団成煌会 瑞江整形外科	01C1908039	PRP	v41							NONE	NO	1	3	0	1	https://saiseiiryo.mhlw.go.jp/published_plan/download/01C1908039/5/0	01C1908039:0:200|01C1908039:1:404|01C1908039:2:404	[]
366	812	5	7	東京都|社会福祉法人同愛記念病院財団同愛記念病院	東京都	社会福祉法人同愛記念病院財団 同愛記念病院	03C2502006|03C2502007	PRP	v40_queue|v41							NONE	NO	2	6	0	1	https://saiseiiryo.mhlw.go.jp/published_plan/download/03C2502006/5/0|https://saiseiiryo.mhlw.go.jp/published_plan/download/03C2502007/5/0	03C2502006:0:200|03C2502006:1:404|03C2502006:2:404|03C2502007:0:200|03C2502007:1:404|03C2502007:2:404	[]
366	812	5	8	神奈川県|医療法人社団嘉徳会かんクリニックリウマチ・整形外科	神奈川県	医療法人社団 嘉徳会 かんクリニック リウマチ・整形外科	01C1912052	PRP	v41							NONE	NO	1	3	0	1	https://saiseiiryo.mhlw.go.jp/published_plan/download/01C1912052/5/0	01C1912052:0:200|01C1912052:1:404|01C1912052:2:404	[]
366	812	5	9	群馬県|慶友整形外科クリニック	群馬県	慶友整形外科クリニック	01C1906015|01C1910017	PRP	v41							NONE	NO	2	6	0	1	https://saiseiiryo.mhlw.go.jp/published_plan/download/01C1906015/5/0|https://saiseiiryo.mhlw.go.jp/published_plan/download/01C1910017/5/0	01C1906015:0:200|01C1906015:1:404|01C1906015:2:404|01C1910017:0:200|01C1910017:1:404|01C1910017:2:404	[]
366	812	5	10	鹿児島県|鹿児島中央整形外科スポーツクリニック	鹿児島県	鹿児島中央整形外科スポーツクリニック	01G2308005	PRP	v41							NONE	NO	1	3	0	1	https://saiseiiryo.mhlw.go.jp/published_plan/download/01G2308005/5/0	01G2308005:0:200|01G2308005:1:404|01G2308005:2:404	[]
366	812	6	1	京都府|医療法人藍整会なか整形外科京都西院リハビリテーションクリニック	京都府	医療法人藍整会 なか整形外科 京都西院リハビリテーションクリニック	03E2603014|03E2603015	PRP	v41							NONE	NO	2	6	0	0	https://saiseiiryo.mhlw.go.jp/published_plan/download/03E2603014/5/0|https://saiseiiryo.mhlw.go.jp/published_plan/download/03E2603015/5/0	03E2603014:0:200|03E2603014:1:404|03E2603014:2:404|03E2603015:0:200|03E2603015:1:404|03E2603015:2:404	[]
366	812	6	2	和歌山県|医療法人琉憲会ナカイマ整形外科クリニック	和歌山県	医療法人琉憲会 ナカイマ整形外科クリニック	02E2407029|02E2407030	PRP	v40_queue|v41							NONE	NO	2	6	0	0	https://saiseiiryo.mhlw.go.jp/published_plan/download/02E2407029/5/0|https://saiseiiryo.mhlw.go.jp/published_plan/download/02E2407030/5/0	02E2407029:0:200|02E2407029:1:404|02E2407029:2:404|02E2407030:0:200|02E2407030:1:404|02E2407030:2:404	[]
366	812	6	3	大阪府|医療法人光明会もりあきクリニック	大阪府	医療法人光明会 もりあきクリニック	01E2307007|02E2606021	PRP|脂肪由来幹細胞	v41	PRP						NONE	NO	3	7	0	0	https://saiseiiryo.mhlw.go.jp/published_plan/download/01E2307007/5/0|https://saiseiiryo.mhlw.go.jp/published_plan/download/01E2307007/5/1|https://saiseiiryo.mhlw.go.jp/published_plan/download/02E2606021/5/0	01E2307007:0:200|01E2307007:1:200|01E2307007:2:404|01E2307007:3:404|02E2606021:0:200|02E2606021:1:404|02E2606021:2:404	[]
366	812	6	4	岐阜県|森整形外科リハビリクリニック	岐阜県	森整形外科リハビリクリニック	01D2109002|01D2109003	PRP	v40_queue							NONE	NO	2	6	0	0	https://saiseiiryo.mhlw.go.jp/published_plan/download/01D2109002/5/0|https://saiseiiryo.mhlw.go.jp/published_plan/download/01D2109003/5/0	01D2109002:0:200|01D2109002:1:404|01D2109002:2:404|01D2109003:0:200|01D2109003:1:404|01D2109003:2:404	[]
366	812	6	5	東京都|キヤンメディカルクリニック虎ノ門	東京都	キヤンメディカルクリニック虎ノ門	01C2409027	PRP	v40_queue							NONE	NO	1	3	0	0	https://saiseiiryo.mhlw.go.jp/published_plan/download/01C2409027/5/0	01C2409027:0:200|01C2409027:1:404|01C2409027:2:404	[]
366	812	6	6	東京都|医療法人社団明由会今給黎整形外科クリニック	東京都	医療法人社団明由会 今給黎整形外科クリニック	02C1911224	PRP	v40_queue							NONE	NO	1	3	0	1	https://saiseiiryo.mhlw.go.jp/published_plan/download/02C1911224/5/0	02C1911224:0:200|02C1911224:1:404|02C1911224:2:404	[]
366	812	6	7	東京都|社会福祉法人白十字会東京白十字病院	東京都	社会福祉法人白十字会 東京白十字病院	03C2510039	PRP	v40_queue		APS|GPS	Zimmer Biomet	Zimmer Biomet		Zimmer Biomet	EXPLICIT_MHLW	YES	1	3	0	1	https://saiseiiryo.mhlw.go.jp/published_plan/download/03C2510039/5/0	03C2510039:0:200|03C2510039:1:404|03C2510039:2:404	"[{""code"": ""03C2510039"", ""idx"": 0, ""url"": ""https://saiseiiryo.mhlw.go.jp/published_plan/download/03C2510039/5/0"", ""page"": 2, ""type"": ""product"", ""hit"": ""GPS"", ""context"": ""4)治療の流れ 本治療では、人への治療に使用することが認められた医療機器である本治療専用の遠心分離機と 専用チューブ(GPSIIIまたはAPS キット、どちらもZIMMER BIOMET 社製)を用います。治療に使用 するキットについては患者様とご相談、同意を得た上で決定を致します。 (治療の流れ) 採血 ⇒ PRP 抽出 ⇒ 施術 すべての治療は当日中に完了します。場合によって局部麻酔を行うことがあります。 1. 採血 1 キット約26~55mL の血液を採取します""}, {""code"": ""03C2510039"", ""idx"": 0, ""url"": ""https://saiseiiryo.mhlw.go.jp/published_plan/download/03C2510039/5/0"", ""page"": 2, ""type"": ""product"", ""hit"": ""APS"", ""context"": ""本治療では、人への治療に使用することが認められた医療機器である本治療専用の遠心分離機と 専用チューブ(GPSIIIまたはAPS キット、どちらもZIMMER BIOMET 社製)を用います。治療に使用 するキットについては患者様とご相談、同意を得た上で決定を致します。 (治療の流れ) 採血 ⇒ PRP 抽出 ⇒ 施術 すべての治療は当日中に完了します。場合によって局部麻酔を行うことがあります。 1. 採血 1 キット約26~55mL の血液を採取します。 2.""}, {""code"": ""03C2510039"", ""idx"": 0, ""url"": ""https://saiseiiryo.mhlw.go.jp/published_plan/download/03C2510039/5/0"", ""page"": 2, ""type"": ""maker"", ""hit"": ""Zimmer Biomet"", ""context"": ""本治療では、人への治療に使用することが認められた医療機器である本治療専用の遠心分離機と 専用チューブ(GPSIIIまたはAPS キット、どちらもZIMMER BIOMET 社製)を用います。治療に使用 するキットについては患者様とご相談、同意を得た上で決定を致します。 (治療の流れ) 採血 ⇒ PRP 抽出 ⇒ 施術 すべての治療は当日中に完了します。場合によって局部麻酔を行うことがあります。 1. 採血 1 キット約26~55mL の血液を採取します。 2. PRP 分離 採取した血液を 「医薬品、""}, {""code"": ""03C2510039"", ""idx"": 0, ""url"": ""https://saiseiiryo.mhlw.go.jp/published_plan/download/03C2510039/5/0"", ""page"": 3, ""type"": ""product"", ""hit"": ""GPS"", ""context"": ""服用 炎症や痛みをコントロールするために使用されますが、鎮痛剤の服用による消化器系のダメ ージ、連用による効果減弱の可能性があります。 ※アルツ関節注25mg 添付文書より PRP ヒアルロン酸注入 GPS®III APS 概要 関節腔内の注入によ り、損傷した部分の 痛みを和らげる効果 があり、組織を修復 する効果が期待され る。 GPS®IIIをさらに濃縮してい るので、 関節腔内に注入する ことで、 損傷した部分の痛み を和らげる効果や組織を修 復する効果がより期待され る。 ヒアルロン酸は関節腔内 に注入されるとクッショ ンのような働きをし、""}, {""code"": ""03C2510039"", ""idx"": 0, ""url"": ""https://saiseiiryo.mhlw.go.jp/published_plan/download/03C2510039/5/0"", ""page"": 3, ""type"": ""product"", ""hit"": ""APS"", ""context"": ""痛みをコントロールするために使用されますが、鎮痛剤の服用による消化器系のダメ ージ、連用による効果減弱の可能性があります。 ※アルツ関節注25mg 添付文書より PRP ヒアルロン酸注入 GPS®III APS 概要 関節腔内の注入によ り、損傷した部分の 痛みを和らげる効果 があり、組織を修復 する効果が期待され る。 GPS®IIIをさらに濃縮してい るので、 関節腔内に注入する ことで、 損傷した部分の痛み を和らげる効果や組織を修 復する効果がより期待され る。 ヒアルロン酸は関節腔内 に注入されるとクッショ ンのような働きをし、 痛み を和らげる""}, {""code"": ""03C2510039"", ""idx"": 0, ""url"": ""https://saiseiiryo.mhlw.go.jp/published_plan/download/03C2510039/5/0"", ""page"": 6, ""type"": ""product"", ""hit"": ""GPS"", ""context"": ""」 )の提供を受けることについて、「再生医療等提供のご説明」に沿って以下の説明 を受けました。 □再生医療等の内容及び目的について □再生医療等に使用する PRP について (今回の治療で使用するキット名称:□GPS®IIIシステム□APS キット) □再生医療等を受けることによる効果、危険について □他の治療法について □再生医療等を受けることを拒否することができること □再生医療等を受けることの拒否、同意の撤回により、不利益な扱いを受けないこと □同意の撤回について □採取した血液の保管及び廃棄について □健康・遺伝的特徴等の重要な知見が得られた場合""}, {""code"": ""03C2510039"", ""idx"": 0, ""url"": ""https://saiseiiryo.mhlw.go.jp/published_plan/download/03C2510039/5/0"", ""page"": 6, ""type"": ""product"", ""hit"": ""APS"", ""context"": ""について、「再生医療等提供のご説明」に沿って以下の説明 を受けました。 □再生医療等の内容及び目的について □再生医療等に使用する PRP について (今回の治療で使用するキット名称:□GPS®IIIシステム□APS キット) □再生医療等を受けることによる効果、危険について □他の治療法について □再生医療等を受けることを拒否することができること □再生医療等を受けることの拒否、同意の撤回により、不利益な扱いを受けないこと □同意の撤回について □採取した血液の保管及び廃棄について □健康・遺伝的特徴等の重要な知見が得られた場合の取り扱いについて □""}]"
366	812	6	8	神奈川県|医療法人社団総生会麻生リハビリ総合病院	神奈川県	医療法人社団 総生会 麻生リハビリ総合病院	03C2305018	PRP	v41							NONE	NO	3	5	0	1	https://saiseiiryo.mhlw.go.jp/published_plan/download/03C2305018/5/0|https://saiseiiryo.mhlw.go.jp/published_plan/download/03C2305018/5/1|https://saiseiiryo.mhlw.go.jp/published_plan/download/03C2305018/5/2	03C2305018:0:200|03C2305018:1:200|03C2305018:2:200|03C2305018:3:404|03C2305018:4:404	[]
366	812	6	9	群馬県|社会医療法人慶友会慶友整形外科クリニック	群馬県	社会医療法人慶友会 慶友整形外科クリニック	01C2605018	PRP	v41							NONE	NO	1	3	0	1	https://saiseiiryo.mhlw.go.jp/published_plan/download/01C2605018/5/0	01C2605018:0:200|01C2605018:1:404|01C2605018:2:404	[]
366	812	7	1	京都府|医療法人財団康生会たけだ膠原病リウマチクリニック	京都府	医療法人財団康生会 たけだ膠原病リウマチクリニック	03E2507006|03E2507007|03E2507008	PRP|脂肪由来幹細胞	v41	培養脂肪由来幹細胞						NONE	NO	3	9	0	0	https://saiseiiryo.mhlw.go.jp/published_plan/download/03E2507006/5/0|https://saiseiiryo.mhlw.go.jp/published_plan/download/03E2507007/5/0|https://saiseiiryo.mhlw.go.jp/published_plan/download/03E2507008/5/0	03E2507006:0:200|03E2507006:1:404|03E2507006:2:404|03E2507007:0:200|03E2507007:1:404|03E2507007:2:404|03E2507008:0:200|03E2507008:1:404|03E2507008:2:404	[]
366	812	7	2	和歌山県|医療法人須佐病院	和歌山県	医療法人須佐病院	01E2407018|01E2407023|01E2407024	PRP|脂肪由来幹細胞|骨髄濃縮液	v40_queue		APS|Angel	Arthrex	Arthrex|Zimmer Biomet		Arthrex	EXPLICIT_MHLW	YES	3	9	0	0	https://saiseiiryo.mhlw.go.jp/published_plan/download/01E2407018/5/0|https://saiseiiryo.mhlw.go.jp/published_plan/download/01E2407023/5/0|https://saiseiiryo.mhlw.go.jp/published_plan/download/01E2407024/5/0	01E2407018:0:200|01E2407018:1:404|01E2407018:2:404|01E2407023:0:200|01E2407023:1:404|01E2407023:2:404|01E2407024:0:200|01E2407024:1:404|01E2407024:2:404	"[{""code"": ""01E2407018"", ""idx"": 0, ""url"": ""https://saiseiiryo.mhlw.go.jp/published_plan/download/01E2407018/5/0"", ""page"": 3, ""type"": ""product"", ""hit"": ""Angel"", ""context"": ""ら放出される成長因 子が豊富に含まれています。この治療はスポーツ選手のケガの早期回復や関節症の痛み を抑える治療として広く日本でも利用されています。  PRP は患者さん自身の末梢血を採取し、国で承認された医療機器 Angel cPRP/PRP シ ステム(Arthrex Japan)を使って生成します。  PRP 療法は変形性関節症の患者さんに対して、ヒアルロン酸注射と人工関節の橋渡しに なることが期待されている治療です。PRP の関節内注射は主に「滑膜」に作用し、関節 炎と痛みの改善を目的としています。また、 「軟骨の下の骨」が痛んでいる場合は、骨の 炎症や痛みを取る目的で、細いド""}, {""code"": ""01E2407018"", ""idx"": 0, ""url"": ""https://saiseiiryo.mhlw.go.jp/published_plan/download/01E2407018/5/0"", ""page"": 3, ""type"": ""maker"", ""hit"": ""Arthrex"", ""context"": ""す。この治療はスポーツ選手のケガの早期回復や関節症の痛み を抑える治療として広く日本でも利用されています。  PRP は患者さん自身の末梢血を採取し、国で承認された医療機器 Angel cPRP/PRP シ ステム(Arthrex Japan)を使って生成します。  PRP 療法は変形性関節症の患者さんに対して、ヒアルロン酸注射と人工関節の橋渡しに なることが期待されている治療です。PRP の関節内注射は主に「滑膜」に作用し、関節 炎と痛みの改善を目的としています。また、 「軟骨の下の骨」が痛んでいる場合は、骨の 炎症や痛みを取る目的で、細いドリルを使って骨に穴を空け骨内に PR""}, {""code"": ""01E2407023"", ""idx"": 0, ""url"": ""https://saiseiiryo.mhlw.go.jp/published_plan/download/01E2407023/5/0"", ""page"": 6, ""type"": ""product"", ""hit"": ""APS"", ""context"": ""性関節症の痛みに対する代表的な治療法としてヒアルロン酸注入があります。ヒアルロン酸 は関節腔内に注入されるとクッションのような働きをし、 痛みを和らげる効果があります。 また、 近年ではより効果的な治療法として PRP/APS 療法が普及しております。幹細胞療法とは、以下 のような違いがあります。  ヒアルロン酸注入は、ヒアルロン酸が関節腔内から消えていくため(3 日で消失※) 、標準的 な治療として 1 週間毎に連続 5 回注入する必要があります。  PRP/APS 療法は、作製した PRP/APS が何日でなくなるかについてのデータはありません が、おおむね 1 回の""}, {""code"": ""01E2407024"", ""idx"": 0, ""url"": ""https://saiseiiryo.mhlw.go.jp/published_plan/download/01E2407024/5/0"", ""page"": 3, ""type"": ""product"", ""hit"": ""Angel"", ""context"": ""BMC 骨髄内注入治療とは  BMC 骨髄内注入治療は BML によって生じる痛みや痛んだ骨の再生を目的とした治療で す。  BMC 骨髄内注入治療は患者様自身の腸骨より、骨髄液を採取し、承認された医療機器 Angel cPRP/BMC システム (Arthrex Japan) を使って生成した濃縮骨髄液 (以下、 BMC) を細いドリルを使って骨に穴を空け病巣部に移植します。  また、 関節の軟骨が削れてしまって、 骨髄内に BMC を注入しても漏れ出てしまうような 場合は、患者さんの膝から少量の軟骨を採取して、削れてしまった部分に移植を行いま す。  BMC には骨や血""}, {""code"": ""01E2407024"", ""idx"": 0, ""url"": ""https://saiseiiryo.mhlw.go.jp/published_plan/download/01E2407024/5/0"", ""page"": 3, ""type"": ""maker"", ""hit"": ""Arthrex"", ""context"": ""C 骨髄内注入治療は BML によって生じる痛みや痛んだ骨の再生を目的とした治療で す。  BMC 骨髄内注入治療は患者様自身の腸骨より、骨髄液を採取し、承認された医療機器 Angel cPRP/BMC システム (Arthrex Japan) を使って生成した濃縮骨髄液 (以下、 BMC) を細いドリルを使って骨に穴を空け病巣部に移植します。  また、 関節の軟骨が削れてしまって、 骨髄内に BMC を注入しても漏れ出てしまうような 場合は、患者さんの膝から少量の軟骨を採取して、削れてしまった部分に移植を行いま す。  BMC には骨や血管を再生させる細胞や成長因子を含む様""}]"
366	812	7	3	大阪府|医療法人再生会そばじまクリニックニューオータニ大阪院	大阪府	医療法人再生会  そばじまクリニック ニューオータニ大阪院	02E2405009|03E2409028|03E2409029|03E2409030	PRP|脂肪由来幹細胞|脂肪由来細胞群	v40_queue|v41							NONE	NO	4	12	0	0	https://saiseiiryo.mhlw.go.jp/published_plan/download/02E2405009/5/0|https://saiseiiryo.mhlw.go.jp/published_plan/download/03E2409028/5/0|https://saiseiiryo.mhlw.go.jp/published_plan/download/03E2409029/5/0|https://saiseiiryo.mhlw.go.jp/published_plan/download/03E2409030/5/0	02E2405009:0:200|02E2405009:1:404|02E2405009:2:404|03E2409028:0:200|03E2409028:1:404|03E2409028:2:404|03E2409029:0:200|03E2409029:1:404|03E2409029:2:404|03E2409030:0:200|03E2409030:1:404|03E2409030:2:404	[]
366	812	7	4	岡山県|社会医療法人光生病院	岡山県	社会医療法人光生病院	03F2511005	PRP	v40_queue							NONE	NO	1	3	0	0	https://saiseiiryo.mhlw.go.jp/published_plan/download/03F2511005/5/0	03F2511005:0:200|03F2511005:1:404|03F2511005:2:404	[]
366	812	7	5	東京都|モティーフ銀座クリニック	東京都	モティーフ銀座クリニック	01C2608011|01C2608022|02C2602016	PRP|脂肪由来MSC	v40_queue|v41		Condensia	京セラ	京セラ		京セラ	EXPLICIT_MHLW	YES	3	9	0	0	https://saiseiiryo.mhlw.go.jp/published_plan/download/01C2608011/5/0|https://saiseiiryo.mhlw.go.jp/published_plan/download/01C2608022/5/0|https://saiseiiryo.mhlw.go.jp/published_plan/download/02C2602016/5/0	01C2608011:0:200|01C2608011:1:404|01C2608011:2:404|01C2608022:0:200|01C2608022:1:404|01C2608022:2:404|02C2602016:0:200|02C2602016:1:404|02C2602016:2:404	"[{""code"": ""01C2608011"", ""idx"": 0, ""url"": ""https://saiseiiryo.mhlw.go.jp/published_plan/download/01C2608011/5/0"", ""page"": 2, ""type"": ""product"", ""hit"": ""Condensia"", ""context"": ""の方法:主に腕の静脈から血液を採取します。 3. 治療の流れ 1)採血 患者様の腕の静脈より、注射針を接続した注射器を使って 20~100mL 採血します。 2)PRP の調整 PRP 調製キットとして Condensia システム(京セラ株式会社製)を使用します。患部の部位や症 状に応じて、1~5 本のキットを使用します。採取した血液を遠心分離し PRP を調製します。 3)PRP 投与 手術室または処置室にて、関節内に PRP を投与します。 PRP を活性化するために完成した PRP に塩化カルシウムを混ぜることがあります。 PRP 完成後 1 時間以内に注入が""}, {""code"": ""01C2608011"", ""idx"": 0, ""url"": ""https://saiseiiryo.mhlw.go.jp/published_plan/download/01C2608011/5/0"", ""page"": 2, ""type"": ""maker"", ""hit"": ""京セラ"", ""context"": ""採取します。 3. 治療の流れ 1)採血 患者様の腕の静脈より、注射針を接続した注射器を使って 20~100mL 採血します。 2)PRP の調整 PRP 調製キットとして Condensia システム(京セラ株式会社製)を使用します。患部の部位や症 状に応じて、1~5 本のキットを使用します。採取した血液を遠心分離し PRP を調製します。 3)PRP 投与 手術室または処置室にて、関節内に PRP を投与します。 PRP を活性化するために完成した PRP に塩化カルシウムを混ぜることがあります。 PRP 完成後 1 時間以内に注入が必要です。投与部位""}, {""code"": ""01C2608022"", ""idx"": 0, ""url"": ""https://saiseiiryo.mhlw.go.jp/published_plan/download/01C2608022/5/0"", ""page"": 2, ""type"": ""product"", ""hit"": ""Condensia"", ""context"": "": 主に腕の静脈から血液を採取します。 3. 治療の流れ 1)採血 患者様の腕の静脈より、注射針を接続した注射器を使って 20~100mL 採血します。 2)PRP の調整 PRP 調製キットとして Condensia システム(京セラ株式会社製)を使用します。患部の場所と症 状により、1~5 本のキットを使用します。採取した血液を遠心分離器を使用して PRP を調製し ます。 3)PRP 投与 手術室または処置室にて、筋肉・腱・靱帯・筋膜及びこれらの付着部・周囲組織に PRP を投与し ます。投与部位により医師の判断で局所麻酔を使用しますが、ご希望により静脈麻酔を使""}, {""code"": ""01C2608022"", ""idx"": 0, ""url"": ""https://saiseiiryo.mhlw.go.jp/published_plan/download/01C2608022/5/0"", ""page"": 2, ""type"": ""maker"", ""hit"": ""京セラ"", ""context"": ""採取します。 3. 治療の流れ 1)採血 患者様の腕の静脈より、注射針を接続した注射器を使って 20~100mL 採血します。 2)PRP の調整 PRP 調製キットとして Condensia システム(京セラ株式会社製)を使用します。患部の場所と症 状により、1~5 本のキットを使用します。採取した血液を遠心分離器を使用して PRP を調製し ます。 3)PRP 投与 手術室または処置室にて、筋肉・腱・靱帯・筋膜及びこれらの付着部・周囲組織に PRP を投与し ます。投与部位により医師の判断で局所麻酔を使用しますが、ご希望により静脈麻酔を使用し眠っ た状態で""}]"
366	812	7	6	東京都|医療法人社団景星会大塚北口診療所	東京都	医療法人社団景星会 大塚北口診療所	01C2112032	PRP	v40_queue							NONE	NO	1	3	0	1	https://saiseiiryo.mhlw.go.jp/published_plan/download/01C2112032/5/0	01C2112032:0:200|01C2112032:1:404|01C2112032:2:404	[]
366	812	7	7	東京都|社会福祉法人賛育会賛育会病院	東京都	社会福祉法人賛育会 賛育会病院	03C2506012|03C2506013	PRP	v40_queue|v41							NONE	NO	2	6	0	1	https://saiseiiryo.mhlw.go.jp/published_plan/download/03C2506012/5/0|https://saiseiiryo.mhlw.go.jp/published_plan/download/03C2506013/5/0	03C2506012:0:200|03C2506012:1:404|03C2506012:2:404|03C2506013:0:200|03C2506013:1:404|03C2506013:2:404	[]
366	812	7	8	神奈川県|医療法人社団優洸会相模大野整形・形成外科	神奈川県	医療法人社団優洸会  相模大野整形・形成外科	01C2303044	PRP	v41							NONE	NO	1	3	0	1	https://saiseiiryo.mhlw.go.jp/published_plan/download/01C2303044/5/0	01C2303044:0:200|01C2303044:1:404|01C2303044:2:404	[]
366	812	7	9	群馬県|社会医療法人社団慶友会慶友整形外科クリニック	群馬県	社会医療法人社団慶友会 慶友整形外科クリニック	01C2605017	PRP	v41							NONE	NO	1	3	0	1	https://saiseiiryo.mhlw.go.jp/published_plan/download/01C2605017/5/0	01C2605017:0:200|01C2605017:1:404|01C2605017:2:404	[]
366	812	8	1	佐賀県|佐賀県医療センター好生館	佐賀県	佐賀県医療センター好生館	01G2403007	PRP	v40_queue		APS		Zimmer Biomet		Zimmer Biomet	VALIDATED_PRODUCT_MAP	YES	1	3	0	0	https://saiseiiryo.mhlw.go.jp/published_plan/download/01G2403007/5/0	01G2403007:0:200|01G2403007:1:404|01G2403007:2:404	"[{""code"": ""01G2403007"", ""idx"": 0, ""url"": ""https://saiseiiryo.mhlw.go.jp/published_plan/download/01G2403007/5/0"", ""page"": 2, ""type"": ""product"", ""hit"": ""APS"", ""context"": ""自己多血小板血漿(PRP)を用いた慢性関節炎の治療に関する説明文・同意文書 2 PRP 及び APS(濃縮 PRP)とは PRP は Platelet プレートレット - - rich リッチ Plasma プラスマ を略した名称で、日本語では多血小板血漿と言います。PRP は 血液から血小板を濃縮することにより、血小板に含まれる活性の高い成長因子を多く含みま す。血小板は血液 1μL に 10~40 万(個)含まれて、血液全体に占める割合は 1%以""}, {""code"": ""01G2403007"", ""idx"": 0, ""url"": ""https://saiseiiryo.mhlw.go.jp/published_plan/download/01G2403007/5/0"", ""page"": 3, ""type"": ""product"", ""hit"": ""APS"", ""context"": ""自己多血小板血漿(PRP)を用いた慢性関節炎の治療に関する説明文・同意文書 3 APS(濃縮 PRP)に含まれる主な抗炎症性物質と成長因子の働き ・血小板由来成長因子(PDGF-aa,PDGF-ab,PDGF-bb) 細胞の複製を刺激します。血管形成・上皮形成・肉芽組織形成を促進します。 ・形質転換成長因子(TGF-β1,TGF-β2) 細胞外マトリックス形成を促進します。骨細胞の代謝を調節します。 ・血管内皮成""}, {""code"": ""01G2403007"", ""idx"": 0, ""url"": ""https://saiseiiryo.mhlw.go.jp/published_plan/download/01G2403007/5/0"", ""page"": 4, ""type"": ""product"", ""hit"": ""APS"", ""context"": ""を有する患者さま ・薬剤過敏症の診断を受けたことのある患者さま ・この治療について理解が得られていない患者さま ・その他、担当医がこの治療を行うのが不適当であると判断した患者さま 治療の長所・メリット ・APS(濃縮 PRP)の投与により、疼痛の改善効果が期待できます。 ・患者さまご自身の血液を用いるため、 アレルギー反応などのリスクが極めて低い治療です。 ・日帰りでの処置が可能です。 ・治療後から普段の生活が可能です。 ・治療手技が簡単で、治療痕が残りにくいです。 ・何度でも受けることができます。 ・保険適応の標準的治療で改善が見られない患者さまであ""}, {""code"": ""01G2403007"", ""idx"": 0, ""url"": ""https://saiseiiryo.mhlw.go.jp/published_plan/download/01G2403007/5/0"", ""page"": 6, ""type"": ""product"", ""hit"": ""APS"", ""context"": ""自己多血小板血漿(PRP)を用いた慢性関節炎の治療に関する説明文・同意文書 6 使用するキットと治療の詳細な流れ APS キット 1.採血:1キットあたり約 55mL の血液を採取します。 2.PRP 分離、APS 抽出:採取した血液を、人への治療に使用することが認められた医療 機器である本治療専用の遠心分離機と専用チューブを用いて2 回遠心分離し、より高濃度な APS(濃縮 PRP)を精製抽出しま す。加工される APS は約 2.5mL になります。 3.投与:患部""}, {""code"": ""01G2403007"", ""idx"": 0, ""url"": ""https://saiseiiryo.mhlw.go.jp/published_plan/download/01G2403007/5/0"", ""page"": 7, ""type"": ""product"", ""hit"": ""APS"", ""context"": ""、標準的 な治療として 1 週間毎に連続 5 回注入する必要があります。ヒアルロン酸の効果は 6 か月程 度持続します。 ※アルツ関節注 25mg 添付文書より PRP 治療は、APS(濃縮 PRP) が何日でなくなるかについてのデータはありませんが、 おお むね 1 回の治療で 2 カ月後から治療効果が感じられるようになり、最大36カ月程度効果が 持続します。なお、いずれの治療も効果のあらわれ方や持続期間には個人差があります。 ヒアルロン酸注入と PRP 治療はいずれも関節腔内注入で、 治療後に起こるリスク (注入部位 の痛み、腫れな""}, {""code"": ""01G2403007"", ""idx"": 0, ""url"": ""https://saiseiiryo.mhlw.go.jp/published_plan/download/01G2403007/5/0"", ""page"": 9, ""type"": ""product"", ""hit"": ""APS"", ""context"": ""療に関する説明文・同意文書 9 その他治療についての注意事項 患者さまの体調が良くない場合や、採取した血液の状態によっては、APS(濃縮 PRP)を加 工できないことがあります。その際には、再度採血をさせていただく場合があります。 また、本治療に使用する機器は定期的にメンテナンスを行っていますが、突然の不具合発生 により、治療の日程やお時間を変更させていただくことがございますので、ご理解の程お願 いいたします。 治療を受けることを拒否すること及び同意の撤回について この治療""}, {""code"": ""01G2403007"", ""idx"": 0, ""url"": ""https://saiseiiryo.mhlw.go.jp/published_plan/download/01G2403007/5/0"", ""page"": 12, ""type"": ""product"", ""hit"": ""APS"", ""context"": ""小板血漿(PRP)を用いた慢性関節炎の治療に関する説明文・同意文書 12 患者さま記入欄 自己多血小板血漿(PRP)を用いた慢性関節炎の治療に関する同意書 ≪説明事項≫ □ はじめに ☐ PRP 及び APS(濃縮 PRP)とは ☐ 治療の目的と治療に用いる細胞 ☐ 痛みの改善に必要なもの □ A PS(濃縮 PRP)に含まれる主な 抗炎症性物質と成長因子の働き □ 治療の理論 □ 治療を受けられる人・受けられない人 □ 治療の長所・メリット □ 治療の短所・デメリット □ 治療の方法 □ 治療後の注意点 □ 他の治療法との比較""}]"
366	812	8	2	埼玉県|まくり整形外科クリニック	埼玉県	まくり整形外科クリニック	03C2305021	PRP	v40_queue							NONE	NO	3	5	0	0	https://saiseiiryo.mhlw.go.jp/published_plan/download/03C2305021/5/0|https://saiseiiryo.mhlw.go.jp/published_plan/download/03C2305021/5/1|https://saiseiiryo.mhlw.go.jp/published_plan/download/03C2305021/5/2	03C2305021:0:200|03C2305021:1:200|03C2305021:2:200|03C2305021:3:404|03C2305021:4:404	[]
366	812	8	3	大阪府|医療法人再生会そばじまクリニック	大阪府	医療法人再生会 そばじまクリニック	01E2104007|01E2304028|02E2404043|03E2103014|03E2103016|03E2103018	ADRC|PRP|SVF|その他MSK|脂肪由来MSC	v40_queue|v41		Condensia	京セラ	京セラ		京セラ	EXPLICIT_MHLW	YES	12	24	0	0	https://saiseiiryo.mhlw.go.jp/published_plan/download/01E2104007/5/0|https://saiseiiryo.mhlw.go.jp/published_plan/download/01E2104007/5/1|https://saiseiiryo.mhlw.go.jp/published_plan/download/01E2304028/5/0|https://saiseiiryo.mhlw.go.jp/published_plan/download/02E2404043/5/0|https://saiseiiryo.mhlw.go.jp/published_plan/download/02E2404043/5/1|https://saiseiiryo.mhlw.go.jp/published_plan/download/03E2103014/5/0|https://saiseiiryo.mhlw.go.jp/published_plan/download/03E2103014/5/1|https://saiseiiryo.mhlw.go.jp/published_plan/download/03E2103016/5/0|https://saiseiiryo.mhlw.go.jp/published_plan/download/03E2103016/5/1|https://saiseiiryo.mhlw.go.jp/published_plan/download/03E2103016/5/2|https://saiseiiryo.mhlw.go.jp/published_plan/download/03E2103016/5/3|https://saiseiiryo.mhlw.go.jp/published_plan/download/03E2103018/5/0	01E2104007:0:200|01E2104007:1:200|01E2104007:2:404|01E2104007:3:404|01E2304028:0:200|01E2304028:1:404|01E2304028:2:404|02E2404043:0:200|02E2404043:1:200|02E2404043:2:404|02E2404043:3:404|03E2103014:0:200|03E2103014:1:200|03E2103014:2:404|03E2103014:3:404|03E2103016:0:200|03E2103016:1:200|03E2103016:2:200|03E2103016:3:200|03E2103016:4:404|03E2103016:5:404|03E2103018:0:200|03E2103018:1:404|03E2103018:2:404	"[{""code"": ""03E2103014"", ""idx"": 0, ""url"": ""https://saiseiiryo.mhlw.go.jp/published_plan/download/03E2103014/5/0"", ""page"": 1, ""type"": ""maker"", ""hit"": ""京セラ"", ""context"": ""身体的条件によって、担当の医師が治療の可否について判断させていただき ます。 <治療の流れ> 採血 → PRP 分離 → 施術 ・1キット約 20 mlの採血を行います。 ・得られた血液をニプロ会社製 (販売:京セラメディカル株式会社)セルリッチ(組織培養用試料調""}, {""code"": ""03E2103014"", ""idx"": 1, ""url"": ""https://saiseiiryo.mhlw.go.jp/published_plan/download/03E2103014/5/1"", ""page"": 1, ""type"": ""product"", ""hit"": ""Condensia"", ""context"": ""医師が治療の可否について判断させていただき ます。 <治療の流れ> 採血 → PRP 分離 → 施術 ・1キット約 20 mlの採血を行います。 ・得られた血液をニプロ会社製 (販売:京セラメディカル株式会社)Condensiaシステム(組織培養""}, {""code"": ""03E2103014"", ""idx"": 1, ""url"": ""https://saiseiiryo.mhlw.go.jp/published_plan/download/03E2103014/5/1"", ""page"": 1, ""type"": ""maker"", ""hit"": ""京セラ"", ""context"": ""身体的条件によって、担当の医師が治療の可否について判断させていただき ます。 <治療の流れ> 採血 → PRP 分離 → 施術 ・1キット約 20 mlの採血を行います。 ・得られた血液をニプロ会社製 (販売:京セラメディカル株式会社)Condensiaシステム(組織培養""}]"
366	812	8	4	岩手県|いわてスポーツ・整形外科クリニック	岩手県	いわてスポーツ・整形外科クリニック	01B2403004	PRP	v41							NONE	NO	1	3	0	0	https://saiseiiryo.mhlw.go.jp/published_plan/download/01B2403004/5/0	01B2403004:0:200|01B2403004:1:404|01B2403004:2:404	[]
366	812	8	5	東京都|一般社団法人MAY武蔵野アトラスターズ整形外科スポーツクリニック	東京都	一般社団法人MAY 武蔵野アトラスターズ整形外科スポーツクリニック	01C2506042	PRP	v41							NONE	NO	1	3	0	0	https://saiseiiryo.mhlw.go.jp/published_plan/download/01C2506042/5/0	01C2506042:0:200|01C2506042:1:404|01C2506042:2:404	[]
366	812	8	6	東京都|医療法人社団晴美会麹町リバース今井整形外科クリニック	東京都	医療法人社団晴美会 麹町リバース今井整形外科クリニック	01C2309002|01C2511043	PRP	v40_queue|v41							NONE	NO	4	8	0	1	https://saiseiiryo.mhlw.go.jp/published_plan/download/01C2309002/5/0|https://saiseiiryo.mhlw.go.jp/published_plan/download/01C2511043/5/0|https://saiseiiryo.mhlw.go.jp/published_plan/download/01C2511043/5/1|https://saiseiiryo.mhlw.go.jp/published_plan/download/01C2511043/5/2	01C2309002:0:200|01C2309002:1:404|01C2309002:2:404|01C2511043:0:200|01C2511043:1:200|01C2511043:2:200|01C2511043:3:404|01C2511043:4:404	[]
366	812	8	7	東京都|神谷整形外科・眼科	東京都	神谷整形外科・眼科	02C1910144	PRP	v41							NONE	NO	2	4	0	1	https://saiseiiryo.mhlw.go.jp/published_plan/download/02C1910144/5/0|https://saiseiiryo.mhlw.go.jp/published_plan/download/02C1910144/5/1	02C1910144:0:200|02C1910144:1:200|02C1910144:2:404|02C1910144:3:404	[]
366	812	8	8	神奈川県|医療法人社団慈誠会神人整形外科クリニック	神奈川県	医療法人社団慈誠会 神人整形外科クリニック	03C2305019	PRP	v41	PRP						NONE	NO	3	5	0	1	https://saiseiiryo.mhlw.go.jp/published_plan/download/03C2305019/5/0|https://saiseiiryo.mhlw.go.jp/published_plan/download/03C2305019/5/1|https://saiseiiryo.mhlw.go.jp/published_plan/download/03C2305019/5/2	03C2305019:0:200|03C2305019:1:200|03C2305019:2:200|03C2305019:3:404|03C2305019:4:404	[]
366	812	8	9	茨城県|すずらん整形&ラボ	茨城県	すずらん整形&ラボ	01C2407018|01C2407019	PRP	v40_queue|v41							NONE	NO	2	6	0	1	https://saiseiiryo.mhlw.go.jp/published_plan/download/01C2407018/5/0|https://saiseiiryo.mhlw.go.jp/published_plan/download/01C2407019/5/0	01C2407018:0:200|01C2407018:1:404|01C2407018:2:404|01C2407019:0:200|01C2407019:1:404|01C2407019:2:404	[]
366	812	9	1	佐賀県|医療法人仁栄会さかえまち整形外科	佐賀県	医療法人仁栄会 さかえまち整形外科	01G2108005	PRP	v41	PRP						NONE	NO	1	3	0	0	https://saiseiiryo.mhlw.go.jp/published_plan/download/01G2108005/5/0	01G2108005:0:200|01G2108005:1:404|01G2108005:2:404	[]
366	812	9	2	埼玉県|ミューズシティクリニック	埼玉県	ミューズシティクリニック	01C2506022|01C2508068	PRP	v40_queue|v41			京セラ			京セラ	EXPLICIT_MHLW	YES	2	6	0	0	https://saiseiiryo.mhlw.go.jp/published_plan/download/01C2506022/5/0|https://saiseiiryo.mhlw.go.jp/published_plan/download/01C2508068/5/0	01C2506022:0:200|01C2506022:1:404|01C2506022:2:404|01C2508068:0:200|01C2508068:1:404|01C2508068:2:404	"[{""code"": ""01C2506022"", ""idx"": 0, ""url"": ""https://saiseiiryo.mhlw.go.jp/published_plan/download/01C2506022/5/0"", ""page"": 6, ""type"": ""maker"", ""hit"": ""京セラ"", ""context"": ""また同様に、 治療を受けることに同意した場合であっても、 投与までの間でしたらい つでも取りやめることができます。その場合、その後の治療について一切不利益は受け ません。(ただし下記のキャンセル料は申し受けます) 京セラ:採血後~加工前 5,500 円(税込) 1 回目の加工後~投与前 全額 もしこの治療を受けることに同意しない場合も、 最適と考えられる治療を実施できる ように患者様の治療に最善を尽くします。 ただし、 治療を行った後は、 健康管理のために必要に応じて適切な検査を受けていた だき、医学的に問題がないかを確認させていただきます。 11.""}]"
366	812	9	3	大阪府|医療法人前幸会ささゆりヘルスクリニック	大阪府	医療法人前幸会 ささゆりヘルスクリニック	03E2201007|03E2201008	PRP|脂肪由来幹細胞	v40_queue							NONE	NO	2	6	0	0	https://saiseiiryo.mhlw.go.jp/published_plan/download/03E2201007/5/0|https://saiseiiryo.mhlw.go.jp/published_plan/download/03E2201008/5/0	03E2201007:0:200|03E2201007:1:404|03E2201007:2:404|03E2201008:0:200|03E2201008:1:404|03E2201008:2:404	[]
366	812	9	4	島根県|医療法人いざみKAZUKIプライベートクリニック松江本院	島根県	医療法人いざみ KAZUKIプライベートクリニック松江本院	01F2508001	PRP	v40_queue							NONE	NO	1	3	0	0	https://saiseiiryo.mhlw.go.jp/published_plan/download/01F2508001/5/0	01F2508001:0:200|01F2508001:1:404|01F2508001:2:404	[]
366	812	9	5	東京都|一般社団法人エンパシアIITCLINIC	東京都	一般社団法人エンパシア IIT CLINIC	01C2504027	PRP	v40_queue							NONE	NO	1	3	0	0	https://saiseiiryo.mhlw.go.jp/published_plan/download/01C2504027/5/0	01C2504027:0:200|01C2504027:1:404|01C2504027:2:404	[]
366	812	9	6	東京都|医療法人社団最匠会光伸メディカルクリニック	東京都	医療法人社団最匠会 光伸メディカルクリニック	01C2401012	PRP	v41							NONE	NO	1	3	0	1	https://saiseiiryo.mhlw.go.jp/published_plan/download/01C2401012/5/0	01C2401012:0:200|01C2401012:1:404|01C2401012:2:404	[]
366	812	9	7	東京都|羽田内科医院	東京都	羽田内科医院	02C1911144|02C2111033	PRP	v40_queue|v41							NONE	NO	2	6	0	1	https://saiseiiryo.mhlw.go.jp/published_plan/download/02C1911144/5/0|https://saiseiiryo.mhlw.go.jp/published_plan/download/02C2111033/5/0	02C1911144:0:200|02C1911144:1:404|02C1911144:2:404|02C2111033:0:200|02C2111033:1:404|02C2111033:2:404	[]
366	812	9	8	神奈川県|医療法人社団明和会亀田病院	神奈川県	医療法人社団明和会 亀田病院	02C2604080	PRP	v41	PRP						NONE	NO	2	4	0	1	https://saiseiiryo.mhlw.go.jp/published_plan/download/02C2604080/5/0|https://saiseiiryo.mhlw.go.jp/published_plan/download/02C2604080/5/1	02C2604080:0:200|02C2604080:1:200|02C2604080:2:404|02C2604080:3:404	[]
366	812	9	9	茨城県|医療法人ここの実会嶋崎病院	茨城県	医療法人ここの実会  嶋崎病院	03C2305020	PRP	v41							NONE	NO	3	5	0	1	https://saiseiiryo.mhlw.go.jp/published_plan/download/03C2305020/5/0|https://saiseiiryo.mhlw.go.jp/published_plan/download/03C2305020/5/1|https://saiseiiryo.mhlw.go.jp/published_plan/download/03C2305020/5/2	03C2305020:0:200|03C2305020:1:200|03C2305020:2:200|03C2305020:3:404|03C2305020:4:404	[]
