plan_id	mhlw_plan_code	facility_id_source	prefecture	facility	address	category	treatment	treatment_class	price_status	evidence_url	v41_lane	scope_status
V41_01E2605013	01E2605013	V41F298D5BDD7C	京都府	Clinique Haru Kyoto	京都市下京区烏丸通塩小路下る東塩小路町901番地 京都駅ビル内ホテルグランヴィア京都6階	第二種	変形性関節症に対する自己脂肪組織由来間葉系間質細胞投与療法	脂肪由来幹細胞	価格確定	https://saiseiiryo.mhlw.go.jp/published_plan/download/01E2605013/5/0	A	IN_SCOPE
V41_01E2605017	01E2605017	V41F298D5BDD7C	京都府	Clinique Haru Kyoto	京都市下京区烏丸通塩小路下る東塩小路町901番地  京都駅ビル内 ホテルグランヴィア京都6階	第二種	整形外科領域における外傷性疾患又は変性疾患による慢性疼痛緩和を目的とした自己脂肪組織由来間葉系間質細胞の静脈点滴治療	脂肪由来幹細胞	価格確定	https://saiseiiryo.mhlw.go.jp/published_plan/download/01E2605017/5/0	C	IN_SCOPE
V41_01E2605018	01E2605018	V41F298D5BDD7C	京都府	Clinique Haru Kyoto	京都市下京区烏丸通塩小路下る東塩小路町901番地 京都駅ビル内 ホテルグランヴィア京都6階	第二種	変形性関節症・関節炎に対する多血小板血漿(PRP)投与療法	PRP	価格確定	https://saiseiiryo.mhlw.go.jp/published_plan/download/01E2605018/5/0	B	IN_SCOPE
V41_03E2210008	03E2210008	V41F2814EACDE2	京都府	S clinic Kyoto	京都市下京区高辻大宮町103大宮高辻ビル4階	第三種	関節周囲炎に対する自家多血小板血漿(PRP)を利用した軟組織の再生医療	PRP	価格確定	https://saiseiiryo.mhlw.go.jp/published_plan/download/03E2210008/5/0	D	IN_SCOPE
V41_01E2307004	01E2307004	V41FCF3E4213B5	京都府	医療法人いちまる整形外科クリニック	長岡京市長岡2丁目1番32 グランジェ長岡京1F	第三種	多血小板血漿を用いた整形外科疾患に対する組織修復治療	PRP	価格確定	https://saiseiiryo.mhlw.go.jp/published_plan/download/01E2307004/5/0	A	IN_SCOPE
V41_01E2506011	01E2506011	V41F5062DFC89F	京都府	医療法人京都翔医会 西京都病院	京都市西京区桂畑ヶ田町175番地	第三種	自家多血小板血漿（Platelet-Rich Plasma：PRP）を用いた筋肉、腱、靭帯、筋膜の損傷及び慢性炎症の治療（関節外の軟部組織）	PRP	価格確定	https://saiseiiryo.mhlw.go.jp/published_plan/download/01E2506011/5/0	B	IN_SCOPE
V41_03E2601002	03E2601002	V41FC3F967088F	京都府	医療法人社団千春会  千春会ハイパーサーミアクリニック	長岡京市神足2丁目3-1 バンビオ1番館7階	第三種	自家多血小板血漿（Platelet-Rich Plasma：PRP）を用いた筋肉、腱、靭帯、筋膜の損傷及び慢性炎症の治療（関節外の軟部組織）	PRP	価格確定	https://saiseiiryo.mhlw.go.jp/published_plan/download/03E2601002/5/0	C	IN_SCOPE
V41_01E2403019	01E2403019	V41FE5FC338D8F	京都府	医療法人社団蒼樹会　山本整形外科	京都市伏見区竹田七瀬川町86-8	第三種	多血小板血漿を用いた整形外科領域（関節腔内への投与を除く）の治療	PRP	価格確定	https://saiseiiryo.mhlw.go.jp/published_plan/download/01E2403019/5/0	D	IN_SCOPE
V41_01E2605002	01E2605002	V41F76A2E48646	京都府	医療法人社団親和会 京都木原病院	京都市南区西九条春日町5-1	第三種	四肢の筋・腱・靱帯及びその付着部の傷害を対象とした自家多血小板血漿（PRP）注入療法	PRP	価格確定	https://saiseiiryo.mhlw.go.jp/published_plan/download/01E2605002/5/0	A	IN_SCOPE
V41_02E2306012	02E2306012	V41F6F203D8D1C	京都府	医療法人社団貴順会吉川病院	京都市左京区聖護院山王町1番地	第三種	自家多血小板血漿（Platelet-rich plasma：PRP）を用いた筋肉、腱、靭帯、筋膜の損傷及び慢性炎症の治療（関節外の軟部組織）	PRP	価格確定	https://saiseiiryo.mhlw.go.jp/published_plan/download/02E2306012/5/0	B	IN_SCOPE
V41_02E2407035	02E2407035	V41FEE0559004F	京都府	医療法人社団順和会　京都下鴨病院	京都市左京区下鴨東森ヶ前町17	第三種	多血小板血漿(PRP)の投与によるスポーツ外傷を含む筋、腱、靱帯損傷治療	PRP	価格確定	https://saiseiiryo.mhlw.go.jp/published_plan/download/02E2407035/5/0	C	IN_SCOPE
V41_03E2603014	03E2603014	V41FE04D46B809	京都府	医療法人藍整会　なか整形外科　京都西院リハビリテーションクリニック	京都市右京区西院高山寺町13　西院阪急ビル3F	第二種	多血小板血漿による関節症治療	PRP	価格確定	https://saiseiiryo.mhlw.go.jp/published_plan/download/03E2603014/5/0	D	IN_SCOPE
V41_03E2603015	03E2603015	V41FE04D46B809	京都府	医療法人藍整会　なか整形外科　京都西院リハビリテーションクリニック	京都市右京区西院高山寺町13　西院阪急ビル3F	第三種	多血小板血漿を用いた靭帯・腱及び腱付着部の機能障害・疾患の治療	PRP	価格確定	https://saiseiiryo.mhlw.go.jp/published_plan/download/03E2603015/5/0	A	IN_SCOPE
V41_02E2505009	02E2505009	V41FF6B5A563C7	京都府	医療法人財団佐々木会　深江形成整形外科医院	京都市下京区新町通四条下る四条町348番地	第二種	自己脂肪由来幹細胞を用いた慢性疼痛の治療	脂肪由来幹細胞	価格確定	https://saiseiiryo.mhlw.go.jp/published_plan/download/02E2505009/5/0	C	IN_SCOPE
V41_03E2407009	03E2407009	V41FF6B5A563C7	京都府	医療法人財団佐々木会　深江形成整形外科医院	京都市下京区新町通四条下る四条町348番地	第二種	自己脂肪由来幹細胞を用いた変形性関節症の治療	脂肪由来幹細胞	価格確定	https://saiseiiryo.mhlw.go.jp/published_plan/download/03E2407009/5/0	B	IN_SCOPE
V41_03E2507006	03E2507006	V41FE5F303E2B0	京都府	医療法人財団康生会 たけだ膠原病リウマチクリニック	京都市下京区東洞院通七条下る二丁目東塩小路町606-3   三旺京都駅前ビル1階	第二種	自家脂肪組織由来の培養間葉系幹細胞を用いた変形性膝関節症の治療	脂肪由来幹細胞	価格確定	https://saiseiiryo.mhlw.go.jp/published_plan/download/03E2507006/5/0	B	IN_SCOPE
V41_03E2507007	03E2507007	V41FE5F303E2B0	京都府	医療法人財団康生会 たけだ膠原病リウマチクリニック	京都市下京区東洞院通七条下る二丁目東塩小路町606-3 三旺京都駅前ビル1階	第二種	自家多血小板血漿（Platelet-rich plasma：PRP）を用いた慢性関節炎の治療（関節内組織）	PRP	価格確定	https://saiseiiryo.mhlw.go.jp/published_plan/download/03E2507007/5/0	D	IN_SCOPE
V41_03E2507008	03E2507008	V41FE5F303E2B0	京都府	医療法人財団康生会 たけだ膠原病リウマチクリニック	京都市下京区東洞院通七条下る二丁目東塩小路町606-3 三旺京都駅前ビル1階	第三種	自家多血小板血漿(Platelet-rich plasma：PRP)を用いた筋肉、腱、靭帯、筋膜の損傷及び慢性炎症の治療（関節腔外に限る）	PRP	価格確定	https://saiseiiryo.mhlw.go.jp/published_plan/download/03E2507008/5/0	A	IN_SCOPE
V41_01G2108005	01G2108005	V41FA84AA2260D	佐賀県	医療法人仁栄会　さかえまち整形外科	佐賀市駅前中央1-4-17コムボックス佐賀駅前2F	第三種	自己多血小板血漿(PRP)を用いた、筋・腱・靭帯の軟部組織再生療法	PRP	価格確定	https://saiseiiryo.mhlw.go.jp/published_plan/download/01G2108005/5/0	C	IN_SCOPE
V41_01G2403006	01G2403006	V41FB801F6755A	佐賀県	地方独立行政法人佐賀県医療センター好生館	佐賀市嘉瀬町大字中原４００番地	第三種	自己多血小板血漿(PRP)を用いた筋肉、腱、靭帯、筋膜（関節外の軟部組織）の治療	PRP	価格確定	https://saiseiiryo.mhlw.go.jp/published_plan/download/01G2403006/5/0	D	IN_SCOPE
V41_01E2603017	01E2603017	V41F40626ADF30	兵庫県	SAクリニック	神戸市中央区元町通1丁目4番12号403号室	第二種	自家培養脂肪由来幹細胞を用いた関節系疾患に対する治療	脂肪由来幹細胞	価格確定	https://saiseiiryo.mhlw.go.jp/published_plan/download/01E2603017/5/0	A	IN_SCOPE
V41_01E2601009	01E2601009	V41F5F285A66EF	兵庫県	「夢」整形外科スポーツクリニック	姫路市大津区平松131	第二種	変形性関節症を対象とした自家多血小板血漿（PRP）注入療法	PRP	価格確定	https://saiseiiryo.mhlw.go.jp/published_plan/download/01E2601009/5/0	C	IN_SCOPE
V41_01E2602008	01E2602008	V41F5F285A66EF	兵庫県	「夢」整形外科スポーツクリニック	姫路市大津区平松131	第二種	変形性関節症に対する自己滑膜由来培養間葉系幹細胞の関節内投与療法	滑膜幹細胞	価格確定	https://saiseiiryo.mhlw.go.jp/published_plan/download/01E2602008/5/0	B	IN_SCOPE
V41_01E2604001	01E2604001	V41FD49D6B3BD7	兵庫県	かいと整形外科リハビリクリニック	尼崎市長洲西通1丁目4-15	第二種	変形性関節症を対象とした自家多血小板血漿（PRP）注入療法	PRP	価格確定	https://saiseiiryo.mhlw.go.jp/published_plan/download/01E2604001/5/0	D	IN_SCOPE
V41_01E2603008	01E2603008	V41F3888E7D4F3	兵庫県	ささき整形外科リハビリクリニック	芦屋市海洋町6-1	第二種	自己脂肪由来幹細胞を用いた関節疾患の治療	脂肪由来幹細胞	価格確定	https://saiseiiryo.mhlw.go.jp/published_plan/download/01E2603008/5/0	C	IN_SCOPE
V41_01E2603009	01E2603009	V41F3888E7D4F3	兵庫県	ささき整形外科リハビリクリニック	芦屋市海洋町6-1	第二種	自家多血小板血漿（Platelet-Rich Plasma：PRP）を用いた慢性関節炎の治療（関節内組織）	PRP	価格確定	https://saiseiiryo.mhlw.go.jp/published_plan/download/01E2603009/5/0	A	IN_SCOPE
V41_01E2603010	01E2603010	V41F3888E7D4F3	兵庫県	ささき整形外科リハビリクリニック	芦屋市海洋町6-1	第三種	自家多血小板血漿（Platelet-Rich Plasma：PRP）を用いた筋肉、腱、靭帯、筋膜の損傷及び慢性炎症の治療（関節外の軟部組織）	PRP	価格確定	https://saiseiiryo.mhlw.go.jp/published_plan/download/01E2603010/5/0	B	IN_SCOPE
V41_01E2402021	01E2402021	V41FB46E02318B	兵庫県	たちはら整形外科・肩とスポーツのクリニック	明石市大蔵天神町5-16	第三種	自家多血小板血漿(Platelet-rich plasma:PRP)を用いた筋肉、腱、靭帯、筋膜の損傷及び慢性炎症の治療（関節腔外に限る）	PRP	価格確定	https://saiseiiryo.mhlw.go.jp/published_plan/download/01E2402021/5/0	A	IN_SCOPE
V41_01E2402024	01E2402024	V41FB46E02318B	兵庫県	たちはら整形外科・肩とスポーツのクリニック	明石市大蔵天神町5-16	第二種	自家多血小板血漿（Platelet-rich plasma：PRP）を用いた慢性関節炎の治療（関節内組織）	PRP	価格確定	https://saiseiiryo.mhlw.go.jp/published_plan/download/01E2402024/5/0	D	IN_SCOPE
V41_03E2409010	03E2409010	V41F4050181104	兵庫県	やす整形外科クリニック	明石市和坂12-16　カトレアビル	第三種	多血小板血漿(PRP)の投与によるスポーツ外傷を含む筋、腱、靱帯損傷治療	PRP	価格確定	https://saiseiiryo.mhlw.go.jp/published_plan/download/03E2409010/5/0	B	IN_SCOPE
V41_01E2101022	01E2101022	V41F61563E6EA1	兵庫県	三輪整形外科クリニック	神戸市垂水区舞多聞西五丁目１番３号　  ノアすこやかプラザ舞多聞クリニックモール１０２号室	第三種	自家多血小板血漿(Platelet-rich plasma:PRP)を用いた筋肉、腱、靭帯、筋膜の損傷及び慢性炎症の治療(関節腔外に限る)	PRP	価格確定	https://saiseiiryo.mhlw.go.jp/published_plan/download/01E2101022/5/0	C	IN_SCOPE
V41_03E2509015	03E2509015	V41FDA9F8D246C	兵庫県	兵庫県立リハビリテーション中央病院	神戸市西区曙町1070	第三種	自家多血小板血漿(Platelet-rich plasma：PRP)を用いた筋・腱・靭帯損傷に対する治療	PRP	価格確定	https://saiseiiryo.mhlw.go.jp/published_plan/download/03E2509015/5/0	D	IN_SCOPE
V41_03E2607007	03E2607007	V41F795D2C68D4	兵庫県	医療法人　研樹会　神戸ルミヴィアクリニック	兵庫県兵庫県神戸市中央区北長狭通4-6-15  リンズエムディ神戸元町5F	第三種	多血小板血漿（Platelet-rich plasma：PRP）を用いた筋肉、腱、靭帯、筋膜の損傷及び慢性炎症の治療（関節外の軟部組織）	PRP	価格確定	https://saiseiiryo.mhlw.go.jp/published_plan/download/03E2607007/5/0	A	IN_SCOPE
V41_01E2407013	01E2407013	V41FB8659C42C9	兵庫県	医療法人社団　髙倉整形外科クリニック	神戸市灘区徳井町5-4-21	第三種	多血小板血漿を用いた整形外科領域（関節腔内への投与を除く）の治療	PRP	価格確定	https://saiseiiryo.mhlw.go.jp/published_plan/download/01E2407013/5/0	B	IN_SCOPE
V41_03E2404005	03E2404005	V41F4EE36EF8BB	兵庫県	医療法人社団さいとう整形外科	神戸市西区桜が丘中町４丁目９−７	第三種	多血小板血漿を用いた整形外科領域（関節腔内への投与を除く）の治療	PRP	価格確定	https://saiseiiryo.mhlw.go.jp/published_plan/download/03E2404005/5/0	C	IN_SCOPE
V41_03E2402001	03E2402001	V41F7176357132	兵庫県	医療法人社団リハケア会  西川整形外科リハビリクリニック	尼崎市武庫之荘本町1丁目1-4	第二種	多血小板血漿（PRP）の投与による変形性関節症治療	PRP	価格確定	https://saiseiiryo.mhlw.go.jp/published_plan/download/03E2402001/5/0	D	IN_SCOPE
V41_01E2503026	01E2503026	V41F893E703F8F	兵庫県	医療法人社団大室整形外科　脊椎・関節クリニック	姫路市中地371	第三種	自家多血小板血漿（Platelet-Rich Plasma：PRP）を用いた筋肉、腱、靭帯、筋膜の損傷及び慢性炎症の治療（関節外の軟部組織）	PRP	価格確定	https://saiseiiryo.mhlw.go.jp/published_plan/download/01E2503026/5/0	A	IN_SCOPE
V41_01E2303011	01E2303011	V41F6A6AB60075	兵庫県	医療法人社団大雄会　大井クリニック	西宮市名次町５－２４	第三種	多血小板血漿を用いた整形外科領域（関節腔内への投与を除く）の治療	PRP	価格確定	https://saiseiiryo.mhlw.go.jp/published_plan/download/01E2303011/5/0	B	IN_SCOPE
V41_01E1909025	01E1909025	V41F238D9643BD	兵庫県	医療法人社団慶愛会　森口整形外科	伊丹市鈴原町１丁目９号３番	第三種	多血小板血漿を用いた靭帯・腱及び腱付着部の機能障害・疾患の治療	PRP	価格確定	https://saiseiiryo.mhlw.go.jp/published_plan/download/01E1909025/5/0	C	IN_SCOPE
V41_02E2302006	02E2302006	V41F68786D41F6	兵庫県	医療法人社団成道会　ひろクリニック	神戸市中央区京町70番　松岡ビルディング２F・３F	第三種	多血小板血漿（Platelet-rich plasma：PRP）を用いた筋、筋腱付着部、靭帯修復	PRP	価格確定	https://saiseiiryo.mhlw.go.jp/published_plan/download/02E2302006/5/0	D	IN_SCOPE
V41_01E2109006	01E2109006	V41F429604CEAE	兵庫県	医療法人社団武部整形外科リハビリテーション	尼崎市浜田町五丁目28番地	第三種	自家多血小板血漿（Platelet-rich plasma：PRP）を用いた筋肉、腱、靭帯、筋膜の損傷及び慢性炎症の治療（関節外の軟部組織）	PRP	価格確定	https://saiseiiryo.mhlw.go.jp/published_plan/download/01E2109006/5/0	A	IN_SCOPE
V41_02E2504009	02E2504009	V41F7580AEDEF9	兵庫県	医療法人財団　神戸海星病院	神戸市灘区篠原北町3丁目11番15号	第三種	多血小板血漿（PRP）の投与によるスポーツ外傷を含む筋、腱、靭帯損傷治療	PRP	価格確定	https://saiseiiryo.mhlw.go.jp/published_plan/download/02E2504009/5/0	B	IN_SCOPE
V41_01E2605011	01E2605011	V41F116094477C	兵庫県	増本整形外科クリニック	兵庫県西宮市学文殿町１丁目８番２０号	第三種	多血小板血漿を用いた整形外科領域（関節腔内への投与を除く）の治療	PRP	価格確定	https://saiseiiryo.mhlw.go.jp/published_plan/download/01E2605011/5/0	C	IN_SCOPE
V41_01E2511015	01E2511015	V41F8D08F26B66	兵庫県	木本整形外科クリニック	宝塚市中山五月台2-3-7	第三種	四肢の筋・腱・靱帯及びその付着部の傷害を対象とした自家多血小板血漿（PRP）注入療法	PRP	価格確定	https://saiseiiryo.mhlw.go.jp/published_plan/download/01E2511015/5/0	D	IN_SCOPE
V41_02E1906017	02E1906017	V41F39A975C95D	兵庫県	特定医療法人誠仁会　大久保病院	明石市大久保町大窪2095番の１	第三種	自己多血小板血漿(PRP)を用いた筋・腱・靭帯等の軟部組織治療	PRP	価格確定	https://saiseiiryo.mhlw.go.jp/published_plan/download/02E1906017/5/0	A	IN_SCOPE
V41_01E2005009	01E2005009	V41F3D4758D0BE	兵庫県	芦屋整形外科スポーツクリニック	芦屋市大原町28番1号 パルティ芦屋1階	第三種	自家多血小板血漿(Platelet-rich plasma:PRP)を用いた筋肉、腱、靭帯、筋膜の損傷及び慢性炎症の治療(関節腔外に限る)	PRP	価格確定	https://saiseiiryo.mhlw.go.jp/published_plan/download/01E2005009/5/0	D	IN_SCOPE
V41_01E2508015	01E2508015	V41F3D4758D0BE	兵庫県	芦屋整形外科スポーツクリニック	芦屋市大原町28番1号 パルティ芦屋1階	第二種	自家多血小板血漿（Platelet-rich plasma：PRP）を用いた慢性関節炎の治療（関節内組織）	PRP	価格確定	https://saiseiiryo.mhlw.go.jp/published_plan/download/01E2508015/5/0	C	IN_SCOPE
V41_01E2508016	01E2508016	V41F3D4758D0BE	兵庫県	芦屋整形外科スポーツクリニック	芦屋市大原町28番1号 パルティ芦屋1階	第三種	自家多血小板血漿（Platelet-Rich Plasma：PRP）を用いた筋肉、腱、靭帯、筋膜の損傷及び慢性炎症の治療（関節外の軟部組織）	PRP	価格確定	https://saiseiiryo.mhlw.go.jp/published_plan/download/01E2508016/5/0	B	IN_SCOPE
V41_01E2506024	01E2506024	V41FCBEA5E9FE2	兵庫県	藤田整形外科 スポーツクリニック	神戸市須磨区磯馴町3丁目2番20号	第三種	多血小板血漿（PRP）を用いた整形外科領域（関節腔内への投与を除く）の治療	PRP	価格確定	https://saiseiiryo.mhlw.go.jp/published_plan/download/01E2506024/5/0	A	IN_SCOPE
V41_01A2603002	01A2603002	V41FB9390600CD	北海道	医療法人社団再星会　ひざのセルクリニック札幌院	札幌市中央区南1条西１６丁目１番２４５　レーベンビル４F	第二種	自己脂肪由来幹細胞を用いた慢性疼痛の治療	脂肪由来幹細胞	価格確定	https://saiseiiryo.mhlw.go.jp/published_plan/download/01A2603002/5/0	B	IN_SCOPE
V41_02A2605003	02A2605003	V41FF1E3B23F7D	北海道	医療法人美喜有会  リペアセルクリニック札幌院	札幌市中央区大通西5丁目10番  ザイマックス札幌大通ビルB1	第二種	自己脂肪由来幹細胞と自己前骨分化誘導培養上清液を用いた変形性関節症の治療	脂肪由来幹細胞	価格確定	https://saiseiiryo.mhlw.go.jp/published_plan/download/02A2605003/5/0	C	IN_SCOPE
V41_01A2312001	01A2312001	V41F862857859B	北海道	札幌ひざのセルクリニック	札幌市中央区南1条西１６丁目１番２４５　レーベンビル４F	第二種	自己脂肪由来幹細胞を用いた変形性関節症の治療	脂肪由来幹細胞	価格確定	https://saiseiiryo.mhlw.go.jp/published_plan/download/01A2312001/5/0	A	IN_SCOPE
V41_01A2312002	01A2312002	V41F862857859B	北海道	札幌ひざのセルクリニック	札幌市中央区南1条西１６丁目１番２４５　レーベンビル４F	第二種	自己脂肪由来幹細胞を用いた慢性疼痛の治療	脂肪由来幹細胞	価格確定	https://saiseiiryo.mhlw.go.jp/published_plan/download/01A2312002/5/0	B	IN_SCOPE
V41_01A2312003	01A2312003	V41F862857859B	北海道	札幌ひざのセルクリニック	札幌市中央区南1条西１６丁目１番２４５　レーベンビル４F	第二種	変形性関節症に対する自家多血小板血漿（ＰＲＰ）関節内投与療法	PRP	価格確定	https://saiseiiryo.mhlw.go.jp/published_plan/download/01A2312003/5/0	D	IN_SCOPE
V41_03A2505002	03A2505002	V41F36AC21EE08	北海道	社会医療法人　孝仁会　  釧路孝仁会記念病院	釧路市愛国191番212	第二種	自己脂肪（組織）由来再生（幹）細胞を用いた変形性膝関節症の治療	その他MSK	価格確定	https://saiseiiryo.mhlw.go.jp/published_plan/download/03A2505002/5/0	C	IN_SCOPE
V41_03A2505012	03A2505012	V41F36AC21EE08	北海道	社会医療法人孝仁会  釧路孝仁会記念病院	釧路市愛国191番212	第二種	膝関節における軟骨欠損（外傷性軟骨損傷・離断性骨軟骨炎・早期変形性膝関節症）を対象とした自家滑膜間葉系幹細胞由来三次元人工組織（自家gMSC®1-A）移植	滑膜幹細胞	価格確定	https://saiseiiryo.mhlw.go.jp/published_plan/download/03A2505012/5/0	D	IN_SCOPE
V41_01C2502010	01C2502010	V41FFB0DB7E7A5	千葉県	しろやまいたみのクリニック	館山市長須賀字新工309-1	第三種	自己多血小板血漿(PRP)を用いた筋・腱・靭帯の損傷及び慢性炎症に対する治療	PRP	価格確定	https://saiseiiryo.mhlw.go.jp/published_plan/download/01C2502010/5/0	A	IN_SCOPE
V41_02C2201001	02C2201001	V41F3BF8F7985E	千葉県	ジェフユナイテッド株式会社　診療所	千葉県千葉市中央区川崎町1-38	第三種	自己多血小板血漿(PRP)を用いた整形外科的治療	PRP	価格確定	https://saiseiiryo.mhlw.go.jp/published_plan/download/02C2201001/5/0	B	IN_SCOPE
V41_01C2307046	01C2307046	V41F420560E2C5	千葉県	医療法人平成博愛会　印西総合病院	印西市牧の台1-1-1	第三種	自家多血小板血漿(Platelet-rich plasma: PRP)を用いた筋肉、腱、靭帯、筋膜の損傷及び慢性炎症の治療（関節外の軟部組織）	PRP	価格確定	https://saiseiiryo.mhlw.go.jp/published_plan/download/01C2307046/5/0	C	IN_SCOPE
V41_02C2601085	02C2601085	V41F5C961B1A36	千葉県	医療法人社団　順徳会　下総中山整形外科クリニック	船橋市本中山2-10-1 ミレニティ中山4階	第二種	自己脂肪組織由来幹細胞（ASCs）を用いた変形性関節症の治療	脂肪由来幹細胞	価格確定	https://saiseiiryo.mhlw.go.jp/published_plan/download/02C2601085/5/0	B	IN_SCOPE
V41_02C2601086	02C2601086	V41F5C961B1A36	千葉県	医療法人社団　順徳会　下総中山整形外科クリニック	船橋市本中山2-10-1 ミレニティ中山4階	第二種	自己多血小板血漿(PRP)療法（治療対象：関節炎・変形性関節症）	PRP	価格確定	https://saiseiiryo.mhlw.go.jp/published_plan/download/02C2601086/5/0	A	IN_SCOPE
V41_02C2601087	02C2601087	V41F5C961B1A36	千葉県	医療法人社団　順徳会　下総中山整形外科クリニック	船橋市本中山2-10-1 ミレニティ中山4階	第三種	自己多血小板血漿(PRP)療法（治療対象：筋・腱・靭帯損傷）	PRP	価格確定	https://saiseiiryo.mhlw.go.jp/published_plan/download/02C2601087/5/0	D	IN_SCOPE
V41_01C2409051	01C2409051	V41F86A7684487	千葉県	医療法人社団オルソプラス  むらた整形外科	八千代市大和田新田99	第二種	自家多血小板血漿（Platelet-Rich Plasma：PRP）を用いた慢性関節炎の治療  （関節内組織）	PRP	価格確定	https://saiseiiryo.mhlw.go.jp/published_plan/download/01C2409051/5/0	C	IN_SCOPE
V41_01C2202017	01C2202017	V41FF881483FE2	千葉県	医療法人社団仁敬会　そがセントラルクリニック	千葉市中央区宮崎町561－1	第二種	変形性関節症に対する多血小板血漿（ＰＲＰ）関節内投与療法	PRP	価格確定	https://saiseiiryo.mhlw.go.jp/published_plan/download/01C2202017/5/0	D	IN_SCOPE
V41_01C2202018	01C2202018	V41FF881483FE2	千葉県	医療法人社団仁敬会　そがセントラルクリニック	千葉市中央区宮崎町561－1	第三種	多血小板血漿を用いた整形外科領域（関節腔内への投与を除く）の治療	PRP	価格確定	https://saiseiiryo.mhlw.go.jp/published_plan/download/01C2202018/5/0	A	IN_SCOPE
V41_01C2110055	01C2110055	V41F0EA12DEF17	千葉県	医療法人社団千美会  ガーデンクリニック船橋院	船橋市本町4-40-23  サドヤサザンテラス702	第二種	自己脂肪由来幹細胞を用いた変形性関節症の治療	脂肪由来幹細胞	価格確定	https://saiseiiryo.mhlw.go.jp/published_plan/download/01C2110055/5/0	B	IN_SCOPE
V41_02C2501012	02C2501012	V41F7005827876	千葉県	医療法人社団千聡会  北原整形外科	習志野市本大久保３丁目９−２４	第三種	四肢の靭帯、筋腱付着部およびスポーツ傷害（筋・腱・靭帯）を対象とした自家多血小板血漿（PRP）注入療法	PRP	価格確定	https://saiseiiryo.mhlw.go.jp/published_plan/download/02C2501012/5/0	C	IN_SCOPE
V41_02C2501013	02C2501013	V41F7005827876	千葉県	医療法人社団千聡会  北原整形外科	習志野市本大久保３丁目９−２４	第二種	変形性関節症および関節腔の傷害を対象とした自家多血小板血漿（PRP）注入療法	PRP	価格確定	https://saiseiiryo.mhlw.go.jp/published_plan/download/02C2501013/5/0	D	IN_SCOPE
V41_02C2512058	02C2512058	V41F367B1E5EEF	千葉県	医療法人社団協友会　柏厚生総合病院	柏市篠籠田617番地	第二種	多血小板血漿（Platelet-rich plasma：PRP）を用いた関節痛治療	PRP	価格確定	https://saiseiiryo.mhlw.go.jp/published_plan/download/02C2512058/5/0	A	IN_SCOPE
V41_02C2601001	02C2601001	V41F367B1E5EEF	千葉県	医療法人社団協友会　柏厚生総合病院	柏市篠籠田617番地	第三種	自己多血小板血漿（Platelet-rich plasma : PRP)を用いた整形外科領域における軟部組織治療	PRP	価格確定	https://saiseiiryo.mhlw.go.jp/published_plan/download/02C2601001/5/0	B	IN_SCOPE
V41_01C2410046	01C2410046	V41FA67B1D3993	千葉県	医療法人社団南洲会 南洲会勝浦クリニック	勝浦市墨名485番地252	第三種	四肢の靭帯、筋腱付着部およびスポーツ傷害（筋・腱・靭帯）を対象とした自家多血小板血漿（PRP）注入療法	PRP	価格確定	https://saiseiiryo.mhlw.go.jp/published_plan/download/01C2410046/5/0	C	IN_SCOPE
V41_01C2106043	01C2106043	V41FD905F404DE	千葉県	医療法人社団曙会 流山中央病院	流山市東初石二丁目１３２番地の２	第三種	自家多血小板血漿(Platelet-rich plasma:PRP)を用いた筋肉、腱、靭帯、筋膜の損傷及び慢性炎症の治療(関節外の軟部組織)	PRP	価格確定	https://saiseiiryo.mhlw.go.jp/published_plan/download/01C2106043/5/0	D	IN_SCOPE
V41_01C2306039	01C2306039	V41FFD3F4C623B	千葉県	医療法人社団淳英会　おゆみの中央病院	千葉市緑区おゆみ野南六丁目 49 番地 9	第二種	自己脂肪由来間葉系幹細胞を用いた関節痛、変形性関節症治療	脂肪由来幹細胞	価格確定	https://saiseiiryo.mhlw.go.jp/published_plan/download/01C2306039/5/0	A	IN_SCOPE
V41_02C2205006	02C2205006	V41FFD3F4C623B	千葉県	医療法人社団淳英会　おゆみの中央病院	千葉市緑区おゆみ野南六丁目４９番地９	第二種	多血小板血漿抽出液による関節症治療	APS/PRP	価格確定	https://saiseiiryo.mhlw.go.jp/published_plan/download/02C2205006/5/0	D	IN_SCOPE
V41_03C2206012	03C2206012	V41FFD3F4C623B	千葉県	医療法人社団淳英会　おゆみの中央病院	千葉市緑区おゆみ野南六丁目49番地9	第三種	多血小板血漿を用いた靭帯・腱及び腱付着部の機能障害・疾患の治療	PRP	価格確定	https://saiseiiryo.mhlw.go.jp/published_plan/download/03C2206012/5/0	C	IN_SCOPE
V41_03C2301025	03C2301025	V41F6C5FD611B2	千葉県	医療法人社団淳英会　Ｊメディカルおゆみの	千葉市緑区おゆみ野三丁目16番地1  ゆみ～る鎌取ショッピングセンター５階	第二種	多血小板血漿抽出液による関節症治療	APS/PRP	価格確定	https://saiseiiryo.mhlw.go.jp/published_plan/download/03C2301025/5/0	B	IN_SCOPE
V41_03C2301026	03C2301026	V41F6C5FD611B2	千葉県	医療法人社団淳英会　Ｊメディカルおゆみの	千葉市緑区おゆみ野三丁目16番地1  ゆみ～る鎌取ショッピングセンター５階	第三種	多血小板血漿を用いた靭帯・腱及び腱付着部の機能障害・疾患の治療	PRP	価格確定	https://saiseiiryo.mhlw.go.jp/published_plan/download/03C2301026/5/0	A	IN_SCOPE
V41_01C2202006	01C2202006	V41FA393308BAF	千葉県	医療法人社団煌和会 國分クリニック	千葉市中央区宮崎町235-8	第三種	自己多血小板血漿(PRP)を用いた筋・腱・靱帯損傷部の治癒促進を目的とした整形外科治療	PRP	価格確定	https://saiseiiryo.mhlw.go.jp/published_plan/download/01C2202006/5/0	B	IN_SCOPE
V41_02C2503029	02C2503029	V41F27087552D8	千葉県	医療法人社団誠富会 成田整形外科	成田市橋賀台 1-15-2	第二種	多血小板血漿（Platelet-rich plasma：PRP）を用いた変形性関節症治療	PRP	価格確定	https://saiseiiryo.mhlw.go.jp/published_plan/download/02C2503029/5/0	D	IN_SCOPE
V41_02C2503026	02C2503026	V41F27087552D8	千葉県	医療法人社団誠富会　成田整形外科	成田市橋賀台1-15-2	第三種	多血小板血漿（Platelet-rich plasma : PRP)を用いた整形外科領域における軟部組織治療	PRP	価格確定	https://saiseiiryo.mhlw.go.jp/published_plan/download/02C2503026/5/0	C	IN_SCOPE
V41_02C2506050	02C2506050	V41F824564D0F7	千葉県	医療法人社団誠馨会 千葉メディカルセンター	千葉市中央区南町1丁目7番1号	第二種	自家多血小板血漿（Platelet-rich plasma：PRP）を用いた慢性関節炎の治療（関節内組織）	PRP	価格確定	https://saiseiiryo.mhlw.go.jp/published_plan/download/02C2506050/5/0	A	IN_SCOPE
V41_02C2506051	02C2506051	V41F824564D0F7	千葉県	医療法人社団誠馨会 千葉メディカルセンター	千葉市中央区南町1丁目7番1号	第三種	自家多血小板血漿(Platelet-rich plasma:PRP)を用いた筋肉、腱、靭帯、筋膜の損傷及び慢性炎症の治療(関節外軟部組織)	PRP	価格確定	https://saiseiiryo.mhlw.go.jp/published_plan/download/02C2506051/5/0	B	IN_SCOPE
V41_01C2408008	01C2408008	V41FB922571E87	千葉県	医療法人社団錦昌会 みどりのは 葉記念病院	千葉市緑区古市場町２０９番４	第三種	自家多血小板血漿(Platelet-rich plasma：PRP)を用いた筋肉、腱、靭帯、筋膜の損傷及び慢性炎症の治療（関節腔外に限る）	PRP	価格確定	https://saiseiiryo.mhlw.go.jp/published_plan/download/01C2408008/5/0	D	IN_SCOPE
V41_01C2408009	01C2408009	V41FB922571E87	千葉県	医療法人社団錦昌会 みどりのは 葉記念病院	千葉市緑区古市場町２０９番４	第二種	自家多血小板血漿（Platelet-rich plasma：PRP）を用いた慢性関節炎の治療（関節内組織）	PRP	価格確定	https://saiseiiryo.mhlw.go.jp/published_plan/download/01C2408009/5/0	C	IN_SCOPE
V41_02C2603018	02C2603018	V41FAE801257E4	千葉県	医療法人鉄蕉会　亀田クリニック	鴨川市東町 1344 番地	第二種	APS（Autologous Protein Solution）を用いた変形性関節症を起因とする慢性痛治療	APS	価格確定	https://saiseiiryo.mhlw.go.jp/published_plan/download/02C2603018/5/0	A	IN_SCOPE
V41_02C2605007	02C2605007	V41FDB418B1DF5	千葉県	医療法人鉄蕉会　亀田クリニック	鴨川市東町１３４４	第二種	多血小板血漿（ＰＲＰ）の関節内投与による半月板・関節軟骨の治療	PRP	価格確定	https://saiseiiryo.mhlw.go.jp/published_plan/download/02C2605007/5/0	B	IN_SCOPE
V41_01C2407085	01C2407085	V41FCE17B3048C	千葉県	千葉ニュータウン整形外科リハビリテーションクリニック	印西市中央北1丁目1 APOLLO PLANT MALL 2階	第三種	自家多血小板血漿(Platelet-rich plasma：PRP)を用いた筋肉、腱、靭帯、筋膜の損傷及び慢性炎症の治療（関節腔外に限る）	PRP	価格確定	https://saiseiiryo.mhlw.go.jp/published_plan/download/01C2407085/5/0	D	IN_SCOPE
V41_01C2407086	01C2407086	V41FCE17B3048C	千葉県	千葉ニュータウン整形外科リハビリテーションクリニック	印西市中央北1丁目1 APOLLO PLANT MALL 2階	第二種	自家多血小板血漿（Platelet-rich plasma：PRP）を用いた慢性関節炎の治療（関節内組織）	PRP	価格確定	https://saiseiiryo.mhlw.go.jp/published_plan/download/01C2407086/5/0	C	IN_SCOPE
V41_01C2310044	01C2310044	V41F9372FF520F	千葉県	日本医科大学千葉北総病院	印西市鎌苅１７１５	第二種	変形性関節症に対する多血小板血漿抽出液（ＡＰＳ）関節内投与療法	APS/PRP	価格確定	https://saiseiiryo.mhlw.go.jp/published_plan/download/01C2310044/5/0	A	IN_SCOPE
V41_03C2410007	03C2410007	V41FA5331664CD	千葉県	柏の葉キャンパス整形外科	柏市中十余二397-1 中央182街区3	第二種	自家多血小板血漿（Platelet-Rich Plasma：PRP）を用いた慢性関節炎の治療（関節内組織）	PRP	価格確定	https://saiseiiryo.mhlw.go.jp/published_plan/download/03C2410007/5/0	B	IN_SCOPE
V41_03C2410034	03C2410034	V41FA5331664CD	千葉県	柏の葉キャンパス整形外科	柏市中十余二397-1 中央182街区3	第三種	自家多血小板血漿（Platelet-rich plasma：PRP）を用いた筋肉、腱、靭帯、筋膜の損傷及び慢性炎症の治療（関節外の軟部組織）	PRP	価格確定	https://saiseiiryo.mhlw.go.jp/published_plan/download/03C2410034/5/0	C	IN_SCOPE
V41_01C2206026	01C2206026	V41F1876BC8706	千葉県	柏はせがわ整形外科	柏市根戸４６７−１０３ メディカルプラザ北柏 2Ｆ	第三種	自己多血小板血漿（PRP)を用いた、筋・腱・靱帯への軟部組織再生療法	PRP	価格確定	https://saiseiiryo.mhlw.go.jp/published_plan/download/01C2206026/5/0	D	IN_SCOPE
V41_02C2311048	02C2311048	V41F6BA7FEB040	千葉県	社会医療法人社団蛍水会 名戸ヶ谷病院	柏市新柏二丁目1番1	第二種	自家多血小板血漿(Platelet rich plasma:PRP)を用いた関節機能改善治療	PRP	価格確定	https://saiseiiryo.mhlw.go.jp/published_plan/download/02C2311048/5/0	A	IN_SCOPE
V41_02C2402051	02C2402051	V41F6BA7FEB040	千葉県	社会医療法人社団蛍水会 名戸ヶ谷病院	柏市新柏二丁目1番1	第三種	自家多血小板血漿(Platelet-rich plasma:PRP)を用いた関節機能治療(関節腔外に限る)	PRP	未確認	https://www.nadogaya.com/department/orthopedic_surgery/aps/	B	IN_SCOPE
V41_02C2407017	02C2407017	V41F90D6881D79	千葉県	長浜クリニック	市川市若宮2-13-6	第二種	自家多血小板血漿（Platelet-rich plasma：PRP）を用いた慢性関節炎の治療（関節内組織）	PRP	価格確定	https://saiseiiryo.mhlw.go.jp/published_plan/download/02C2407017/5/0	C	IN_SCOPE
V41_02C2109023	02C2109023	V41F1A19E07084	千葉県	順天堂大学医学部附属浦安病院	浦安市富岡2-1-1	第二種	自己多血小板血漿（PRP）療法（関節炎・変形性関節症に対する）	PRP	価格確定	https://saiseiiryo.mhlw.go.jp/published_plan/download/02C2109023/5/0	A	IN_SCOPE
V41_02C2109024	02C2109024	V41F1A19E07084	千葉県	順天堂大学医学部附属浦安病院	浦安市富岡2-1-1	第三種	自己多血小板血漿（PRP）療法（筋・腱・靭帯の損傷に対する）	PRP	価格確定	https://saiseiiryo.mhlw.go.jp/published_plan/download/02C2109024/5/0	D	IN_SCOPE
V41_02E2405011	02E2405011	V41FC23E1E6312	和歌山県	伏虎リハビリテーション病院	和歌山市畑屋敷東ノ丁１番	第三種	自己多血小板血漿(PRP)を用いた整形外科領域における軟部組織治療	PRP	価格確定	https://saiseiiryo.mhlw.go.jp/published_plan/download/02E2405011/5/0	B	IN_SCOPE
V41_01E2503008	01E2503008	V41FCDBF276F14	和歌山県	医療法人優真会 やなせ整形外科	和歌山市次郎丸167番地の2	第三種	四肢の筋・腱・靱帯及びその付着部の傷害を対象とした自家多血小板血漿（PRP）注入療法	PRP	価格確定	https://saiseiiryo.mhlw.go.jp/published_plan/download/01E2503008/5/0	C	IN_SCOPE
V41_02E2407030	02E2407030	V41FAB23EC7735	和歌山県	医療法人琉憲会　ナカイマ整形外科クリニック	岩出市金池389-1	第三種	自家多血小板血漿（Platelet-rich plasma：PRP）を用いた筋肉、腱、靭帯、筋膜の損傷及び慢性炎症の治療（関節外の軟部組織）	PRP	価格確定	https://saiseiiryo.mhlw.go.jp/published_plan/download/02E2407030/5/0	D	IN_SCOPE
V41_02E2507042	02E2507042	V41F7F26367FC7	和歌山県	社会医療法人黎明会　北出病院	御坊市湯川町財部728‐4	第二種	多血小板血漿（Platelet-rich plasma：PRP）を用いた変形性関節症治療	PRP	価格確定	https://saiseiiryo.mhlw.go.jp/published_plan/download/02E2507042/5/0	A	IN_SCOPE
V41_02E2507043	02E2507043	V41F7F26367FC7	和歌山県	社会医療法人黎明会　北出病院	御坊市湯川町財部728‐4	第三種	自己多血小板血漿（Platelet-rich plasma：PRP）を用いた整形外科領域における軟部組織治療	PRP	価格確定	https://saiseiiryo.mhlw.go.jp/published_plan/download/02E2507043/5/0	C	IN_SCOPE
V41_02E2509003	02E2509003	V41F7F26367FC7	和歌山県	社会医療法人黎明会　北出病院	御坊市湯川町財部728-4	第二種	自家培養脂肪由来幹細胞を用いた変形性膝関節症治療	脂肪由来幹細胞	価格確定	https://saiseiiryo.mhlw.go.jp/published_plan/download/02E2509003/5/0	B	IN_SCOPE
V41_01E2509005	01E2509005	V41F0133944684	和歌山県	社会医療法人黎明会　和歌山 健診クリニック・キタデ	和歌山市七番丁２６－１　モンティグレ ダイワロイネットホテル和歌山　２F	第二種	自家多血小板血漿（Platelet-Rich Plasma：PRP）を用いた慢性関節炎の治療（関節内組織）	PRP	価格確定	https://saiseiiryo.mhlw.go.jp/published_plan/download/01E2509005/5/0	D	IN_SCOPE
V41_01E2509006	01E2509006	V41F0133944684	和歌山県	社会医療法人黎明会　和歌山 健診クリニック・キタデ	和歌山市七番丁２６－１　モンティグレ ダイワロイネットホテル和歌山　２F	第三種	自家多血小板血漿（Platelet-Rich Plasma：PRP）を用いた筋肉、腱、靭帯、筋膜の損傷及び慢性炎症の治療（関節外の軟部組織）	PRP	価格確定	https://saiseiiryo.mhlw.go.jp/published_plan/download/01E2509006/5/0	A	IN_SCOPE
V41_01E2511014	01E2511014	V41FE796813418	和歌山県	社会医療法人黎明会　和歌山 健診クリニック・キタデ	和歌山市七番丁26-1　モンティグレ（ダイワロイネットホテル和歌山）2階	第二種	自己脂肪由来間葉系幹細胞を用いた変形性関節症治療	脂肪由来幹細胞	価格確定	https://saiseiiryo.mhlw.go.jp/published_plan/download/01E2511014/5/0	B	IN_SCOPE
V41_01E2511020	01E2511020	V41FE796813418	和歌山県	社会医療法人黎明会　和歌山 健診クリニック・キタデ	和歌山市七番丁26-1　モンティグレ（ダイワロイネットホテル和歌山）2階	第二種	自己脂肪由来間葉系幹細胞を用いた靭帯・腱損傷治療	脂肪由来幹細胞	価格確定	https://saiseiiryo.mhlw.go.jp/published_plan/download/01E2511020/5/0	C	IN_SCOPE
V41_01E2402018	01E2402018	V41FA0C29AA01E	和歌山県	社会福祉法人琴の浦リハビリテイションセンター　　  琴の浦リハビリテーションセンター附属病院	和歌山市毛見字馬瀬1451番地	第二種	変形性関節症および関節腔の傷害を対象とした自家多血小板血漿（PRP）注入療法	PRP	価格確定	https://saiseiiryo.mhlw.go.jp/published_plan/download/01E2402018/5/0	A	IN_SCOPE
V41_01E2402019	01E2402019	V41FA0C29AA01E	和歌山県	社会福祉法人琴の浦リハビリテイションセンター　　  琴の浦リハビリテーションセンター附属病院	和歌山市毛見字馬瀬1451番地	第三種	四肢の靭帯、筋腱付着部およびスポーツ傷害（筋・腱・靭帯）を対象とした自家多血小板血漿（PRP）注入療法	PRP	価格確定	https://saiseiiryo.mhlw.go.jp/published_plan/download/01E2402019/5/0	D	IN_SCOPE
V41_01C2501014	01C2501014	V41F792727709A	埼玉県	UT整形外科　武蔵浦和	さいたま市南区白幡５丁目１８－１９　MID KUDOS TERRACE　3F	第二種	変形性関節症に対する自家培養脂肪由来幹細胞を用いた治療	脂肪由来幹細胞	価格確定	https://saiseiiryo.mhlw.go.jp/published_plan/download/01C2501014/5/0	C	IN_SCOPE
V41_02C2510040	02C2510040	V41F792727709A	埼玉県	UT整形外科　武蔵浦和	さいたま市南区白幡５丁目１８－１９　MID KUDOS TERRACE　3F	第二種	変形性関節症を対象とした自家多血小板血漿（PRP）注入療法	PRP	価格確定	https://saiseiiryo.mhlw.go.jp/published_plan/download/02C2510040/5/0	D	IN_SCOPE
V41_02C2510041	02C2510041	V41F792727709A	埼玉県	UT整形外科　武蔵浦和	さいたま市南区白幡５丁目１８－１９　MID KUDOS TERRACE　3F	第三種	四肢の筋・腱・靱帯及びその付着部の傷害を対象とした自家多血小板血漿（PRP）注入療法	PRP	価格確定	https://saiseiiryo.mhlw.go.jp/published_plan/download/02C2510041/5/0	B	IN_SCOPE
V41_01C2509053	01C2509053	V41F533B893B49	埼玉県	さいたま整形外科クリニック	さいたま市大宮区仲町1-35 大塚ビル3階	第三種	自家多血小板血漿（Platelet-Rich Plasma：PRP）を用いた筋肉、腱、靭帯、筋膜の損傷及び慢性炎症の治療（関節外の軟部組織）	PRP	価格確定	https://saiseiiryo.mhlw.go.jp/published_plan/download/01C2509053/5/0	A	IN_SCOPE
V41_01C2508068	01C2508068	V41FB53520C338	埼玉県	ミューズシティクリニック	さいたま市南区別所7-2-1-204	第三種	自己多血小板血漿(PRP)を用いた筋・腱・靭帯の軟部組織再生療法	PRP	価格確定	https://saiseiiryo.mhlw.go.jp/published_plan/download/01C2508068/5/0	B	IN_SCOPE
V41_01C2606058	01C2606058	V41FEF8B2EF031	埼玉県	伊奈整形外科・せぼねクリニック	北足立郡伊奈町中央1-107	第三種	四肢の筋・腱・靱帯及びその付着部の傷害を対象とした自家多血小板血漿（PRP）注入療法	PRP	価格確定	https://saiseiiryo.mhlw.go.jp/published_plan/download/01C2606058/5/0	C	IN_SCOPE
V41_02C2001042	02C2001042	V41FCFF9E4141A	埼玉県	医療法人　川久保病院	さいたま市浦和区東高砂町29-18	第三種	自己多血小板血漿（PRP)を用いた整形外科治療	PRP	価格確定	https://saiseiiryo.mhlw.go.jp/published_plan/download/02C2001042/5/0	D	IN_SCOPE
V41_03C2607036	03C2607036	V41F4C2EF63423	埼玉県	医療法人元志会  川越TACA川越下肢静脈瘤膝関節クリニック	川越市脇田本町8-1  U_PLACE　MEDICITY　６階	第二種	多血小板血漿を用いた整形外科疾患に対する関節内治療	PRP	価格確定	https://saiseiiryo.mhlw.go.jp/published_plan/download/03C2607036/5/0	A	IN_SCOPE
V41_03C2411029	03C2411029	V41FF5494CC345	埼玉県	医療法人元気会　わかさクリニック	所沢市若狭4-2468-31	第二種	自家脂肪由来間葉系幹細胞を用いた変形性関節症治療	脂肪由来幹細胞	価格確定	https://saiseiiryo.mhlw.go.jp/published_plan/download/03C2411029/5/0	B	IN_SCOPE
V41_03C2405006	03C2405006	V41F4EFA380F84	埼玉県	医療法人本庄福島病院 本庄総合病院	本庄市大字北堀1780番地	第三種	多血小板血漿(PRP)の投与によるスポーツ外傷を含む筋、腱、靱帯損傷治療	PRP	価格確定	https://saiseiiryo.mhlw.go.jp/published_plan/download/03C2405006/5/0	C	IN_SCOPE
V41_01C2506018	01C2506018	V41F5A02ABC301	埼玉県	医療法人社団 鴻愛会 with Life クリニック 大宮駅前	さいたま市大宮区桜木町1丁目133番地2　メインKビル 2階3階4階	第二種	自家多血小板血漿（Platelet-Rich Plasma：PRP）を用いた慢性関節炎の治療（関節内組織）	PRP	価格確定	https://saiseiiryo.mhlw.go.jp/published_plan/download/01C2506018/5/0	D	IN_SCOPE
V41_02C2408121	02C2408121	V41F1F83E9A969	埼玉県	医療法人社団nagomi会  健康スポーツクリニック	熊谷市弥藤吾122-1	第二種	自家脂肪組織由来幹細胞（ASC）の投与による関節治療	脂肪由来幹細胞	価格確定	https://saiseiiryo.mhlw.go.jp/published_plan/download/02C2408121/5/0	B	IN_SCOPE
V41_03C2408003	03C2408003	V41F1F83E9A969	埼玉県	医療法人社団nagomi会  健康スポーツクリニック	熊谷市弥藤吾122-1	第二種	多血小板血漿（PRP）の投与による変形性関節症治療	PRP	価格確定	https://saiseiiryo.mhlw.go.jp/published_plan/download/03C2408003/5/0	A	IN_SCOPE
V41_01C2402038	01C2402038	V41F8CAE80AFC6	埼玉県	医療法人社団スマイル＆ファイン いしがみ整形外科クリニック	川越市豊田町３丁目１１－２	第三種	多血小板血漿（PLATELET-RICH PLASMA：PRP）を用いた筋肉、腱、靭帯等の損傷及び慢性炎症の治療	PRP	価格確定	https://saiseiiryo.mhlw.go.jp/published_plan/download/01C2402038/5/0	C	IN_SCOPE
V41_01C2102010	01C2102010	V41F5B051CE3C9	埼玉県	医療法人社団南越谷病院	越谷市南越谷一丁目4番63号	第三種	自家多血小板血漿（Platelet-rich plasma：PRP）を用いた筋肉、腱、靭帯、筋膜の損傷及び慢性炎症の治療（関節外の軟部組織）	PRP	価格確定	https://saiseiiryo.mhlw.go.jp/published_plan/download/01C2102010/5/0	A	IN_SCOPE
V41_01C2102011	01C2102011	V41F5B051CE3C9	埼玉県	医療法人社団南越谷病院	越谷市南越谷一丁目4番63号	第二種	自家多血小板血漿（Platelet-rich plasma：PRP）を用いた慢性関節炎の治療（関節内組織）	PRP	価格確定	https://saiseiiryo.mhlw.go.jp/published_plan/download/01C2102011/5/0	D	IN_SCOPE
V41_02C2607073	02C2607073	V41FD71CF66A6F	埼玉県	医療法人社団幸祥会 東整形外科	さいたま市見沼区東大宮５丁目３４−２５	第二種	多血小板血漿（Platelet-rich plasma：PRP）を用いた変形性関節症治療	PRP	価格確定	https://saiseiiryo.mhlw.go.jp/published_plan/download/02C2607073/5/0	B	IN_SCOPE
V41_03C2509048	03C2509048	V41F6E62A3F790	埼玉県	医療法人社団春陽会　大宮リビータ整形外科	さいたま市大宮区桜木町２丁目902番304	第三種	自己多血小板血漿（Platelet-rich plasma : PRP)を用いた整形外科領域における軟部組織治療	PRP	価格確定	https://saiseiiryo.mhlw.go.jp/published_plan/download/03C2509048/5/0	C	IN_SCOPE
V41_02C2507037	02C2507037	V41F4B24EB8B7F	埼玉県	医療法人社団活寿会  大宮ひざ関節症クリニック	さいたま市大宮区桜木町4-209  第3バーディートライビル4F	第二種	脂肪組織由来幹細胞（adipose-derived mesenchymal stem cell）の投与による関節治療	脂肪由来幹細胞	価格確定	https://saiseiiryo.mhlw.go.jp/published_plan/download/02C2507037/5/0	A	IN_SCOPE
V41_02C2512057	02C2512057	V41FF9DCCDE9AE	埼玉県	医療法人社団活寿会  大宮ひざ関節症クリニック	さいたま市大宮区桜木町4-209  第3バーディートライビル4階	第二種	多血小板血漿（PRP）の投与による変形性関節症治療	PRP	価格確定	https://saiseiiryo.mhlw.go.jp/published_plan/download/02C2512057/5/0	D	IN_SCOPE
V41_03C2305016	03C2305016	V41F2DCC112519	埼玉県	医療法人社団祐慈会　井上整形外科クリニック	さいたま市南区太田窪2丁目11-22	第二種	多血小板血漿（PRP）による変形性膝関節症治療	PRP	価格確定	https://saiseiiryo.mhlw.go.jp/published_plan/download/03C2305016/5/0	B	IN_SCOPE
V41_01C1903025	01C1903025	V41FCAF49D4123	埼玉県	医療法人社団順生会　はにゅう整形外科	越谷市相模町3-139-1	第二種	多血小板血漿（PRP）を用いた変形性関節症に対する疼痛緩和	PRP	価格確定	https://saiseiiryo.mhlw.go.jp/published_plan/download/01C1903025/5/0	C	IN_SCOPE
V41_02C2411082	02C2411082	V41FCAF49D4123	埼玉県	医療法人社団順生会　はにゅう整形外科	越谷市相模町３－１３９－１	第二種	自己脂肪組織由来幹細胞（ASCs）を用いた変形性膝関節症の治療	脂肪由来幹細胞	価格確定	https://saiseiiryo.mhlw.go.jp/published_plan/download/02C2411082/5/0	D	IN_SCOPE
V41_01C2204013	01C2204013	V41FB5F6C42BF5	埼玉県	大宮はしもと整形外科	さいたま市中央区上落合8-3-32  島忠ホームズさいたま中央店2階	第二種	慢性疼痛に対する自家脂肪由来幹細胞による治療	脂肪由来幹細胞	価格確定	https://saiseiiryo.mhlw.go.jp/published_plan/download/01C2204013/5/0	A	IN_SCOPE
V41_01C2212041	01C2212041	V41FB5F6C42BF5	埼玉県	大宮はしもと整形外科	さいたま市中央区上落合8-3-32　島忠ホームズさいたま中央店2階	第二種	自家多血小板血漿（PRP）を用いた頚椎症・腰椎症の治療	PRP	価格確定	https://saiseiiryo.mhlw.go.jp/published_plan/download/01C2212041/5/0	B	IN_SCOPE
V41_02C2412031	02C2412031	V41FD5BD04501E	埼玉県	学校法人　獨協学園　獨協医科大学埼玉医療センター	越谷市南越谷2-1-50	第二種	自家滑膜幹細胞注射による変形性膝関節症治療	滑膜幹細胞	価格確定	https://saiseiiryo.mhlw.go.jp/published_plan/download/02C2412031/5/0	C	IN_SCOPE
V41_01C2303014	01C2303014	V41F85C16ECEC4	埼玉県	根本外科整形外科	富士見市鶴馬３４７７－１	第二種	変形性関節症に対する多血小板血漿（ＰＲＰ）関節内投与療法	PRP	価格確定	https://saiseiiryo.mhlw.go.jp/published_plan/download/01C2303014/5/0	D	IN_SCOPE
V41_01C2603013	01C2603013	V41F363B03D9C6	埼玉県	獨協医科大学埼玉医療センター	越谷市南越谷２−１−５０	第二種	変形性関節症に対する多血小板血漿（ＰＲＰ）関節内投与療法	PRP	価格確定	https://saiseiiryo.mhlw.go.jp/published_plan/download/01C2603013/5/0	A	IN_SCOPE
V41_02G1911002	02G1911002	V41FCEA4B3A361	大分県	医療法人恵愛会 中村病院	別府市秋葉町8番24号	第三種	多血小板血漿(PRP)の投与によるスポーツ外傷を含む筋、腱、靱帯損傷治療	PRP	価格確定	https://saiseiiryo.mhlw.go.jp/published_plan/download/02G1911002/5/0	B	IN_SCOPE
V41_01G2212005	01G2212005	V41F8DFB1B6591	大分県	医療法人社団唱和会　明野中央病院	大分市明野東２丁目７番３３号	第三種	多血小板血漿を用いた靭帯・腱及び腱付着部の機能障害・疾患の治療	PRP	価格確定	https://saiseiiryo.mhlw.go.jp/published_plan/download/01G2212005/5/0	C	IN_SCOPE
V41_01G2010001	01G2010001	V41F3DA3F91FDE	大分県	猿渡整形外科スポーツリハクリニック	大分市竹下2丁目126番地	第三種	四肢の靭帯、筋腱付着部およびスポーツ傷害（筋・腱・靭帯）を対象とした自家多血小板血漿(自家PRP)注入療法	PRP	価格確定	https://saiseiiryo.mhlw.go.jp/published_plan/download/01G2010001/5/0	D	IN_SCOPE
V41_01E2505021	01E2505021	V41F72852C3A92	大阪府	AC PLUS CLINIC	大阪市中央区北久宝寺町2丁目1番3号  日本細胞ビル3, 4, 5, 7階	第二種	自家脂肪組織由来幹細胞（ASC）の局所投与による関節治療	脂肪由来幹細胞	価格確定	https://saiseiiryo.mhlw.go.jp/published_plan/download/01E2505021/5/0	A	IN_SCOPE
V41_01E2505022	01E2505022	V41F72852C3A92	大阪府	AC PLUS CLINIC	大阪市中央区北久宝寺町2丁目1番3号  日本細胞ビル3, 4, 5, 7階	第二種	自家脂肪組織由来幹細胞（ASC）の静脈内投与による慢性筋骨格系疼痛治療	脂肪由来幹細胞	価格確定	https://saiseiiryo.mhlw.go.jp/published_plan/download/01E2505022/5/0	C	IN_SCOPE
V41_01E2509011	01E2509011	V41F292C935865	大阪府	AC PLUS CLINIC	大阪市中央区北久宝寺町2-1-3日本細胞ビル3,4,5,7階	第二種	自家脂肪組織由来幹細胞（ASC）の局所投与による関節治療	脂肪由来幹細胞	価格確定	https://saiseiiryo.mhlw.go.jp/published_plan/download/01E2509011/5/0	B	IN_SCOPE
V41_01E2510027	01E2510027	V41F6EACF41783	大阪府	AC PLUS CLINIC	大阪市中央区北久宝寺町2丁目1-3日本細胞ビル3,4,5,7階	第二種	自家脂肪組織由来幹細胞（ASC）の静脈内投与による慢性筋骨格系疼痛治療	脂肪由来幹細胞	価格確定	https://saiseiiryo.mhlw.go.jp/published_plan/download/01E2510027/5/0	D	IN_SCOPE
V41_01E2412017	01E2412017	V41FBFA8BD1C25	大阪府	CELL GRAND CLINIC	大阪市中央区西心斎橋2丁目3-2  御堂筋ミナミビル 4階	第二種	自己脂肪由来幹細胞を用いた変形性関節症の治療	脂肪由来幹細胞	価格確定	https://saiseiiryo.mhlw.go.jp/published_plan/download/01E2412017/5/0	D	IN_SCOPE
V41_01E2502004	01E2502004	V41FBFA8BD1C25	大阪府	CELL GRAND CLINIC	大阪市中央区西心斎橋２丁目3-2 御堂筋ミナミビル４階	第二種	変形性関節症に対する多血小板血漿（ＰＲＰ）関節内投与療法	PRP	価格確定	https://saiseiiryo.mhlw.go.jp/published_plan/download/01E2502004/5/0	B	IN_SCOPE
V41_01E2602015	01E2602015	V41FBFA8BD1C25	大阪府	CELL GRAND CLINIC	大阪市中央区西心斎橋２丁目3-2 御堂筋ミナミビル４階	第二種	膝関節症に対する自己脂肪由来幹細胞による治療	脂肪由来幹細胞	価格確定	https://saiseiiryo.mhlw.go.jp/published_plan/download/01E2602015/5/0	C	IN_SCOPE
V41_01E2112013	01E2112013	V41F540932716E	大阪府	ONE CLINIC 梅田	大阪市北区堂山町18-2　若杉東梅田ビル5F	第三種	関節周囲炎に対する自家多血小板血漿(PRP)を利用した軟組織の再生医療	PRP	価格確定	https://saiseiiryo.mhlw.go.jp/published_plan/download/01E2112013/5/0	A	IN_SCOPE
V41_01E2511022	01E2511022	V41F342EAFE6C6	大阪府	しらい痛みのクリニック	八尾市安中町4-3-17ウエルシア八尾安中店2F	第三種	自己多血小板血漿(PRP)を用いた筋・腱・靭帯の損傷および慢性炎症に対する治療	PRP	価格確定	https://saiseiiryo.mhlw.go.jp/published_plan/download/01E2511022/5/0	B	IN_SCOPE
V41_01E2505003	01E2505003	V41FE38BEE7769	大阪府	つねとう痛みのクリニック	大阪市住吉区長居西2丁目11番18号  WELKAMTY長居西Bldg 2階	第三種	自己多血小板血漿(PRP)を用いた用いた筋・腱・靭帯の損傷及び慢性炎症に対する治療	PRP	価格確定	https://saiseiiryo.mhlw.go.jp/published_plan/download/01E2505003/5/0	C	IN_SCOPE
V41_01E2511002	01E2511002	V41F638DEB5374	大阪府	はせがわ整形外科運動器エコークリニック	大阪市平野区長吉出戸5丁目2-13	第三種	自家多血小板血漿（Platelet-Rich Plasma：PRP）を用いた筋肉、腱、靭帯、筋膜の損傷及び慢性炎症の治療（関節外の軟部組織）	PRP	価格確定	https://saiseiiryo.mhlw.go.jp/published_plan/download/01E2511002/5/0	D	IN_SCOPE
V41_01E2605009	01E2605009	V41F2272A75A03	大阪府	ひらまつ整形外科　難波膝スポーツクリニック	大阪市浪速区敷津東2-6-19 そうごうメディカルモールなんば南２階	第三種	多血小板血漿を用いた整形外科領域（関節腔内への投与を除く）の治療	PRP	価格確定	https://www.h-nksc.jp/private_medical/p_03.html	A	IN_SCOPE
V41_03E2512005	03E2512005	V41FDFD34DDDB0	大阪府	まつうら整形・肩肘スポーツクリニック	堺市西区鳳東町6丁 637-1 2F	第三種	自家多血小板血漿（Platelet-Rich Plasma：PRP）を用いた筋肉、腱、靭帯、筋膜の損傷及び慢性炎症の治療（関節外の軟部組織）	PRP	価格確定	https://saiseiiryo.mhlw.go.jp/published_plan/download/03E2512005/5/0	B	IN_SCOPE
V41_01E2511017	01E2511017	V41F52D9698588	大阪府	アスレティックス整形外科肩膝スポーツクリニック	八尾市北久宝寺1丁目１－７	第三種	多血小板血漿を用いた整形外科領域（関節腔内への投与を除く）の治療	PRP	価格確定	https://saiseiiryo.mhlw.go.jp/published_plan/download/01E2511017/5/0	C	IN_SCOPE
V41_02E2601002	02E2601002	V41F4D065D9D41	大阪府	シンセルクリニック	大阪市中央区心斎橋1-9-15  大京心斎橋ビル303号室	第二種	自己脂肪由来幹細胞を用いた変形性関節症の治療	脂肪由来幹細胞	価格確定	https://saiseiiryo.mhlw.go.jp/published_plan/download/02E2601002/5/0	D	IN_SCOPE
V41_03E2506014	03E2506014	V41FDECC4D3F9A	大阪府	リセリングクリニック	大阪市北区天満橋1-8-40帝国ホテルプラザ2階	第二種	自己骨髄由来間葉系幹細胞を用いた変形性膝関節症治療	その他MSK	価格確定	https://saiseiiryo.mhlw.go.jp/published_plan/download/03E2506014/5/0	A	IN_SCOPE
V41_01E2403004	01E2403004	V41F394174501B	大阪府	ルナペインクリニック	東大阪市長堂1丁目5-6 布施駅前セントラルビル2階	第三種	自己多血小板血漿（PRP)を用いた、運動器組織再生療法（主に筋・腱・靱帯）	PRP	価格確定	https://saiseiiryo.mhlw.go.jp/published_plan/download/01E2403004/5/0	B	IN_SCOPE
V41_01E2508030	01E2508030	V41F47A7456D5D	大阪府	一般社団法人澄佳会 松山淳記念クリニック	大阪市北区芝田2-7-18 ルーシッドスクエア梅田2F	第三種	多血小板血漿を用いた整形外科疾患に対する組織修復治療	PRP	価格確定	https://saiseiiryo.mhlw.go.jp/published_plan/download/01E2508030/5/0	C	IN_SCOPE
V41_01E2604018	01E2604018	V41F0871833971	大阪府	一般社団法人隆起会　おおたき整形外科	大阪市都島区毛馬町二丁目10番33号	第三種	自己多血小板血漿(PRP)療法（治療対象：筋・腱・靭帯損傷）	PRP	価格確定	https://saiseiiryo.mhlw.go.jp/published_plan/download/01E2604018/5/0	D	IN_SCOPE
V41_01E2506022	01E2506022	V41F3BB99C549E	大阪府	医療法人 きど整形外科クリニック	吹田市桃山台二丁目２番２号	第三種	自己多血小板血漿（PRP）を用いた筋肉、腱、靭帯、筋膜（関節外の軟部組織）の治療	PRP	価格確定	https://saiseiiryo.mhlw.go.jp/published_plan/download/01E2506022/5/0	B	IN_SCOPE
V41_03E2603007	03E2603007	V41FCD13CAFD1C	大阪府	医療法人 凉庵会 整形外科 吉田クリニック	大阪市阿倍野区阪南町2-20-16	第三種	多血小板血漿(PRP)の投与によるスポーツ外傷を含む筋、腱、靱帯損傷治療	PRP	価格確定	https://saiseiiryo.mhlw.go.jp/published_plan/download/03E2603007/5/0	C	IN_SCOPE
V41_01E2510014	01E2510014	V41F2E57208032	大阪府	医療法人Nクリニック	岸和田市別所町3-10-10	第二種	脂肪由来間葉系間質細胞を用いた腱板、腱、靭帯、筋および周辺組織の治療	脂肪由来幹細胞	価格確定	https://saiseiiryo.mhlw.go.jp/published_plan/download/01E2510014/5/0	D	IN_SCOPE
V41_02E2308012	02E2308012	V41F2E57208032	大阪府	医療法人Nクリニック	岸和田市別所町3-10-10	第三種	多血小板血漿（PRP）の投与によるスポーツ外傷を含む筋、腱、靱帯損傷治療	PRP	価格確定	https://saiseiiryo.mhlw.go.jp/published_plan/download/02E2308012/5/0	B	IN_SCOPE
V41_02E2401006	02E2401006	V41F2E57208032	大阪府	医療法人Nクリニック	岸和田市別所町3-10-10	第二種	脂肪幹細胞を用いた変形性関節症に対する再生医療	脂肪由来幹細胞	価格確定	https://saiseiiryo.mhlw.go.jp/published_plan/download/02E2401006/5/0	C	IN_SCOPE
V41_01E2510012	01E2510012	V41F600DF5DB0B	大阪府	医療法人Nクリニック　本町Nクリニック	大阪市西区西本町一丁目４番１号オリックス 本町ビル２階	第二種	脂肪由来間葉系間質細胞を用いた腱板、腱、靭帯、筋および周辺組織の治療	脂肪由来幹細胞	価格確定	https://saiseiiryo.mhlw.go.jp/published_plan/download/01E2510012/5/0	D	IN_SCOPE
V41_02E2508013	02E2508013	V41F600DF5DB0B	大阪府	医療法人Nクリニック　本町Nクリニック	大阪市西区西本町一丁目４番１号オリックス本町ビル２階	第二種	脂肪幹細胞を用いた変形性関節症に対する再生医療	脂肪由来幹細胞	価格確定	https://saiseiiryo.mhlw.go.jp/published_plan/download/02E2508013/5/0	C	IN_SCOPE
V41_02E2508014	02E2508014	V41F600DF5DB0B	大阪府	医療法人Nクリニック　本町Nクリニック	大阪市西区西本町一丁目４番１号オリックス本町ビル２階	第二種	変形性関節症に対する多血小板血漿を用いた再生医療	PRP	価格確定	https://saiseiiryo.mhlw.go.jp/published_plan/download/02E2508014/5/0	A	IN_SCOPE
V41_02E2508015	02E2508015	V41F600DF5DB0B	大阪府	医療法人Nクリニック　本町Nクリニック	大阪市西区西本町一丁目４番１号オリックス本町ビル２階	第三種	多血小板血漿を用いた腱板、筋、腱および周辺組織の治療	PRP	価格確定	https://saiseiiryo.mhlw.go.jp/published_plan/download/02E2508015/5/0	B	IN_SCOPE
V41_01E2604003	01E2604003	V41F2E57208032	大阪府	医療法人　Nクリニック	岸和田市別所町3-10-10	第二種	多血小板血漿を用いた難治性の骨髄異常陰影を有する変形性関節症の治療	PRP	価格確定	https://saiseiiryo.mhlw.go.jp/published_plan/download/01E2604003/5/0	A	IN_SCOPE
V41_01E2504019	01E2504019	V41F6BBE77C097	大阪府	医療法人　厚心会　まつかわ整形外科クリニック	堺市西区鳳南町3丁199-116	第三種	多血小板血漿を用いた整形外科領域（関節腔内への投与を除く）の治療	PRP	価格確定	https://saiseiiryo.mhlw.go.jp/published_plan/download/01E2504019/5/0	D	IN_SCOPE
V41_01E2411018	01E2411018	V41F1E4D61CE52	大阪府	医療法人　翔寿会　こんどう整形外科クリニック	大阪市住吉区我孫子東2-4-29	第三種	多血小板血漿を用いた整形外科領域（関節腔内への投与を除く）の治療	PRP	価格確定	https://saiseiiryo.mhlw.go.jp/published_plan/download/01E2411018/5/0	A	IN_SCOPE
V41_01E2104018	01E2104018	V41F8B5B98228D	大阪府	医療法人一幸会 いっしん整形外科	大阪市平野区喜連東五丁目16番22号	第三種	自家多血小板血漿（Platelet-rich plasma：PRP）を用いた筋肉、腱、靭帯、筋膜の損傷及び慢性炎症の治療（関節外の軟部組織）	PRP	価格確定	https://saiseiiryo.mhlw.go.jp/published_plan/download/01E2104018/5/0	A	IN_SCOPE
V41_02E2606005	02E2606005	V41FA42E40AECF	大阪府	医療法人亮星会　ほしやま整形外科医院	大阪市北区梅田１−８−１６ヒルトンプラザイースト５階	第三種	多血小板血漿を用いた整形外科領域（関節腔内への投与を除く）の治療	PRP	価格確定	https://saiseiiryo.mhlw.go.jp/published_plan/download/02E2606005/5/0	B	IN_SCOPE
V41_01E2606017	01E2606017	V41FC8FBBE30B3	大阪府	医療法人信生会 Rクリニック	大阪市中央区南船場4丁目5番8号　  ラスターオン心斎橋ビル4階	第二種	膝関節症に対する自己脂肪由来幹細胞による治療	脂肪由来幹細胞	価格確定	https://saiseiiryo.mhlw.go.jp/published_plan/download/01E2606017/5/0	C	IN_SCOPE
V41_01E2510034	01E2510034	V41FDE9D37C30E	大阪府	医療法人健爽会　ReO Clinic	大阪市中央区南船場2丁目5番17号	第二種	自己脂肪由来幹細胞を用いた変形性関節症の治療	脂肪由来幹細胞	価格確定	https://saiseiiryo.mhlw.go.jp/published_plan/download/01E2510034/5/0	D	IN_SCOPE
V41_02E2606021	02E2606021	V41FAB7C68B671	大阪府	医療法人光明会  もりあきクリニック	箕面市船場西三丁目８番１１号  COMプラザ１Ｆ	第二種	自己脂肪由来幹細胞を用いた変形性関節症の治療	脂肪由来幹細胞	価格確定	https://saiseiiryo.mhlw.go.jp/published_plan/download/02E2606021/5/0	A	IN_SCOPE
V41_01E2307007	01E2307007	V41F9674F5DE4E	大阪府	医療法人光明会　もりあきクリニック	箕面市船場西3-8-11ＣＯＭプラザ１Ｆ	第三種	自己多血小板血漿（PRP)を用いた、筋・腱・靱帯の軟部組織再生療法	PRP	価格確定	https://saiseiiryo.mhlw.go.jp/published_plan/download/01E2307007/5/0	B	IN_SCOPE
V41_03E2409028	03E2409028	V41F3EBE7BC623	大阪府	医療法人再生会  そばじまクリニック　ニューオータニ大阪院	大阪府大阪市中央区城見1-4-1  ホテルニューオータニ大阪　626・627号室	第二種	自己皮下脂肪組織由幹細胞（ADSCs）を用いた変形性関節症に対する細胞移植治療（ただし、脊柱は除く）	脂肪由来幹細胞	価格確定	https://saiseiiryo.mhlw.go.jp/published_plan/download/03E2409028/5/0	C	IN_SCOPE
V41_01E2304028	01E2304028	V41F5BBC99A172	大阪府	医療法人再生会　そばじまクリニック	東大阪市荒本北2-2-6　クリニックコート東野1F,2F,3F	第二種	腱損傷に対する自家脂肪組織由来細胞群による疼痛緩和治療	その他MSK	価格確定	https://saiseiiryo.mhlw.go.jp/published_plan/download/01E2304028/5/0	A	IN_SCOPE
V41_03E2103018	03E2103018	V41F5BBC99A172	大阪府	医療法人再生会　そばじまクリニック	東大阪市荒本北2-2-6　クリニックコート東野1F,２F,３F	第二種	変形性関節症に対する自家脂肪組織由来細胞群による疼痛緩和治療（ただし、手指及び脊柱を除く）	その他MSK	価格確定	https://saiseiiryo.mhlw.go.jp/published_plan/download/03E2103018/5/0	D	IN_SCOPE
V41_02E2508010	02E2508010	V41F521E1757E6	大阪府	医療法人医誠会　医誠会国際総合病院	大阪市北区南扇町4−14	第三種	自己多血小板血漿(Platelet-rich plasma：PRP)を用いた整形外科領域における軟部組織治療	PRP	価格確定	https://saiseiiryo.mhlw.go.jp/published_plan/download/02E2508010/5/0	B	IN_SCOPE
V41_01E2603014	01E2603014	V41FE797AD4EE5	大阪府	医療法人医進会　高石加茂病院	高石市西取石3丁目23番17号	第三種	自家多血小板血漿（Platelet-Rich Plasma：PRP）を用いた筋肉、腱、靭帯、筋膜の損傷及び慢性炎症の治療（関節外の軟部組織）	PRP	価格確定	https://saiseiiryo.mhlw.go.jp/published_plan/download/01E2603014/5/0	C	IN_SCOPE
V41_03E2603012	03E2603012	V41FB040882EEB	大阪府	医療法人協和会　協和会病院	吹田市岸部北１丁目２４番１号	第二種	多血小板血漿抽出液による関節症治療	APS/PRP	価格確定	https://saiseiiryo.mhlw.go.jp/published_plan/download/03E2603012/5/0	D	IN_SCOPE
V41_02E2205013	02E2205013	V41FA6462E3765	大阪府	医療法人啓信会　大阪整形外科病院	大阪市福島区大開四丁目３番６１号	第三種	多血小板血漿を用いた靭帯・腱及び腱付着部の機能障害・疾患の治療	PRP	価格確定	https://saiseiiryo.mhlw.go.jp/published_plan/download/02E2205013/5/0	A	IN_SCOPE
V41_01E2310023	01E2310023	V41FD85B4A7203	大阪府	医療法人天野整形外科	大阪市東住吉区駒川４丁目１−５	第二種	変形性関節症に対する多血小板血漿（ＰＲＰ）関節内投与療法	PRP	価格確定	https://saiseiiryo.mhlw.go.jp/published_plan/download/01E2310023/5/0	B	IN_SCOPE
V41_01E2310024	01E2310024	V41FD85B4A7203	大阪府	医療法人天野整形外科	大阪市東住吉区駒川４丁目１−５	第三種	多血小板血漿を用いた整形外科領域（関節腔内への投与を除く）の治療	PRP	価格確定	https://saiseiiryo.mhlw.go.jp/published_plan/download/01E2310024/5/0	C	IN_SCOPE
V41_01E2302002	01E2302002	V41FAA880E4BDF	大阪府	医療法人恒晴会　心斎橋ペインクリニック	大阪市中央区西心斎橋一丁目４番５号御堂筋ビル8階	第三種	筋・腱・靭帯の損傷および慢性炎症に対する自家多血小板血漿注入療法	PRP	価格確定	https://saiseiiryo.mhlw.go.jp/published_plan/download/01E2302002/5/0	D	IN_SCOPE
V41_03E2404012	03E2404012	V41F69CBA38A11	大阪府	医療法人想千あわ整形外科クリニック	大阪市西区新町4-6-23　OASISクリニックモール2F	第二種	自家多血小板血漿（Platelet-rich plasma：PRP）を用いた慢性関節炎の治療（関節内組織）	PRP	価格確定	https://saiseiiryo.mhlw.go.jp/published_plan/download/03E2404012/5/0	A	IN_SCOPE
V41_01E2302007	01E2302007	V41F851716945F	大阪府	医療法人新和会　朝田整形外科	河内長野市西之山町10-29	第二種	変形性関節症に対する多血小板血漿を用いた再生医療	PRP	価格確定	https://saiseiiryo.mhlw.go.jp/published_plan/download/01E2302007/5/0	B	IN_SCOPE
V41_02E2510002	02E2510002	V41FE9E1441A34	大阪府	医療法人春秋会　城山病院	羽曳野市はびきの２丁目８番１号	第二種	変形性関節症に対する多血小板血漿（ＰＲＰ）関節内投与療法	PRP	価格確定	https://saiseiiryo.mhlw.go.jp/published_plan/download/02E2510002/5/0	C	IN_SCOPE
V41_01E1904021	01E1904021	V41F0FCF9FADBD	大阪府	医療法人朝雲会　あさぐも整形外科クリニック	和泉市いぶき野５―１―２　 ｐｉｖｏ和泉中央２Ｆ	第二種	多血小板血漿抽出液による関節症治療	APS/PRP	価格確定	https://saiseiiryo.mhlw.go.jp/published_plan/download/01E1904021/5/0	D	IN_SCOPE
V41_01E2308018	01E2308018	V41FA1F4E6B6FE	大阪府	医療法人村上整形外科	大阪市旭区大宮３丁目１１−６	第二種	変形性関節症に対する多血小板血漿（ＰＲＰ）関節内投与療法	PRP	価格確定	https://saiseiiryo.mhlw.go.jp/published_plan/download/01E2308018/5/0	A	IN_SCOPE
V41_01E2308019	01E2308019	V41FA1F4E6B6FE	大阪府	医療法人村上整形外科	大阪市旭区大宮３丁目１１−６	第三種	多血小板血漿を用いた整形外科領域（関節腔内への投与を除く）の治療	PRP	価格確定	https://saiseiiryo.mhlw.go.jp/published_plan/download/01E2308019/5/0	B	IN_SCOPE
V41_01E2408018	01E2408018	V41FB7C1354CB5	大阪府	医療法人桂礼会 小阪医院	東大阪市小阪本町一丁目9番13号	第三種	自家多血小板血漿(Platelet-rich plasma：PRP)を用いた筋肉、腱、靭帯、筋膜の損傷及び慢性炎症の治療（関節腔外に限る）	PRP	価格確定	https://saiseiiryo.mhlw.go.jp/published_plan/download/01E2408018/5/0	D	IN_SCOPE
V41_01E2408019	01E2408019	V41FB7C1354CB5	大阪府	医療法人桂礼会 小阪医院	東大阪市小阪本町一丁目9番13号	第二種	自家多血小板血漿（Platelet-rich plasma：PRP）を用いた慢性関節炎の治療（関節内組織）	PRP	価格確定	https://saiseiiryo.mhlw.go.jp/published_plan/download/01E2408019/5/0	C	IN_SCOPE
V41_02E2407022	02E2407022	V41F231E83A18F	大阪府	医療法人桜希会 東朋八尾健診クリニック	八尾市光町1丁目26番地  メルベーユ光町101	第二種	自己脂肪由来幹細胞を用いた変形性関節症の治療	脂肪由来幹細胞	価格確定	https://saiseiiryo.mhlw.go.jp/published_plan/download/02E2407022/5/0	B	IN_SCOPE
V41_03E2405011	03E2405011	V41F231E83A18F	大阪府	医療法人桜希会 東朋八尾健診クリニック	八尾市光町1丁目26番地 メルベーユ光町 101	第二種	変形性膝関節症に対する多血小板血漿関節内注射治療	PRP	価格確定	https://saiseiiryo.mhlw.go.jp/published_plan/download/03E2405011/5/0	A	IN_SCOPE
V41_02E2508006	02E2508006	V41FB1DEB138E5	大阪府	医療法人梅花林　HORIE R.Pクリニック	大阪市西区北堀江１丁目３−１３ STAR HILLS	第二種	自己脂肪由来幹細胞を用いた変形性関節症の治療	脂肪由来幹細胞	価格確定	https://saiseiiryo.mhlw.go.jp/published_plan/download/02E2508006/5/0	C	IN_SCOPE
V41_01E2603003	01E2603003	V41FBBD6F8D2E6	大阪府	医療法人槻陽会  高槻整形外科・再生医療クリニック	⾼槻市城北町2丁⽬2-3 リュドール⾼槻4階	第二種	自己脂肪由来幹細胞を用いた関節疾患の治療	脂肪由来幹細胞	価格確定	https://saiseiiryo.mhlw.go.jp/published_plan/download/01E2603003/5/0	D	IN_SCOPE
V41_01E2604023	01E2604023	V41F076337D390	大阪府	医療法人槻陽会　高槻整形外科・再生医療クリニック	⾼槻市城北町2-2-3 リュドール⾼槻４階	第三種	自己多血小板血漿（PRP）を用いた筋肉、腱、靭帯、筋膜など関節外の軟部組織治療	PRP	価格確定	https://saiseiiryo.mhlw.go.jp/published_plan/download/01E2604023/5/0	A	IN_SCOPE
V41_01E2501002	01E2501002	V41F63036D55E0	大阪府	医療法人永仁会　千里ペインクリニック	豊中市少路1丁目7番18号 アマニカス1階	第二種	慢性疼痛症に対する自己脂肪由来幹細胞の関節腔内投与による治療	脂肪由来幹細胞	価格確定	https://saiseiiryo.mhlw.go.jp/published_plan/download/01E2501002/5/0	B	IN_SCOPE
V41_01E2412014	01E2412014	V41F7E86F4739A	大阪府	医療法人生樹会　渡辺病院	大阪市西成区天下茶屋１丁目１５−１	第二種	変形性関節症を対象とした多血小板血漿Platelet Rich Plasma（PRP）注入療法	PRP	価格確定	https://saiseiiryo.mhlw.go.jp/published_plan/download/01E2412014/5/0	C	IN_SCOPE
V41_01E2312020	01E2312020	V41F0117C8AD61	大阪府	医療法人社団　彦星会　大阪中之島整形外科	大阪市北区中之島四丁目3番51号　NakanoshimaQross４階	第二種	自己脂肪由来幹細胞を用いた変形性関節症の治療	脂肪由来幹細胞	価格確定	https://saiseiiryo.mhlw.go.jp/published_plan/download/01E2312020/5/0	A	IN_SCOPE
V41_01E2408024	01E2408024	V41F0117C8AD61	大阪府	医療法人社団　彦星会　大阪中之島整形外科	大阪市北区中之島四丁目3番51号　NakanoshimaQross４階	第二種	自家培養軟骨細胞（ACC）を用いた移植による低侵襲膝関節軟骨再生治療	その他MSK	価格確定	https://saiseiiryo.mhlw.go.jp/published_plan/download/01E2408024/5/0	D	IN_SCOPE
V41_01E2411001	01E2411001	V41F0117C8AD61	大阪府	医療法人社団彦星会　大阪中之島整形外科	大阪市北区中之島四丁目３番51号　Nakanoshima Qross４階	第三種	多血小板血漿を用いた整形外科領域（関節腔内への投与を除く）の治療	PRP	価格確定	https://saiseiiryo.mhlw.go.jp/published_plan/download/01E2411001/5/0	B	IN_SCOPE
V41_03E2005002	03E2005002	V41F891D68EC8D	大阪府	医療法人社団彦星会　岩橋クリニック	吹田市山手町2丁目6-6	第二種	多血小板血漿（PRP）の投与による変形性関節症治療	PRP	価格確定	https://saiseiiryo.mhlw.go.jp/published_plan/download/03E2005002/5/0	D	IN_SCOPE
V41_03E2005003	03E2005003	V41F891D68EC8D	大阪府	医療法人社団彦星会　岩橋クリニック	吹田市山手町２丁目6-6	第三種	多血小板血漿(PRP)の投与によるスポーツ外傷を含む筋、腱、靱帯損傷治療	PRP	価格確定	https://saiseiiryo.mhlw.go.jp/published_plan/download/03E2005003/5/0	C	IN_SCOPE
V41_03E2602011	03E2602011	V41F84A6CAD21A	大阪府	医療法人社団日生会　リバースセルクリニック	大阪市北区曽根崎新地1-4-20 桜橋IMビル７F	第三種	多血小板血漿を用いた整形外科領域（関節腔内への投与を除く）の治療	PRP	価格確定	https://saiseiiryo.mhlw.go.jp/published_plan/download/03E2602011/5/0	B	IN_SCOPE
V41_03E2602012	03E2602012	V41F84A6CAD21A	大阪府	医療法人社団日生会　リバースセルクリニック	大阪市北区曽根崎新地1-4-20 桜橋IMビル７F	第二種	変形性関節症に対する多血小板血漿（ＰＲＰ）関節内投与療法	PRP	価格確定	https://saiseiiryo.mhlw.go.jp/published_plan/download/03E2602012/5/0	A	IN_SCOPE
V41_02E2602004	02E2602004	V41F4187D130F9	大阪府	医療法人社団活寿会 活寿会記念クリニック中之島	大阪市北区中之島4丁目3-51  Nakanoshima Qross 未来医療MEDセンター2階	第二種	自家脂肪組織由来幹細胞（ASC）の投与による関節治療	脂肪由来幹細胞	価格確定	https://saiseiiryo.mhlw.go.jp/published_plan/download/02E2602004/5/0	C	IN_SCOPE
V41_02E2508017	02E2508017	V41F31E1264B11	大阪府	医療法人社団美咲会 えびえ記念病院	大阪市福島区海老江二丁目１番３６号	第二種	変形性関節症および関節腔の傷害を対象とした自家多血小板血漿（PRP）注入療法	PRP	価格確定	https://saiseiiryo.mhlw.go.jp/published_plan/download/02E2508017/5/0	A	IN_SCOPE
V41_02E2603004	02E2603004	V41F31E1264B11	大阪府	医療法人社団美咲会 えびえ記念病院	大阪市福島区海老江二丁目１番３６号	第三種	四肢の靭帯、筋腱付着部およびスポーツ傷害（筋・腱・靭帯）を対象とした自家多血小板血漿（PRP）注入療法	PRP	価格確定	https://saiseiiryo.mhlw.go.jp/published_plan/download/02E2603004/5/0	D	IN_SCOPE
V41_01E2111002	01E2111002	V41FC1E6387844	大阪府	医療法人神明会　印どうメディカルクリニック	箕面市白島1-15-5	第三種	四肢の靭帯、筋腱付着部、体幹、腰部およびスポーツ傷害（筋・腱・靭帯）を対象とした自己多血小板血漿注入療法	PRP	価格確定	https://saiseiiryo.mhlw.go.jp/published_plan/download/01E2111002/5/0	B	IN_SCOPE
V41_02E2603028	02E2603028	V41F854F649069	大阪府	医療法人美喜有会  リペアセルクリニック	大阪市福島区福島1-1-51  堂島クロスウォーク404C	第二種	自家多血小板血漿を用いた変形性関節症の治療	PRP	価格確定	https://saiseiiryo.mhlw.go.jp/published_plan/download/02E2603028/5/0	C	IN_SCOPE
V41_02E2603029	02E2603029	V41F854F649069	大阪府	医療法人美喜有会  リペアセルクリニック	大阪市福島区福島1-1-51  堂島クロスウォーク404C	第三種	自家多血小板血漿を用いた筋腱炎・靭帯炎の治療	PRP	価格確定	https://saiseiiryo.mhlw.go.jp/published_plan/download/02E2603029/5/0	D	IN_SCOPE
V41_02E2603032	02E2603032	V41F854F649069	大阪府	医療法人美喜有会  リペアセルクリニック	大阪市福島区福島1-1-51  堂島クロスウォーク404C	第二種	自己脂肪由来幹細胞と自己前骨芽細胞分化誘導上清液を用いた変形性関節症の治療	脂肪由来幹細胞	価格確定	https://saiseiiryo.mhlw.go.jp/published_plan/download/02E2603032/5/0	A	IN_SCOPE
V41_01E2503001	01E2503001	V41F7E2F173805	大阪府	医療法人良耕会  村尾診療所	岸和田市土生町2丁目15-51	第二種	自家多血小板血漿（Platelet-Rich Plasma：PRP）を用いた慢性関節炎の治療（関節内組織）	PRP	価格確定	https://saiseiiryo.mhlw.go.jp/published_plan/download/01E2503001/5/0	B	IN_SCOPE
V41_01E2503002	01E2503002	V41F7E2F173805	大阪府	医療法人良耕会  村尾診療所	岸和田市土生町2丁目15-51	第三種	自家多血小板血漿（Platelet-Rich Plasma：PRP）を用いた筋肉、腱、靭帯、筋膜の損傷及び慢性炎症の治療（関節外の軟部組織）	PRP	価格確定	https://saiseiiryo.mhlw.go.jp/published_plan/download/01E2503002/5/0	C	IN_SCOPE
V41_01E2004008	01E2004008	V41FA61B311B5F	大阪府	医療法人良花会 整形外科とくはらクリニック	大阪市鶴見区横堤三丁目6番40号 道端ビル	第二種	自家多血小板血漿(Platelet rich plasma:PRP)を用いた関節機能改善治療	PRP	価格確定	https://saiseiiryo.mhlw.go.jp/published_plan/download/01E2004008/5/0	D	IN_SCOPE
V41_01E2111019	01E2111019	V41FD3CEE3B1CD	大阪府	医療法人誠幸会　わだ整形外科クリニック	枚方市長尾元町二丁目１番２１号	第三種	四肢の靭帯、筋腱付着部およびスポーツ傷害（筋・腱・靭帯）を対象とした自家多血小板血漿(自家PRP)注入療法	PRP	価格確定	https://saiseiiryo.mhlw.go.jp/published_plan/download/01E2111019/5/0	A	IN_SCOPE
V41_02E2507045	02E2507045	V41F03D3463ED4	大阪府	医療法人讃高会　枚方東整形外科病院	枚方市津田西町１－３７－８	第三種	多血小板血漿を用いた整形外科領域（関節腔内への投与を除く）の治療	PRP	価格確定	https://saiseiiryo.mhlw.go.jp/published_plan/download/02E2507045/5/0	B	IN_SCOPE
V41_01E2403006	01E2403006	V41FE1A06DCDA7	大阪府	医療法人酒井会　さかいペインクリニック	柏原市上市1-2-2　アゼリア柏原416	第三種	自家多血小板血漿(Platelet-rich plasma:PRP)を用いた筋肉、腱、靭帯、筋膜の損傷及び慢性炎症の治療（関節腔外に限る）	PRP	価格確定	https://saiseiiryo.mhlw.go.jp/published_plan/download/01E2403006/5/0	C	IN_SCOPE
V41_01E2505012	01E2505012	V41FD969C63F8B	大阪府	吹田くわた内科・ペインクリニック	吹田市新芦屋下6-7吹田新芦屋クリニックビル3F	第二種	変形性関節症に対する多血小板血漿（ＰＲＰ）関節内投与療法	PRP	価格確定	https://saiseiiryo.mhlw.go.jp/published_plan/download/01E2505012/5/0	D	IN_SCOPE
V41_01E2505013	01E2505013	V41FD969C63F8B	大阪府	吹田くわた内科・ペインクリニック	吹田市新芦屋下6-7吹田新芦屋クリニックビル3F	第三種	多血小板血漿を用いた整形外科領域（関節腔内への投与を除く）の治療	PRP	価格確定	https://saiseiiryo.mhlw.go.jp/published_plan/download/01E2505013/5/0	A	IN_SCOPE
V41_01E2409003	01E2409003	V41F0E1258CECB	大阪府	堂島ライフケアクリニック	大阪市北区曽根崎新地１丁目3-16  京富ビル４04号室	第二種	自己脂肪由来幹細胞を用いた変形性関節症の治療	脂肪由来幹細胞	価格確定	https://saiseiiryo.mhlw.go.jp/published_plan/download/01E2409003/5/0	B	IN_SCOPE
V41_03E2406016	03E2406016	V41F6CC4E852E3	大阪府	大阪ヘルスケアクリニック	大阪市北区本庄東1丁目22番1号	第二種	自己脂肪由来幹細胞を用いた変形性関節症の治療	脂肪由来幹細胞	価格確定	https://saiseiiryo.mhlw.go.jp/published_plan/download/03E2406016/5/0	C	IN_SCOPE
V41_03E2604001	03E2604001	V41F9AB8A0C502	大阪府	大阪市立総合医療センター	大阪市都島区都島本通二丁目13番22号	第二種	自家多血小板血漿（Platelet-rich plasma：PRP）を用いた慢性関節炎の治療（関節内組織）	PRP	価格確定	https://saiseiiryo.mhlw.go.jp/published_plan/download/03E2604001/5/0	D	IN_SCOPE
V41_03E2604002	03E2604002	V41F9AB8A0C502	大阪府	大阪市立総合医療センター	大阪市都島区都島本通二丁目13番22号	第三種	自家多血小板血漿(Platelet-rich plasma:PRP)を用いた関節機能治療(関節腔外に限る)	PRP	価格確定	https://saiseiiryo.mhlw.go.jp/published_plan/download/03E2604002/5/0	A	IN_SCOPE
V41_02E2309002	02E2309002	V41FFF2A2FF35E	大阪府	大阪梅田セルクリニック	大阪市北区梅田1丁目11-4大阪駅前  第4ビル2F 34-2号室	第二種	多血小板血漿を用いた変形性関節症治療	PRP	価格確定	https://saiseiiryo.mhlw.go.jp/published_plan/download/02E2309002/5/0	B	IN_SCOPE
V41_02E2310001	02E2310001	V41FFF2A2FF35E	大阪府	大阪梅田セルクリニック	大阪市北区梅田1丁目11-4  大阪駅前第4ビル2F 34-2号室	第二種	自家培養脂肪由来幹細胞を用いた変形性膝関節症治療	脂肪由来幹細胞	価格確定	https://saiseiiryo.mhlw.go.jp/published_plan/download/02E2310001/5/0	C	IN_SCOPE
V41_02E2602002	02E2602002	V41F431E86A43F	大阪府	大阪梅田セルクリニック	大阪市北区梅田1-11-4大阪駅前第4ビル2階34-2号室	第二種	自家脂肪組織由来幹細胞（ASC）の投与による関節治療	脂肪由来幹細胞	価格確定	https://saiseiiryo.mhlw.go.jp/published_plan/download/02E2602002/5/0	D	IN_SCOPE
V41_02E2508002	02E2508002	V41F3FA7D67621	大阪府	市立岸和田市民病院	岸和田市額原町1001番地	第三種	多血小板血漿（Platelet-rich plasma : PRP)を用いた整形外科領域における軟部組織治療	PRP	価格確定	https://saiseiiryo.mhlw.go.jp/published_plan/download/02E2508002/5/0	A	IN_SCOPE
V41_01E2508022	01E2508022	V41F5FE0F29839	大阪府	枚方市駅前やました整形外科リハビリテーションクリニック	枚方市新町1-1-8　HIRAKATA　WOVEN301	第三種	自家多血小板血漿（Platelet-Rich Plasma：PRP）を用いた筋肉、腱、靭帯、筋膜の損傷及び慢性炎症の治療（関節外の軟部組織）	PRP	価格確定	https://saiseiiryo.mhlw.go.jp/published_plan/download/01E2508022/5/0	B	IN_SCOPE
V41_02E2509009	02E2509009	V41FC61E96FBD6	大阪府	森ノ宮医療大学附属　大阪ベイクリニック	大阪市住之江区南港北1-26-16	第三種	多血小板血漿を用いた靭帯・腱及び腱付着部の機能障害・疾患の治療	PRP	価格確定	https://saiseiiryo.mhlw.go.jp/published_plan/download/02E2509009/5/0	C	IN_SCOPE
V41_01E2604026	01E2604026	V41F7259C9C4C4	大阪府	高槻整形外科・再生医療クリニック	⾼槻市城北町2-2-3 リュドール⾼槻４階	第二種	自己多血小板血漿(PRP)の投与による変形性関節症の治療	PRP	価格確定	https://saiseiiryo.mhlw.go.jp/published_plan/download/01E2604026/5/0	D	IN_SCOPE
V41_01E2508012	01E2508012	V41F674136D42B	大阪府	ＣＡＳＡクリニック	大阪市中央区西心斎橋一丁目5番5号アーバンＢＬＤ心斎橋7階	第二種	変形性関節症に対する自己脂肪組織由来幹細胞を用いた治療	脂肪由来幹細胞	価格確定	https://saiseiiryo.mhlw.go.jp/published_plan/download/01E2508012/5/0	A	IN_SCOPE
V41_01E2303002	01E2303002	V41F9945331DCD	奈良県	医療法人ポイントワン　ならやまと整形外科スポーツクリニック	北葛城郡上牧町上牧3413-1	第三種	四肢の靭帯、筋腱付着部およびスポーツ傷害（筋・腱・靭帯）を対象とした自家多血小板血漿（PRP）注入療法	PRP	価格確定	https://saiseiiryo.mhlw.go.jp/published_plan/download/01E2303002/5/0	A	IN_SCOPE
V41_01E2102010	01E2102010	V41F929BA215E7	奈良県	社会福祉法人　恩賜財団済生会奈良病院	奈良市八条4丁目643番地	第三種	多血小板血漿(Platelet-rich plasma：PRP)を用いた整形外科領域における軟部組織治療	PRP	価格確定	https://saiseiiryo.mhlw.go.jp/published_plan/download/01E2102010/5/0	B	IN_SCOPE
V41_01E2203003	01E2203003	V41FEA8B71103A	奈良県	近畿大学奈良病院	生駒市乙田町１２４８-１	第三種	多血小板血漿（PRP）を用いた腱板、筋、腱および周辺組織の治療	PRP	価格確定	https://saiseiiryo.mhlw.go.jp/published_plan/download/01E2203003/5/0	C	IN_SCOPE
V41_01G1906013	01G1906013	V41FA53EFDC9BB	宮崎県	Mスポーツ整形外科クリニック	宮崎市太田４丁目２-１６	第三種	多血小板血漿を用いた靭帯・腱及び腱付着部の機能障害・疾患の治療	PRP	価格確定	https://saiseiiryo.mhlw.go.jp/published_plan/download/01G1906013/5/0	D	IN_SCOPE
V41_01G2404003	01G2404003	V41FF71CA06230	宮崎県	くもん整形外科 スポーツ・骨関節クリニック	延岡市緑ヶ丘二丁目8番11号	第三種	自家多血小板血漿（Platelet-rich plasma：PRP）を用いた筋肉、腱、靭帯、筋膜の損傷及び慢性炎症の治療（関節外の軟部組織）	PRP	価格確定	https://saiseiiryo.mhlw.go.jp/published_plan/download/01G2404003/5/0	A	IN_SCOPE
V41_01G2408006	01G2408006	V41FEBFB1216E8	宮崎県	坂田整形外科クリニック	宮崎市大塚町樋ノ口1981-1	第三種	自家多血小板血漿(Platelet-rich plasma：PRP)を用いた筋肉、腱、靭帯、筋膜の損傷及び慢性炎症の治療（関節腔外に限る）	PRP	価格確定	https://saiseiiryo.mhlw.go.jp/published_plan/download/01G2408006/5/0	B	IN_SCOPE
V41_01G2301006	01G2301006	V41FDCD32D1680	宮崎県	整形外科　押領司病院	小林市細野１６２番地１	第三種	多血小板血漿を用いた整形外科領域（関節腔内への投与を除く）の治療	PRP	価格確定	https://saiseiiryo.mhlw.go.jp/published_plan/download/01G2301006/5/0	C	IN_SCOPE
V41_01F2305003	01F2305003	V41F739E9E2C77	山口県	森山整形クリニック	下関市幡生本町２−２	第三種	四肢の靭帯、筋腱付着部およびスポーツ傷害（筋・腱・靭帯）を対象とした自家多血小板血漿（PRP）注入療法	PRP	未確認	https://clinic-moriyama.ecnet.jp/	D	IN_SCOPE
V41_01D2605006	01D2605006	V41FF10F533318	岐阜県	医療法人社団 豊正会 大垣中央病院	大垣市見取町4丁目2番地	第三種	四肢の筋・腱・靱帯及びその付着部の傷害を対象とした自家多血小板血漿（PRP）注入療法	PRP	価格確定	https://saiseiiryo.mhlw.go.jp/published_plan/download/01D2605006/5/0	A	IN_SCOPE
V41_01B2403004	01B2403004	V41FAF50DCB08E	岩手県	いわてスポーツ・整形外科クリニック	盛岡市向中野字細谷地114番地	第三種	自家多血小板血漿(Platelet-rich plasma:PRP)を用いた筋肉、腱、靭帯、筋膜の損傷及び慢性炎症の治療（関節腔外に限る）	PRP	価格確定	https://saiseiiryo.mhlw.go.jp/published_plan/download/01B2403004/5/0	B	IN_SCOPE
V41_01F2108003	01F2108003	V41F425F231CEA	広島県	医療法人かたひざこしのクリニック 福山かた・ひざ・こしのクリニック	福山市神辺町大字新湯野74-18	第三種	自家多血小板血漿（Platelet-rich plasma：PRP）を用いた筋肉、腱、靭帯、筋膜の損傷及び慢性炎症の治療（関節外の軟部組織）	PRP	価格確定	https://saiseiiryo.mhlw.go.jp/published_plan/download/01F2108003/5/0	C	IN_SCOPE
V41_03F2304004	03F2304004	V41FEAC08EC422	広島県	医療法人エム・エム会　マッターホルンリハビリテーション病院	呉市中通一丁目５番２５号	第三種	多血小板血漿を用いた靭帯・腱及び腱付着部の機能障害・疾患の治療	PRP	未確認	http://www.matterhorn-hospital.jp/	D	IN_SCOPE
V41_01F2310002	01F2310002	V41F358BC973A9	広島県	医療法人龍樹会　池田整形外科リハビリテーションクリニック	広島市東区戸坂大上４丁目29番13号	第三種	自己多血小板血漿（Platelet-rich plasma：PRP）を用いた  整形外科領域における軟部組織治療	PRP	価格確定	https://saiseiiryo.mhlw.go.jp/published_plan/download/01F2310002/5/0	A	IN_SCOPE
V41_01F2505004	01F2505004	V41FD6612DD851	広島県	大田クリニック整形外科	広島市中区富士見町4-27	第三種	自家多血小板血漿（Platelet-Rich Plasma：PRP）を用いた筋肉、腱、靭帯、筋膜の損傷及び慢性炎症の治療（関節外の軟部組織）	PRP	価格確定	https://saiseiiryo.mhlw.go.jp/published_plan/download/01F2505004/5/0	B	IN_SCOPE
V41_02F2502002	02F2502002	V41F4F516ED088	広島県	寛田クリニック	広島市南区稲荷町3-20 トーレ稲荷町	第三種	自家多血小板血漿(Platelet-rich plasma:PRP)を用いた関節機能改善治療(関節腔外に限る)	PRP	価格確定	https://saiseiiryo.mhlw.go.jp/published_plan/download/02F2502002/5/0	C	IN_SCOPE
V41_02F2604002	02F2604002	V41FC14A37E600	広島県	広島大学病院	広島市南区霞一丁目２番３号	第三種	自家多血小板血漿（PRP）を用いた腱付着部炎、腱炎、靭帯損傷（関節外に限る）治療	PRP	価格確定	https://saiseiiryo.mhlw.go.jp/published_plan/download/02F2604002/5/0	D	IN_SCOPE
V41_03F2511004	03F2511004	V41F6A090F95F3	広島県	社会医療法人里仁会　興生総合病院	三原市円一町2丁目5番1号	第三種	自己多血小板血漿(PRP)を用いた整形外科領域における軟部組織治療	PRP	価格確定	https://saiseiiryo.mhlw.go.jp/published_plan/download/03F2511004/5/0	A	IN_SCOPE
V41_01D2603004	01D2603004	V41FA35962BFED	愛知県	HIME CLINIC	名古屋市千種区仲田2丁目305-1　COULEURS GRAND 202	第三種	多血小板血漿（PRP）を用いた筋肉、腱、靭帯治療	PRP	価格確定	https://saiseiiryo.mhlw.go.jp/published_plan/download/01D2603004/5/0	B	IN_SCOPE
V41_01D2512001	01D2512001	V41F463EE109E7	愛知県	伊藤整形・内科　あいちスポーツ人工関節クリニック	丹羽郡扶桑町大字高雄字郷東41	第二種	培養自家脂肪組織由来の間葉系間質細胞を用いた慢性疼痛の治療	脂肪由来幹細胞	価格確定	https://saiseiiryo.mhlw.go.jp/published_plan/download/01D2512001/5/0	C	IN_SCOPE
V41_01D1907003	01D1907003	V41F1C713AF425	愛知県	医療法人紫雪会　えさき整形外科リウマチ科	名古屋市南区鶴田一丁目7番26号	第三種	多血小板血漿(PRP)の投与によるスポーツ外傷を含む筋、腱、靱帯損傷治療	PRP	価格確定	https://saiseiiryo.mhlw.go.jp/published_plan/download/01D1907003/5/0	D	IN_SCOPE
V41_01D2401002	01D2401002	V41F7CB7D96BC9	愛知県	医療法人絢南会　　  かすがい関節・スポーツ整形外科いたみのクリニック	春日井市大手町4-7-1	第三種	四肢の靭帯、筋腱付着部およびスポーツ傷害（筋・腱・靭帯）を対象とした自家多血小板血漿（PRP）注入療法	PRP	価格確定	https://saiseiiryo.mhlw.go.jp/published_plan/download/01D2401002/5/0	A	IN_SCOPE
V41_03D2505020	03D2505020	V41FF5CF7E4208	愛知県	医療法人財団 檜扇会 クリニック 名古屋ちくさヒルズ	名古屋市千種区千種二丁目24番2号 千種タワーヒルズ1階	第三種	自己多血小板血漿（PRP)による捻挫、骨折治癒促進、靭帯損傷、腱鞘炎、アキレス腱炎の治療	PRP	価格確定	https://saiseiiryo.mhlw.go.jp/published_plan/download/03D2505020/5/0	B	IN_SCOPE
V41_01D2511003	01D2511003	V41FCF34A9FD98	愛知県	名古屋麻酔科クリニック	名古屋市千種区丘上町2-49-4	第三種	自己多血小板血漿(PRP)を用いた筋・腱・靭帯の損傷、慢性炎症へのペイン治療	PRP	価格確定	https://saiseiiryo.mhlw.go.jp/published_plan/download/01D2511003/5/0	C	IN_SCOPE
V41_03D2205001	03D2205001	V41F3C25716C44	愛知県	名鉄病院	名古屋市西区栄生2-26-11	第三種	自己多血小板血漿（PRP）を用いた筋・腱・靱帯の損傷および慢性障害の治療	PRP	価格確定	https://saiseiiryo.mhlw.go.jp/published_plan/download/03D2205001/5/0	D	IN_SCOPE
V41_03D2506004	03D2506004	V41F5AF30AB300	愛知県	春日井整形あさひ病院	春日井市下原町字村東2090番地	第三種	自己多血小板血漿(PRP)を用いた筋・腱・靭帯等の軟部組織治療	PRP	価格確定	https://saiseiiryo.mhlw.go.jp/published_plan/download/03D2506004/5/0	A	IN_SCOPE
V41_01D2401004	01D2401004	V41F504EF80E54	愛知県	水谷整形外科・内科クリニック	名古屋市熱田区金山町一丁目６番３号	第三種	自己多血小板血漿（PRP）を用いた整形外科領域における軟部組織治療	PRP	価格確定	https://saiseiiryo.mhlw.go.jp/published_plan/download/01D2401004/5/0	B	IN_SCOPE
V41_01D2601004	01D2601004	V41F862A31C829	愛知県	蒲郡市民病院	蒲郡市平田町向田１番地１	第三種	四肢の筋・腱・靱帯及びその付着部の傷害を対象とした自家多血小板血漿（PRP）注入療法	PRP	価格確定	https://saiseiiryo.mhlw.go.jp/published_plan/download/01D2601004/5/0	C	IN_SCOPE
V41_01C2503073	01C2503073	V41F1FC77CE393	東京都	AR-Ex尾山台整形外科	世田谷区等々力四丁目13番1号	第二種	⾃家多⾎⼩板⾎漿（Platelet-rich plasma：PRP）を⽤いた慢性関節炎ならびに関節内軟⾻・靭帯損傷の治療（関節内組織）	PRP	価格確定	https://saiseiiryo.mhlw.go.jp/published_plan/download/01C2503073/5/0	A	IN_SCOPE
V41_02C2512025	02C2512025	V41F1FC77CE393	東京都	AR-Ex尾山台整形外科	世田谷区等々力四丁目13番1号	第二種	⾃家多⾎⼩板⾎漿（Platelet-rich plasma：PRP）を⽤いた慢性関節障害に対する治療	PRP	価格確定	https://saiseiiryo.mhlw.go.jp/published_plan/download/02C2512025/5/0	B	IN_SCOPE
V41_02C2512027	02C2512027	V41F1FC77CE393	東京都	AR-Ex尾山台整形外科	世田谷区等々力四丁目13番1号	第二種	脂肪幹細胞を用いた慢性関節障害に対する治療	脂肪由来幹細胞	価格確定	https://saiseiiryo.mhlw.go.jp/published_plan/download/02C2512027/5/0	D	IN_SCOPE
V41_01C2505023	01C2505023	V41F2D8FF4122C	東京都	GINZA NOA CLINIC	中央区銀座5-4-6 ロイヤルクリスタル銀座3階	第二種	変形性関節症に対する自己脂肪由来幹細胞を用いた治療	脂肪由来幹細胞	価格非公開	https://saiseiiryo.mhlw.go.jp/published_plan/download/01C2505023/5/0	C	IN_SCOPE
V41_01C2501048	01C2501048	V41FFDC4415AAB	東京都	GINZA中央クリニック	中央区銀座7-8-8 6階	第二種	自己脂肪由来間葉系幹細胞を用いた変形性関節症治療	脂肪由来幹細胞	価格非公開	https://saiseiiryo.mhlw.go.jp/published_plan/download/01C2501048/5/0	A	IN_SCOPE
V41_01C2506062	01C2506062	V41FFDC4415AAB	東京都	GINZA中央クリニック	中央区銀座7-8-8 6階	第二種	変形性関節症に対する自己脂肪由来幹細胞を用いた治療	脂肪由来幹細胞	価格非公開	https://saiseiiryo.mhlw.go.jp/published_plan/download/01C2506062/5/0	D	IN_SCOPE
V41_01C2210035	01C2210035	V41F44A291BB5A	東京都	MediLotus clinic	港区麻布十番1丁目7－1　ヨーロッパハウス９階	第二種	自己脂肪由来幹細胞を用いた変形性関節症の治療	脂肪由来幹細胞	未確認	https://medilotus-clinic.com/	B	IN_SCOPE
V41_02C2504115	02C2504115	V41FFD422B4C2C	東京都	N2クリニック四谷	新宿区左門町2-6 ワコービル5階	第二種	ヒト自己脂肪組織由来間葉系幹細胞の関節内投与による関節傷害の症状改善の治療	脂肪由来幹細胞	価格確定	https://saiseiiryo.mhlw.go.jp/published_plan/download/02C2504115/5/0	C	IN_SCOPE
V41_01C2304054	01C2304054	V41F805F3328B2	東京都	NAG整形外科	港区白金台5-6-9 Wind Base白金５階	第二種	自己脂肪組織間葉系幹細胞（ADSC）を用いた関節治療	脂肪由来幹細胞	価格確定	https://saiseiiryo.mhlw.go.jp/published_plan/download/01C2304054/5/0	B	IN_SCOPE
V41_01C2305018	01C2305018	V41F805F3328B2	東京都	NAG整形外科	港区白金台5-6-9 Wind Base白金５階	第三種	多血小板血漿を用いた関節炎治療	PRP	価格確定	https://saiseiiryo.mhlw.go.jp/published_plan/download/01C2305018/5/0	D	IN_SCOPE
V41_01C2305019	01C2305019	V41F805F3328B2	東京都	NAG整形外科	港区白金台5-6-9 Wind Base白金５階	第二種	多血小板血漿を用いた関節炎治療（第2種再生医療）	PRP	価格確定	https://saiseiiryo.mhlw.go.jp/published_plan/download/01C2305019/5/0	A	IN_SCOPE
V41_03C2508035	03C2508035	V41F6F5061EA29	東京都	SBC整形外科クリニック 西新宿本院	新宿区西新宿 7-21-3　西新宿大京ビル7階	第二種	自己脂肪組織由来幹細胞（ASCs）を用いた変形性関節症の治療	脂肪由来幹細胞	価格確定	https://saiseiiryo.mhlw.go.jp/published_plan/download/03C2508035/5/0	C	IN_SCOPE
V41_01C2510013	01C2510013	V41F556030C77F	東京都	SBC整形外科クリニック西新宿本院	新宿区西新宿7-21-3  西新宿大京ビル7F	第二種	多血小板血漿（PRP）の投与による変形性関節症治療	PRP	価格確定	https://saiseiiryo.mhlw.go.jp/published_plan/download/01C2510013/5/0	D	IN_SCOPE
V41_01C2602017	01C2602017	V41F8480077B88	東京都	TAO Clinic	調布市富士見町1丁目6-2 TAOビル2階	第二種	自家多血小板血漿（Platelet-Rich Plasma：PRP）を用いた慢性関節炎の治療（関節内組織）	PRP	価格確定	https://saiseiiryo.mhlw.go.jp/published_plan/download/01C2602017/5/0	A	IN_SCOPE
V41_02C2603063	02C2603063	V41F521BC2828F	東京都	TCB 東京中央美容外科・TCB スキンクリニック BSクリニック REGENE CLINIC 新宿三丁目院	新宿区新宿3-1-20　メットライフ新宿スクエア7F	第二種	自家脂肪由来幹細胞を用いた関節治療	脂肪由来幹細胞	価格確定	https://saiseiiryo.mhlw.go.jp/published_plan/download/02C2603063/5/0	B	IN_SCOPE
V41_01C2509020	01C2509020	V41FA2867A003D	東京都	THE HUNDRED	中央区銀座4 丁⽬ 4-2 銀座松屋通り安⽥ビル 5-7 階	第二種	ヒト⾃⼰脂肪組織由来間葉系幹細胞を⽤いた関節疾患の治療	脂肪由来幹細胞	価格確定	https://saiseiiryo.mhlw.go.jp/published_plan/download/01C2509020/5/0	C	IN_SCOPE
V41_01C2511020	01C2511020	V41F703F9193C0	東京都	THE HUNDRED	中央区銀座4丁目4番2号 銀座松屋通り安田ビル 5F	第二種	自己脂肪由来間葉系幹細胞を用いた腰痛治療	脂肪由来幹細胞	価格確定	https://saiseiiryo.mhlw.go.jp/published_plan/download/01C2511020/5/0	D	IN_SCOPE
V41_01C2605016	01C2605016	V41FC71FF2314C	東京都	いたばし整形外科関節クリニック	板橋区板橋1丁目54-4 メディカルステーション板橋102	第二種	自己多血小板血漿(PRP)療法（治療対象：変形性関節症・外傷性関節炎）	PRP	価格確定	https://saiseiiryo.mhlw.go.jp/published_plan/download/01C2605016/5/0	A	IN_SCOPE
V41_01C2205034	01C2205034	V41F2F37BA639C	東京都	おかのクリニック	足立区西新井1-11-4	第二種	自家多血小板血漿（Platelet-rich plasma：PRP）を用いた疼痛治療（関節内組織）	PRP	価格確定	https://saiseiiryo.mhlw.go.jp/published_plan/download/01C2205034/5/0	B	IN_SCOPE
V41_01C2205035	01C2205035	V41F2F37BA639C	東京都	おかのクリニック	足立区西新井1-11-4	第三種	自家多血小板血漿（Platelet-rich plasma：PRP）を用いた筋肉、腱、靭帯の損傷及び炎症の治療（関節外の軟部組織）	PRP	価格確定	https://saiseiiryo.mhlw.go.jp/published_plan/download/01C2205035/5/0	C	IN_SCOPE
V41_02C2502084	02C2502084	V41FC976F94E91	東京都	お茶の水セルクリニック	千代田区神田駿河台4-1-1 ウエルトンビル2階	第三種	自己多血小板血漿(PRP)を用いた整形外科領域における軟部組織治療	PRP	価格確定	https://saiseiiryo.mhlw.go.jp/published_plan/download/02C2502084/5/0	D	IN_SCOPE
V41_01C2302048	01C2302048	V41FC4531DD84E	東京都	すみだ運動器リハビリテーションクリニック	墨田区横川1-1-10　SUMIDA PARK PLACEⅡ　1階	第二種	自家多血小板血漿（Platelet-rich plasma：PRP）を用いた慢性関節炎の治療（関節内組織）	PRP	価格確定	https://saiseiiryo.mhlw.go.jp/published_plan/download/01C2302048/5/0	A	IN_SCOPE
V41_01C2211047	01C2211047	V41F95898C7032	東京都	つくる整形外科　祐天寺駅前スポーツクリニック	目黒区祐天寺2-14-20　祐天寺駅前ビル3階	第二種	自家多血小板血漿（Platelet-rich plasma：PRP）を用いた慢性関節炎の治療（関節内組織）	PRP	価格確定	https://saiseiiryo.mhlw.go.jp/published_plan/download/01C2211047/5/0	B	IN_SCOPE
V41_01C2211048	01C2211048	V41F95898C7032	東京都	つくる整形外科　祐天寺駅前スポーツクリニック	目黒区祐天寺2-14-20　祐天寺駅前ビル3階	第三種	自家多血小板血漿（Platelet-rich plasma：PRP）を用いた筋肉、腱、靭帯、筋膜の損傷及び慢性炎症の治療（関節外の軟部組織）	PRP	価格確定	https://saiseiiryo.mhlw.go.jp/published_plan/download/01C2211048/5/0	C	IN_SCOPE
V41_02C2009011	02C2009011	V41FB27CDCB6B4	東京都	アットホーム表参道クリニック	港区北青山2-12-31 第3イノセビル2階及び地下1階	第二種	多血小板血漿（Platelet-rich plasma：PRP）を用いた整形外科疾患に対する組織修復	PRP	未確認	https://www.o-athome.jp/orthopedics/knee-osteoarthritis/	D	IN_SCOPE
V41_01C2503082	01C2503082	V41F21A80F2E70	東京都	アレックス脊椎クリニック	世田谷区等々力四丁目13番1号	第二種	自家多血小板血漿（Platelet-rich plasma：PRP）を用いた  脊椎由来疼痛の治療	PRP	価格確定	https://saiseiiryo.mhlw.go.jp/published_plan/download/01C2503082/5/0	A	IN_SCOPE
V41_02C2606015	02C2606015	V41F9B33AA41E9	東京都	アヴェニューセルクリニック	港区南青山3－18－16　ル・ボワビル3階	第二種	自己脂肪由来間葉系幹細胞を用いた関節痛、変形性関節症治療	脂肪由来幹細胞	価格確定	https://saiseiiryo.mhlw.go.jp/published_plan/download/02C2606015/5/0	B	IN_SCOPE
V41_02C2606022	02C2606022	V41F9B33AA41E9	東京都	アヴェニューセルクリニック	港区南青山3－18－16　ル・ボワビル3階	第二種	自己脂肪由来間葉系幹細胞を用いた靭帯・腱損傷治療	脂肪由来幹細胞	価格確定	https://saiseiiryo.mhlw.go.jp/published_plan/download/02C2606022/5/0	C	IN_SCOPE
V41_03C2408009	03C2408009	V41F355F7F103D	東京都	ガーデンクリニック ザ・ホワイトデンタルクリニック 品川院	港区高輪4丁目24番58号 サマセット品川東京2階	第二種	自家多血小板血漿（Platelet-rich plasma：PRP）を用いた慢性関節炎の治療（関節内組織）	PRP	価格確定	https://saiseiiryo.mhlw.go.jp/published_plan/download/03C2408009/5/0	D	IN_SCOPE
V41_01C2309047	01C2309047	V41FB0F11143D4	東京都	コレージュクリニック　ザ・ペニンシュラ東京	千代田区有楽町1--8-1　ザ・ペニンシュラ東京　B1	第二種	自家脂肪由来間葉系幹細胞を用いた変形性膝関節症の治療	脂肪由来幹細胞	価格確定	https://saiseiiryo.mhlw.go.jp/published_plan/download/01C2309047/5/0	A	IN_SCOPE
V41_01C2503004	01C2503004	V41F40435E2D89	東京都	プルミエールクリニック	千代田区九段南3-2-12 エルミタージュタワー	第二種	自己脂肪由来間葉系幹細胞を用いた変形性関節症に対する治療	脂肪由来幹細胞	価格確定	https://saiseiiryo.mhlw.go.jp/published_plan/download/01C2503004/5/0	B	IN_SCOPE
V41_01C2608022	01C2608022	V41F3007703327	東京都	モティーフ銀座クリニック	中央区銀座１丁目７－６　銀座河合ビル４階、９階	第三種	自己多血小板血漿（PRP）を用いた筋肉・腱・靱帯・筋膜の損傷及び慢性炎症の治療（関節外の軟部組織）	PRP	価格確定	https://saiseiiryo.mhlw.go.jp/published_plan/download/01C2608022/5/0	C	IN_SCOPE
V41_01C2601039	01C2601039	V41FEC1B697009	東京都	一般社団法人 未来医療センター　SENSHIN CLINIC	港区南青山3-1-30　PASONA SQUARE　3階	第二種	自家多血小板血漿（Platelet Rich Plasma）を用いた変形性関節症および関節炎治療	PRP	価格確定	https://saiseiiryo.mhlw.go.jp/published_plan/download/01C2601039/5/0	A	IN_SCOPE
V41_01C2602055	01C2602055	V41FEC1B697009	東京都	一般社団法人 未来医療センター　SENSHIN CLINIC	港区南青山3-1-30　PASONA SQUARE　3階	第二種	自家培養脂肪由来幹細胞を用いた変形性関節症治療	脂肪由来幹細胞	価格確定	https://saiseiiryo.mhlw.go.jp/published_plan/download/01C2602055/5/0	D	IN_SCOPE
V41_01C2604033	01C2604033	V41F631E1B100F	東京都	一般社団法人 輝実会 青山レナセルクリニック	港区北青山2－7－28 青山NAビル3階	第二種	変形性関節症に対する自己脂肪由来幹細胞を用いた治療	脂肪由来幹細胞	価格確定	https://saiseiiryo.mhlw.go.jp/published_plan/download/01C2604033/5/0	B	IN_SCOPE
V41_01C2511006	01C2511006	V41F2AB00D8A4A	東京都	一般社団法人Garden　KAI CLINIC T OKYO	中央区八重洲1丁目3-18 VORT東京八重洲maxim3階	第三種	自家多血小板フィブリンを用いた軟骨移植外鼻形成術	その他MSK	対象外	https://saiseiiryo.mhlw.go.jp/published_plan/download/01C2511006/5/0	C	OUT_OF_SCOPE
V41_01C2506042	01C2506042	V41FC41012C2DB	東京都	一般社団法人MAY　武蔵野アトラスターズ整形外科スポーツクリニック	武蔵野市中町二丁目8番11号	第三種	自家多血小板血漿(PRP)を用いた筋・腱・靭帯等の軟部組織損傷治療	PRP	価格確定	https://saiseiiryo.mhlw.go.jp/published_plan/download/01C2506042/5/0	D	IN_SCOPE
V41_01C2411030	01C2411030	V41FD85257161B	東京都	一般社団法人N2 Cell Act  N2クリニック本院	中央区銀座6丁目6番5号  HULIC&New　GINZA NAMIKI6　11F	第二種	自己脂肪由来幹細胞を用いた変形性関節症の治療	脂肪由来幹細胞	価格確定	https://saiseiiryo.mhlw.go.jp/published_plan/download/01C2411030/5/0	A	IN_SCOPE
V41_02C2604009	02C2604009	V41F0F146FAFCB	東京都	一般社団法人N2 Cell Act N2クリニック本院	中央区銀座六丁目6番5号　HULIC& NewGINZANAMIKI6　11階	第二種	ヒト自己脂肪組織由来間葉系幹細胞の関節内投与による関節傷害の症状改善の治療	脂肪由来幹細胞	価格確定	https://saiseiiryo.mhlw.go.jp/published_plan/download/02C2604009/5/0	B	IN_SCOPE
V41_01C2307019	01C2307019	V41F8A1EAF8C78	東京都	一般社団法人Orthofemme ゆりクリニック	港区芝5-31-15センチュリー三田ビル 6F	第二種	自家脂肪組織由来の培養間葉系幹細胞を用いた関節疾患の治療	脂肪由来幹細胞	価格確定	https://saiseiiryo.mhlw.go.jp/published_plan/download/01C2307019/5/0	C	IN_SCOPE
V41_01C2605046	01C2605046	V41F10A97A4FCB	東京都	一般社団法人ReM medical ReM CLINIC Ginza	中央区銀座5丁目10番2号　GINZA MISS PARIS 2階	第二種	膝関節症に対する自己脂肪由来幹細胞による治療	脂肪由来幹細胞	価格確定	https://saiseiiryo.mhlw.go.jp/published_plan/download/01C2605046/5/0	A	IN_SCOPE
V41_01C2207036	01C2207036	V41F21F3E1E556	東京都	一般社団法人SOL　SOL整形外科世田谷スポーツクリニック	世田谷区中町４丁目１４-１１	第二種	多血小板血漿（Platelet-rich plasma：PRP）を用いた変形性関節症治療	PRP	価格確定	https://saiseiiryo.mhlw.go.jp/published_plan/download/01C2207036/5/0	B	IN_SCOPE
V41_01C2504026	01C2504026	V41FA1B35167B4	東京都	一般社団法人エンパシア　IIT CLINIC	新宿区西新宿6-6-2 新宿国際ビルディング1F	第二種	自家培養脂肪由来幹細胞を用いた変形性関節症の治療	脂肪由来幹細胞	価格非公開	https://iit-clinic.com/stem-cell-therapy/	C	IN_SCOPE
V41_01C2603035	01C2603035	V41F72BC51763F	東京都	一般社団法人再健会 シン・整形外科 代々木上原	渋谷区西原３丁目７−８	第二種	多血小板血漿（PRP）による変形性関節症・関節炎・滑膜炎および半月板損傷治療	PRP	価格確定	https://saiseiiryo.mhlw.go.jp/published_plan/download/01C2603035/5/0	D	IN_SCOPE
V41_01C2601051	01C2601051	V41F7A06560742	東京都	一般社団法人再生医療皮膚科研究会　Tokyo Beauty Master Clinic.	港区六本木7-8-8 ミクニ六本木ビル4階	第二種	変形性関節症に対するPRP（自家多血小板血漿）療法	PRP	価格確定	https://saiseiiryo.mhlw.go.jp/published_plan/download/01C2601051/5/0	A	IN_SCOPE
V41_02C2605056	02C2605056	V41F9252C99E29	東京都	一般社団法人創生会 GINZA NOA CLINIC	中央区銀座5-4-6 ロイヤルクリスタル銀座3階	第二種	変形性関節症に対する自己脂肪由来幹細胞を用いた治療	脂肪由来幹細胞	価格非公開	https://saiseiiryo.mhlw.go.jp/published_plan/download/02C2605056/5/0	B	IN_SCOPE
V41_02C2505033	02C2505033	V41F317F4EF430	東京都	一般社団法人厚生会　元麻布ヒルズメディカルクリニック	港区元麻布 1 丁目 3－3  元麻布ヒルズフォレストテラスウエスト B1	第二種	変形性関節症に対する自己脂肪由来幹細胞を用いた治療	脂肪由来幹細胞	価格非公開	https://motoazabuhills-clinic.jp/	C	IN_SCOPE
V41_01C2602050	01C2602050	V41F1D3991E09E	東京都	一般社団法人天美会Tenvi Clinic Ginza	中央区銀座四丁目2番2号　地下一階　第1弥生ビルディング	第二種	変形性関節症に対する多血小板血漿（ＰＲＰ）関節内投与療法	PRP	価格確定	https://saiseiiryo.mhlw.go.jp/published_plan/download/01C2602050/5/0	D	IN_SCOPE
V41_01C2602051	01C2602051	V41F1D3991E09E	東京都	一般社団法人天美会Tenvi Clinic Ginza	中央区銀座四丁目2番2号　地下一階　第1弥生ビルディング	第三種	多血小板血漿を用いた整形外科領域（関節腔内への投与を除く）の治療	PRP	価格非公開	https://tenviclinic.com/reservation/	A	IN_SCOPE
V41_03C2108001	03C2108001	V41F9943EA90F0	東京都	一般社団法人循整会　世田谷人工関節・脊椎クリニック	世田谷区南烏山6-36-6	第二種	多血小板血漿抽出液による関節症治療	APS/PRP	価格確定	https://saiseiiryo.mhlw.go.jp/published_plan/download/03C2108001/5/0	B	IN_SCOPE
V41_01C2602002	01C2602002	V41F5E1B68FCDC	東京都	一般社団法人志鴻会　Ginza Phoenix Clinic	中央区京橋2-4-12第一生命キノテラス3F	第二種	変形性関節症に対する自己脂肪由来間葉系幹細胞による治療	脂肪由来幹細胞	価格確定	https://saiseiiryo.mhlw.go.jp/published_plan/download/01C2602002/5/0	C	IN_SCOPE
V41_02C2512087	02C2512087	V41FC1A0AC8784	東京都	一般社団法人志鴻会　銀座鳳凰クリニック	千代田区外神田4-14-1　秋葉原UDXビル  北ウィング6階	第二種	自己脂肪由来間葉系幹細胞を用いた変形性関節症治療	脂肪由来幹細胞	価格確定	https://saiseiiryo.mhlw.go.jp/published_plan/download/02C2512087/5/0	D	IN_SCOPE
V41_02C2503061	02C2503061	V41F308BE151FB	東京都	一般社団法人日本オーラルヘルス協会  ミライズクリニック南青山	港区南青山6-10-18  Tri-Angle南青山1階	第二種	自家脂肪組織由来幹細胞（ASC）の投与による関節治療	脂肪由来幹細胞	価格確定	https://saiseiiryo.mhlw.go.jp/published_plan/download/02C2503061/5/0	A	IN_SCOPE
V41_02C2310060	02C2310060	V41F308BE151FB	東京都	一般社団法人日本オーラルヘルス協会ミライズクリニック南青山	港区南青山6-10-18　Tri-Angle南青山1階	第二種	自己脂肪由来幹細胞を用いた変形性関節症の治療	脂肪由来幹細胞	未確認	https://miriselongevity.com/	C	IN_SCOPE
V41_02C2310061	02C2310061	V41F308BE151FB	東京都	一般社団法人日本オーラルヘルス協会ミライズクリニック南青山	港区南青山6-10-18　Tri-Angle南青山1階	第二種	自家培養軟骨細胞（ACC）を用いた移植による低侵襲膝関節軟骨再生治療	その他MSK	価格確定	https://saiseiiryo.mhlw.go.jp/published_plan/download/02C2310061/5/0	B	IN_SCOPE
V41_01C2509025	01C2509025	V41F2243C4482C	東京都	一般社団法人智萊会  NU CLINIC	港区麻布台1-5-9-3階	第二種	自己脂肪由来幹細胞を用いた変形性関節症の治療	脂肪由来幹細胞	価格確定	https://saiseiiryo.mhlw.go.jp/published_plan/download/01C2509025/5/0	D	IN_SCOPE
V41_01C2506006	01C2506006	V41F8FCF7A332C	東京都	一般社団法人未来医療センター  SENSHIN CLINIC	港区南青山3丁目1番30号  PASONA SQUARE 3階	第二種	自己脂肪由来幹細胞を用いた変形性関節症の治療	脂肪由来幹細胞	価格確定	https://saiseiiryo.mhlw.go.jp/published_plan/download/01C2506006/5/0	A	IN_SCOPE
V41_01C2603033	01C2603033	V41FB0DF2C9539	東京都	一般社団法人東京LAB 高輪ゲートウェイ駅前整形外科クリニック	港区高輪2丁目22番1号 THE LINKPILLAR2 5階	第二種	多血小板血漿（Platelet-rich plasma：PRP）を用いた関節痛治療	PRP	価格確定	https://saiseiiryo.mhlw.go.jp/published_plan/download/01C2603033/5/0	B	IN_SCOPE
V41_02C2602047	02C2602047	V41F8BBC6D571C	東京都	一般社団法人東京リライフ　東京リライフクリニック	中央区銀座７丁目８番6号  TORAYA・Ginza・Building6～8階	第二種	自己脂肪由来幹細胞を用いた変形性関節症に対する治療	脂肪由来幹細胞	価格確定	https://saiseiiryo.mhlw.go.jp/published_plan/download/02C2602047/5/0	D	IN_SCOPE
V41_03C2603001	03C2603001	V41F8BBC6D571C	東京都	一般社団法人東京リライフ　東京リライフクリニック	中央区銀座７丁目８番6号  TORAYA・Ginza・Building6～8階	第二種	変形性関節症および関節腔の傷害を対象とした多血小板血漿Platelet Rich Plasma（PRP）注入療法	PRP	価格確定	https://saiseiiryo.mhlw.go.jp/published_plan/download/03C2603001/5/0	C	IN_SCOPE
V41_01C2510019	01C2510019	V41F18D7FF7424	東京都	一般社団法人桃郷会 ライフケアクリニック東京銀座	中央区八重洲2-11-3 Line View 京橋2F	第二種	自家脂肪組織由来幹細胞（ASC）の投与による関節治療	脂肪由来幹細胞	価格確定	https://saiseiiryo.mhlw.go.jp/published_plan/download/01C2510019/5/0	A	IN_SCOPE
V41_01C2503018	01C2503018	V41FAF20FC19FC	東京都	一般社団法人雲動会   あおぞらクリニック整形外科	板橋区板橋2丁目67-5　アクロスキューブ板橋3F	第二種	変形性関節症を対象とした自家多血小板血漿（PRP）注入療法	PRP	価格確定	https://saiseiiryo.mhlw.go.jp/published_plan/download/01C2503018/5/0	B	IN_SCOPE
V41_01C2508095	01C2508095	V41FAF20FC19FC	東京都	一般社団法人雲動会 あおぞらクリニック整形外科	板橋区板橋2丁目67-5アクロスキューブ板橋3F	第二種	変形性関節症に対する自家培養脂肪由来幹細胞を用いた治療	脂肪由来幹細胞	価格確定	https://saiseiiryo.mhlw.go.jp/published_plan/download/01C2508095/5/0	C	IN_SCOPE
V41_01C2601047	01C2601047	V41FECBB99D876	東京都	一般社団法人ＲＫミライ　Rejoint Clinic Dr.K	港区新橋3丁目1番9号 301新橋 BUILDING 7階	第二種	自己脂肪由来間葉系幹細胞を用いた変形性関節症治療	脂肪由来幹細胞	価格確定	https://saiseiiryo.mhlw.go.jp/published_plan/download/01C2601047/5/0	D	IN_SCOPE
V41_01C2308049	01C2308049	V41FA2027FBB72	東京都	三宿通り整形外科クリニック	世田谷区池尻1-7-5　三井ビル1階	第二種	自家多血小板血漿（Platelet-rich plasma：PRP）を用いた慢性関節炎の治療（関節内組織）	PRP	価格確定	https://saiseiiryo.mhlw.go.jp/published_plan/download/01C2308049/5/0	D	IN_SCOPE
V41_01C2303029	01C2303029	V41FE3D1DFC6F8	東京都	世田谷かくた整形外科　成城学園前院	世田谷区成城２－４０－９　成城サウスサイド１階	第三種	多血小板血漿を用いた整形外科領域（関節腔内への投与を除く）の治療	PRP	価格確定	https://saiseiiryo.mhlw.go.jp/published_plan/download/01C2303029/5/0	A	IN_SCOPE
V41_01C2504058	01C2504058	V41F17C1ADD7F5	東京都	予防からはじめる整形外科 T CLINIC Ichigaya	新宿区市谷仲之町3-45	第三種	自家多血小板血漿（Platelet-Rich Plasma：PRP）を用いた筋肉、腱、靭帯、筋膜の損傷及び慢性炎症の治療（関節外の軟部組織）	PRP	価格確定	https://saiseiiryo.mhlw.go.jp/published_plan/download/01C2504058/5/0	B	IN_SCOPE
V41_01C1905038	01C1905038	V41F98B318365D	東京都	元浅草いけだクリニック	台東区元浅草４丁目７−２２	第二種	多血小板血漿（Platelet-rich plasma：PRP）を用いた関節内疾患に対する治療	PRP	価格確定	https://saiseiiryo.mhlw.go.jp/published_plan/download/01C1905038/5/0	C	IN_SCOPE
V41_01C2301064	01C2301064	V41FBB04AF06A1	東京都	公益財団法人日産厚生会玉川病院	世田谷区瀬田四丁目８番１号	第二種	自己多血小板血漿(PRP)の投与による変形性関節症の治療	PRP	価格確定	https://saiseiiryo.mhlw.go.jp/published_plan/download/01C2301064/5/0	D	IN_SCOPE
V41_01C2509046	01C2509046	V41F94BD4F42C4	東京都	医療法人 全医会 東京腰痛クリニック	中央区銀座5-1-15 第一御幸ビル2階	第二種	自家脂肪組織由来の培養間葉系間質細胞を用いた椎間関節症の治療	脂肪由来幹細胞	価格確定	https://saiseiiryo.mhlw.go.jp/published_plan/download/01C2509046/5/0	B	IN_SCOPE
V41_01C2601038	01C2601038	V41F94BD4F42C4	東京都	医療法人 全医会 東京腰痛クリニック	中央区銀座5-1-15 第一御幸ビル2階	第二種	自家脂肪組織由来の培養間葉系間質細胞を用いた関節疾患の治療	脂肪由来幹細胞	価格確定	https://saiseiiryo.mhlw.go.jp/published_plan/download/01C2601038/5/0	C	IN_SCOPE
V41_02C1907031	02C1907031	V41F2FE614CEBB	東京都	医療法人　保仁会　神谷整形外科・眼科	世田谷区弦巻1-35-20	第二種	多血小板血漿（Platelet-rich plasma：PRP）を用いた整形外科疾患に対する組織修復	PRP	価格確定	https://saiseiiryo.mhlw.go.jp/published_plan/download/02C1907031/5/0	A	IN_SCOPE
V41_02C2602025	02C2602025	V41F8D0040C130	東京都	医療法人　輝鳳会　池袋クリニック	豊島区南池袋1－25－11　第15野萩ビル７階	第二種	変形性関節症に対する自己脂肪由来幹細胞を用いた治療	脂肪由来幹細胞	価格確定	https://saiseiiryo.mhlw.go.jp/published_plan/download/02C2602025/5/0	D	IN_SCOPE
V41_01C2303024	01C2303024	V41F856D6F4484	東京都	医療法人ひまわり会 TOKYOひまわりクリニック	中央区銀座７丁目８番８号 isgBUILDING8F	第二種	自己脂肪由来幹細胞を用いた変形性関節症の治療Ver.2	脂肪由来幹細胞	価格確定	https://saiseiiryo.mhlw.go.jp/published_plan/download/01C2303024/5/0	A	IN_SCOPE
V41_01C2309066	01C2309066	V41FAA80BB14F0	東京都	医療法人アレックス AR-Ex尾山台整形外科	世田谷区等々力4丁目13−1	第二種	自家脂肪組織由来の培養間葉系幹細胞を用いた関節疾患の治療	脂肪由来幹細胞	価格確定	https://saiseiiryo.mhlw.go.jp/published_plan/download/01C2309066/5/0	B	IN_SCOPE
V41_01C2404039	01C2404039	V41F043C53111E	東京都	医療法人ネオポリス診療所 新宿皮フ科	新宿区新宿3-24-1 NEWNO・GS新宿10F	第二種	自家脂肪由来間葉系幹細胞を用いた腰痛の治療	脂肪由来幹細胞	価格確定	https://saiseiiryo.mhlw.go.jp/published_plan/download/01C2404039/5/0	A	IN_SCOPE
V41_01C2404043	01C2404043	V41F043C53111E	東京都	医療法人ネオポリス診療所 新宿皮フ科	新宿区新宿3-24-1 NEWNO・GS新宿10F	第二種	自家脂肪由来間葉系幹細胞を用いた肩(回旋筋)腱板損傷の治療	脂肪由来幹細胞	価格確定	https://saiseiiryo.mhlw.go.jp/published_plan/download/01C2404043/5/0	D	IN_SCOPE
V41_02C2311013	02C2311013	V41F043C53111E	東京都	医療法人ネオポリス診療所　新宿皮フ科	新宿区新宿3-24-1 NEWNO・GS新宿10F	第二種	自家脂肪由来間葉系幹細胞を用いた変形性膝関節症の治療	脂肪由来幹細胞	未確認	https://ginzaclinic-stemcell.com/	C	IN_SCOPE
V41_02C2505006	02C2505006	V41FBD5BD4E549	東京都	医療法人ネオポリス診療所銀座クリニック	中央区銀座１丁目13番１号ヒューリック銀座一丁目ビル４階５階	第二種	自家脂肪由来間葉系幹細胞を用いた変形性膝関節症の治療	脂肪由来幹細胞	価格確定	https://saiseiiryo.mhlw.go.jp/published_plan/download/02C2505006/5/0	B	IN_SCOPE
V41_02C2505009	02C2505009	V41FBD5BD4E549	東京都	医療法人ネオポリス診療所銀座クリニック	中央区銀座１丁目13番１号ヒューリック銀座一丁目ビル４階５階	第二種	自家脂肪由来間葉系幹細胞を用いた腰痛の治療	脂肪由来幹細胞	価格確定	https://saiseiiryo.mhlw.go.jp/published_plan/download/02C2505009/5/0	D	IN_SCOPE
V41_02C2505010	02C2505010	V41FBD5BD4E549	東京都	医療法人ネオポリス診療所銀座クリニック	中央区銀座１丁目13番１号ヒューリック銀座一丁目ビル４階５階	第二種	自家脂肪由来間葉系幹細胞を用いた肩(回旋筋)腱板損傷の治療	脂肪由来幹細胞	価格確定	https://saiseiiryo.mhlw.go.jp/published_plan/download/02C2505010/5/0	C	IN_SCOPE
V41_02C2409026	02C2409026	V41F789D7FA4CC	東京都	医療法人京華会  CLINICA BellaForma	港区赤坂2丁目3-5  赤坂スターゲートプラザ16階	第二種	多血小板血漿を用いた変形性関節症の治療	PRP	価格確定	https://saiseiiryo.mhlw.go.jp/published_plan/download/02C2409026/5/0	A	IN_SCOPE
V41_01C2604016	01C2604016	V41F789D7FA4CC	東京都	医療法人京華会　CLINICA BellaForma	港区赤坂2丁目3-5　赤坂スターゲートプラザ16階	第二種	凍結保存された自己脂肪由来幹細胞を用いた変形性膝関節症の治療	脂肪由来幹細胞	価格確定	https://saiseiiryo.mhlw.go.jp/published_plan/download/01C2604016/5/0	B	IN_SCOPE
V41_02C2409025	02C2409025	V41F789D7FA4CC	東京都	医療法人京華会　CLINICA BellaForma	港区赤坂2丁目3-5  赤坂スターゲートプラザ16階	第二種	自己脂肪由来幹細胞を用いた変形性関節症の治療	脂肪由来幹細胞	価格確定	https://saiseiiryo.mhlw.go.jp/published_plan/download/02C2409025/5/0	D	IN_SCOPE
V41_02C2607072	02C2607072	V41F789D7FA4CC	東京都	医療法人京華会　CLINICA BellaForma	港区赤坂2丁目3-5　赤坂スターゲートプラザ16階	第二種	自己脂肪由来幹細胞を用いた変形性膝関節症の治療	脂肪由来幹細胞	価格確定	https://saiseiiryo.mhlw.go.jp/published_plan/download/02C2607072/5/0	C	IN_SCOPE
V41_03C2606023	03C2606023	V41F8B6475CCDD	東京都	医療法人優美会 クリニック 渋谷	渋谷区渋谷1-23-18渋谷ワールドイーストビル10階	第二種	自己脂肪由来間葉系幹細胞を用いた靭帯・腱損傷治療	脂肪由来幹細胞	価格確定	https://saiseiiryo.mhlw.go.jp/published_plan/download/03C2606023/5/0	B	IN_SCOPE
V41_02C2604018	02C2604018	V41F14A0FF4227	東京都	医療法人優美会　クリニック 渋谷	渋谷区渋谷一丁目23番18   渋谷ワールドイーストビル 10階	第二種	自己脂肪由来幹細胞を用いた変形性関節症の治療	脂肪由来幹細胞	価格確定	https://saiseiiryo.mhlw.go.jp/published_plan/download/02C2604018/5/0	A	IN_SCOPE
V41_01C2507016	01C2507016	V41F8EA8952CF4	東京都	医療法人元気会わかさクリニック  WA CLINIC GINZA	中央区銀座五丁目6-12	第二種	自家脂肪由来間葉系幹細胞を用いた変形性関節症治療	脂肪由来幹細胞	価格確定	https://saiseiiryo.mhlw.go.jp/published_plan/download/01C2507016/5/0	C	IN_SCOPE
V41_02C2506078	02C2506078	V41F7CE93E5920	東京都	医療法人慶春会　脳梗塞・脊髄損傷クリニック銀座院	東京都中央区銀座7-8-13　BrownPlace5F	第二種	自家多血小板血漿（Platelet-rich plasma：PRP）を用いた慢性関節炎の治療（関節内組織）	PRP	価格非公開	https://stroke-sci.com/about/medical_expenses/	D	IN_SCOPE
V41_01C2401005	01C2401005	V41F87621496C0	東京都	医療法人社団 Health and Human Performance  MTXスポーツ・関節クリニック	千代田区麹町6-4-16 ESCALIER麹町2階	第三種	自家多血小板血漿(PRP)の投与によるスポーツ外傷を含む筋、腱、靱帯損傷治療	PRP	価格確定	https://saiseiiryo.mhlw.go.jp/published_plan/download/01C2401005/5/0	A	IN_SCOPE
V41_02C2508027	02C2508027	V41FB72A072BA6	東京都	医療法人社団 ICVS Tokyo Clinic V2	千代田区紀尾井町4番１号  新紀尾井町ビル2Ｆ	第二種	慢性筋骨格系疼痛緩和を目的とした自己骨髄由来間葉系幹細胞治療（動脈投与）	その他MSK	価格確定	https://saiseiiryo.mhlw.go.jp/published_plan/download/02C2508027/5/0	D	IN_SCOPE
V41_02C2508046	02C2508046	V41FB72A072BA6	東京都	医療法人社団 ICVS Tokyo Clinic V2	千代田区紀尾井町4番１号  新紀尾井町ビル2Ｆ	第二種	慢性筋骨格系疼痛緩和を目的とした自己骨髄由来間葉系幹細胞治療（局所投与）	その他MSK	価格確定	https://saiseiiryo.mhlw.go.jp/published_plan/download/02C2508046/5/0	A	IN_SCOPE
V41_02C2605032	02C2605032	V41FB72A072BA6	東京都	医療法人社団 ICVS Tokyo Clinic V2	千代田区紀尾井町4番１号　  新紀尾井町ビル2Ｆ	第二種	慢性筋骨格系疼痛の緩和を目的とした自己脂肪由来間葉系幹細胞治療（局所投与）	脂肪由来幹細胞	価格確定	https://saiseiiryo.mhlw.go.jp/published_plan/download/02C2605032/5/0	C	IN_SCOPE
V41_02C2605078	02C2605078	V41FB72A072BA6	東京都	医療法人社団 ICVS Tokyo Clinic V2	千代田区紀尾井町4番１号　  新紀尾井町ビル2Ｆ	第二種	慢性筋骨格系疼痛の緩和を目的とした自己脂肪由来間葉系幹細胞治療（動脈投与）	脂肪由来幹細胞	価格確定	https://saiseiiryo.mhlw.go.jp/published_plan/download/02C2605078/5/0	B	IN_SCOPE
V41_02C1909168	02C1909168	V41F5149DED673	東京都	医療法人社団 三二会 番町診療所 表参道	渋谷区神宮前４丁目１１−６ 表参道千代田ビル地下1階	第二種	自己脂肪由来間葉系幹細胞を用いた整形外科疾患に対する組織修復	脂肪由来幹細胞	未確認	https://saiseiiryo.mhlw.go.jp/published_plan/download/02C1909168/5/0	C	IN_SCOPE
V41_02C2511027	02C2511027	V41F3DF04CF709	東京都	医療法人社団 医生会　わせだ整形外科	狛江市東野川2-20-5-102	第二種	自家多血小板血漿（Platelet-rich plasma：PRP）を用いた慢性関節炎の治療（関節内組織）	PRP	価格確定	https://saiseiiryo.mhlw.go.jp/published_plan/download/02C2511027/5/0	A	IN_SCOPE
V41_01C2110051	01C2110051	V41F995E5C69FE	東京都	医療法人社団 千美会  ガーデンクリニック  ザ・ホワイトデンタルクリニック品川院	港区高輪4-24-58  サマセット品川東京2F	第二種	自己脂肪由来幹細胞を用いた変形性関節症の治療	脂肪由来幹細胞	価格確定	https://saiseiiryo.mhlw.go.jp/published_plan/download/01C2110051/5/0	B	IN_SCOPE
V41_01C1911022	01C1911022	V41F69C8A3BE58	東京都	医療法人社団 大山整形外科診療所	八王子市大和田町３丁目８番７号	第二種	多血小板血漿（Platelet-rich plasma：PRP）を用いた変形性関節症治療	PRP	価格確定	https://saiseiiryo.mhlw.go.jp/published_plan/download/01C1911022/5/0	C	IN_SCOPE
V41_01C2310059	01C2310059	V41FA506B161BF	東京都	医療法人社団 山手クリニック	世田谷区代沢2-28-11	第二種	多血小板血漿（PRP）を用いた慢性関節炎の治療（関節内組織）	PRP	価格確定	https://saiseiiryo.mhlw.go.jp/published_plan/download/01C2310059/5/0	D	IN_SCOPE
V41_02C2608034	02C2608034	V41FA31807090A	東京都	医療法人社団 熊谷整形外科	墨田区業平2-14-9	第二種	ヒト自己脂肪組織由来間葉系幹細胞の関節内投与による関節傷害の症状改善の治療	脂肪由来幹細胞	価格確定	https://saiseiiryo.mhlw.go.jp/published_plan/download/02C2608034/5/0	D	IN_SCOPE
V41_02C2608035	02C2608035	V41FA31807090A	東京都	医療法人社団 熊谷整形外科	墨田区業平2-14-9	第二種	ヒト自己脂肪組織由来間葉系幹細胞を用いた慢性疼痛緩和治療	脂肪由来幹細胞	価格確定	https://saiseiiryo.mhlw.go.jp/published_plan/download/02C2608035/5/0	A	IN_SCOPE
V41_02C2607062	02C2607062	V41FAE89FF90E2	東京都	医療法人社団 珠光会 HASUMI免疫クリニック	千代田区紀尾井町４-１ ニューオータニガーデンコート１F	第二種	慢性筋骨格系疼痛緩和を目的とした自己骨髄由来間葉系幹細胞治療（局所投与）	その他MSK	価格確定	https://saiseiiryo.mhlw.go.jp/published_plan/download/02C2607062/5/0	D	IN_SCOPE
V41_02C2607063	02C2607063	V41FAE89FF90E2	東京都	医療法人社団 珠光会 HASUMI免疫クリニック	千代田区紀尾井町４-１ ニューオータニガーデンコート１F	第二種	慢性筋骨格系疼痛緩和を目的とした自己骨髄由来間葉系幹細胞治療（動脈投与）	その他MSK	価格確定	https://saiseiiryo.mhlw.go.jp/published_plan/download/02C2607063/5/0	C	IN_SCOPE
V41_02C1905014	02C1905014	V41F7EBA676DC3	東京都	医療法人社団 盛心会 タカラクリニック	品川区東五反田2-3-2 タイセイビル9F	第二種	自己脂肪由来間葉系幹細胞を用いた変形性関節症治療	脂肪由来幹細胞	価格確定	https://saiseiiryo.mhlw.go.jp/published_plan/download/02C1905014/5/0	B	IN_SCOPE
V41_02C1909204	02C1909204	V41FA963D19FE0	東京都	医療法人社団 秀慈会 リバーシティすずき整形外科	中央区佃1-11-8   ピアウエストスクエア2階264号	第二種	多血小板血漿（Platelet-rich plasma：PRP）を用いた整形外科疾患に対する組織修復	PRP	価格確定	https://saiseiiryo.mhlw.go.jp/published_plan/download/02C1909204/5/0	C	IN_SCOPE
V41_02C2001038	02C2001038	V41FA963D19FE0	東京都	医療法人社団 秀慈会 リバーシティすずき整形外科	中央区佃1-11-8   ピアウエストスクエア2階264号	第三種	自己多血小板血漿(PRP)を用いた筋・腱・靱帯損傷部の治癒促進をはかる整形外科治療	PRP	価格確定	https://saiseiiryo.mhlw.go.jp/published_plan/download/02C2001038/5/0	D	IN_SCOPE
V41_01C2411071	01C2411071	V41F78006E7C02	東京都	医療法人社団 苑田会 苑田会人工関節センター病院	足立区保木間1-21-10	第二種	多血小板血漿（Platelet-rich plasma：PRP）を用いた関節痛治療	PRP	価格確定	https://saiseiiryo.mhlw.go.jp/published_plan/download/01C2411071/5/0	D	IN_SCOPE
V41_01C2510078	01C2510078	V41F78006E7C02	東京都	医療法人社団 苑田会 苑田会人工関節センター病院	足立区保木間1-21-10	第二種	変形性関節症に対する自己脂肪由来幹細胞を用いた治療	脂肪由来幹細胞	価格確定	https://sonodakai.jp/sjrc/	C	IN_SCOPE
V41_02C2511038	02C2511038	V41FF9D88AAF14	東京都	医療法人社団 ＴＳＯＣ 東京スポーツ＆整形外科クリニック北参道	渋谷区千駄ヶ谷2丁目１番11号　  TSOC北参道ビル2階	第三種	自己多血小板血漿（Platelet-rich plasma : PRP)を用いた整形外科領域における軟部組織治療	PRP	価格確定	https://saiseiiryo.mhlw.go.jp/published_plan/download/02C2511038/5/0	B	IN_SCOPE
V41_01C2601015	01C2601015	V41FF0195689E8	東京都	医療法人社団EXTUM MEDI-UM CLINIC	江東区高橋1-2メディカルスクエア清澄白河2・3階	第二種	自家脂肪組織由来幹細胞（ASC）の局所投与による関節治療	脂肪由来幹細胞	価格確定	https://saiseiiryo.mhlw.go.jp/published_plan/download/01C2601015/5/0	B	IN_SCOPE
V41_01C2510034	01C2510034	V41FF0195689E8	東京都	医療法人社団EXTUM　MEDI-UM CLINIC	江東区高橋1-2メディカルスクエア清澄白河2・3階	第二種	自家脂肪組織由来幹細胞（ASC）の静脈内投与による慢性筋骨格性疼痛治療	脂肪由来幹細胞	価格確定	https://saiseiiryo.mhlw.go.jp/published_plan/download/01C2510034/5/0	C	IN_SCOPE
V41_01C2509059	01C2509059	V41F193E957977	東京都	医療法人社団GRACE　チームメディカルクリニック	港区西新橋1丁目5-14 内幸町1ビル 1階・2階	第二種	自己脂肪組織由来間葉系幹細胞を用いた変形性関節症治療	脂肪由来幹細胞	価格確定	https://saiseiiryo.mhlw.go.jp/published_plan/download/01C2509059/5/0	A	IN_SCOPE
V41_01C2509060	01C2509060	V41F193E957977	東京都	医療法人社団GRACE　チームメディカルクリニック	港区西新橋1丁目5-14 内幸町1ビル 1階・2階	第二種	整形外科領域における外傷性疾患又は変性疾患による慢性疼痛緩和を目的とした自己脂肪組織由来間葉系幹細胞の静脈点滴治療	脂肪由来幹細胞	価格確定	https://saiseiiryo.mhlw.go.jp/published_plan/download/01C2509060/5/0	D	IN_SCOPE
V41_02C2604055	02C2604055	V41F1418F41A29	東京都	医療法人社団HELENE ヘレネAOビルクリニック	港区北青山3-11-7 AOビル8F	第二種	変形性関節症の治療を対象とした自己脂肪由来間葉系幹細胞の関節内投与	脂肪由来幹細胞	価格確定	https://saiseiiryo.mhlw.go.jp/published_plan/download/02C2604055/5/0	B	IN_SCOPE
V41_02C2601051	02C2601051	V41F2971E2EBD2	東京都	医療法人社団HELENE 表参道ヘレネクリニック	東京都港区南青山5-9-15 青山OHMOTOビル3F	第二種	変形性関節症に対する自己血PRPの関節内投与療法	PRP	価格確定	https://heleneclinic.com/	D	IN_SCOPE
V41_02C2608014	02C2608014	V41FF30312617D	東京都	医療法人社団HELENE 表参道ヘレネクリニック	港区南青山5-9-15 青山OHMOTOビル3F	第二種	変形性関節症に対する自家間葉系幹細胞移植による治療	その他MSK	価格確定	https://saiseiiryo.mhlw.go.jp/published_plan/download/02C2608014/5/0	C	IN_SCOPE
V41_02C2506086	02C2506086	V41F17484DC709	東京都	医療法人社団ICVS 東京クリニック	千代田区紀尾井町4-1 新紀尾井町ビル4Ｆ	第二種	慢性筋骨格系疼痛緩和を目的とした自己骨髄由来間葉系幹細胞治療（動脈投与）	その他MSK	価格確定	https://saiseiiryo.mhlw.go.jp/published_plan/download/02C2506086/5/0	C	IN_SCOPE
V41_02C2508047	02C2508047	V41F17484DC709	東京都	医療法人社団ICVS 東京クリニック	千代田区紀尾井町4-1 新紀尾井町ビル4Ｆ	第二種	慢性筋骨格系疼痛の緩和を目的とした自己骨髄由来間葉系幹細胞治療（局所投与）	その他MSK	価格確定	https://saiseiiryo.mhlw.go.jp/published_plan/download/02C2508047/5/0	B	IN_SCOPE
V41_02C2605064	02C2605064	V41F17484DC709	東京都	医療法人社団ICVS 東京クリニック	千代田区紀尾井町4-1 新紀尾井町ビル4Ｆ	第二種	慢性筋骨格系疼痛の緩和を目的とした自己脂肪由来間葉系幹細胞治療（動脈投与）	脂肪由来幹細胞	価格確定	https://saiseiiryo.mhlw.go.jp/published_plan/download/02C2605064/5/0	A	IN_SCOPE
V41_01C2503012	01C2503012	V41FF26088B8D0	東京都	医療法人社団IHOC   稲城平尾整形外科クリニック	稲城市平尾4丁目24-1  メディカルヴィレッジ	第三種	自家多血小板血漿（Platelet-Rich Plasma：PRP）を用いた筋肉、腱、靭帯、筋膜の損傷及び慢性炎症の治療（関節外の軟部組織）	PRP	価格確定	https://saiseiiryo.mhlw.go.jp/published_plan/download/01C2503012/5/0	D	IN_SCOPE
V41_01C2307055	01C2307055	V41FB1A4F951CC	東京都	医療法人社団OSSO FORTE  東十条整形外科	北区王子5丁目1番40号2階13号室	第二種	変形性関節症および関節腔の傷害を対象とした自家多血小板血漿（PRP）注入療法	PRP	価格確定	https://www.higa10seikei.jp/osteoarthritis.html	A	IN_SCOPE
V41_01C2509014	01C2509014	V41FCD088BD14F	東京都	医療法人社団T.O.P.ドクターズ  東京国際クリニック	千代田区丸の内一丁目11番1号  パシフィックセンチュリープレイス丸の内9階	第二種	自己脂肪組織由来幹細胞（ASCs）を用いた変形性関節症の治療	脂肪由来幹細胞	価格確定	https://saiseiiryo.mhlw.go.jp/published_plan/download/01C2509014/5/0	B	IN_SCOPE
V41_02C2511037	02C2511037	V41FE6BDB25BA3	東京都	医療法人社団TSOC 東京スポーツ&整形外科クリニック	豊島区上池袋4 丁目29-9 ＫITAIKE TERRACE（北池テラス）  2 階・地下1 階	第三種	多血小板血漿（Platelet-rich plasma : PRP)を用いた整形外科領域における軟部組織治療	PRP	価格確定	https://saiseiiryo.mhlw.go.jp/published_plan/download/02C2511037/5/0	C	IN_SCOPE
V41_01C2510080	01C2510080	V41F2DF62C2010	東京都	医療法人社団TaaK  Akira International Clinic	港区西麻布3-17-22 モダンフォルム1階	第二種	自家脂肪組織由来幹細胞（ASC）の静脈内投与による慢性筋骨格系疼痛治療	脂肪由来幹細胞	価格確定	https://saiseiiryo.mhlw.go.jp/published_plan/download/01C2510080/5/0	D	IN_SCOPE
V41_01C2511030	01C2511030	V41F0F3813F0A1	東京都	医療法人社団VITA　池尻大橋せらクリニック	目黒区大橋2-22-42 No.R池尻大橋4F	第三種	自家多血小板血漿(Platelet-rich plasma:PRP)を用いた筋肉、腱、靭帯、筋膜の損傷及び慢性炎症の治療（関節腔外に限る）	PRP	価格確定	https://saiseiiryo.mhlw.go.jp/published_plan/download/01C2511030/5/0	A	IN_SCOPE
V41_02C2203026	02C2203026	V41FE3F006AF6C	東京都	医療法人社団　三友会　高円寺整形外科	東京都杉並区高円寺北2-11-5　インフィニティービル	第二種	自家脂肪組織由来の培養間葉系幹細胞を用いた変形性膝関節症の治療	脂肪由来幹細胞	価格確定	https://saiseiiryo.mhlw.go.jp/published_plan/download/02C2203026/5/0	D	IN_SCOPE
V41_02C2606078	02C2606078	V41FA20D012DAD	東京都	医療法人社団　桜伸会　さくらクリニック	渋谷区渋谷1-16-9　渋谷ＫＩビル3階	第二種	慢性疼痛緩和を目的とした自家培養脂肪由来間葉系幹細胞の関節内投与による治療	脂肪由来幹細胞	価格確定	https://stemcell-sakura.com/cost/	A	IN_SCOPE
V41_01C2601014	01C2601014	V41F822E7226E2	東京都	医療法人社団　正貴会　いくこ皮フ科クリニック	練馬区上石神井１丁目１４−４ エソール2F B	第二種	多血小板血漿（PRP）を用いた変形性関節症に対する疼痛緩和	PRP	価格確定	https://saiseiiryo.mhlw.go.jp/published_plan/download/01C2601014/5/0	B	IN_SCOPE
V41_01C2212040	01C2212040	V41F4F46038078	東京都	医療法人社団　済真会　永山整形外科	多摩市乞田1426-4階	第二種	変形性関節症および関節腔の傷害を対象とした自家多血小板血漿（PRP）注入療法	PRP	未確認	http://www.nagayama-seikei.com/	C	IN_SCOPE
V41_03C2606021	03C2606021	V41F01B1F25F86	東京都	医療法人社団　熊谷整形外科	墨田区業平2丁目14－9　平ビル業平1階	第二種	自己脂肪由来間葉系幹細胞を用いた慢性疼痛に対する治療	脂肪由来幹細胞	価格確定	https://saiseiiryo.mhlw.go.jp/published_plan/download/03C2606021/5/0	B	IN_SCOPE
V41_02C2001010	02C2001010	V41F3C41FB2397	東京都	医療法人社団　白鳳会　大角医院	練馬区上石神井４－３－２３	第三種	自己多血小板血漿(PRP)を用いた整形外科領域における軟部組織治療	PRP	価格確定	https://saiseiiryo.mhlw.go.jp/published_plan/download/02C2001010/5/0	A	IN_SCOPE
V41_02C1912017	02C1912017	V41FFE15421C47	東京都	医療法人社団　育楽会　あやせ駅前整形外科・内科	足立区綾瀬1-32-13 ハイネスアヤセ1階 A・B	第二種	多血小板血漿（Platelet-rich plasma：PRP）を用いた整形外科疾患に対する組織修復	PRP	未確認	https://www.ayase-ekimae.com/	A	IN_SCOPE
V41_02C1905098	02C1905098	V41F78006E7C02	東京都	医療法人社団　苑田会  苑田会人工関節センター病院	足立区保木間1‐21‐10	第三種	多血小板血漿（Platelet-rich　plasma：PRP）を用いた組織修復	PRP	価格確定	https://saiseiiryo.mhlw.go.jp/published_plan/download/02C1905098/5/0	B	IN_SCOPE
V41_01C1907048	01C1907048	V41F2B45736B34	東京都	医療法人社団　顕伊会　さい整形外科クリニック	葛飾区堀切3丁目35-10　ｙビル101	第二種	多血小板血漿（Platelet-rich plasma：PRP）を用いた整形外科疾患に対する治療	PRP	価格確定	https://saiseiiryo.mhlw.go.jp/published_plan/download/01C1907048/5/0	A	IN_SCOPE
V41_02C2606060	02C2606060	V41FD8A56C8A3E	東京都	医療法人社団ことのは　両国きたむら整形外科	墨田区両国3-19-5　シュタム両国ビル2階	第三種	自己多血小板血漿(PRP)を用いた筋・腱・靭帯等、損傷した運動器組織再生治療	PRP	価格確定	https://saiseiiryo.mhlw.go.jp/published_plan/download/02C2606060/5/0	B	IN_SCOPE
V41_02C1912131	02C1912131	V41FE465108A80	東京都	医療法人社団しぜん会　まつだ整形外科・リウマチ科	練馬区中村北1-10-12メディカルポート2階	第三種	自己多血小板血漿(PRP)を用いた筋・腱・靭帯等の軟部組織治療	PRP	価格確定	https://saiseiiryo.mhlw.go.jp/published_plan/download/02C1912131/5/0	C	IN_SCOPE
V41_03C2605008	03C2605008	V41F31AFAFD7E1	東京都	医療法人社団ウェルエイジング　Dクリニック東京	千代田区丸の内1-11-1  パシフィックセンチュリープレイス丸の内10F	第二種	慢性関節炎に対する自己脂肪由来幹細胞を用いた治療	脂肪由来幹細胞	価格確定	https://saiseiiryo.mhlw.go.jp/published_plan/download/03C2605008/5/0	D	IN_SCOPE
V41_02C2307023	02C2307023	V41F0E680EF525	東京都	医療法人社団スポーツメディカル  八王子スポーツ整形外科	八王子市中町5-1 八王子中町ビル3・4・6階	第三種	多血小板血漿(PRP)の投与によるスポーツ外傷を含む筋、腱、靱帯損傷治療	PRP	価格確定	https://saiseiiryo.mhlw.go.jp/published_plan/download/02C2307023/5/0	A	IN_SCOPE
V41_02C2601092	02C2601092	V41F0E680EF525	東京都	医療法人社団スポーツメディカル  八王子スポーツ整形外科	八王子市中町5-1  八王子中町ビル3・4・6階	第二種	多血小板血漿（PRP）の投与による変形性関節症治療	PRP	価格確定	https://saiseiiryo.mhlw.go.jp/published_plan/download/02C2601092/5/0	B	IN_SCOPE
V41_02C2502063	02C2502063	V41FC87B12A6E8	東京都	医療法人社団ナチュラルハーモニー  ナチュラルハーモニークリニック表参道	渋谷区神宮前6－25－14 神宮前メディアスクエアビル5 階	第二種	膝変形性関節症に対する自己脂肪由来幹細胞を用いた治療	脂肪由来幹細胞	価格確定	https://saiseiiryo.mhlw.go.jp/published_plan/download/02C2502063/5/0	C	IN_SCOPE
V41_02C2601056	02C2601056	V41FC87B12A6E8	東京都	医療法人社団ナチュラルハーモニー  ナチュラルハーモニークリニック表参道	渋谷区神宮前6-25-14　神宮前メディアスクエアビル5階	第二種	自己脂肪由来間葉系幹細胞を用いた関節周囲炎、変形性関節症治療	脂肪由来幹細胞	価格確定	https://saiseiiryo.mhlw.go.jp/published_plan/download/02C2601056/5/0	D	IN_SCOPE
V41_03C2604054	03C2604054	V41F8A04184521	東京都	医療法人社団ルネ ルネクリニック東京院	千代田区大手町一丁目1番3号大手センタービル14階	第二種	変形性関節症に対する自己脂肪由来幹細胞を用いた治療	脂肪由来幹細胞	価格確定	https://saiseiiryo.mhlw.go.jp/published_plan/download/03C2604054/5/0	A	IN_SCOPE
V41_03C2604056	03C2604056	V41F8A04184521	東京都	医療法人社団ルネ ルネクリニック東京院	千代田区大手町一丁目1番3号大手センタービル14階	第二種	自己脂肪由来間葉系幹細胞を用いた腱、靭帯、筋肉などの軟部組織損傷に対する治療	脂肪由来幹細胞	価格確定	https://saiseiiryo.mhlw.go.jp/published_plan/download/03C2604056/5/0	B	IN_SCOPE
V41_02C2512023	02C2512023	V41F3E711DC26B	東京都	医療法人社団下田緑眞会 世田谷北部病院	世田谷区南烏山2丁目9-17	第三種	腱、筋、靭帯等、関節腔外の筋骨格支持組織に対するPRP治療	PRP	価格確定	https://saiseiiryo.mhlw.go.jp/published_plan/download/02C2512023/5/0	C	IN_SCOPE
V41_01C2504014	01C2504014	V41F1E89A35929	東京都	医療法人社団中川整形外科	世田谷区用賀４－１３－８プリモメゾン用賀１Ｆ	第三種	四肢の筋・腱・靱帯及びその付着部の傷害を対象とした自家多血小板血漿（PRP）注入療法	PRP	価格確定	https://saiseiiryo.mhlw.go.jp/published_plan/download/01C2504014/5/0	D	IN_SCOPE
V41_02C1912115	02C1912115	V41F27150D56D5	東京都	医療法人社団健翔会　豊島長崎クリニック	豊島区長崎4-25-15	第三種	自己多血小板血漿(PRP)を用いた筋・腱・靭帯等の軟部組織ペイン治療	PRP	価格確定	https://saiseiiryo.mhlw.go.jp/published_plan/download/02C1912115/5/0	A	IN_SCOPE
V41_01C2211043	01C2211043	V41FC82DEC3297	東京都	医療法人社団充幸会　髙見澤整形外科クリニック	小金井市梶野町五丁目11番5号パピスプラザ205号室	第二種	多血小板血漿（PRP）を用いた変形性関節症の疼痛緩和、変性修復	PRP	価格確定	https://saiseiiryo.mhlw.go.jp/published_plan/download/01C2211043/5/0	B	IN_SCOPE
V41_01C2211044	01C2211044	V41FC82DEC3297	東京都	医療法人社団充幸会　髙見澤整形外科クリニック	小金井市梶野町五丁目11番5号パピスプラザ205号室	第三種	多血小板血漿（PRP）を用いた筋、腱損傷の治療	PRP	価格確定	https://saiseiiryo.mhlw.go.jp/published_plan/download/01C2211044/5/0	C	IN_SCOPE
V41_03C2407058	03C2407058	V41FD38062D0E0	東京都	医療法人社団光美会 ルーチェクリニック銀座院	中央区銀座3-3-13  阪急阪神銀座ビル7階	第二種	自己脂肪由来幹細胞を用いた変形性関節症の治療	脂肪由来幹細胞	価格確定	https://saiseiiryo.mhlw.go.jp/published_plan/download/03C2407058/5/0	D	IN_SCOPE
V41_01C2409054	01C2409054	V41F4DACF2F973	東京都	医療法人社団全心会  ぜんしん整形外科　立川スポーツリハビリクリニック	立川市曙町2-11-2 フロム中武7階	第三種	自家多血小板血漿（Platelet-Rich Plasma：PRP）を用いた筋肉、腱、靭帯、筋膜の損傷及び慢性炎症の治療（関節外の軟部組織）	PRP	価格確定	https://saiseiiryo.mhlw.go.jp/published_plan/download/01C2409054/5/0	A	IN_SCOPE
V41_01C2309059	01C2309059	V41F641A5944C0	東京都	医療法人社団円徳  慶友整形外科脊椎関節病院	足立区足立1-12-12　足立メディカルモール4F～8F	第三種	四肢の靭帯、筋腱付着部およびスポーツ傷害（筋・腱・靭帯）を対象とした自家多血小板血漿（PRP）注入療法	PRP	価格確定	https://hospital.adachikeiyu.com/visitation	B	IN_SCOPE
V41_01C2312021	01C2312021	V41F1F45EE20D2	東京都	医療法人社団円徳  慶友整形外科脊椎関節病院	足立区足立1-12-12  足立メディカルモール4階〜8階	第二種	自家脂肪組織由来幹細胞（ASC）の投与による関節治療	脂肪由来幹細胞	価格確定	https://saiseiiryo.mhlw.go.jp/published_plan/download/01C2312021/5/0	C	IN_SCOPE
V41_01C2409061	01C2409061	V41FFD2B139326	東京都	医療法人社団円徳  慶友整形外科脊椎関節病院	足立区足立1-12-12　  足立メディカルモール	第二種	自己脂肪由来間葉系幹細胞を用いた慢性疼痛に対する治療	脂肪由来幹細胞	未確認	https://hospital.adachikeiyu.com/visitation	D	IN_SCOPE
V41_01C2312020	01C2312020	V41F16FBF5826E	東京都	医療法人社団円徳　慶友整形外科脊椎関節病院	東京都足立区足立1-12-12  足立メディカルモール4階〜8階	第二種	慢性疼痛に対する自家脂肪由来間葉系幹細胞による治療	脂肪由来幹細胞	価格確定	https://saiseiiryo.mhlw.go.jp/published_plan/download/01C2312020/5/0	A	IN_SCOPE
V41_02C1911105	02C1911105	V41FEAB89B1F6F	東京都	医療法人社団医献会　辻クリニック	千代田区麹町6-6-1　長尾ビル8階	第二種	自己脂肪由来幹細胞を用いた変形性関節症の治療	脂肪由来幹細胞	価格確定	https://saiseiiryo.mhlw.go.jp/published_plan/download/02C1911105/5/0	B	IN_SCOPE
V41_03C2309040	03C2309040	V41F865E2F2615	東京都	医療法人社団医進会 銀座小田クリニック	中央区銀座2-6-12 大倉本館11F	第二種	自己脂肪由来間葉系幹細胞を用いた変形性関節症治療	脂肪由来幹細胞	価格非公開	https://ishinkai-goc.net/our-medical-care/stem-cell-therapy/	C	IN_SCOPE
V41_01C2110046	01C2110046	V41FCABFD81093	東京都	医療法人社団千美会  ガーデンクリニック 池袋院	豊島区南池袋2-26-6　島倉ビル4F	第二種	自己脂肪由来幹細胞を用いた変形性関節症の治療	脂肪由来幹細胞	価格確定	https://saiseiiryo.mhlw.go.jp/published_plan/download/01C2110046/5/0	D	IN_SCOPE
V41_01C2110047	01C2110047	V41F93969D819D	東京都	医療法人社団千美会  美容外科・歯科 ガーデンクリニック新宿院	新宿区新宿3-33-10  新宿モリエールビル5F	第二種	自己脂肪由来幹細胞を用いた変形性関節症の治療	脂肪由来幹細胞	価格確定	https://saiseiiryo.mhlw.go.jp/published_plan/download/01C2110047/5/0	A	IN_SCOPE
V41_02C2202019	02C2202019	V41F531E48AC0A	東京都	医療法人社団博栄会　赤羽中央総合病院	北区志茂一丁目19番14号	第二種	多血小板血漿（Platelet-rich plasma：PRP）を用いた変形性関節症治療	PRP	価格確定	https://saiseiiryo.mhlw.go.jp/published_plan/download/02C2202019/5/0	B	IN_SCOPE
V41_03C2203019	03C2203019	V41F531E48AC0A	東京都	医療法人社団博栄会　赤羽中央総合病院	北区志茂一丁目19番14号	第三種	自己多血小板血漿(PRP)を用いた整形外科領域における軟部組織治療	PRP	価格確定	https://saiseiiryo.mhlw.go.jp/published_plan/download/03C2203019/5/0	C	IN_SCOPE
V41_01C2503053	01C2503053	V41F444EEF2E57	東京都	医療法人社団同仁会診療所　Clinic Le GINZA	中央区銀座4丁目1番先 北数寄屋ビルB1F	第二種	整形外科疾患に伴う炎症の緩和を目的とした自己脂肪組織由来間葉系幹細胞の静脈点滴治療	脂肪由来幹細胞	価格確定	https://clinic-le-ginza.jp/stem-cell/	D	IN_SCOPE
V41_01C2506055	01C2506055	V41F444EEF2E57	東京都	医療法人社団同仁会診療所　Clinic Le GINZA	中央区銀座4丁目1番先　北数寄屋ビルB1F	第二種	自己末梢血由来単核細胞の関節内投与による整形外科疾患の治療	その他MSK	価格確定	https://saiseiiryo.mhlw.go.jp/published_plan/download/01C2506055/5/0	A	IN_SCOPE
V41_03C2606046	03C2606046	V41FE502CB8E37	東京都	医療法人社団和み會　東京長寿医学クリニック	中央区銀座8丁目8-1 第7セントラルビル3階	第二種	自己脂肪由来幹細胞を用いた変形性関節症の治療	脂肪由来幹細胞	価格確定	https://saiseiiryo.mhlw.go.jp/published_plan/download/03C2606046/5/0	B	IN_SCOPE
V41_03C2410030	03C2410030	V41F67E15A996A	東京都	医療法人社団啓神会　M再生クリニック	杉並区下高井戸5-4-10	第二種	変形性関節症に対する自己脂肪由来幹細胞を用いた治療	脂肪由来幹細胞	価格確定	https://saiseiiryo.mhlw.go.jp/published_plan/download/03C2410030/5/0	C	IN_SCOPE
V41_01C2603012	01C2603012	V41F1C3910E844	東京都	医療法人社団善用会　講道館ビルクリニック	文京区春日1-16-30　講道館本館6階	第二種	自家多血小板血漿（Platelet-rich plasma：PRP）を用いた慢性関節炎の治療（関節内組織）	PRP	価格確定	https://saiseiiryo.mhlw.go.jp/published_plan/download/01C2603012/5/0	D	IN_SCOPE
V41_01C2508073	01C2508073	V41F15EAFC3246	東京都	医療法人社団喜美会　自由が丘クリニック	目黒区八雲3-12-10 パークヴィラ2F	第二種	自家多血小板血漿（Platelet-Rich Plasma：PRP）を用いた慢性関節炎の治療（関節内組織）	PRP	価格確定	https://saiseiiryo.mhlw.go.jp/published_plan/download/01C2508073/5/0	B	IN_SCOPE
V41_01C2508074	01C2508074	V41F15EAFC3246	東京都	医療法人社団喜美会　自由が丘クリニック	目黒区八雲3-12-10 パークヴィラ2F	第三種	自家多血小板血漿（Platelet-Rich Plasma：PRP）を用いた筋肉、腱、靭帯、筋膜の損傷及び慢性炎症の治療（関節外の軟部組織）	PRP	価格確定	https://saiseiiryo.mhlw.go.jp/published_plan/download/01C2508074/5/0	C	IN_SCOPE
V41_01C2603057	01C2603057	V41F123B0843D8	東京都	医療法人社団喜美会　自由が丘クリニック	目黒区八雲3丁目12-10 パークヴィラ2階	第二種	自家培養脂肪由来幹細胞を用いた変形性関節症の治療	脂肪由来幹細胞	価格確定	https://saiseiiryo.mhlw.go.jp/published_plan/download/01C2603057/5/0	A	IN_SCOPE
V41_03C2305004	03C2305004	V41F677C313A89	東京都	医療法人社団小﨑会　常盤台らいおん整形外科	板橋区常盤台１－４４－１－１０３	第二種	多血小板血漿（PRP）による変形性関節症治療	PRP	価格確定	https://saiseiiryo.mhlw.go.jp/published_plan/download/03C2305004/5/0	D	IN_SCOPE
V41_03C2305005	03C2305005	V41F677C313A89	東京都	医療法人社団小﨑会　常盤台らいおん整形外科	板橋区常盤台１－４４－１－１０３	第三種	多血小板血漿（PRP）を用いた筋、腱、靭帯への治療	PRP	価格確定	https://saiseiiryo.mhlw.go.jp/published_plan/download/03C2305005/5/0	A	IN_SCOPE
V41_02C2206037	02C2206037	V41F8DB32D294A	東京都	医療法人社団山本・前田記念会　前田病院	東久留米市中央町五丁目１３番３４号	第三種	自己多血小板血漿(PRP)を用いた整形外科領域における軟部組織治療	PRP	価格確定	https://saiseiiryo.mhlw.go.jp/published_plan/download/02C2206037/5/0	B	IN_SCOPE
V41_02C2510015	02C2510015	V41F758D287476	東京都	医療法人社団山本医院  セルフォース ワン クリニック トウキョウ	中央区銀座6丁目9番6号 5階	第二種	自己脂肪由来幹細胞を用いた変形性関節症の治療	脂肪由来幹細胞	価格非公開	https://saiseiiryo.mhlw.go.jp/published_plan/download/02C2510015/5/0	C	IN_SCOPE
V41_01C2407032	01C2407032	V41F37922B2ECC	東京都	医療法人社団幸神会　下北沢DOクリニック	世田谷区北沢2-14-14	第三種	多血小板血漿を用いた整形外科領域（関節腔内への投与を除く）の治療	PRP	価格確定	https://saiseiiryo.mhlw.go.jp/published_plan/download/01C2407032/5/0	D	IN_SCOPE
V41_01C2503066	01C2503066	V41F084EE17186	東京都	医療法人社団幹葉会  南青山外苑前整形外科リハビリテーション科クリニック	港区南青山2丁目27-27  丸八青山ビル5F	第三種	自家多血小板血漿（Platelet-Rich Plasma：PRP）を用いた筋肉、腱、靭帯、筋膜の損傷及び慢性炎症の治療（関節外の軟部組織）	PRP	価格確定	https://saiseiiryo.mhlw.go.jp/published_plan/download/01C2503066/5/0	B	IN_SCOPE
V41_01C2509003	01C2509003	V41F084EE17186	東京都	医療法人社団幹葉会  南青山外苑前整形外科リハビリテーション科クリニック	港区南青山2丁目27-27　丸八青山ビル5F	第二種	自家多血小板血漿（Platelet-Rich Plasma：PRP）を用いた慢性関節炎の治療（関節内組織）	PRP	価格確定	https://saiseiiryo.mhlw.go.jp/published_plan/download/01C2509003/5/0	A	IN_SCOPE
V41_02C2606097	02C2606097	V41FB52457E514	東京都	医療法人社団康静会　赤羽ウェルネスクリニック	北区赤羽2丁目15-10	第三種	多血小板血漿(Platelet-rich plasma：PRP)を用いた整形外科領域における軟部組織治療	PRP	価格確定	https://saiseiiryo.mhlw.go.jp/published_plan/download/02C2606097/5/0	D	IN_SCOPE
V41_03C2305035	03C2305035	V41FB52457E514	東京都	医療法人社団康静会　赤羽ウェルネスクリニック	北区赤羽2丁目15-10	第二種	多血小板血漿（Platelet-rich plasma：PRP）を用いた変形性関節症治療	PRP	価格確定	https://saiseiiryo.mhlw.go.jp/published_plan/download/03C2305035/5/0	C	IN_SCOPE
V41_01C2604065	01C2604065	V41F0884429288	東京都	医療法人社団彩康会　十条整形外科リハビリクリニック	北区十条仲原1-28-13　ラファエーラ十条２F	第三種	自家多血小板血漿（PRP）を用いた筋腱付着部およびスポーツ傷害（筋・腱・靭帯）の治療	PRP	価格確定	https://saiseiiryo.mhlw.go.jp/published_plan/download/01C2604065/5/0	A	IN_SCOPE
V41_01C2504031	01C2504031	V41F568ED5AA3F	東京都	医療法人社団心愛会  麻布台ビューティセルクリニック	港区麻布台1-11-5 Village Azabudai 2F	第二種	自己脂肪由来幹細胞を用いた筋肉増大の治療	脂肪由来幹細胞	価格非公開	https://saiseiiryo.mhlw.go.jp/published_plan/download/01C2504031/5/0	C	IN_SCOPE
V41_01C2507025	01C2507025	V41F568ED5AA3F	東京都	医療法人社団心愛会  麻布台ビューティセルクリニック	港区麻布台1-11-5 Village Azabudai 2F	第三種	自家多血小板血漿（Platelet-Rich Plasma：PRP）を用いた筋肉、腱、靭帯、筋膜の損傷及び慢性炎症の治療（関節外の軟部組織）	PRP	価格非公開	https://beautycell-cl.com/price/	B	IN_SCOPE
V41_03C2207011	03C2207011	V41F60B9E81DF5	東京都	医療法人社団快晴会  すがも北口整形外科クリニック	豊島区巣鴨2-3-10 森川第1ビル3階	第三種	自家多血小板血漿(PRP)の投与によるスポーツ外傷を含む筋、腱、靱帯損傷治療	PRP	価格確定	https://saiseiiryo.mhlw.go.jp/published_plan/download/03C2207011/5/0	D	IN_SCOPE
V41_03C2405010	03C2405010	V41FBE0753815A	東京都	医療法人社団慶優会　増本整形外科クリニック	杉並区荻窪５−３０−１７	第三種	多血小板血漿を用いた靭帯・腱及び腱付着部の機能障害・疾患の治療	PRP	価格確定	https://saiseiiryo.mhlw.go.jp/published_plan/download/03C2405010/5/0	A	IN_SCOPE
V41_01C1911015	01C1911015	V41F9A6CEDFA1A	東京都	医療法人社団慶光会 大城クリニック	新宿区信濃町34 JR信濃町駅ビル2F	第三種	自己多血小板血漿(PRP)を用いた筋・腱・靭帯等の軟部組織再生治療	PRP	価格確定	https://saiseiiryo.mhlw.go.jp/published_plan/download/01C1911015/5/0	B	IN_SCOPE
V41_02C2510020	02C2510020	V41FA669C3C925	東京都	医療法人社団慶晃会 世田谷玉川 整形外科内科クリニック	世田谷区上野毛1-9-11玉川ビル	第三種	多血小板血漿(Platelet-rich plasma :PRP)を用いた整形外科領域における軟部組織修復治療	PRP	価格確定	https://saiseiiryo.mhlw.go.jp/published_plan/download/02C2510020/5/0	C	IN_SCOPE
V41_01C2206031	01C2206031	V41FFF3D4B89DD	東京都	医療法人社団慶永会　徳永整形外科	東京都世田谷区喜多見８丁目１８−１０　２F	第三種	四肢の靭帯、筋腱付着部およびスポーツ傷害（筋・腱・靭帯）を対象とした自家多血小板血漿（PRP）注入療法	PRP	価格確定	https://www.tokunaga-seikei.com/	D	IN_SCOPE
V41_01C1908039	01C1908039	V41F23D9A8B2F2	東京都	医療法人社団成煌会　瑞江整形外科	江戸川区瑞江4-45-1	第三種	自己多血小板血漿(PRP)を用いた筋・腱・靭帯等、損傷した運動器組織再生治療	PRP	価格確定	https://saiseiiryo.mhlw.go.jp/published_plan/download/01C1908039/5/0	A	IN_SCOPE
V41_02C2410054	02C2410054	V41F70C769660D	東京都	医療法人社団敬和慶友会 自由が丘くびと腰の整形外科関節のクリニック	世田谷区奥沢5-20-22フレア3.6.9  2F,3F	第二種	自己多血小板血漿（Platelet-rich plasma：PRP）を用いた変形性関節症治療	PRP	価格確定	https://saiseiiryo.mhlw.go.jp/published_plan/download/02C2410054/5/0	C	IN_SCOPE
V41_02C2410055	02C2410055	V41F70C769660D	東京都	医療法人社団敬和慶友会 自由が丘くびと腰の整形外科関節のクリニック	世田谷区奥沢5-20-22　フレア3.6.9  2F,3F	第二種	自己脂肪由来間葉系幹細胞を用いた変形性関節症治療	脂肪由来幹細胞	価格確定	https://seikeigeka.clinic/	D	IN_SCOPE
V41_02C2410056	02C2410056	V41F70C769660D	東京都	医療法人社団敬和慶友会 自由が丘くびと腰の整形外科関節のクリニック	世田谷区奥沢5-20-22 フレア3.6.9  2F,3F	第三種	自己多血小板血漿（Platelet-rich plasma : PRP)を用いた整形外科領域における軟部組織治療	PRP	価格確定	https://saiseiiryo.mhlw.go.jp/published_plan/download/02C2410056/5/0	B	IN_SCOPE
V41_01C2309002	01C2309002	V41FDF57094AB0	東京都	医療法人社団晴美会　麹町リバース今井整形外科クリニック	千代田区麹町4-2-12-1F	第三種	自己多血小板血漿（PRP)を用いた、運動器組織再生療法（主に筋・腱・靱帯）	PRP	価格確定	https://saiseiiryo.mhlw.go.jp/published_plan/download/01C2309002/5/0	A	IN_SCOPE
V41_01C2401012	01C2401012	V41FF2B2A8F6BD	東京都	医療法人社団最匠会　光伸メディカルクリニック	新宿区北新宿二丁目21番1号新宿フロントタワー3階301区I・J・K室	第三種	自己多血小板血漿（PRP)を活用した、運動器周辺組織再生療法（主に筋・腱・靱帯）	PRP	価格確定	https://saiseiiryo.mhlw.go.jp/published_plan/download/01C2401012/5/0	B	IN_SCOPE
V41_01C2511011	01C2511011	V41FB76FB07D7E	東京都	医療法人社団東京Dタワーホスピタル	東京都江東区豊洲６丁目４番２０号Dタワー豊洲 １階・3階～5階	第二種	変形性関節症に対する脂肪組織由来幹細胞移植治療	脂肪由来幹細胞	価格確定	https://saiseiiryo.mhlw.go.jp/published_plan/download/01C2511011/5/0	C	IN_SCOPE
V41_02C2406003	02C2406003	V41F6A4CC0A4EC	東京都	医療法人社団松和会  池上総合病院	東京都大田区池上6-1-19	第二種	膝関節軟骨損傷に対する自己軟骨細胞シート移植	その他MSK	価格確定	https://saiseiiryo.mhlw.go.jp/published_plan/download/02C2406003/5/0	D	IN_SCOPE
V41_01C2511037	01C2511037	V41FFEB5CF37F2	東京都	医療法人社団松和会 池上総合病院	大田区池上六丁目１番１９号	第三種	「自己多血小板血漿（PRP）を用いた筋肉、腱、靭帯、筋膜（関節外の軟部組織）の治療」	PRP	価格確定	https://saiseiiryo.mhlw.go.jp/published_plan/download/01C2511037/5/0	A	IN_SCOPE
V41_01C2512021	01C2512021	V41FFEB5CF37F2	東京都	医療法人社団松和会　池上総合病院	大田区池上六丁目１番１９号	第二種	自己多血小板血漿(PRP)の投与による変形性関節症の疼痛緩和を目的とした治療	PRP	価格確定	https://saiseiiryo.mhlw.go.jp/published_plan/download/01C2512021/5/0	B	IN_SCOPE
V41_01C2405036	01C2405036	V41F5949CE9BFE	東京都	医療法人社団松徳会 松倉クリニック	渋谷区神宮前4-11-6   表参道千代田ビル9F	第二種	自己脂肪由来幹細胞を用いた変形性関節症の治療	脂肪由来幹細胞	価格確定	https://saiseiiryo.mhlw.go.jp/published_plan/download/01C2405036/5/0	C	IN_SCOPE
V41_01C2406018	01C2406018	V41F98A311C8D4	東京都	医療法人社団桜伸会  サンテクリニック	中央区銀座8-12-15  全国燃料会館ビル2F	第二種	自家培養脂肪由来幹細胞の関節内投与による治療	脂肪由来幹細胞	価格確定	https://saiseiiryo.mhlw.go.jp/published_plan/download/01C2406018/5/0	D	IN_SCOPE
V41_02C2605071	02C2605071	V41F2634FAF1FA	東京都	医療法人社団桜伸会　サンテクリニック	中央区銀座8-12-15　全国燃料会館2階	第二種	慢性疼痛緩和を目的とした自家培養脂肪由来間葉系幹細胞の関節内投与による治療	脂肪由来幹細胞	価格確定	https://saiseiiryo.mhlw.go.jp/published_plan/download/02C2605071/5/0	A	IN_SCOPE
V41_01C2608003	01C2608003	V41F4B3F4A1717	東京都	医療法人社団森羅　北砂2丁目だい整形外科	江東区北砂２丁目8-5　ルナパレス1F	第二種	自家多血小板血漿（Platelet-Rich Plasma：PRP）を用いた慢性関節炎の治療（関節内組織）	PRP	価格確定	https://saiseiiryo.mhlw.go.jp/published_plan/download/01C2608003/5/0	B	IN_SCOPE
V41_01C2608004	01C2608004	V41F4B3F4A1717	東京都	医療法人社団森羅　北砂2丁目だい整形外科	江東区北砂２丁目8-5　ルナパレス1F	第三種	自家多血小板血漿（Platelet-Rich Plasma：PRP）を用いた筋肉、腱、靭帯、筋膜の損傷及び慢性炎症の治療（関節外の軟部組織）	PRP	価格確定	https://saiseiiryo.mhlw.go.jp/published_plan/download/01C2608004/5/0	C	IN_SCOPE
V41_01C2602025	01C2602025	V41F1430F8C805	東京都	医療法人社団正貴会　いくこ皮フ科クリニック	練馬区上石神井1丁目14番4号 エソール2階B号室	第二種	自己脂肪組織由来幹細胞（ASCs）を用いた変形性関節症の治療	脂肪由来幹細胞	価格確定	https://saiseiiryo.mhlw.go.jp/published_plan/download/01C2602025/5/0	D	IN_SCOPE
V41_02C2507007	02C2507007	V41FD366B7B697	東京都	医療法人社団洪泳会 東京洪誠病院	足立区西新井栄町一丁目１７番２５号	第二種	多血小板血漿（PRP）の投与による変形性関節症治療	PRP	価格確定	https://saiseiiryo.mhlw.go.jp/published_plan/download/02C2507007/5/0	B	IN_SCOPE
V41_02C2507008	02C2507008	V41F7E46E1F3EB	東京都	医療法人社団洪泳会 東京洪誠病院	足立区西新井栄町1-17-25	第三種	多血小板血漿(PRP)の投与によるスポーツ外傷を含む筋、腱、靱帯損傷治療	PRP	価格確定	https://saiseiiryo.mhlw.go.jp/published_plan/download/02C2507008/5/0	A	IN_SCOPE
V41_03C2510027	03C2510027	V41F670C60C80C	東京都	医療法人社団活寿会  東京ひざ関節症クリニック銀座院	中央区銀座5-3-12  壹番館ビル 7F	第二種	脂肪組織由来幹細胞（adipose-derived mesenchymal stem cell）の投与による関節治療	脂肪由来幹細胞	価格確定	https://saiseiiryo.mhlw.go.jp/published_plan/download/03C2510027/5/0	C	IN_SCOPE
V41_02C2602018	02C2602018	V41F8C69D7C090	東京都	医療法人社団活寿会　東京ひざ関節症クリニック新宿院	新宿区西新宿1-4-11　宝ビル9F	第二種	脂肪組織由来幹細胞（adipose-derived mesenchymal stem cell）の投与による関節治療	脂肪由来幹細胞	価格確定	https://saiseiiryo.mhlw.go.jp/published_plan/download/02C2602018/5/0	D	IN_SCOPE
V41_01C2503056	01C2503056	V41FA0C1E25CE8	東京都	医療法人社団熊野前医院　たいら整形外科	荒川区東尾久4-3-9	第三種	自家多血小板血漿（PRP）を用いた筋腱付着部およびスポーツ障害（筋・腱・靭帯）の治療	PRP	価格確定	https://saiseiiryo.mhlw.go.jp/published_plan/download/01C2503056/5/0	A	IN_SCOPE
V41_01C2407028	01C2407028	V41FA61A6FC986	東京都	医療法人社団癒合会　高輪和合クリニック	東京都港区高輪4丁目22番10号 小川商事ビル2階201号	第二種	自己多血小板血漿（PRP）による変形性関節症の治療	PRP	価格確定	https://saiseiiryo.mhlw.go.jp/published_plan/download/01C2407028/5/0	B	IN_SCOPE
V41_01C2509061	01C2509061	V41F28564D27AE	東京都	医療法人社団研裕会 紀尾井町プラザクリニック歯科・美容外科	千代田区紀尾井町3番12号紀尾井町ビル 2階	第二種	変形性膝関節症に対する自己脂肪由来間葉系幹細胞治療	脂肪由来幹細胞	価格確定	https://saiseiiryo.mhlw.go.jp/published_plan/download/01C2509061/5/0	C	IN_SCOPE
V41_01C2505053	01C2505053	V41F28564D27AE	東京都	医療法人社団研裕会　紀尾井町プラザクリニック歯科・美容外科	千代田区紀尾井町3番12号　紀尾井町ビル　2階	第三種	多増殖因子血漿（PRGF）を用いた筋肉、腱、靭帯、筋膜の損傷及び慢性炎症の治療（関節腔外に限る）	PRGF	価格確定	https://saiseiiryo.mhlw.go.jp/published_plan/download/01C2505053/5/0	D	IN_SCOPE
V41_02C2608020	02C2608020	V41FD574F41EE5	東京都	医療法人社団福至会　SPES CLINIC TOKYO BAY 晴海中央医院	中央区晴海2-1-40 晴海プライムスクエア11F	第二種	自己脂肪由来幹細胞を用いた変形性関節症の治療	脂肪由来幹細胞	価格確定	https://saiseiiryo.mhlw.go.jp/published_plan/download/02C2608020/5/0	A	IN_SCOPE
V41_02C2002036	02C2002036	V41F201F15B875	東京都	医療法人社団秀博会BTRアーツ銀座クリニック	港区新橋2-20-15 新橋駅前ビル1号館201	第二種	自己脂肪由来間葉系幹細胞を用いた変形性膝関節症治療	脂肪由来幹細胞	価格確定	https://saiseiiryo.mhlw.go.jp/published_plan/download/02C2002036/5/0	B	IN_SCOPE
V41_02C2001047	02C2001047	V41FF8834ABE27	東京都	医療法人社団秀慈会　リバーシティすずき整形外科	中央区佃1-11-8 リバーシティ21 ピアウエストスクエア2階	第二種	多血小板血漿抽出液による関節症治療	APS/PRP	価格確定	https://saiseiiryo.mhlw.go.jp/published_plan/download/02C2001047/5/0	C	IN_SCOPE
V41_01C2503047	01C2503047	V41F5965CAC44C	東京都	医療法人社団紘朗会  麻布皮フ科クリニック	港区南麻布4丁目14-6   プレシャス18 6階	第二種	自家培養脂肪由来幹細胞を用いた筋肉、腱、靭帯、筋膜の損傷及び慢性炎症の治療  （関節外の軟部組織）	脂肪由来幹細胞	価格確定	https://saiseiiryo.mhlw.go.jp/published_plan/download/01C2503047/5/0	D	IN_SCOPE
V41_01C2505049	01C2505049	V41F5965CAC44C	東京都	医療法人社団紘朗会  麻布皮フ科クリニック	港区南麻布4丁目14-6   プレシャス18 6階	第二種	自家多血小板血漿（Platelet-Rich Plasma：PRP）を用いた慢性関節炎の治療（関節内組織）	PRP	価格確定	https://saiseiiryo.mhlw.go.jp/published_plan/download/01C2505049/5/0	A	IN_SCOPE
V41_01C2402046	01C2402046	V41F5965CAC44C	東京都	医療法人社団紘朗会　麻布皮フ科クリニック	港区南麻布4丁目14-6   プレシャス18 6階	第二種	自家培養脂肪由来幹細胞を用いた変形性関節症治療	脂肪由来幹細胞	価格確定	https://saiseiiryo.mhlw.go.jp/published_plan/download/01C2402046/5/0	B	IN_SCOPE
V41_01C2005002	01C2005002	V41FBA28ECFABC	東京都	医療法人社団育生会　私のクリニック目白	豊島区目白1-4-1 ホテルメッツ目白1F	第三種	自己多血小板血漿（PRP)を用いた、関節周囲の痛みの治療	PRP	価格確定	https://saiseiiryo.mhlw.go.jp/published_plan/download/01C2005002/5/0	C	IN_SCOPE
V41_01C2207058	01C2207058	V41FC7511460C2	東京都	医療法人社団舜成会　  西国立整形外科クリニック	立川市羽衣町 2-49-7	第三種	自己多血小板血漿（PRP）を用いた筋・腱・靭帯の損傷組織修復療法	PRP	価格確定	https://saiseiiryo.mhlw.go.jp/published_plan/download/01C2207058/5/0	D	IN_SCOPE
V41_01C2006008	01C2006008	V41F6F9302362B	東京都	医療法人社団良徳会　RCクリニック	渋谷区神宮前三丁目42番2号　VORT外苑前Ⅲ地下１階	第二種	自己脂肪組織由来幹細胞を用いた変形性関節症治療	脂肪由来幹細胞	価格確定	https://saiseiiryo.mhlw.go.jp/published_plan/download/01C2006008/5/0	A	IN_SCOPE
V41_01C2602027	01C2602027	V41F939DCD9EFD	東京都	医療法人社団色空会　お茶の水整形外科機能リハビリテーションクリニック	千代田区神田駿河台4-1-2 ステラお茶の水ビル2階3階4階5階	第二種	自己多血小板血漿(PRP)療法（治療対象：関節炎・変形性関節症）	PRP	価格確定	https://saiseiiryo.mhlw.go.jp/published_plan/download/01C2602027/5/0	B	IN_SCOPE
V41_01C1902050	01C1902050	V41F820A31812F	東京都	医療法人社団菫会　目黒病院	目黒区中央町２-１２-６	第三種	自己多血小板血漿(PRP)を用いた整形外科領域における軟部組織治療	PRP	価格確定	https://saiseiiryo.mhlw.go.jp/published_plan/download/01C1902050/5/0	D	IN_SCOPE
V41_01C1906008	01C1906008	V41F820A31812F	東京都	医療法人社団菫会　目黒病院	目黒区中央町2-12-6	第二種	多血小板血漿（Platelet-rich plasma：PRP）を用いた変形性関節症治療	PRP	価格確定	https://saiseiiryo.mhlw.go.jp/published_plan/download/01C1906008/5/0	C	IN_SCOPE
V41_02C2601007	02C2601007	V41FF3BA31EA8E	東京都	医療法人社団裕健会 神田クリニック	千代田区内神田2-4-1  神田メディカルビル 2F-8F	第二種	自己脂肪由来幹細胞を用いた変形性関節症の治療	脂肪由来幹細胞	価格確定	https://saiseiiryo.mhlw.go.jp/published_plan/download/02C2601007/5/0	A	IN_SCOPE
V41_02C2407061	02C2407061	V41F6064592708	東京都	医療法人社団裕健会 神田駅東口クリニック	千代田区鍛冶町2-8-6  メディカルプライム神田 2F	第二種	自己脂肪由来幹細胞を用いた変形性関節症の治療	脂肪由来幹細胞	価格確定	https://saiseiiryo.mhlw.go.jp/published_plan/download/02C2407061/5/0	B	IN_SCOPE
V41_02C2509032	02C2509032	V41F2982F76FBC	東京都	医療法人社団誠心会  Re:Born Clinic 銀座院	中央区銀座1-15-4　銀座一丁目ビル10F	第二種	自己脂肪由来幹細胞を用いた変形性関節症の治療	脂肪由来幹細胞	価格確定	https://saiseiiryo.mhlw.go.jp/published_plan/download/02C2509032/5/0	D	IN_SCOPE
V41_02C2509040	02C2509040	V41F2982F76FBC	東京都	医療法人社団誠心会  Re:Born Clinic 銀座院	中央区銀座1-15-4　銀座一丁目ビル10F	第二種	多血小板血漿を用いた変形性関節症の治療	PRP	価格確定	https://saiseiiryo.mhlw.go.jp/published_plan/download/02C2509040/5/0	C	IN_SCOPE
V41_02C2509048	02C2509048	V41F2982F76FBC	東京都	医療法人社団誠心会  Re:Born Clinic 銀座院	中央区銀座1-15-4　銀座一丁目ビル10F	第二種	自己脂肪由来幹細胞を用いた変形性関節症の治療（骨芽前駆細胞誘導Ver.）	脂肪由来幹細胞	価格確定	https://saiseiiryo.mhlw.go.jp/published_plan/download/02C2509048/5/0	A	IN_SCOPE
V41_02C2501001	02C2501001	V41F48B8D28D45	東京都	医療法人社団豊饒会  RDクリニック東京銀座	中央区銀座7-9-17  銀座ヤマトビル7F	第二種	多血小板血漿を用いた変形性関節症治療	PRP	価格確定	https://saiseiiryo.mhlw.go.jp/published_plan/download/02C2501001/5/0	B	IN_SCOPE
V41_02C2512006	02C2512006	V41F48B8D28D45	東京都	医療法人社団豊饒会RDクリニック東京銀座	中央区銀座7-9-17　銀座ヤマトビル7F	第二種	自家脂肪由来幹細胞を用いた変形性関節症治療	脂肪由来幹細胞	価格確定	https://saiseiiryo.mhlw.go.jp/published_plan/download/02C2512006/5/0	C	IN_SCOPE
V41_01C2507054	01C2507054	V41F614F3C0B9E	東京都	医療法人社団貴陽会  ラカンクリニック東京 麻布台	港区麻布台1丁目3番1号  麻布台ヒルズ森JPタワー4階	第二種	自己多血小板血漿(Platelet-Rich Plasma：PRP)を用いた変形性関節症の治療	PRP	価格確定	https://saiseiiryo.mhlw.go.jp/published_plan/download/01C2507054/5/0	D	IN_SCOPE
V41_01C2507055	01C2507055	V41F614F3C0B9E	東京都	医療法人社団貴陽会  ラカンクリニック東京 麻布台	港区麻布台1丁目3番1号  麻布台ヒルズ森JPタワー4階	第三種	自己多血小板血漿(Platelet-Rich Plasma：PRP)を用いた筋損傷・腱障害・靭帯損傷(関節外に限る)の治療	PRP	価格確定	https://saiseiiryo.mhlw.go.jp/published_plan/download/01C2507055/5/0	A	IN_SCOPE
V41_01C2509044	01C2509044	V41F614F3C0B9E	東京都	医療法人社団貴陽会  ラカンクリニック東京 麻布台	港区麻布台1丁目3番1号  麻布台ヒルズ森JPタワー4階	第二種	自己脂肪由来幹細胞を用いた変形性関節症の治療	脂肪由来幹細胞	価格確定	https://saiseiiryo.mhlw.go.jp/published_plan/download/01C2509044/5/0	B	IN_SCOPE
V41_01C2409068	01C2409068	V41F4EB1AFF117	東京都	医療法人社団進誠会  豪徳寺整形外科クリニック	世田谷区豪徳寺2丁目31-8ハイム和泉102	第二種	自家多血小板血漿(Platelet-rich plasma:PRP)を用いた  慢性関節炎の治療(関節内組織)	PRP	価格確定	https://saiseiiryo.mhlw.go.jp/published_plan/download/01C2409068/5/0	C	IN_SCOPE
V41_01C2409070	01C2409070	V41F4EB1AFF117	東京都	医療法人社団進誠会  豪徳寺整形外科クリニック	世田谷区豪徳寺2丁目31-8ハイム和泉102	第三種	自家多血小板血漿(Platelet-rich plasma:PRP)を用いた筋肉、腱、靭帯、筋膜の損傷及び慢性炎症の治療(関節腔外に限る)	PRP	価格確定	https://saiseiiryo.mhlw.go.jp/published_plan/download/01C2409070/5/0	D	IN_SCOPE
V41_02C2101009	02C2101009	V41F90F1E6F5AF	東京都	医療法人社団青和会　井上整形外科	台東区浅草四丁目41番6号	第二種	多血小板血漿（PRP）の投与による変形性関節症治療	PRP	価格確定	https://saiseiiryo.mhlw.go.jp/published_plan/download/02C2101009/5/0	B	IN_SCOPE
V41_02C2101010	02C2101010	V41F90F1E6F5AF	東京都	医療法人社団青和会　井上整形外科	台東区浅草四丁目41番6号	第三種	多血小板血漿(PRP)の投与によるスポーツ外傷を含む筋、腱、靱帯損傷治療	PRP	価格確定	https://saiseiiryo.mhlw.go.jp/published_plan/download/02C2101010/5/0	A	IN_SCOPE
V41_01C1907070	01C1907070	V41F2B45736B34	東京都	医療法人社団顕伊会　さい整形外科クリニック	葛飾区堀切3丁目35-10 ｙビル101	第三種	多血小板血漿（Platelet-rich plasma：PRP）を用いた筋、腱、靭帯損傷、肩腱板損傷に対する治療	PRP	価格確定	https://saiseiiryo.mhlw.go.jp/published_plan/download/01C1907070/5/0	C	IN_SCOPE
V41_03C2310050	03C2310050	V41F8B0F3E9FCB	東京都	医療法人社団高賢会　安田整形外科	大田区蒲田4丁目18番10号	第三種	自家多血小板血漿（PRP）を用いた筋肉、腱、靭帯、筋膜の損傷及び慢性炎症の治療（関節外の軟部組織）	PRP	価格確定	https://saiseiiryo.mhlw.go.jp/published_plan/download/03C2310050/5/0	D	IN_SCOPE
V41_02C2507026	02C2507026	V41FA414C99BAB	東京都	医療法人美健会ルネスクリニック日本橋	中央区日本橋室町3-3-1  ETS室町ビル3階	第二種	慢性筋骨格系疼痛の緩和を目的とした自己脂肪由来間葉系幹細胞治療（局所投与）	脂肪由来幹細胞	未確認	https://renais-clinic-ag.com/fee/	A	IN_SCOPE
V41_02C2604069	02C2604069	V41F671FEFE803	東京都	医療法人美喜有会  リペアセルクリニック 東京院	港区海岸一丁目16番1号   ニューピア竹芝サウスタワー 3階	第三種	自家多血小板血漿を用いた筋腱炎・靭帯炎の治療	PRP	価格確定	https://saiseiiryo.mhlw.go.jp/published_plan/download/02C2604069/5/0	B	IN_SCOPE
V41_01C2407053	01C2407053	V41F8F962F490C	東京都	医療法人財団　健貢会　東京クリニック	千代田区大手町二丁目2番1号　新大手町ビル1階	第三種	筋肉・腱・靭帯・筋膜の損傷及び慢性炎症に対する多血小板血漿（PRP）投与療法	PRP	価格確定	https://saiseiiryo.mhlw.go.jp/published_plan/download/01C2407053/5/0	C	IN_SCOPE
V41_02C2404031	02C2404031	V41FC884C7643F	東京都	医療法人財団檜扇会 クリニック 東京虎ノ門ＣＯＲ	港区虎ノ門四丁目1番17号　神谷町プライムプレイス2階	第二種	変形性腰椎症に対する自己多血小板血漿（PRP）治療	PRP	価格確定	https://saiseiiryo.mhlw.go.jp/published_plan/download/02C2404031/5/0	D	IN_SCOPE
V41_02C2404036	02C2404036	V41FC884C7643F	東京都	医療法人財団檜扇会 クリニック 東京虎ノ門ＣＯＲ	港区虎ノ門四丁目１番１７号　神谷町プライムプレイス２階	第三種	自己多血小板血漿（PRP)による捻挫、骨折治癒促進、靭帯損傷、腱鞘炎、アキレス腱炎の治療	PRP	価格確定	https://saiseiiryo.mhlw.go.jp/published_plan/download/02C2404036/5/0	A	IN_SCOPE
V41_03C2601008	03C2601008	V41F9D55F516BD	東京都	医療法人輝鳳会　池袋クリニック	豊島区南池袋1-25-1　第15野萩ビル7階	第二種	多血小板血漿（PRP）を用いた変形性関節症治療	PRP	未確認	https://ganno-clinic.jp/chiryou/price.html	B	IN_SCOPE
V41_01C1904038	01C1904038	V41F18AF7F0D02	東京都	医療法人鉄蕉会　亀田京橋クリニック	中央区京橋3丁目1番1号東京スクエアガーデン4階・6階	第二種	多血小板血漿（Platelet-rich plasma：PRP）を用いた関節内組織損傷に対する治療	PRP	価格非公開	https://medical.kameda.com/kyobashi/patient/lp/sport/	C	IN_SCOPE
V41_01C2209017	01C2209017	V41FD076D781A0	東京都	十条整形外科リハビリクリニック	北区十条仲原1－28－13ラファエーラ十条2階	第三種	四肢の靭帯、筋腱付着部およびスポーツ傷害（筋・腱・靭帯）を対象とした自家多血小板血漿（PRP）注入療法	PRP	価格確定	https://saiseiiryo.mhlw.go.jp/published_plan/download/01C2209017/5/0	D	IN_SCOPE
V41_03C2305006	03C2305006	V41FD076D781A0	東京都	十条整形外科リハビリクリニック	北区十条仲原1-28-13 ラファエーラ十条 2階	第二種	多血小板血漿（PRP）による変形性関節症治療	PRP	価格確定	https://saiseiiryo.mhlw.go.jp/published_plan/download/03C2305006/5/0	A	IN_SCOPE
V41_01C2504021	01C2504021	V41FA2C1AD7A3A	東京都	千歳船橋整形外科スポーツ・リハビリクリニック	世田谷区船橋1-9-21 マルエツ千歳船橋店3階	第二種	自家多血小板血漿（Platelet-Rich Plasma：PRP）を用いた慢性関節炎の治療（関節内組織）	PRP	価格確定	https://saiseiiryo.mhlw.go.jp/published_plan/download/01C2504021/5/0	B	IN_SCOPE
V41_01C2504022	01C2504022	V41FFBE4C1D26E	東京都	千歳船橋整形外科スポーツ・リハビリクリニック	東京都世田谷区船橋1-9-21 マルエツ千歳船橋店3階	第三種	自家多血小板血漿（Platelet-Rich Plasma：PRP）を用いた筋肉、腱、靭帯、筋膜の損傷及び慢性炎症の治療（関節外の軟部組織）	PRP	価格確定	https://saiseiiryo.mhlw.go.jp/published_plan/download/01C2504022/5/0	C	IN_SCOPE
V41_01C1906024	01C1906024	V41FC0C47D5FED	東京都	南新宿整形外科 リハビリテーションクリニック	東京都渋谷区代々木二丁目１６番７号　山葉ビルメディカルセンター４階	第二種	SVF（Stromal Vascular Fraction）を用いた関節痛、変形性関節症に対する疼痛改善を目的とした治療	脂肪由来幹細胞/SVF	価格確定	https://saiseiiryo.mhlw.go.jp/published_plan/download/01C1906024/5/0	D	IN_SCOPE
V41_01C1906016	01C1906016	V41F342E554699	東京都	南新宿整形外科リハビリテーションクリニック	渋谷区代々木二丁目１６番７号  山葉ビルメディカルセンター４階	第二種	自己脂肪由来間葉系幹細胞を用いた関節痛、変形性関節症治療	脂肪由来幹細胞	価格確定	https://saiseiiryo.mhlw.go.jp/published_plan/download/01C1906016/5/0	B	IN_SCOPE
V41_01C2011007	01C2011007	V41F342E554699	東京都	南新宿整形外科リハビリテーションクリニック	渋谷区代々木二丁目１６番７号　  山葉ビルメディカルセンター４階	第三種	自己多血小板血漿（Platelet-rich plasma : PRP)を用いた整形外科領域における軟部組織治療	PRP	価格確定	https://saiseiiryo.mhlw.go.jp/published_plan/download/01C2011007/5/0	A	IN_SCOPE
V41_02C2601084	02C2601084	V41FEC0A83B548	東京都	地方独立行政法人東京都立病院機構  東京都立大久保病院	新宿区歌舞伎町2-44-1	第二種	変形性関節症を対象とした自家多血小板血漿（PRP）注入療法	PRP	価格確定	https://saiseiiryo.mhlw.go.jp/published_plan/download/02C2601084/5/0	C	IN_SCOPE
V41_01C2302066	01C2302066	V41FC9744101D1	東京都	女性のための整形外科 かおるこHappyクリニック	千代田区内幸町1丁目1-1 帝国ホテル本館4階	第二種	変形性関節症および関節腔の傷害を対象とした自家多血小板血漿（PRP）注入療法	PRP	価格確定	https://saiseiiryo.mhlw.go.jp/published_plan/download/01C2302066/5/0	D	IN_SCOPE
V41_01C2106016	01C2106016	V41F9829037BE4	東京都	女性のための整形外科かおるこHappyクリニック	東京都千代⽥区内幸町１丁⽬１−１ 本館4F 帝国ホテル	第三種	自己多血小板血漿(PRP)を用いた筋・腱・靱帯損傷部の治癒促進を目的とした整形外科治療	PRP	価格確定	https://saiseiiryo.mhlw.go.jp/published_plan/download/01C2106016/5/0	A	IN_SCOPE
V41_03C2603036	03C2603036	V41F4533DED309	東京都	学校法人藤田学園　藤田医科大学　羽田クリニック	大田区羽田空港1-1-4	第二種	多血小板血漿（PRP）による変形性関節症治療	PRP	価格確定	https://saiseiiryo.mhlw.go.jp/published_plan/download/03C2603036/5/0	B	IN_SCOPE
V41_03C2603037	03C2603037	V41F4533DED309	東京都	学校法人藤田学園　藤田医科大学　羽田クリニック	大田区羽田空港1-1-4	第二種	自己脂肪由来幹細胞を用いた変形性関節症の治療	脂肪由来幹細胞	価格確定	https://saiseiiryo.mhlw.go.jp/published_plan/download/03C2603037/5/0	D	IN_SCOPE
V41_03C2603038	03C2603038	V41F4533DED309	東京都	学校法人藤田学園　藤田医科大学　羽田クリニック	大田区羽田空港1-1-4	第二種	自家培養軟骨細胞（ACC）を用いた移植による低侵襲膝関節軟骨再生治療	その他MSK	価格確定	https://saiseiiryo.mhlw.go.jp/published_plan/download/03C2603038/5/0	C	IN_SCOPE
V41_02C2306054	02C2306054	V41FF421A2F9B8	東京都	小石川整形外科	文京区小石川1-5-1 パークコート文京小石川 ザ タワー3F	第二種	自家脂肪組織由来の培養間葉系幹細胞を用いた変形性膝関節症の治療	脂肪由来幹細胞	未確認	https://koishikawa-seikei.com/	A	IN_SCOPE
V41_01C2601013	01C2601013	V41F34A769E095	東京都	幹細胞クリニック東京	中央区銀座５丁目９−１５ 銀座清月堂ビル ５F	第二種	自己脂肪由来間葉系幹細胞を用いた変形性関節症治療	脂肪由来幹細胞	価格非公開	https://kansaibou-clinic.or.jp/	B	IN_SCOPE
V41_01C2510040	01C2510040	V41FAAA5356B17	東京都	新柴又駅前広場クリニック	葛飾区柴又5丁目8-3 グランコート1階	第三種	四肢の筋・腱・靱帯及びその付着部の傷害を対象とした自家多血小板血漿（PRP）注入療法	PRP	価格確定	https://saiseiiryo.mhlw.go.jp/published_plan/download/01C2510040/5/0	C	IN_SCOPE
V41_01C2602040	01C2602040	V41F2F89DA8043	東京都	新橋DAYクリニック	港区新橋1-15-7 新橋NFビル6階	第二種	変形性関節症に対する自己脂肪由来間葉系幹細胞を用いた治療	脂肪由来幹細胞	価格確定	https://saiseiiryo.mhlw.go.jp/published_plan/download/01C2602040/5/0	D	IN_SCOPE
V41_03C2510006	03C2510006	V41F6D053F833D	東京都	日本医科大学付属病院	文京区千駄木1-1-5	第二種	多血小板血漿（PRP）の投与による変形性関節症治療	PRP	価格確定	https://saiseiiryo.mhlw.go.jp/published_plan/download/03C2510006/5/0	A	IN_SCOPE
V41_01C2203013	01C2203013	V41F7D5DDD79E0	東京都	日本大学医学部附属板橋病院	板橋区大谷口上町３０－１	第二種	自己多血小板血漿（Platelet rich plasma：PRP）を用いた変形性膝・肩関節、腰椎症に対する治療	PRP	価格確定	https://saiseiiryo.mhlw.go.jp/published_plan/download/01C2203013/5/0	B	IN_SCOPE
V41_01C2409023	01C2409023	V41F1EBA2986A8	東京都	日本大学病院	千代田区神田駿河台１丁目６	第二種	自己多血小板血漿（PRP）による整形外科疾患に対する関節内治療	PRP	価格確定	https://saiseiiryo.mhlw.go.jp/published_plan/download/01C2409023/5/0	C	IN_SCOPE
V41_01C2409024	01C2409024	V41F1EBA2986A8	東京都	日本大学病院	千代田区神田駿河台１丁目６	第三種	自己多血小板血漿（PRP）による靭帯、腱、筋肉、筋膜の損傷及び炎症の治療	PRP	価格確定	https://saiseiiryo.mhlw.go.jp/published_plan/download/01C2409024/5/0	D	IN_SCOPE
V41_01C2506017	01C2506017	V41F69EEBD7824	東京都	日本橋えがわクリニック	中央区八重洲１－４－１０八重洲仲通りビル８F	第二種	自己脂肪組織由来幹細胞（ASCs）を用いた変形性関節症の治療	脂肪由来幹細胞	価格確定	https://saiseiiryo.mhlw.go.jp/published_plan/download/01C2506017/5/0	B	IN_SCOPE
V41_02C2503038	02C2503038	V41F2CE7058589	東京都	日本橋えがわクリニック	中央区八重洲1－4－10 八重洲仲通りビル8階	第三種	自己多血小板血漿(PRP)を用いた筋・腱・靭帯損傷治療	PRP	価格確定	https://saiseiiryo.mhlw.go.jp/published_plan/download/02C2503038/5/0	A	IN_SCOPE
V41_02C2512068	02C2512068	V41F1885D567CF	東京都	日本橋人形町整形外科	東京都中央区日本橋人形町1−6−8 人形町大内ビル2階	第二種	自己多血小板血漿(PRP)療法（治療対象：外傷性関節炎・変形性関節症）	PRP	価格確定	https://saiseiiryo.mhlw.go.jp/published_plan/download/02C2512068/5/0	C	IN_SCOPE
V41_01C2503078	01C2503078	V41F767F3D29B2	東京都	明大前整形外科クリニック	世田谷区松原1丁目38-25	第二種	⾃家多⾎⼩板⾎漿（Platelet-rich plasma：PRP）を⽤いた慢性関節炎ならびに関節内軟⾻・靭帯損傷の治療（関節内組織）	PRP	価格確定	https://saiseiiryo.mhlw.go.jp/published_plan/download/01C2503078/5/0	D	IN_SCOPE
V41_01C2503079	01C2503079	V41F767F3D29B2	東京都	明大前整形外科クリニック	世田谷区松原1丁目38-25	第三種	⾃家多⾎⼩板⾎漿（Platelet-rich plasma：PRP）を⽤いた筋⾁、腱、靭帯、筋膜の損傷及び慢性炎症の治療（関節外の軟部組織）	PRP	価格確定	https://saiseiiryo.mhlw.go.jp/published_plan/download/01C2503079/5/0	A	IN_SCOPE
V41_02C2601034	02C2601034	V41F0E7D5A7478	東京都	昭和医科大学江東豊洲病院	江東区豊洲5-1-38	第二種	多血小板血漿（Platelet-rich plasma：PRP）を用いた変形性関節症治療	PRP	価格確定	https://saiseiiryo.mhlw.go.jp/published_plan/download/02C2601034/5/0	B	IN_SCOPE
V41_03C2208002	03C2208002	V41F2F76A73C47	東京都	東京医科大学病院	新宿区西新宿6-7-1	第三種	スポーツ傷害（筋・腱・靭帯）を対象とした自己多血小板血漿注入療法	PRP	価格非公開	https://hospinfo.tokyo-med.ac.jp/shinryo/seikei/	C	IN_SCOPE
V41_02C2309037	02C2309037	V41F232118E432	東京都	東京整形外科	調布市富士見町1-6-2 TAOビル3F	第三種	自家多血小板血漿（Platelet-rich plasma：PRP）を用いた筋肉、腱、靭帯、筋膜の損傷及び慢性炎症の治療（関節外の軟部組織）	PRP	価格確定	https://saiseiiryo.mhlw.go.jp/published_plan/download/02C2309037/5/0	D	IN_SCOPE
V41_03C2604023	03C2604023	V41F01E5ECD7BC	東京都	東京科学大学病院	文京区湯島一丁目5番45号	第三種	筋・腱・靭帯損傷・障害部へのPRP注射	PRP	価格確定	https://saiseiiryo.mhlw.go.jp/published_plan/download/03C2604023/5/0	A	IN_SCOPE
V41_02C2302016	02C2302016	V41FE56C7519EB	東京都	東急株式会社東急病院	大田区北千束3丁目27番2号	第二種	自家多血小板血漿（Platelet-Rich-Plasma：PRP）による変形性関節症治療	PRP	価格確定	https://saiseiiryo.mhlw.go.jp/published_plan/download/02C2302016/5/0	B	IN_SCOPE
V41_03C2412023	03C2412023	V41FA93B93E73B	東京都	東邦大学医療センター大森病院	大田区大森西6-11-1	第二種	自家多血小板血漿（Platelet-rich plasma：PRP）を用いた慢性関節炎の治療（関節内組織）	PRP	価格確定	https://saiseiiryo.mhlw.go.jp/published_plan/download/03C2412023/5/0	C	IN_SCOPE
V41_03C2412027	03C2412027	V41FA93B93E73B	東京都	東邦大学医療センター大森病院	大田区大森西6-11-1	第三種	自家多血小板血漿（Platelet-rich plasma：PRP）を用いた筋肉、腱、靭帯、筋膜の損傷及び慢性炎症の治療（関節外の軟部組織）	PRP	価格確定	https://saiseiiryo.mhlw.go.jp/published_plan/download/03C2412027/5/0	D	IN_SCOPE
V41_03C2412024	03C2412024	V41FC30E4AB16F	東京都	東邦大学医療センター大橋病院	目黒区大橋二丁目２２番３６号	第二種	自己多血小板血漿（Platelet-rich plasma: PRP）を用いた変形性関節症治療	PRP	価格確定	https://saiseiiryo.mhlw.go.jp/published_plan/download/03C2412024/5/0	A	IN_SCOPE
V41_03C2412025	03C2412025	V41FC30E4AB16F	東京都	東邦大学医療センター大橋病院	目黒区大橋二丁目２２番３６号	第三種	自己多血小板血漿（Platelet-rich plasma:PRP）を用いた整形外科領域における筋肉、腱、靭帯などの軟部組織損傷に対する治療	PRP	価格確定	https://saiseiiryo.mhlw.go.jp/published_plan/download/03C2412025/5/0	B	IN_SCOPE
V41_01C2002036	01C2002036	V41F91BB2341F2	東京都	横浜町田関節脊椎病院	町田市南つくし野３丁目１－２	第二種	多血小板血漿抽出液による関節症治療	APS/PRP	価格確定	https://saiseiiryo.mhlw.go.jp/published_plan/download/01C2002036/5/0	C	IN_SCOPE
V41_01C2603069	01C2603069	V41FE867B62D8E	東京都	江戸川区まつもと整形外科	江戸川区松本1-34-7 3F	第二種	自家多血小板血漿（PRP）の投与による変形性関節症治療	PRP	価格確定	https://saiseiiryo.mhlw.go.jp/published_plan/download/01C2603069/5/0	A	IN_SCOPE
V41_01C2603071	01C2603071	V41FE867B62D8E	東京都	江戸川区まつもと整形外科	江戸川区松本1-34-7 3F	第三種	自家多血小板血漿（PRP）の投与によるスポーツ外傷を含む筋・腱・靱帯損傷治療	PRP	価格確定	https://saiseiiryo.mhlw.go.jp/published_plan/download/01C2603071/5/0	D	IN_SCOPE
V41_01C2403007	01C2403007	V41FE53F617A06	東京都	池尻大橋せらクリニック	東京都目黒区大橋2-22-42 No.R池尻大橋4F	第三種	自家多血小板血漿(Platelet-rich plasma:PRP)を用いた筋肉、腱、靭帯、筋膜の損傷及び慢性炎症の治療（関節腔外に限る）	PRP	価格確定	https://saiseiiryo.mhlw.go.jp/published_plan/download/01C2403007/5/0	B	IN_SCOPE
V41_01C2003033	01C2003033	V41F5C42B5D569	東京都	独立行政法人労働者健康安全機構　東京労災病院	大田区大森南４－１３－２１	第三種	多血小板血漿を用いた靭帯・筋・腱及び腱付着部の機能障害・疾患の治療	PRP	価格確定	https://saiseiiryo.mhlw.go.jp/published_plan/download/01C2003033/5/0	C	IN_SCOPE
V41_02C2203008	02C2203008	V41F5C42B5D569	東京都	独立行政法人労働者健康安全機構　東京労災病院	大田区大森南４－１３－２１	第二種	多血小板血漿抽出液による関節症治療	APS/PRP	価格確定	https://saiseiiryo.mhlw.go.jp/published_plan/download/02C2203008/5/0	D	IN_SCOPE
V41_03C2604028	03C2604028	V41F0072FF5DB8	東京都	独立行政法人国立病院機構村山医療センター	武蔵村山市学園２－３７－１	第二種	変形性関節症に対する多血小板血漿抽出液（APS）関節内投与療法	APS/PRP	価格確定	https://murayama.hosp.go.jp/info/20240213.html	A	IN_SCOPE
V41_01C2509004	01C2509004	V41FDDE4772218	東京都	白山リハビリ整形外科	文京区白山１丁目３３－１８　白山NTビル4階	第三種	自家多血小板血漿（PRP）を用いた筋腱付着部およびスポーツ傷害（筋・腱・靭帯）の治療	PRP	価格確定	https://saiseiiryo.mhlw.go.jp/published_plan/download/01C2509004/5/0	B	IN_SCOPE
V41_01C2508064	01C2508064	V41FBE6EB4AF98	東京都	白金高輪やまと整形外科	港区三田5-12-7 プラウドフラット白金高輪 1階	第二種	自家多血小板血漿（Platelet-Rich Plasma：PRP）を用いた慢性関節炎の治療（関節内組織）	PRP	価格確定	https://saiseiiryo.mhlw.go.jp/published_plan/download/01C2508064/5/0	C	IN_SCOPE
V41_01C2508067	01C2508067	V41FBE6EB4AF98	東京都	白金高輪やまと整形外科	港区三田5-12-7 プラウドフラット白金高輪 1階	第三種	自家多血小板血漿（Platelet-Rich Plasma：PRP）を用いた筋肉、腱、靭帯、筋膜の損傷及び慢性炎症の治療（関節外の軟部組織）	PRP	価格確定	https://saiseiiryo.mhlw.go.jp/published_plan/download/01C2508067/5/0	D	IN_SCOPE
V41_01C2603053	01C2603053	V41F248C23888A	東京都	目黒ひざ＆形成外科クリニック	品川区上大崎二丁目13番26号 メイプルトップビル6F	第三種	自己多血小板血漿（PRP）を用いた整形外科領域における軟部組織治療	PRP	価格確定	https://saiseiiryo.mhlw.go.jp/published_plan/download/01C2603053/5/0	B	IN_SCOPE
V41_01C2603059	01C2603059	V41F248C23888A	東京都	目黒ひざ＆形成外科クリニック	品川区上大崎二丁目13番26号 メイプルトップビル6F	第二種	自己多血小板血漿（PRP）の投与による変形性関節症の治療	PRP	価格確定	https://saiseiiryo.mhlw.go.jp/published_plan/download/01C2603059/5/0	A	IN_SCOPE
V41_02C2602063	02C2602063	V41F56E6FAB465	東京都	社会医療法人財団　仁医会　牧田総合病院	大田区西蒲田8丁目20番1号	第三種	多血小板血漿(Platelet-rich plasma :PRP)を用いた整形外科領域における軟部組織修復治療	PRP	価格確定	https://saiseiiryo.mhlw.go.jp/published_plan/download/02C2602063/5/0	C	IN_SCOPE
V41_02C1909198	02C1909198	V41F3DE4512B69	東京都	社会福祉法人　みどり福祉会  B&Jクリニック　お茶の水	千代田区神田駿河台2-1-47  廣瀬お茶の水ビル5F	第三種	自家多血小板血漿（PRP）を用いた筋腱付着部炎、筋腱炎、靭帯損傷（関節外に限る）治療	PRP	価格確定	https://saiseiiryo.mhlw.go.jp/published_plan/download/02C1909198/5/0	D	IN_SCOPE
V41_03C2502007	03C2502007	V41F60936AA2A5	東京都	社会福祉法人同愛記念病院財団 同愛記念病院	墨田区横網二丁目1番11号	第三種	自家多血小板血漿（Platelet-rich plasma：PRP）を用いた筋肉、腱、靭帯、筋膜の損傷及び慢性炎症の治療（関節外の軟部組織）	PRP	価格確定	https://saiseiiryo.mhlw.go.jp/published_plan/download/03C2502007/5/0	A	IN_SCOPE
V41_03C2506013	03C2506013	V41F1EB132AD11	東京都	社会福祉法人賛育会　賛育会病院	墨田区太平3-20-2	第三種	自己多血小板血漿（PRP)を用いた、運動器組織再生療法（主に筋・腱・靱帯）	PRP	価格確定	https://saiseiiryo.mhlw.go.jp/published_plan/download/03C2506013/5/0	B	IN_SCOPE
V41_03C2310002	03C2310002	V41FE74C8C1F4B	東京都	祐天寺整形外科クリニック	目黒区祐天寺2-8-16  祐天寺K･I･Tビル2階	第三種	多血小板血漿(PRP)の投与によるスポーツ外傷を含む筋、腱、靱帯損傷治療	PRP	価格確定	https://saiseiiryo.mhlw.go.jp/published_plan/download/03C2310002/5/0	C	IN_SCOPE
V41_02C1910144	02C1910144	V41F12A10DD8E3	東京都	神谷整形外科・眼科	世田谷区弦巻1-35-20	第三種	自己多血小板血漿(PRP)を用いた整形療法	PRP	価格確定	https://saiseiiryo.mhlw.go.jp/published_plan/download/02C1910144/5/0	D	IN_SCOPE
V41_02C2111033	02C2111033	V41F3924FB92E4	東京都	羽田内科医院	世田谷区豪徳寺1-46-20　鈴和ビル１F	第三種	自己多血小板血漿(PRP)を用いた筋・腱・靭帯損傷などに対するPRPの経皮的投与	PRP	価格確定	https://saiseiiryo.mhlw.go.jp/published_plan/download/02C2111033/5/0	A	IN_SCOPE
V41_01C2507072	01C2507072	V41FD6AD97A0C5	東京都	葛西駅前あおぞら整形外科クリニック	江戸川区中葛西5-42-8 須三ビル4	第三種	多血小板血漿を用いた関節炎治療（第３種再生医療）	PRP	価格確定	https://saiseiiryo.mhlw.go.jp/published_plan/download/01C2507072/5/0	B	IN_SCOPE
V41_01C2407094	01C2407094	V41F625D929027	東京都	表参道総合医療クリニック	渋谷区神宮前5丁目46-16 イル・チェントロ・セレーノ1階	第二種	自己脂肪由来幹細胞を用いた頚椎症・腰椎症の治療	脂肪由来幹細胞	価格確定	https://saiseiiryo.mhlw.go.jp/published_plan/download/01C2407094/5/0	B	IN_SCOPE
V41_01C2504035	01C2504035	V41FB6FEEF9F1C	東京都	表参道総合医療クリニック	渋谷区神宮前前5丁目46-16 イル・チェントロ・セレーノ1階	第二種	自家多血小板血漿（Platelet-rich plasma：PRP）を用いた脊椎由来疼痛の治療	PRP	価格非公開	https://www.omotesando-amc.jp/price/	D	IN_SCOPE
V41_01C2506021	01C2506021	V41FB6FEEF9F1C	東京都	表参道総合医療クリニック	渋谷区神宮前前5丁目46-16   イル・チェントロ・セレーノ1階	第二種	自家多血小板血漿（Platelet-Rich Plasma：PRP）を用いた慢性関節炎の治療（関節内組織）	PRP	価格非公開	https://www.omotesando-amc.jp/price/	C	IN_SCOPE
V41_01C2506023	01C2506023	V41F625D929027	東京都	表参道総合医療クリニック	渋谷区神宮前5丁目46-16 イル・チェントロ・セレーノ1階	第二種	自己脂肪由来幹細胞を用いた関節疾患の治療	脂肪由来幹細胞	価格確定	https://saiseiiryo.mhlw.go.jp/published_plan/download/01C2506023/5/0	A	IN_SCOPE
V41_03C2410026	03C2410026	V41F31B1A16797	東京都	西新宿整形外科クリニック	新宿区西新宿7-21-3  西新宿大京ビル7F	第二種	多血小板血漿（PRP）の投与による変形性関節症治療	PRP	価格確定	https://saiseiiryo.mhlw.go.jp/published_plan/download/03C2410026/5/0	C	IN_SCOPE
V41_01C2406033	01C2406033	V41F3E8A4A7E12	東京都	豪徳寺整形外科クリニック	世田谷区豪徳寺2丁目31-8ハイム和泉102	第二種	自家多血小板血漿（Platelet-rich plasma：PRP）を用いた慢性関節炎の治療（関節内組織）	PRP	価格確定	https://saiseiiryo.mhlw.go.jp/published_plan/download/01C2406033/5/0	D	IN_SCOPE
V41_01C2512048	01C2512048	V41F36AAFD6103	東京都	運動器クリニック市ヶ谷	千代田区五番町2番地9 ESCALIER五番町 １階	第三種	自己多血小板血漿（PRP）を用いた整形外科領域における軟部組織治療	PRP	価格確定	https://saiseiiryo.mhlw.go.jp/published_plan/download/01C2512048/5/0	B	IN_SCOPE
V41_01C2601001	01C2601001	V41F36AAFD6103	東京都	運動器クリニック市ヶ谷	千代田区五番町2番地9 ESCALIER五番町 1階	第二種	自己多血小板血漿(PRP)の投与による変形性関節症の疼痛緩和を目的とした治療	PRP	価格確定	https://saiseiiryo.mhlw.go.jp/published_plan/download/01C2601001/5/0	A	IN_SCOPE
V41_01C2503076	01C2503076	V41F5BD8EE976B	東京都	都立大整形外科クリニック	目黒区平町1丁目26-3  スミール都立大2F	第二種	⾃家多⾎⼩板⾎漿（Platelet-rich plasma：PRP）を⽤いた慢性関節炎ならびに関節内軟⾻・靭帯損傷の治療（関節内組織）	PRP	価格確定	https://saiseiiryo.mhlw.go.jp/published_plan/download/01C2503076/5/0	C	IN_SCOPE
V41_01C2503077	01C2503077	V41F5BD8EE976B	東京都	都立大整形外科クリニック	目黒区平町1丁目26-3  スミール都立大2F	第三種	⾃家多⾎⼩板⾎漿（Platelet-rich plasma：PRP）を⽤いた筋⾁、腱、靭帯、筋膜の損傷及び慢性炎症の治療（関節外の軟部組織）	PRP	価格確定	https://saiseiiryo.mhlw.go.jp/published_plan/download/01C2503077/5/0	D	IN_SCOPE
V41_01C2411046	01C2411046	V41FD361E6CD7C	東京都	銀座ALIVIO clinic	中央区銀座5-5-18   銀座藤小西ビル4F	第二種	自家脂肪由来幹細胞を用いた変形性関節症治療	脂肪由来幹細胞	価格確定	https://ginza-alivio.com/menu/	A	IN_SCOPE
V41_03C2606011	03C2606011	V41FAC5EA5360E	東京都	銀座YRクリニック	中央区銀座六丁目５番-１３号Ｃｓｓ Ｂｕｉｌｄｉｎｇ Ⅲ 7F	第二種	自己脂肪由来間葉系幹細胞を用いた変形性関節症治療	脂肪由来幹細胞	価格確定	https://saiseiiryo.mhlw.go.jp/published_plan/download/03C2606011/5/0	C	IN_SCOPE
V41_03C2606016	03C2606016	V41FAC5EA5360E	東京都	銀座YRクリニック	中央区銀座六丁目５番-１３号Ｃｓｓ Ｂｕｉｌｄｉｎｇ Ⅲ 7F	第二種	自家多血小板血漿(PRP)を用いた慢性関節炎治療	PRP	価格確定	https://saiseiiryo.mhlw.go.jp/published_plan/download/03C2606016/5/0	B	IN_SCOPE
V41_03C2601047	03C2601047	V41FAB9D513ADF	東京都	銀座よしえクリニック都立大院	目黒区平町1-23-14EMON	第二種	自己脂肪組織由来間葉系幹細胞（ADSC）を用いた関節治療	脂肪由来幹細胞	価格確定	https://saiseiiryo.mhlw.go.jp/published_plan/download/03C2601047/5/0	D	IN_SCOPE
V41_01C2602054	01C2602054	V41FA8526A2F97	東京都	銀座聖愛わクリニック	中央区銀座五丁目10番2号　GINZA MISS PARIS 10階	第二種	膝関節症に対する自己脂肪由来幹細胞による治療	脂肪由来幹細胞	価格確定	https://saiseiiryo.mhlw.go.jp/published_plan/download/01C2602054/5/0	A	IN_SCOPE
V41_02C2503035	02C2503035	V41FC5B6A394E4	東京都	阿部整形外科クリニック	三鷹市野崎3-3-4-101	第二種	自家多血小板血漿（Platelet-rich plasma：PRP）を用いた慢性関節炎の治療（関節内組織）	PRP	価格確定	https://saiseiiryo.mhlw.go.jp/published_plan/download/02C2503035/5/0	B	IN_SCOPE
V41_01C2302046	01C2302046	V41FAEA2709811	東京都	陽だまりクリニック 六本木院	港区六本木6丁目1-26  六本木天城ビル 3F	第三種	PRP(多血小板血漿Platelet Rich Plasma)を用いて筋、腱、靭帯および筋-腱付着部損傷による疾患の治療を目的とした再生医療	PRP	価格確定	https://saiseiiryo.mhlw.go.jp/published_plan/download/01C2302046/5/0	C	IN_SCOPE
V41_01C2508039	01C2508039	V41F779AAFAA1B	東京都	青海100クリニック	東京都江東区青海2-4-32　タイム24ビル1階	第二種	関節周囲炎の緩和を目的とした自己脂肪由来間葉系間質細胞治療(局所投与)	脂肪由来幹細胞	未確認	https://saiseiiryo.mhlw.go.jp/published_plan/download/01C2508039/5/0	D	IN_SCOPE
V41_03C2308020	03C2308020	V41F093B946235	東京都	順天堂大学医学部附属練馬病院	練馬区高野台3−1−10	第二種	自家多血小板血漿(Platelet-rich plasma : PRP)を用いた関節内損傷に対する治療	PRP	価格確定	https://saiseiiryo.mhlw.go.jp/published_plan/download/03C2308020/5/0	A	IN_SCOPE
V41_03C2308021	03C2308021	V41FBAA5979354	東京都	順天堂大学医学部附属練馬病院	東京都練馬区高野台3−1−10	第三種	自家多血小板血漿(Platelet-rich plasma:PRP)を用いた腱付着部炎・腱障害・筋損傷・靭帯損傷(関節外に限る)治療	PRP	価格確定	https://saiseiiryo.mhlw.go.jp/published_plan/download/03C2308021/5/0	B	IN_SCOPE
V41_03C2609013	03C2609013	V41F52C8BCC0C9	東京都	順天堂大学医学部附属順天堂医院	文京区本郷3-1-3	第二種	自家脂肪組織由来幹細胞（ASC）の投与による変形性関節症治療	脂肪由来幹細胞	価格確定	https://saiseiiryo.mhlw.go.jp/published_plan/download/03C2609013/5/0	C	IN_SCOPE
V41_03C2609016	03C2609016	V41F52C8BCC0C9	東京都	順天堂大学医学部附属順天堂医院	文京区本郷3-1-3	第三種	自己多血小板血漿(PRP)療法（治療対象：筋・腱・靭帯・椎体周囲軟部組織の損傷）	PRP	価格確定	https://saiseiiryo.mhlw.go.jp/published_plan/download/03C2609016/5/0	D	IN_SCOPE
V41_03C2609017	03C2609017	V41F52C8BCC0C9	東京都	順天堂大学医学部附属順天堂医院	文京区本郷3-1-3	第二種	自己多血小板血漿(PRP)療法（治療対象：関節炎・変形性関節症）	PRP	価格確定	https://saiseiiryo.mhlw.go.jp/published_plan/download/03C2609017/5/0	A	IN_SCOPE
V41_02C2604007	02C2604007	V41F622B725F80	東京都	順天堂大学医学部附属順天堂東京江東高齢者医療センター	江東区新砂3-3-20	第三種	自己多血小板血漿(PRP)を用いた整形外科領域における軟部組織治療	PRP	価格確定	https://saiseiiryo.mhlw.go.jp/published_plan/download/02C2604007/5/0	B	IN_SCOPE
V41_02C2502053	02C2502053	V41FBDE86DC8C5	栃木県	医療法人恭友会　はせがわ整形外科クリニック	宇都宮市一条4-5-13	第三種	自己多血小板血漿（ＰＲＰ）を用いた整形外科治療	PRP	価格確定	https://saiseiiryo.mhlw.go.jp/published_plan/download/02C2502053/5/0	C	IN_SCOPE
V41_01C2307023	01C2307023	V41F075DAACD91	栃木県	医療法人親仁会　佐藤病院	宇都宮市西3-1-11	第三種	多血小板血漿（PRP）を用いた筋、腱、靭帯への治療	PRP	価格確定	https://saiseiiryo.mhlw.go.jp/published_plan/download/01C2307023/5/0	D	IN_SCOPE
V41_02C2604078	02C2604078	V41F2EF2F44CF7	栃木県	学校法人　獨協学園  獨協医科大学病院	下都賀郡壬生町大字北小林880	第三種	四肢の靭帯、筋腱付着部およびスポーツ傷害（筋・腱・靭帯）を対象とした自家多血小板血漿（PRP）注入療法	PRP	価格確定	https://saiseiiryo.mhlw.go.jp/published_plan/download/02C2604078/5/0	A	IN_SCOPE
V41_01G2512005	01G2512005	V41F08F61AF573	沖縄県	てだこ整形外科	浦添市前田3丁目13番28号　メディカルスクエアてだこ浦西 3F	第二種	自家脂肪組織由来幹細胞を用いた慢性疼痛の治療	脂肪由来幹細胞	価格確定	https://saiseiiryo.mhlw.go.jp/published_plan/download/01G2512005/5/0	B	IN_SCOPE
V41_02G2503013	02G2503013	V41F28A84265DD	沖縄県	医療法人八重瀬会　同仁病院	浦添市城間１－３７－１２	第三種	多血小板血漿を用いた靭帯・腱及び腱付着部の機能障害・疾患の治療	PRP	価格確定	https://saiseiiryo.mhlw.go.jp/published_plan/download/02G2503013/5/0	C	IN_SCOPE
V41_02G2001025	02G2001025	V41F8F7270A350	沖縄県	医療法人形成会 当山美容形成外科	那覇市久茂地2-11-18 当山久茂地川医邸　4・5階	第三種	自己多血小板血漿(PRP)を用いた筋・腱・靭帯等の整形外科的軟部組織再生治療	PRP	価格確定	https://saiseiiryo.mhlw.go.jp/published_plan/download/02G2001025/5/0	D	IN_SCOPE
V41_02G2602005	02G2602005	V41FBD7C31F7A8	沖縄県	社会医療法人友愛会友愛医療センター	沖縄県豊見城市字与根50番地212	第三種	靭帯・筋肉・腱・腱付着部に対する自家多血小板血漿（PRP）注入療法	PRP	価格確定	https://saiseiiryo.mhlw.go.jp/published_plan/download/02G2602005/5/0	A	IN_SCOPE
V41_01E2408020	01E2408020	V41F9938B58156	滋賀県	一般社団法人スピナレピオス  淡海せぼねクリニック	近江八幡市出町233-2	第二種	自家多血小板血漿（Platelet-Rich Plasma：PRP）を用いた慢性関節炎の治療（関節内組織）	PRP	価格確定	https://saiseiiryo.mhlw.go.jp/published_plan/download/01E2408020/5/0	B	IN_SCOPE
V41_01E2408021	01E2408021	V41F9938B58156	滋賀県	一般社団法人スピナレピオス  淡海せぼねクリニック	近江八幡市出町233-2	第三種	自家多血小板血漿（Platelet-rich plasma：PRP）を用いた筋肉、腱、靭帯、筋膜の損傷及び慢性炎症の治療（関節外の軟部組織）	PRP	価格確定	https://saiseiiryo.mhlw.go.jp/published_plan/download/01E2408021/5/0	C	IN_SCOPE
V41_01E2307012	01E2307012	V41F7F354A1492	滋賀県	公立甲賀病院	甲賀市水口町松尾1256番地	第三種	自家多血小板血漿（Platelet-rich plasma：PRP）を用いた筋肉、腱、靭帯、筋膜の損傷及び慢性炎症の治療（関節外の軟部組織）	PRP	価格確定	https://saiseiiryo.mhlw.go.jp/published_plan/download/01E2307012/5/0	D	IN_SCOPE
V41_02E2512024	02E2512024	V41F183ECAA334	滋賀県	医療法人はたスポーツ整形クリニック	守山市下之郷１－１５－８	第三種	多血小板血漿を用いた整形外科領域（関節腔内への投与を除く）の治療	PRP	価格確定	https://saiseiiryo.mhlw.go.jp/published_plan/download/02E2512024/5/0	A	IN_SCOPE
V41_01E2405012	01E2405012	V41FBB72A8FEDB	滋賀県	東近江市立能登川病院	東近江市猪子町191	第二種	変形性関節症に対する多血小板血漿（ＰＲＰ）関節内投与療法	PRP	価格確定	https://saiseiiryo.mhlw.go.jp/published_plan/download/01E2405012/5/0	B	IN_SCOPE
V41_01E2404003	01E2404003	V41FDC08058A49	滋賀県	田原整形外科	近江八幡市白鳥町48番地２	第三種	自家多血小板血漿(Platelet-rich plasma:PRP)を用いた筋肉、腱、靭帯、筋膜の損傷及び慢性炎症の治療（関節腔外に限る）	PRP	価格確定	https://saiseiiryo.mhlw.go.jp/published_plan/download/01E2404003/5/0	C	IN_SCOPE
V41_03E2607012	03E2607012	V41F69E38B4AAB	滋賀県	長浜赤十字病院	長浜市宮前町14番7号	第二種	多血小板血漿（Platelet-rich plasma：PRP）を用いた変形性関節症治療	PRP	価格確定	https://saiseiiryo.mhlw.go.jp/published_plan/download/03E2607012/5/0	D	IN_SCOPE
V41_02G2511005	02G2511005	V41FBA6C214822	熊本県	熊本整形外科病院	熊本市中央区新屋敷1丁目17-1	第三種	多血小板血漿（Platelet-rich plasma：PRP）を用いた筋、腱、靭帯損傷、肩腱板損傷に対する治療	PRP	価格確定	https://saiseiiryo.mhlw.go.jp/published_plan/download/02G2511005/5/0	A	IN_SCOPE
V41_03G2506011	03G2506011	V41F7A6CED9A86	熊本県	社会医療法人 令和会  熊本リハビリテーション病院	菊池郡菊陽町曲手760	第二種	変形性膝関節症に対する脂肪組織由来再生幹細胞(ADRCs)を用いた細胞治療	脂肪由来幹細胞	価格確定	https://saiseiiryo.mhlw.go.jp/published_plan/download/03G2506011/5/0	B	IN_SCOPE
V41_03G2506012	03G2506012	V41F7A6CED9A86	熊本県	社会医療法人 令和会　熊本リハビリテーション病院	菊池郡菊陽町曲手760	第二種	慢性疼痛に対する脂肪組織由来再生幹細胞(ADRCs)を用いた細胞治療	脂肪由来幹細胞	価格確定	https://saiseiiryo.mhlw.go.jp/published_plan/download/03G2506012/5/0	C	IN_SCOPE
V41_01D2408001	01D2408001	V41F671E1BEA5A	石川県	特定医療法人社団勝木会　やわたメディカルセンター	小松市八幡イ１２番地７	第二種	自家多血小板血漿（Platelet-rich plasma：PRP）を用いた変形性関節症治療	PRP	価格確定	https://saiseiiryo.mhlw.go.jp/published_plan/download/01D2408001/5/0	D	IN_SCOPE
V41_03D2512001	03D2512001	V41F081A4A2F2A	石川県	金沢泉が丘わたなべクリニック	金沢市泉野出町４丁目１－１１	第二種	変形性関節症に対する多血小板血漿（ＰＲＰ）関節内投与療法	PRP	価格確定	https://saiseiiryo.mhlw.go.jp/published_plan/download/03D2512001/5/0	A	IN_SCOPE
V41_03C2607012	03C2607012	V41F555C2C764E	神奈川県	Okuno Clinic.横浜 センター南	横浜市都筑区茅ヶ崎中央36-6　チサンイン横浜都筑2F	第二種	自家多血小板血漿（Platelet-rich plasma：PRP）を用いた慢性関節炎の治療（関節内組織）	PRP	価格確定	https://saiseiiryo.mhlw.go.jp/published_plan/download/03C2607012/5/0	B	IN_SCOPE
V41_03C2604033	03C2604033	V41F6E97850DA0	神奈川県	SBC整形外科クリニック横浜駅前院	横浜市西区北幸1-4-1  横浜天理ビル11階	第二種	多血小板血漿（PRP）の投与による変形性関節症治療	PRP	価格確定	https://saiseiiryo.mhlw.go.jp/published_plan/download/03C2604033/5/0	C	IN_SCOPE
V41_01C2602018	01C2602018	V41F72135F22C1	神奈川県	YSA スポーツと医科学のクリニック 横浜関内	横浜市中区港町1-1-1BASEGATE横浜関内タワー8階	第二種	自家多血小板血漿（PRP）を用いた関節内組織損傷に対する治療	PRP	価格確定	https://saiseiiryo.mhlw.go.jp/published_plan/download/01C2602018/5/0	D	IN_SCOPE
V41_01C2602021	01C2602021	V41FC92F62991F	神奈川県	YSA スポーツと医科学のクリニック横浜関内	横浜市中区港町1丁目1番地 BASEGATE横浜関内 8F	第三種	四肢の筋・腱・靱帯及びその付着部の外傷・障害を対象とした自家多血小板血漿（PRP）注入療法	PRP	価格確定	https://saiseiiryo.mhlw.go.jp/published_plan/download/01C2602021/5/0	A	IN_SCOPE
V41_02C1910113	02C1910113	V41F2BC37C8D3F	神奈川県	いしずえ整形外科	横浜市戸塚区戸塚町99  ポルテさくら2F	第二種	多血小板血漿（PRP）の投与による変形性関節症治療	PRP	価格確定	https://saiseiiryo.mhlw.go.jp/published_plan/download/02C1910113/5/0	B	IN_SCOPE
V41_01C2605011	01C2605011	V41F489D249EC0	神奈川県	さこ整形外科・リハビリテーション科	秦野市大秦町2-16クリエイトエス・ディー秦野大秦町店2F	第二種	自家多血小板血漿（PRP）を用いた関節内組織損傷に対する治療	PRP	価格確定	https://saiseiiryo.mhlw.go.jp/published_plan/download/01C2605011/5/0	D	IN_SCOPE
V41_01C2605012	01C2605012	V41F489D249EC0	神奈川県	さこ整形外科・リハビリテーション科	秦野市大秦町2-16クリエイトエス・ディー秦野大秦町店2F	第三種	四肢の筋・腱・靱帯及びその付着部の傷害を対象とした自家多血小板血漿（PRP）注入療法	PRP	価格確定	https://saiseiiryo.mhlw.go.jp/published_plan/download/01C2605012/5/0	C	IN_SCOPE
V41_01C2310010	01C2310010	V41F159BE50C8B	神奈川県	のぼりと整形外科診療所	川崎市多摩区登戸1854クリエイトS・D 川崎向ヶ丘遊園店 2階	第三種	自己多血小板血漿(PRP)を用いた筋・腱・靱帯損傷部の  治癒促進を目的とした整形外科治療	PRP	価格確定	https://saiseiiryo.mhlw.go.jp/published_plan/download/01C2310010/5/0	A	IN_SCOPE
V41_01C2512039	01C2512039	V41F0087EBF330	神奈川県	ふくむら整形外科	横浜市戸塚区下倉田町１８６９－１　  横浜戸塚メディカルビル　3階	第二種	多血小板血漿（PRP）の投与による変形性関節症治療	PRP	価格確定	https://saiseiiryo.mhlw.go.jp/published_plan/download/01C2512039/5/0	B	IN_SCOPE
V41_01C2512043	01C2512043	V41F0087EBF330	神奈川県	ふくむら整形外科	横浜市戸塚区下倉田町１８６９－１　  横浜戸塚メディカルビル　3階	第三種	多血小板血漿（PRP）を用いた筋肉、腱、靭帯、筋膜の損傷及び慢性炎症の治療（関節外の軟部組  織）	PRP	価格確定	https://saiseiiryo.mhlw.go.jp/published_plan/download/01C2512043/5/0	C	IN_SCOPE
V41_01C2105005	01C2105005	V41FFBF882BFD1	神奈川県	ほんだ整形外科クリニック	平塚市明石町1番23号 平塚明石ビル2・3階	第二種	自家多血小板血漿（Platelet-rich plasma：PRP）を用いた慢性関節炎の治療（関節内組織）	PRP	価格確定	https://saiseiiryo.mhlw.go.jp/published_plan/download/01C2105005/5/0	D	IN_SCOPE
V41_01C2108035	01C2108035	V41F0E099E2CA9	神奈川県	エムズクリニック	横浜市鶴見区鶴見中央1丁目9−21 ニッコービルマーク2　1F	第三種	自己多血小板血漿（ＰＲＰ）を用いた筋・腱・靭帯の損傷組織修復療法	PRP	価格確定	https://saiseiiryo.mhlw.go.jp/published_plan/download/01C2108035/5/0	A	IN_SCOPE
V41_02C2409002	02C2409002	V41F7D5B35BE6C	神奈川県	シン・整形外科 網島	横浜市港北区網島東１丁目７－１０　リンコー網島ビル	第二種	多血小板血漿（PRP）による変形性関節症治療	PRP	価格確定	https://saiseiiryo.mhlw.go.jp/published_plan/download/02C2409002/5/0	B	IN_SCOPE
V41_02C2409003	02C2409003	V41F7D5B35BE6C	神奈川県	シン・整形外科 網島	横浜市港北区網島東１丁目７－１０　リンコー網島ビル	第三種	多血小板血漿（PRP）を用いた筋、腱、靭帯への治療	PRP	価格確定	https://saiseiiryo.mhlw.go.jp/published_plan/download/02C2409003/5/0	C	IN_SCOPE
V41_01C1909033	01C1909033	V41F342EAF9B2F	神奈川県	センター南ＧＯＴＯクリニック	横浜市都筑区茅ヶ崎中央１－２　センター南光ビル　４階	第二種	多血小板血漿抽出液による関節症治療	APS/PRP	価格確定	https://saiseiiryo.mhlw.go.jp/published_plan/download/01C1909033/5/0	A	IN_SCOPE
V41_01C1909034	01C1909034	V41F825CEB6592	神奈川県	センター南ＧＯＴＯクリニック	浜市都筑区茅ヶ崎中央１－２　センター南光ビル　４階	第三種	多血小板血漿を用いた靭帯・腱及び腱付着部の機能障害・疾患の治療	PRP	価格確定	https://saiseiiryo.mhlw.go.jp/published_plan/download/01C1909034/5/0	D	IN_SCOPE
V41_01C2302050	01C2302050	V41FD071593495	神奈川県	ヴェルディクリニック	川崎市多摩区菅仙谷4-1-1　東京ヴェルディクラブハウス内	第二種	自家多血小板血漿（Platelet-rich plasma：PRP）を用いた慢性関節炎の治療（関節内組織）	PRP	価格確定	https://saiseiiryo.mhlw.go.jp/published_plan/download/01C2302050/5/0	B	IN_SCOPE
V41_01C2302051	01C2302051	V41FD071593495	神奈川県	ヴェルディクリニック	川崎市多摩区菅仙谷4-1-1　東京ヴェルディクラブハウス内	第三種	自家多血小板血漿（Platelet-rich plasma：PRP）を用いた筋肉、腱、靭帯、筋膜の損傷及び慢性炎症の治療（関節外の軟部組織）	PRP	価格確定	https://saiseiiryo.mhlw.go.jp/published_plan/download/01C2302051/5/0	C	IN_SCOPE
V41_01C2602011	01C2602011	V41FBB369DF977	神奈川県	三ツ沢SORA整形外科	横浜市神奈川区三ツ沢上町5-14グランシャリオ三ッ沢 1階	第二種	変形性関節症を対象とした自家多血小板血漿（PRP）注入療法	PRP	価格確定	https://saiseiiryo.mhlw.go.jp/published_plan/download/01C2602011/5/0	A	IN_SCOPE
V41_01C2602012	01C2602012	V41FBB369DF977	神奈川県	三ツ沢SORA整形外科	横浜市神奈川区三ツ沢上町5-14グランシャリオ三ッ沢 1階	第三種	四肢の筋・腱・靱帯及びその付着部の傷害を対象とした自家多血小板血漿（PRP）注入療法	PRP	価格確定	https://saiseiiryo.mhlw.go.jp/published_plan/download/01C2602012/5/0	D	IN_SCOPE
V41_01C2310016	01C2310016	V41FC80039AD2A	神奈川県	二階堂整形外科クリニック	茅ヶ崎市浜見平３番１号BRANCH茅ヶ崎２－１階	第三種	自家多血小板血漿（PRP)を用いた筋肉、腱、靭帯、筋膜の損傷及び慢性炎症の治療（関節外の軟部組織）	PRP	価格確定	https://saiseiiryo.mhlw.go.jp/published_plan/download/01C2310016/5/0	C	IN_SCOPE
V41_02C2506011	02C2506011	V41F673DA4A7ED	神奈川県	二階堂整形外科クリニック	茅ヶ崎市浜見平３番１号BRANCH茅ヶ崎２ー１階	第二種	自家多血小板血漿（PRP）を用いた慢性関節炎の治療（関節内組織）	PRP	価格確定	https://saiseiiryo.mhlw.go.jp/published_plan/download/02C2506011/5/0	B	IN_SCOPE
V41_01C2410005	01C2410005	V41F6838454D45	神奈川県	井土ヶ谷整形外科リハビリクリニック	横浜市南区井土ケ谷中町158　アクロスキューブ3F	第二種	多血小板血漿（PRP）による変形性関節症および半月板損傷治療	PRP	価格確定	https://saiseiiryo.mhlw.go.jp/published_plan/download/01C2410005/5/0	D	IN_SCOPE
V41_02C2411022	02C2411022	V41F2BA4E86271	神奈川県	公立大学法人横浜市立大学附属病院	横浜市金沢区福浦3−9	第二種	自家多血小板血漿(Platelet-rich plasma:PRP)を用 いた関節内組織損傷に対する治療	PRP	価格確定	https://saiseiiryo.mhlw.go.jp/published_plan/download/02C2411022/5/0	A	IN_SCOPE
V41_01C2508047	01C2508047	V41F7D8450826A	神奈川県	内田宙司整形外科	横須賀市湘南国際村1-3-10	第二種	多増殖因子血漿（PRGF）を用いた変形性関節症・関節炎治療	PRGF	価格確定	https://saiseiiryo.mhlw.go.jp/published_plan/download/01C2508047/5/0	B	IN_SCOPE
V41_01C2303041	01C2303041	V41F685148C501	神奈川県	医療法人 よこはまTSC  横浜たまプラーザ運動器スポーツクリニック	横浜市青葉区美しが丘二丁目14番地９  MMPたまプラーザ１０１号室	第二種	変形性関節症および関節腔の傷害を対象とした自家多血小板血漿（PRP）注入療法	PRP	価格確定	https://saiseiiryo.mhlw.go.jp/published_plan/download/01C2303041/5/0	D	IN_SCOPE
V41_01C2303050	01C2303050	V41F685148C501	神奈川県	医療法人 よこはまTSC  横浜たまプラーザ運動器スポーツクリニック	横浜市青葉区美しが丘二丁目14番地９  MMPたまプラーザ１０１号室	第三種	四肢の靭帯、筋腱付着部およびスポーツ傷害（筋・腱・靭帯）を対象とした自家多血小板血漿（PRP）注入療法	PRP	価格確定	https://saiseiiryo.mhlw.go.jp/published_plan/download/01C2303050/5/0	C	IN_SCOPE
V41_01C2305022	01C2305022	V41FAC6B0C1204	神奈川県	医療法人　健進会　井上整形外科	座間市入谷西四丁目2番6号	第二種	変形性関節症および関節腔の傷害を対象とした自家多血小板血漿（PRP）注入療法	PRP	価格確定	https://saiseiiryo.mhlw.go.jp/published_plan/download/01C2305022/5/0	B	IN_SCOPE
V41_01C2305023	01C2305023	V41FAC6B0C1204	神奈川県	医療法人　健進会　井上整形外科	座間市入谷西四丁目2番6号	第三種	四肢の靭帯、筋腱付着部およびスポーツ傷害（筋・腱・靭帯）を対象とした自家多血小板血漿（PRP）注入療法	PRP	価格確定	https://saiseiiryo.mhlw.go.jp/published_plan/download/01C2305023/5/0	A	IN_SCOPE
V41_03C2409021	03C2409021	V41FE55039A084	神奈川県	医療法人光耀会　菊地眼科クリニック	川崎市幸区下平間152-3	第三種	自己多血小板血漿(PRP)を用いた筋・腱・靭帯等の軟部組織再生治療	PRP	価格確定	https://saiseiiryo.mhlw.go.jp/published_plan/download/03C2409021/5/0	C	IN_SCOPE
V41_01C2410057	01C2410057	V41F4B1FAFEBC3	神奈川県	医療法人博桜会　たなべ整形外科　せぼね・骨粗しょう症クリニック	横浜市緑区十日市場町819-13	第二種	自家多血小板血漿（Platelet-rich plasma：PRP）を用いた腰痛症の治療	PRP	価格確定	https://saiseiiryo.mhlw.go.jp/published_plan/download/01C2410057/5/0	A	IN_SCOPE
V41_01C2410058	01C2410058	V41F4B1FAFEBC3	神奈川県	医療法人博桜会　たなべ整形外科　せぼね・骨粗しょう症クリニック	横浜市緑区十日市場町819-13	第二種	自家多血小板血漿（Platelet-rich plasma：PRP）を用いた慢性関節炎の治療（関節内組織）	PRP	価格確定	https://saiseiiryo.mhlw.go.jp/published_plan/download/01C2410058/5/0	D	IN_SCOPE
V41_01C2406054	01C2406054	V41F71A06BD1E4	神奈川県	医療法人宝円会　湘南つつじ整形外科	茅ヶ崎市萩園２３９３番地３　２F	第三種	自己多血小板血漿(PRP)を用いた筋肉、腱、靱帯、筋膜（関節外の軟部組織）の治療	PRP	価格確定	https://saiseiiryo.mhlw.go.jp/published_plan/download/01C2406054/5/0	B	IN_SCOPE
V41_03C2604006	03C2604006	V41F0379516EB3	神奈川県	医療法人徳洲会　湘南鎌倉人工関節センター	鎌倉市台5-4-17	第二種	多血小板血漿（PRP）の投与による変形性関節症治療	PRP	価格確定	https://saiseiiryo.mhlw.go.jp/published_plan/download/03C2604006/5/0	C	IN_SCOPE
V41_03C2607029	03C2607029	V41FCBA1D7DA3E	神奈川県	医療法人徳洲会　湘南鎌倉総合病院	鎌倉市岡本1370番1	第三種	自家多血小板血漿（PRP:Platelet Rich Plasma）を用いた靭帯、腱及び腱付着部の炎症、筋挫傷に対する治療	PRP	価格確定	https://saiseiiryo.mhlw.go.jp/published_plan/download/03C2607029/5/0	D	IN_SCOPE
V41_02C1910206	02C1910206	V41F4927CE1AF1	神奈川県	医療法人愛仁会　太田総合病院	川崎市川崎区日進町1-50	第三種	自己多血小板血漿(PRP)を用いた整形外科領域における軟部組織治療	PRP	価格確定	https://saiseiiryo.mhlw.go.jp/published_plan/download/02C1910206/5/0	B	IN_SCOPE
V41_02C1912019	02C1912019	V41F4927CE1AF1	神奈川県	医療法人愛仁会　太田総合病院	川崎市川崎区日進町1-50	第二種	多血小板血漿（Platelet-rich plasma：PRP）を用いた変形性関節症治療	PRP	価格確定	https://saiseiiryo.mhlw.go.jp/published_plan/download/02C1912019/5/0	A	IN_SCOPE
V41_02C2608038	02C2608038	V41FA4C65591BA	神奈川県	医療法人柿生会 渡辺クリニック	川崎市麻生区上麻生7-22-11	第二種	多血小板血漿（Platelet-rich plasma：PRP）を用いた整形外科疾患に対する治療	PRP	未確認	https://watanabeclinic.com/	C	IN_SCOPE
V41_02C2508001	02C2508001	V41F8785B122AB	神奈川県	医療法人横浜未来ヘルスケアシステム　戸塚共立第２病院	横浜市戸塚区吉田町579-1	第三種	自家多血小板血漿（Platelet-rich plasma：PRP）を用いた筋肉、腱、靭帯、筋膜の損傷及び慢性炎症の治療（関節外の軟部組織）	PRP	価格確定	https://saiseiiryo.mhlw.go.jp/published_plan/download/02C2508001/5/0	A	IN_SCOPE
V41_02C2508002	02C2508002	V41F8785B122AB	神奈川県	医療法人横浜未来ヘルスケアシステム　戸塚共立第２病院	横浜市戸塚区吉田町579-1	第二種	自家多血小板血漿（Platelet-rich plasma：PRP）を用いた慢性関節炎の治療（関節内組織）	PRP	価格確定	https://saiseiiryo.mhlw.go.jp/published_plan/download/02C2508002/5/0	D	IN_SCOPE
V41_02C2508038	02C2508038	V41FD7677D490C	神奈川県	医療法人湘美会 SBC横浜駅前整形外科クリニック	横浜市西区北幸1丁目4－1横浜天理ビル11階	第二種	自己脂肪組織由来幹細胞（ASCs）を用いた変形性関節症の治療	脂肪由来幹細胞	価格確定	https://www.sbc-seikeigeka.com/care/kneejoint/	B	IN_SCOPE
V41_01C1912052	01C1912052	V41F1E20E36208	神奈川県	医療法人社団　嘉徳会　かんクリニック　リウマチ・整形外科	逗子市久木4−2−5 ZEROビル1階・2階・3階	第三種	自己多血小板血漿(PRP)を用いた筋・腱・靭帯等の軟部組織治療	PRP	価格確定	https://saiseiiryo.mhlw.go.jp/published_plan/download/01C1912052/5/0	C	IN_SCOPE
V41_03C2305018	03C2305018	V41F2C83AE0394	神奈川県	医療法人社団　総生会 麻生リハビリ総合病院	川崎市麻生区上麻生6-23-50	第二種	多血小板血漿（PRP）による変形性膝関節症治療	PRP	価格確定	https://saiseiiryo.mhlw.go.jp/published_plan/download/03C2305018/5/0	D	IN_SCOPE
V41_02C2104005	02C2104005	V41F6CD422CED3	神奈川県	医療法人社団　葵会　AOI国際病院	川崎市川崎区田町2-9-1	第三種	整形外科領域におけるPRP（多血小板血漿）療法	PRP	価格確定	https://www.aoikai.jp/aoiuniversalhospital/specialty/prp/prp02/	A	IN_SCOPE
V41_01C2107014	01C2107014	V41FB4A42DEB6D	神奈川県	医療法人社団アスクレピオス  ランドマーク横浜国際クリニック	横浜市西区みなとみらい2-2-1  ランドマークプラザ1階	第二種	変形性関節症に対する自己脂肪由来幹細胞を用いた治療	脂肪由来幹細胞	価格確定	https://saiseiiryo.mhlw.go.jp/published_plan/download/01C2107014/5/0	B	IN_SCOPE
V41_01C2408062	01C2408062	V41F28D3D942DE	神奈川県	医療法人社団三成会　新百合ヶ丘総合病院	川崎市麻生区古沢都古255	第二種	自家多血小板血漿（Platelet-rich plasma：PRP）を用いた慢性関節炎の治療（関節内組織）	PRP	価格確定	https://saiseiiryo.mhlw.go.jp/published_plan/download/01C2408062/5/0	C	IN_SCOPE
V41_01C2408063	01C2408063	V41F28D3D942DE	神奈川県	医療法人社団三成会　新百合ヶ丘総合病院	川崎市麻生区古沢都古255	第三種	自家多血小板血漿（Platelet-rich plasma：PRP）を用いた筋肉、腱、靭帯、筋膜の損傷及び慢性炎症の治療（関節外の軟部組織）	PRP	価格確定	https://saiseiiryo.mhlw.go.jp/published_plan/download/01C2408063/5/0	D	IN_SCOPE
V41_01C2411084	01C2411084	V41FE77155AC34	神奈川県	医療法人社団三穂会　三宅整形外科小児科クリニック	横須賀市浦賀5-2-3	第二種	変形性関節症に対する多血小板血漿（ＰＲＰ）関節内投与療法	PRP	価格確定	https://www.miyake-seikei.com/	A	IN_SCOPE
V41_01C2411085	01C2411085	V41FE77155AC34	神奈川県	医療法人社団三穂会　三宅整形外科小児科クリニック	横須賀市浦賀5-2-3	第三種	多血小板血漿を用いた整形外科領域（関節腔内への投与を除く）の治療	PRP	価格確定	https://www.miyake-seikei.com/	B	IN_SCOPE
V41_01C2303043	01C2303043	V41F7BB70789FF	神奈川県	医療法人社団優洸会  相模大野整形・形成外科	相模原市南区相模大野3-11-5  KAJIYA第2ビル4F、5F	第二種	自家培養脂肪由来幹細胞を用いた変形性膝関節症治療	脂肪由来幹細胞	価格確定	https://www.dr-kenta.com/regenerate/	D	IN_SCOPE
V41_01C2303044	01C2303044	V41F7BB70789FF	神奈川県	医療法人社団優洸会  相模大野整形・形成外科	相模原市南区相模大野3-11-5  KAJIYA第2ビル4F、5F	第二種	多血小板血漿を用いた変形性関節症治療	PRP	価格確定	https://saiseiiryo.mhlw.go.jp/published_plan/download/01C2303044/5/0	C	IN_SCOPE
V41_01C2008023	01C2008023	V41FB82B010244	神奈川県	医療法人社団快晴会　田奈整形外科・外科	横浜市青葉区田奈町15-7 第二東ビル2階	第三種	自家多血小板血漿(PRP)の投与によるスポーツ外傷を含む筋、腱、靱帯損傷治療	PRP	価格確定	https://saiseiiryo.mhlw.go.jp/published_plan/download/01C2008023/5/0	A	IN_SCOPE
V41_01C2009074	01C2009074	V41FB82B010244	神奈川県	医療法人社団快晴会　田奈整形外科・外科	横浜市青葉区田奈町15-7 第二東ビル2階	第二種	自家多血小板血漿（PRP）の投与による変形性関節症治療	PRP	価格確定	https://saiseiiryo.mhlw.go.jp/published_plan/download/01C2009074/5/0	B	IN_SCOPE
V41_02C2504042	02C2504042	V41FB82B010244	神奈川県	医療法人社団快晴会　田奈整形外科・外科	横浜市青葉区田奈町15-7 第二東ビル2階	第二種	自家脂肪組織由来幹細胞（ASC）の投与による関節治療	脂肪由来幹細胞	価格確定	https://saiseiiryo.mhlw.go.jp/published_plan/download/02C2504042/5/0	C	IN_SCOPE
V41_03C2305019	03C2305019	V41FEDB9A6E5CE	神奈川県	医療法人社団慈誠会　神人整形外科クリニック	横浜市中区伊勢佐木町６－１４６  ストーク伊勢佐木六番館１Ｆ	第二種	多血小板血漿（PRP）による変形性膝関節症治療	PRP	価格確定	https://saiseiiryo.mhlw.go.jp/published_plan/download/03C2305019/5/0	D	IN_SCOPE
V41_01C2103001	01C2103001	V41FE499C63A14	神奈川県	医療法人社団明和会　亀田病院	横浜市西区御所山町77番地	第二種	関節炎・変形性関節症の自己多血小板血漿（PRP）治療法	PRP	価格非公開	https://www.kameda-hp.jp/department/orthopedic_surgery.html	B	IN_SCOPE
V41_02C2604080	02C2604080	V41FE499C63A14	神奈川県	医療法人社団明和会　亀田病院	横浜市西区御所山町77番地	第三種	自己多血小板血漿（PRP)を用いた、筋・腱・靭帯への軟部組織再生療法	PRP	価格確定	https://saiseiiryo.mhlw.go.jp/published_plan/download/02C2604080/5/0	A	IN_SCOPE
V41_03C2111004	03C2111004	V41F091C6DD8D8	神奈川県	医療法人社団栄親会　横浜整形外科クリニック	横浜市西区岡野二丁目5番18号2F	第三種	自己多血小板血漿（PRP)を用いた、筋・腱・靭帯の軟部組織再生療法	PRP	価格確定	https://saiseiiryo.mhlw.go.jp/published_plan/download/03C2111004/5/0	C	IN_SCOPE
V41_01C2209020	01C2209020	V41FAF8317BA68	神奈川県	医療法人社団梅沢医院　梅沢整形外科	横浜市旭区東希望が丘77-2	第三種	自家多血小板血漿（Platelet-rich plasma：PRP）を用いた筋肉、腱、靭帯、筋膜の損傷及び慢性炎症の治療（関節外の軟部組織）	PRP	価格確定	https://saiseiiryo.mhlw.go.jp/published_plan/download/01C2209020/5/0	A	IN_SCOPE
V41_02C1906040	02C1906040	V41FAF8317BA68	神奈川県	医療法人社団梅沢医院　梅沢整形外科	横浜市旭区東希望が丘77-2	第三種	多血小板血漿を用いた再生医療	PRP	価格確定	https://saiseiiryo.mhlw.go.jp/published_plan/download/02C1906040/5/0	D	IN_SCOPE
V41_02C2603036	02C2603036	V41F2F18627392	神奈川県	医療法人社団活寿会 横浜ひざ関節症クリニック	横浜市西区北幸1-1-8 エキニア横浜8F 802A	第二種	脂肪組織由来幹細胞（ASC）の投与による関節治療	脂肪由来幹細胞	価格確定	https://saiseiiryo.mhlw.go.jp/published_plan/download/02C2603036/5/0	B	IN_SCOPE
V41_03C2504060	03C2504060	V41F2B7B888406	神奈川県	医療法人社団皆吉会プライムコーストみなとみらいクリニック	横浜市西区みなとみらい６丁目３−４　プライムコーストみなとみらい　２Ｆ	第二種	変形性関節症に対する多血小板血漿（ＰＲＰ）関節内投与療法	PRP	価格確定	https://saiseiiryo.mhlw.go.jp/published_plan/download/03C2504060/5/0	C	IN_SCOPE
V41_03C2504061	03C2504061	V41F2B7B888406	神奈川県	医療法人社団皆吉会プライムコーストみなとみらいクリニック	横浜市西区みなとみらい６丁目３−４　プライムコーストみなとみらい　２Ｆ	第三種	多血小板血漿を用いた整形外科領域（関節腔内への投与を除く）の治療	PRP	価格確定	https://saiseiiryo.mhlw.go.jp/published_plan/download/03C2504061/5/0	D	IN_SCOPE
V41_02C2001097	02C2001097	V41F6A830C1F3C	神奈川県	医療法人社団総生会 麻生総合病院	川崎市麻生区上麻生６－２５－１	第三種	自己多血小板血漿（Platelet-rich plasma：PRP）を用いた、筋腱付着部炎・筋損傷・靭帯損傷の治癒促進	PRP	価格確定	https://saiseiiryo.mhlw.go.jp/published_plan/download/02C2001097/5/0	A	IN_SCOPE
V41_01C2410043	01C2410043	V41F6F8D305986	神奈川県	医療法人社団耀風会  仲野整形外科スポーツ・ウェルネスクリニック	藤沢市鵠沼神明5丁目14-15	第三種	自家多血小板血漿（Platelet-rich plasma：PRP）を用いた筋肉、腱、靭帯、筋膜の損傷及び慢性炎症の治療（関節外の軟部組織）	PRP	価格確定	https://saiseiiryo.mhlw.go.jp/published_plan/download/01C2410043/5/0	C	IN_SCOPE
V41_01C2411083	01C2411083	V41F6F8D305986	神奈川県	医療法人社団耀風会  仲野整形外科スポーツ・ウェルネスクリニック	藤沢市鵠沼神明5丁目14-15	第二種	自家多血小板血漿（Platelet-Rich Plasma：PRP）を用いた慢性関節炎の治療（関節内組織）	PRP	価格確定	https://saiseiiryo.mhlw.go.jp/published_plan/download/01C2411083/5/0	B	IN_SCOPE
V41_01C2605036	01C2605036	V41F76A8CE1F68	神奈川県	医療法人社団豊葉会　ザ・ヨコハマフロント・ベイサイドクリニック	横浜市神奈川区鶴屋町1丁目41 ザ・ヨコハマフロント3階	第二種	自家多血小板血漿（Platelet-Rich Plasma：PRP）を用いた慢性関節炎の治療（関節内組織）	PRP	価格確定	https://saiseiiryo.mhlw.go.jp/published_plan/download/01C2605036/5/0	D	IN_SCOPE
V41_01C2605037	01C2605037	V41F76A8CE1F68	神奈川県	医療法人社団豊葉会　ザ・ヨコハマフロント・ベイサイドクリニック	横浜市神奈川区鶴屋町1丁目41 ザ・ヨコハマフロント3階	第三種	自家多血小板血漿（Platelet-Rich Plasma：PRP）を用いた筋肉、腱、靭帯、筋膜の損傷及び慢性炎症の治療（関節外の軟部組織）	PRP	価格確定	https://saiseiiryo.mhlw.go.jp/published_plan/download/01C2605037/5/0	A	IN_SCOPE
V41_03C2310079	03C2310079	V41F54EDE0D713	神奈川県	医療法人緑樹会　あおば整形外科	横浜市青葉区しらとり台１番地１２　グリーングラスビル	第三種	多血小板血漿を用いた靭帯・腱及び腱付着部の機能障害・疾患の治療	PRP	価格確定	https://saiseiiryo.mhlw.go.jp/published_plan/download/03C2310079/5/0	B	IN_SCOPE
V41_01C2405046	01C2405046	V41FA87CDC6E15	神奈川県	医療法人誠仁会　誠友クリニック	横浜市中区山下町224-2　パークポイント山下町　1F	第三種	多血小板血漿を用いた整形外科領域（関節腔内への投与を除く）の治療	PRP	未確認	https://seiyu-clinic.com/%E6%96%99%E9%87%91%E8%A1%A8	C	IN_SCOPE
V41_01C2412055	01C2412055	V41FD15C5E30AC	神奈川県	医療法人野球医学ベースボール＆スポーツクリニック	川崎市中原区小杉町2丁目228番地1パークシティ武蔵小杉ザガーデンタワーズウエスト１階W４	第三種	多血小板血漿を用いた整形外科領域（関節腔内への投与を除く）の治療	PRP	価格非公開	https://baseball-sports.clinic/	D	IN_SCOPE
V41_01C2006014	01C2006014	V41F40F69ADEEA	神奈川県	医療法人順正会　横浜鶴ヶ峰病院付属予防医療クリニック	横浜市旭区鶴ヶ峰2-82-1 ココロットつるがみね5階	第二種	変形性膝関節症（OA）に対する多血小板血漿（自家PRP）治療	PRP	価格確定	https://saiseiiryo.mhlw.go.jp/published_plan/download/01C2006014/5/0	A	IN_SCOPE
V41_01C2605035	01C2605035	V41F62C99AB377	神奈川県	医療法人颯成会　さいとう整形クリニック	横須賀市吉井2丁目3番3号	第二種	自家多血小板血漿（Platelet-Rich Plasma：PRP）を用いた慢性関節炎の治療（関節内組織）	PRP	価格確定	https://saitouseikei.com/%E5%86%8D%E7%94%9F%E5%8C%BB%E7%99%82	B	IN_SCOPE
V41_03C2412021	03C2412021	V41F14E05B6B00	神奈川県	原整形外科医院	横浜市南区弘明寺町268	第二種	多血小板血漿（PRP）による変形性膝関節症治療	PRP	価格確定	https://saiseiiryo.mhlw.go.jp/published_plan/download/03C2412021/5/0	C	IN_SCOPE
V41_01C2606028	01C2606028	V41F43885636C6	神奈川県	吉野整形外科	横浜市神奈川区大口通56-5 大口メディカルセンター1F	第二種	自家多血小板血漿（PRP）を用いた関節内組織損傷に対する治療	PRP	価格確定	https://saiseiiryo.mhlw.go.jp/published_plan/download/01C2606028/5/0	A	IN_SCOPE
V41_01C2606029	01C2606029	V41F43885636C6	神奈川県	吉野整形外科	横浜市神奈川区大口通56-5 大口メディカルセンター1F	第三種	四肢の筋・腱・靱帯及びその付着部の傷害を対象とした自家多血小板血漿（PRP）注入療法	PRP	価格確定	https://saiseiiryo.mhlw.go.jp/published_plan/download/01C2606029/5/0	D	IN_SCOPE
V41_02C2411039	02C2411039	V41F0BD84E86C2	神奈川県	国家公務員共済組合連合会　横浜南共済病院	神奈川県横浜市金沢区六浦東1-21-1	第三種	自家多血小板血漿（PRP）を用いた腱付着部炎・腱障害・筋損傷・靭帯損傷（関節外に限る）治療	PRP	未確認	https://minamikyousai.kkr.or.jp/service/orthopedics/	B	IN_SCOPE
V41_02C2502024	02C2502024	V41F7AAE4023FC	神奈川県	小田原市立病院	小田原市久野46番地	第三種	多血小板血漿を用いた筋腱炎の治療（Arthrex社製）	PRP	未確認	https://www.city.odawara.kanagawa.jp/	C	IN_SCOPE
V41_02C2602044	02C2602044	V41FF71C95FC03	神奈川県	山下公園スパインクリニック	横浜市中区山下町30-1　パークコート山下公園２階	第二種	自家多血小板血漿（PRP）を用いた変形性関節症及び関節腔内の治療	PRP	価格確定	https://saiseiiryo.mhlw.go.jp/published_plan/download/02C2602044/5/0	D	IN_SCOPE
V41_02C2603016	02C2603016	V41FF71C95FC03	神奈川県	山下公園スパインクリニック	横浜市中区山下町30-1　パークコート山下公園２階	第三種	自家多血小板血漿（PRP）を用いた筋腱付着部およびスポーツ傷害（筋・腱・靭帯）の治療	PRP	価格確定	https://saiseiiryo.mhlw.go.jp/published_plan/download/02C2603016/5/0	A	IN_SCOPE
V41_01C2502023	01C2502023	V41F0AA5AE12F1	神奈川県	弘明寺整形外科リハビリテーションクリニック	横浜市南区六ツ川1-81 FHCビル3階	第二種	自家多血小板血漿（Platelet-Rich Plasma：PRP）を用いた  慢性関節炎の治療（関節内組織）	PRP	価格確定	https://saiseiiryo.mhlw.go.jp/published_plan/download/01C2502023/5/0	B	IN_SCOPE
V41_02C2411019	02C2411019	V41FB758840114	神奈川県	横浜市立大学附属病院	横浜市金沢区福浦3−９	第三種	自家多血小板血漿(PRP)を用いた腱付着部炎・腱障害・筋損傷・靭帯損傷(関節外に限る)治療	PRP	価格確定	https://saiseiiryo.mhlw.go.jp/published_plan/download/02C2411019/5/0	C	IN_SCOPE
V41_01C2604046	01C2604046	V41FADB05B24D7	神奈川県	横浜駅前さいとう整形外科・スポーツクリニック	横浜市神奈川区鶴屋町2-11-8 第8安田ビル（メディカルスクエア鶴屋町）2F	第三種	自己多血小板血漿（PRP）を用いた整形外科領域における軟部組織治療	PRP	価格確定	https://saiseiiryo.mhlw.go.jp/published_plan/download/01C2604046/5/0	D	IN_SCOPE
V41_01C2206044	01C2206044	V41F1A33B5FC80	神奈川県	横浜鶴ヶ峰病院付属予防医療クリニック	神奈川県横浜市旭区鶴ヶ峰2-82-1ココロットつるがみね5階	第三種	自家多血小板血漿（PRP）投与によるスポーツ外傷を含む筋肉、腱、靭帯損傷及び慢性炎症の治療(関節外の軟部組織）	PRP	価格確定	https://saiseiiryo.mhlw.go.jp/published_plan/download/01C2206044/5/0	A	IN_SCOPE
V41_02C1911221	02C1911221	V41FFA19E3C0DB	神奈川県	横濱松宮整形外科リハビリテーションクリニック	横浜市中区曙町2-19-1　曙町新井ビル1F	第三種	多血小板血漿（PRP）を用いた筋腱付着部炎、筋腱炎、靭帯損傷（関節外に限る）治療	PRP	価格確定	https://saiseiiryo.mhlw.go.jp/published_plan/download/02C1911221/5/0	B	IN_SCOPE
V41_03C2508002	03C2508002	V41FDD03FF8FC6	神奈川県	横須賀市立市民病院	横須賀市長坂1-3-2	第二種	多血小板血漿（PRP）を用いた変形性関節症の治療	PRP	価格確定	https://saiseiiryo.mhlw.go.jp/published_plan/download/03C2508002/5/0	C	IN_SCOPE
V41_02C1905075	02C1905075	V41F7EF461DC53	神奈川県	武蔵小杉整形外科	川崎市中原区小杉町1－403　武蔵小杉タワープレイス2階	第三種	自己多血小板血漿（Platelet Rich Plasma: PRP)を用いた結合組織修復療法	PRP	価格確定	https://saiseiiryo.mhlw.go.jp/published_plan/download/02C1905075/5/0	D	IN_SCOPE
V41_01C2512015	01C2512015	V41F4606A60852	神奈川県	池田整形外科 形成外科・美容外科	横浜市旭区本村町101番地第7パレス桜咲2階	第二種	変形性関節症を対象とした自家多血小板血漿（PRP）注入療法	PRP	価格確定	https://saiseiiryo.mhlw.go.jp/published_plan/download/01C2512015/5/0	B	IN_SCOPE
V41_01C2512016	01C2512016	V41F4606A60852	神奈川県	池田整形外科 形成外科・美容外科	横浜市旭区本村町101番地第7パレス桜咲2階	第三種	四肢の筋・腱・靱帯及びその付着部の傷害を対象とした自家多血小板血漿（PRP）注入療法	PRP	価格確定	https://saiseiiryo.mhlw.go.jp/published_plan/download/01C2512016/5/0	A	IN_SCOPE
V41_02C1911192	02C1911192	V41FAFB7EE1170	神奈川県	特定医療法人 社団育成社 佐々木病院	横浜市鶴見区下末吉1-13-8	第三種	自己多血小板血漿(PRP)を用いた筋・腱・靭帯等の軟部組織整形外科的治療	PRP	価格確定	https://saiseiiryo.mhlw.go.jp/published_plan/download/02C1911192/5/0	C	IN_SCOPE
V41_03C2412016	03C2412016	V41F51AD0B86C4	神奈川県	相模原協同病院	相模原市緑区橋本台4-3-1	第三種	多血小板血漿を用いた整形外科領域（関節腔内への投与を除く）の治療	PRP	価格確定	https://saiseiiryo.mhlw.go.jp/published_plan/download/03C2412016/5/0	D	IN_SCOPE
V41_02C2607021	02C2607021	V41F68AFC01601	神奈川県	社会福祉法人恩賜財団済生会　横浜市東部病院	横浜市鶴見区下末吉三丁目６番１号	第三種	多血小板血漿(PRP)の投与によるスポーツ外傷を含む筋、腱、靱帯損傷治療	PRP	価格確定	https://saiseiiryo.mhlw.go.jp/published_plan/download/02C2607021/5/0	A	IN_SCOPE
V41_03C2210001	03C2210001	V41FE24F405898	神奈川県	社会福祉法人聖隷福祉事業団　聖隷横浜病院	横浜市保土ケ谷区岩井町２１５	第二種	多血小板血漿抽出液による関節症治療	APS/PRP	価格確定	https://saiseiiryo.mhlw.go.jp/published_plan/download/03C2210001/5/0	B	IN_SCOPE
V41_01C2503019	01C2503019	V41FC526ECE3EC	神奈川県	羽沢よこはま国大整形外科リウマチ科・関節鏡クリニック	横浜市神奈川区羽沢南2-44-7 HAZAAR 4階	第二種	自家多血小板血漿（PRP）を用いた変形性関節症及び関節腔内の治療	PRP	価格確定	https://saiseiiryo.mhlw.go.jp/published_plan/download/01C2503019/5/0	C	IN_SCOPE
V41_01C2504013	01C2504013	V41F6C7AD09107	神奈川県	羽沢よこはま国大整形外科リウマチ科・関節鏡クリニック	神奈川県横浜市神奈川区羽沢南2-44-7 HAZAAR 4階	第三種	自家多血小板血漿（PRP）を用いた筋腱付着部およびスポーツ障害（筋・腱・靭帯）の治療	PRP	価格確定	https://saiseiiryo.mhlw.go.jp/published_plan/download/01C2504013/5/0	D	IN_SCOPE
V41_03C2305022	03C2305022	V41F1F85F83ADF	神奈川県	藤沢整形外科クリニック	藤沢市藤沢６１０－１　２Ｆ	第二種	多血小板血漿（PRP）による変形性関節症治療	PRP	価格確定	https://eishinkai-fujisawa.com/jointprp/	A	IN_SCOPE
V41_01C2403005	01C2403005	V41FD9FB4F1223	神奈川県	金沢八景整形外科	横浜市金沢区六浦1-14-12  金沢八景国際コミュニティプラザ1階104号	第三種	自家多血小板血漿(Platelet-rich plasma:PRP)を用いた筋肉、腱、靭帯、筋膜の損傷及び慢性炎症の治療（関節腔外に限る）	PRP	価格確定	https://saiseiiryo.mhlw.go.jp/published_plan/download/01C2403005/5/0	C	IN_SCOPE
V41_01C2403006	01C2403006	V41FD9FB4F1223	神奈川県	金沢八景整形外科	横浜市金沢区六浦1-14-12  金沢八景国際コミュニティプラザ1階104号	第二種	自家多血小板血漿（Platelet-rich plasma：PRP）を用いた慢性関節炎の治療（関節内組織）	PRP	価格確定	https://saiseiiryo.mhlw.go.jp/published_plan/download/01C2403006/5/0	B	IN_SCOPE
V41_01C2504023	01C2504023	V41F9E4A4011FC	神奈川県	開成くさやま整形外科リハビリクリニック	足柄上郡開成町みなみ4-5-7	第二種	自家多血小板血漿（Platelet-Rich Plasma：PRP）を用いた慢性関節炎の治療（関節内組織）	PRP	価格確定	https://saiseiiryo.mhlw.go.jp/published_plan/download/01C2504023/5/0	D	IN_SCOPE
V41_01C2504024	01C2504024	V41FAE82B9D2D7	神奈川県	開成くさやま整形外科リハビリクリニック	神奈川県足柄上郡開成町みなみ4-5-7	第三種	自家多血小板血漿（Platelet-Rich Plasma：PRP）を用いた筋肉、腱、靭帯、筋膜の損傷及び慢性炎症の治療（関節外の軟部組織）	PRP	価格確定	https://saiseiiryo.mhlw.go.jp/published_plan/download/01C2504024/5/0	A	IN_SCOPE
V41_01C2603054	01C2603054	V41F7C86178123	神奈川県	黒河内整形外科プラウドタワー相模大野クロスクリニック	相模原市南区相模大野4丁目4番3号201	第二種	変形性関節症を対象とした自家多血小板血漿（PRP）注入療法	PRP	価格確定	https://saiseiiryo.mhlw.go.jp/published_plan/download/01C2603054/5/0	C	IN_SCOPE
V41_01C2604032	01C2604032	V41F7C86178123	神奈川県	黒河内整形外科プラウドタワー相模大野クロスクリニック	相模原市南区相模大野4丁目4番3号201	第三種	四肢の筋・腱・靱帯及びその付着部の傷害を対象とした自家多血小板血漿（PRP）注入療法	PRP	価格確定	https://saiseiiryo.mhlw.go.jp/published_plan/download/01C2604032/5/0	B	IN_SCOPE
V41_01G2506020	01G2506020	V41F4643476442	福岡県	Tenjin Toya Clinic	福岡市中央区渡辺通五丁目24番32号　FPG links TENJIN MINAMI 5階	第二種	変形性関節症に対する脂肪組織由来幹細胞移植治療	脂肪由来幹細胞	価格確定	https://saiseiiryo.mhlw.go.jp/published_plan/download/01G2506020/5/0	A	IN_SCOPE
V41_01G2508001	01G2508001	V41F4643476442	福岡県	Tenjin Toya Clinic	福岡市中央区渡辺通五丁目24番32号　FPG links TENJIN MINAMI 5階	第二種	多血小板血漿（PRP）を用いた変形性関節症・関節炎治療	PRP	価格確定	https://saiseiiryo.mhlw.go.jp/published_plan/download/01G2508001/5/0	B	IN_SCOPE
V41_01G2508002	01G2508002	V41F4643476442	福岡県	Tenjin Toya Clinic	福岡市中央区渡辺通五丁目24番32号　FPG links TENJIN MINAMI 5階	第三種	多血小板血漿（PRP）を用いた筋肉、腱、靭帯、筋膜の損傷及び慢性炎症の治療（関節腔外に限る）	PRP	価格確定	https://saiseiiryo.mhlw.go.jp/published_plan/download/01G2508002/5/0	C	IN_SCOPE
V41_01G2508005	01G2508005	V41F4643476442	福岡県	Tenjin Toya Clinic	福岡市中央区渡辺通五丁目24番32号 FPG links TENJIN MINAMI 5階	第二種	変形性関節症に対する微小細断脂肪組織片を用いた疼痛緩和治療	MFAT	価格確定	https://saiseiiryo.mhlw.go.jp/published_plan/download/01G2508005/5/0	D	IN_SCOPE
V41_01G1906001	01G1906001	V41F71441C95AB	福岡県	とも整形外科スポーツクリニック	福岡市博多区豊1丁目4番32号	第三種	自家多血小板血漿(PRP)を用いた腱付着部炎・腱障害・筋 損傷・靭帯損傷(関節腔外に限る)治療	PRP	価格確定	https://saiseiiryo.mhlw.go.jp/published_plan/download/01G1906001/5/0	D	IN_SCOPE
V41_01G2001007	01G2001007	V41F71441C95AB	福岡県	とも整形外科スポーツクリニック	福岡市博多区豊1丁目4番32号	第二種	自家多血小板血漿（Platelet-rich plasma：PRP）を用いた慢性関節炎の治療（関節内組織）	PRP	価格確定	https://saiseiiryo.mhlw.go.jp/published_plan/download/01G2001007/5/0	A	IN_SCOPE
V41_01G2105006	01G2105006	V41F847C1F6851	福岡県	ガーデンクリニック 福岡院	福岡市中央区大名一丁目15番35号 247ビル5階	第三種	自家多血小板血漿（Platelet-rich plasma：PRP）を用いた筋肉、腱、靭帯、筋膜の損傷及び慢性炎症の治療（関節外の軟部組織）	PRP	価格確定	https://saiseiiryo.mhlw.go.jp/published_plan/download/01G2105006/5/0	B	IN_SCOPE
V41_01G2604009	01G2604009	V41F679F74286E	福岡県	シンセルクリニック福岡院	福岡市博多区博多駅前２丁目５−９ 歯臓ビル 3F	第二種	自己脂肪由来幹細胞を用いた変形性関節症の治療	脂肪由来幹細胞	価格確定	https://saiseiiryo.mhlw.go.jp/published_plan/download/01G2604009/5/0	C	IN_SCOPE
V41_03G2411009	03G2411009	V41F92C264516C	福岡県	セルメディカルチームジャパン	福岡市博多区博多駅前3丁目30-15  ライオンズマンション博多1階	第二種	脂肪組織由来再生（幹）細胞（ADRC)を用いた変形性関節症に対する治療	その他MSK	価格確定	https://saiseiiryo.mhlw.go.jp/published_plan/download/03G2411009/5/0	D	IN_SCOPE
V41_02G2310004	02G2310004	V41F47E93061AD	福岡県	ヴィヴィアン美容クリニック	福岡市中央区大名2-6-39 ジラソーレビル8F	第二種	自己脂肪由来幹細胞を用いた変形性関節症の治療	脂肪由来幹細胞	価格確定	https://saiseiiryo.mhlw.go.jp/published_plan/download/02G2310004/5/0	A	IN_SCOPE
V41_02G2604007	02G2604007	V41FEA102FF11B	福岡県	一般社団法人センチュリー再生医療機構  ザ センチュリークリニック	朝倉市板屋2番地1	第二種	脂肪組織由来再生(幹)細胞を含む間質血管細胞群(SVF)を用いた変形性関節症に対する治療(LipoCube版)	SVF	価格確定	https://saiseiiryo.mhlw.go.jp/published_plan/download/02G2604007/5/0	B	IN_SCOPE
V41_03G2603007	03G2603007	V41FEA102FF11B	福岡県	一般社団法人センチュリー再生医療機構   ザ センチュリークリニック	朝倉市板屋2番地1	第二種	自己脂肪由来幹細胞を用いた変形性関節症の治療	脂肪由来幹細胞	価格確定	https://saiseiiryo.mhlw.go.jp/published_plan/download/03G2603007/5/0	C	IN_SCOPE
V41_02G2201004	02G2201004	V41F6C0B010492	福岡県	医療法人 おおしま整形外科	朝倉市甘木2072-1	第二種	自己脂肪由来幹細胞を用いた慢性疼痛の治療	脂肪由来幹細胞	価格確定	https://saiseiiryo.mhlw.go.jp/published_plan/download/02G2201004/5/0	D	IN_SCOPE
V41_01G2302003	01G2302003	V41FCE7B54111A	福岡県	医療法人 桜康会 三宮整形外科医院	久留米市諏訪野町１７７５－２	第二種	変形性関節症に対する多血小板血漿（ＰＲＰ）関節内投与療法	PRP	価格確定	https://saiseiiryo.mhlw.go.jp/published_plan/download/01G2302003/5/0	B	IN_SCOPE
V41_01G2302004	01G2302004	V41FCE7B54111A	福岡県	医療法人 桜康会 三宮整形外科医院	久留米市諏訪野町１７７５－２	第三種	多血小板血漿を用いた整形外科領域（関節腔内への投与を除く）の治療	PRP	価格確定	https://sannomiya-seikei.com/	C	IN_SCOPE
V41_01G2505003	01G2505003	V41FA98159A45F	福岡県	医療法人NEO まなべ整形外科クリニック	福岡市西区愛宕4丁目14-22	第二種	自家多血小板血漿（Platelet-Rich Plasma：PRP）を用いた慢性関節炎の治療（関節内組織）	PRP	価格確定	https://saiseiiryo.mhlw.go.jp/published_plan/download/01G2505003/5/0	D	IN_SCOPE
V41_02G2002005	02G2002005	V41FA59EAF0927	福岡県	医療法人Yanaga CLinic	福岡市中央区天神1-2-12  メットライフ天神ビル3F	第二種	軟骨、骨の組織欠損、変形、又は低形成に対する自家培養軟骨細胞移植	その他MSK	価格確定	https://saiseiiryo.mhlw.go.jp/published_plan/download/02G2002005/5/0	A	IN_SCOPE
V41_02G2412004	02G2412004	V41FB26C6CB973	福岡県	医療法人　同信会　福岡整形外科病院	福岡市南区柳河内2-10-50	第二種	自家滑膜幹細胞注射による変形性膝関節症治療	滑膜幹細胞	価格確定	https://saiseiiryo.mhlw.go.jp/published_plan/download/02G2412004/5/0	A	IN_SCOPE
V41_03G2101003	03G2101003	V41F04A1DFA892	福岡県	医療法人かつの整形外科リハビリテーション科	福岡市西区福重4丁目7-6　2F	第二種	多血小板血漿（Platelet-rich plasma：PRP）を用いた整形外科疾患に対する治療	PRP	価格確定	https://saiseiiryo.mhlw.go.jp/published_plan/download/03G2101003/5/0	B	IN_SCOPE
V41_03G2101004	03G2101004	V41F04A1DFA892	福岡県	医療法人かつの整形外科・リハビリテーション科	福岡市西区福重4丁目7-6　2F	第三種	多血小板血漿（Platelet-rich plasma：PRP）を用いた筋、腱、靭帯損傷、肩腱板損傷に対する治療	PRP	価格確定	https://saiseiiryo.mhlw.go.jp/published_plan/download/03G2101004/5/0	C	IN_SCOPE
V41_01G1909002	01G1909002	V41FF97AA58D45	福岡県	医療法人オアシス　福岡志恩病院	小郡市美鈴が丘一丁目５番３	第三種	多血小板血漿(PRP)の投与によるスポーツ外傷を含む筋、腱、靱帯損傷治療	PRP	価格確定	https://saiseiiryo.mhlw.go.jp/published_plan/download/01G1909002/5/0	D	IN_SCOPE
V41_01G2011006	01G2011006	V41FDFE1A31048	福岡県	医療法人一寿会西尾病院	直方市津田町9番38号	第三種	自家多血小板血漿（Platelet-rich plasma：PRP）を用いた筋肉、腱、靭帯、筋膜の損傷及び慢性炎症の治療（関節外の軟部組織）	PRP	価格確定	https://saiseiiryo.mhlw.go.jp/published_plan/download/01G2011006/5/0	A	IN_SCOPE
V41_02G1904001	02G1904001	V41FC0B9D558DC	福岡県	医療法人前川整形外科医院	北九州市八幡西区浅川学園台3-10-8	第三種	多血小板血漿(platelet rich plasma)治療	PRP	未確認	https://maekawa1998.com/	B	IN_SCOPE
V41_01G2002004	01G2002004	V41F167802D210	福岡県	医療法人社団サンセール会　SCクリニック福岡	福岡市東区松島6丁目14番12号	第二種	自家脂肪由来間葉系幹細胞を用いた変形性膝関節症の治療	脂肪由来幹細胞	未確認	https://saiseiiryo.mhlw.go.jp/published_plan/download/01G2002004/5/0	C	IN_SCOPE
V41_02G2606005	02G2606005	V41FE5847E3F4E	福岡県	医療法人福岡聖友会福岡セントフレンズクリニック	福岡市中央区地行浜2-2-3ヒルトン福岡シーホーク4F	第二種	自己脂肪組織由来間葉系幹細胞による変形性関節症治療	脂肪由来幹細胞	価格確定	https://saiseiiryo.mhlw.go.jp/published_plan/download/02G2606005/5/0	D	IN_SCOPE
V41_03G2502010	03G2502010	V41F2C5087FA36	福岡県	医療法人秀英会　新庄整形外科医院	北九州市若松区東二島4-4-1	第二種	PRP（自家多血小板血漿抽出液）を用いた慢性関節炎の治療（関節内組織）	APS/PRP	価格確定	https://saiseiiryo.mhlw.go.jp/published_plan/download/03G2502010/5/0	A	IN_SCOPE
V41_01G2506018	01G2506018	V41F4584C1F0DD	福岡県	医療法人笑運舎　戸畑駅Fプラス整形外科	北九州市戸畑区汐井町1-1 戸畑駅2F	第二種	自家多血小板血漿（Platelet-Rich Plasma：PRP）を用いた慢性関節炎の治療（関節内組織）	PRP	価格確定	https://saiseiiryo.mhlw.go.jp/published_plan/download/01G2506018/5/0	B	IN_SCOPE
V41_01G2506019	01G2506019	V41F4584C1F0DD	福岡県	医療法人笑運舎　戸畑駅Fプラス整形外科	北九州市戸畑区汐井町1-1 戸畑駅2F	第三種	自家多血小板血漿（Platelet-Rich Plasma：PRP）を用いた筋肉、腱、靭帯、筋膜の損傷及び慢性炎症の治療（関節外の軟部組織）	PRP	価格確定	https://saiseiiryo.mhlw.go.jp/published_plan/download/01G2506019/5/0	C	IN_SCOPE
V41_01G2603002	01G2603002	V41FCC5FECF976	福岡県	学校法人 国際志学園　ZERO100クリニック	北九州市小倉北区馬借1-1-2	第二種	変形性関節症に対する多血小板血漿（PRP）関節内投与療法	PRP	価格確定	https://saiseiiryo.mhlw.go.jp/published_plan/download/01G2603002/5/0	D	IN_SCOPE
V41_03G2403004	03G2403004	V41FC7A655E44B	福岡県	産業医科大学若松病院	北九州市若松区浜町1-17-1	第三種	整形外科領域における多血小板血漿(PRP)療法	PRP	価格非公開	https://saiseiiryo.mhlw.go.jp/published_plan/download/03G2403004/5/0	A	IN_SCOPE
V41_01C2104018	01C2104018	V41FA66506F148	群馬県	あさくらスポーツリハビリテーションクリニック	前橋市朝倉町２４９－１	第三種	下肢の靭帯、筋腱付着部およびスポーツ傷害（筋・腱・靭帯）を対象とした自家多血小板血漿(自家PRP)注入療法	PRP	価格確定	https://saiseiiryo.mhlw.go.jp/published_plan/download/01C2104018/5/0	B	IN_SCOPE
V41_01C2206015	01C2206015	V41F439538D391	群馬県	医療法人山本整形外科医院	前橋市西片貝町1-200	第三種	四肢の靭帯、筋腱付着部およびスポーツ傷害（筋・腱・靭帯）を対象とした自家多血小板血漿（PRP）注入療法	PRP	価格確定	https://yamamoto-orth.com/information/self-paid/	C	IN_SCOPE
V41_02C1910156	02C1910156	V41FB509DC04F2	群馬県	医療法人石井会　石井病院	伊勢崎市波志江１１５２	第二種	変形性関節症に対する自己脂肪組織由来間葉系前駆細胞移植による治療	脂肪由来幹細胞	価格確定	https://saiseiiryo.mhlw.go.jp/published_plan/download/02C1910156/5/0	D	IN_SCOPE
V41_01C2207022	01C2207022	V41FF525DA5E0E	群馬県	医療法人秀躍会　もぎ整形外科クリニック	高崎市井野町800－11	第二種	変形性関節症および関節腔の傷害を対象とした自家多血小板血漿（PRP）注入療法	PRP	価格確定	https://saiseiiryo.mhlw.go.jp/published_plan/download/01C2207022/5/0	B	IN_SCOPE
V41_01C2207023	01C2207023	V41FF525DA5E0E	群馬県	医療法人秀躍会　もぎ整形外科クリニック	高崎市井野町800－11	第三種	四肢の靭帯、筋腱付着部およびスポーツ傷害（筋・腱・靭帯）を対象とした自家多血小板血漿（PRP）注入療法	PRP	価格確定	https://saiseiiryo.mhlw.go.jp/published_plan/download/01C2207023/5/0	A	IN_SCOPE
V41_01C1906015	01C1906015	V41FBEAA3D4434	群馬県	慶友整形外科クリニック	館林市羽附町1741	第二種	自家多血小板血漿（Platelet-rich plasma：PRP）を用いた関節内組織損傷に対する治療	PRP	価格確定	https://saiseiiryo.mhlw.go.jp/published_plan/download/01C1906015/5/0	D	IN_SCOPE
V41_01C1910017	01C1910017	V41FBEAA3D4434	群馬県	慶友整形外科クリニック	館林市羽附町1741	第三種	小白血球多血小板血漿（leukocyte poor PRP：LP-PRP）を用いた膝蓋腱炎、上腕骨外側顆炎、腱板炎、足底筋膜炎、靭帯損傷、腱鞘炎の修復	PRP	価格確定	https://saiseiiryo.mhlw.go.jp/published_plan/download/01C1910017/5/0	C	IN_SCOPE
V41_02C2304008	02C2304008	V41FBEAA3D4434	群馬県	慶友整形外科クリニック	館林市羽附町1741	第三種	高白血球多血小板血漿（leukocyte rich PRP：LR-PRP）を用いた膝蓋腱炎、上腕骨外側顆炎、腱板炎、足底筋膜炎、靭帯損傷、腱鞘炎の修復	PRP	価格確定	https://www.ku-kai.or.jp/html/ko.php	A	IN_SCOPE
V41_01C2412022	01C2412022	V41FD3E55D4CC7	群馬県	石井病院	伊勢崎市波志江町１１５２	第二種	変形性関節症に対する自己脂肪・滑膜由来培養間葉系幹細胞の関節内投与療法	滑膜幹細胞/脂肪由来幹細胞	価格確定	https://saiseiiryo.mhlw.go.jp/published_plan/download/01C2412022/5/0	B	IN_SCOPE
V41_01C2605018	01C2605018	V41FA330B325D2	群馬県	社会医療法人慶友会　慶友整形外科クリニック	館林市羽附町1741	第三種	自家多血小板血漿（Platelet-Rich Plasma：PRP）を用いた筋肉、腱、靭帯、筋膜の損傷及び慢性炎症の治療（関節外の軟部組織）	PRP	価格確定	https://saiseiiryo.mhlw.go.jp/published_plan/download/01C2605018/5/0	C	IN_SCOPE
V41_01C2605017	01C2605017	V41F8DDE7D0B29	群馬県	社会医療法人社団慶友会　慶友整形外科クリニック	館林市羽附町1741	第二種	自家多血小板血漿（Platelet-rich plasma：PRP）を用いた関節内組織損傷に対する治療	PRP	価格確定	https://saiseiiryo.mhlw.go.jp/published_plan/download/01C2605017/5/0	D	IN_SCOPE
V41_01C2407019	01C2407019	V41FAB7C34ED9D	茨城県	すずらん整形＆ラボ	つくば市東平塚７２７－１	第三種	自家多血小板血漿(Platelet-rich plasma：PRP)を用いた筋肉、腱、靭帯、筋膜の損傷及び慢性炎症の治療（関節腔外に限る）	PRP	価格確定	https://saiseiiryo.mhlw.go.jp/published_plan/download/01C2407019/5/0	A	IN_SCOPE
V41_03C2311001	03C2311001	V41F897007AA88	茨城県	アントラーズスポーツクリニック	鹿嶋市神向寺後山26-2	第二種	変形性関節症及び関節腔を対象とした自家多血小板血漿注入療法	PRP	価格確定	https://saiseiiryo.mhlw.go.jp/published_plan/download/03C2311001/5/0	C	IN_SCOPE
V41_03C2311002	03C2311002	V41F897007AA88	茨城県	アントラーズスポーツクリニック	鹿嶋市神向寺後山26-2	第三種	四肢の靱帯、筋腱付着部およびスポーツ傷害（筋・腱・靭 帯）を対象とした自己多血小板血漿注入療法	PRP	未確認	https://www.antlerssc.com/	B	IN_SCOPE
V41_03C2305020	03C2305020	V41F16882C964C	茨城県	医療法人ここの実会  嶋崎病院	日立市会瀬町３丁目２３番１号	第二種	多血小板血漿（PRP）による変形性関節症治療	PRP	価格確定	https://saiseiiryo.mhlw.go.jp/published_plan/download/03C2305020/5/0	D	IN_SCOPE
V41_02C2603010	02C2603010	V41F218BB24527	茨城県	医療法人健佑会いちはら病院	つくば市大曽根3681	第三種	多血小板血漿(PRP)の投与によるスポーツ外傷を含む筋、腱、靱帯損傷治療	PRP	価格確定	https://saiseiiryo.mhlw.go.jp/published_plan/download/02C2603010/5/0	A	IN_SCOPE
V41_02C2408099	02C2408099	V41F61AB80B39E	茨城県	医療法人社団　筑波記念会　筑波記念病院	茨城県つくば市要1187-299	第三種	自家多血小板血漿（PRP）を用いた腱付着部炎・腱障害・筋損傷・靭帯損傷（関節外に限る）治療	PRP	価格確定	https://saiseiiryo.mhlw.go.jp/published_plan/download/02C2408099/5/0	B	IN_SCOPE
V41_02C2409071	02C2409071	V41F61AB80B39E	茨城県	医療法人社団　筑波記念会　筑波記念病院	茨城県つくば市要1187-299	第二種	自家多血小板血漿（Platelet-rich plasma：PRP）を用いた関節内組織損傷に対する治療	PRP	価格確定	https://saiseiiryo.mhlw.go.jp/published_plan/download/02C2409071/5/0	C	IN_SCOPE
V41_01G2311007	01G2311007	V41F359490247A	長崎県	チカラ整形外科スポーツリウマチクリニック	諫早市新道町68-1	第三種	自家多血小板血漿（Platelet-rich plasma：PRP）を用いた筋肉、腱、靭帯、筋膜の損傷及び慢性炎症の治療（関節外の軟部組織）	PRP	価格確定	https://saiseiiryo.mhlw.go.jp/published_plan/download/01G2311007/5/0	D	IN_SCOPE
V41_01G1906006	01G1906006	V41F73CFA69FEE	長崎県	医療法人増田整形外科	佐世保市高砂町４－２１	第三種	多血小板血漿を用いた靭帯・腱及び腱付着部の機能障害・疾患の治療	PRP	価格確定	https://saiseiiryo.mhlw.go.jp/published_plan/download/01G1906006/5/0	A	IN_SCOPE
V41_03G2305005	03G2305005	V41F2269D6950F	長崎県	社会医療法人財団白十字会　佐世保中央病院	佐世保市大和町１５番地	第二種	多血小板血漿抽出液による関節症治療	APS/PRP	価格確定	https://saiseiiryo.mhlw.go.jp/published_plan/download/03G2305005/5/0	B	IN_SCOPE
V41_01D2507005	01D2507005	V41F982873906E	静岡県	ばんどう整形外科・ファミリークリニック	掛川市成滝480-5	第三種	自家多血小板血漿（Platelet-Rich Plasma：PRP）を用いた筋肉、腱、靭帯、筋膜の損傷及び慢性炎症の治療（関節外の軟部組織）	PRP	価格確定	https://saiseiiryo.mhlw.go.jp/published_plan/download/01D2507005/5/0	C	IN_SCOPE
V41_01D2511004	01D2511004	V41F959067BB24	静岡県	みしま痛み＆リハビリクリニック	三島市広小路町9番16号クボタビル1階	第三種	自己多血小板血漿(PRP)を用いた筋・腱・靭帯の損傷及び慢性炎症に対する治療	PRP	価格確定	https://saiseiiryo.mhlw.go.jp/published_plan/download/01D2511004/5/0	D	IN_SCOPE
V41_02D2403002	02D2403002	V41FCC73DFCA70	静岡県	伊豆高原メディカル　たかやなぎ整形外科	伊東市八幡野1191-6	第三種	自家多血小板血漿（Platelet-rich plasma：PRP）を用いた筋肉、腱、靭帯、筋膜の損傷及び慢性炎症の治療（関節外の軟部組織）	PRP	価格確定	https://saiseiiryo.mhlw.go.jp/published_plan/download/02D2403002/5/0	A	IN_SCOPE
V41_01D2504007	01D2504007	V41FDBFDA5FF58	静岡県	医療法人社団志隆　ふくだ整形外科リウマチ科	静岡市葵区昭府2丁目18-38	第二種	変形性関節症に対する多血小板血漿（ＰＲＰ）関節内投与療法	PRP	価格確定	https://saiseiiryo.mhlw.go.jp/published_plan/download/01D2504007/5/0	B	IN_SCOPE
V41_03D2510005	03D2510005	V41F4BB55A795D	静岡県	医療法人社団明徳会 十全記念病院	浜松市浜名区小松1700	第三種	多血小板血漿(PRP)の投与によるスポーツ外傷を含む筋、腱、靱帯損傷治療	PRP	価格確定	https://saiseiiryo.mhlw.go.jp/published_plan/download/03D2510005/5/0	C	IN_SCOPE
V41_03F2505004	03F2505004	V41F2AAA31D23B	香川県	医療法人弘仁会　三条整形外科スポーツクリニック	高松市三条町482番地1	第三種	自己多血小板血漿（ＰＲＰ）を用いた整形外科療法	PRP	未確認	http://www.sanjo-hp.net/	D	IN_SCOPE
V41_03F2309003	03F2309003	V41F885987A792	香川県	香川県厚生農業協同組合連合会　屋島総合病院	高松市屋島西町2105番17	第三種	自家多血小板血漿（Platelet-rich plasma：PRP）を用いた筋肉、腱、靭帯、筋膜の損傷及び慢性炎症の治療（関節外の軟部組織）	PRP	価格確定	https://saiseiiryo.mhlw.go.jp/published_plan/download/03F2309003/5/0	A	IN_SCOPE
V41_01F2203002	01F2203002	V41FD1DDD9FC1D	香川県	高松南整形外科スポーツクリニック	高松市三名町65番	第三種	自家多血小板血漿（Platelet-rich plasma：PRP）を用いた筋肉、腱、靭帯、筋膜の損傷及び慢性炎症の治療（関節外の軟部組織）	PRP	価格確定	https://saiseiiryo.mhlw.go.jp/published_plan/download/01F2203002/5/0	B	IN_SCOPE
V41_03F2505002	03F2505002	V41F1DF1E2DEB4	高知県	医療法人緑風会　海里マリン病院	高知市仁井田１６１７－５	第三種	多血小板血漿を用いた靭帯・腱及び腱付着部の機能障害・疾患の治療	PRP	価格確定	https://saiseiiryo.mhlw.go.jp/published_plan/download/03F2505002/5/0	C	IN_SCOPE
V41_01F2604004	01F2604004	V41FCFE89C6D69	鳥取県	医療法人YSOC　米子南整形外科クリニック	米子市道笑町４丁目122番地2	第三種	多血小板血漿を用いた整形外科領域（関節腔内への投与を除く）の治療	PRP	価格確定	https://saiseiiryo.mhlw.go.jp/published_plan/download/01F2604004/5/0	D	IN_SCOPE
V41_03F2509001	03F2509001	V41F1D47F7B5E4	鳥取県	鳥取大学医学部附属病院	米子市西町36番地1	第三種	自己多血小板血漿（Platelet-rich plasma：PRP）を用いた整形外科領域における軟部組織治療	PRP	価格確定	https://saiseiiryo.mhlw.go.jp/published_plan/download/03F2509001/5/0	A	IN_SCOPE
V41_02G2405005	02G2405005	V41F27DA18A83E	鹿児島県	医療法人　慈圭会　八反丸リハビリテーション病院	鹿児島市下竜尾町3番28号	第三種	自己多血小板血漿(PRP)を用いた筋・腱・靱帯等の軟部組織  再生治療	PRP	価格確定	https://saiseiiryo.mhlw.go.jp/published_plan/download/02G2405005/5/0	B	IN_SCOPE
V41_01G2607001	01G2607001	V41F95CF23CB49	鹿児島県	医療法人七徳会 大井病院	姶良市加治木町本町141番地	第二種	自家多血小板血漿（PRP）を用いた関節内組織損傷に対する治療	PRP	価格確定	https://saiseiiryo.mhlw.go.jp/published_plan/download/01G2607001/5/0	C	IN_SCOPE
V41_01G2406010	01G2406010	V41F04E31ABAD7	鹿児島県	医療法人吉祥会 吉井整形外科内科中央病院	出水市平和町336番地	第二種	自家多血小板血漿（Platelet-rich plasma：PRP）を用いた慢性関節炎の治療（関節内組織）	PRP	価格確定	https://saiseiiryo.mhlw.go.jp/published_plan/download/01G2406010/5/0	D	IN_SCOPE
V41_01G2404012	01G2404012	V41F04E31ABAD7	鹿児島県	医療法人吉祥会　吉井整形外科内科中央病院	出水市平和町336番地	第三種	自家多血小板血漿(Platelet-rich plasma:PRP)を用いた筋 肉、腱、靭帯、筋膜の損傷及び慢性炎症の治療(関節腔外に 限る)	PRP	価格確定	https://kisshokai.com/prp%E7%99%82%E6%B3%95%E3%81%AB%E3%81%A4%E3%81%84%E3%81%A6/	A	IN_SCOPE
V41_01G2308005	01G2308005	V41F4ABABC9BF3	鹿児島県	鹿児島中央整形外科スポーツクリニック	鹿児島市中央町24番12号	第三種	自家多血小板血漿（Platelet-rich plasma：PRP）を用いた筋肉、腱、靭帯、筋膜の損傷及び慢性炎症の治療（関節外の軟部組織）	PRP	価格確定	https://saiseiiryo.mhlw.go.jp/published_plan/download/01G2308005/5/0	B	IN_SCOPE
